Price,Close,High,Low,Open,Volume
Ticker,AI.PA,AI.PA,AI.PA,AI.PA,AI.PA
Date,,,,,
2000-01-03,12.571454048156738,13.283886566116928,11.54733311520211,12.467557576855764,9845866
2000-01-10,12.71987533569336,12.93509014244629,11.898353120006437,12.690190775877731,8832240
2000-01-17,11.139167785644531,12.74956090008074,11.131746895414418,12.719875341343563,10296128
2000-01-24,11.636387825012207,11.755126078763038,11.35438297399126,11.539912244658295,8428379
2000-01-31,11.948074340820312,12.096497134409647,11.391486617316575,11.658648644685703,5940154
2000-02-07,10.909113883972168,12.022289646685046,10.76069104828895,11.948077729389132,5901791
2000-02-14,10.434157371520996,11.205957934455054,10.434157371520996,11.087219693667775,6261637
2000-02-21,10.94621753692627,11.243064131129497,10.463841696482481,10.478684475701401,6498542
2000-02-28,10.374789237976074,10.983325277165687,10.166996297924722,10.94621882420882,10459210
2000-03-06,9.847884178161621,10.716161232066352,9.84788417816162,10.500946441823336,7773556
2000-03-13,10.560318946838379,10.983325735625998,9.58814622088744,9.996310228091058,7729873
2000-03-20,10.923955917358398,10.998167829561657,10.107627879848186,10.411895421300441,6175590
2000-03-27,10.768108367919922,11.146587721983636,10.619685581477425,11.035270382424693,7007412
2000-04-03,11.295011520385742,11.577015314406479,10.627106483352053,10.983323169042206,5623674
2000-04-10,11.11690616607666,11.280171774696571,10.463843731597022,10.923955992153909,5341334
2000-04-17,10.901690483093262,11.124326183745525,10.545474760521373,10.612265770389564,3134268
2000-04-24,10.641949653625488,11.22822093099034,10.582580536792126,10.901689789498528,8029952
2000-05-01,10.864584922790527,10.923954042801945,10.619686553562158,10.627107443836492,6430859
2000-05-08,10.88868236541748,11.885426960654616,10.798069497595284,11.130317696007662,8522887
2000-05-15,11.100115776062012,11.417262434771368,10.949094283627534,11.09256495553978,5197060
2000-05-22,10.926440238952637,11.719305828205329,10.835827348191673,11.160524810582519,10241317
2000-05-29,11.364401817321777,11.439913052860872,10.926438074151825,11.017051963357828,10687329
2000-06-05,10.843377113342285,11.500322794338645,10.760315050793245,11.470118500356978,9779417
2000-06-12,11.168073654174805,11.376277807805247,10.599486408280601,10.872044758321355,5732403
2000-06-19,10.74333667755127,11.426246932745883,10.676711957905328,11.234698698208188,4815629
2000-06-26,11.376279830932617,11.376279830932617,10.843276899033867,10.884917737165251,6703134
2000-07-03,11.326311111450195,11.642780872101604,10.918230690974678,11.284670273015657,5987940
2000-07-10,11.076464653015137,11.45123215061604,10.99318196779658,11.44290316873467,3056447
2000-07-17,11.159747123718262,11.30965454120031,11.009839706236212,11.193058977305299,4010559
2000-07-24,11.193060874938965,11.401265090581662,11.059810380744693,11.168076980513003,7664318
2000-07-31,11.459561347961426,11.61779673447899,11.15974752139849,11.20138733986613,4454610
2000-08-07,11.676093101501465,11.74271884694937,11.3263104856127,11.534514666281035,3840799
2000-08-14,11.959253311157227,12.217427360540555,11.642782487511063,11.742721125071307,3917639
2000-08-21,11.959253311157227,12.067519913742835,11.376281492187667,11.909284501919753,4683726
2000-08-28,12.04253101348877,12.067515919380119,11.617794746930521,11.959249352630879,8061618
2000-09-04,11.53451156616211,12.375656026171622,11.301322538853514,11.96757573792399,10657299
2000-09-11,11.326311111450195,11.834329136534546,11.326311111450195,11.576156142057432,11346548
2000-09-18,10.993185997009277,11.38461058275249,10.593434464502751,11.293000920245916,10615039
2000-09-25,11.068140983581543,11.20971946329323,10.843279786345702,11.143093696908073,5692616
2000-10-02,11.309654235839844,11.326310162183653,10.73500949070242,10.776650325647012,5407177
2000-10-09,11.143088340759277,11.234697961190804,10.368569529018263,11.20971407511944,6670185
2000-10-16,10.660057067871094,11.126434227018517,10.410212051997286,11.043152555060582,5412560
2000-10-23,10.526802062988281,11.101445611464351,10.485161240911534,10.660053508901676,9630164
2000-10-30,11.742718696594238,11.900954075693129,10.57677529978044,10.618416135380931,8245525
2000-11-06,11.767704010009766,11.967579212493185,11.459561204525112,11.809343827956212,5932922
2000-11-13,11.992562294006348,12.042531087009152,11.426246589081321,11.551169081130816,5635325
2000-11-20,12.234082221984863,12.325691867432651,11.826001780533582,11.950924302258349,8606256
2000-11-27,12.533894538879395,12.742098716315011,12.084173311801445,12.159127019495282,17180430
2000-12-04,12.525568962097168,12.90866451775293,12.084175614200898,12.425631345520978,7632119
2000-12-11,12.767080307006836,12.842034001202698,12.03420234586425,12.492251453735202,9303473
2000-12-18,12.900334358215332,13.033584830676096,12.517238867733722,12.583863594421553,9244438
2000-12-25,13.233461380004883,13.241789343663585,12.667145584021299,12.900334680975746,2521253
2001-01-01,13.15850830078125,13.233462015479127,12.492254870729314,13.233462015479127,6205857
2001-01-08,12.675471305847168,13.491630897050573,12.675471305847168,13.14184836068981,12668259
2001-01-15,12.458939552307129,12.825379070796748,12.32568909624317,12.67547268988166,6252047
2001-01-22,12.175783157348633,12.500581883601606,12.117486394289038,12.408972247757204,6467943
2001-01-29,11.992562294006348,12.325688939471666,11.817671008954049,12.034203124689512,11416741
2001-02-05,12.350675582885742,12.392317441947608,11.834329574809072,11.90928329058412,8262872
2001-02-12,12.758755683898926,12.783740594863822,12.109158189663264,12.325691367131927,6014963
2001-02-19,12.417301177978516,12.89200735918065,12.192441052572628,12.592192499859227,6798026
2001-02-26,13.150181770324707,13.158509735291217,12.167457446229724,12.325692856934548,17724452
2001-03-05,13.325072288513184,14.740861913419518,12.991945557731746,13.283431447165503,27311647
2001-03-12,12.908661842346191,13.791448355175305,12.758754429465949,13.325070190252353,6422950
2001-03-19,12.883676528930664,13.208474189130557,12.467268227048802,13.091880679871597,8561181
2001-03-26,13.275104522705078,13.383371126324906,12.59219405965174,12.908664886321008,9402952
2001-04-02,13.533271789550781,13.574912616419386,12.908659386521729,13.316739693651018,9284041
2001-04-09,13.824760437011719,14.157886077220008,13.375039243148771,13.566586460791411,7934996
2001-04-16,13.824760437011719,14.29946551887066,13.266772671244448,13.824760437011719,10950841
2001-04-23,13.841419219970703,13.982997671765911,13.250118462380186,13.524948420671137,10236891
2001-04-30,14.074604988098145,14.232839331009696,13.48330437121192,13.858071851110807,13691769
2001-05-07,14.050071716308594,14.389240526955804,13.736339943918606,14.2620522229631,6555624
2001-05-14,14.669055938720703,14.711453082723256,13.744820610955172,14.05855242110495,9615864
2001-05-21,14.033121109008789,14.652104976441372,14.01616307328577,14.55035468696427,4892988
2001-05-28,13.880491256713867,14.312931405702608,13.744822863834205,14.058554725406978,5517242
2001-06-04,13.439570426940918,14.024636971793615,13.439570426940918,13.88049060805661,5315827
2001-06-11,13.904105186462402,14.108202305624209,13.57244749790018,13.57244749790018,13946644
2001-06-18,13.5979585647583,13.946623875478732,13.368349980787812,13.861583505029573,7563705
2001-06-25,14.431353569030762,14.431353569030762,13.359844146281636,13.43638068227879,9632460
2001-07-02,13.946622848510742,14.405841023242509,13.555437381370911,14.405841023242509,7133634
2001-07-09,14.108201026916504,14.108201026916504,13.436381880844023,13.946624112199485,7669996
2001-07-16,13.989140510559082,14.201741382728429,13.538426245317932,14.099693380329274,6716536
2001-07-23,13.725516319274902,13.904100852650783,13.019680972354292,13.793549017992087,11974184
2001-07-30,13.359845161437988,13.853079728137933,13.138740405560828,13.478901888635107,8683634
2001-08-06,13.096220016479492,13.478901678985872,12.934643106411238,13.283308413018156,7692001
2001-08-13,12.866610527038574,13.351340182423503,12.841098001763363,13.223779637258467,6630506
2001-08-20,13.563943862915039,13.606464053326004,12.841100625928632,12.85810828585073,5801813
2001-08-27,13.223779678344727,13.827567093152933,13.070706607428884,13.521420951321247,17547069
2001-09-03,13.087713241577148,13.41937081588013,12.926136367880275,13.351338119395546,8680817
2001-09-10,12.118254661560059,13.121731345654705,11.148794330259474,12.926138097542966,11998249
2001-09-17,11.140289306640625,12.585975300091134,11.06375278121923,11.650530381370723,17076081
2001-09-24,13.096220016479492,13.266300755371217,11.182810663342016,11.225330848064946,12306918
2001-10-01,13.334334373474121,13.563942970341683,12.43290556359548,13.053700718986521,9897634
2001-10-08,13.6489839553833,13.878593603115123,12.815587824692741,13.070708961768744,8638533
2001-10-15,13.436382293701172,13.819063978976356,13.053700608425988,13.36835061846008,7196308
2001-10-22,13.793551445007324,14.01465619383412,13.062203447233632,13.240788012031985,7823255
2001-10-29,12.841099739074707,13.64047947171387,12.492434409906057,13.60646311361325,14277434
2001-11-05,12.951651573181152,13.283308175607907,12.602985232200306,13.011179414487092,8615789
2001-11-12,13.512921333312988,13.734026139721546,12.628501067072923,12.815589509278817,7598360
2001-11-19,13.776543617248535,13.946624364105714,13.529926326184496,13.572446512898791,6065178
2001-11-26,13.478899955749512,13.929614272432358,12.968657804307247,13.700004679920069,21428065
2001-12-03,13.31732177734375,13.759532223488401,13.138737249745393,13.291809255998837,8248476
2001-12-10,12.943146705627441,13.393859995095116,12.94314670562744,13.334332158567182,7830211
2001-12-17,13.351338386535645,13.529922917624196,12.815583752664624,12.951649148356253,7088925
2001-12-24,13.385356903076172,13.691502011748574,13.138739634204736,13.189764686154751,2942797
2001-12-31,13.614968299865723,13.810560542427975,13.28330958113454,13.385358657806984,4490397
2002-01-07,12.926138877868652,13.776542546029967,12.832594682492017,13.614966681563757,12165468
2002-01-14,13.011176109313965,13.03668758884784,12.739047417320831,12.926135762990448,7447693
2002-01-21,13.249293327331543,13.40236641122905,12.798578945215462,12.926139501594852,6465125
2002-01-28,13.478899955749512,13.648980672896933,12.798577087159824,13.206771224555816,13528340
2002-02-04,13.419370651245117,13.640475351199374,13.18125725707571,13.52141865411467,9669183
2002-02-11,13.538429260253906,13.657487023908669,13.317324512080004,13.351340867323426,7236064
2002-02-18,13.5979585647583,13.606462393682099,13.104723999910945,13.478901838008362,7633717
2002-02-25,14.210248947143555,14.312298016989487,13.325828878173494,13.606462519492803,11601032
2002-03-04,14.533398628234863,14.575919842328464,14.133709413687052,14.201741066905132,12766570
2002-03-11,14.38883113861084,14.456862795062905,13.810556335438825,14.320798441553418,11111311
2002-03-18,14.108201026916504,14.507891399174984,13.946624112199485,14.371827012267984,7151783
2002-03-25,14.00615406036377,14.354819403476096,13.972137700902781,14.11670696846056,6871196
2002-04-01,14.235762596130371,14.329307844342589,14.006153991950193,14.006153991950193,6401523
2002-04-08,14.235762596130371,14.380331862981997,14.082690540212148,14.159226047868417,6432188
2002-04-15,14.601431846618652,14.618439500382852,14.006149396396895,14.295286794625676,8460156
2002-04-22,14.176230430603027,14.797025416708962,14.031661207778377,14.558912014765635,15785506
2002-04-29,14.261275291442871,14.66946848590628,14.057178173908316,14.1252108932884,15553067
2002-05-06,14.304292678833008,14.729086942707928,14.009537410379547,14.61638711650376,10514931
2002-05-13,14.772427558898926,14.945812819042862,14.243602727624655,14.26094082930959,8414700
2002-05-20,14.625051498413086,14.945813826981976,14.564366016775917,14.867791303314318,6090653
2002-05-27,14.685734748840332,14.876459169155353,14.47767222705287,14.703072850312774,14956836
2002-06-03,14.208927154541016,14.711744893131957,14.000864605440498,14.616383200867821,7068959
2002-06-10,13.914169311523438,14.7290801879442,13.801468476179876,14.390979803560654,15374947
2002-06-17,14.268529891967773,15.185304495854766,14.141742343678164,14.161247712328919,15862353
2002-06-24,15.19505500793457,15.195055007934572,13.956434085437433,14.278280567109006,13698497
2002-07-01,15.507149696350098,15.546160427615924,14.88296208374118,15.195055359633782,11785427
2002-07-08,14.405068397521973,15.604678615028567,14.141740127472602,15.429125020564035,11123187
2002-07-15,13.644344329833984,14.463590034039495,13.098180173422323,14.434330387498186,14438378
2002-07-22,12.854352951049805,13.82964447611663,11.859553940596811,13.74186874805595,16007587
2002-07-29,13.156698226928711,14.385567396036704,12.727569445440082,12.893368816170131,13428310
2002-08-05,14.375810623168945,14.375810623168945,12.103378650237685,12.942130634189148,15830759
2002-08-12,14.092978477478027,14.434330412819145,13.459037501978294,14.141743494308459,5861847
2002-08-19,14.405068397521973,14.531855925942233,13.849152217796666,14.141740127472602,7806840
2002-08-26,13.78088092803955,14.51234959262957,13.185951935150133,14.258773491874411,9351926
2002-09-02,13.449283599853516,13.771130123140459,12.708061593114328,13.771130123140459,8949335
2002-09-09,12.620284080505371,13.673600398177081,12.600778713892824,13.351752832068037,8069973
2002-09-16,11.703509330749512,13.254223603669853,11.537708944259542,12.805589572607497,11253425
2002-09-23,12.893362998962402,12.932374785207731,10.884261841857574,11.80103616656389,14269933
2002-09-30,12.1423921585083,13.146942465389946,11.723015613558523,12.483744050047138,14387431
2002-10-07,12.893362998962402,13.068916567478155,11.80103616656389,11.908318313532652,13430021
2002-10-14,13.94668197631836,14.122234520141184,12.561766992461061,12.698307742009506,11442702
2002-10-21,12.737321853637695,14.317296096318165,12.288686668272147,13.868660910952617,13792243
2002-10-28,12.376462936401367,13.244472561076428,12.074121754414469,12.961638870144306,10832945
2002-11-04,12.58127212524414,13.381012301762526,12.483743171783578,12.58127212524414,9447048
2002-11-11,13.088424682617188,13.244470799590637,12.269179120829302,12.581272415599978,8119796
2002-11-18,13.293232917785645,13.468785424228889,12.737316824185969,13.088421837072454,7574679
2002-11-25,13.176199913024902,13.439528168105175,12.73731807345958,13.2152106419953,19465722
2002-12-02,12.52275562286377,13.351753362042306,12.103379085398046,13.156695444879288,10539844
2002-12-09,12.093628883361816,12.805592411443746,12.093628883361816,12.77633276440697,9849935
2002-12-16,12.239921569824219,12.503249878478575,11.801039640968469,12.11313296199253,10652808
2002-12-23,11.908320426940918,12.464236623155868,11.849802206775731,12.239920138464504,2590916
2002-12-30,12.52275562286377,12.844602140924176,11.762027199950863,11.908321168235029,5827752
2003-01-06,12.376462936401367,12.912873855391087,11.957086355501097,12.561768719474891,7172343
2003-01-13,11.703509330749512,12.532507019904383,11.703509330749512,12.366707694238157,8575280
2003-01-20,11.118331909179688,11.840048390140693,11.069566909365925,11.752271602640638,12902564
2003-01-27,11.38166332244873,11.469440134414857,10.24057113183245,11.06956999479208,15684172
2003-02-03,11.137839317321777,11.684003384372351,11.001298565765081,11.586474427663825,9813148
2003-02-10,11.264625549316406,11.371907697405135,10.737968020741807,11.11833161457509,8999530
2003-02-17,11.313390731811523,11.78153111843172,11.030555008775009,11.391413245561903,9231333
2003-02-24,11.615734100341797,11.742521649897101,10.88426526504235,11.215863961182633,23258156
2003-03-03,11.29388427734375,12.015600748974078,11.21586070297989,11.713259663520018,10868106
2003-03-10,11.781536102294922,11.85955864905065,10.533160502666822,11.313395517640393,13491860
2003-03-17,12.766576766967773,12.854353560010392,11.362155504051495,11.430425871607461,13270876
2003-03-24,12.376462936401367,12.737321287432989,11.723016618498274,12.532509074128608,9727876
2003-03-31,12.893362998962402,13.117680504667149,11.81078937833111,12.044859034979522,11529948
2003-04-07,13.244470596313477,13.449282779234808,12.708060817721869,13.156694855767558,16977345
2003-04-14,13.029906272888184,13.263975956332745,12.815341954387472,13.185952374909998,9810126
2003-04-21,12.54226016998291,13.488294294906432,12.483743010825807,13.029907052645816,8074427
2003-04-28,13.068918228149414,13.478540444540837,12.581271368529164,12.581271368529164,9327875
2003-05-05,12.893362998962402,13.410268371095329,12.630034767835884,13.068916567478155,12568752
2003-05-12,12.951884269714355,13.25422435853948,12.698308129602808,12.971389637035024,11471381
2003-05-19,12.60102653503418,13.301083685623498,12.301002974313143,13.211076943743223,15754509
2003-05-26,12.981059074401855,13.14107252480697,12.19099511054709,12.541023173574674,22206511
2003-06-02,13.12106990814209,13.411093462508264,12.77104185555769,13.071066522222518,13133498
2003-06-09,12.881051063537598,13.161073510736745,12.72103761497416,13.101067923632021,14331031
2003-06-16,13.421092987060547,13.481097478180102,12.751038122483052,12.801042590273829,13258877
2003-06-23,13.001060485839844,13.421095258113139,12.97105823520323,13.361090756839914,12499266
2003-06-30,13.001060485839844,13.26108180433533,12.651032415434518,13.011061598647682,10113770
2003-07-07,13.501099586486816,13.781121993064165,13.051062643527464,13.08106488883408,10719645
2003-07-14,13.181075096130371,13.711117715151087,12.971057183134597,13.501100889942132,10084521
2003-07-21,13.171072959899902,13.551103220565361,12.951055039803737,13.281081919947987,9332623
2003-07-28,13.501099586486816,13.99113988578389,13.101066023109585,13.431093984842478,10628367
2003-08-04,13.241076469421387,13.651109998916622,13.001056364834954,13.431092113605672,7798941
2003-08-11,13.501099586486816,13.591106322406658,13.031061509251959,13.261079448460476,7556954
2003-08-18,13.511100769042969,13.571105259973848,13.221076162112466,13.541103014508408,7814031
2003-08-25,13.081064224243164,13.54110225486113,13.001057515632505,13.431093302468136,9820585
2003-09-01,13.321083068847656,13.72111548563901,13.151069645241963,13.1910719079132,11233797
2003-09-08,12.83104419708252,13.491097917685924,12.751037487714836,13.351086720185808,10875172
2003-09-15,13.011059761047363,13.171073192225883,12.761039590670995,12.94105415685345,10330522
2003-09-22,12.541024208068848,13.001061284251138,12.311005126084217,12.991060170829119,12468215
2003-09-29,12.771039962768555,12.80104220743105,11.940971696314934,12.571023185374102,16380086
2003-10-06,12.78104019165039,12.791041302627864,12.361006584036987,12.771040168459624,9069821
2003-10-13,12.671031951904297,13.051062192293234,12.621027486264344,12.701034196173596,10106600
2003-10-20,12.611024856567383,12.821041628942417,12.36100473405617,12.621025966048064,7255853
2003-10-27,12.751042366027832,13.121072722580148,12.47101986389617,12.631032256062657,12515563
2003-11-03,13.441097259521484,13.451098372971888,12.781043351960452,12.841048944875894,10408120
2003-11-10,13.45109748840332,13.501101964579975,13.101068330740551,13.311086260452974,7867111
2003-11-17,13.321083068847656,13.391088660202152,12.881047301598514,13.311081959286572,9066839
2003-11-24,13.401091575622559,13.601107267078003,13.251079263137628,13.301082642108138,14952366
2003-12-01,13.501099586486816,13.701115280388718,13.291082781553804,13.501099586486815,11341748
2003-12-08,13.431093215942383,13.601106654804783,13.251078666621417,13.40109097235333,9358319
2003-12-15,13.611111640930176,13.751122876070722,13.291085805210793,13.571108275491884,12380336
2003-12-22,13.801122665405273,13.841126020404053,13.531101378896857,13.531101378896857,3166230
2003-12-29,14.061145782470703,14.111150254757176,13.701116627811205,13.72111885184052,4512036
2004-01-05,13.751120567321777,14.191156425476075,13.721118320227035,14.091148572564673,9058657
2004-01-12,13.771124839782715,13.981141688484161,13.64111363264353,13.78112486511116,8513845
2004-01-19,13.391090393066406,13.911132928526854,13.101065792770367,13.681113905575755,16505186
2004-01-26,13.471096992492676,13.631110426622794,13.281082399196626,13.451095857119796,10870354
2004-02-02,13.431093215942383,13.65111111931097,13.36108761830571,13.591105544346215,7111006
2004-02-09,13.731119155883789,13.801123672506707,13.44109453903217,13.44109453903217,8012649
2004-02-16,13.851128578186035,14.091148733254627,13.661112894036766,13.711117364956086,8687252
2004-02-23,14.26115894317627,14.511179065208713,13.731116458513332,13.821123180307472,10327363
2004-03-01,14.451179504394531,14.551187369701186,14.32116830048766,14.39117391498101,9345695
2004-03-08,14.061145782470703,14.50118274546065,13.72111885184052,14.451178273174177,9581493
2004-03-15,13.861126899719238,14.131149247869923,13.681112363547637,14.021140304221358,9394685
2004-03-22,13.781121253967285,13.851126851857144,13.42109215402325,13.801122387170107,9253972
2004-03-29,14.421175956726074,14.481180452956652,13.731119898927181,13.751121035075101,8707759
2004-04-05,14.541186332702637,14.671197537287838,14.361172826883593,14.481181830762957,7710448
2004-04-12,14.711198806762695,14.78120441165469,14.401173052709488,14.541184262493479,7374891
2004-04-19,14.901211738586426,15.031222910180022,14.601188217235002,14.701196057685477,11827526
2004-04-26,14.611187934875488,15.231237139237237,14.411171185253522,14.91121142762863,13489916
2004-05-03,14.5211820602417,14.85120892524719,14.441175349733697,14.531182083215187,7813648
2004-05-10,14.701200485229492,14.781207216800066,14.13115442641635,14.381174646734166,14432140
2004-05-17,14.813937187194824,15.134630484032566,14.379450801407375,14.958767107673259,10311852
2004-05-24,14.855319023132324,15.19670056096215,14.700144983091848,14.834628551011718,6700779
2004-05-31,15.041524887084961,15.072560591894717,14.741522075651142,14.865661519242483,12733103
2004-06-07,15.155322074890137,15.444980833542802,15.041527843866334,15.051873080836529,7950570
2004-06-14,15.53291130065918,15.567050356141783,14.929802239870035,15.36222052411043,11022576
2004-06-21,15.612566947937012,15.760499098162835,15.362219885949923,15.578429019088597,10197799
2004-06-28,15.407739639282227,15.7491223591353,15.384981016335262,15.532913190706733,11280881
2004-07-05,15.339463233947754,15.544291958522805,15.134633384156539,15.407739100400716,6354317
2004-07-12,15.180150985717773,15.396359010430452,15.146011929002205,15.25980615921651,5353991
2004-07-19,15.020833969116211,15.57842564564286,14.918419079532477,15.1687672125237,7625547
2004-07-26,15.30532169342041,15.407736601707253,14.79324827720217,15.02083671223605,7248450
2004-08-02,14.61117935180664,15.248427519109624,14.588420729806424,15.191530964109084,9153431
2004-08-09,14.201519012451172,14.690833825414044,14.14462133931669,14.622557967911886,10642990
2004-08-16,14.360827445983887,14.47462164306017,13.939788579236902,14.16737697338947,6095810
2004-08-23,14.918418884277344,14.929798191280407,14.429104182282689,14.497380024301053,6029405
2004-08-30,15.066354751586914,15.214286893624804,14.633936509243586,14.95256053650793,5964203
2004-09-06,14.793248176574707,15.191528497782782,14.690833268984514,15.02083661006047,7921464
2004-09-13,14.724967956542969,14.929797726655146,14.61117376483795,14.86152188676157,8287150
2004-09-20,14.542902946472168,14.78187071904446,14.372211037368466,14.633938556313069,8946001
2004-09-27,14.713590621948242,14.770488288034576,14.315311460207415,14.542899874120996,11007480
2004-10-04,14.679449081420898,14.998073007456101,14.542896291753127,14.827381176459685,11148812
2004-10-11,14.451866149902344,14.713592522138917,14.28117425481517,14.713592522138917,8035454
2004-10-18,14.463247299194336,14.736354141028349,14.383590996340727,14.486005921376462,7222139
2004-10-25,14.406352043151855,14.656699160168188,14.110486552449471,14.292557796761132,9039772
2004-11-01,14.872905731201172,14.975320647504514,14.38358976992608,14.38358976992608,7370440
2004-11-08,15.043594360351562,15.134629953536317,14.827385248493739,14.907041533182388,5827810
2004-11-15,14.986700057983398,15.32808161432583,14.872905830797228,15.123252905563586,8785994
2004-11-22,15.020833969116211,15.123248858699943,14.747728347036771,14.90703977238048,6375174
2004-11-29,15.0094575881958,15.168770169814737,14.781869150353886,15.043595516307288,12099950
2004-12-06,14.872905731201172,14.99807926774613,14.633937968232066,14.941181591926021,9626038
2004-12-13,14.861520767211914,15.293937762943514,14.861520767211912,14.90703799037872,10957840
2004-12-20,15.225664138793945,15.259802061125505,14.850143617499363,14.895660847274776,5726863
2004-12-27,15.476012229919434,15.53290877109796,15.157388223672033,15.157388223672033,4561512
2005-01-03,15.510150909423828,15.714980718066277,15.316700409570853,15.464633674265922,7565010
2005-01-10,15.13463306427002,15.544291629977717,14.986700898199139,15.544291629977717,8986903
2005-01-17,14.96394157409668,15.259805892350071,14.918423207677327,15.202909340845991,9796838
2005-01-24,14.85014820098877,15.0549769234142,14.747733277167976,14.907044755769125,11553577
2005-01-31,15.225664138793945,15.248422753681652,14.929798769606336,14.986696432041409,7813818
2005-02-07,15.248421669006348,15.464630745491444,15.157386090715404,15.225663055737543,8068648
2005-02-14,15.373601913452148,15.419119159963659,15.146013430462158,15.248428360329276,7857371
2005-02-21,15.680843353271484,15.680843353271484,15.31670095810356,15.33946070171354,12599500
2005-02-28,15.703604698181152,15.703604698181152,15.396359920869278,15.669466764663001,9600955
2005-03-07,15.737735748291016,16.14739527219566,15.669459911117364,15.726356442095408,10447042
2005-03-14,16.101884841918945,16.215679077108422,15.737742389139695,15.737742389139695,11932374
2005-03-21,16.238431930541992,16.329467511397212,16.02222284796676,16.03360215492169,8274910
2005-03-28,16.113265991210938,16.42050967362335,16.033609679925803,16.23843955167827,9277617
2005-04-04,16.295330047607422,16.363607021182528,15.851532532408898,16.033603711798605,10728847
2005-04-11,15.817399978637695,16.37499188896741,15.794641354790818,16.306714892210532,9133042
2005-04-18,15.692221641540527,15.74911818382387,15.43049417138944,15.703600949997195,11492108
2005-04-25,15.703604698181152,15.897055238549685,15.453257601949035,15.669466764663001,8039229
2005-05-02,16.181533813476562,16.26119008512682,15.703598434006468,15.806013318923734,7754795
2005-05-09,16.010847091674805,16.20429647802493,15.919811490630977,16.19291716854645,10058062
2005-05-16,16.452392578125,16.545805967102467,16.05538596362223,16.34730265985108,8601097
2005-05-23,16.56916046142578,16.650897328189366,16.172153812522083,16.4874235946622,6761696
2005-05-30,16.6002140045166,16.752616747167608,16.482980858041827,16.61193720324201,7393240
2005-06-06,16.811229705810547,16.82295406164,16.48297788231805,16.6471037940643,7807633
2005-06-13,16.869850158691406,16.94019051136969,16.647107060967656,16.822957363053014,11023369
2005-06-20,16.658830642700195,16.998806896553333,16.553320690868482,16.88157374554262,9683360
2005-06-27,16.682273864746094,16.682273864746094,16.365745228738863,16.635381076958506,8366225
2005-07-04,16.354022979736328,16.81123235645733,15.849920809185745,16.69399921266273,12023047
2005-07-11,16.412639617919922,16.576765550410876,16.225066130026878,16.518149559957184,10480044
2005-07-18,16.9519100189209,17.174653068141296,16.365744404977857,16.471253172189204,11111315
2005-07-25,17.174654006958008,17.315332370929692,16.89329380135311,17.022250127547665,8682931
2005-08-01,16.96363639831543,17.42084461968264,16.951913199758884,17.17465629077455,7863059
2005-08-08,17.221548080444336,17.409120405628357,16.951912210930725,17.04569895313303,6123007
2005-08-15,16.869850158691406,17.198103205822232,16.658830259877252,17.16293360909344,9578410
2005-08-22,16.365747451782227,17.05742312092603,16.365747451782227,16.916742420012874,7686944
2005-08-29,16.83467674255371,17.022249041772042,16.260234330207982,16.330573507707193,7711791
2005-09-05,17.397397994995117,17.57324828948432,16.682275937076426,16.869849429968816,13845564
2005-09-12,17.50290870666504,17.584972258303328,17.397398757193148,17.50290870666504,8772619
2005-09-19,17.31533432006836,17.70220450142142,17.104315591136537,17.491184613268956,9057498
2005-09-26,17.936668395996094,18.042178326012237,17.549799425417223,17.549799425417223,9054330
2005-10-03,17.690481185913086,18.159413752380708,17.608417639015062,17.99528665858466,9548171
2005-10-10,17.52635383605957,17.9601168014711,17.29188755625128,17.690480927457745,8500688
2005-10-17,17.127761840820312,17.702204349542082,17.1043154443869,17.538077256066934,9713575
2005-10-24,17.409122467041016,17.526355618870316,17.13948656559984,17.209826920385712,10052313
2005-10-31,17.72565269470215,17.889779806221142,17.35050683286278,17.40912283039045,10042375
2005-11-07,17.97184181213379,18.042182166858872,17.643588755451287,17.760821907179274,7809967
2005-11-14,17.960115432739258,18.241475642599248,17.80771271024459,17.93666903838939,9753287
2005-11-21,17.936668395996094,18.19458104304867,17.878051253000244,18.135965059273307,6975240
2005-11-28,18.45250129699707,18.45250129699707,17.819441495696378,18.018738228611877,11662244
2005-12-05,18.64006996154785,18.675240716325987,18.18286058241801,18.370434077165875,8847936
2005-12-12,19.003494262695312,19.073834619210086,18.593178800817967,18.651794798562975,12529574
2005-12-19,19.27312660217285,19.43725368391081,18.82764162413401,18.8745344136474,7468153
2005-12-26,19.050386428833008,19.55448862959791,19.015216831352866,19.27312953131534,3352552
2006-01-02,19.577932357788086,19.89445981367703,19.02693518233885,19.050381574684664,7624007
2006-01-09,19.42552947998047,19.742058111235714,19.202786422892412,19.63654818107714,7724167
2006-01-16,19.003494262695312,19.554489278381446,18.710411955528745,19.437257282891427,10411203
2006-01-23,20.082035064697266,20.33994772197995,18.769024224623156,18.839363407943598,18781805
2006-01-30,19.73033905029297,19.976527378843414,19.47242636398235,19.964805339524563,10680730
2006-02-06,19.577932357788086,19.89445981367703,19.5310372546556,19.82412063663958,7255085
2006-02-13,20.01169776916504,20.164100506623324,19.378638104238668,19.566211595895513,8917477
2006-02-20,20.316499710083008,20.398563243310733,19.812398792091205,19.988247895612975,9895299
2006-02-27,19.402084350585938,20.222717500811846,19.37863795411563,20.152378311400916,13985294
2006-03-06,19.53104019165039,19.800677221835425,19.07383199449267,19.788952864679032,11539087
2006-03-13,20.046871185302734,20.10548602549518,19.495874994714363,19.554489834906803,10651711
2006-03-20,20.25788688659668,20.3165017145932,19.788952033536777,20.164098988608256,10588053
2006-03-27,20.140653610229492,20.293056343906272,19.812401746805754,20.257887909021612,8044920
2006-04-03,20.656478881835938,21.066794289160256,19.988250800282554,20.1406535333778,11979494
2006-04-10,19.988250732421875,20.668203168877767,19.812401603942924,20.65647881170661,7466660
2006-04-17,20.6916561126709,20.820612490155977,19.92963989019983,19.98825705772267,9048981
2006-04-24,20.105480194091797,21.019898793486185,20.046865370900026,20.668200580571913,13258308
2006-05-01,20.562694549560547,20.609587344376333,20.09376196452,20.105484004003266,9338080
2006-05-08,20.25788688659668,20.86749779053645,20.175823345272224,20.5509679819026,14624642
2006-05-15,18.977333068847656,20.980629671292917,18.74941301798386,20.980629671292917,20521068
2006-05-22,20.23689079284668,20.23689079284668,18.509496943669486,19.133278747800816,23418315
2006-05-29,19.560991287231445,20.307319314361216,19.139678211064286,20.22305622301132,12826434
2006-06-05,19.091527938842773,19.71747942087394,18.706325928093335,19.62117891818658,14782921
2006-06-12,19.22634506225586,19.623584437673358,18.696694148753817,19.464688925564552,15871119
2006-06-19,19.676549911499023,19.901650596433363,19.226344970757467,19.226344970757467,9926301
2006-06-26,20.166475296020508,20.25916563031708,19.30579259793681,19.623583608730236,9604963
2006-07-03,19.95461654663086,20.27240757543537,19.769238248113066,20.245923601028846,7878426
2006-07-10,19.38524055480957,20.285648059087517,19.332276177687373,19.795720726534157,8005317
2006-07-17,19.795717239379883,20.12675019196192,19.133652524506566,19.332272772172093,9504102
2006-07-24,21.027164459228516,21.093370833480208,19.86193012987468,19.888412917633584,10646262
2006-07-31,20.907989501953125,21.14633098662565,20.28564824515841,21.093367799308613,9573985
2006-08-07,20.36509895324707,20.65640843713136,20.113514247350484,20.603442860008546,7683762
2006-08-14,21.186054229736328,21.384673309596476,20.39157791029575,20.418059502044393,8155803
2006-08-21,21.371437072753906,21.43764344683067,20.735854929384065,21.106611576446852,8537264
2006-08-28,22.033496856689453,22.19239355428798,21.15957335193407,21.27874289940564,9302424
2006-09-04,20.841781616210938,21.86136098696719,20.682884924110102,21.86136098696719,13878451
2006-09-11,20.987438201904297,21.172816512848144,20.616681580016603,20.78881909316063,12385190
2006-09-18,20.762332916259766,21.25226142757974,20.62992019113251,20.86826404859432,9785295
2006-09-25,21.305227279663086,21.42439920999328,20.788817168620184,20.802057965194226,10241678
2006-10-02,21.384674072265625,21.64949952152396,21.053642260692705,21.37143327591908,9043245
2006-10-09,21.450883865356445,21.768674931409166,21.027164031007647,21.199299172207112,9833871
2006-10-16,21.4906005859375,21.834873119873855,21.331703922179784,21.397910270266827,10683268
2006-10-23,22.086462020874023,23.30466049131351,21.371432846139385,21.371432846139385,16259943
2006-10-30,22.23211669921875,22.53666692786861,21.689224986939475,21.742190554606662,12065718
2006-11-06,22.92066192626953,23.14576258964145,22.179148817459613,22.179148817459613,8904284
2006-11-13,23.000112533569336,23.27818118142694,22.81473422852495,22.81473422852495,9805452
2006-11-20,22.986867904663086,23.304658891685563,22.73528327407939,22.93390234339573,9103566
2006-11-27,22.192392349243164,23.145762960738942,22.179149173059326,22.97362785674812,13879667
2006-12-04,22.814733505249023,23.10604294124994,22.205635419911804,22.218876216870488,11200604
2006-12-11,23.768110275268555,23.966729402149006,22.94714978914661,22.973633767746747,15218413
2006-12-18,23.58272933959961,24.178586654350582,23.50328217374923,23.648935707905274,9504431
2006-12-25,23.82107162475586,24.17858503746576,23.582727762561312,23.582727762561312,3489901
2007-01-01,23.556241989135742,24.284511862563637,11.91053369882749,11.91053369882749,7530869
2007-01-08,23.834314346313477,24.072658227757067,23.172250654061408,23.55624807168403,14205656
2007-01-15,23.90052032470703,24.36396490170503,23.543006888969977,23.86079555158866,10425370
2007-01-22,23.437076568603516,24.29775938460276,23.304663827680553,23.87403956588215,18340144
2007-01-29,23.781349182128906,24.0461746635655,23.476798926243962,23.476798926243962,14909362
2007-02-05,23.622451782226562,23.94024279485693,23.490039058679066,23.715139736477074,8469778
2007-02-12,23.092796325683594,23.54299997291649,23.079553151479768,23.476791243641493,11040322
2007-02-19,23.663501739501953,23.807831665444468,22.894183335673908,23.13384842926536,14799040
2007-02-26,22.699535369873047,24.271276573221364,21.87063098664125,23.81312879824039,27836231
2007-03-05,23.296714782714844,23.43707149592835,22.188418333766577,22.510182510081712,18727402
2007-03-12,22.833271026611328,23.578755031718096,22.502239200756403,23.397349924431072,19326692
2007-03-19,23.609210968017578,23.76810528392089,22.87431821036468,23.03056531925507,11423781
2007-03-26,24.165342330932617,24.35734100906345,23.372189630628608,23.56948510312091,12131646
2007-04-02,24.528154373168945,24.528154373168945,12.264075996293629,24.032929106921443,9038358
2007-04-09,24.338802337646484,24.88964035978301,12.264075709946198,12.264075709946198,9262489
2007-04-16,24.785030364990234,24.893608682271083,23.858141477760075,24.430164238656005,16723650
2007-04-23,23.84490394592285,24.893612087593205,23.791938383290855,24.81548853737098,16279500
2007-04-30,24.150781631469727,24.330863145018906,12.09856340189788,23.844907779165656,11792008
2007-05-07,23.993207931518555,24.224931406866958,23.569488133932154,24.14018744734968,11023002
2007-05-14,24.11724090576172,24.595333426127745,23.403489139441795,24.58179023910954,18292440
2007-05-21,23.975021362304688,24.527603587852138,23.633722008259486,24.148382353907248,11762275
2007-05-28,24.45659637451172,24.49735830892257,23.395452346013542,24.14273656348235,10415700
2007-06-04,24.000072479248047,25.119641820026256,23.712027513229916,24.531323552438586,22052084
2007-06-11,25.720184326171875,25.815294682225954,23.915830753302,24.41175739179735,18974543
2007-06-18,25.70388412475586,26.22290937390588,25.29627451418781,25.70660289009189,19062039
2007-06-25,26.47834014892578,26.665842106926302,24.858769666197826,25.42398941968373,14398034
2007-07-02,26.187580108642578,26.481060173699863,25.96747005984961,26.141385529551666,11539038
2007-07-09,27.19029426574707,27.75007637274986,25.82887727234422,26.168551829597483,20877458
2007-07-16,26.543556213378906,27.315296992060038,26.410402697139993,27.1930136491336,13537879
2007-07-23,25.149534225463867,26.90225585230285,24.78268414948219,26.481059788237268,18175925
2007-07-30,25.193008422851562,26.02453268504472,24.956593153283546,25.125073505955452,18968442
2007-08-06,25.271818161010742,26.440301013677708,24.638665828104767,25.000078417178642,21825886
2007-08-13,23.915828704833984,25.95116230287172,23.73104553815492,25.638660712616858,26652916
2007-08-20,25.054424285888672,25.277250657567723,23.744636607581363,24.334313061465632,17963754
2007-08-27,25.421274185180664,25.421274185180668,24.184856532210773,25.18214255287891,9719620
2007-09-03,23.915828704833984,25.407680532900297,23.885939393733793,25.36963737083145,12049274
2007-09-10,24.55170440673828,24.731052504173004,23.733766573073126,23.923984844348908,11246442
2007-09-17,25.782690048217773,26.073451384166912,23.95931447633681,24.43214271429999,16849577
2007-09-24,25.505510330200195,25.866925299642887,25.271813799994515,25.62507736020446,10931072
2007-10-01,25.91584014892578,25.921275236309206,24.95388097951318,25.274534035984047,11143752
2007-10-08,25.92127227783203,26.220184950653337,25.54355206831354,25.951164033661286,7998025
2007-10-15,25.46474838256836,26.5897502284363,25.29083294142134,25.81800946593365,11112252
2007-10-22,25.687572479248047,25.690288800914793,25.027244941550837,25.16311476506491,11058334
2007-10-29,25.747360229492188,25.834319186448923,25.201164471871877,25.81529760163412,8202862
2007-11-05,25.122358322143555,25.771818272138447,25.005510053008532,25.543554378387185,8883284
2007-11-12,24.725616455078125,25.301703890672403,24.54626836462257,25.000072456102693,12314892
2007-11-19,25.722904205322266,25.796271774354462,24.524529789181173,24.665834725615515,13804114
2007-11-26,26.95659828186035,27.038119688573243,25.277244601351022,25.815291259673856,12361434
2007-12-03,27.464754104614258,27.646820963188368,26.731056468978707,26.804426476815827,11320922
2007-12-10,27.138669967651367,27.6930195906306,26.74736564464391,27.19301840097529,12358908
2007-12-17,27.445735931396484,27.445735931396488,26.418560579554565,26.899537730562233,14247475
2007-12-24,27.589752197265625,27.839753962587658,27.068013206092616,27.0788833790926,3189340
2007-12-31,28.092477798461914,28.55987090575045,27.486498506638476,27.48921482907657,8044917
2008-01-07,27.385948181152344,28.589757583467716,27.21475394411577,27.975624548040592,15398860
2008-01-14,25.907686233520508,27.95932282058958,25.856054129739572,27.1930146574154,20196897
2008-01-21,25.2120304107666,25.818009586124468,22.32343457105724,25.543551149506023,29566050
2008-01-28,25.404966354370117,25.95116449225439,24.347896921818208,24.809854877489176,15690953
2008-02-04,24.46202850341797,25.788118838364447,23.970178798567012,25.690292161798677,11092009
2008-02-11,25.20116424560547,25.59247099882164,24.212029630436977,24.318010171256972,14214531
2008-02-18,25.33975601196289,26.111499513670264,25.095191680021912,25.54084452033506,12399345
2008-02-25,25.52996826171875,26.35334124517726,25.304425572340605,25.464752099163864,11036098
2008-03-03,25.04083824157715,25.95931918214575,24.891381883635766,25.11420825934531,12161469
2008-03-10,25.03812026977539,25.744645032113034,24.513662396424465,25.000077098483374,13553150
2008-03-17,25.168550491333008,25.937572441761496,24.415831356790296,24.456590839240107,18866958
2008-03-24,25.834318161010742,26.282687211651627,25.168555390710925,25.168555390710925,8307151
2008-03-31,26.915842056274414,27.247365282203344,25.508230171320378,25.546273339659265,11575362
2008-04-07,26.048992156982422,27.228342538964085,25.96746829374274,26.902254414212628,9893439
2008-04-14,26.334318161010742,26.57344977647607,25.638663662718756,25.872360191158084,10693442
2008-04-21,26.076162338256836,26.997359420380462,26.0517056704688,26.63051184629538,12807305
2008-04-28,26.220186233520508,26.62779577607562,25.81801177799442,26.154970074643707,7576724
2008-05-05,25.87507438659668,26.600620582530198,25.782682800219934,26.22018406386465,10419142
2008-05-12,26.312088012695312,27.138951900406795,26.033682932943574,26.66287981466793,12182596
2008-05-19,25.72187614440918,26.587716551565148,25.6634091615524,26.498624602129375,11294736
2008-05-26,26.303730010986328,26.47634041604996,25.28476527416536,25.64112538795559,13274724
2008-06-02,26.055173873901367,26.800166761246004,25.808709323290863,26.49488757897084,13154818
2008-06-09,26.525693893432617,26.584229062284106,25.909533823789303,26.4948855123042,13890564
2008-06-16,25.74625015258789,26.602711499589066,25.521349239765375,26.52569181163355,14845172
2008-06-23,25.632265090942383,26.544182746948273,25.462820225926784,25.73701158974591,16967972
2008-06-30,25.78938102722168,26.18680333986541,25.18554483382205,25.53059264854093,15202506
2008-07-07,25.099281311035156,26.063570707738187,24.911351966556254,25.906449741427792,14388316
2008-07-14,25.60145378112793,25.80170700942691,24.754234588085755,25.370394687836914,17070081
2008-07-21,26.032766342163086,26.48564478752644,25.43509076296654,25.570645633688756,16232298
2008-07-28,25.47822380065918,26.445594969880414,25.44125474705725,26.03276715761381,11978183
2008-08-04,25.58604621887207,26.032761392125582,25.262562036213595,25.875640431473144,12745532
2008-08-11,25.40120506286621,25.817111966940903,25.059236268798756,25.632264174280817,9430184
2008-08-18,25.351913452148438,25.6908006698203,24.954488537525584,25.262569886207192,8616098
2008-08-25,25.573720932006836,25.80170089536075,25.022256804114427,25.222509984960674,8493988
2008-09-01,24.75731086730957,26.045087017136872,24.671048916264443,25.453572179727708,12370456
2008-09-08,26.06049156188965,26.06049156188965,25.03766690590856,25.213272412082347,12333253
2008-09-15,27.111042022705078,27.252757536120825,25.108522688673204,25.53983241492201,30932412
2008-09-22,25.19478988647461,27.081780088068697,24.960649192994428,27.080239291247086,17501766
2008-09-29,23.555803298950195,25.236382170537684,22.628482757434725,25.236382170537684,21037319
2008-10-06,20.95252227783203,23.025899349617884,18.50328527493729,22.643880009025757,32641838
2008-10-13,20.171537399291992,23.337063702964684,19.16874065652015,21.688834319713717,32147825
2008-10-20,18.814451217651367,21.19128895975004,17.183166548063287,20.27166990268943,28700844
2008-10-27,20.735328674316406,20.850858217551927,17.414225658448874,18.33076431477492,22562223
2008-11-03,21.343782424926758,22.231054605173682,20.555098560126343,20.840070378236874,13548161
2008-11-10,21.051111221313477,22.42822858071719,20.487325612586556,21.69961799573774,11657377
2008-11-17,18.315359115600586,21.463936782822152,17.86864264047203,20.947903340860893,19040501
2008-11-24,20.595151901245117,20.595151901245117,19.144095303731927,19.717124384577495,13512936
2008-12-01,18.34770965576172,20.681416452984703,18.210613981508295,20.595154487161345,14660617
2008-12-08,19.313541412353516,20.364094235617205,18.643467229549387,19.23960204459612,19486855
2008-12-15,20.009798049926758,20.324039992609343,19.196467666094033,19.5030068845775,15324751
2008-12-22,19.73868751525879,20.253181383268654,19.717122657809693,19.88656621842702,3784453
2008-12-29,20.79694366455078,20.79694366455078,19.73252996046608,19.791065136088434,6870196
2009-01-05,20.62749671936035,21.22671170068433,20.425705255815874,20.88782460070549,9902776
2009-01-12,18.799043655395508,20.607473061363486,18.49096364770489,20.607473061363486,13220254
2009-01-19,17.49894905090332,19.248843578347373,17.00602121003218,19.208792931644776,14624646
2009-01-26,17.571348190307617,18.269149160190576,17.089203393845978,17.404984928458077,14341919
2009-02-02,18.79596710205078,18.836016491462047,16.95210655705836,17.351070983682916,14415104
2009-02-09,18.543338775634766,19.023943989130398,17.714604137579443,18.828313157995666,10628015
2009-02-16,19.26116371154785,20.02520245947439,18.583388174438653,18.70199930254951,14300713
2009-02-23,17.91793441772461,19.510707675618544,17.48354182546451,19.350506375427003,14167703
2009-03-02,17.75157356262207,18.802126304165864,17.13233187788101,17.59445257571228,15486286
2009-03-09,18.882226943969727,19.439851845087816,17.406522607018516,17.84091650119251,13358710
2009-03-16,19.396717071533203,19.442929634210724,18.429344918674158,18.786717790056986,12193163
2009-03-23,19.188770294189453,19.901975486145243,19.100966268984784,19.65551091796956,9565426
2009-03-30,19.821870803833008,20.285531013437055,18.492505677138503,18.792882980840623,10575253
2009-04-06,20.57512855529785,20.576668093299272,19.264247823487214,19.56308561894639,7337471
2009-04-13,20.376413345336914,20.88782561297499,19.47065661605296,20.57512448444633,7963637
2009-04-20,20.325578689575195,20.46729421543268,19.409042608483837,20.46729421543268,9337842
2009-04-27,19.056293487548828,20.30401793818764,19.01778363682072,20.1807831429232,12205178
2009-05-04,20.046768188476562,20.046768188476562,18.946921398315673,19.25500266963894,15013147
2009-05-11,19.771970748901367,21.0163922263986,19.54542226697013,20.772296188207903,12725238
2009-05-18,20.682950973510742,21.126475541624696,19.44809937916336,19.621999956333873,9504389
2009-05-25,20.91907501220703,21.081807448402326,20.18199287789767,20.67019018648356,8276816
2009-06-01,21.07383155822754,21.809320633436577,20.765919391506138,21.09616659512105,10079455
2009-06-08,21.298782348632812,21.577980011665748,20.746769018693616,20.80898663609115,9059228
2009-06-15,21.014799118041992,21.311545649223284,20.421306055679402,21.10733350131152,13165799
2009-06-22,20.96693992614746,21.585959744399894,20.038408243100655,21.11850029678029,9223567
2009-06-29,20.711668014526367,21.467894717954927,20.43406620302326,20.861636434597457,8529492
2009-07-06,19.709754943847656,20.674977664485965,19.658701569737627,20.58085134690403,7334440
2009-07-13,21.20305824279785,21.375363016814074,19.60764391001405,19.687414300708586,6636002
2009-07-20,22.55596923828125,22.875053401328852,21.25092077411791,21.378552874802647,9893805
2009-07-27,23.376012802124023,23.500455864294146,22.281558443178984,22.66764901486789,11460568
2009-08-03,23.452590942382812,23.921643543497623,23.072883680571532,23.20051578198672,9807246
2009-08-10,23.07607650756836,23.931217106537016,22.973969778205337,23.28347900889134,8771517
2009-08-17,23.80677604675293,23.861018452659728,22.54639760480092,23.082456616622544,8524818
2009-08-24,23.873781204223633,24.087566989334523,23.48449900266479,23.873781204223633,6538052
2009-08-31,23.088842391967773,24.01099217851423,22.945257220408216,23.660001857661154,8090874
2009-09-07,24.52789878845215,24.63319715487126,23.11755465372946,23.213278070876843,7995088
2009-09-14,25.105445861816406,25.33518734303881,24.138626037494348,24.141817688153967,11347940
2009-09-21,24.425796508789062,25.478769821617735,24.28220876475657,24.98100019249846,8565272
2009-09-28,23.637666702270508,25.440485335877767,23.328157395760822,24.326885990537395,10004467
2009-10-05,24.808692932128906,25.00652306090704,23.532361613871547,23.618512687113242,9148712
2009-10-12,24.907617568969727,25.450057414298016,24.330077386385693,24.904425918067044,8224740
2009-10-19,24.607669830322266,25.64149840851672,24.578952804409706,25.00014367379841,8667557
2009-10-26,23.420684814453125,25.035242496969538,23.344103467748713,24.623626558938792,8615102
2009-11-02,24.511947631835938,24.693824745900592,23.32495891541321,23.61213440396043,7615647
2009-11-09,25.044815063476562,25.47557564529986,24.57257085848682,24.661913581508497,6727093
2009-11-16,24.952285766601562,25.555351225341926,24.741688996034334,25.309656731385132,8432812
2009-11-23,24.827842712402344,25.57449593068455,24.090761837556705,25.121398923719553,11400392
2009-11-30,25.957393646240234,26.295622515847818,24.63320041186575,24.917184266212896,10526866
2009-12-07,25.86166763305664,26.164796143084384,25.016096847282306,25.909529343177578,11151480
2009-12-14,26.08821678161621,26.60194207032505,25.79785224141007,26.021210382355495,9340690
2009-12-21,26.66575813293457,26.9305946745791,25.90314936213852,26.091407165487215,4496368
2009-12-28,26.493450164794922,26.930594072953646,26.442396804552505,26.780625642103143,2790944
2010-01-04,26.31157684326172,26.96250662811169,25.85847983564697,26.52536265706161,10454006
2010-01-11,25.523439407348633,26.62427701934423,25.469197003767313,26.509406304751025,9535380
2010-01-18,25.127777099609375,26.276476449827047,24.85974890267814,25.686172435995935,7423973
2010-01-25,24.566192626953125,25.07991529144404,24.065231347345534,24.949091539711038,10038271
2010-02-01,24.19924545288086,25.590447542777916,24.160956085167417,24.547044019687334,11252325
2010-02-08,25.162879943847656,25.59045157076718,24.25668332250244,24.25668332250244,11327395
2010-02-15,27.265634536743164,27.278398530226703,25.43090760499754,25.558542324718136,11720799
2010-02-22,27.98676300048828,27.98676300048828,26.39773052097963,27.12204740252279,11968295
2010-03-01,28.717464447021484,28.717464447021484,27.942091556237077,28.047389946300356,10489852
2010-03-08,28.2484130859375,28.717465779721266,28.08568062513732,28.717465779721266,7745556
2010-03-15,27.84636878967285,28.452625940893363,27.613438273279833,28.17502274701772,12064792
2010-03-22,28.050580978393555,28.26436679672349,27.54642798495112,27.817650472757357,7714898
2010-03-29,28.6600284576416,28.749371196888323,27.8272215596439,28.254793176993264,6297409
2010-04-05,28.407949447631836,29.087598824887106,28.11120421298253,28.660027225913574,6506064
2010-04-12,27.58791160583496,28.63769610895722,27.575150218135025,28.608979075295714,8043358
2010-04-19,28.197351455688477,28.545152614667998,27.479415412589166,27.5559941446288,9968119
2010-04-26,28.025049209594727,28.81956666340872,27.12204433982811,28.63768955097764,13557275
2010-05-03,26.662567138671875,28.206926795259655,25.392616372763868,27.919753912030973,18017697
2010-05-10,27.226619720458984,28.62545915060087,27.11196057522519,27.51818147042098,18133479
2010-05-17,26.715566635131836,27.86543486919842,25.93260818999769,26.899020191029077,14694795
2010-05-24,27.829273223876953,28.662192371456346,25.601733935766106,27.0431638309458,17329039
2010-05-31,28.130237579345703,29.27462534308908,27.38830918977406,27.82226775903736,14254088
2010-06-07,29.446115493774414,29.66309484333182,27.58079824570325,27.68228854344562,11464750
2010-06-14,29.768077850341797,30.160040204153997,29.519602026075006,29.680586325217753,13979418
2010-06-21,29.642093658447266,30.39801823494528,29.34462084776685,29.92206602127662,8720859
2010-06-28,28.459211349487305,30.19504070919849,28.06025089307842,29.747085954432016,10850021
2010-07-05,29.51610565185547,29.705087470139297,27.94475975447914,28.53970271404953,8990680
2010-07-12,29.656089782714844,30.656993859420105,29.537104406236953,29.5755989664434,8591516
2010-07-19,30.71999168395996,30.803984209156397,28.886170946665278,29.453116476034346,8335683
2010-07-26,30.226537704467773,30.96846629231445,29.733087662748396,30.831980452324554,6957271
2010-08-02,30.58700180053711,31.27993337130606,29.46711228506657,30.3840212235021,8377208
2010-08-09,29.449615478515625,31.006962723611977,29.302629907864457,30.7969814247262,7969409
2010-08-16,28.823171615600586,30.13904083814789,28.823171615600586,29.48810560244995,6638398
2010-08-23,28.84766960144043,28.96666033378488,27.997255444015334,28.88966585806714,8734342
2010-08-30,30.03755760192871,30.33152874167308,28.15474002282231,28.921164397564738,7924689
2010-09-06,31.181949615478516,31.244942674281738,30.04106045527527,30.19154506336656,6818650
2010-09-13,31.423423767089844,31.825883274401388,30.975466299751428,31.244941654878517,9291361
2010-09-20,32.01485824584961,32.161843798118376,30.77598078448068,31.412917285266204,8525203
2010-09-27,31.048954010009766,32.13384793737028,30.954464440352503,32.05685613870833,8030332
2010-10-04,32.23884201049805,32.30883309902301,30.684993798474974,31.05595674078064,7637399
2010-10-11,32.95276641845703,33.194244211613885,31.272932307777385,32.17584240605491,8263881
2010-10-18,33.58970260620117,33.80318289449482,32.56780446863966,32.68679251626198,6072161
2010-10-25,32.52581024169922,33.92217305614783,32.19684358096422,33.77168847796932,9468312
2010-11-01,33.624698638916016,33.88717320119958,32.494309582792795,32.61679664100358,8381251
2010-11-08,32.343833923339844,33.596710382409256,32.2423436242458,33.540715365372826,7408915
2010-11-15,32.4978141784668,32.952769629078134,31.63689757350951,32.19684500876303,9381269
2010-11-22,32.308834075927734,32.935273612559094,31.748889287970925,32.60630424256645,8575392
2010-11-29,32.30533218383789,32.658797333265404,31.32542755348968,32.466316496844115,11189456
2010-12-06,33.26073455810547,33.71219092253448,32.2703329836437,32.2703329836437,10515673
2010-12-13,34.23014450073242,34.43312507823507,33.39372638111814,33.45322041137192,9552436
2010-12-20,33.78219223022461,34.69910398750075,33.57921429895829,34.013170348556365,5928569
2010-12-27,33.12075424194336,34.16015024702724,33.089255040668355,33.70169578332327,3885207
2011-01-03,32.319332122802734,33.78918778372429,32.31583310388094,33.50571638544303,7776581
2011-01-10,33.022762298583984,33.37972646769526,31.77688404835903,32.31933101676761,10427620
2011-01-17,33.008758544921875,33.22923685310914,32.424315408027724,33.15574408371339,8587101
2011-01-24,31.9588623046875,33.071753647055225,31.9588623046875,32.96676435238348,8690807
2011-01-31,32.73929214477539,33.06476250641997,31.661398793906006,31.983367459192554,8037265
2011-02-07,32.86527633666992,33.211743442340236,32.34732786466747,32.879275088731475,7775395
2011-02-14,33.355228424072266,33.9431706289269,32.70778951788126,33.019261067421425,8995174
2011-02-21,32.424320220947266,33.386727079628386,31.783881988090272,33.25023857539284,7358029
2011-02-28,32.9107666015625,33.376221690330794,32.1268446368649,32.44181249459586,7669018
2011-03-07,32.091854095458984,33.246741870838164,32.0218630062112,32.77428863272687,8643204
2011-03-14,31.28693389892578,32.175845326437894,29.852073792610202,31.951867960112516,18815803
2011-03-21,32.424320220947266,32.63429882834994,31.66489393208625,31.832878959718443,7869912
2011-03-28,33.302730560302734,33.40422083300597,32.20733702506414,32.30182926102651,6904890
2011-04-04,33.638710021972656,33.78219392110957,33.17675376218706,33.351736869422425,6458231
2011-04-11,33.267738342285156,33.64919831116126,32.86527622967883,33.526711238874555,7269252
2011-04-18,34.26163864135742,34.40512517862234,32.480314199476695,33.1872444754856,6284321
2011-04-25,34.95457077026367,35.08405855791042,34.10415661941415,34.261639234124694,5599941
2011-05-02,34.66409683227539,35.22404148906349,33.76118413228013,35.17154550624209,8148454
2011-05-09,33.97408676147461,35.716164254835306,33.75542973699935,35.33620578990513,10041300
2011-05-16,33.96333312988281,34.594208920600884,33.26793676163057,33.80561555323129,8668531
2011-05-23,33.7303466796875,34.12464343406675,33.23568243177197,33.68374817177406,8539534
2011-05-30,33.35755157470703,34.694578144668064,33.02060771720742,33.70524977635633,7357493
2011-06-06,33.199832916259766,33.83429258561546,32.98834361775182,33.35755049575852,7559150
2011-06-13,33.551109313964844,33.9454059382514,32.71233096415322,33.25359354140013,9098502
2011-06-20,33.66223907470703,34.53327798530755,33.002686752107756,33.08513216346089,7948317
2011-06-27,35.49751663208008,35.66240472537129,33.4794314798343,33.56904463362423,8032653
2011-07-04,35.117549896240234,35.76276390500411,34.98492213044086,35.465248084275565,7253405
2011-07-11,33.89165115356445,35.07812813164822,33.33605013517443,34.82721348867363,9252233
2011-07-18,34.57628631591797,34.69457586763268,33.15681717945336,33.68732548654895,8241912
2011-07-25,34.39347839355469,35.27885541258004,33.69449538187946,34.41140047240664,7990003
2011-08-01,31.597551345825195,35.45091066413303,31.425492810553475,34.63005423840038,15337272
2011-08-08,31.343050003051758,32.04561686795416,28.998773036556436,31.138731178903384,22571181
2011-08-15,30.059789657592773,31.927324356279357,29.636813837236453,31.697912998240454,12039179
2011-08-22,31.070627212524414,32.192583344928345,29.59021853652602,29.679831672424637,10655953
2011-08-29,31.723011016845703,32.80553645191319,31.30720834286993,31.4971862289089,8957266
2011-09-05,31.407573699951172,32.58688277688697,30.59747154163344,31.22834741313452,12043130
2011-09-12,31.576045989990234,32.13523354657621,29.690588832036934,30.540119027906524,16662557
2011-09-19,30.24260711669922,31.90223954597443,29.39307414491011,31.185337104282112,11858307
2011-09-26,31.53661346435547,32.074292254063494,29.557956834416785,29.66190817677591,9790738
2011-10-03,31.966754913330078,32.24276478985692,30.357305122678266,30.82687947688106,10461138
2011-10-10,33.13172149658203,33.6944900388072,31.963167042418625,32.16748583827717,8589184
2011-10-17,33.01702880859375,33.65865912490839,32.278617598527404,33.432834297430965,9760769
2011-10-24,33.98843002319336,34.465169423247644,32.61555644734943,33.15682191728717,9093475
2011-10-31,32.500850677490234,34.05294766378643,32.00977036523027,33.67657304258167,10301854
2011-11-07,32.5295295715332,32.780444176694374,31.310792479708205,32.260690144240826,9766369
2011-11-14,31.723011016845703,32.69083075313019,31.20684085643481,32.61914243344712,9234412
2011-11-21,30.823291778564453,31.62622608292994,30.3608906592904,31.48642784495784,8684978
2011-11-28,32.93100357055664,33.759027970889086,31.088557969322828,31.24627833903499,12011511
2011-12-05,33.06720733642578,33.64073033226053,32.30011984963696,33.23209540338249,7689952
2011-12-12,32.04203414916992,33.04211696145164,32.031282546003226,32.8951509642761,8418758
2011-12-19,33.29661178588867,33.504514462613926,31.6584856674888,31.819789846610927,5561109
2011-12-26,34.26443862915039,34.37556046715669,33.296618833674174,33.296618833674174,3745640
2012-01-02,34.01710510253906,35.10321438297098,33.88089345904762,34.28952838952195,6969575
2012-01-09,35.10321807861328,35.289612112891454,33.769775185368076,33.927495534574355,8589976
2012-01-16,35.149818420410156,35.66598865152927,34.773443722290665,34.913239255290286,7851333
2012-01-23,34.11747360229492,35.2394299074551,34.11747360229492,35.196415266553736,8910697
2012-01-30,35.117549896240234,35.37205108411039,33.8808908552995,33.995593800865855,8521203
2012-02-06,34.93474578857422,35.468838069058535,34.658735865641496,34.9454973921012,6141810
2012-02-13,34.32179260253906,35.31112112117891,33.988432561750024,35.12831095313696,9200248
2012-02-20,34.945499420166016,35.307538644664575,34.33971603739597,34.590633415881406,7654849
2012-02-27,35.217918395996094,35.48675506057277,34.59062644718628,34.91323208991195,6650441
2012-03-05,35.25376892089844,35.55486867198256,34.23218008799778,35.14623368723362,8468574
2012-03-12,35.97066879272461,36.20366130738716,35.06736967362146,35.07453740850821,7109119
2012-03-19,35.519020080566406,36.11405181854727,35.13189380615476,35.91690344250765,6100733
2012-03-26,35.830867767333984,36.04235431890376,35.189240378292936,35.57636658360589,7354262
2012-04-02,35.37921905517578,36.669647081333935,35.06378115416059,35.88105369982397,6135551
2012-04-09,34.536865234375,35.536948161591816,34.4830989861932,35.379227801067074,8148595
2012-04-16,35.156982421875,35.73408927198973,34.55478027376654,34.583456697107714,10258843
2012-04-23,35.47600173950195,35.47958560665659,33.723169880334666,34.777018767716626,10402715
2012-04-30,34.705326080322266,35.665977924117655,34.61929956238143,35.479583936180696,5655070
2012-05-07,34.974029541015625,36.31338290444743,34.392664021994754,35.360381202126405,9063491
2012-05-14,34.39266586303711,35.02554684724644,33.85545237817759,34.77165699078674,12932482
2012-05-21,34.98139190673828,35.02186510230061,34.03206902469396,34.267561717755136,8215686
2012-05-28,34.61296463012695,36.041097889874074,34.19511033927366,35.194805872891386,10484214
2012-06-04,35.11195373535156,35.35536430132897,34.06528858312304,34.665701500183545,8349563
2012-06-11,35.647464752197266,36.07343120428668,35.11195972682285,35.66369175073226,9519603
2012-06-18,35.64340591430664,36.36958169136169,35.43650816442319,35.78945453070284,7669385
2012-06-25,36.53185272216797,36.53185272216797,34.280305413972485,35.537927295138324,10164623
2012-07-02,36.29655456542969,37.432469664074894,36.26004171189495,36.51156719692919,8841541
2012-07-09,35.980125427246094,36.42637774064859,35.11195989098545,36.26004607908537,8677268
2012-07-16,36.53590774536133,37.24179755484911,35.619061357669764,35.90304082549343,7027784
2012-07-23,37.20123291015625,37.20123291015625,35.00242543530774,36.25598846762269,10375404
2012-07-30,38.00042724609375,38.00042724609375,36.30872420313021,37.14037675120827,8690972
2012-08-06,38.50753402709961,39.14851589618665,37.529835633676385,37.76919017502568,6541447
2012-08-13,38.98624038696289,39.18908207411256,38.10185074358009,38.373659279899115,4401044
2012-08-20,38.9659538269043,39.71241251931334,38.349313915142766,38.888874893462884,5825163
2012-08-27,37.951744079589844,39.35135558728761,37.76918825968941,38.88481747980718,6573339
2012-09-03,39.1566276550293,39.675902818859576,37.60691425468002,37.90306469096305,7184135
2012-09-10,39.72053146362305,39.72053146362305,38.60490209249872,38.94567469128442,7174655
2012-09-17,40.361507415771484,40.56840513495177,39.485229921151394,39.554196765792646,8881259
2012-09-24,39.12822723388672,40.46698677354346,39.12822723388672,40.16272145060291,7031973
2012-10-01,39.598819732666016,40.16271978295637,38.94972584584869,38.94972584584869,6402341
2012-10-08,37.911170959472656,39.34729234532271,37.688046266194284,39.29049645708036,6588311
2012-10-15,38.187049865722656,39.33513611280998,37.817876480440034,37.87467238586813,7629024
2012-10-22,37.144432067871094,38.33714299564149,36.31683558135963,38.18704117388599,9230819
2012-10-29,37.49332046508789,37.75295803318327,36.730634756964776,37.10386411294482,5652706
2012-11-05,37.12009048461914,37.688049414487416,36.592700451847655,37.22151131998941,6376281
2012-11-12,36.59675979614258,37.205284816416494,36.430428160267766,37.164715918782875,6647486
2012-11-19,38.31686782836914,38.40206168462661,36.7387562793073,36.917256083993045,4431339
2012-11-26,38.097801208496094,38.79963519407969,37.93147233539767,38.13431407219731,5159271
2012-12-03,38.389888763427734,38.669809409105405,37.75296289719379,38.150534206012345,5247007
2012-12-10,38.552154541015625,39.02274866366045,38.134300264150106,38.32902983722497,4931151
2012-12-17,38.31686782836914,38.6495283464842,37.951750497338864,38.41422982288283,6697316
2012-12-24,38.130245208740234,38.80367819747443,38.097788402556404,38.316859881637804,1844885
2012-12-31,38.72254180908203,39.424375533203836,38.05316207521908,38.05316207521908,3398632
2013-01-07,37.60691452026367,38.59678386383455,37.3107640818892,38.59678386383455,4717053
2013-01-14,37.45681381225586,37.81381620433401,37.201232266419304,37.61097451185082,6431651
2013-01-21,38.25600814819336,38.38582411464797,37.49331964206861,37.52577363368226,4984513
2013-01-28,38.929443359375,39.04709401148118,37.68805136933499,38.14241572205368,6390019
2013-02-04,37.180946350097656,39.12822813631604,36.81582908004554,38.94972836144151,7477399
2013-02-11,36.55619430541992,38.05316790883209,36.410148512122696,37.233686233336556,8486301
2013-02-18,37.5906867980957,37.5906867980957,35.92332557862882,36.57647557100248,9412058
2013-02-25,38.28846740722656,38.74283179655575,36.617047202775076,37.424357947374354,9859269
2013-03-04,38.59272384643555,38.93349919556346,37.813811175351766,38.138356714264994,6778330
2013-03-11,39.055206298828125,39.27021893240557,38.25195166073667,38.43856634620495,7805397
2013-03-18,38.76716613769531,39.521736880396126,38.23572009293276,38.45073270080596,7875975
2013-03-25,38.450740814208984,39.213426622650715,37.728623908882724,39.02275587422625,6498213
2013-04-01,38.29252243041992,39.351358653209395,38.109963781552565,38.45073917550664,6315865
2013-04-08,37.623138427734375,38.50753080988705,37.42435280327617,38.4182809255672,6833568
2013-04-15,37.84221267700195,38.06128135856495,36.730636642703644,37.56634528383713,8030057
2013-04-22,38.64141082763672,39.07143612594227,37.30670998456502,37.85032708353572,8444265
2013-04-29,39.46900939941406,39.73270305570241,38.5602777634532,38.876711276896785,5777901
2013-05-06,39.663726806640625,39.93147926027795,39.31078333316847,39.464944007368345,4756284
2013-05-13,40.482704162597656,40.97396061877969,39.579296272277205,40.715842428105,7550729
2013-05-20,40.36198043823242,40.83658177661151,39.666730754472745,40.59095638977801,7017330
2013-05-27,41.361141204833984,41.490200319481495,40.18296262695193,40.67421915663705,7411167
2013-06-03,40.416099548339844,41.75664184132256,39.837419064273995,41.21542836081479,6877338
2013-06-10,39.929012298583984,40.753321122022264,39.72501627218466,40.41610361347741,4935467
2013-06-17,38.58429718017578,40.6908632883875,38.58429718017578,40.13299757861929,7364929
2013-06-24,39.496036529541016,39.77496941197942,37.92651840998277,38.6842149200491,8046898
2013-07-01,39.14633560180664,40.070561255959795,38.9423395760749,39.75832079048078,6201538
2013-07-08,40.53683090209961,40.79078676314004,39.28787783193311,39.34200004633858,4807037
2013-07-15,41.190452575683594,41.190452575683594,40.178800120994666,40.482710071299564,4834288
2013-07-22,40.986454010009766,41.336158549004175,40.686703548487905,41.16963244050585,5034381
2013-07-29,41.96480178833008,42.048066292631695,40.37446882040738,40.89070239233134,7261210
2013-08-05,42.089698791503906,42.19377797823055,41.257062409169805,41.96480203431936,4267427
2013-08-12,43.2137565612793,43.234571243889484,41.77745969406624,42.068882581735096,3630018
2013-08-19,43.75496292114258,43.87985677340338,42.27703404209283,43.17211724120399,4495555
2013-08-26,41.42774963378906,43.87985814740918,41.36946506397014,43.69251447463114,5385403
2013-09-02,42.02724838256836,42.19377738982545,41.33616109030997,41.77745776020363,4993903
2013-09-09,42.526832580566406,42.90151998439406,41.735828406726796,41.9856219349593,3970461
2013-09-16,43.567626953125,43.983943718922994,42.256226830044454,42.83906972445743,6604257
2013-09-23,43.005592346191406,43.505173546264245,42.6725372499693,43.4635412981714,4051179
2013-09-30,41.94398498535156,43.27619965567993,41.59427755119507,42.56846007047034,5041866
2013-10-07,41.61092758178711,41.83990350016562,40.82825114501,41.71500675690808,5711141
2013-10-14,42.33948516845703,42.464379024587146,41.28203819553388,41.54848111789742,5107829
2013-10-21,42.3811149597168,42.90151373494656,41.506849292341414,42.256221102314896,5606555
2013-10-28,41.65256881713867,42.693360792925645,41.36114590850982,42.54765222713247,4956581
2013-11-04,41.461055755615234,42.21458994334736,41.094696002047854,41.7358234044002,4670666
2013-11-11,42.15214538574219,42.2562245716291,41.257062076298034,41.46105808942223,5363133
2013-11-18,42.31867599487305,42.67254584213333,41.819094694208964,41.9439914636356,3846521
2013-11-25,42.71417236328125,42.96396298007334,42.29785563146804,42.46438174648915,4180117
2013-12-02,40.99894714355469,42.79744151288817,40.749159388156286,42.67254474666782,6573966
2013-12-09,40.76580047607422,41.20709706241064,40.50768229681162,41.20709706241064,7554192
2013-12-16,41.62757873535156,41.631741093453854,40.615929297097686,40.661723901784526,8952587
2013-12-23,42.42274475097656,42.42274475097656,41.26121865722629,41.55264149231068,2230614
2013-12-30,42.27703857421875,42.880698998073406,42.02724795439886,42.464382261213885,2441535
2014-01-06,41.190452575683594,42.23540678792211,40.67421900750721,42.15214517274586,7017358
2014-01-13,41.11967468261719,41.56929603345994,40.449402126121484,41.23624382287731,6136951
2014-01-20,39.55847930908203,41.381950193539616,39.43774782527974,41.13215962185337,5991650
2014-01-27,38.80078125,39.7874536069249,38.21793848948444,39.662559761286,8442333
2014-02-03,40.17463684082031,40.19961388053979,38.24708644376139,38.8882138642561,8560524
2014-02-10,41.63174057006836,41.63174057006836,40.18295689367134,40.241241460452855,7279669
2014-02-17,41.07804489135742,41.75664220502343,40.46605686838408,41.631745452193414,7716145
2014-02-24,41.531829833984375,41.65256133486547,40.83657733728427,41.07388086919769,6617266
2014-03-03,41.01559829711914,41.71501029775867,40.37446798205544,41.10302515826419,9317436
2014-03-10,39.60428237915039,41.456895941273466,39.43775625858997,40.98645697880841,8713791
2014-03-17,40.6325798034668,40.6908643683782,39.450236185052724,39.61259991751729,9413209
2014-03-24,41.236244201660156,41.377790381475734,40.07888039352663,40.57429924418291,6085704
2014-03-31,41.27787780761719,41.50685375550299,40.620098029331935,41.36946991988411,5793487
2014-04-07,40.628414154052734,41.35280885034385,40.40360350099017,41.094690668719124,6631226
2014-04-14,41.10718536376953,41.261221508088084,40.13716522483589,40.50768733139202,5551274
2014-04-21,42.85988235473633,43.08885539411952,41.1071857376437,41.1071857376437,6358781
2014-04-28,43.005592346191406,43.19293312982823,42.6933519297554,42.96396009809857,4249345
2014-05-05,43.67170333862305,43.67170333862305,42.360303299801295,43.068042911593324,5001270
2014-05-12,45.02181625366211,45.8109265263398,44.23270894046609,44.78721814193325,6628810
2014-05-19,45.2137565612793,45.40570259879708,44.63792140820724,44.85119346790198,3836409
2014-05-26,45.57632827758789,45.810929363326835,45.2137651156145,45.25642012751993,3935521
2014-06-02,46.16452407836914,46.84486441469993,45.31058057467569,46.7228716400348,6670334
2014-06-09,46.17391586303711,46.629039751482715,45.89239516928682,46.263064329348175,5265104
2014-06-16,46.32405471801758,46.96685703313682,45.78916693192218,46.05660934522919,7378785
2014-06-23,45.71409606933594,46.36628589222692,45.29651026617611,46.23490858821156,5844240
2014-06-30,47.670658111572266,47.787957158247,45.765707979959885,45.88300702663462,7057529
2014-07-07,46.3803596496582,47.52989918377883,46.07068839121572,47.52989918377883,5470273
2014-07-14,46.19267272949219,46.84955323082405,45.639018928195725,46.389738655580395,5191190
2014-07-21,45.803245544433594,46.72287781443568,45.667177459186114,46.08007249325504,4570106
2014-07-28,43.9217529296875,46.90586002007869,43.82321996105203,45.981537080148335,7638664
2014-08-04,43.69184112548828,44.5598599040203,43.22264202569917,44.28772673453791,6955400
2014-08-11,44.161048889160156,45.1604421241765,43.84199310495253,44.1141263095871,6469521
2014-08-18,44.644325256347656,45.09475540421266,44.409724186357664,44.57394582319515,4428336
2014-08-25,45.62495040893555,46.197373324207774,45.10883162954924,45.16044202774711,5206814
2014-09-01,46.29121398925781,46.82141103854877,45.277742471593264,45.57803219205637,5650888
2014-09-08,45.92523956298828,46.309984018420835,45.27774344617095,46.20206651921044,4887225
2014-09-15,46.4882698059082,46.816710064676045,45.38565295362631,45.807932440761775,5787998
2014-09-22,44.8789176940918,46.52111609800039,44.66308568401663,46.34282214844701,6963416
2014-09-29,44.03436279296875,45.4935736461794,43.813839984491665,44.83200226126659,7829719
2014-10-06,43.269569396972656,44.83669780826852,43.269569396972656,44.4097245088719,9934100
2014-10-13,43.166343688964844,43.88421920702561,40.9001118216881,43.095964258475234,13194164
2014-10-20,43.476016998291016,44.03905538977492,42.25140427955241,43.18980258518609,9498311
2014-10-27,45.16044235229492,45.610872483137776,43.30710551139163,43.94052334530839,10238325
2014-11-03,44.888301849365234,45.88769795234231,44.25488407665397,45.043138949073125,7698601
2014-11-10,45.559261322021484,45.911161428077115,44.89299917313,44.95399408663988,5344637
2014-11-17,46.99031448364258,47.248375328024636,45.057213897836995,45.17920667366067,6398851
2014-11-24,47.48298645019531,47.48298645019531,46.91994795079248,46.91994795079248,4889062
2014-12-01,47.99909973144531,48.21023802130894,47.01377883363719,47.107618073576575,5887591
2014-12-08,45.423194885253906,47.78795977700441,45.423194885253906,47.6472009132812,6391417
2014-12-15,47.48298645019531,47.97564846659008,43.640244030586814,45.32466874975543,13439920
2014-12-22,48.21023178100586,48.60905145860679,47.45951203970043,47.85833171730137,2161521
2014-12-29,47.57681655883789,48.726356110256916,47.389138081617546,48.280616767377126,2797514
2015-01-05,46.78386688232422,48.18677344282547,45.521722127283965,47.38913406331096,8441626
2015-01-12,48.86710739135742,48.937489768883786,46.30058922400261,47.060690490269536,7238263
2015-01-19,51.54154968261719,51.61192614621883,48.679432427545436,48.843651081405454,8586819
2015-01-26,52.55032730102539,52.87877054600854,51.23657207798115,51.33041131398697,8134713
2015-02-02,52.644168853759766,53.48872783898506,52.2922687833357,52.52686685729762,6241588
2015-02-09,54.403663635253906,54.732100940903514,51.94036904547581,52.31572596621822,6292228
2015-02-16,54.356746673583984,54.7086467634392,52.55032660692476,54.28636428802786,7503593
2015-02-23,55.41244888305664,55.41244888305664,53.86408961728052,54.685191828675805,6208781
2015-03-02,55.647056579589844,55.88165471519649,54.54443646379267,55.36553881686186,5574080
2015-03-09,56.60890579223633,56.93734311233684,55.01362697096564,55.2013054395945,6609441
2015-03-16,57.14848327636719,57.96957952068809,56.60890472970558,56.60890472970558,7984297
2015-03-23,56.37429428100586,57.31269833712297,55.60011774151542,57.28923557218719,6534258
2015-03-30,56.2100944519043,57.3361713502189,55.83473153982372,56.70275346485216,5535854
2015-04-06,57.52385711669922,57.664616006907345,56.210101555792384,56.210101555792384,4567672
2015-04-13,56.23354721069336,57.7819065325077,56.06933149764134,57.476926038320904,7890628
2015-04-20,55.975486755371094,58.15726393273741,55.55321016570173,56.30393002185488,7965636
2015-04-27,54.802494049072266,57.12503024814316,53.84063879193249,56.02241611817539,6786074
2015-05-04,56.58544158935547,56.58544158935547,53.770246874418575,55.31860603927075,7366233
2015-05-11,55.0370979309082,56.53853790281549,54.23945831576772,56.53853790281549,6201027
2015-05-18,56.85966873168945,57.14744238909009,54.84523497839909,55.49272873279818,4944901
2015-05-25,56.2601432800293,57.84291083648587,56.02033184738333,57.14745465656427,5587521
2015-06-01,54.677371978759766,56.811708473189505,54.605425536606695,56.33207964332524,6576896
2015-06-08,55.10902786254883,56.8117037128777,53.55024488446915,54.53347452503702,8300938
2015-06-15,54.31765365600586,55.18098073776811,53.26247140568867,54.26969137649105,13041555
2015-06-22,57.5311393737793,57.986784013541254,55.27690033782312,55.54069587673692,8608495
2015-06-29,54.7253303527832,56.428000173823044,54.197739282618556,54.749308464793366,9633095
2015-07-06,55.92439270019531,56.09226368454791,52.30321378370084,53.76607826785415,10273842
2015-07-13,57.91484832763672,58.17863783747041,56.49995201827414,56.883650251119995,6859431
2015-07-20,56.380035400390625,58.63428035418607,56.28411085561143,58.1546515797953,5401804
2015-07-27,56.85966873168945,56.85966873168945,54.3656122160647,56.16420665056163,7125243
2015-08-03,57.81892013549805,58.73020943172795,56.61985113222509,56.83568439988356,5676278
2015-08-10,55.42079162597656,58.46641752390987,54.82126011230383,57.938826403600295,6370975
2015-08-17,51.31998825073242,56.140230454495374,51.31998825073242,55.85245073677374,7346144
2015-08-24,51.631744384765625,51.631744384765625,47.16162937661286,49.809162759344794,17380363
2015-08-31,50.26480484008789,52.23127319387495,49.59332998104298,51.24803750435767,8722986
2015-09-07,50.31277084350586,52.5909971713977,50.264808566107845,50.816380806680414,6385101
2015-09-14,49.54536819458008,51.22405989657696,48.921852577996795,50.48063859420748,8628119
2015-09-21,49.857120513916016,50.67248518746567,47.789932676974196,49.56934688224958,8584771
2015-09-28,50.6724853515625,51.41590661960302,48.20241321218968,49.76119613117293,9090463
2015-10-05,52.974693298339844,53.166542400354786,51.487850656733656,51.727668084747535,6799892
2015-10-12,52.92673110961914,53.166542487531025,51.272023526284286,53.142564374987444,5953515
2015-10-19,55.588653564453125,55.90041135285092,51.895528425428225,52.806823680241976,6905770
2015-10-26,56.54792022705078,57.31532282370875,55.10903960200507,55.27691062172608,7275722
2015-11-02,58.8501091003418,58.87409326241393,56.02031680354902,56.068279077198305,8147997
2015-11-09,57.387245178222656,59.137883124875444,56.85966021864499,58.68223854362935,6567108
2015-11-16,55.75652313232422,59.305755702693574,54.125799723380204,56.88364567640662,13181330
2015-11-23,55.636619567871094,56.116242312583864,54.317647944168364,55.73254411681365,6483492
2015-11-30,50.57656478881836,55.75652386108336,49.97703331512847,55.15699238739348,16060324
2015-12-07,49.37750244140625,52.27924152164109,49.089728765026095,51.12814076562477,9053077
2015-12-14,50.240821838378906,51.39192241837266,48.94583141695039,49.40147602679113,11226834
2015-12-21,49.881107330322266,50.768418538082436,48.61010092855923,50.19286515871109,5234312
2015-12-28,50.36073303222656,50.67248781603708,49.68925513967806,50.048975223168505,2432940
2016-01-04,45.6124382019043,49.37750124532561,45.6124382019043,49.32953896709072,13317475
2016-01-11,45.243125915527344,47.315112107154114,44.96014725829871,45.36782965652972,15142059
2016-01-18,46.226356506347656,46.80670489735219,43.535655830322426,45.23832876161006,13899386
2016-01-25,45.66999053955078,46.7251666418712,44.912181147794264,46.566891739146925,10101105
2016-02-01,45.722747802734375,46.31748424872854,44.65318362362418,45.96256220324307,12142744
2016-02-08,45.01290512084961,46.02012207191247,43.65076911458489,45.96736174900893,13353209
2016-02-15,45.63161849975586,46.64362728175522,43.61718794473461,45.74672613768082,11869408
2016-02-22,46.01052474975586,46.48535551092095,44.08722359267548,46.048893964974496,7787408
2016-02-29,46.79711151123047,47.128055454951415,45.28629072334435,45.564474347683124,6792129
2016-03-07,47.63645935058594,49.20963358257662,46.389431032852436,46.6868007900859,8972714
2016-03-14,47.012943267822266,48.03454517145305,46.1112470517719,47.881065286300604,7658065
2016-03-21,47.06090545654297,48.058526220828,46.552500501738315,46.792314901706895,4996276
2016-03-28,46.5189323425293,48.56213943650573,45.86664350347049,47.060911565194985,5598138
2016-04-04,45.26710891723633,47.00815121883219,44.610022035218265,46.28391593310847,6638578
2016-04-11,48.75398635864258,48.77796749665605,44.87860783348519,45.199955687915335,7963669
2016-04-18,50.31277084350586,51.15211674846649,48.03454754086174,48.154453234356765,7184801
2016-04-25,47.48298263549805,50.720457830458734,47.01294985413517,50.2648131285717,9691343
2016-05-02,45.785099029541016,48.154448616899366,45.08484198103257,47.75156431528895,7496355
2016-05-09,46.14481735229492,46.379833705611475,45.0128998172771,46.024911666979854,6482971
2016-05-16,46.605255126953125,46.76832805194469,45.55007613131768,46.06327604083542,5749629
2016-05-23,48.16254425048828,48.542007737641725,46.22579028942932,46.81716720570232,6800950
2016-05-30,46.930519104003906,48.64057933428931,46.83688415365165,48.13791044037558,6998428
2016-06-06,45.935028076171875,47.26069452231219,45.56049146505684,46.91572520041318,8394207
2016-06-13,44.99869155883789,45.792118939061446,44.48123905471037,45.53092770973014,11950352
2016-06-20,44.7818603515625,47.630314481479665,43.93422200891022,46.142021312171345,11743939
2016-06-27,46.65946960449219,46.99950901368872,43.490683900442235,44.55023243806685,11480722
2016-07-04,44.28904724121094,46.95023450812192,43.811018778162556,46.91080730114266,9668159
2016-07-11,47.255767822265625,47.30012186756342,44.58965421022303,44.594581055958336,6588264
2016-07-18,47.132568359375,47.71901534885655,46.27014649886803,47.26070054862901,4620503
2016-07-25,47.009368896484375,48.02949029938327,46.58554821027664,47.07836028699367,5363224
2016-08-01,45.93996810913086,46.506701549749636,44.87056266577636,45.83647635732932,5802768
2016-08-08,47.81265640258789,47.95064230152928,45.880832058464165,46.05331520924606,4499308
2016-08-15,48.4730224609375,49.207312190358735,47.70916232776738,47.71408917418197,5871636
2016-08-22,48.76377868652344,48.817989536612615,47.664806013560245,48.46809020517407,4438430
2016-08-29,48.758853912353516,49.1284637762047,47.97035639234771,48.576513957990315,5030888
2016-09-05,47.122718811035156,49.010189150792996,47.04387061199051,48.75885468804941,5037950
2016-09-12,48.70371627807617,50.191238429307106,46.22086858783624,46.32435722838685,15214771
2016-09-19,48.77455139160156,49.467716714382945,48.25847278086369,48.72395563222062,12555540
2016-09-26,48.293888092041016,49.083184391922416,47.16559679930289,48.36472277387913,12905275
2016-10-03,47.054283142089844,49.47783135765304,47.054283142089844,48.3191832599785,7222513
2016-10-10,47.14030456542969,47.53495588405929,45.824808459119744,46.04237304611052,8206785
2016-10-17,47.190895080566406,47.55012590448414,46.507850775118634,47.11500299575023,5741564
2016-10-24,47.3173828125,48.31918313124956,46.25992622972653,47.271847564709645,7714128
2016-10-31,45.996829986572266,47.560247357589525,45.60218181664745,47.07958608513725,6220173
2016-11-07,48.045963287353516,48.43049350185416,45.5465200015194,46.62421546033144,8099137
2016-11-14,47.48435592651367,48.8959861299495,47.094768234223956,48.40520380159033,7354451
2016-11-21,47.93465042114258,48.19269280387308,46.98344590748249,47.75250633097876,4463230
2016-11-28,48.223060607910156,49.584091965473185,47.32245164259656,47.894186582468905,7449956
2016-12-05,52.619842529296875,52.79692923421464,48.0611452094617,48.16233672415176,9504891
2016-12-12,53.657066345214844,53.78355418415717,52.24037270822594,52.594546117473165,10273954
2016-12-19,53.226993560791016,53.75825363289051,52.92341904109421,53.505271758056445,6124808
2016-12-26,53.45467758178711,53.55587531406306,52.79692962303743,53.22699822626788,3113205
2017-01-02,53.657066345214844,53.910042023099486,52.74633649767644,53.12580623134401,5746476
2017-01-09,53.10050582885742,53.631759685087886,52.16447972878454,53.631759685087886,6331105
2017-01-16,52.13918685913086,52.822234278282636,51.607926719206,52.645147564974344,6635002
2017-01-23,51.73441696166992,52.72104203413456,51.658524877309844,51.91150367254411,5468511
2017-01-30,51.05137252807617,51.73441682764942,50.59600758941373,51.65852474348595,6290590
2017-02-06,51.40553665161133,51.55732391008452,50.2418281198101,50.975471198393926,5329816
2017-02-13,53.02461242675781,53.581168841012044,50.848982524816705,51.40553893907094,8579222
2017-02-20,51.6838264465332,53.505283282288566,51.354952425150465,53.35349288132674,6081603
2017-02-27,52.0126953125,52.670443290070544,51.50673461242563,51.91150379416921,6189348
2017-03-06,51.75971603393555,52.21507786217717,51.38024628952401,52.03799426096006,5462865
2017-03-13,53.378787994384766,53.4799795086571,51.810310197902595,51.96209746931111,7134498
2017-03-20,53.73295974731445,54.08713318575376,53.12581061013945,53.22700213300195,4906942
2017-03-27,54.188323974609375,54.21362030077207,53.12580989052483,53.35348925967115,5712705
2017-04-03,55.27614212036133,55.27614212036133,53.70766416888413,54.2895169876582,6252109
2017-04-10,54.39070510864258,55.20024346900574,53.85945119366624,55.149650818456,5075969
2017-04-17,53.50527572631836,54.71958011200555,53.35348534679224,54.390703028645824,6708806
2017-04-24,55.95917892456055,57.09758808188399,54.795473443787344,55.1496468394454,10690225
2017-05-01,58.26131057739258,58.26131057739258,55.95918929579053,55.95918929579053,6217663
2017-05-08,57.831233978271484,58.311895231137996,57.07229450355166,58.28659890647151,6211941
2017-05-15,57.36526870727539,58.37485904331103,56.20036118522881,58.19365035834187,7236883
2017-05-22,57.442935943603516,57.90890026904266,56.847539557255594,57.572368004512285,4343428
2017-05-29,57.520591735839844,57.701800419174006,56.07092863071421,57.44292996276127,5939095
2017-06-05,56.847537994384766,57.546481282553785,55.96738600899636,57.46881950352432,5086889
2017-06-12,56.847537994384766,57.46881950352432,55.21666608095834,56.847537994384766,8023373
2017-06-19,57.72768783569336,58.944372031170886,57.18406176422615,57.339385316516164,7402374
2017-06-26,56.01914596557617,58.0900966708903,55.96737569679412,57.98654977177928,6832914
2017-07-03,55.6049690246582,57.10640253025961,55.29432826779737,56.45923587718658,5708810
2017-07-10,56.64043426513672,56.95107496544972,55.397865102337754,55.81205270275509,4935401
2017-07-17,54.90602493286133,57.28761039570819,54.595377818969965,56.64044375204661,5861947
2017-07-24,54.362396240234375,56.04503833929514,53.89643195327283,55.21666303940593,6543144
2017-07-31,54.854248046875,55.00957160312274,53.430469986430815,54.62126907405141,6667668
2017-08-07,53.249263763427734,55.009570871024856,52.88684637803828,54.90602395542043,4641359
2017-08-14,53.352806091308594,54.82835746372623,53.093935643783425,53.43046468094719,5072193
2017-08-21,53.37869644165039,54.103524816164395,52.91273216297472,53.27514635023172,3973778
2017-08-28,53.3010368347168,53.68933935580459,52.187899548106245,53.1974867390893,4863381
2017-09-04,53.48224639892578,53.89643406509953,52.705638163302034,53.09394069072691,3996214
2017-09-11,54.82836151123047,55.57908141138945,53.7670008680378,53.818771144436155,7994462
2017-09-18,56.821651458740234,57.080515567079004,54.85424733838762,55.216664723919415,5840436
2017-09-25,58.4266357421875,58.4266357421875,56.640446556608865,56.79576375969707,6978282
2017-10-02,59.37150573730469,60.02643981478921,58.40333540368858,59.11522441935515,5612643
2017-10-09,59.456932067871094,59.684739110781926,58.97285005362089,59.57083558932651,3907062
2017-10-16,59.77016067504883,59.912538483370824,58.716567438085264,59.513885709307715,5399351
2017-10-23,62.190582275390625,62.532292826022264,59.5138846172901,59.77015957832884,8873695
2017-10-30,63.47196578979492,63.47196578979492,61.592580522315735,62.1905658763028,5274757
2017-11-06,60.73832321166992,63.55740472523129,60.53899685034173,63.27264914530685,7714599
2017-11-13,59.85557556152344,61.0515463202196,59.31453874723837,60.966123472625064,5887000
2017-11-20,60.53899383544922,61.336305602602465,59.656252853954165,59.79863063682585,4958596
2017-11-27,58.77351379394531,60.795283684891665,58.68809092911172,60.282721049698644,7561192
2017-12-04,61.421749114990234,61.706504747020375,59.20065264053579,59.34303681809932,6778815
2017-12-11,61.73497772216797,62.019733348129165,60.59595521832319,61.848881244862106,7647269
2017-12-18,60.68137741088867,62.27600745896352,60.140340512020174,62.019726153020805,5722281
2017-12-25,59.82711410522461,61.02308512032295,59.82711410522461,60.68138093359427,2476825
2018-01-01,61.848880767822266,61.848880767822266,59.14370234205594,59.82711711140129,5145796
2018-01-08,61.39327621459961,62.646195934670956,60.85223922917866,62.36144029619136,6795205
2018-01-15,62.076690673828125,62.53230482878987,61.19394938130088,61.39328216448395,6707709
2018-01-22,61.99125289916992,62.64618695688565,61.13698610615557,62.01972718662753,5734729
2018-01-29,59.485408782958984,62.41839436265419,59.485408782958984,61.934305967120345,6434576
2018-02-05,55.77789306640625,59.371506036520856,55.481743926391545,59.314551098051766,12558139
2018-02-12,58.09010696411133,58.431811155570934,55.33367364425653,56.72327747517683,10427477
2018-02-19,58.57419204711914,58.915896256574825,57.406695243005785,58.4033399423913,6773800
2018-02-26,56.73466873168945,59.172172104284975,56.58659734543369,58.94437143963328,7819019
2018-03-05,58.830467224121094,59.17217139779272,56.59798384021229,56.63215807450808,6961470
2018-03-12,57.89078140258789,59.05827829011148,57.40669934434969,59.02980399754726,7804445
2018-03-19,56.51825714111328,57.7768766897733,55.424796101623485,57.69144746168429,7487440
2018-03-26,56.65492630004883,57.17887603594964,55.69814962780335,56.68910053065589,6824853
2018-04-02,57.66298294067383,58.14706501771813,55.39063124867959,56.65494459696812,5915152
2018-04-09,57.66298294067383,58.118590724047706,56.6093895440249,57.8338350642454,5754088
2018-04-16,59.627777099609375,59.79863554230907,57.46363589473738,57.719917197239425,5654690
2018-04-23,61.108516693115234,61.108516693115234,59.1152273504172,59.45693155026044,7140485
2018-04-30,61.87734603881836,61.934294610651364,60.93765007274244,61.05155357795579,5048678
2018-05-07,61.56412887573242,62.07668521264855,61.393276763427046,61.76345527983058,5160616
2018-05-14,63.78520965576172,64.29777227866595,61.10851211395525,61.649542662906946,8013669
2018-05-21,63.44351577758789,64.52558341264462,62.87400448706895,63.95607212212568,5998528
2018-05-28,62.9476318359375,64.17274616327853,61.40165485301339,64.0268989092348,8340467
2018-06-04,63.881046295166016,64.58111435914884,62.83094745747429,63.15181008613495,5891450
2018-06-11,64.55195617675781,65.71873429128277,63.61853629176425,63.88105615427954,7495024
2018-06-18,63.50185012817383,64.58111715768234,62.48091939128972,64.49360620218044,5598101
2018-06-25,62.83094024658203,63.44349728855404,61.255795429100935,63.210145638384084,6560846
2018-07-02,63.735206604003906,63.735206604003906,61.66417682831593,62.21839771615052,6406648
2018-07-09,63.91022872924805,64.55195406461307,63.472686950617586,64.05607598879153,5182475
2018-07-16,63.38516616821289,64.90197482584473,62.68509812755019,63.997723260080946,5189303
2018-07-23,65.04782104492188,65.10616384872695,62.480913624745455,63.06430256340801,4954208
2018-07-30,63.09347152709961,64.31858570758878,62.77260890997766,63.0059605785369,5805902
2018-08-06,62.07253646850586,64.11439763553976,61.81001015800292,62.80177259958939,5421084
2018-08-13,61.75168228149414,62.947628395983635,61.08078234293004,62.01420862773945,4715119
2018-08-20,62.80178451538086,63.18098998211915,62.072548245934584,62.10171639339932,3692391
2018-08-27,63.29766082763672,64.3769343866142,62.88929374125293,63.210156387653925,4436635
2018-09-03,61.69333267211914,63.589346662059846,60.993271181392636,63.12263682938734,5858414
2018-09-10,62.16005325317383,62.42257307178621,61.16829071837337,61.54749614880338,4352088
2018-09-17,64.3477554321289,64.4352598574145,61.489147208180846,61.985031684389625,7633819
2018-09-24,66.09790802001953,66.21458709021535,63.70601640554137,64.28940523995688,7236868
2018-10-01,65.22283935546875,67.23553258765332,65.10616677574268,65.98124370651315,6074271
2018-10-08,61.31413269042969,65.77705393874776,61.10994917870382,65.04781780177771,8009143
2018-10-15,61.664161682128906,63.64768652510465,60.7015739185446,61.751672622711204,8512313
2018-10-22,62.21839141845703,63.47268032625272,61.10995627154852,62.218391418457024,9282350
2018-10-29,61.69333267211914,62.860110512082656,60.905760236769574,62.160049021356144,7383339
2018-11-05,62.21839141845703,62.860116686847995,61.45998705129539,61.83919249315878,4730921
2018-11-12,61.518314361572266,63.035129391026594,60.934925469450796,62.6850921458152,5957061
2018-11-19,60.23487854003906,62.043381935177834,59.41813128745434,61.78085556709234,5077934
2018-11-26,62.276729583740234,62.68509662414837,60.55573092571791,60.672410015790796,7048028
2018-12-03,61.518314361572266,64.05605995223915,60.38071123518675,63.88103807135137,7089305
2018-12-10,62.53925704956055,63.26849330611611,60.555738341668665,61.02244824255114,6998982
2018-12-17,62.77260971069336,62.94762509348645,61.343305470847525,62.42257242854231,8778564
2018-12-24,61.98503494262695,62.88928648416224,60.75991427515188,62.3058975520021,2771448
2018-12-31,62.451744079589844,63.26848466544939,60.759913588810434,62.451744079589844,3666017
2019-01-07,60.23487854003906,62.976801781075444,60.14736757848864,62.685107264661724,6032676
2019-01-14,61.576663970947266,61.75167935462713,59.53480262269739,60.08902343482105,5532854
2019-01-21,61.37247085571289,61.69333346250067,60.701577499077445,61.34330271265301,4679905
2019-01-28,62.13087463378906,62.27672838098678,60.70157698683538,61.25579776655442,5774166
2019-02-04,60.905765533447266,62.422574250683496,60.759918290768205,61.81001713474444,5634161
2019-02-11,62.33506774902344,62.451746842612565,60.934931659083574,61.255800795594894,7085708
2019-02-18,63.881046295166016,64.31858802058466,61.926695861588776,62.24755849024944,5394513
2019-02-25,64.43526458740234,64.72695905956189,63.53101302702072,63.88104378698626,5330172
2019-03-04,64.66862487792969,65.48536551663773,63.93938867378055,64.46443483082894,5975177
2019-03-11,66.36046600341797,66.76883968592752,64.5811305116621,65.04784049885872,8266752
2019-03-18,64.55195617675781,66.47713876241079,64.43527706199211,66.44797061286087,6232667
2019-03-25,66.12709045410156,66.38961024722022,64.37692374496756,64.52277097072873,5485070
2019-04-01,67.99393463134766,67.99393463134766,66.27293594000972,66.38961503234131,5373984
2019-04-08,67.4688949584961,68.25646750324535,67.06052135446983,67.96477300273594,5095903
2019-04-15,69.01485443115234,69.27738071846919,67.14800879714376,67.67306137177746,4548550
2019-04-22,69.27739715576172,69.48158069625224,68.2564664201785,69.01487080615583,4252291
2019-04-29,69.16071319580078,69.42323952696512,68.40230886309867,69.42323952696512,4247701
2019-05-06,66.2437744140625,68.89819307610976,65.92291176551883,68.28563592587815,6375250
2019-05-13,68.89818572998047,68.95652853403664,65.98124102411428,66.50629367779608,7229293
2019-05-20,67.85382843017578,69.07722587626014,66.83930127995552,69.07722587626014,6187997
2019-05-27,66.54090881347656,68.62963835758144,66.30220086526522,68.24172877579011,5544211
2019-06-03,69.7635269165039,70.27079388404654,66.2723668041907,66.36188646497615,6722669
2019-06-10,70.86756896972656,70.86756896972656,69.22642418665262,69.76352211597194,4757906
2019-06-17,73.0159683227539,73.94097579509061,70.44981619538162,70.77804379315992,8205483
2019-06-24,73.4337158203125,73.49339114151564,71.82240882024352,73.04580623406004,5894667
2019-07-01,73.10548400878906,74.20952405043627,72.59821714321697,74.06032908988158,4408372
2019-07-08,73.40387725830078,73.79178017364573,72.44902546776814,72.80709738902186,4342430
2019-07-15,72.7474136352539,74.03049298949307,72.5087056930273,73.5530704388961,4519364
2019-07-22,73.9708251953125,74.56760516458434,72.38936227642917,72.83694725338304,5025503
2019-07-29,72.41919708251953,75.91035709846909,72.32967742420502,73.70226996611062,7902713
2019-08-05,73.10548400878906,74.23936170931847,71.70304737988887,72.15063226155291,7399747
2019-08-12,73.52322387695312,74.92566049272085,71.5240140906985,73.46354855974751,5978428
2019-08-19,72.95629119873047,74.86598825784267,72.95629119873047,73.88130539887075,4344642
2019-08-26,75.58212280273438,75.76115543744575,72.80710029934745,72.92645094505892,4422910
2019-09-02,74.77648162841797,76.08939221868039,73.97082467587148,75.5522942497944,4906984
2019-09-09,75.67164611816406,76.80552397034936,73.49339673626795,74.77647623510722,6153882
2019-09-16,78.05876159667969,78.26763857565302,75.04502422877495,75.46277152057688,6679218
2019-09-23,77.22327423095703,78.20795714065605,76.35794197735865,77.79020984586944,4279997
2019-09-30,75.7909927368164,78.26763194794947,74.41840032239382,77.28294246252447,6481354
2019-10-07,78.31536865234375,78.51230655055035,75.45977912756427,76.2475307203907,6361764
2019-10-14,77.13375854492188,78.57796555310246,76.80553089145268,78.1184481714746,5934764
2019-10-21,76.67423248291016,77.13374981251549,75.85365677599042,77.13374981251549,4528435
2019-10-28,77.75739288330078,78.77489989601173,76.11624802444307,76.60858948225693,5799216
2019-11-04,78.47948455810547,78.87335366546623,77.49479512434404,77.95431908214731,5344044
2019-11-11,79.69393157958984,79.89086947196398,77.56044552270477,78.38101451914365,5105507
2019-11-18,80.05498504638672,80.64579873660979,78.67641976919958,79.75957486820312,5261308
2019-11-25,80.77709197998047,80.94120579008779,79.56264711872842,80.12063007340669,5405677
2019-12-02,80.35039520263672,80.87556074865756,77.62609518294717,80.61298130871948,6348230
2019-12-09,81.23660278320312,82.05717843390565,79.26723055411854,80.38320970603338,5552844
2019-12-16,83.30445861816406,83.9937379921528,81.43355174635624,81.43355174635624,7102139
2019-12-23,83.2716293334961,83.56703285647563,82.38541209841307,83.37009495244114,1617282
2019-12-30,82.91056823730469,83.56702339903107,82.2869305007497,83.17314763553779,2794796
2020-01-06,82.58234405517578,83.00903726140133,80.15344785776665,82.28693388732617,5051065
2020-01-13,84.94559478759766,85.24099829876351,82.2541190949555,82.84492611728719,6000205
2020-01-20,85.73335266113281,85.79900085848706,83.86245236413313,84.94560762360747,5226136
2020-01-27,85.8318099975586,86.84931688233765,83.30444816594509,84.91276872550422,7588929
2020-02-03,88.55610656738281,89.24539254837353,86.19286510680756,86.19286510680756,6024678
2020-02-10,91.11628723144531,91.90403878270851,87.66988419388458,87.96529435868021,6719553
2020-02-17,91.41169738769531,92.36356280377295,90.4270145430448,91.28040767497077,5064193
2020-02-24,80.67861938476562,90.29572595057532,79.82522624225201,89.96749166547524,14631321
2020-03-02,80.94121551513672,85.40512635191074,79.79241204021275,81.46638110380748,11321914
2020-03-09,69.15779113769531,78.18407678089227,64.83173698107066,77.49479748929605,22623379
2020-03-16,68.99366760253906,73.52321849848609,62.27154225430352,66.07243038260826,17043107
2020-03-23,70.17529296875,73.42475796582052,65.77703145723075,66.76171418390109,11886456
2020-03-30,75.62389373779297,76.5757523948642,69.78141876473109,71.94772881099308,8900828
2020-04-06,77.75739288330078,79.30006545090883,76.14907212152629,77.88868260548885,6832502
2020-04-13,79.30006408691406,82.02436410579006,77.75739154584063,77.75739154584063,7544972
2020-04-20,75.68954467773438,80.28475140831968,75.55825496147322,80.0878135008557,6548701
2020-04-27,76.21470642089844,79.26723383565654,75.72236500978111,77.36350971298305,4833995
2020-05-04,78.70924377441406,79.03747804604238,73.62170255712101,75.49260257483849,6092961
2020-05-11,75.3849105834961,79.75018964977927,74.24322892711058,78.80997601179743,5862939
2020-05-18,78.80998229980469,79.81734975105753,76.32513031122646,76.92955487380746,6086057
2020-05-25,81.99999237060547,82.43652239163369,77.50040513260782,79.58230075359533,8044841
2020-06-01,85.12284088134766,85.49221033167588,81.56346750161453,83.00736502204013,7720669
2020-06-08,82.63799285888672,86.49958182012185,82.06714856169033,84.61915434932381,7353497
2020-06-15,86.02947235107422,86.86895207472365,80.15314156439102,81.26124988941297,8415402
2020-06-22,84.68632507324219,86.96969571637023,83.57821662563526,85.5593783538583,5914559
2020-06-29,87.54052734375,89.28663365090014,84.41767733852164,84.68631275023768,6200371
2020-07-06,90.66337585449219,91.09990583394175,87.40621160695432,88.85010901937389,5655073
2020-07-13,93.21537780761719,94.08843091189028,90.32758309825192,91.40211104500574,7171464
2020-07-20,93.4168701171875,95.39803181568473,92.40949571642497,93.34970955056455,5952613
2020-07-27,93.75264739990234,95.49876053281398,93.08106909786005,93.65191338248219,6535583
2020-08-03,94.05486297607422,96.50613486479912,93.0810757326448,94.05486297607422,4967321
2020-08-10,93.98770141601562,96.2374914289941,93.1818020073744,94.05485515359211,3832888
2020-08-17,92.77885437011719,94.86075667568039,91.80506718598156,94.02128378940563,4473969
2020-08-24,93.75264739990234,95.83454968383512,93.31611741174557,93.45043852792641,4294779
2020-08-31,93.21537780761719,96.64043649035938,92.54379954582483,94.22275202002082,5864700
2020-09-07,95.36444854736328,96.1367677604874,92.61096769775442,93.34970662861816,4467412
2020-09-14,93.8533935546875,96.2710783069098,93.38328326084948,95.9017088559153,6189511
2020-09-21,90.29401397705078,93.61833905913073,89.42096076491191,93.51759821558629,6041929
2020-09-28,90.76410675048828,92.64453407773017,89.38736994213573,91.33495100410511,5197861
2020-10-05,89.68959045410156,91.53643774414553,88.21211262206639,91.20064856772225,4827320
2020-10-12,90.52906036376953,91.26779919939973,88.11136900900568,89.65600041641366,4850715
2020-10-19,89.5552749633789,91.40212222900392,86.60031933837888,90.56264247932933,5204589
2020-10-26,84.28336334228516,89.68958367760816,83.0073604764555,89.28663396845869,7375210
2020-11-02,92.61096954345703,93.18181389411176,84.18263223507104,84.61916227372356,6738879
2020-11-09,93.3497085571289,97.00982300480153,93.3497085571289,93.81981887905393,8711782
2020-11-16,93.68548583984375,94.32349067573284,92.20801495509538,93.88696069224476,5766455
2020-11-23,92.74528503417969,94.15560227371458,90.02538457805561,94.0212879698817,5708017
2020-11-30,90.39474487304688,93.55117525971676,89.68958627149932,92.64454179776767,5813878
2020-12-07,90.99917602539062,92.24159873782027,89.62243900289954,90.42833168298431,5327605
2020-12-14,90.26042938232422,92.610960296389,89.72316536824414,91.6035928273822,6908517
2020-12-21,90.32759094238281,90.7641141225699,87.90989944237462,89.52169150247487,3648154
2020-12-28,90.15970611572266,92.54381759369237,90.15970611572266,90.96559882309545,2115618
2021-01-04,92.1072769165039,92.54380691325021,89.454537115467,91.30138430213886,5517508
2021-01-11,88.9172592163086,92.14084987684421,88.54789662803078,91.77148046885134,5889851
2021-01-18,88.6822280883789,90.02539169199405,87.20475017031718,88.61506752129742,5555704
2021-01-25,90.66337585449219,92.27516783907343,87.97705588019014,89.08516414828635,7613559
2021-02-01,91.50284576416016,92.57738053894055,91.03274234121228,91.67074033090691,5039936
2021-02-08,90.59622192382812,92.67812431850187,89.92464358606311,91.87222485741117,4955527
2021-02-15,88.7493667602539,90.99916353872352,88.7493667602539,90.79768869141914,4526697
2021-02-22,83.74610900878906,88.78296049573457,83.44389328216528,88.7158067495975,8223490
2021-03-01,85.59294891357422,86.5667361152892,84.38409975185705,84.45126031185768,6479201
2021-03-08,89.32022094726562,90.29401501413356,85.62653318891286,85.76084749546554,5804314
2021-03-15,91.16706085205078,92.64453856360717,89.28663343375803,89.75674369818893,7117787
2021-03-22,91.80506896972656,93.51759505494408,90.46190550587411,90.9655892474254,5485113
2021-03-29,93.73921966552734,94.4242328091596,91.97296108769693,92.10727538457125,4306132
2021-04-05,94.5854263305664,94.81376408461746,93.69893817838485,93.73923588427719,3253667
2021-04-12,94.8271713256836,95.20325815929941,93.71235248347683,94.65255933794357,4633436
2021-04-19,94.92121124267578,95.75397362910452,93.32284703669231,94.82718781299548,4834491
2021-04-26,94.10187530517578,95.74053024936961,94.10187530517578,94.77345363515651,4331520
2021-05-03,96.22406005859375,96.80162173598879,93.43028872404034,94.43765613004732,5060670
2021-05-10,95.43159484863281,96.55984851776887,92.63781671392766,96.39867137066804,4532402
2021-05-17,96.00000762939453,96.53418123896436,93.16479558918282,95.80825674494069,4700952
2021-05-24,95.57542419433594,97.2327242314393,95.13712945238548,96.21916981389754,4451435
2021-05-31,96.50679016113281,96.6574550504711,95.05494114441667,95.43844987519621,3386537
2021-06-07,96.3424301147461,97.56142830861741,96.08219329505691,96.4246090650218,4129472
2021-06-14,99.0269775390625,101.20475102180875,96.19176549797173,96.60266720479916,6028306
2021-06-21,102.47853088378906,103.49208513940567,99.273510222828,99.39678212056074,6415165
2021-06-28,101.49238586425781,102.76617704608012,100.53361748549597,102.6565981523336,4198936
2021-07-05,101.30062866210938,101.94437424191716,99.41049183168981,101.382807617219,4231038
2021-07-12,102.01285552978516,103.08119580609181,101.01299423579748,101.1362661399903,3691411
2021-07-19,103.10858917236328,103.23186107701336,99.94465433023817,101.60195419557027,3731035
2021-07-26,100.3829574584961,103.0538118606601,99.17765215754088,102.72508907208157,4449654
2021-08-02,100.7253646850586,101.06778046042149,99.16394374230848,101.05408744564247,3821469
2021-08-09,101.88958740234375,102.04025229590867,100.780154132083,100.87603305604236,3045077
2021-08-16,103.77972412109375,104.25911178614997,101.38280665871042,101.49238555211993,4111109
2021-08-23,103.2181625366211,104.20432387887378,102.04025030449117,104.09475194180106,2780742
2021-08-30,103.50580596923828,104.9576551894025,102.77988135915618,103.40992703453308,3933360
2021-09-06,102.42375183105469,104.3002025431324,101.98546408384728,103.50579209272075,3253806
2021-09-13,98.47911071777344,103.61536117994736,98.34213884623894,102.56072088578503,5445314
2021-09-20,98.75303649902344,99.82137671820982,96.61635606065069,97.79426820912825,4572001
2021-09-27,95.89044189453125,99.50636462951506,93.95921209334998,99.4926716140326,6584400
2021-10-04,95.3973617553711,96.56158102156336,93.49352492847989,95.60281262318735,4211803
2021-10-11,98.1366958618164,98.3832396869072,93.45243272808608,95.19191165649522,4657749
2021-10-18,97.98603057861328,99.25982170137475,97.35598500170522,98.20517444734689,3790643
2021-10-25,98.78044128417969,99.04067812449013,97.39707812583994,98.52020444386926,4195980
2021-11-01,102.68399810791016,102.94423495891319,98.6434804092578,99.04068219386777,4379375
2021-11-08,104.62892150878906,104.9713372987705,102.45114790483203,102.6839917547073,3417481
2021-11-15,105.12200164794922,105.56029636039831,102.75247716110498,104.79327887503756,5224702
2021-11-22,101.72522735595703,105.71095871825312,99.50636086206097,104.9302482363302,5348763
2021-11-29,100.02684020996094,102.39636477482443,99.05437878309772,102.30049280172211,7329432
2021-12-06,105.8205337524414,107.7928564917221,99.93095851962822,100.34186024936159,5640661
2021-12-13,104.64262390136719,107.40935022460584,104.20432917649484,106.02598706298652,5293339
2021-12-20,103.0538101196289,103.95778560292341,101.36911715736271,102.7935732780715,3217870
2021-12-27,104.99872589111328,105.4644135713815,103.04010320360804,103.08119615657837,2030590
2022-01-03,107.13541412353516,109.60081050650813,105.28635640485682,105.60138615304356,4671901
2022-01-10,105.97119903564453,108.88859020056503,105.17678855829514,107.7380709165343,4321599
2022-01-17,106.28621673583984,108.13526748329005,104.50564497077359,106.20403778439967,4773914
2022-01-24,103.54689025878906,107.02584115317521,102.49224292823182,105.93010782139854,5556850
2022-01-31,100.84864044189453,105.69726135850037,100.13640892580602,104.47825614454823,5286018
2022-02-07,98.39694213867188,102.12243696024686,97.76688954438154,101.17736154596118,5928666
2022-02-14,103.23186492919922,103.6290666875614,95.13712314199859,97.31489673678654,6608255
2022-02-21,101.35540771484375,104.21801270444091,98.01342204267432,103.99886883910476,7576853
2022-02-28,98.09561157226562,102.9168397183436,97.94494667144765,100.026841433879,7993395
2022-03-07,98.45172119140625,102.02655085972607,93.7537582994197,95.87674588546389,10955177
2022-03-14,104.46456146240234,104.79327727599885,98.7530442267227,99.64332665332863,7746907
2022-03-21,108.06678009033203,110.40891146916039,101.49238061212544,104.10844182539628,6715144
2022-03-28,109.16251373291016,110.47739076783886,107.83392977563442,108.80639801523016,4732588
2022-04-04,111.09375,111.71009560484552,108.58725376539195,109.73777993332136,4290794
2022-04-11,111.55944061279297,112.91541071520385,109.83365479257078,110.94308803740654,3796630
2022-04-18,109.71039581298828,112.35385022411867,109.58712390034091,111.55944668550107,3518144
2022-04-25,113.23043060302734,113.76459725787421,107.9024222976504,109.23099938177332,5087221
2022-05-02,110.1349868774414,114.09332533080477,109.2447044416751,112.86062710853601,4155784
2022-05-09,111.21702575683594,111.46356958617325,106.39579761184655,109.57342572701907,5837998
2022-05-16,111.64933013916016,113.79697540783661,110.36632826613638,110.6731367561589,4644530
2022-05-23,115.51229858398438,115.51229858398438,111.70512575998859,113.28098715527427,4226060
2022-05-30,112.82078552246094,115.93067540675588,111.17519293070475,115.86095134757005,5886010
2022-06-06,106.70697021484375,117.65992679079977,105.93995609200839,117.52186651452634,5362784
2022-06-13,99.25160217285156,107.2285524652739,99.25160217285156,105.69452410755737,7839327
2022-06-20,103.47018432617188,103.47018432617188,97.3340706480351,99.48170901923473,5703991
2022-06-27,97.36474609375,104.66671756655543,97.10396240982706,104.17583104862642,5787360
2022-07-04,98.53060913085938,99.63510554195906,93.8978433803108,98.45390346739315,5331761
2022-07-11,97.42610931396484,98.39254548031654,94.68019798614714,97.28804902755488,4248460
2022-07-18,99.2055892944336,100.06464606650043,95.7847061724799,98.19312826293675,3910680
2022-07-25,102.87190246582031,103.57755491202322,97.44144883917988,98.9601331627068,4829999
2022-08-01,102.27364349365234,102.8872534346335,100.73961510082896,102.3810229320832,3652093
2022-08-08,104.1604995727539,104.37525845258287,102.28898179212503,102.77986833554418,2993808
2022-08-15,104.69739532470703,105.69451937718912,103.48551949063022,104.62069674255022,3652926
2022-08-22,99.43568420410156,104.03776913511658,99.1902374086104,103.79232233962541,3565276
2022-08-29,95.81538391113281,100.20270310383097,93.33025623133707,98.94480237885907,4415613
2022-09-05,94.22000122070312,95.18643747844418,92.05701876512325,93.74445153497145,4280259
2022-09-12,93.42230224609375,98.0704053032306,92.17973836014835,95.01769238996874,6013796
2022-09-19,90.59968566894531,93.54501892873016,88.92759705559138,93.23821043052725,4763324
2022-09-26,90.17015075683594,91.151930837521,87.96115088584997,89.75596991922033,4673507
2022-10-03,90.20083618164062,94.29669075942829,88.5747723552587,89.54120852020482,4190596
2022-10-10,90.99852752685547,92.99276855747364,87.77707377409028,89.63324744334665,4001911
2022-10-17,93.57569885253906,94.12794706309856,90.18549684427931,91.16727694807231,3890909
2022-10-24,102.33500671386719,102.94861666395065,93.91318731358137,94.4040809382411,5900538
2022-10-31,101.95149993896484,102.99463473325052,97.19601041917522,102.79521273795957,3866245
2022-11-07,103.60824584960938,105.5871431007895,101.66003653115554,101.93615711827937,4402287
2022-11-14,104.8047866821289,106.69164128168053,102.27364130430223,104.2065136391274,4843726
2022-11-21,108.532470703125,109.00802034282263,103.73096365176958,104.35991754310207,4194579
2022-11-28,107.76544952392578,108.70120477698897,106.0166624111337,108.07225800726147,5229297
2022-12-05,104.95818328857422,108.59382485553593,102.97928628188777,107.76544903502808,4794666
2022-12-12,101.82877349853516,107.68875934129952,101.27651818546467,104.59002174092358,6543122
2022-12-19,102.54975891113281,104.40593260656455,101.13845399368793,102.41169862856474,3406571
2022-12-26,101.55264282226562,103.91504701570761,101.50662508791528,102.54975982010367,1818863
2023-01-02,108.36373138427734,108.36373138427734,102.27364267852207,102.58044410619685,4679381
2023-01-09,109.06938171386719,111.26304480376422,108.3023675387517,108.8546157622274,4879222
2023-01-16,111.09429168701172,111.83062497941512,109.52958255556192,109.94377047508512,4976780
2023-01-23,113.71748352050781,113.7635083358334,109.54493040901737,110.81817506166583,3817594
2023-01-30,111.46247100830078,114.33109875043512,110.11252770838566,113.44136822145094,5011820
2023-02-06,109.16143035888672,113.90157595989852,108.94666439525687,110.75682049865442,4438017
2023-02-13,114.60721588134766,114.83731870529762,109.22278006180838,109.60628712863848,4815175
2023-02-20,113.31864166259766,116.95428350770823,112.88910975501453,114.89868776364037,6300351
2023-02-27,115.32821655273438,116.27930873232604,113.47204284700796,114.54585842544778,4352878
2023-03-06,114.17769622802734,115.71172456448663,113.22659696004479,115.63501889921918,4186775
2023-03-13,112.91978454589844,116.00318507727546,111.6772278674937,114.0703057583581,7846665
2023-03-20,114.74527740478516,116.54008936410888,112.70502573493019,113.47203987691404,4419313
2023-03-27,118.27355194091797,118.79511931471359,114.4844987962956,115.45093495859014,4187256
2023-04-03,121.2188949584961,121.4183169608426,117.67528833201101,118.21219971434053,3248329
2023-04-10,121.5410385131836,123.16710244055766,121.09616969583404,121.2188931048603,3267620
2023-04-17,124.94657135009766,124.94657135009766,121.54103232666941,121.57170609662332,3721601
2023-04-24,125.16133880615234,125.69825727049835,122.84495920245425,124.86988132567798,4892981
2023-05-01,125.33009338378906,126.18915730565355,123.84208964955694,125.16134514448048,2878523
2023-05-08,125.56018829345703,125.92834434010695,123.87274858692686,125.5908620633937,2834370
2023-05-15,127.25514221191406,127.78628111807242,124.0526760143265,126.00540106424158,3243765
2023-05-22,124.4588394165039,127.8800200508109,122.41238990872368,127.16141780899122,3585994
2023-05-29,124.4900894165039,125.27117942990083,121.64691715290209,124.5525771944303,5293649
2023-06-05,122.31865692138672,125.06809013996751,121.97496695304044,124.50570017288125,3089337
2023-06-12,131.17620849609375,131.17620849609375,122.36551840730789,123.0685022980021,6894193
2023-06-19,123.86521911621094,128.2549533325182,122.61547790358976,128.2549533325182,3813787
2023-06-26,128.2549591064453,129.17664311197976,123.5059307475944,123.97458192075479,3565399
2023-07-03,120.89707946777344,128.70797968112123,120.05350166787723,128.0987202348059,4476757
2023-07-10,125.64610290527344,125.92729068811538,120.41279850633573,120.80334350311193,3113723
2023-07-17,125.6617202758789,126.03664693102321,122.77169309054683,125.67733861450193,2778370
2023-07-24,127.8644027709961,128.12997222638867,122.31866646520119,125.36490603251197,3448751
2023-07-31,124.20890808105469,128.0831072497166,122.2093135048669,127.77066834384873,3530971
2023-08-07,126.23973083496094,128.0830986233816,123.58402194599462,123.99018528558467,2968238
2023-08-14,125.47425079345703,127.36448789371504,124.02142810274434,126.44280406105368,2952506
2023-08-21,127.1926498413086,129.22348093562613,124.81814318859648,125.58361484165448,2579095
2023-08-28,130.61383056640625,131.59800222709285,127.73942169937892,128.4892605936026,3722914
2023-09-04,129.25473022460938,131.12934906287194,126.77086639299169,131.00437351223007,3025822
2023-09-11,131.2699432373047,131.58238211458837,126.42719111418594,129.95771437407845,5264526
2023-09-18,125.39616394042969,130.94190054730169,124.20891049641111,130.92628220704623,3935719
2023-09-25,124.84938049316406,126.22411157637875,123.17785770891759,125.39615214296582,3328467
2023-10-02,123.28719329833984,125.34927538131272,121.20950729885806,125.13057538698953,3019527
2023-10-09,126.0366439819336,129.27034664813428,122.13119413564267,122.89665134527833,3528438
2023-10-16,119.20991516113281,126.41155540217221,119.0224518391405,126.14598596802432,3588014
2023-10-23,125.16182708740234,126.47405605359316,118.22575557428908,119.50674065029997,3910743
2023-10-30,127.4582290649414,129.72339309914565,124.66194052436606,125.8804306216347,3080074
2023-11-06,130.12954711914062,130.12954711914062,125.39615212916775,127.80190989248052,3136923
2023-11-13,132.98834228515625,133.11331784251155,130.06706386936668,130.2232905267438,3791314
2023-11-20,135.64404296875,135.76901851847822,132.48844639152514,132.78525250610588,2536579
2023-11-27,135.2847442626953,136.87817542417574,134.94106868722545,135.5346953798974,4374125
2023-12-04,136.94065856933594,137.28433413317563,133.2695413184191,135.1597785515859,3112297
2023-12-11,137.4561767578125,140.830487824991,135.53468845847155,136.8469173354042,5981203
2023-12-18,138.53407287597656,139.26830785064072,136.61259899790412,137.3155828738293,2788984
2023-12-25,137.56553649902344,138.94025317732508,137.48741596142722,138.53407541446785,1071263
2024-01-01,133.31640625,138.89339390916382,132.2853794818036,137.56554657191847,2563633
2024-01-08,137.19061279296875,137.70613336111592,132.62904821892454,132.97272379056736,2797894
2024-01-15,135.14414978027344,138.04980987313533,134.7536047666753,137.2218504063248,2920949
2024-01-22,133.9412841796875,136.11270936280184,132.34785295230165,135.80027045337653,3494140
2024-01-29,133.80068969726562,136.3157904591898,133.535120230744,133.87879581894256,2845160
2024-02-05,130.81690979003906,134.34743303156483,129.41094206025934,133.5663430531017,4129928
2024-02-12,133.6444549560547,133.6444549560547,130.5513460064593,131.61362380834942,3089277
2024-02-19,148.0165252685547,148.54766420969645,132.98835056401552,133.6600978319597,4986825
2024-02-26,146.01690673828125,148.81320931291307,145.454531208625,148.0165010316571,3332470
2024-03-04,151.26585388183594,151.64076613793696,146.50120755846396,146.5636953380418,2966526
2024-03-11,152.42184448242188,154.2027388531273,149.42246013544596,150.43788287036975,4086736
2024-03-18,148.781982421875,152.92175074192255,147.4072657614491,152.14066074704203,3061251
2024-03-25,150.62535095214844,151.67201039684065,148.59451983952317,149.29750372272264,2328907
2024-04-01,146.45433044433594,151.7969848435103,145.53264655988266,150.62534985384286,3040861
2024-04-08,146.360595703125,148.76635352671363,145.07961788476942,146.53244069815483,3107313
2024-04-15,146.65740966796875,147.87591407489913,144.4391152782083,146.0637830136604,3213891
2024-04-22,144.64219665527344,149.39122430167586,140.67425898741504,147.0791910429302,4040261
2024-04-29,141.08042907714844,146.71990418422928,141.04919239876475,145.4857813821233,2778410
2024-05-06,145.78260803222656,146.90737366431117,141.3772555429594,141.84590668788078,2470610
2024-05-13,145.0015106201172,147.31352954762497,144.07981229555878,146.39184564443227,2627198
2024-05-20,144.84254455566406,148.62574468923813,143.88878737431165,146.19368221968475,2193497
2024-05-27,143.4278106689453,146.98847485355958,141.93361307271803,145.0491905656764,3912580
2024-06-03,148.84829711914062,149.2139077475816,143.7616502879038,145.47838405513963,3030352
2024-06-10,139.2535858154297,149.5000154450825,138.6066245440448,149.5000154450825,5017920
2024-06-17,142.4009552001953,144.00961256819548,139.04376487096926,139.3235307317381,4449740
2024-06-24,141.0021209716797,147.0870318994583,140.4251121583002,142.31352064679686,3747924
2024-07-01,142.9080352783203,145.1111931793211,140.4775575358121,144.42926300343237,2989489
2024-07-08,145.21609497070312,145.56579860250176,140.1103573794514,142.15614783809528,3147660
2024-07-15,142.54083251953125,145.65322560356952,141.49170696836984,144.83141988222658,3005094
2024-07-22,146.28269958496094,146.80726237675165,142.71568140537394,143.39761156727022,2865695
2024-07-29,142.92550659179688,148.31100998658562,142.43591270603133,146.87719722479846,3550879
2024-08-05,143.03041076660156,143.85223115674998,139.16614977739127,140.5649789447882,3886473
2024-08-12,145.0237579345703,145.0237579345703,141.49170871669764,143.6598976360713,2485036
2024-08-19,145.05873107910156,145.58329387652913,143.92217590562237,145.18112955431187,1963431
2024-08-26,147.50668334960938,148.53831714111323,144.35930661965392,144.74399382406165,2110729
2024-09-02,141.9463348388672,149.7448094921963,141.52667874014634,147.31434649958018,3008379
2024-09-09,148.81808471679688,149.70984293477034,142.33100959059095,142.85557238502733,2776117
2024-09-16,146.63241577148438,149.9896058508573,146.5274944100563,148.18861233904894,3455352
2024-09-23,154.0287322998047,154.7456313764645,146.1428277822297,146.84223507317333,3648613
2024-09-30,146.52749633789062,153.5391342138451,145.67072169608116,153.3467979477848,3385379
2024-10-07,149.30767822265625,149.43007669684712,144.95380850770252,146.59743467946802,2464875
2024-10-14,151.8430633544922,152.21024410454842,149.36013963652343,149.63990548257178,3010471
2024-10-21,146.3876190185547,151.24854499113087,145.54832149761458,150.811411782786,2805927
2024-10-28,145.39096069335938,149.88469145196257,143.2577405617956,147.75148599471575,3780511
2024-11-04,141.1944580078125,147.48919702652415,141.1944580078125,144.9713043539029,3593816
2024-11-11,140.5824737548828,143.6773751000515,139.51585640319567,142.0512407436801,4218958
2024-11-18,140.09288024902344,140.8447481932954,137.33019074213874,140.3201854085131,3635228
2024-11-25,137.50503540039062,141.29937337108052,135.59913519683568,140.73984168982435,3794417
2024-12-02,141.68405151367188,141.94634025395752,136.68323507998514,137.12036830614426,4079648
2024-12-09,139.6207733154297,142.38346272675093,139.13117944332612,142.29603315325875,3419496
2024-12-16,135.8439483642578,139.6033032137873,134.25278270710174,139.2885684397844,5515016
2024-12-23,136.2985382080078,136.2985382080078,134.130364016536,135.23193555962078,1419904
2024-12-30,135.1969757080078,137.19030555932113,134.8123031662866,135.82644520330322,2175337
2025-01-06,136.4559326171875,139.375989669509,134.89972127899284,135.77400242296548,4074318
2025-01-13,141.1944580078125,141.24691869088284,135.65160164061334,136.33353182325973,4406571
2025-01-20,143.17030334472656,143.88720238751088,140.09287912649438,141.47421653171025,3630820
2025-01-27,147.40176391601562,148.64322577395689,142.34850158031617,142.50586895144136,3619882
2025-02-03,147.8563995361328,149.88469839535534,144.132013694855,144.65657652771418,4055157
2025-02-10,152.2102508544922,152.85721215360365,146.91219133001619,147.96130229348412,4028977
2025-02-17,155.9696044921875,157.19357449703557,150.12947627533504,151.9304697252626,4594315
2025-02-24,154.4134063720703,156.87885304914667,151.7731152076844,156.51165761432108,4415457
2025-03-03,157.63072204589844,159.29184006910145,152.89217960873395,153.92382812493324,5705185
2025-03-10,157.6132354736328,162.42171541754738,155.25269561542362,158.81971373153326,5045306
2025-03-17,155.20025634765625,158.74978283292637,154.5882639625004,158.1902511305887,4667156
2025-03-24,154.151123046875,157.2460390410441,153.22439595967657,156.68650736662045,4118342
2025-03-31,151.42340087890625,155.81223932706345,151.33597130425935,153.20691724389198,6801588
2025-04-07,147.17445373535156,149.83223651714155,139.06124448331724,145.146155090922,8508013
2025-04-14,151.40591430664062,153.22439962922618,148.31101291266833,149.5699518731136,3116171
2025-04-21,156.00457763671875,157.1411180991156,151.31849618236248,151.40591108384208,3251840
2025-04-28,161.94960021972656,162.80638953009534,154.36095359658287,156.12697822405582,3907192
2025-05-05,160.77809143066406,162.29931911784928,158.29516774182576,161.82720233529946,3685586
2025-05-12,163.173583984375,163.59322540735954,157.99790860545727,161.7397858881771,4436780
2025-05-19,163.68978881835938,165.7189973109624,161.66058032575634,163.19138253920917,3316860
2025-05-26,162.33697509765625,165.73680079342864,161.6961755728732,165.54100259846103,3896871
2025-06-02,163.28038024902344,164.8111973489298,161.1621685730213,161.98097459283164,2808154
2025-06-09,162.6929931640625,164.93580650888978,161.1799826203315,163.3337927087431,3338857
2025-06-16,159.0973663330078,164.04578596653138,158.72356162577512,162.42598050696793,4732788
2025-06-23,157.1571502685547,158.04715296321734,154.78973533276047,157.0503553230355,4155928
2025-06-30,155.76873779296875,157.74455627912525,154.94993174700605,157.70895796475014,3342710
2025-07-07,155.83995056152344,158.50995860624516,154.73634305360716,156.33834190506218,3121930
2025-07-14,153.08091735839844,155.94673841098546,152.97412241930823,155.30593889955537,2834696
2025-07-21,152.79612731933594,154.70074924692534,152.03072618595425,153.34793855859635,3165601
2025-07-28,151.49671936035156,158.36756764867212,151.08731632826567,154.54053216078668,4168905
2025-08-04,154.66513061523438,155.30594509065426,152.15532246978617,152.60032380806814,2452921
2025-08-11,160.3967742919922,160.91297226349494,153.16992799872818,155.53734290620355,2606941
2025-08-18,162.97779846191406,164.77561050547158,159.39996606343433,160.2543704559566,2339517
2025-08-25,156.8367462158203,162.7819783949178,156.3561465664243,162.7819783949178,3412142
2025-09-01,156.08914184570312,157.85135555553973,155.39493735021875,157.12155274470297,2297850
2025-09-08,157.7445526123047,158.93716333915103,154.68293332431787,156.4451469448155,2359237
2025-09-15,156.3561553955078,159.4533732288794,154.64734658664386,158.26076241276215,3834654
2025-09-22,156.1603546142578,157.15715226711592,153.27672672566985,155.7509515768932,2589506
2025-09-29,152.79612731933594,158.04715524439263,152.77833563071528,156.90794938863044,3350247
2025-10-06,150.94491577148438,153.82852854506325,150.1973063737828,152.95631758107808,4216178
2025-10-13,153.81072998046875,154.86094750517174,150.89151874044543,152.06632289951713,3226413
2025-10-20,153.5259246826172,154.8075386940397,152.04852741109534,153.41912973935072,2876722
2025-10-27,149.44970703125,156.4095587085647,148.6309009515659,153.0275394423048,3545025
2025-11-03,150.6957244873047,151.1763241642807,147.79430485965756,149.0937106256056,3014507
2025-11-10,152.26211547851562,155.11012998271192,150.37531520601357,151.30091618526617,2734014
2025-11-17,147.68748474121094,152.03071803734798,146.9576819626324,151.8883098437878,3336652
2025-11-24,146.9576873779297,148.55970118768013,144.02066952927655,147.687490183401,4592072
2025-12-01,145.124267578125,148.07909186067494,144.4656614458244,146.74408790891235,2803813
2025-12-08,141.1548614501953,145.0530785719478,140.03344731612913,145.0530785719478,5532303
2025-12-15,141.9558563232422,143.1306604223663,140.7632455981481,142.0448595762028,5616564
2025-12-22,142.41867065429688,143.2018634631613,141.52865302327274,141.95586268123995,1348893
2025-12-29,141.5108642578125,143.29086967973566,140.60305491971565,142.41867359590935,1965863
2026-01-05,141.33285522460938,142.27626286173918,137.82623444769334,141.95586308657158,5552917
2026-01-12,141.70664978027344,143.8604597332454,139.96224283031268,141.76005471845357,4052842
2026-01-19,140.28265380859375,141.27946639602348,138.07543874080977,140.62086021339246,3719056
2026-01-26,140.56744384765625,141.40404153973785,138.1288324581562,140.62084878577014,3251616
2026-02-02,149.2895050048828,150.83811388326953,140.38944814165865,140.70984791809101,4635768
2026-02-09,150.76690673828125,151.06951480516682,147.59849257180588,148.80889496245942,3758652
2026-02-16,156.24935913085938,156.24935913085938,147.01109571364947,150.39311498667996,4786548
2026-02-23,158.63455200195312,160.80616859122793,154.20233051058796,155.67974265385777,5243801
2026-03-02,148.8979034423828,157.85134999938023,147.2958896772433,155.21694031002525,6361833
2026-03-09,152.08412170410156,152.84952279005157,144.75046578903994,145.97867482713036,4618951
2026-03-16,148.84449768066406,154.00653702703593,148.45290128928733,152.40452327073658,7111866
2026-03-23,153.91754150390625,154.9321457856565,145.5336825361087,146.85089490889996,5720803
2026-03-30,160.6637725830078,161.37578370862698,153.7573408505736,154.2379405176827,5062164
2026-04-06,167.80160522460938,168.1042132951234,160.6637624824066,160.6637624824066,5229890
2026-04-13,165.57659912109375,167.73040911932813,165.3629943023285,166.87600478271173,5206882
2026-04-20,167.64141845703125,168.7094276926237,164.63320389625417,164.75780547168816,3508712
2026-04-27,162.9421844482422,168.9230301064656,158.33195610014914,167.14300975984045,4419884
2026-05-04,155.8577423095703,162.40819073028823,155.7509473655806,162.28358915974437,5372589
2026-05-11,156.85455322265625,160.0941641458023,155.12793787977284,155.75094572593358,3319700
2026-05-18,163.9818115234375,165.92727661132812,155.50909423828125,155.94544982910156,4540827
2026-05-25,161.8909149169922,168.09091186523438,161.8909149169922,165.1999969482422,5470688
2026-06-01,166.72726440429688,167.4545440673828,159.5454559326172,161.5454559326172,4631131
2026-06-08,168.3000030517578,170.22000122070312,164.52000427246094,166.5800018310547,4991047
2026-06-15,164.16000366210938,169.63999938964844,164.16000366210938,168.39999389648438,6618414
2026-06-22,172.86000061035156,172.86000061035156,164.25999450683594,165.47999572753906,5092898
2026-06-29,180.3000030517578,180.72000122070312,171.10000610351562,172.3000030517578,4675280
2026-07-06,174.3000030517578,182.25999450683594,172.3000030517578,181.0,4520033
2026-07-13,176.4600067138672,178.6199951171875,174.0,174.13999938964844,3230031
2026-07-20,176.52000427246094,177.8800048828125,174.24000549316406,176.33999633789062,3907140
2026-07-27,170.72000122070312,178.1199951171875,170.1199951171875,177.8800048828125,5074203
2026-08-03,172.3800048828125,175.05999755859375,169.24000549316406,170.5399932861328,3601234
2026-08-10,168.25999450683594,172.94000244140625,167.60000610351562,172.8000030517578,2507538
2026-08-17,167.1199951171875,169.24000549316406,165.36000061035156,167.82000732421875,3174630
2026-08-24,169.8000030517578,170.66000366210938,166.0800018310547,166.89999389648438,2708807
2026-08-31,170.44000244140625,176.63999938964844,169.22000122070312,170.55999755859375,4965994
2026-09-07,166.52000427246094,174.22000122070312,166.52000427246094,169.6199951171875,3339967
2026-09-14,163.16000366210938,167.89999389648438,162.4600067138672,166.33999633789062,5316361
2026-09-21,167.5,169.60000610351562,162.89999389648438,163.3800048828125,2664675
