Price,Close,High,Low,Open,Volume
Ticker,AIR.PA,AIR.PA,AIR.PA,AIR.PA,AIR.PA
Date,,,,,
2001-09-03,12.215357780456543,13.449709136220726,12.15465187062193,12.84265132439836,6973373
2001-09-10,8.734891891479492,12.127672163973356,8.633715793338727,12.073711492530023,13783864
2001-09-17,6.509012222290039,8.822578521917317,6.165013087895215,8.768617848158836,21173237
2001-09-24,7.783836364746094,8.15481656400182,6.77881778240369,6.981170676839734,10997623
2001-10-01,7.621952533721924,8.195284850800947,6.677639460410996,8.195284850800947,11719518
2001-10-08,8.505558967590332,8.802343312561872,6.987913591054215,7.487050781549629,14632109
2001-10-15,8.14806842803955,8.633715073818474,7.925480516070438,8.444852739506294,8122696
2001-10-22,8.883284568786621,9.139598094465816,8.100854144745913,8.208775493818841,6773156
2001-10-29,8.91026496887207,9.207048680914943,8.141324386413471,9.207048680914943,6028139
2001-11-05,9.38241958618164,9.679203890563976,9.004694926573785,9.510576649566428,9178942
2001-11-12,9.429636001586914,9.578028169416823,8.09410842090356,9.436381246320533,12957188
2001-11-19,9.240774154663086,9.82759696991577,9.018186212438343,9.578028690550513,6902764
2001-11-26,8.997950553894043,9.645479247760447,8.842813142656937,9.443126410315582,10172597
2001-12-03,9.341950416564941,10.279517565987161,8.802343058496803,8.802343058496803,7726422
2001-12-10,9.105873107910156,9.766891735866752,8.923755336986181,9.57802936263087,4969634
2001-12-17,9.274499893188477,9.564539004782935,8.836069246451634,9.105872622403231,5495764
2001-12-24,9.20030403137207,9.328460472820785,8.91701016789388,9.254264706009632,1564123
2001-12-31,9.537558555603027,9.537558555603027,9.058657086445365,9.200304017978251,2900618
2002-01-07,9.861321449279785,10.050183788141277,9.314969522472138,9.537557439802944,6479064
2002-01-14,9.321714401245117,9.901792567064188,9.105871721830724,9.84783189721059,5129609
2002-01-21,8.984458923339844,9.55779178273213,8.599989031313166,9.139596314871461,5388277
2002-01-28,8.903520584106445,9.126108550464453,8.444854802988575,9.03842228443523,7654496
2002-02-04,8.836068153381348,8.970969824669066,8.573009411923865,8.89677342301439,5647309
2002-02-11,9.416147232055664,9.544303680338556,8.91701064340985,9.038421846187848,6019797
2002-02-18,9.038420677185059,9.41614601419899,8.937244580745544,9.26100860396154,4793947
2002-02-25,10.421165466308594,10.45489104996087,9.038421682661369,9.038421682661369,7031109
2002-03-04,11.163125038146973,11.601556980314319,10.454891001071111,10.72469438250363,9025118
2002-03-11,11.244065284729004,11.257555773738599,10.387438530477352,11.08218327618539,6668258
2002-03-18,10.920302391052246,11.770183988229451,10.589792452197564,11.385712731047116,8590072
2002-03-25,10.805638313293457,11.129402439120218,10.697716294755732,10.85959900093125,4431041
2002-04-01,10.46163558959961,11.109163664383281,10.23904765307723,10.805635361774907,6469129
2002-04-08,10.792145729064941,11.331752500908578,10.286263898015022,10.286263898015022,8917908
2002-04-15,10.859598159790039,11.061950401127298,10.596539345484679,10.711205958648906,9703835
2002-04-22,11.19684886932373,11.520612857773044,10.83261341742546,10.960770478633043,8792187
2002-04-29,11.230575561523438,11.453163499264482,10.954026950588322,11.129399460100041,7924816
2002-05-06,11.102417945861816,11.736456790267702,10.913556242034776,11.223829776335696,7980467
2002-05-13,12.066967010498047,12.444693021000113,10.744929833312728,10.994497472066053,11856640
2002-05-20,12.239707946777344,12.496582729979682,11.712075619017046,12.288306880820908,9449567
2002-05-27,12.073087692260742,12.28830758276238,11.476029605946756,12.14945612593459,8539344
2002-06-03,11.63570785522461,12.218881855247215,11.399661173111383,11.774557987876982,7557149
2002-06-10,10.65680980682373,11.941181254245581,10.552671205574654,11.462145145104145,7631532
2002-06-17,10.448531150817871,11.392717104160372,10.316622415029602,10.622094788997263,8885516
2002-06-24,10.809544563293457,10.96228076990847,9.740392441174006,10.365222016184793,9230223
2002-07-01,12.114744186401367,12.288307849105195,10.490187535465868,10.566555970794962,9644876
2002-07-08,11.22609806060791,12.295249563235204,11.17750044560472,12.14945671822563,9795116
2002-07-15,10.62209701538086,11.37189137441201,10.413820473492436,11.156672788731843,10431824
2002-07-22,10.052806854248047,10.594325949338925,9.21970141992192,10.379106719942373,13784491
2002-07-29,10.691521644592285,11.663477916976003,10.059750001333585,10.365222426660706,8529712
2002-08-05,11.524628639221191,11.580168963961635,9.893129779215208,10.70540785616031,8256242
2002-08-12,10.10835075378418,11.50380247789783,9.719567752368516,11.45520485100575,13491404
2002-08-19,10.295796394348145,10.719291491993546,9.75427795337499,9.75427795337499,7003093
2002-08-26,9.462690353393555,10.517957009574307,9.34466701747894,10.21248527444358,6520478
2002-09-02,8.983654022216797,9.476574803152726,8.601814530836474,9.372436880429504,8393915
2002-09-09,8.886459350585938,9.372437456660904,8.754550600794293,9.025310143451241,6141438
2002-09-16,7.879790306091309,9.254414154073833,7.345213923814009,8.851746522113732,10992585
2002-09-23,7.983928680419922,8.518505092478692,7.775652147642573,7.8797907450776705,11736939
2002-09-30,6.657902717590332,7.914503361114086,6.595419688292698,7.914503361114086,11944334
2002-10-07,7.046685218811035,7.143881119007904,6.019188539985153,6.595419910803731,9178432
2002-10-14,8.331055641174316,9.407150460577896,6.338544913111264,7.039742255145711,20554083
2002-10-21,7.678455352783203,8.539330806558475,7.46323615829303,8.296341457497896,8013870
2002-10-28,7.615974426269531,8.3518840550724,7.220248787595716,7.983929240670966,8611444
2002-11-04,8.053356170654297,9.296072271016492,7.7201135130217855,7.845079592395601,10265565
2002-11-11,7.39381217956543,8.122779736080032,7.1855363023551435,8.018641797474888,9288451
2002-11-18,8.469907760620117,8.574046369675525,7.477123925019914,7.518778838967741,7171799
2002-11-25,8.879517555236816,8.99754090678849,8.157492696263976,8.469907177744872,7493203
2002-12-02,8.081124305725098,9.296069934410703,7.852020325854667,8.754550834632571,10042277
2002-12-09,7.497951030731201,8.3865968777378,7.32438735252952,8.122780007420097,9564115
2002-12-16,7.2202467918396,8.01169718832869,6.935602542655449,7.497948998967406,7696436
2002-12-23,6.887006759643555,7.567376056006571,6.887006759643555,7.5396058941569155,2574163
2002-12-30,7.970042705535889,8.122778907048605,6.699556806176398,6.977259050935228,9329066
2003-01-06,7.484065532684326,8.046412134917714,7.039742945332396,7.907561326370236,8347069
2003-01-13,6.977260589599609,7.796480770169801,6.880064683185917,7.602089619435358,11050215
2003-01-20,6.456568717956543,7.10916783205565,6.435741262744036,6.942546866169861,7164548
2003-01-27,6.734270095825195,6.928661215996751,6.171924189805696,6.421855630026269,9412257
2003-02-03,6.477397441864014,6.893950600259504,6.324661195506601,6.873122478874634,6593236
2003-02-10,6.060843467712402,6.477396570042141,5.942820772881644,6.477396570042141,9359020
2003-02-17,5.810911655426025,6.317717921633112,5.720658466592082,6.164981704983911,5700192
2003-02-24,5.602634906768799,5.873394463123339,5.03334629617462,5.762313823211581,9851201
2003-03-03,4.8597822189331055,5.658174747206431,4.769529041130357,5.554036821637835,9139902
2003-03-10,5.547094821929932,5.547094821929932,4.394632140858347,4.7348171115766835,14448013
2003-03-17,5.963647842407227,6.317717890203682,5.248565372117398,5.262450452557665,8563114
2003-03-24,5.137485504150391,6.026131779616869,4.922266559313571,5.963648742680009,11855764
2003-03-31,5.283278465270996,5.637348197202374,4.672334237611094,4.929208402293174,11511125
2003-04-07,5.061115264892578,5.9983591022067415,4.9708621006844025,5.526265831607882,17291203
2003-04-14,5.241621971130371,5.449898136954677,5.0611156297029405,5.081943411808553,6620382
2003-04-21,5.359646320343018,5.824797369152536,5.193025345587175,5.241623295414187,9545896
2003-04-28,5.901165008544922,6.005302949740915,5.442957007933942,5.442957007933942,9843929
2003-05-05,5.887279033660889,6.248291764527002,5.609577442296816,6.026130491435744,12155273
2003-05-12,5.9664483070373535,6.103194106787919,5.8153078513262155,6.103194106787919,7193552
2003-05-19,5.916069030761719,6.124786760385457,5.577802128828402,5.82970314468035,10670948
2003-05-26,6.815712928771973,7.053219231103133,5.836898411164872,5.91606763619185,11779124
2003-06-02,7.36989688873291,7.441868814195694,6.635786406338203,7.017235963990598,11982913
2003-06-09,7.535430908203125,7.75134596570788,7.24754393607177,7.290727222122739,11928689
2003-06-16,7.8593010902404785,8.26234178460545,7.434668415324804,7.736949279285966,20446870
2003-06-23,7.837710857391357,7.91687940433977,7.477852702648641,7.808922232466939,15672187
2003-06-30,8.327117919921875,8.363103874567496,7.49224706674345,7.751345391091924,10784410
2003-07-07,8.694174766540527,9.046835666587883,8.341513866493171,8.384696469646874,10031645
2003-07-14,9.205171585083008,9.385100662732304,8.528638555126635,8.643793055002192,9220372
2003-07-21,8.874102592468262,9.305932679542751,8.535835713805744,9.277144052829453,8871787
2003-07-28,10.342321395874023,10.464673201048495,8.989254898819459,8.989254898819459,21835506
2003-08-04,9.968071937561035,10.551041809294922,9.759354219003532,10.32073279195561,9309679
2003-08-11,10.349520683288574,10.443083886524228,9.896099322858081,9.960873900973146,5891892
2003-08-18,10.543843269348145,10.60861784462553,10.29914030973071,10.471872052887111,5840257
2003-08-25,10.36391544342041,10.608619118803603,10.047240542931876,10.407098727583627,6671744
2003-09-01,11.70258903503418,11.853728822778569,10.399902026064176,10.399902026064176,12471553
2003-09-08,10.371111869812012,11.832136466614957,10.227168745745823,11.457883657667908,9640140
2003-09-15,10.774154663085938,11.313941961227266,10.500662349662658,10.507859678367886,7874429
2003-09-22,9.8673095703125,10.615814424299648,9.730563788207826,9.730563788207826,10103865
2003-09-29,10.299141883850098,10.363915782652581,9.212369965899537,9.982466286621108,14728150
2003-10-06,10.615814208984375,10.802940590279492,9.953675233920784,10.291942048358132,11055195
2003-10-13,11.645010948181152,11.767362784540596,10.529450450631813,10.63021098833224,12327319
2003-10-20,11.004463195800781,12.141615684214395,10.882111358814033,11.52985649928065,13268022
2003-10-27,12.5950345993042,12.983682040145503,11.01165895838094,11.112418795895428,15867937
2003-11-03,13.444302558898926,13.458697216345305,12.451093159100132,12.501474460162465,13253992
2003-11-10,13.28596305847168,13.80415970499061,13.048456719733833,13.228385805830687,8890423
2003-11-17,12.66700553894043,13.22838330277973,11.947289330736426,12.933299767236065,15928261
2003-11-24,13.098840713500977,13.235585858705189,12.674207873076751,12.674207873076751,31939559
2003-12-01,13.832945823669434,14.538268791595193,13.17080681910124,13.17080681910124,19300260
2003-12-08,14.020075798034668,14.135230317598596,13.257176762736108,13.537865732579414,12122660
2003-12-15,13.537859916687012,14.379927837212973,12.954890240245827,14.18560415414939,10350430
2003-12-22,13.847341537475586,13.85453886525246,13.401118197308703,13.408314152335668,2422912
2003-12-29,13.494683265686035,13.847344156965944,13.00527586627713,13.00527586627713,3425978
2004-01-05,12.95489501953125,13.429907727094058,12.710191337120099,13.422710398464309,13063734
2004-01-12,13.458694458007812,13.54505963948551,12.422302671026776,12.789358124181515,13233301
2004-01-19,13.861732482910156,13.955294973467513,13.365127981222301,13.4586918445292,8219835
2004-01-26,12.566246032714844,13.768172317580746,12.422303595292227,13.67460980189354,13946833
2004-02-02,12.515867233276367,12.846937477260262,12.199193018900509,12.566247159529343,9565237
2004-02-09,12.58064079284668,12.96928825989282,12.400711715010486,12.400711715010486,6395387
2004-02-16,12.659809112548828,13.134821733928446,12.321542964823895,12.537457293541967,6867334
2004-02-23,13.393921852111816,13.537864299959196,12.271163346052193,12.61662824093593,12320913
2004-03-01,13.631425857543945,13.645819138935398,13.120426617528553,13.329144984327034,7813204
2004-03-08,12.738980293273926,13.768173548873992,12.45828997561024,13.689005681674008,9326764
2004-03-15,12.364725112915039,12.774963146427973,11.80334595651589,12.738977883847804,10029006
2004-03-22,12.638218879699707,12.774965372280032,11.781757400867702,12.148811535938554,6468421
2004-03-29,13.314751625061035,13.494680701075373,12.53745807158909,12.602232648774244,7345903
2004-04-05,13.99128532409668,14.027270590170911,13.314751614451854,13.321948942216682,7989963
2004-04-12,13.854538917541504,14.307959587196535,13.717792434764625,13.991285400318382,7322406
2004-04-19,14.437511444091797,14.538272679455467,13.760978976900928,13.78976692075471,7575953
2004-04-26,15.186017036437988,15.891338812506396,14.437511285936706,14.466300602225289,17672225
2004-05-03,15.042071342468262,15.797774328695727,14.646227901646723,14.970099433387077,9897068
2004-05-10,14.227313041687012,15.116060331778945,13.845371432296917,14.858984194652834,13324809
2004-05-17,14.778188705444336,14.947123918941266,13.60298460107694,14.095101258489132,8468020
2004-05-24,14.822258949279785,15.196855348802124,14.455007742016965,14.792878180241717,9319196
2004-05-31,14.800225257873535,15.0205768508727,14.521114921217418,14.645980403631238,6646169
2004-06-07,15.240930557250977,15.336415288901321,14.344837795095328,14.785538280807913,10477658
2004-06-14,15.40986156463623,15.571453005487365,14.873675094971963,15.24092633188485,9324377
2004-06-21,16.57038116455078,16.95966811504242,15.431902495629267,15.431902495629267,13837436
2004-06-28,16.151710510253906,17.224084935448452,16.137020123385614,16.467546823160195,11335076
2004-07-05,15.865253448486328,16.379404330961595,15.608177306772562,16.048879063860124,10642090
2004-07-12,15.769769668579102,16.14436614727515,15.54207426421767,15.718354712847727,6267264
2004-07-19,15.968085289001465,16.59975793110199,15.718354309610673,15.733044696857762,7685571
2004-07-26,16.820104598999023,17.180010605155633,15.806491908287772,15.982772315326592,11213817
2004-08-02,15.755077362060547,16.80541463870603,15.696317224898896,16.62178903495685,9140823
2004-08-09,15.204202651977539,15.718353572957692,14.63129018476293,15.681629007513527,10285484
2004-08-16,15.240930557250977,15.72570221229696,14.814919060363513,15.10871985115613,5103733
2004-08-23,16.195777893066406,16.269228415676107,15.240925301996876,15.314375824606579,5047961
2004-08-30,16.305959701538086,16.40144443144101,15.65225137791597,16.129677829335893,5715606
2004-09-06,16.41613006591797,16.820105853731707,16.019498069778884,16.269229015284477,6292453
2004-09-13,16.342679977416992,16.636480685584594,16.327989591770542,16.42347569752019,5342136
2004-09-20,15.835877418518066,16.372065440657362,15.373141345661066,16.33533946601621,6028621
2004-09-27,16.159053802490234,16.195778364387728,15.571452406416938,15.887287281211188,7981528
2004-10-04,16.768692016601562,17.46646995188428,16.291265671859232,16.291265671859232,13727138
2004-10-11,15.828527450561523,16.842141629763027,15.512692569602478,16.746655525442176,10452304
2004-10-18,16.651174545288086,16.827455006967334,15.666940916864505,15.82853098983234,7449741
2004-10-25,16.41613006591797,16.827451046358608,15.938703752787484,16.401439680664172,8949182
2004-11-01,16.798070907592773,17.2828423911517,16.350023984534424,16.350023984534424,8563050
2004-11-08,18.076112747192383,18.325843789037876,16.761352179773297,16.878872505235552,15391044
2004-11-15,17.503192901611328,18.23769533374097,17.26080715504663,18.039379340837435,11993292
2004-11-22,16.94497299194336,17.760271241282638,16.856833473662153,17.268154494530016,8165702
2004-11-29,17.224084854125977,17.422399472101993,16.63648199074021,17.0404592219965,7868742
2004-12-06,16.94497299194336,17.363639206160055,16.739313181985622,17.01842352447929,7888122
2004-12-13,15.534728050231934,16.50427115450308,15.262962901798065,16.45285620214815,24252173
2004-12-20,15.997459411621094,16.15904940129134,15.578791954878989,15.593482336017699,8420975
2004-12-27,15.711003303527832,16.026839507731,15.608173432746119,15.9313548278554,2824840
2005-01-03,16.100299835205078,16.188440778882512,15.248276783785236,15.718358080857488,11950409
2005-01-10,16.989046096801758,17.0404624603692,16.10029854085448,16.159058698264612,15259626
2005-01-17,16.922941207885742,17.554612514806934,16.783385316411927,17.20939678426916,13518712
2005-01-24,16.974349975585938,17.194700123045195,16.673204120280655,16.886209076030994,9423585
2005-01-31,17.0624942779541,17.4297455610833,16.856834456011327,17.172669382702367,7956944
2005-02-07,17.407703399658203,17.407703399658203,16.812755585073536,17.12859176791314,7936614
2005-02-14,17.90717315673828,17.921863545282857,17.22408690084621,17.37098658343429,8864504
2005-02-21,17.466472625732422,18.068764543696894,16.768694583630626,17.701513237528065,11504846
2005-02-28,17.481157302856445,17.730888241550296,17.37832741078917,17.62805834948302,9653323
2005-03-07,16.423479080200195,17.554612389858654,16.423479080200195,17.40771270599464,11781500
2005-03-14,16.217815399169922,16.77603747606854,16.20312501271019,16.45285597871621,12220200
2005-03-21,16.83479881286621,16.85683439411594,15.909325414664506,16.203126159898588,9098584
2005-03-28,17.224084854125977,17.260809420170915,16.643827184139678,16.834798009668624,8939197
2005-04-04,17.429744720458984,17.56930059358409,16.81276248248235,16.981699129297958,10709269
2005-04-11,17.04045867919922,17.370983965932474,16.82745228025686,17.326914207891843,9298406
2005-04-18,16.7613468170166,16.856832926499603,16.401440760320504,16.717277059306475,9555303
2005-04-25,16.12967300415039,16.871520640997513,15.982773355863738,16.74665516943013,10113039
2005-05-02,16.68054962158203,16.68054962158203,15.982773149104608,16.056223672773868,4365099
2005-05-09,16.203126907348633,17.0331156269938,16.13702156150247,16.768694243609144,11206177
2005-05-16,17.285337448120117,17.337944767524554,16.248217831947365,16.308340687472715,14417317
2005-05-23,17.84899139404297,17.98426818974855,17.217700636378293,17.285339034231086,8470761
2005-05-30,17.871540069580078,18.15712333417018,17.66862485257429,17.894085249174783,7957370
2005-06-06,17.961719512939453,18.014326831119035,17.435644897701692,17.916627730705795,9720086
2005-06-13,17.984268188476562,18.09699837374255,17.473223152932533,18.014328902274524,11171979
2005-06-20,19.472312927246094,19.607589742762272,17.826447394203054,18.03687815538848,21787919
2005-06-27,19.878141403198242,19.93074872991886,19.141634528783158,19.24685061566654,11180555
2005-07-04,19.667707443237305,20.156205811529233,18.79592534287087,19.840560469435047,10915808
2005-07-11,20.223846435546875,20.291484832998904,19.630133365452707,19.65267854230867,8767666
2005-07-18,19.915712356567383,20.404210674851438,19.80298219595441,20.178750353625492,8479620
2005-07-25,20.840105056762695,21.411272920971893,19.652677543482046,19.810500940662926,13800741
2005-08-01,20.847620010375977,21.193327507168064,20.637189297831142,20.825073401854116,8439261
2005-08-08,20.45682144165039,21.140719489410642,20.396698583609115,20.84762073563968,6714168
2005-08-15,20.389184951782227,20.772468745139676,19.69025719930444,20.44930781543974,5893366
2005-08-22,20.24639129638672,20.64470467647319,20.11111451317171,20.516943429374788,4761197
2005-08-29,20.25390625,20.810043005656777,19.99086822725158,20.07353625527281,5855057
2005-09-05,21.193328857421875,21.291027967023894,20.186269881022383,20.186269881022383,6370987
2005-09-12,21.268478393554688,21.36617892298534,20.67476541513258,21.19332590438261,6355696
2005-09-19,21.524005889892578,21.794559501020537,20.77998489273287,21.020476354427863,9050550
2005-09-26,22.170324325561523,22.80913056739321,21.644248259713788,21.644248259713788,10473956
2005-10-03,21.869707107543945,22.681366272423595,21.64424535241852,22.18535241796613,9872200
2005-10-10,22.057600021362305,22.508522278776642,21.734439046324656,21.93735427717746,7023746
2005-10-17,20.937807083129883,22.21541825685961,20.82507546280606,22.01250449384934,7880028
2005-10-24,20.952835083007812,21.666795266428945,20.479367761798144,20.89271222581544,8256898
2005-10-31,22.245479583740234,22.395786016222655,21.080597206430742,21.080597206430742,6917733
2005-11-07,22.561124801635742,22.809131775311094,21.584126546670703,21.869711203292038,10551177
2005-11-14,22.606218338012695,22.711432991523612,21.99747416157617,22.425849746233062,7682713
2005-11-21,23.27508544921875,23.410362251825756,22.26802640030232,22.26802640030232,7261143
2005-11-28,23.898855209350586,23.898855209350586,23.109742620090092,23.297626706432286,7064810
2005-12-05,24.642879486083984,24.815732515755613,24.056679138845556,24.056679138845556,10118421
2005-12-12,24.25959587097168,24.88337250526534,24.237050694705086,24.650395171935646,7146359
2005-12-19,24.770639419555664,25.138893522390156,23.906372833557494,24.500085852882798,6868852
2005-12-26,23.974010467529297,24.80070078022518,23.86128029612574,24.770638636681888,2663950
2006-01-02,23.82370376586914,24.327231763234014,23.82370376586914,24.049164105986005,7753399
2006-01-09,23.77109718322754,23.974012367903775,23.01204663333557,23.710974324817027,11877468
2006-01-16,23.350236892700195,23.85376636335536,23.012046355761118,23.680913326690362,10564930
2006-01-23,23.974010467529297,23.98152600341512,22.809129640622753,23.290112469780258,10506291
2006-01-30,24.394868850708008,24.890882719260688,23.989039973456638,24.004071044247155,12601072
2006-02-06,23.658367156982422,24.830765053786642,23.658367156982422,24.42493468179087,8600348
2006-02-13,23.974010467529297,23.989041539300942,22.929375347912128,23.57569709967395,10307028
2006-02-20,23.688425064086914,24.500082795949158,23.60575561048686,23.974008233931645,9335040
2006-02-27,23.48551368713379,23.8838285153067,23.072169219617034,23.75606726351101,8306616
2006-03-06,23.981531143188477,24.424937821390635,23.162356190811074,23.598247331516664,13595629
2006-03-13,25.70254898071289,25.770187380670723,23.69594645999546,24.019105952253625,18486761
2006-03-20,26.401477813720703,26.506692464086665,25.364356650185538,25.928009020189663,14880007
2006-03-27,26.13092041015625,26.619417339522226,25.62738954220362,26.378925926044005,10866359
2006-04-03,23.9589786529541,26.326317912801358,23.913886872479047,26.19104113793434,39607260
2006-04-10,24.25959587097168,24.650395171935646,23.8612824668802,23.898858716285876,15235506
2006-04-17,24.08673858642578,24.289653737726272,23.402840646953845,24.25959159674467,12804847
2006-04-24,23.508060455322266,24.349781902277066,23.372783666218638,24.049166178294776,18367814
2006-05-01,22.824159622192383,23.508057587274855,21.869708111910924,23.508057587274855,20055101
2006-05-08,23.3454647064209,24.473598072703293,23.115233885145916,23.521975100316507,22588895
2006-05-15,21.020130157470703,23.253375024717396,20.498271988780242,23.015469611498656,32418303
2006-05-22,21.56501007080078,21.56501007080078,19.35478760835633,20.82059420570541,27496123
2006-05-29,21.21966552734375,21.979429155014678,20.10688103710281,21.948732388769194,18265858
2006-06-05,20.375478744506836,21.258033634150227,19.23199627602676,21.181289539776213,18282201
2006-06-12,14.374115943908691,20.452226042934473,12.854588785095267,20.26804106584546,74857238
2006-06-19,16.89898681640625,16.929683578342193,15.13387836004442,15.709456918120067,38873638
2006-06-26,17.23666000366211,17.65107730384116,16.26201467369941,17.182939567810475,30397698
2006-07-03,16.65340805053711,17.535961609615992,15.548296730559237,17.420846182566063,38126309
2006-07-10,15.816900253295898,16.822243789010045,15.671086599425704,16.768523354366305,15963701
2006-07-17,16.185272216796875,16.49224721279909,14.857604444229642,15.947366777866689,26556226
2006-07-24,16.845264434814453,16.898984859811485,16.00108235462336,16.177592740691264,26971179
2006-07-31,17.996423721313477,18.004096814062276,16.822242921529075,16.875963353402582,27565062
2006-08-07,17.26735496520996,18.894324165991566,17.09084457687083,17.64339940879969,27826220
2006-08-14,17.8045654296875,18.403166241944888,17.305729467776892,17.367124460412832,16322605
2006-08-21,17.259681701660156,17.858283912224273,16.806893131574206,17.796888926302717,16558231
2006-08-28,17.865957260131836,18.31107124390231,17.083170144744233,17.17526188551229,19354196
2006-09-04,17.205961227416992,18.011770598523274,16.46154684207336,18.011770598523274,20625509
2006-09-11,18.034793853759766,18.495256968312265,17.006426767975544,17.205960833074023,31906054
2006-09-18,17.18293571472168,18.0347923315553,16.745496305138502,18.0347923315553,30524897
2006-09-25,17.405492782592773,17.835257620845073,17.129214654687583,17.136889209770693,16375940
2006-10-02,15.678759574890137,17.543634268118044,15.3487609796247,17.351774755872736,44649667
2006-10-09,16.300384521484375,16.73014943320999,15.348761485063099,15.502249685422514,28325466
2006-10-16,16.177593231201172,16.461545939644477,15.924338745842265,16.36177817839203,17606539
2006-10-23,16.530616760253906,16.8452662524202,15.793875450562423,16.154570817155697,18049764
2006-10-30,16.131546020507812,16.65340405942384,16.047127377809126,16.530614104828505,11433428
2006-11-06,16.85293960571289,17.49758771275052,15.602016174063671,16.262013394071715,29902101
2006-11-13,17.290382385253906,17.505264134650254,16.83759375077998,16.937360068175124,13965206
2006-11-20,17.842933654785156,18.56432579089925,17.03712433330359,17.275029705511283,26192730
2006-11-27,17.551307678222656,18.111537066092716,17.044797252298206,17.77386393673369,20895096
2006-12-04,18.525955200195312,18.602699302678804,17.228985869689534,17.87363398851565,20168917
2006-12-11,18.702463150024414,18.82525310271974,18.34176638318166,18.564324087299248,14553580
2006-12-18,19.776874542236328,20.068500292920863,18.4261836961903,18.633392275339933,19313964
2006-12-25,20.03013801574707,20.129904341188773,19.776883459409547,19.776883459409547,2957138
2007-01-01,19.723155975341797,20.321756641799087,19.63106277693282,20.030130863752166,10815489
2007-01-08,19.239673614501953,20.007111741694036,18.932698656379532,19.72316045434532,14368889
2007-01-15,18.717817306518555,19.907347399670556,18.11154188718846,19.40851286037491,26648772
2007-01-22,18.863630294799805,19.45455804122636,18.633399427664028,18.740840303824434,16991594
2007-01-29,19.646413803100586,19.938039609585164,18.917347091231335,18.986416630830394,12125258
2007-02-05,19.086183547973633,19.81524876374828,19.063159881204065,19.492924747833356,13213054
2007-02-12,19.278047561645508,19.370139322749594,18.77153702048442,18.909676125912704,12590472
2007-02-19,19.845949172973633,19.93804092265607,19.492926895799037,19.531299677976694,19891947
2007-02-26,18.134559631347656,20.214317410975106,17.750840624250593,19.792227088677073,36885166
2007-03-05,17.344099044799805,18.610371448544335,17.083170008419497,17.651073951196686,34371438
2007-03-12,16.883636474609375,17.658749052050883,16.461546148252886,17.11386729557258,35860874
2007-03-19,17.46689224243164,17.574333113626903,16.47689633919956,17.021778179772866,18860561
2007-03-26,17.819913864135742,17.996425756531586,16.852941589741565,17.574333882785886,21503573
2007-04-02,18.40316390991211,18.618047088794132,17.697120852181918,17.84293449012943,13789756
2007-04-09,18.12688636779785,18.717812520669042,17.77386412344769,18.40316305492859,11966048
2007-04-16,18.188283920288086,18.47223520327061,17.74316987191188,18.180609363481526,14967223
2007-04-23,18.1499080657959,18.564325280610042,17.842933164325306,18.265023470875896,11773928
2007-04-30,17.85828399658203,18.418513428734094,17.651075369203507,18.142235258896065,11408294
2007-05-07,17.92791175842285,18.43705199686992,17.495914292456614,18.012768955289364,17839661
2007-05-14,18.128482818603516,18.498766369853254,17.30305851717663,17.87391269319732,21667586
2007-05-21,18.02048110961914,18.437049674338503,17.819910514985445,18.437049674338503,15040627
2007-05-28,18.066770553588867,18.321340702388053,17.54220140542662,18.04362727774306,13003662
2007-06-04,17.1950626373291,18.1979144718557,17.04849148658631,18.11305725752414,20127196
2007-06-11,18.730192184448242,18.938475734521518,17.12562887255014,17.36477011678292,26671111
2007-06-18,18.591333389282227,19.247044601845996,18.213335507069157,19.223901333858212,25224112
2007-06-25,18.606765747070312,18.70705031786375,18.136196175450756,18.622193123932107,14546642
2007-07-02,18.730192184448242,18.9770478522209,18.336765412169633,18.61447730272595,14819925
2007-07-09,18.49876594543457,18.977049958357536,17.904768509322892,18.853622110772772,12538830
2007-07-16,18.02048110961914,18.66847796262776,17.912480653200493,18.66847796262776,12640900
2007-07-23,17.3570556640625,18.167051006501747,17.033057232811633,17.9124809156172,19147385
2007-07-30,16.90963363647461,17.549916235896212,16.631920205417842,17.287631655759537,14322883
2007-08-06,16.184494018554688,17.002205470413926,16.068780578046674,16.670492528615057,23621981
2007-08-13,15.274211883544922,16.67049196184954,14.927071573823005,16.331064606039867,20464802
2007-08-20,16.47763442993164,16.539348355942106,15.43621064105094,15.544209643725244,12767547
2007-08-27,16.801633834838867,16.917347268560494,16.08420848583818,16.50849156660953,8531274
2007-09-03,15.605923652648926,17.094773780859697,15.505639074115132,16.81706037664909,13588649
2007-09-10,15.744782447814941,16.037924740423545,15.389927692040194,15.636783430209803,13507744
2007-09-17,15.683067321777344,16.199922036068873,15.443926027515936,16.076494176361297,22267246
2007-09-24,16.631919860839844,16.917347711443195,15.621353688530137,15.713925320756575,25430409
2007-10-01,17.17962646484375,17.233625952271417,16.493057559529433,16.631914225129535,21461209
2007-10-08,18.336769104003906,18.55276712110503,17.079345769981774,17.256774604369877,30073276
2007-10-15,18.40619659423828,18.55276624999611,17.47277180107111,18.55276624999611,26094974
2007-10-22,18.89990997314453,19.28562242157605,17.951057703133284,17.989628359425947,24885632
2007-10-29,17.65791130065918,19.092761745068223,17.18734322384158,18.946190636858212,23703385
2007-11-05,17.187347412109375,17.704202157284772,16.26163693761199,17.15648970965055,34240515
2007-11-12,17.704198837280273,18.16705251635545,17.480484950534773,17.827626681217115,19896864
2007-11-19,16.516202926635742,17.951053358358003,16.115061724226702,17.7581971808201,21647573
2007-11-26,16.925060272216797,17.241344317801836,16.153635483692117,16.80163242376293,15488484
2007-12-03,16.739919662475586,16.971346526560048,16.17677840948479,16.81706096958633,12370996
2007-12-10,17.210487365722656,17.588485351913103,16.608776946282227,16.82477495474758,14260887
2007-12-17,17.287628173828125,17.619341044918126,16.925059078488964,17.017629222612364,19102189
2007-12-24,16.986772537231445,17.511341577610207,16.77077308784729,17.35705604642497,4609165
2007-12-31,16.007062911987305,17.125629342580144,15.92992014584713,16.89420104415962,9562732
2008-01-07,14.67249870300293,15.659921414731242,14.448784825267046,15.505637351711645,31939338
2008-01-14,13.199080467224121,15.065928778051621,13.191366041683882,14.718786985621957,34871036
2008-01-21,13.484504699707031,13.654219091709415,11.579086037153642,13.191363932920352,45968453
2008-01-28,13.523076057434082,13.769931735811792,12.944507509470359,13.19907761171936,26294523
2008-02-04,12.581938743591309,13.731361580012635,11.980227573658167,13.607933723173844,21394623
2008-02-11,12.82107925415039,13.499932347655701,12.358224136527024,12.419938054118415,21070824
2008-02-18,13.793072700500488,13.962787072636228,12.890505761497254,12.975362947565124,19235557
2008-02-25,13.445935249328613,15.01192673898663,13.330221817150237,13.885647174432119,26315652
2008-03-03,13.499933242797852,14.950211138047287,13.32250590187988,14.772783797129316,36832515
2008-03-10,12.16536808013916,13.708217506519498,11.825940794350243,13.499932480827942,32519978
2008-03-17,10.57623291015625,11.787369481646692,9.897379070229547,11.764226946105993,35567884
2008-03-24,11.409371376037598,11.771941193968596,10.576232752140616,10.576232752140616,20267350
2008-03-31,12.1190824508667,12.396795086828593,11.193372928639105,11.239658000122114,18678930
2008-04-07,11.648513793945312,12.23479603348136,11.57137102616238,12.188510961361965,12690813
2008-04-14,12.27336597442627,12.327365464112974,11.339942125295112,11.548227132408748,11836531
2008-04-21,11.818229675292969,12.2656560751986,10.95423384321009,12.2656560751986,22182406
2008-04-28,13.137362480163574,13.137362480163574,11.748797210324435,11.787368590434614,15157045
2008-05-05,12.034224510192871,12.890504848097688,11.910795951538994,12.875077473758719,12407868
2008-05-12,13.091076850891113,13.461361831404394,11.957083052391846,12.034225817972775,18508220
2008-05-19,11.50965690612793,13.175934187218761,11.50965690612793,13.091076996995097,18448845
2008-05-26,11.683963775634766,11.893994689687686,11.170553308473444,11.629510711959586,14924317
2008-06-02,10.944963455200195,11.948446237426896,10.944963455200195,11.746194451552896,17154686
2008-06-09,11.014973640441895,11.108320786665974,10.517122193913465,10.882731664493488,15430062
2008-06-16,10.252638816833496,11.232784278067033,10.081502001565932,11.084984807056784,13720305
2008-06-23,9.459187507629395,10.314870895569603,9.381398580816724,10.17484978870663,14891556
2008-06-30,8.930218696594238,9.731449685806874,8.867987264286468,9.428070896913598,15856268
2008-07-07,8.35457706451416,9.684775146774795,8.323461350268296,9.054681747831788,20315845
2008-07-14,9.957038879394531,9.957038879394531,8.370135861312015,8.735745343079587,23210182
2008-07-21,9.925922393798828,10.268195247235242,9.225817717165908,9.988153821696358,17683055
2008-07-28,9.443629264831543,10.112617542909256,9.256934223304821,9.855912695399365,20677516
2008-08-04,11.590616226196289,11.598395341505752,9.459187593983415,9.505861543982919,25000600
2008-08-11,12.259603500366211,12.391845473724585,11.372804515820135,11.660625063171553,23160400
2008-08-18,11.64507007598877,12.158479851283406,10.820502344069556,12.158479851283406,16786795
2008-08-25,11.925110816955566,12.127363364723363,11.232785130453765,11.645069341332109,11357289
2008-09-01,11.415592193603516,12.97915824041654,11.403923518992887,11.823986160829687,19179879
2008-09-08,12.057354927062988,12.91303847669429,11.450597919098602,11.97178686884282,24579262
2008-09-15,11.182221412658691,11.816204421985299,10.345985872779135,11.450594934282517,32787008
2008-09-22,10.174849510192871,11.240563787398733,9.883139373451431,11.16277486271536,21505341
2008-09-29,9.960928916931152,10.283754767929084,9.12469260845106,10.22930170528049,25108831
2008-10-06,7.724486351013184,9.661441905385416,7.366655141856041,9.525310330036767,27749151
2008-10-13,7.782824993133545,9.101354312207803,7.226630990734347,8.681291828316892,31387148
2008-10-20,8.572388648986816,8.634620083597552,7.63113727317792,8.09009391796779,25291577
2008-10-27,10.065945625305176,10.229303355896139,8.214559001084055,8.366248057398039,27790264
2008-11-03,9.669219017028809,11.166663809769588,9.494192636181504,10.128176422933075,24262149
2008-11-10,9.575873374938965,10.174851238349554,9.023568725894204,9.988156897171502,19206066
2008-11-17,8.296238899230957,9.88314251840492,7.89562325022263,9.490305986897527,22245910
2008-11-24,9.692554473876953,10.20596414114881,8.502377450487,8.58405592398154,16099080
2008-12-01,8.875767707824707,10.108729350560978,8.790199661053073,10.085392745415495,19037021
2008-12-08,9.07413101196289,9.676998401226717,8.37013734118473,9.39695690447286,14555463
2008-12-15,9.089688301086426,9.412514160114553,8.362357357954153,9.218040733185385,14703693
2008-12-22,8.790199279785156,9.070240754956266,8.370136696099854,8.696852121394786,8444994
2008-12-29,9.824797630310059,9.824797630310059,8.603504744994886,8.891325328202916,5191327
2009-01-05,10.649365425109863,10.85161798411961,9.875361210059005,9.879250767946575,12012158
2009-01-12,9.894807815551758,10.641585777892592,9.529197578297072,10.349875647944723,12549056
2009-01-19,9.801460266113281,10.540459083686436,9.529197192443448,10.077612155190598,10683123
2009-01-26,10.661031723022461,10.85550512291978,9.684775166515061,9.758675266196045,13166815
2009-02-02,10.90995979309082,11.046091350782845,10.307092419985533,10.501565861872052,11240451
2009-02-09,10.548239707946777,11.201669842934495,10.221524269524268,10.727154916586231,11794779
2009-02-16,9.688663482666016,10.719372221742965,9.626432062017697,10.415994231546678,12206738
2009-02-23,9.070241928100586,9.785904310181074,8.79020041670893,9.715893746868819,14155026
2009-03-02,7.872284889221191,8.840762547027747,7.848948283764625,8.720189220001961,13110385
2009-03-09,7.610912799835205,8.237894975815628,7.358874944531765,8.000637143386248,18236046
2009-03-16,7.308310031890869,7.810050970328559,7.128615927095652,7.78671437227164,13219843
2009-03-23,6.89213752746582,7.405547963762745,6.818238164257546,7.308311256729246,17427084
2009-03-30,7.445998191833496,7.5587931351155895,6.314162910752111,6.674327927516777,22549548
2009-04-06,7.2616376876831055,7.701147299859919,7.156621860592784,7.57668442709683,14271237
2009-04-13,7.992856025695801,7.992856025695801,7.159732688323683,7.261636406313189,14452651
2009-04-20,8.867986679077148,8.930218107278192,7.133284319723084,7.860614415019199,21659874
2009-04-27,8.556829452514648,8.945776245810768,8.323461228165549,8.654066150838679,11359822
2009-05-04,9.40084457397461,9.610875468884183,8.482929850666007,8.611282270293296,14350353
2009-05-11,8.906883239746094,9.412514619557095,8.206779165370598,9.412514619557095,17736956
2009-05-18,8.572388648986816,9.299718819196244,8.432367550184052,8.797977784915037,12127128
2009-05-25,8.910773277282715,9.225820053529112,8.463484497800579,8.572389895129223,15607985
2009-06-01,9.251726150512695,9.651223618379467,9.065821701964092,9.216127313959667,9666675
2009-06-08,8.998579978942871,9.485096429706683,8.765210152101085,9.334790810362092,12852978
2009-06-15,9.2161283493042,9.32688038151516,8.70587955878321,8.927382868768635,11568264
2009-06-22,9.22008228302002,9.449496574879118,8.579304771540217,9.172617673358891,11970049
2009-06-29,9.121198654174805,9.532562711882553,9.065823013497424,9.231950689966087,8825648
2009-07-06,8.820586204528809,9.382255868739938,8.78103260849816,9.216128200327168,8484940
2009-07-13,9.58793830871582,9.718467142884561,8.741478641951053,8.816631835695636,9595207
2009-07-20,10.268267631530762,10.268267631530762,9.651222462568391,9.698687823766875,9897654
2009-07-27,10.58470344543457,10.841805580821061,9.888549472068568,10.315734779084472,12760219
2009-08-03,10.818073272705078,10.84971660083641,10.351333616940584,10.568881403538938,8054618
2009-08-10,10.86949348449707,11.170105481355026,10.553060200665778,10.7547867020219,7403206
2009-08-17,11.05935287475586,11.07121940519083,10.34342213611385,10.837849587691341,7219244
2009-08-24,11.652665138244629,11.80692700717263,11.06330774080831,11.06330774080831,8379653
2009-08-31,11.33623218536377,11.61311185113006,11.05539776401591,11.589378791022279,9286248
2009-09-07,12.550546646118164,13.104306012921528,11.308545089953384,11.383698276208658,12746375
2009-09-14,12.973776817321777,13.01728667712866,11.81088392362142,12.344865000278958,18976161
2009-09-21,11.660575866699219,12.934221358826136,11.617066767597418,12.88280048565625,12060907
2009-09-28,11.45489501953125,12.34881995683687,11.439073733134244,11.613112410119907,13226997
2009-10-05,11.953278541564941,12.032387240514657,11.288768639020484,11.466762080002646,12006277
2009-10-12,11.193839073181152,12.155006320433138,11.12659689834848,12.008656192785672,10658890
2009-10-19,11.03562068939209,11.391608307546075,10.533282212013555,11.272946019640223,11705846
2009-10-26,10.114007949829102,11.098907354628835,9.85690582281845,11.075175047911227,15026470
2009-11-02,10.553060531616211,10.723143709923114,9.924148700146556,10.090276367976966,10523761
2009-11-09,10.406708717346191,10.727098246939368,10.16938339134857,10.616346226957434,9931626
2009-11-16,10.062588691711426,11.170105989988471,9.928104351350235,10.363200702257823,12124245
2009-11-23,9.47718620300293,10.299914308542263,9.053956372765706,10.12192010216375,18520268
2009-11-30,9.793619155883789,9.856905810006106,9.08164316535309,9.493007171584573,20166320
2009-12-07,9.781752586364746,10.01116689525357,9.52860597088368,9.80153013722197,14313982
2009-12-14,10.292003631591797,10.323646963291436,9.793620591495076,9.928104939827676,18404140
2009-12-21,10.77456283569336,10.77456283569336,10.323645245398719,10.34342204150636,8457031
2009-12-28,11.142416954040527,11.142416954040527,10.628212711937847,10.778518323580712,4699344
2010-01-04,11.352054595947266,11.454894842025269,10.841805103522217,11.075174921144097,16112963
2010-01-11,11.415342330932617,11.644756660142457,10.932780609382043,11.446985660670647,20088133
2010-01-18,11.221525192260742,11.82670387883536,11.079129852155477,11.454894243247379,12048851
2010-01-25,11.233393669128418,11.296680334520062,10.818074833191194,11.106820338345134,12070159
2010-02-01,11.154284477233887,11.700132094293675,11.075175777051783,11.162194743702916,13891013
2010-02-08,10.877405166625977,11.23339282119189,10.742920824210954,11.221527043849479,12644793
2010-02-15,11.7594633102417,11.771329841668607,10.69150037822389,10.936735992221465,12364464
2010-02-22,11.988877296447754,12.087762792222168,11.482584040922088,11.708042850577918,15116991
2010-03-01,12.621745109558105,12.625700620074788,11.933502122821645,12.064030952126206,9628153
2010-03-08,11.60915756225586,12.7324961202454,11.545870904184236,12.617789335404263,23878718
2010-03-15,11.73177433013916,11.814838533032868,11.387653251621193,11.660576657497813,18488740
2010-03-22,12.12336254119873,12.147094850724047,11.51027272314517,11.739687060387281,17080450
2010-03-29,12.060074806213379,12.178737852152512,11.72781948468213,12.178737852152512,6818196
2010-04-05,11.787150382995605,12.123361207777343,11.478628129790604,12.060074553046244,10782707
2010-04-12,11.55773639678955,11.8583483924545,11.446985125106353,11.81879404352345,11247043
2010-04-19,11.48258113861084,11.708039891280226,11.316453517522408,11.514224459083099,10523818
2010-04-26,11.098906517028809,11.731773765750495,10.833893389633195,11.577512652072995,13309119
2010-05-03,10.980245590209961,11.3362332256955,10.51746143774782,11.007933408440236,23036025
2010-05-10,12.906534194946289,12.930265746164661,10.596569156620873,10.758741295061835,31829158
2010-05-17,12.538679122924805,13.456336253478986,12.301353820848572,13.009373462922087,35584750
2010-05-24,12.724584579467773,13.029152080516033,11.909769078697023,12.594056512660169,15777782
2010-05-31,12.728540420532227,13.04497368742944,12.447705236029083,12.74040619651811,9824200
2010-06-07,13.958675384521484,14.318618488529758,12.526813233893959,12.601966413519666,22015128
2010-06-14,14.184134483337402,14.670650897854342,14.002185549558277,14.073383220841029,18677603
2010-06-21,13.840014457702637,14.464969997587206,13.75694949567779,14.354218726717944,11247421
2010-06-28,12.499125480651855,13.98636326864988,12.499125480651855,13.847922684040856,12599414
2010-07-05,13.456336975097656,13.555222460062625,12.542634550827154,12.550545570689081,7851777
2010-07-12,12.98960018157959,14.097117551529367,12.930268274187979,13.464250914093233,12169031
2010-07-19,14.25137710571289,14.2632443911874,12.657343403654487,12.894667988923842,14846268
2010-07-26,14.381905555725098,14.678562018478923,13.654108306747467,14.199956620698888,14884597
2010-08-02,14.66669750213623,14.987085543741284,14.116892876504727,14.433327671043784,13174603
2010-08-09,14.25928783416748,14.832823997165802,13.994275436343768,14.773492097627985,9400956
2010-08-16,14.156447410583496,14.860511631467235,14.01800681632547,14.26324392311185,9988285
2010-08-23,13.752997398376465,14.777451378571405,13.543360592599976,14.18018203207407,14490735
2010-08-30,14.354216575622559,14.563853309458732,13.460290995396367,13.863743933081727,8669702
2010-09-06,15.026640892028809,15.133435901719789,13.867702738457552,14.322575122482121,10606582
2010-09-13,14.97126293182373,15.374715921503544,14.686473740011351,15.307474510993343,11149335
2010-09-20,15.228363037109375,15.58435134801941,14.500565886149763,14.994993257484484,14851963
2010-09-27,14.302796363830566,15.4142697486166,14.231598694549028,15.279785429848443,12433607
2010-10-04,14.219733238220215,14.785358340824816,14.041739061024225,14.318618724565455,12506570
2010-10-11,13.966588020324707,14.710205865032354,13.737172944982845,14.01405263599536,15056585
2010-10-18,14.579675674438477,14.65878436163363,13.867700507427507,13.907254096588732,9513347
2010-10-25,14.939620971679688,14.983130831499347,14.247422497134384,14.587588846044888,9830372
2010-11-01,14.55594539642334,15.34307464563762,14.362130660084691,15.006863038045662,15365447
2010-11-08,14.366086959838867,15.244190782954107,14.346310159355033,14.409596826227194,16120986
2010-11-15,13.701573371887207,14.389817052164064,13.543357491837856,14.330485154100028,16145994
2010-11-22,13.812324523925781,13.89538948229911,13.143859154478758,13.72135005415769,12132157
2010-11-29,13.84396743774414,13.986362772809143,13.511712158883373,13.820234378942406,11844728
2010-12-06,14.219733238220215,14.674605570084656,13.630375075698556,13.816280272866898,11996313
2010-12-13,13.966588020324707,14.385861558349184,13.891434077567165,14.267199264736085,8997243
2010-12-20,14.239510536193848,14.512433944943345,13.927032026186781,13.927032026186781,5871413
2010-12-27,13.796504974365234,14.318620278210522,13.796504974365234,14.239511578776067,3035985
2011-01-03,15.149258613586426,15.287699221792126,13.88748015051435,13.994276673802284,10719280
2011-01-10,16.41499137878418,16.842177420852465,15.018728739524496,15.093881168907842,18359902
2011-01-17,16.13020133972168,17.115101526386347,16.110424542645646,16.53365433733896,15662941
2011-01-24,17.130924224853516,17.479000091590365,16.070871565080026,16.229087456631426,17385592
2011-01-31,16.08669090270996,17.04785799301739,16.07482512666535,17.008304400286793,14891322
2011-02-07,17.217941284179688,17.217941284179688,16.165799715766614,16.276552492196785,9887272
2011-02-14,17.126962661743164,17.617435244232784,17.004345647775125,17.22980439286683,10085650
2011-02-21,16.343793869018555,17.34055980163498,15.869143209362232,17.08345692089989,14055228
2011-02-28,15.58039665222168,16.865907947076575,15.52502102247834,16.296328101165827,11390026
2011-03-07,15.54875373840332,16.359614389317123,15.236275253042752,15.54875373840332,13186520
2011-03-14,15.220457077026367,15.548757684970889,14.464971862876247,15.438004890946917,14240481
2011-03-21,15.968027114868164,16.09460041035733,15.180899527849474,15.394491020941999,7911712
2011-03-28,16.739337921142578,16.739337921142578,15.84936838914428,15.936388115112376,7792178
2011-04-04,16.541566848754883,16.889644242380626,16.454547123130187,16.727472077544718,7626883
2011-04-11,16.660228729248047,16.76702525102904,16.225133129879257,16.62858615364979,9224299
2011-04-18,16.798667907714844,16.873820338637078,16.118335238136982,16.612762699429528,5829216
2011-04-25,16.525747299194336,16.984576042744603,16.478282672999,16.79867229478235,6830776
2011-05-02,16.573209762573242,16.70769409772692,15.99571731816454,16.664184237990007,11824255
2011-05-09,18.266128540039062,18.2740395606098,16.458501833630347,16.5534310627334,13854213
2011-05-16,17.969470977783203,18.230528605424514,17.37615805051906,18.111866321746245,10499909
2011-05-23,17.736101150512695,18.115821061499894,17.4631777474043,17.799387802343894,7851491
2011-05-30,17.189407348632812,18.35560244425501,17.05761051361585,17.93625150982982,7530262
2011-06-06,16.865909576416016,17.293248394680713,16.80999631399217,17.11352610580254,7513839
2011-06-13,17.12550926208496,17.464983524648424,16.782040324325866,16.90185468031755,10137366
2011-06-20,17.89232635498047,18.127961967912757,16.74609960493071,16.829969520502573,12327264
2011-06-27,18.379566192626953,18.519349331663012,17.59677756698112,17.888326345200582,9822471
2011-07-04,18.47142791748047,19.018581139476897,18.395545843152355,18.41551464971004,8585233
2011-07-11,18.938701629638672,19.258208582086507,17.572815349660218,18.355604031408877,12948504
2011-07-18,19.837310791015625,20.025020890289877,18.591238901322434,18.84285008408039,12052565
2011-07-25,19.330101013183594,20.28062964684635,18.731027653562478,19.757439887831538,9949323
2011-08-01,17.31721305847168,19.849296358463526,16.47451634240567,19.386013050745248,17602233
2011-08-08,17.053617477416992,17.09355508152745,15.2164587414191,16.95377194361891,21897113
2011-08-15,16.590335845947266,18.167895735321704,15.999250412235325,17.2253535624895,11599501
2011-08-22,16.786027908325195,17.712594188498585,16.30277596945027,16.414602461481707,8382338
2011-08-29,16.917829513549805,17.832415078151925,16.79002733688739,17.117520605025092,7496213
2011-09-05,16.997703552246094,17.540861954939274,16.083118133061085,16.65822783660074,10349316
2011-09-12,17.956222534179688,17.956222534179688,16.34671282850626,16.622285985573868,13504227
2011-09-19,16.51844596862793,18.43148683287332,15.939341546393226,17.265290162580854,13080257
2011-09-26,16.937795639038086,17.405073511415075,15.979277942151155,16.16299487512777,9154631
2011-10-03,16.76207160949707,17.44102013829305,15.472067271853616,16.490491588569796,11280752
2011-10-10,18.351612091064453,18.58724764610659,16.598324505837347,16.953774414192637,8140053
2011-10-17,16.25485610961914,18.451458245418426,15.903399341305036,18.4115191106542,12683897
2011-10-24,17.053617477416992,17.488944065717515,16.127051045652536,16.446556449102015,9935666
2011-10-31,17.03764533996582,17.49294082421524,16.502473107500904,16.893867497882372,10620232
2011-11-07,17.784486770629883,17.804457097080718,15.743643726749992,16.857920298329653,15723409
2011-11-14,17.017675399780273,18.12396425151085,16.774052019542424,17.98018641900837,9717055
2011-11-21,16.57036781311035,16.93380554681666,16.127053336315612,16.809996518853485,8501358
2011-11-28,17.516902923583984,17.816439563115797,16.41061408542383,16.77804496529223,9865684
2011-12-05,17.89631462097168,17.952227877992595,17.157456732207024,17.64070876619865,7345180
2011-12-12,18.09201431274414,18.383563151350554,17.588793384462917,17.804460149521557,8393694
2011-12-19,18.850839614868164,19.0904683187241,17.892321752400136,17.94424186352704,7357713
2011-12-26,19.290157318115234,19.3860097033609,18.663127471719005,18.850837567584033,2540976
2012-01-02,19.781402587890625,20.088927106834284,19.182329205836787,19.182329205836787,7605082
2012-01-09,20.088926315307617,20.420414304940486,19.71750071118704,19.813353118888813,7352628
2012-01-16,20.488306045532227,20.91165171546708,19.837312649143183,19.945146023282877,9395859
2012-01-23,20.45635414123535,20.875705092610485,20.160810680886765,20.440378489644186,7825815
2012-01-30,21.997970581054688,22.013944709924296,20.15681853977096,20.292608538056065,9207916
2012-02-06,21.366945266723633,21.977999475609433,20.899668877227906,21.894129588805896,6264020
2012-02-13,21.662490844726562,21.766329544681714,21.199207561230185,21.474780726263685,4409335
2012-02-20,21.614561080932617,22.093819955648513,21.438833487062976,21.762333570288646,5012162
2012-02-27,22.085834503173828,22.405339946142146,21.486761226287438,21.51072470583086,5244993
2012-03-05,24.0108585357666,24.12268659287715,21.007504071558483,21.997973313566035,13592309
2012-03-12,24.841569900512695,24.841569900512695,23.355867823011273,23.887046810932453,11586357
2012-03-19,24.33036231994629,24.757702665526647,23.843117083411656,24.625905811338637,8071638
2012-03-26,24.52605628967285,24.86553048726656,24.186582092079146,24.362309679000774,8240820
2012-04-02,24.510082244873047,25.08918667005351,24.15862704800273,24.64187908634092,8103775
2012-04-09,24.13865852355957,24.725750818430797,23.483671989061605,24.510084074577435,10017567
2012-04-16,24.43021011352539,25.31284599376695,24.022841582364414,24.066772347610264,8450364
2012-04-23,24.326372146606445,24.402254223642164,23.04036084791032,23.946958714383182,7623124
2012-04-30,23.587512969970703,24.494110734859248,23.39980285091455,24.322376269238124,5899571
2012-05-07,22.844661712646484,23.795191757255452,22.581069526572655,22.980451719019193,7412867
2012-05-14,22.213634490966797,23.88305197989946,22.149733408671278,22.7567944522397,8830131
2012-05-21,21.790292739868164,22.94051234511757,21.726391650687642,22.397353848844197,9371229
2012-05-28,20.887683868408203,22.389361442247797,20.715949440705455,21.88214598409338,14516880
2012-06-04,21.84673309326172,22.326256019638315,20.63573501569663,20.92019800510287,11442676
2012-06-11,21.15589714050293,22.505062914559883,21.009601795089754,22.407532167551555,9574305
2012-06-18,20.920196533203125,22.053983790383686,20.912068842626383,21.46880402064459,8504581
2012-06-25,22.708251953125,22.712315023993728,20.88769081478538,20.920200032331387,9200860
2012-07-02,22.81390380859375,23.56976193951333,22.305934801276653,22.757011527805975,8329389
2012-07-09,22.119003295898438,23.256853599146847,21.62728965291799,22.830159929203496,10325507
2012-07-16,23.334064483642578,23.51287057330014,21.70856359700114,22.053983465531516,8478648
2012-07-23,24.224029541015625,24.788890905418803,22.460360847376243,23.06585911777444,13046640
2012-07-30,25.35781478881836,25.35781478881836,23.781078473757866,24.46378897923979,9720445
2012-08-06,24.947376251220703,25.357816120215507,24.382514903977004,25.21558385315651,5227800
2012-08-13,24.58570098876953,24.849845503769576,24.35406723570113,24.82952550246307,4658056
2012-08-20,24.057415008544922,25.081480820248363,23.813588929454458,24.553191757318295,5834787
2012-08-27,24.642593383789062,24.776697952068044,23.959882882110605,24.04115823711013,5166231
2012-09-03,24.58570098876953,25.040840804423418,24.2037088372634,24.64259327195146,6490947
2012-09-10,20.566650390625,25.016459415570758,20.249678211106158,24.626338021318574,44927603
2012-09-17,20.887685775756836,21.212785623782185,20.400035228619636,20.400035228619636,16063866
2012-09-24,20.046493530273438,21.13151479589012,19.749838208387057,20.98521944542524,16028158
2012-10-01,21.521631240844727,22.383147821854138,20.062744141633548,20.062744141633548,17052006
2012-10-08,21.407846450805664,22.594461334543112,21.01366199618131,21.48912180384759,34394225
2012-10-15,21.77764892578125,22.04991958938756,21.306253714753606,21.32657216648268,12268977
2012-10-22,22.041793823242188,22.127132252072904,20.977089572331074,21.74107546186917,11468387
2012-10-29,22.309999465942383,22.431911717901958,21.86298580849276,21.94426115986527,6170414
2012-11-05,21.391592025756836,22.464422393279825,21.1315121245632,22.2734270878274,10641947
2012-11-12,20.456932067871094,21.42004106674942,20.29031826173435,21.277810335973673,13395410
2012-11-19,20.233423233032227,20.9445798911307,19.713261880402367,20.798284559147255,9328062
2012-11-26,21.042112350463867,21.042112350463867,19.721392637230686,20.050557185369577,10616812
2012-12-03,24.21590232849121,24.21590232849121,21.172150883256315,21.29812777464901,26404936
2012-12-10,23.504741668701172,24.203707509915276,21.659797885616438,24.02896604961175,8362760
2012-12-17,24.378448486328125,24.43940383509954,23.46003968293477,23.5372504114579,9180529
2012-12-24,23.890798568725586,24.536935203836396,23.85422473842881,24.496296753396436,2381376
2012-12-31,25.032716751098633,25.073355209417805,23.772953996979208,23.805464763634543,4351846
2013-01-07,26.247777938842773,26.654153220264565,24.979889045061086,25.07335517376426,11240030
2013-01-14,28.121164321899414,28.271524271249838,25.934866728159744,26.27215890890975,14451201
2013-01-21,28.271528244018555,28.555989701252514,27.584753025328542,28.243082098295158,10907546
2013-01-28,28.600690841674805,29.238699901713673,27.23526966471054,28.16586941986994,12818690
2013-02-04,28.48284149169922,28.86483524172472,27.90578934620342,28.462524588219598,7803545
2013-02-11,28.360925674438477,28.694153215531653,27.901722813052977,28.080525793378293,6348676
2013-02-18,29.169612884521484,29.909215663161845,28.03989026553865,28.271524017629396,8137965
2013-02-25,31.656625747680664,32.49782220921211,27.901720117986315,29.259011671210512,21355243
2013-03-04,32.51001739501953,32.74571576522867,31.457507070046265,31.61599315681524,11721895
2013-03-11,34.61097717285156,34.61097717285156,32.12396277983995,32.42061495789936,35995588
2013-03-18,33.60723114013672,34.55815081485698,32.41249004165859,34.05424638488392,15019489
2013-03-25,32.266197204589844,34.37528275719638,31.29496055291155,34.0298643962074,10950921
2013-04-01,31.11208724975586,33.558467920358225,30.75854277671583,32.26619453864658,13017860
2013-04-08,30.604124069213867,32.026437675835744,30.006751858369057,31.112093214435966,20814684
2013-04-15,32.453128814697266,32.453128814697266,30.108341806377908,30.49440016722145,26298017
2013-04-22,32.51001739501953,33.52595543861389,31.859817667198513,32.91639261245727,17762057
2013-04-29,33.20085906982422,33.28620060680419,32.241813162899405,32.51002233535682,9560973
2013-05-06,33.73727035522461,34.02579949794124,32.89201222999956,33.06268908313565,8301399
2013-05-13,35.19209671020508,35.35058281273694,33.200857326633795,33.87137712217477,16003256
2013-05-20,34.56221389770508,35.23273053420063,33.9770325854503,35.19209363204891,9425533
2013-05-27,36.62339782714844,36.91176977622878,34.93023489307457,35.25156453434082,20583827
2013-06-03,35.77888107299805,36.54925075695463,34.41940904268643,36.29383331395374,10337972
2013-06-10,35.29688262939453,36.09608942480953,34.580070069239106,35.77063926732629,10406092
2013-06-17,33.57488250732422,36.170242780435295,33.57488250732422,35.51110146833052,18926647
2013-06-24,33.834415435791016,34.83136520172621,32.51613916937383,33.41833635537035,14502746
2013-07-01,33.94565200805664,34.67894348885595,32.86631099047554,34.139274551574914,11777811
2013-07-08,34.003326416015625,34.753096745719056,33.68611407863012,34.28758105598099,9275920
2013-07-15,35.13209915161133,35.18977354782026,33.92917154065533,34.168110120960236,11355429
2013-07-22,36.3927001953125,36.63987976454275,34.56359212693261,35.23920915865272,10912212
2013-07-29,37.12187576293945,37.6945023782273,36.37210545884192,36.47097540470673,15395635
2013-08-05,37.8634147644043,37.92932702537659,36.903542909155796,37.257830348062804,10124339
2013-08-12,37.24546432495117,37.9828731113696,36.60280184046432,37.941677563868616,9770747
2013-08-19,36.62339782714844,37.40200523268389,35.81183272942708,37.39788473540602,7613675
2013-08-26,35.92718505859375,36.78818677965922,34.856085100877536,36.76758743425323,10424783
2013-09-02,37.397884368896484,37.40612536337145,36.07136713009009,36.30206783011195,7940123
2013-09-09,36.9158935546875,38.497825203994786,36.75522871977407,37.16719047965852,9896164
2013-09-16,38.69557189941406,39.301156246727324,36.957092605037495,37.406132600243424,14760169
2013-09-23,39.09517288208008,39.32999096694395,37.81809201452183,38.85211380166651,10356348
2013-09-30,40.5452766418457,40.66062543454212,38.43603439135389,38.80679746987268,9782193
2013-10-07,40.1827507019043,41.67405341403046,39.362947674360505,40.771856148153866,12974449
2013-10-14,40.33930206298828,40.59059903336939,39.49889954379861,40.141562142602105,8551637
2013-10-21,40.405216217041016,40.48760732415369,38.732649084084116,40.37225851698824,10379128
2013-10-28,41.69877624511719,42.679244252797574,39.9726552002287,40.57411908490853,11042708
2013-11-04,44.03047561645508,44.90383575529259,41.781164587893535,41.945949934865396,12201903
2013-11-11,42.802825927734375,44.648412784969274,41.78115941735818,43.99751561666034,14657395
2013-11-18,42.62980270385742,44.46715170716816,41.86355360764468,43.89040463626349,9587514
2013-11-25,43.058250427246094,43.45373656219779,42.45678651391039,42.91818490934108,6925052
2013-12-02,41.2620964050293,43.766821821546294,40.79245704997448,43.115924550333915,10856090
2013-12-09,44.4341926574707,44.780239003643445,40.10859447219992,41.54221953922783,18712736
2013-12-16,46.05733108520508,46.61759939179935,44.2611773628327,44.49187496801182,11829458
2013-12-23,46.33746337890625,46.68350977278754,45.58769304914444,46.04908824098616,2692780
2013-12-30,46.46928787231445,46.881249633086675,45.71951759342976,46.419851329535014,4634062
2014-01-06,45.54649353027344,46.592876831834594,44.953270702512796,46.592876831834594,8891359
2014-01-13,46.98836135864258,47.06251460750549,45.32403532873427,45.744238119963796,11204006
2014-01-20,43.4866828918457,47.23553746639971,43.47020404408943,46.96364119294939,13667560
2014-01-27,43.34661865234375,45.77719376376276,42.68748043815018,43.24774870596944,19236946
2014-02-03,43.264217376708984,44.005749711495355,42.03657324169629,43.42900268921912,15073551
2014-02-10,43.832733154296875,44.26941162670033,42.28375601206544,43.503162479602906,12682154
2014-02-17,43.15711975097656,44.09639216739212,42.67100469333809,44.030476769669335,9456805
2014-02-24,43.98927688598633,45.31579427585341,43.041766709666156,43.07472126226336,15407349
2014-03-03,42.27552032470703,44.05519514455936,42.25904147582647,43.46196915693557,13618527
2014-03-10,41.16322326660156,42.226085489841196,40.14155973874298,42.18488993747933,16489049
2014-03-17,42.76163864135742,43.42901478553146,40.792458480062876,41.15498689716412,15129861
2014-03-24,43.338382720947266,43.88217220407787,41.978910584630405,42.761638680520335,9866554
2014-03-31,44.49187469482422,44.64841904837468,42.72867868202351,43.437253485601914,9877844
2014-04-07,41.04375076293945,44.25293338699102,40.42580809665782,44.07991019475671,14509556
2014-04-14,42.291996002197266,42.333191549799956,39.49477526061661,40.78421444439193,11141594
2014-04-21,41.52574920654297,42.745155713607204,41.31152731814227,42.291998378478176,7415759
2014-04-28,40.57823944091797,41.945952563358084,40.186876967477225,41.67405939538287,7977613
2014-05-05,40.092124938964844,40.5947188715532,39.39590844450858,40.05092938480598,11196699
2014-05-12,41.50102615356445,43.63498816169634,40.112717056269126,40.19098765215501,16015389
2014-05-19,42.5062141418457,42.72043287219894,40.99019475290204,41.435114204041966,11042407
2014-05-26,43.96739196777344,44.56911360853884,42.9227381125727,43.24866960531044,8749045
2014-06-02,44.869972229003906,45.09561784926004,43.49938685088282,44.635970780455615,10021522
2014-06-09,42.85588455200195,45.103981993846126,42.57173853730173,45.062193283542065,11634670
2014-06-16,41.944942474365234,43.181812316161846,41.76526187506193,42.80573946053092,11736480
2014-06-23,41.19279861450195,41.99509214711033,40.20664495182583,41.87809140544216,11812535
2014-06-30,40.093814849853516,41.37664969371272,39.15362635291346,41.0925037093385,15776312
2014-07-07,39.370914459228516,40.44899798798129,38.756657490798894,40.09799263972272,15054931
2014-07-14,37.1729621887207,40.07292229437512,36.89717523029776,39.6717755988314,19418295
2014-07-21,37.18967819213867,38.10897233291186,36.14502431033702,37.20221352863539,16628082
2014-07-28,35.66448211669922,38.50594188903244,34.98336894816858,37.34846362770221,21033173
2014-08-04,35.28004837036133,36.10323607739509,34.774436312159416,35.68955406396268,14700187
2014-08-11,36.32889175415039,37.026719923066445,35.37198822250894,35.484809461806165,10725616
2014-08-18,37.381893157958984,37.59500343698879,36.63392061535133,36.788530533554216,9657730
2014-08-25,39.11602020263672,39.27898595314455,37.73289948339261,37.73289948339261,9917101
2014-09-01,41.10921859741211,41.6190102041531,38.973945798178995,39.249735954493566,12764577
2014-09-08,40.53257751464844,41.36412125348579,40.00189465507697,41.155190441554616,9750026
2014-09-15,41.26801300048828,41.91152025472144,40.40721592636806,40.49079016018272,10552337
2014-09-22,41.234580993652344,41.34740221793392,38.96141296991788,41.01311486552235,14167298
2014-09-29,41.435157775878906,41.95330526710047,40.006068681333204,41.242938634459755,14785962
2014-10-06,37.97525405883789,42.078654086775664,36.8303143785783,41.89479718453432,19172502
2014-10-13,36.73838806152344,39.024091334139975,34.306433878636255,37.44457512715551,24602382
2014-10-20,37.84989929199219,38.14658060466007,36.19098845786608,36.70078004989814,13732683
2014-10-27,39.780418395996094,40.04784953370127,37.035068132342545,37.69111064015532,13782863
2014-11-03,40.31528854370117,40.95043677254165,38.92798816015264,39.483741664876426,12110599
2014-11-10,40.49496078491211,41.45186084492024,39.47955718005298,40.12306110508026,13187870
2014-11-17,40.34453201293945,40.39467335622012,38.719050915628095,39.32076935120939,14444853
2014-11-24,40.946250915527344,41.78615349339309,40.423923996859926,40.423923996859926,10806651
2014-12-01,41.64408493041992,41.7527266415002,39.813849242752106,40.62032218747501,11585417
2014-12-08,34.02228927612305,41.510368068097186,33.58353652739265,41.510368068097186,37965314
2014-12-15,34.84129333496094,35.37615877301442,33.1280616940965,34.57804171791132,23827021
2014-12-22,34.70758056640625,35.33855242216261,34.423434574704046,35.046050601894486,4442244
2014-12-29,34.703407287597656,35.066944840644624,34.076614885206595,34.75772814811371,5711501
2015-01-05,37.23146438598633,38.18418823340749,34.31896880054295,34.36911333547116,22242755
2015-01-12,38.773372650146484,38.94469422364239,36.5545288945768,37.43203749031398,18863437
2015-01-19,41.18442916870117,41.7694359169446,38.47668838476231,38.81097567802263,20328857
2015-01-26,39.446128845214844,42.789021066198636,39.19541256624715,41.184431142350576,25436433
2015-02-02,40.40304183959961,40.56600761950982,38.90709644593185,39.30406371739904,13470534
2015-02-09,41.57722091674805,41.83629620482475,39.70519991896914,40.11470560811872,12251111
2015-02-16,43.842037200927734,43.85039621801424,41.460227416222885,41.99508974064567,10129788
2015-02-23,46.24055862426758,46.591560780611275,42.60516138596662,44.067676746792976,15731225
2015-03-02,49.658668518066406,49.72552790096116,46.10684509656918,46.675137099051206,16596589
2015-03-09,53.118560791015625,53.118560791015625,48.40507988166101,49.28259167729459,14810096
2015-03-16,51.31340408325195,53.486283057239966,49.641957737713206,53.143636683925756,16722950
2015-03-23,50.48603057861328,51.480539885156695,48.34657836971216,51.388613025315955,17477201
2015-03-30,50.778533935546875,51.52233016930347,50.394102076322525,50.845393313514904,7307743
2015-04-06,51.739620208740234,51.739620208740234,49.76731306009002,50.778537308803294,6742995
2015-04-13,51.965267181396484,53.97100407293644,50.72839726722484,50.73675309622595,14846195
2015-04-20,54.438995361328125,55.24128867106357,51.714539801506824,51.77304015608981,15231743
2015-04-27,51.81483840942383,54.948800409993815,49.73388623831171,53.6617859166323,13834719
2015-05-04,52.98484802246094,53.11020457986468,48.57222770277868,51.14625648826256,15321807
2015-05-11,50.86211013793945,52.19926586904604,49.207378725183524,51.062681903590075,15263152
2015-05-18,53.2606315612793,53.60327789691476,50.2687445895407,50.97910793306796,10876937
2015-05-25,51.81483840942383,54.781658320388225,51.664407978353985,53.68685659246694,12322298
2015-06-01,50.84330368041992,53.578921492742,50.306405663204096,52.266508813145485,13342817
2015-06-08,51.508026123046875,53.10167523803133,49.2922618548834,50.70694281860818,12809620
2015-06-15,50.229705810546875,51.72961065595909,47.834976357116616,51.03079246126212,17655970
2015-06-22,52.41990661621094,53.75789132767253,50.93704971456679,51.533602724253946,15158519
2015-06-29,50.459800720214844,52.164235832541934,49.42861825748544,49.6842828741441,15934440
2015-07-06,51.47394561767578,51.67847602621788,47.996896162937865,49.43714277233394,14217025
2015-07-13,55.09586715698242,55.75207182452179,52.10458166813263,52.155715892634625,9895422
2015-07-20,53.7408447265625,55.7435581004944,53.45109060335735,54.96803693904487,8534911
2015-07-27,55.05325698852539,55.87990912078427,51.201236204381054,53.4851764366361,13215178
2015-08-03,56.67247772216797,57.84853582143087,54.780553365423856,55.283365195378124,8807963
2015-08-10,53.17838668823242,57.81444663408293,51.576216474613766,57.08154538132363,14398484
2015-08-17,48.90877151489258,54.44818636465373,48.90877151489258,53.74936813599082,12774957
2015-08-24,49.667240142822266,49.846208307582536,44.33235945576737,46.786747027108184,25527061
2015-08-31,47.14468002319336,49.6075885055473,46.880491381993444,49.18147968158427,13927235
2015-09-07,47.35773468017578,49.64167824850958,46.87197087842106,47.69009904443403,10022530
2015-09-14,46.377681732177734,48.235516420367546,45.74704250830545,47.57078771116372,13951925
2015-09-21,46.156105041503906,47.1787668107093,43.68467270350355,46.36063869572585,14491757
2015-09-28,46.59925842285156,47.11911167671445,43.75285152134914,45.86635076992697,14356234
2015-10-05,49.096256256103516,49.47975482473133,47.40034180859478,47.67305117940742,10848242
2015-10-12,47.323646545410156,48.883206454181,46.019754540403504,48.87468245688089,13255287
2015-10-19,51.277931213378906,51.98527337882652,46.403248772765906,46.87196780058129,13312196
2015-10-26,53.99650573730469,54.96803324662764,49.78654886230251,50.89443430369384,13070880
2015-11-02,56.331581115722656,56.73212442131581,52.752269856459606,52.88010054374637,11246338
2015-11-09,54.14138412475586,56.936656865993704,53.28064576268764,56.29749365375074,9847007
2015-11-16,56.60429763793945,56.800310568269246,53.09316165122642,53.1869061176574,11738368
2015-11-23,57.90818786621094,58.300213714668736,54.90838453950314,56.58725438363332,10086613
2015-11-30,54.55045700073242,58.37691266745245,52.61592242441203,57.84001785513835,14673234
2015-12-07,53.07611083984375,56.757690594575564,52.61591580871637,55.11291037418008,10930480
2015-12-14,53.91128921508789,57.10710877841233,52.00232342503108,53.4851803734383,15360663
2015-12-21,52.96532440185547,54.19251655840126,52.22389275950812,53.68970805137412,6701847
2015-12-28,53.331783294677734,54.14991147681496,52.453996884825116,53.03350515991042,3788067
2016-01-04,50.0763053894043,53.1357667427774,49.85473024097448,52.113108210390955,13724587
2016-01-11,47.852020263671875,51.55916557932512,47.17876756926704,49.922909323049865,18577237
2016-01-18,48.53379440307617,49.36044328883425,45.82374209498987,47.954286157890905,14984462
2016-01-25,49.27522277832031,49.27522277832031,46.17315114593439,49.12182334586587,15848759
2016-02-01,46.07088851928711,49.77803409215637,44.545418106157854,49.275225535631456,17051247
2016-02-08,43.72727966308594,45.806689124633685,42.57678412519856,45.653289719582034,21664002
2016-02-15,47.08502960205078,48.022467805058966,44.57098664731636,44.869264803511804,12126547
2016-02-22,49.01103210449219,49.93994940637957,45.661819971177536,47.43443086549578,14752781
2016-02-29,52.92271423339844,53.19542361858489,48.60197105134481,49.01103512912448,12369638
2016-03-07,51.24384689331055,54.073209158824014,49.590542614013174,52.581828309492124,13386710
2016-03-14,51.644386291503906,52.02788486935686,49.019557721553426,51.54212108772719,12779561
2016-03-21,50.937049865722656,52.931239317710286,50.323452110971886,51.380203438492394,7857188
2016-03-28,48.55936050415039,51.54212222984232,47.434433484822755,50.93704848857336,11348732
2016-04-04,49.01103210449219,49.454185640809776,47.47704109474799,48.21847273773523,10316335
2016-04-11,48.218482971191406,49.27523118511013,46.795277605264246,48.6701573488379,12967606
2016-04-18,49.5734977722168,49.74394194770439,47.51965342242432,47.57931164715439,10245044
2016-04-25,46.539608001708984,50.56207648960482,46.3862085593094,49.24113648550258,15795286
2016-05-02,47.16815948486328,47.735610462667275,46.312620418647185,46.79276945281977,10290134
2016-05-09,48.1371955871582,49.10622563927658,46.932455252343814,47.307845332537944,9427322
2016-05-16,47.499900817871094,48.27686980987298,45.57057279702145,47.79672076955786,10314411
2016-05-23,48.905433654785156,49.28955224583974,46.94118472897108,47.49117536066311,9215149
2016-05-30,46.57452392578125,49.307013406645396,46.216594249136094,48.800675407351015,9591519
2016-06-06,45.9721565246582,47.28165585976646,45.74517810520687,46.57452501992555,8586014
2016-06-13,44.374568939208984,45.77136689385983,43.737276334031215,45.39597681912947,15479899
2016-06-20,45.492000579833984,49.16732736065703,43.64997125983249,45.4308908864885,16051058
2016-06-27,44.942012786865234,45.8673934336435,43.222202747272256,44.959473176075626,14017073
2016-07-04,42.803165435791016,45.40470360794335,41.96508669514373,45.23883489788677,10805917
2016-07-11,45.928504943847656,47.10705295512933,43.32260086288582,43.48846957158929,13160425
2016-07-18,44.87217712402344,46.54833462124331,44.5404363705295,45.88485644448434,8038595
2016-07-25,45.94596481323242,47.75307351951391,43.82457575277522,44.138856106950925,11568956
2016-08-01,44.522972106933594,46.63562918487051,43.75473165576171,46.181672399871594,8158538
2016-08-08,45.42216491699219,45.56184470992615,43.7372755414725,44.15631825050333,7219309
2016-08-15,43.52775192260742,45.98087817885154,43.21783752593784,45.58803110124942,8261357
2016-08-22,44.55789566040039,44.89836493547614,43.32260055807884,43.649975373379185,6644383
2016-08-29,46.43484115600586,46.54833202090336,44.19123275816278,44.44440340669231,8090245
2016-09-05,48.56496810913086,48.922897807710896,46.39992952622855,46.64436834567955,10543511
2016-09-12,45.902320861816406,48.06735948411739,45.553119687478194,47.796728407493816,12180925
2016-09-19,46.97610855102539,47.49117843591202,45.58803908702441,46.21659651943095,7515096
2016-09-26,47.002296447753906,47.22927486807315,45.029318907280704,46.670555682460524,8427101
2016-10-03,46.993568420410156,48.35544561735938,46.53087638406158,47.00229695080357,7942626
2016-10-10,45.919769287109375,47.4562501689536,44.959471233628165,46.9673692828707,10340861
2016-10-17,47.368953704833984,47.79672494590631,45.68406765183004,45.68406765183004,8513245
2016-10-24,48.01497268676758,48.800673571915304,45.60549552269592,47.264192581010604,13546986
2016-10-31,45.326133728027344,47.85783368197865,44.59281732423254,47.58720263041469,8191912
2016-11-07,47.80545425415039,49.21098407311407,44.522977386632746,45.71025731644627,12157378
2016-11-14,48.224491119384766,49.699858992106414,47.578470060600786,48.34671050963964,10572486
2016-11-21,52.65060043334961,52.86011844599192,48.21576142626588,48.22449328609275,11713036
2016-11-28,51.49823760986328,53.05217552261568,51.27125589415405,52.39742595305436,10895627
2016-12-05,52.01331329345703,52.90376987827766,50.71254253602018,51.33237139946099,11557520
2016-12-12,56.029109954833984,56.72751224118496,51.908551118370426,52.1180724703215,17039450
2016-12-19,54.91167068481445,56.12513947471686,54.07358862158911,56.02037713542066,8329976
2016-12-26,54.859291076660156,55.04262018030344,53.89026105707574,54.91167224779922,3401273
2017-01-02,56.867183685302734,57.085433547975974,54.39659697156055,54.719605835852924,8700933
2017-01-09,57.303688049316406,57.661621050094254,56.03784140752569,56.79734672841701,9216027
2017-01-16,57.041786193847656,57.565591241138335,56.15132960227762,56.841000031449695,8876194
2017-01-23,56.456878662109375,57.89732923542597,56.23862877707528,56.74497010886428,7884444
2017-01-30,55.05134582519531,56.49179290148596,54.52754416362988,56.343384595357655,8483214
2017-02-06,56.21243667602539,56.32592421205711,54.52754739247549,55.025156835779995,7595516
2017-02-13,57.094173431396484,58.3512882879577,56.238630918878705,56.29101542239329,7966970
2017-02-20,59.66951370239258,60.891714318292095,57.26876510919827,57.26876510919827,11623050
2017-02-27,62.13137435913086,62.72501430028847,59.46872981429545,59.70443675454639,9917103
2017-03-06,61.16234588623047,62.39327843958462,60.79568767647057,61.67741908033332,7989763
2017-03-13,61.11870193481445,61.895671021492134,60.228238641020106,61.328219967283296,7703975
2017-03-20,61.12742233276367,61.99169663715823,59.608405060898676,60.84806275793267,7285291
2017-03-27,62.27105712890625,62.960727546400534,60.04490569698853,60.50759437519739,6965854
2017-04-03,63.29246520996094,63.379763829883125,61.89566730983266,62.33216706990136,6556781
2017-04-10,62.27105712890625,63.1615137053987,61.502813291465664,63.07421508581437,7267782
2017-04-17,63.685909271240234,64.38888435640165,61.60368494393297,63.472349368452875,8599282
2017-04-24,66.05287170410156,67.43212058117632,64.6024271596798,65.40328506933827,12973262
2017-05-01,67.52111053466797,67.52111053466797,65.15413777968902,66.05287879641456,8855174
2017-05-08,66.2575454711914,67.69018970918012,65.42999325166343,66.84484366070326,8919372
2017-05-15,65.63465118408203,66.53338539278747,63.84606949658306,66.33762614373532,10000149
2017-05-22,65.75923156738281,66.01728619478682,64.22870441943967,65.86600811048376,6748370
2017-05-29,67.27196502685547,67.40544250842387,64.99397468682251,65.59016641035508,7262976
2017-06-05,67.10289764404297,67.1829800569397,64.29989778056678,67.12069147281564,9008613
2017-06-12,66.67576599121094,67.49441783126309,65.0740499659385,66.78254932254443,9358221
2017-06-19,67.36094665527344,68.74020262745474,66.20415767471661,66.98721514412185,7832122
2017-06-26,64.06853485107422,68.02832352559683,63.69480336045672,67.61010407025606,10340421
2017-07-03,65.93719482421875,66.48889850484983,64.46895630448205,64.70921709642857,7243130
2017-07-10,66.34652709960938,67.0139076918043,65.61685792370078,66.10627307355564,6300164
2017-07-17,63.5079460144043,66.42662301295428,63.23209072527321,66.34653380354618,9507117
2017-07-24,64.40666198730469,66.42660400767033,62.733764056485356,63.1875846760965,11094162
2017-07-31,65.24312591552734,65.45668580246878,62.73377517988961,64.2643024123538,8629223
2017-08-07,62.95624542236328,65.59017374479482,62.440136056691216,65.49229069996227,7018202
2017-08-14,63.62361526489258,65.83042336890915,62.99182913078189,63.25877728929476,7107243
2017-08-21,63.05411911010742,63.64141050300251,62.61809902261523,63.46344506005163,5469022
2017-08-28,63.44565963745117,64.78042100326896,60.8829134701547,62.787172475605615,6832740
2017-09-04,62.7337760925293,63.95286042657507,61.8617291256669,62.91174153607844,5780453
2017-09-11,64.06853485107422,64.06853485107422,62.60029623628118,63.08971137086094,11451313
2017-09-18,68.8202896118164,69.3897940143212,64.1931198044232,64.41558002187378,10510830
2017-09-25,71.55210876464844,71.79236281627063,68.41986505012868,68.96266853266283,9824427
2017-10-02,72.31735229492188,73.18939918726808,71.3118347257921,71.48090663497918,7890867
2017-10-09,68.6957015991211,71.51650187112416,68.45544758930178,70.74233799246903,10975565
2017-10-16,71.82793426513672,72.69108073272989,67.77915682255153,68.51772614935238,10339025
2017-10-23,77.02462005615234,78.51065940153963,71.4809154882274,71.75676397300646,11126487
2017-10-30,77.56742095947266,79.30261459402216,75.12925906671741,76.5530029898976,10272309
2017-11-06,74.4974594116211,77.86105594208806,74.07923322490092,77.2826581687292,7456778
2017-11-13,75.52967834472656,77.31826010408315,73.19829998858556,74.17712342895402,8970409
2017-11-20,76.34834289550781,77.1758951060789,75.05806966991501,75.37841289910037,5701280
2017-11-27,75.91231536865234,78.67972075941627,75.74325023560114,76.13477556540863,7936260
2017-12-04,78.101318359375,79.43607946248275,77.46953225191086,77.49622638774164,7168753
2017-12-11,75.85892486572266,78.03013849475276,75.2093381231379,78.0123378777251,11156480
2017-12-18,75.23604583740234,77.37165842507842,74.71103621085341,76.46402375421077,6224760
2017-12-25,73.85678100585938,76.04578839931132,73.85678100585938,75.23603686070383,3535923
2018-01-01,76.17036437988281,76.73096837918594,73.1627051861308,73.85677986246233,6482406
2018-01-08,80.44160461425781,81.77636573023905,76.34833854970461,76.37503268579286,9195398
2018-01-15,82.56832122802734,82.64840363413772,79.4182842643801,80.44160245022573,9462124
2018-01-22,79.69414520263672,83.64504079119448,77.66530912925204,82.75519993171368,9940965
2018-01-29,78.279296875,82.93316049362028,77.53182706689662,80.53059303039166,9659412
2018-02-05,74.33729553222656,78.71531030233321,72.98473381839045,77.58521556034218,15286665
2018-02-12,85.00648498535156,85.06877356572517,72.37074916626572,74.7466223177323,16719705
2018-02-19,87.47134399414062,87.47134399414062,83.83189198139318,85.00648144012735,9219481
2018-02-26,83.60053253173828,88.95737744252983,83.26239550376326,87.64931050410524,10353539
2018-03-05,87.49803924560547,87.68490498131754,83.05772918411655,83.18231313020382,8761784
2018-03-12,85.42471313476562,87.7382977577096,84.42808903750604,87.6493150393168,10566352
2018-03-19,82.68400573730469,86.54591835032991,81.74967696806624,85.42471703829723,8827846
2018-03-26,83.46707153320312,84.96200438059904,81.95433806761804,82.69290757669475,7889185
2018-04-02,84.00096893310547,84.46368314023994,81.4649241299874,83.46706583596685,7214852
2018-04-09,81.42042541503906,85.05987068036154,80.29033069422881,84.00096484609178,8577899
2018-04-16,85.19291687011719,86.51373648413885,81.62851571247653,81.67374514800908,7928775
2018-04-23,87.68980407714844,88.6125659208319,83.9716038590118,85.3014719971608,9624491
2018-04-30,89.28202056884766,89.45390343736898,87.2646003575091,87.61742164301978,6955323
2018-05-07,89.96956634521484,90.84709869171063,89.10108264514234,89.4629525790296,5348996
2018-05-14,88.51304626464844,89.5534197527361,86.26946506284922,89.29106421907261,8941523
2018-05-21,88.8477783203125,91.4622781422346,88.24165013230318,89.13727289533898,6254850
2018-05-28,89.91529083251953,90.16859772282878,86.50468265583568,89.54437914373675,7095273
2018-06-04,91.28135681152344,91.46228835282801,89.20965822373547,90.46715107146112,5697682
2018-06-11,93.72396087646484,96.34750946291639,89.97862162415855,91.69749876025408,8207613
2018-06-18,91.04613494873047,93.65158626209401,89.01967281611438,93.65158626209401,7463021
2018-06-25,90.7023696899414,91.51657544879288,85.55478646651557,90.42191682172276,7498511
2018-07-02,89.11013793945312,89.66198807682956,87.75313076271019,88.34116858638454,6317627
2018-07-09,97.16171264648438,97.55976338096528,89.40867879267824,89.60770761096632,7650857
2018-07-16,95.67804718017578,98.6996462794901,94.6467223580785,96.90840081041372,6261853
2018-07-23,98.79011535644531,100.56327739649667,94.64672553814422,95.04477626570493,6637596
2018-07-30,97.48739624023438,98.5729992066529,95.67805336147327,98.5729992066529,5212383
2018-08-06,97.27027130126953,99.47767184871599,96.83603287029032,97.66832894807999,4566640
2018-08-13,97.45121002197266,98.64537606385468,94.9543148790937,97.16171543309505,4581232
2018-08-20,97.2521743774414,98.12065808316531,96.83602636649631,97.68641968135084,3908087
2018-08-27,96.1303939819336,100.30997182760744,96.07610899937846,97.88545197038066,5666304
2018-09-03,94.84574890136719,97.65023584105707,93.181156792068,95.93135875282317,5390396
2018-09-10,96.07610321044922,97.70451454707187,94.01345345212405,94.53816453860193,4764944
2018-09-17,96.61890411376953,97.12551786724943,94.12200922487129,95.9132546544436,6694499
2018-09-24,97.86734771728516,98.75392868443771,94.80956101410007,96.32940917057967,6375875
2018-10-01,94.08582305908203,98.37396344668825,94.08582305908203,98.31968537282451,5891540
2018-10-08,90.7023696899414,95.85899465917402,84.66820532863373,94.39342429324135,10816683
2018-10-15,88.6125717163086,92.83739291706507,87.79837287831779,89.68913302276187,9106771
2018-10-22,86.9841537475586,89.45390272650708,82.7955208802974,88.96537935766023,12090453
2018-10-29,86.49564361572266,90.36763657384955,83.44689814253408,86.29661477920467,11600647
2018-11-05,85.654296875,87.8707392627395,85.05721037911188,86.85751161215948,6130391
2018-11-12,84.03492736816406,87.92501722188,83.13025595121572,85.85331884881687,6705326
2018-11-19,84.50536346435547,85.00292862063854,81.38424282034524,84.04397909223135,6199630
2018-11-26,85.60001373291016,86.35993442591213,84.2791942650053,85.22004648431385,6989531
2018-12-03,80.57908630371094,88.02453542294697,79.74679022075712,87.99738948150885,7365432
2018-12-10,80.21721649169922,83.50117830024335,79.05923813026592,80.16293841291187,9306482
2018-12-17,75.17819213867188,80.76001303346618,71.31524828839132,80.0000923686615,11931657
2018-12-24,75.77527618408203,76.29093859094179,73.33265933414512,73.76690463038774,3262002
2018-12-31,77.0056381225586,77.36750118940564,70.1120390264312,75.83861109631879,5880874
2019-01-07,79.9548568725586,81.90895043462282,74.76204490255442,77.76555371298656,8834566
2019-01-14,84.73153686523438,85.11149724259786,79.421112621441,79.49348799868048,7288773
2019-01-21,87.3098373413086,87.861687438594,84.14348749227194,84.3696553386317,6443667
2019-01-28,91.48037719726562,92.38504862440675,86.00711230222367,87.11986119452918,7832478
2019-02-04,90.41287231445312,92.92785799112714,88.70304372413601,91.55275343993398,6005706
2019-02-11,100.40043640136719,101.10607899881849,91.82414837350154,92.1860183189393,10403564
2019-02-18,102.86114501953125,102.96970808241801,99.47767560032753,100.56328552290809,8131377
2019-02-25,103.04207611083984,103.44012684218583,101.77553474251397,102.93351305569357,6467199
2019-03-04,100.88895416259766,103.94674799290826,98.88058939917639,103.40394651895399,7039522
2019-03-11,106.46173095703125,107.87301613672145,100.92513948716997,101.32319711307031,10327321
2019-03-18,103.67534637451172,108.05395976407135,103.67534637451172,106.75123067261636,6383504
2019-03-25,106.66075897216797,106.9321562497195,101.8840951054732,103.15062953823696,6137512
2019-04-01,107.36640167236328,107.85492505499613,105.62943424662092,107.56543048403907,6311337
2019-04-08,107.29402160644531,109.66426304757027,105.394213136338,107.54732848218033,6246877
2019-04-15,110.31239318847656,110.67936862412766,106.77109318347078,108.05550370851252,5002834
2019-04-22,111.79863739013672,113.10139350034052,109.48669711057526,110.3123900675615,4216430
2019-04-29,109.68853759765625,113.76195165480524,109.33991478175065,111.9270814668245,4983236
2019-05-06,107.79862213134766,110.183951944572,105.56007829151176,107.35825021223393,5542364
2019-05-13,111.00965118408203,112.67938284753305,105.33990177751109,107.37660889435811,6011122
2019-05-20,106.91788482666016,111.17478302848698,105.26649888652295,110.7527637325573,4753948
2019-05-27,105.37659454345703,108.25734015369052,103.30318928913526,108.05550331484403,4846455
2019-06-03,110.93624877929688,112.33075402796324,103.54172423529704,104.31236634681721,5878228
2019-06-10,112.3124008178711,113.90874289675142,110.23900257661599,111.87203589916038,4320990
2019-06-17,112.6426773071289,116.05553690357684,111.72524223279234,112.69772117175738,8903592
2019-06-24,114.38580322265625,115.59681721829756,112.29405241195528,112.4408383813949,5041053
2019-07-01,114.2940673828125,115.67022004419,112.47754279002548,113.30323578674685,3732146
2019-07-08,117.13811492919922,117.46838512873133,112.84451834158905,113.94543767196113,4223666
2019-07-15,120.64271545410156,122.80786284654377,117.56013296314909,117.9638066463254,5122928
2019-07-22,120.18399047851562,122.36749035771226,119.1931589534755,120.36747468709022,5042765
2019-07-29,113.15644836425781,120.47759096139964,112.80782552607357,119.67024354743126,7347053
2019-08-05,114.78948211669922,116.66105055875931,110.01881540179866,112.58763647901237,7737958
2019-08-12,112.86285400390625,116.86287128378629,110.349083988395,115.59681346563984,5589426
2019-08-19,112.49588775634766,117.70691909278992,112.49588775634766,114.000480670439,4776606
2019-08-26,114.99130249023438,115.78029717043309,110.53257471536605,112.11055707628975,3935584
2019-09-02,116.14728546142578,118.1472943145302,113.10140112545228,115.43168718361794,3399333
2019-09-09,115.13810729980469,116.53260559928455,112.12892123292093,116.09224066238542,5241221
2019-09-16,110.18395233154297,113.83534705037177,108.91789443379012,111.0096453081097,7648719
2019-09-23,109.17477416992188,111.43166361954808,107.79862155433463,110.27569346260202,6035388
2019-09-30,108.05550384521484,110.422488058711,104.91787751540326,109.5050529681597,7726704
2019-10-07,109.06468200683594,110.29404867874383,105.761917051617,108.05550479822381,5324261
2019-10-14,110.45918273925781,111.35826517929135,107.90871438970997,108.51421789021585,5034618
2019-10-21,113.32157897949219,113.54176844021323,109.13807721843153,110.44083336339702,4877925
2019-10-28,119.24820709228516,119.59683690034187,111.59680192887531,113.57846505001619,8496370
2019-11-04,121.982177734375,121.982177734375,117.98216011615673,119.61519348332877,5398847
2019-11-11,125.13814544677734,125.98219808082793,121.56015405896112,121.59684530442247,4653526
2019-11-18,122.66105651855469,125.37667027406971,122.51426355902476,125.00968787524491,4376602
2019-11-25,122.38582611083984,124.95464696751968,120.80783675597712,122.93629272260961,5179908
2019-12-02,116.55095672607422,123.30327266787053,113.81699702995876,122.80786387008341,9638949
2019-12-09,115.50507354736328,116.84452787291731,112.40413861608407,116.42250859222005,6967446
2019-12-16,120.99134826660156,121.56015356209637,116.11058670219774,116.51426039536786,8878525
2019-12-23,122.27574157714844,123.74364324752065,120.36747500524368,121.28491004948937,1687022
2019-12-30,122.97299194335938,124.51429015695804,118.56931475924513,122.12895334977253,3205233
2020-01-06,123.32161712646484,124.66107845232575,119.72527342826353,121.7252751078001,4442022
2020-01-13,125.48677062988281,125.87209168823765,122.14730745852575,123.30327063359023,5115914
2020-01-20,127.52349090576172,127.89045938073068,124.42255549615905,125.50513629553245,5163757
2020-01-27,122.23904418945312,125.945475422331,121.87206179083589,123.87207736619527,6581836
2020-02-03,125.48677062988281,127.02806886225066,121.98217586163733,122.60602500403604,5096763
2020-02-10,119.13811492919922,127.505118019592,119.04636582556249,124.86291462201667,6752204
2020-02-17,120.03721618652344,122.64272875089202,116.56931230884767,118.34913880670295,6019391
2020-02-24,99.17472839355469,116.84452957470101,96.9178389902734,116.29406993966455,16742667
2020-03-02,91.2847900390625,105.00961793263691,91.2847900390625,100.91785833464196,17478510
2020-03-09,68.19294738769531,88.44991450855787,63.45897927815158,81.92695089219458,26905759
2020-03-16,58.51401138305664,66.35808453249236,44.14697740895785,61.0736562318254,29828619
2020-03-23,62.54154968261719,68.98194806564524,48.4864440967701,55.45895302300133,29070072
2020-03-30,45.417625427246094,61.835126897306175,45.417625427246094,61.75255409890347,22142574
2020-04-06,55.963539123535156,57.981896972200225,46.7066191514724,49.128647169975665,18817192
2020-04-13,52.110313415527344,56.908498608656295,48.27543438550111,55.963541567675385,14257148
2020-04-20,48.018550872802734,53.192884018100195,47.431392998121744,52.79838666484822,11529823
2020-04-27,53.10114288330078,59.871814686428664,46.00937020525465,48.61488594658454,17861923
2020-05-04,51.44058609008789,53.11949401317955,48.35800357536938,50.45893080709252,11972078
2020-05-11,45.23872375488281,52.00021912028162,44.22954309603686,51.86260246234086,15292970
2020-05-18,49.578189849853516,52.46810809385367,45.697440093805156,45.89010061012445,16398844
2020-05-25,52.01856994628906,58.96354975025564,50.00938487313301,50.431407671439686,21399851
2020-06-01,74.29389953613281,74.29389953613281,52.89930919162263,54.29381100222673,27877548
2020-06-08,61.422279357910156,78.05538279977107,59.81676787507259,73.853528210528,30835924
2020-06-15,63.17457962036133,66.16541991505166,58.2112560206357,59.403920914335174,21756289
2020-06-22,56.77088165283203,63.56907520686697,56.21124571455362,62.27548843165735,15449263
2020-06-29,60.21126174926758,62.19292488078433,55.21124336565825,55.8626214321825,13716902
2020-07-06,60.04612350463867,62.807605069935754,56.89932438330913,61.85347174173903,10906548
2020-07-13,60.45896911621094,64.89935124579543,59.36721920441552,61.03695065802831,13909819
2020-07-20,58.65162658691406,63.7617398456435,57.780062536558546,60.550716975719,9639604
2020-07-27,56.89014434814453,60.65163004967861,56.65161278158,58.330520556843034,12046077
2020-08-03,63.5782470703125,63.85347336530603,55.76169710176384,57.183724124054095,10760960
2020-08-10,66.15624237060547,69.89020276417158,63.624119659159525,63.92687490715856,10637379
2020-08-17,63.37641525268555,66.55073970171695,61.44062672748975,66.0553239322879,7654626
2020-08-24,65.54156494140625,67.96359301431724,63.31219739708201,63.7800842524466,9006913
2020-08-31,64.01861572265625,69.0645084230596,61.275486923562376,66.05532262346215,11489202
2020-09-07,63.13788604736328,67.91772228626174,62.15623072765821,64.6791773623602,9776921
2020-09-14,62.93604278564453,65.73422247706522,62.93604278564453,64.25715149234465,10574660
2020-09-21,55.064453125,62.761736274629406,53.09196633163937,62.68833978941736,14490562
2020-09-28,59.28466033935547,59.72502527996204,55.917671608354226,56.46813128384971,10871999
2020-10-05,61.26631164550781,63.06448350728148,59.44979416246482,60.40392045689659,9518832
2020-10-12,59.02777099609375,62.000265760815154,54.9268384773976,61.541548210645416,11588552
2020-10-19,62.413108825683594,63.02778866372173,57.39474120105935,59.046123683561994,11192395
2020-10-26,57.42226028442383,63.93605128066296,54.38554898971938,61.110349628831095,15516337
2020-11-02,64.22045135498047,65.13788637433734,56.58739227391031,57.77088428881751,12140805
2020-11-09,78.49573516845703,82.96364607043631,65.82596025063935,65.87183479973231,26310349
2020-11-16,81.32144165039062,83.85356432888683,80.0920820525358,80.1838241569397,14032654
2020-11-23,82.56915283203125,87.06458588611439,81.65171780056424,82.11043531629774,11939828
2020-11-30,88.2939453125,89.02789613616609,80.48657824813401,82.55997637596421,12451038
2020-12-07,84.5783462524414,88.53248939382604,83.8627479762207,87.72514900517503,7805949
2020-12-14,81.65172576904297,86.43156190951854,81.59668190161477,85.44073029896414,10275167
2020-12-21,84.44072723388672,85.37650795379021,75.91775433615109,77.98198330601622,7005545
2020-12-28,82.36731719970703,85.72513282331973,82.36731719970703,85.32145916378843,3374518
2021-01-04,82.66090393066406,86.76184008751228,81.07374507321259,85.17467423058623,8097037
2021-01-11,84.90862274169922,85.55082452277748,80.8443848999411,83.14714200028916,10374214
2021-01-18,81.49575805664062,85.76183248537666,80.70676334511207,83.66090535811796,7174513
2021-01-25,76.33059692382812,81.67924519491218,75.08288463761873,81.55998115265477,14399083
2021-02-01,85.70677947998047,86.76183117246603,75.60582476184105,77.18380714598403,10758476
2021-02-08,84.59669494628906,87.05542144584388,82.14714475815278,86.25725033982738,6383661
2021-02-15,84.19302368164062,86.85358711278862,82.18384539009598,85.20220798273036,8498724
2021-02-22,87.99120330810547,95.3949042436749,82.75264275689753,83.14714012766781,14434679
2021-03-01,87.5416488647461,92.91781869939979,87.36734096872408,89.67927416408077,9630992
2021-03-08,91.74349975585938,92.71597861343994,88.32146413519746,88.87193073331144,9761063
2021-03-15,89.30313110351562,94.58755934761336,89.30313110351562,92.20222943864772,9930998
2021-03-22,89.61505889892578,90.54167028962557,85.44990279557756,89.31230364263662,8059400
2021-03-29,92.12882995605469,93.06461766652554,88.37652380185145,90.50497292831895,6364364
2021-04-05,92.75269317626953,95.50499865330706,91.2205781405926,92.12883698816204,5791472
2021-04-12,95.11966705322266,95.90866176272716,89.66093126021904,92.93617413591602,7972382
2021-04-19,90.3306655883789,95.5783958568828,88.02790136227496,95.35821337693487,7983121
2021-04-26,91.68846893310547,94.27563571411339,90.64259344713255,90.74351187117156,7059485
2021-05-03,90.24808502197266,92.71598045477556,87.91779924195761,91.89029454015358,8518547
2021-05-10,91.3489990234375,91.37652095242308,85.48659016741836,90.82606137429173,7280180
2021-05-17,89.8260726928711,91.651766555436,85.83522446639877,91.37653322965369,7250627
2021-05-24,99.08299255371094,100.64262945152586,89.1196466314076,90.10130192580336,10639093
2021-05-31,100.84446716308594,101.79860053210474,97.11968279900206,99.00959691485158,6394555
2021-06-07,103.0830078125,103.87200255399217,99.85363235907289,101.00960253838282,6154108
2021-06-14,103.41329193115234,106.45917636988614,102.8261339911175,103.5417322930678,7747761
2021-06-21,101.21144104003906,104.99127621248287,100.45914452993088,102.29401474965564,6062880
2021-06-28,102.9545669555664,103.11970555180288,96.23894237440689,101.46831958943814,7896503
2021-07-05,103.44998168945312,104.60594485184745,98.36739050097076,102.69768520304088,7509077
2021-07-12,101.50502014160156,104.36742020831099,100.47749029726305,103.22979563081944,7195824
2021-07-19,102.29400634765625,104.47749920997501,94.60590327828872,99.54170124413187,11368757
2021-07-26,106.1472396850586,111.00964857965991,101.70685710161992,101.9453921906522,8825663
2021-08-02,107.24816131591797,108.16559638791132,104.01878594279584,107.15641920861346,6370467
2021-08-09,105.90870666503906,107.35824875527787,104.33071722555151,106.95458208433215,3881670
2021-08-16,101.35823059082031,105.41329195945166,99.26647273149013,104.97292004183632,5046705
2021-08-23,105.52338409423828,107.04632974844657,102.00043660414958,102.75273312022944,4277897
2021-08-30,105.02796173095703,108.34907194658835,104.29401093220751,105.70686167014252,5337210
2021-09-06,104.91787719726562,107.06467194289837,103.17474913060894,105.24815438882055,4998613
2021-09-13,103.70686340332031,106.55091078214528,102.62428971724799,105.15641252525134,8070645
2021-09-20,105.87200927734375,108.25733907746077,99.74354268348819,101.65180932337147,7368082
2021-09-27,106.95458984375,109.06468645704271,102.64264050450255,106.88119335298991,8753344
2021-10-04,103.87200164794922,107.30320691274618,101.94538936555409,106.93623147812943,7249041
2021-10-11,105.41329956054688,105.87201713304754,102.07383619270004,103.52337840220137,6072730
2021-10-18,100.71602630615234,104.89952821154615,100.71602630615234,104.8261387215814,5115544
2021-10-25,101.46832275390625,104.18392986600594,98.31235070442524,100.75272448105575,7785707
2021-11-01,104.49585723876953,104.71603969859481,98.64261693599788,101.90869058753141,7561551
2021-11-08,102.88117218017578,107.9087196385421,102.88117218017578,104.58760203651904,6489954
2021-11-15,100.36739349365234,106.16558259239869,99.85362511817375,104.93621601477803,7873487
2021-11-22,91.15634155273438,103.46831749084645,87.82605504472905,100.89950370764234,11477068
2021-11-29,90.41322326660156,95.15636060056268,88.81688130549648,92.80772920878553,13195262
2021-12-06,96.86280059814453,99.1563883732504,90.9178180053014,91.28479344921323,9889468
2021-12-13,95.54168701171875,97.00958171432713,91.53249326194624,96.88114136531603,9128231
2021-12-20,102.45915222167969,103.13805223565261,91.98204506224279,93.17470649225206,7139204
2021-12-27,103.0830078125,104.53255694216928,101.28483586661471,101.68850254868738,3302526
2022-01-03,107.98210906982422,111.10138982704015,103.87200371870684,104.22062653883195,7401357
2022-01-10,107.6518325805664,109.83533262472592,106.58761149137914,108.25734311366172,5778558
2022-01-17,104.03713989257812,108.69771179769737,102.91786797053638,108.51422058127089,6973311
2022-01-24,102.18391418457031,105.5600754761503,97.43160030673992,103.22978959016271,9549236
2022-01-31,101.21144104003906,106.05549730019654,99.6885023973942,103.44998494793509,7118211
2022-02-07,108.71605682373047,109.13807611998696,100.95455689802384,102.64263408304977,6504309
2022-02-14,105.5050277709961,110.42248006010651,103.21144021075705,105.5050277709961,8708508
2022-02-21,106.34908294677734,107.6151479577109,96.99124703718284,106.4591776866987,12748846
2022-02-28,89.08293914794922,106.53255716878728,88.83523477202336,105.92704669512045,17143326
2022-03-07,95.00957489013672,97.57839592055514,82.78933987298186,83.94531003661756,16733086
2022-03-14,97.37655639648438,100.47748436953952,92.84442497477193,96.3306809913929,11225198
2022-03-21,98.66097259521484,100.25730772718072,96.14720235300834,96.89949886342669,6604935
2022-03-28,101.8536376953125,104.38576043105448,98.27564654635259,98.27564654635259,7376523
2022-04-04,94.86279296875,102.67933712463544,93.32150168455752,102.53255114491327,7543005
2022-04-11,97.35820770263672,98.00040942252284,93.17469921482184,94.11048686319738,5082320
2022-04-18,97.39543151855469,102.10420878262897,95.1992412855473,98.75409037459666,5476001
2022-04-25,98.21434783935547,99.29382721078844,93.58001225383175,95.38535689033573,7189446
2022-05-02,100.0383071899414,103.70482974401133,95.45981148576558,97.69322627555351,10279440
2022-05-09,98.9774398803711,100.68972011606665,95.51564789970035,98.19574148159215,8382994
2022-05-16,99.4985580444336,102.16004272091605,96.7812403089491,98.36323851252898,6206526
2022-05-23,104.09567260742188,104.48651823277226,95.60869947219074,100.85722018350363,6846514
2022-05-30,101.13639831542969,105.30543956210808,100.540822008737,104.74708056223278,5523847
2022-06-06,94.92007446289062,104.18873970552266,94.78979257573191,101.89949170280906,6189920
2022-06-13,87.5870361328125,94.77117699442739,86.54477393379985,93.15195417974752,9668739
2022-06-20,86.0794677734375,92.12829523859797,84.06939246940452,88.31288241130879,7235080
2022-06-27,88.62928771972656,90.20198528362911,83.90190135042515,86.74950120474472,7490250
2022-07-04,89.37376403808594,89.91350733563061,82.73866734874227,89.51335380122063,6748492
2022-07-11,96.52068328857422,97.00458639989154,87.47535790922227,88.1267673090398,8128047
2022-07-18,98.25157928466797,99.889410662107,95.53426135862462,97.2651502075361,6259812
2022-07-25,97.60015869140625,99.18216403940937,92.28649706510264,98.17712635006569,7870563
2022-08-01,97.5071029663086,98.77270442739578,94.80839375958355,97.11625733563366,5789983
2022-08-08,100.89443969726562,101.22945224555488,98.19573065819303,99.16354389771428,4518278
2022-08-15,98.86576080322266,103.33259027528595,98.80992774226652,101.24807316824362,4078894
2022-08-22,94.84561920166016,98.40046852382342,94.60367119898252,98.40046852382342,4442724
2022-08-29,92.09107971191406,94.88284650346299,87.69869882390428,93.58002058077413,6985209
2022-09-05,89.33653259277344,91.18840247835881,87.70800205071767,89.89488450151232,5370835
2022-09-12,85.37222290039062,93.7289142682368,84.85109539320523,90.17406498744397,7640007
2022-09-19,85.59557342529297,89.38307010940768,84.52539472932594,85.13957973494529,7065184
2022-09-26,82.72005462646484,86.59130822685641,80.7751270482613,84.77665543923641,7217658
2022-10-03,85.92127227783203,88.55484049022893,80.51454610223638,81.79876328981787,6004490
2022-10-10,89.88558197021484,92.44470154563535,85.22333651014465,85.4280672121511,6174349
2022-10-17,93.91502380371094,94.88283704697047,89.88557243221115,89.97863699585159,5351084
2022-10-24,102.36478424072266,102.36478424072266,94.28727189118878,94.90146400455163,7626470
2022-10-31,106.0871353149414,107.63191630727032,100.95028767624835,102.34617103565547,7269975
2022-11-07,105.15654754638672,107.4271867742012,103.94677911521312,105.8637971107573,6762699
2022-11-14,106.6827163696289,107.35274154777797,104.07706447678925,105.11932665389115,7019337
2022-11-21,105.91963195800781,106.96189411780398,105.02626743525258,106.08713824976381,6023260
2022-11-28,103.27676391601562,104.50514103556864,99.77774750584061,102.7370206256497,8101228
2022-12-05,103.89093780517578,104.17011729784805,99.61023054978745,103.4070347310172,6149425
2022-12-12,102.3461685180664,106.36631221027517,101.73197644711729,103.57454556013492,6602116
2022-12-19,103.98399353027344,106.19879948219513,101.32250891734235,102.58811028991781,3612344
2022-12-26,103.31397247314453,105.78934225728507,102.9045182012024,103.98399759065113,2049877
2023-01-02,108.45083618164062,108.45083618164062,103.92817335432564,104.43069223511954,4888325
2023-01-09,108.73001098632812,109.772273180418,104.74709136222417,108.58112044421834,6634693
2023-01-16,110.6656265258789,111.37287605381334,106.94327105228865,107.70635364038148,5760809
2023-01-23,108.52527618408203,113.55045038410151,108.24609668415668,110.64701766405997,6050385
2023-01-30,108.99057006835938,109.77226130448518,104.69124697017872,107.65051983519562,6521665
2023-02-06,105.84517669677734,108.86028976485767,104.20734538800126,108.54388585532,6510150
2023-02-13,116.93780517578125,117.19836893313173,106.27325007977154,106.36631465010807,8635422
2023-02-20,113.47601318359375,117.29142626861184,112.80598803698962,117.08669557383503,6013473
2023-02-27,115.54193115234375,116.11889177599045,112.80599727949102,114.10882327131758,5813752
2023-03-06,113.17823028564453,116.77030418891022,112.52681376287192,115.96999712653515,4686938
2023-03-13,108.63694763183594,114.33215433093991,108.00414688749106,113.40156541865802,8504638
2023-03-20,109.25114440917969,113.88547341527034,106.1615893718425,108.04137593137725,4900713
2023-03-27,114.7229995727539,115.09523655634327,109.71643379795817,110.55396523607678,4514125
2023-04-03,117.42170715332031,117.98005907082144,114.81605540520867,114.92772862864084,4211498
2023-04-10,117.51476287841797,118.57563363587033,116.2305527772466,117.42170541018753,3713548
2023-04-17,118.48257446289062,120.6787576608828,116.62139672574196,117.60781865448527,5044390
2023-04-24,119.99940490722656,121.24527634139244,115.7143851592565,119.86726833710043,5296821
2023-05-01,115.33685302734375,120.15042642414898,113.63795112338596,119.99940908109322,5588813
2023-05-08,115.90315246582031,116.31843572733024,113.33591542709242,115.61999856855662,3677415
2023-05-15,121.9814682006836,123.8502609553316,115.525621009683,116.26181253126573,4246172
2023-05-22,118.62139892578125,122.11359910055312,116.29956146518515,121.60391920816795,4189315
2023-05-29,121.16976928710938,121.16976928710938,115.58225012929367,118.92343316322601,4326697
2023-06-05,121.20751953125,122.75541129955965,118.31938124175328,122.15135632660483,3404060
2023-06-12,123.81249237060547,124.90734640768233,121.45290060197702,122.05696992047892,6494467
2023-06-19,119.62187194824219,126.45524824588344,118.79129817092274,124.90735649670894,4610962
2023-06-26,124.92623138427734,125.32264108654907,117.97959240726533,119.8295115521029,4007717
2023-07-03,123.73701477050781,126.28537134343715,121.90596900718752,125.34153450888502,4124848
2023-07-10,125.5491714477539,127.81437393990012,123.11407084770329,123.41609112581322,3474033
2023-07-17,126.94605255126953,127.81438069923982,124.75634421149553,125.2660241603564,3552986
2023-07-24,125.92670440673828,130.9667894734696,121.66055802878198,126.49301224871543,6512262
2023-07-31,123.453857421875,127.0215594055632,121.79269542189708,126.07772259714184,5104412
2023-08-07,123.39722442626953,125.32264509921096,121.79269039671114,123.47273309604455,3892839
2023-08-14,119.58411407470703,123.7181236735233,118.22499404302353,123.22732452802128,2682190
2023-08-21,122.58552551269531,124.51094620580812,119.67850650402983,119.77288874178583,3061952
2023-08-28,126.34198760986328,128.5316813753572,123.09518689382894,123.64261393565387,3990621
2023-09-04,127.83326721191406,129.4944149085201,125.07726529622767,126.49302059275334,3229167
2023-09-11,123.94465637207031,128.36180571467878,121.62281149073043,128.34292494603838,6728743
2023-09-18,116.92250061035156,124.11453964443005,116.67710822612325,124.02015020336941,4281435
2023-09-25,119.84839630126953,121.07537978252901,114.26087714653401,116.84699508267322,5230514
2023-10-02,117.3000259399414,121.24527090268869,115.48786117301157,120.79222611050488,3607268
2023-10-09,115.11033630371094,120.90550093289112,114.97819972658958,117.01689068943917,4671299
2023-10-16,114.44965362548828,120.24481106426596,114.22312760638115,114.99707350273866,4411881
2023-10-23,117.94184112548828,120.6978427472205,113.52468478342436,114.92156636206981,4375081
2023-10-30,121.81156921386719,122.60438863109911,117.79082982492872,118.35713043736624,3664348
2023-11-06,121.26414489746094,123.34058292343472,118.98006162870914,121.67943538301694,4654355
2023-11-13,124.83184051513672,124.8884828163581,121.5850542669157,121.67942929867358,4696958
2023-11-20,127.09706115722656,128.022017146604,124.96398086919747,125.24713477666575,3678055
2023-11-27,130.32498168945312,130.53262692902138,125.92669892668015,127.19143673000957,5170664
2023-12-04,133.85494995117188,134.04371444218015,127.64450170488952,130.15509679873375,4766481
2023-12-11,131.68409729003906,135.89360080708545,131.00453373002895,134.06255534826963,7765286
2023-12-18,131.6085968017578,132.28816040397527,129.11686839422907,131.49534100199014,4272241
2023-12-25,131.92950439453125,132.53355935966567,131.2121936239986,131.6086033446987,1430130
2024-01-01,131.85398864746094,134.4023449448029,128.9469697831978,131.92949731427623,3106707
2024-01-08,140.82044982910156,140.82044982910156,132.7600897708643,133.5529092385322,4025625
2024-01-15,140.48065185546875,142.02854347713586,137.74353116896887,140.2352594965746,3673920
2024-01-22,140.8959503173828,142.36833335803263,136.59205699800455,141.55663316872491,4165975
2024-01-29,140.91482543945312,142.89687391407043,138.64960866614064,141.19797933634285,3403539
2024-02-05,142.06631469726562,144.2371421493047,138.64961579557055,140.76381534568094,3512766
2024-02-12,138.12107849121094,143.59533499530025,136.83745982405765,142.0474431674219,5246990
2024-02-19,139.6501007080078,139.97100176689057,135.61046591259813,137.34713658791878,4251030
2024-02-26,144.06724548339844,145.46411988490746,138.87614319482998,139.1404163410126,5044012
2024-03-04,149.18283081054688,150.37207430408284,143.74633644602912,143.9539816781765,3775551
2024-03-11,153.61886596679688,154.27956322064531,146.65336046696967,148.9185629316311,4866534
2024-03-18,160.3578643798828,161.28283480061248,153.14695190195727,153.1847134384558,4336575
2024-03-25,161.13180541992188,163.07610675194758,159.96144270661657,160.3956139330734,3348360
2024-04-01,158.5834503173828,161.4904691540236,155.9595853781574,160.94304212616862,3812387
2024-04-08,153.75100708007812,161.60373607296648,152.4107605686759,158.92324305016203,4731184
2024-04-15,153.681884765625,158.86736101874078,150.64743716482107,157.6574092333884,4203746
2024-04-22,150.82028198242188,158.19517680175363,147.61297778446408,153.7203068330574,4878474
2024-04-29,148.20834350585938,151.62690870971608,147.05602029650993,151.24280585746112,3675228
2024-05-06,153.48983764648438,156.8699984114586,148.26595682404727,148.4772177876447,4275953
2024-05-13,152.64480590820312,153.91235701614042,150.49379188394724,153.20175063652218,3194141
2024-05-20,152.79843139648438,156.00575007722506,152.1262441230059,152.9904974625499,3035174
2024-05-27,149.70635986328125,154.12361577134405,148.28516177696062,152.6832081473128,4391099
2024-06-03,144.040771484375,151.47328056789937,142.83083427883685,150.9355160461863,5256380
2024-06-10,138.10629272460938,144.63612902577447,136.1089256886046,142.00499375877297,5773198
2024-06-17,142.67718505859375,143.17653049471463,137.16521968039478,139.06656838434492,5585132
2024-06-24,123.1644515991211,143.46459617376502,122.47306208074966,142.65797140585224,15730226
2024-07-01,130.86582946777344,132.65193546178963,124.68167721639297,126.12208480341947,5956105
2024-07-08,128.06182861328125,131.80688221015157,125.81479645515905,130.09759983490486,5164129
2024-07-15,126.5638198852539,128.84925669199956,125.60354813294178,127.71614305751163,5124859
2024-07-22,125.69956970214844,128.06184471983892,121.62802674681632,127.10157294319123,5781090
2024-07-29,126.65983581542969,137.53011887427692,124.47041743477561,126.5446078962112,7394717
2024-08-05,129.02212524414062,130.75061748981452,123.29889862015052,123.91347201276952,6059178
2024-08-12,132.15260314941406,132.15260314941406,128.06185047207828,129.3870302722031,2985825
2024-08-19,135.20626831054688,135.49435277241324,130.63536530214753,131.4611996114528,3466499
2024-08-26,133.304931640625,136.8579341923681,133.304931640625,135.26387956749076,3805380
2024-09-02,123.24127197265625,133.5930001893727,123.24127197265625,133.32412527355544,5668322
2024-09-09,125.31546020507812,126.3333458899167,123.45253071278847,124.08631356837677,5242577
2024-09-16,125.64195251464844,128.58038173134537,123.47174363006582,124.54724330347538,6058182
2024-09-23,128.5035858154297,130.02080244197234,125.71878866288337,126.27574809339264,5510084
2024-09-30,121.80087280273438,128.21549610966363,120.5717260587572,128.13867260659194,7960240
2024-10-07,127.63931274414062,128.15786766814975,119.76508772611609,122.51146537719843,6554150
2024-10-14,134.01553344726562,136.80033052912822,126.85191384384312,128.17707899754376,7286461
2024-10-21,134.8989715576172,136.6466731787122,132.0949798013473,133.4777734680194,5038771
2024-10-28,135.97447204589844,139.23938980794833,131.96052891347117,135.3214797019389,6162028
2024-11-04,136.64666748046875,140.04602289212914,134.3228116968892,135.32148782973806,5567385
2024-11-11,132.555908203125,139.87318902775598,131.30756662871795,137.97184038018796,6074215
2024-11-18,132.45989990234375,134.47646197400584,129.73273139442807,131.6724699606099,4575819
2024-11-25,141.69769287109375,141.87054940029623,129.90555730403216,133.93869560355833,7203232
2024-12-02,148.9957733154297,150.53219937614818,140.62220219835558,140.6990256992792,6792589
2024-12-09,153.854736328125,154.45010010638518,148.8037123500272,150.01364944369314,5900019
2024-12-16,148.630859375,154.56534637269837,146.78713938469505,153.24016667705442,7417059
2024-12-23,149.1302032470703,149.1302032470703,147.07522232205054,148.18914105030748,1929335
2024-12-30,152.27989196777344,154.1236119221773,147.07522097456823,148.131511080927,3709575
2025-01-06,151.3004150390625,153.81632234277626,149.5911324911462,152.31830075269986,5946778
2025-01-13,154.39248657226562,155.0454789637589,148.15072036789275,150.83948412490855,6552242
2025-01-20,160.40377807617188,160.82629996794066,154.25804506658034,154.35407809746715,4765446
2025-01-27,160.48060607910156,162.34353557101244,157.04283154345077,159.5587534280548,4824801
2025-02-03,160.28855895996094,161.63294820325822,156.35145357139572,157.0428357519167,4715105
2025-02-10,161.8249969482422,164.1296432521104,159.50114110694298,159.8276299803506,4549733
2025-02-17,153.6434783935547,167.08728275299072,153.39381301609538,161.99783960068746,7575862
2025-02-24,159.11703491210938,161.55613349848795,154.37328985832602,154.8534257600841,7472487
2025-03-03,162.82366943359375,170.25617777270037,160.40378061230126,161.3256479046072,9159916
2025-03-10,162.4779815673828,164.82104704521757,155.1031013610024,163.80316130707925,7565798
2025-03-17,160.0196990966797,165.53166474234482,158.3296259304097,163.15018002533674,6742052
2025-03-24,159.65476989746094,165.47402879257137,158.75212679445553,161.61373239950146,4472587
2025-03-31,141.06390380859375,161.3832560563866,138.98972811755618,158.1375330919757,8672500
2025-04-07,129.5022430419922,144.30963101132423,121.37834527679884,126.96712632063931,12555120
2025-04-14,131.0386962890625,135.89766925316528,130.0016009866421,133.76586468473195,6492162
2025-04-21,138.0491485595703,139.01136456174586,129.50697768118297,133.98425975467703,6623579
2025-04-28,152.14862060546875,152.63954927742734,139.8361211228528,140.0717722788964,7368060
2025-05-05,155.5654754638672,156.68479220425138,150.69545658696092,152.77700428353518,5554472
2025-05-12,157.33282470703125,158.96269649636068,151.65769051097828,155.9385890895811,5148044
2025-05-19,154.4461669921875,159.9642006064578,151.2845850684788,156.2135132510859,4307391
2025-05-26,159.1394500732422,162.75267813396138,157.1953766053977,157.4113864331532,4366181
2025-06-02,162.3402862548828,170.64680580288578,156.9793536590263,159.00197734811263,5549489
2025-06-09,158.6485137939453,163.67561867554667,157.09717736958612,162.45812513938316,4528916
2025-06-16,164.4611053466797,165.61968982285862,156.23313599839364,159.53217727805892,6206257
2025-06-23,174.96697998046875,175.4186409618068,162.32066726841128,163.49889311361542,8015069
2025-06-30,172.19815063476562,175.30080854290435,168.7812761944052,175.18299045253139,4205524
2025-07-07,179.89590454101562,180.97595361684884,172.8068932882482,172.885443673941,4647883
2025-07-14,182.8414764404297,183.60732397288322,175.71319749145653,177.61798816066528,4597053
2025-07-21,176.93069458007812,183.50913594418859,176.2433974194017,182.82183878351216,4073220
2025-07-28,166.03208923339844,179.7780925767966,164.3236519957867,179.73880989163516,5964759
2025-08-04,173.0229034423828,175.98811683478974,166.9157495258796,167.34776915705925,4562099
2025-08-11,183.489501953125,183.489501953125,171.58938096934617,173.43527753721617,4514144
2025-08-18,177.44126892089844,183.48951404583732,175.65428127773043,183.116403442988,3250037
2025-08-25,175.81137084960938,178.79622551823712,172.8068898214178,176.34158219691017,3633761
2025-09-01,180.50465393066406,184.0786141309717,175.6150084602439,176.24339657298083,3916278
2025-09-08,189.7144775390625,191.69783357236918,180.99557951482117,181.918527816913,5253985
2025-09-15,190.34286499023438,194.74158168908423,187.37765162134372,189.98939574770466,6512447
2025-09-22,192.16912841796875,192.85642559045982,188.43806736193255,190.12686326117046,4488828
2025-09-29,199.85707092285156,200.93710504209992,190.83379928356652,193.4259021444989,4173663
2025-10-06,198.33518981933594,202.9499164870583,196.42057093380754,196.91149962147915,3834712
2025-10-13,196.7642059326172,203.19537453834616,194.5648550684087,199.8079696947039,3901333
2025-10-20,204.6681671142578,206.3864175229584,197.99153395834466,199.8079760974671,3687627
2025-10-27,209.52835083007812,213.01394739123535,201.96805229162348,205.55184057978113,4102324
2025-11-03,204.27542114257812,210.65749380756355,202.36080233947328,209.5283488853553,3439677
2025-11-10,202.7535400390625,209.52834966986217,198.82611069205888,207.56463499636035,3757393
2025-11-17,199.0715789794922,206.53370087976657,196.66603145307292,203.93176989653406,4871945
2025-11-24,200.74073791503906,201.62441854432083,196.0769153700193,199.5625120579513,4238849
2025-12-01,193.13133239746094,197.94244226833058,179.07114332564703,197.50059448750963,9455473
2025-12-08,190.49996948242188,195.4288826503839,187.77040721587576,193.6222687008053,4028225
2025-12-15,192.2869415283203,193.42589966005872,186.8081756690486,191.5407353292267,5343064
2025-12-22,192.40476989746094,193.9364649424611,191.34436217816375,192.71895645394494,1128658
2025-12-29,200.00433349609375,200.54435801958743,190.81414836284577,193.1313322420565,2397140
2026-01-05,211.19752502441406,211.9339180475369,201.67349660646173,201.77168833565986,4949773
2026-01-12,213.45578002929688,217.28503264996016,208.93924524799294,210.85386406734756,4223292
2026-01-19,203.04811096191406,211.88482745944648,201.37895639766,209.2338155065777,6101756
2026-01-26,189.89120483398438,202.94991053976503,187.94713148272163,202.94991053976503,6953221
2026-02-02,187.82931518554688,192.07093117254252,183.6073255586627,185.96377722010982,5333001
2026-02-09,188.92898559570312,191.0498010236662,183.62696200774928,188.92898559570312,4817622
2026-02-16,186.29762268066406,197.54969974513267,181.1526846710293,189.4592046089804,7785198
2026-02-23,180.89739990234375,184.82482922298726,176.91104655704933,183.0378416907566,6482511
2026-03-02,172.3159637451172,178.83549590519846,169.46858344239547,176.6950540881925,7857470
2026-03-09,165.3251495361328,176.93069591376295,163.57744460782973,166.03208804443008,6761326
2026-03-16,158.00048828125,170.9413763803572,156.7829797327745,166.44446776819126,8738124
2026-03-23,157.50955200195312,167.22994861497477,155.01564096122732,155.36911020137273,7526616
2026-03-30,162.1439208984375,165.79643141013116,154.56398101777893,156.4491453170476,6561123
2026-04-06,166.42481994628906,173.16036193100408,157.90230538462535,162.14392132361374,6406279
2026-04-13,176.2237548828125,178.65877192406995,162.183191630059,164.637835031521,5901305
2026-04-20,165.9199981689453,177.82000732421875,162.22999572753906,176.5399932861328,6632327
2026-04-27,174.8800048828125,177.72000122070312,164.3800048828125,165.97999572753906,6343985
2026-05-04,179.8800048828125,191.9199981689453,174.1999969482422,174.74000549316406,8515703
2026-05-11,167.67999267578125,179.3800048828125,167.47999572753906,178.97999572753906,5797932
2026-05-18,169.52000427246094,175.6999969482422,164.74000549316406,165.5,6769320
2026-05-25,179.6999969482422,183.02000427246094,171.66000366210938,172.39999389648438,7745137
2026-06-01,178.9600067138672,179.63999938964844,167.89999389648438,177.3000030517578,6075624
2026-06-08,179.27999877929688,183.72000122070312,171.74000549316406,173.10000610351562,5682839
2026-06-15,189.4199981689453,193.77999877929688,182.8000030517578,183.0800018310547,7539965
2026-06-22,191.89999389648438,196.89999389648438,187.1199951171875,190.24000549316406,5367433
2026-06-29,206.14999389648438,209.1999969482422,189.22000122070312,192.16000366210938,6126840
2026-07-06,197.25999450683594,210.9499969482422,194.0399932861328,206.0,5401212
2026-07-13,194.32000732421875,196.6999969482422,191.6199951171875,195.5800018310547,3957655
2026-07-20,206.0500030517578,209.0500030517578,190.89999389648438,192.8800048828125,6154303
2026-07-27,202.1999969482422,213.35000610351562,201.64999389648438,209.35000610351562,6266885
2026-08-03,213.60000610351562,217.0500030517578,206.3000030517578,206.35000610351562,4894665
2026-08-10,215.39999389648438,216.5500030517578,210.89999389648438,212.10000610351562,3032105
2026-08-17,203.6999969482422,216.35000610351562,202.85000610351562,215.75,3255616
2026-08-24,203.0500030517578,209.5500030517578,202.10000610351562,203.0,3700069
2026-08-31,198.9600067138672,203.10000610351562,193.17999267578125,202.75,4355768
2026-09-07,199.39999389648438,200.6999969482422,194.55999755859375,198.60000610351562,3728859
2026-09-14,193.3800048828125,199.3800048828125,192.89999389648438,198.1199951171875,6964032
2026-09-21,192.39999389648438,197.60000610351562,188.1199951171875,195.05999755859375,5668227
