Price,Close,High,Low,Open,Volume
Ticker,BN.PA,BN.PA,BN.PA,BN.PA,BN.PA
Date,,,,,
1989-01-16,1.7964518070220947,1.8734427487434528,1.796451807022095,1.852911800517964,3434555
1989-01-23,1.839224934577942,1.8529122366163555,1.7724995273477628,1.7724995273477628,2571258
1989-01-30,1.7878979444503784,1.851201455904301,1.7844760425435435,1.822116050524624,6282941
1989-02-06,1.7588114738464355,1.8050060604477458,1.741702429691197,1.7622333739768465,5813644
1989-02-13,1.690375566482544,1.750257306647143,1.6441811246886044,1.7211719117337134,6443347
1989-02-20,1.630494236946106,1.7707883827391686,1.630494236946106,1.690375834437381,4465046
1989-02-27,1.7331483364105225,1.7331483364105225,1.5860104049988497,1.6099629499582977,2068537
1989-03-06,1.692086935043335,1.7622340902409686,1.6903759842827097,1.7382813882548822,4577834
1989-03-13,1.7502572536468506,1.7588117007452497,1.6869536147236965,1.712617412515769,3838105
1989-03-20,1.7588114738464355,1.7707878199716631,1.709195291445925,1.7297260835659694,3106396
1989-03-27,1.7502572536468506,1.7896081972294866,1.7468355052406157,1.7588117007452497,3988811
1989-04-03,1.818693995475769,1.8819974963028094,1.7622339929821986,1.7639449436483956,5468792
1989-04-10,1.825537085533142,1.8358024829031796,1.7981626418245,1.8306699363837855,4469542
1989-04-17,1.825537085533142,1.8563334298088796,1.8135607378795564,1.8255370855331419,4786398
1989-04-24,1.7844761610031128,1.8392252256557442,1.77592170999952,1.8221161714828646,6463025
1989-05-01,1.7878979444503784,1.789608895403796,1.76394523976527,1.7844760425435435,2439315
1989-05-08,1.7553905248641968,1.7964522799595362,1.741703222443859,1.7878978300710806,2808733
1989-05-15,1.767366647720337,1.7878975986938714,1.7417029970448321,1.7553902976938551,1249706
1989-05-22,1.8101392984390259,1.835802796244456,1.7468358009647638,1.762233899648022,3452518
1989-05-29,1.8648879528045654,1.868309701066119,1.8067170150332068,1.8358024078360768,5192466
1989-06-05,2.049492835998535,2.0532603827674016,2.0287719989132706,2.049492835998535,769684
1989-06-12,1.8799577951431274,2.0494930625498173,1.8761904154936897,2.0494930625498173,2441143
1989-06-19,1.9082136154174805,1.9119811623787748,1.8724227569646037,1.8799576833513085,3060028
1989-06-26,1.8912601470947266,2.0005163375216517,1.8799578403388024,1.9741441767338972,5775874
1989-07-03,1.9835622310638428,2.021236689513741,1.968492548205398,1.987329777430347,4911551
1989-07-10,2.0344228744506836,2.0344228744506836,1.9779111837834533,1.9873298826625916,2906075
1989-07-17,2.0815157890319824,2.0815157890319824,2.030655256658022,2.0626787285602823,4336908
1989-07-24,2.160632848739624,2.3998660628670634,2.1003537693471626,2.1097723022052812,6119366
1989-07-31,2.3433549404144287,2.384796796764284,2.1380285950355433,2.384796796764284,5066434
1989-08-07,2.328284502029419,2.3508891148451414,2.29060986811006,2.328284502029419,3362857
1989-08-14,2.309447765350342,2.332052383025875,2.3000292304975125,2.328285002591929,1834139
1989-08-21,2.147447347640991,2.1794706670580455,2.087168089164684,2.1097727063833456,3104903
1989-08-28,2.1832377910614014,2.1832377910614014,2.1097726205535365,2.126726082777832,4069853
1989-09-04,2.2152609825134277,2.224679683077796,2.1888888219762714,2.194539975300534,5047281
1989-09-11,2.138028144836426,2.217144795384422,2.1135397574857953,2.1945400141512947,4267280
1989-09-18,2.1455636024475098,2.1662846135329223,2.119191436981699,2.1644008395608134,3505917
1989-09-25,2.066446542739868,2.151214344818551,2.0438419295476025,2.1191910311055775,4762560
1989-10-02,2.179471015930176,2.188889552100286,2.038191465554948,2.040075239803351,4722739
1989-10-09,2.096586227416992,2.20584241510276,2.0532606075823594,2.1606328541415425,3995023
1989-10-16,1.996748924255371,2.0965864207289124,1.9797954629836723,2.0965864207289124,1544440
1989-10-23,1.8799577951431274,2.0099348223191966,1.8761904154936897,1.9929813625928854,6147847
1989-10-30,1.9684942960739136,2.009936170151592,1.8987964693018138,1.9779128352813835,3001125
1989-11-06,2.2114932537078857,2.2171445741040667,1.936469364267489,1.9402369111982765,4491457
1989-11-13,2.2265632152557373,2.2359819155074714,2.192656296435633,2.202074829151476,1863311
1989-11-20,2.066446542739868,2.2906099062665772,2.038190776249536,2.2265632788406307,4250178
1989-11-27,2.1417958736419678,2.1794705122231144,2.053260849932079,2.0589120038352724,2740877
1989-12-04,2.198307752609253,2.2114938352627775,2.175703135223741,2.175703135223741,3280883
1989-12-11,2.1191914081573486,2.2246800685857795,2.1135400863178893,2.1700519644250775,5869545
1989-12-18,2.1832377910614014,2.1945402667468503,2.0965865385337787,2.147447260278502,4299754
1989-12-25,2.224679708480835,2.2435167747528744,2.175702766551477,2.1832375260459336,2800842
1990-01-01,2.224679708480835,2.224679708480835,2.224679708480835,2.224679708480835,0
1990-01-08,2.224679708480835,2.224679708480835,2.224679708480835,2.224679708480835,0
1990-01-15,2.224679708480835,2.224679708480835,2.224679708480835,2.224679708480835,0
1990-01-22,2.224679708480835,2.224679708480835,2.224679708480835,2.224679708480835,0
1990-01-29,2.224679708480835,2.224679708480835,2.224679708480835,2.224679708480835,0
1990-02-05,2.224679708480835,2.224679708480835,2.224679708480835,2.224679708480835,0
1990-02-12,2.224679708480835,2.224679708480835,2.224679708480835,2.224679708480835,0
1990-02-19,2.2303311824798584,2.243517265785005,2.1644009334900614,2.22468019539015,2954272
1990-02-26,2.2303311824798584,2.2303311824798584,2.2303311824798584,2.2303311824798584,0
1990-03-05,2.2303311824798584,2.2303311824798584,2.2303311824798584,2.2303311824798584,0
1990-03-12,2.2303311824798584,2.2303311824798584,2.2303311824798584,2.2303311824798584,0
1990-03-19,2.2303311824798584,2.2303311824798584,2.2303311824798584,2.2303311824798584,0
1990-03-26,2.2303311824798584,2.2303311824798584,2.2303311824798584,2.2303311824798584,0
1990-04-02,2.2303311824798584,2.2303311824798584,2.2303311824798584,2.2303311824798584,0
1990-04-09,2.2303311824798584,2.2303311824798584,2.2303311824798584,2.2303311824798584,0
1990-04-16,2.2303311824798584,2.2303311824798584,2.2303311824798584,2.2303311824798584,0
1990-04-23,2.2303311824798584,2.2303311824798584,2.2303311824798584,2.2303311824798584,0
1990-04-30,2.2303311824798584,2.2303311824798584,2.2303311824798584,2.2303311824798584,0
1990-05-07,2.2303311824798584,2.2303311824798584,2.2303311824798584,2.2303311824798584,0
1990-05-14,2.2303311824798584,2.2303311824798584,2.2303311824798584,2.2303311824798584,0
1990-05-21,2.2303311824798584,2.2303311824798584,2.2303311824798584,2.2303311824798584,0
1990-05-28,2.2303311824798584,2.2303311824798584,2.2303311824798584,2.2303311824798584,0
1990-06-04,3.0502748489379883,3.0648794509971005,2.4702634304937128,2.4702634304937128,758250
1990-06-11,3.0502748489379883,3.0502748489379883,3.0502748489379883,3.0502748489379883,0
1990-06-18,3.0502748489379883,3.0502748489379883,3.0502748489379883,3.0502748489379883,0
1990-06-25,3.0502748489379883,3.0502748489379883,3.0502748489379883,3.0502748489379883,0
1990-07-02,3.0502748489379883,3.0502748489379883,3.0502748489379883,3.0502748489379883,0
1990-07-09,3.0502748489379883,3.0502748489379883,3.0502748489379883,3.0502748489379883,0
1990-07-16,3.0502748489379883,3.0502748489379883,3.0502748489379883,3.0502748489379883,0
1990-07-23,3.0502748489379883,3.0502748489379883,3.0502748489379883,3.0502748489379883,0
1990-07-30,2.5954456329345703,3.071138169301774,2.593359208446606,3.0502744810988878,4201889
1990-08-06,2.8312056064605713,2.8541557202038432,2.5954457519537137,2.5954457519537137,1225328
1990-08-13,2.7122833728790283,2.8061702870077023,2.476523431558369,2.5119917347461143,6505925
1990-08-20,2.651777982711792,2.6914191285394553,2.6058779332195523,2.672641860868852,1677167
1990-08-27,2.5578904151916504,2.864586775367814,2.5432858177756956,2.833291342018542,5099077
1990-09-03,2.5224225521087646,2.557891027662108,2.4493995475441057,2.4869542621143483,5373126
1990-09-10,2.4640047550201416,2.6058779392385074,2.430622698338908,2.5641503683869655,4423285
1990-09-17,2.484868049621582,2.5119910147454867,2.430622490491659,2.484868049621582,1109090
1990-09-24,2.3117003440856934,2.345082225495116,2.253281726890926,2.26788652035888,2723232
1990-10-01,2.4097588062286377,2.464004551066057,2.3263040425513077,2.3930677792695945,4035365
1990-10-08,2.4306223392486572,2.4640043909981624,2.357599332995279,2.4347950029378795,3316172
1990-10-15,2.480696678161621,2.480696678161621,2.4285373349522525,2.449400849565169,4738874
1990-10-22,2.6371734142303467,2.6371734142303467,2.403499773587418,2.4181041905686533,4899727
1990-10-29,2.651777982711792,2.6914191285394553,2.614223261811626,2.6246553864491142,3403388
1990-11-05,2.5391128063201904,2.645517643982055,2.5182491235762288,2.641344981656811,3039287
1990-11-12,2.3409087657928467,2.5996187897479053,2.305440468028619,2.326304347239546,3632748
1990-11-19,2.6309142112731934,2.6726417807779064,2.5933596770573812,2.595446101922355,4744636
1990-11-26,2.5578904151916504,2.630913216712541,2.336735029876086,2.630913216712541,3899188
1990-12-03,2.547459840774536,2.599618796705583,2.547459840774536,2.5745824384798106,4114580
1990-12-10,2.635087251663208,2.71436936112014,2.5474598132604656,2.5474598132604656,6187183
1990-12-17,2.537027359008789,2.6309140602778096,2.5265956064005324,2.60587770557084,4680101
1990-12-24,2.484868049621582,2.6037912916509414,2.459831694810523,2.5370273695565455,1441146
1990-12-31,2.5787553787231445,2.59961888760147,2.4660912060909532,2.4848684754168313,1890729
1991-01-07,2.5182504653930664,2.610050941051825,2.4848684067684377,2.5683233677710393,4460105
1991-01-14,2.624654769897461,2.624654769897461,2.43896763394347,2.518249721415865,2534234
1991-01-21,2.6371734142303467,2.6371734142303467,2.537027435698415,2.6246552364984606,4228729
1991-01-28,2.703936815261841,2.735232441247203,2.6142227864018954,2.624654909142249,4427743
1991-02-04,2.7957375049591064,2.7957375049591064,2.697678134228572,2.7248011007692954,4803763
1991-02-11,2.781132698059082,2.8124281388243166,2.749837071734921,2.799909962518223,5049220
1991-02-18,2.8166022300720215,2.8437250192158707,2.770701982629347,2.8166022300720215,5904218
1991-02-25,2.774873971939087,2.8583289245054324,2.774873971939087,2.837465047194633,1820412
1991-03-04,2.774873971939087,2.774873971939087,2.774873971939087,2.774873971939087,0
1991-03-11,2.774873971939087,2.774873971939087,2.774873971939087,2.774873971939087,0
1991-03-18,2.843724012374878,2.8520695258241213,2.774873851146771,2.774873851146771,799004
1991-03-25,2.843724012374878,2.843724012374878,2.843724012374878,2.843724012374878,0
1991-04-01,2.843724012374878,2.843724012374878,2.843724012374878,2.843724012374878,0
1991-04-08,2.9292638301849365,2.9563867825965313,2.843722682074694,2.843722682074694,1358800
1991-04-15,2.9292638301849365,2.9292638301849365,2.9292638301849365,2.9292638301849365,0
1991-04-22,2.9835104942321777,2.998115094171366,2.9292647577899436,2.9292647577899436,929026
1991-04-29,2.9835104942321777,2.9835104942321777,2.9835104942321777,2.9835104942321777,0
1991-05-06,2.9835104942321777,2.9835104942321777,2.9835104942321777,2.9835104942321777,0
1991-05-13,3.089916706085205,3.1003486472641444,3.0815711902538525,3.0815711902538525,853915
1991-05-20,3.089916706085205,3.089916706085205,3.089916706085205,3.089916706085205,0
1991-05-27,3.089916706085205,3.089916706085205,3.089916706085205,3.089916706085205,0
1991-06-03,3.483302593231201,3.5084608790983522,3.3872428144226165,3.3872428144226165,1637775
1991-06-10,3.4627187252044678,3.5176100925206737,3.460431534046034,3.4833030388016373,2923777
1991-06-17,3.4627187252044678,3.4627187252044678,3.4627187252044678,3.4627187252044678,0
1991-06-24,3.4124019145965576,3.4627189021673543,3.3826692416748956,3.4627189021673543,1759645
1991-07-01,3.4124019145965576,3.4124019145965576,3.4124019145965576,3.4124019145965576,0
1991-07-08,3.4124019145965576,3.4124019145965576,3.4124019145965576,3.4124019145965576,0
1991-07-15,3.4124019145965576,3.4124019145965576,3.4124019145965576,3.4124019145965576,0
1991-07-22,3.4124019145965576,3.4124019145965576,3.4124019145965576,3.4124019145965576,0
1991-07-29,3.4124019145965576,3.4124019145965576,3.4124019145965576,3.4124019145965576,0
1991-08-05,3.4124019145965576,3.4124019145965576,3.4124019145965576,3.4124019145965576,0
1991-08-12,3.4124019145965576,3.4124019145965576,3.4124019145965576,3.4124019145965576,0
1991-08-19,3.4124019145965576,3.4124019145965576,3.4124019145965576,3.4124019145965576,0
1991-08-26,3.53590726852417,3.5679271352539255,3.4855902769732987,3.4855902769732987,4797795
1991-09-02,3.53590726852417,3.53590726852417,3.53590726852417,3.53590726852417,0
1991-09-09,3.5679266452789307,3.5747882187053617,3.535906782946388,3.535906782946388,1724915
1991-09-16,3.659412384033203,3.659412384033203,3.5816495098119834,3.6205309469225933,4866994
1991-09-23,3.6251044273376465,3.6754214012074917,3.6251044273376465,3.6616986641209244,2574689
1991-09-30,3.613668918609619,3.7097284968609854,3.613668918609619,3.625104873279089,4641082
1991-10-07,3.5679266452789307,3.627392394488463,3.540481165230675,3.627392394488463,6291355
1991-10-14,3.750897169113159,3.750897169113159,3.5564908191317413,3.5862234880041717,5775372
1991-10-21,3.7211649417877197,3.762333574865214,3.6777095240537383,3.762333574865214,4502256
1991-10-28,3.757758378982544,3.7783426910683073,3.7051542066872405,3.7051542066872405,2575249
1991-11-04,3.773768901824951,3.778343284524433,3.709729171347291,3.7463234192856025,3410383
1991-11-11,3.773768901824951,3.8080759584135224,3.7440362279358617,3.773768901824951,3156625
1991-11-18,3.666273355484009,3.773768489371777,3.625105136174457,3.773768489371777,955343
1991-11-25,3.631965398788452,3.7051534616235355,3.6273914245559395,3.6434013514412973,5132780
1991-12-02,3.650263786315918,3.670848101424739,3.570214124035798,3.620531112730269,5446596
1991-12-09,3.613668918609619,3.638827612053756,3.586223441060285,3.615956109543513,3298938
1991-12-16,3.6708481311798096,3.7852048506253255,3.5976596354568695,3.6136695680426665,6258098
1991-12-23,3.8080756664276123,3.86525381847189,3.5930849848105,3.6251052544229325,3273292
1991-12-30,3.9613144397735596,3.981898758881703,3.8080766594199877,3.8080766594199877,1863702
1992-01-06,4.176302433013916,4.199173928862939,3.9270052030853138,3.9887577130005245,11806385
1992-01-13,4.372997283935547,4.4256010492577955,4.107689639025259,4.123699569086097,10137835
1992-01-20,4.103116989135742,4.578840662644625,4.029928481316629,4.578840662644625,22135944
1992-01-27,4.080245018005371,4.2106116768623,4.039076792127347,4.13056200974215,13678614
1992-02-03,4.141997814178467,4.169443299779804,4.039077039759045,4.073384100175124,5333473
1992-02-10,4.158007621765137,4.2106118065872895,4.0962550776311675,4.153433238694826,2862990
1992-02-17,4.219758987426758,4.283798705211202,4.137422149299802,4.1465709128854025,8073978
1992-02-24,4.231194972991943,4.311244213981866,4.141996561520518,4.265501616203899,6196136
1992-03-02,4.279223918914795,4.311243774780266,4.196887495399571,4.2197585885442495,4736243
1992-03-09,4.215185642242432,4.311244826442358,4.169442631137465,4.24263112344241,3932184
1992-03-16,4.146571636199951,4.283799452463327,4.14199725360921,4.187739859030335,5169524
1992-03-23,4.2083234786987305,4.244917719722235,4.061946921433406,4.174016428592782,6331250
1992-03-30,4.27236270904541,4.368422275637747,4.18545149824959,4.18545149824959,6057535
1992-04-06,4.338690757751465,4.391294529438046,4.185452604727336,4.306670893755827,4318089
1992-04-13,4.345551013946533,4.407303125124638,4.283798089111165,4.31581794339826,3517164
1992-04-20,4.386720657348633,4.446186004222458,4.329542094961,4.3455524341656995,4230781
1992-04-27,4.423312664031982,4.469055657708919,4.356986177540476,4.386718838650467,4472040
1992-05-04,4.453046798706055,4.521660492000803,4.41873934181564,4.421026532730247,4308372
1992-05-11,4.372997283935547,4.521660629622823,4.315818729816151,4.469056864300574,4333849
1992-05-18,4.448473930358887,4.498790927113265,4.356988703621198,4.372998638641735,5532486
1992-05-25,4.327255725860596,4.475919107315788,4.265502774915205,4.44847362255926,4550210
1992-06-01,4.527890205383301,4.686415993441718,4.468442869638115,4.686415993441718,8110908
1992-06-08,4.505596160888672,4.547704733874303,4.456056948349587,4.527888960739611,3009201
1992-06-15,4.535320281982422,4.5600901122726825,4.453580591036667,4.4857810619972565,5379450
1992-06-22,4.582381725311279,4.582381725311279,4.46596412595768,4.4932105356645495,15775764
1992-06-29,4.5848588943481445,4.631921081007719,4.527889041242717,4.569997174381715,7733415
1992-07-06,4.589812278747559,4.6517361763460485,4.560088843147902,4.597243357945089,3012314
1992-07-13,4.631922245025635,4.763201612144756,4.5898141013047145,4.5898141013047145,4894784
1992-07-20,4.332209587097168,4.631921950647386,4.257900973313641,4.614583200665333,11602428
1992-07-27,4.153865814208984,4.300006817686232,4.146435177097091,4.215790139982197,10123641
1992-08-03,4.287623405456543,4.376793720921565,4.13652830518438,4.161298130988182,6211803
1992-08-10,3.997074604034424,4.0134224475016165,3.8472184910614695,3.8826388185737204,4808324
1992-08-17,4.007974624633789,4.054293971905816,3.9453074279464606,4.024322474049091,4833690
1992-08-24,3.950756072998047,3.9998000539181944,3.8826396041737796,3.988901489401554,3314300
1992-08-31,4.0488433837890625,4.0570173058621855,3.866291135703728,3.934407593574949,2941045
1992-09-07,3.9207851886749268,4.133308527646821,3.8635672819141695,4.086989185869963,3769862
1992-09-14,4.206874847412109,4.310412109868202,4.040670827874326,4.152381574571816,10526670
1992-09-21,4.294063568115234,4.299512851020589,4.111511709595214,4.258643229230429,5609876
1992-09-28,4.029770374298096,4.258641949952205,3.999799327321822,4.220496540478124,6102351
1992-10-05,4.021596431732178,4.10333609093358,3.863566394569787,4.0297703535928,4592473
1992-10-12,4.070642948150635,4.19052809157329,4.013425018762756,4.021598945733101,4044314
1992-10-19,3.997074604034424,4.100611386588488,3.9889006823008275,4.0570171373426405,2822842
1992-10-26,4.086989879608154,4.1714542131658945,4.0406709705642685,4.078815954482763,5763228
1992-11-02,4.1632795333862305,4.2940631928767985,4.086989138782612,4.086989138782612,6316523
1992-11-09,4.125133991241455,4.182351889504175,4.078814656343973,4.15238039965455,6016807
1992-11-16,3.958930253982544,4.084264635269612,3.945307047450318,4.048844298285825,4397611
1992-11-23,3.999799966812134,4.013423172161253,3.950755986960047,3.9589299101695183,2287385
1992-11-30,4.007974624633789,4.09516359544407,3.999800699926138,3.999800699926138,3412765
1992-12-07,4.040670394897461,4.057018242819196,4.01614818241956,4.01614818241956,883415
1992-12-14,4.040670394897461,4.040670394897461,4.040670394897461,4.040670394897461,0
1992-12-21,3.9207851886749268,4.040670284688391,3.871741205652094,4.040670284688391,973792
1992-12-28,3.961653709411621,3.988900554915325,3.8744647731091275,3.92078410204881,1386351
1993-01-04,3.8826398849487305,3.9589302826774544,3.8581181130129867,3.942582434720292,5637752
1993-01-11,3.7682042121887207,3.8826400334565325,3.762754929327903,3.8826400334565325,1827755
1993-01-18,3.776378631591797,3.792726480410252,3.7627549836477625,3.7627549836477625,3147571
1993-01-25,3.8417699337005615,3.9180603248491876,3.776378106916702,3.776378106916702,2829286
1993-02-01,3.7954514026641846,3.85539396002834,3.787277477650257,3.811799252692039,2284926
1993-02-08,3.879915475845337,3.961655161118776,3.858118343931173,3.9453073121831532,4820041
1993-02-15,3.9044363498687744,3.9371324808038497,3.879914582113886,3.8962624272838116,810216
1993-02-22,4.149656295776367,4.149656295776367,3.904436825946374,3.904436825946374,3078576
1993-03-01,4.078814506530762,4.195974939594255,4.078814506530762,4.1905256581117865,6955160
1993-03-08,4.029770374298096,4.149655443393564,4.0215964523954755,4.103336112016863,4457264
1993-03-15,4.0488433837890625,4.10878591958716,4.007973332828252,4.095162275536759,3720416
1993-03-22,4.116960048675537,4.119684689503583,4.021596738503507,4.062466791519408,4071851
1993-03-29,4.119686126708984,4.174179402875792,4.092439268327895,4.133309335601844,7893344
1993-04-05,3.997074604034424,4.136032154695916,3.9916253228786926,4.116959670650858,3422481
1993-04-12,3.926234006881714,4.076090138880108,3.9098861613390308,3.9970751114952403,4538993
1993-04-19,3.8662912845611572,3.953480230626557,3.8662912845611572,3.953480230626557,1947923
1993-04-26,3.811798334121704,3.833595462239487,3.7763780009303067,3.8226968981805953,1337688
1993-05-03,3.7791028022766113,3.8417699888691934,3.7709284382903903,3.7763781611462934,2538082
1993-05-10,3.713709831237793,3.7791016388289385,3.7000861891851584,3.7791016388289385,225483
1993-05-17,3.713709831237793,3.713709831237793,3.713709831237793,3.713709831237793,0
1993-05-24,3.713709831237793,3.738231593861298,3.664665865395651,3.713709831237793,1524188
1993-05-31,4.004560947418213,4.172948552171353,3.980068137397853,4.172948552171353,4874895
1993-06-07,4.07804012298584,4.102532691430757,3.998438780460451,3.998438780460451,7108699
1993-06-14,4.07804012298584,4.0872245886129805,4.013746388198821,4.0841630175573655,3856677
1993-06-21,4.197443008422852,4.237243440410874,4.050486577077283,4.059671292151442,2877510
1993-06-28,4.136209964752197,4.316844131099224,4.111717150282489,4.197441877156623,2748932
1993-07-05,4.1760125160217285,4.243367596528496,4.093349327650813,4.13008843996907,4224456
1993-07-12,4.047425270080566,4.1760122796871855,4.013747484193336,4.172950707795578,4072698
1993-07-19,4.047425270080566,4.047425270080566,4.047425270080566,4.047425270080566,0
1993-07-26,4.004560947418213,4.093346981490095,3.958636897687583,4.084162023020183,4076090
1993-08-02,4.004560947418213,4.004560947418213,4.004560947418213,4.004560947418213,0
1993-08-09,4.139272212982178,4.154580069818467,4.099471537668097,4.154580069818467,2155805
1993-08-16,4.1545796394348145,4.200503700265747,4.139271784184306,4.139271784184306,2228378
1993-08-23,4.163764476776123,4.176011256421217,4.108655948690888,4.145395297467326,1380247
1993-08-30,4.350522041320801,4.433184961772593,4.163764706167161,4.163764706167161,4339927
1993-09-06,4.1760125160217285,4.341338397683989,4.127026867904196,4.335215253554244,4893206
1993-09-13,4.139272212982178,4.218873563610338,4.117841213411373,4.200504135406791,2710102
1993-09-20,4.1300883293151855,4.1637656211264975,4.111718649878328,4.157642477160804,2564279
1993-09-27,4.136209964752197,4.176010881092856,4.120902110420935,4.130086823019692,983118
1993-10-04,4.145395755767822,4.191319575505981,4.068855973690979,4.1086564029296095,2875204
1993-10-11,3.9892547130584717,4.145396109557719,3.9800699978349154,4.145396109557719,1160310
1993-10-18,4.087223529815674,4.09334691788034,3.989252786335968,3.989252786335968,254376
1993-10-25,4.087223529815674,4.087223529815674,4.087223529815674,4.087223529815674,0
1993-11-01,4.065793991088867,4.087224990585879,4.041301172695412,4.087224990585879,172834
1993-11-08,3.9770076274871826,4.02293144192295,3.8974062831212644,3.9984388729117186,4787654
1993-11-15,3.998439073562622,4.1117177060035655,3.977007827062616,3.9892541121827785,3136651
1993-11-22,3.998439073562622,3.9984390735626216,3.9984390735626216,3.9984390735626216,0
1993-11-29,3.8729140758514404,3.998439501940309,3.8422981122312345,3.998439501940309,458036
1993-12-06,3.8729140758514404,3.87291407585144,3.87291407585144,3.87291407585144,0
1993-12-13,4.1760125160217285,4.1760125160217285,3.872914653741275,3.872914653741275,214224
1993-12-20,4.381139278411865,4.396447635366798,4.176012939123445,4.176012939123445,746410
1993-12-27,4.362768650054932,4.482170930160741,4.362768650054932,4.405631146653795,4323141
1994-01-03,4.362768650054932,4.362768650054932,4.362768650054932,4.362768650054932,0
1994-01-10,4.528094291687012,4.678112280155707,4.362768446247932,4.362768446247932,4380505
1994-01-17,4.528094291687012,4.528094291687013,4.528094291687013,4.528094291687013,0
1994-01-24,4.500540256500244,4.528094399704238,4.43012361767723,4.528094399704238,4589064
1994-01-31,4.500540256500244,4.500540256500244,4.500540256500244,4.500540256500244,0
1994-02-07,4.442368984222412,4.500539325138959,4.353582934970508,4.500539325138959,4755675
1994-02-14,4.298473834991455,4.433183931487134,4.270919699604339,4.433183931487134,2640853
1994-02-21,4.237242698669434,4.29847461685785,4.224996414047635,4.29847461685785,188077
1994-02-28,4.2433671951293945,4.2433671951293945,4.176012120994045,4.237243556499341,1685781
1994-03-07,4.252551078796387,4.261735792325954,4.154579810988816,4.243366365266819,3682198
1994-03-14,4.246428489685059,4.316845130998663,4.209689135700812,4.270921062288228,4139676
1994-03-21,3.9892547130584717,4.218874078885926,3.921899887212635,4.191319933215258,4294705
1994-03-28,3.998439073562622,4.074978850643079,3.9984390735626216,4.013746682423102,3112811
1994-04-04,3.9402689933776855,4.013747208814559,3.8790373122067927,3.998439597946529,4858700
1994-04-11,3.9678237438201904,4.050486929295022,3.9310848803288563,3.9678237438201904,5175357
1994-04-18,3.8974061012268066,4.004561828269042,3.8974061012268066,3.9800690128611973,4482020
1994-04-25,3.998439073562622,4.047424461582993,3.8974064787021185,3.8974064787021185,2788100
1994-05-02,3.9586379528045654,4.093348072512087,3.891282892950804,4.084163111594059,5938724
1994-05-09,3.9586379528045654,3.9616995239306716,3.9218990992912874,3.934145136256004,1082142
1994-05-16,4.720449924468994,4.75523617912346,4.6439208392425995,4.689142801540048,2608365
1994-05-23,4.5499982833862305,4.720448984721724,4.522169453956181,4.720448984721724,1853850
1994-05-30,4.54304313659668,4.598700538584096,4.501299733536538,4.598700538584096,756414
1994-06-06,4.49086332321167,4.543042428273572,4.396941384109238,4.543042428273572,1801744
1994-06-13,4.379548072814941,4.4108551950300345,4.348240669344258,4.4108551950300345,1581331
1994-06-20,4.188224792480469,4.37954747507126,4.146481687302074,4.37954747507126,1817479
1994-06-27,4.233447074890137,4.254318489851888,4.188225394550749,4.188225394550749,2208708
1994-07-04,4.143002510070801,4.216053008675568,4.056037737924374,4.136045373299971,6779918
1994-07-11,4.167354106903076,4.20909722217469,4.132568130634128,4.1882258051666925,4544300
1994-07-18,4.2577972412109375,4.327368904053798,4.167353601380724,4.167353601380724,1461281
1994-07-25,4.358676433563232,4.3865049870060515,4.275190210723589,4.296061625805703,2389970
1994-08-01,4.612613201141357,4.640441751747868,4.3586759893235545,4.369111977056561,2463627
1994-08-08,4.421289920806885,4.6021768819443,4.4004185106307565,4.58826232723802,6294293
1994-08-15,4.410855770111084,4.522170840711284,4.407377200522543,4.421291478876708,4099150
1994-08-22,4.4873833656311035,4.5117336258781275,4.327368092950602,4.4456402632473,4505961
1994-08-29,4.264754772186279,4.487384620049402,4.264754772186279,4.487384620049402,2831678
1994-09-05,4.226490497589111,4.275191038049659,4.198661938760968,4.257798188782069,1438560
1994-09-12,4.132566928863525,4.132566928863525,4.056037859577991,4.108216949435288,1412278
1994-09-19,3.8229732513427734,3.90298090767828,3.7847087078233743,3.8612380761177754,283727
1994-09-26,3.8229732513427734,3.8229732513427734,3.8229732513427734,3.8229732513427734,0
1994-10-03,3.7012228965759277,3.840366809045086,3.6873083365756316,3.812537970300127,1702313
1994-10-10,3.732529401779175,3.7638368026342786,3.7220936952459955,3.7603582337898858,968196
1994-10-17,3.8229732513427734,3.941245451197679,3.7707944306365393,3.9203740354174266,4105255
1994-10-24,3.732529401779175,3.8229727542445273,3.7012220009240706,3.8229727542445273,1540721
1994-10-31,3.7812306880950928,3.82993094658277,3.71861586914262,3.732530429607416,212630
1994-11-07,3.798621892929077,3.8508009798897382,3.7916647563357952,3.8508009798897382,1269507
1994-11-14,3.9516823291778564,3.98646831370065,3.77427383623718,3.7916669691264193,1642695
1994-11-21,4.056039810180664,4.09430464448103,3.9516821427901743,3.9516821427901743,1548097
1994-11-28,4.163875102996826,4.195182506498232,4.0734317428866245,4.083867450301896,3178871
1994-12-05,4.0142951011657715,4.163874392356358,4.010816532621028,4.163874392356358,3419294
1994-12-12,4.08386754989624,4.12213209260766,3.9516810756456953,3.9760313414640893,4888392
1994-12-19,4.08386754989624,4.08386754989624,4.08386754989624,4.08386754989624,0
1994-12-26,3.972551107406616,4.20561713298067,3.962115403371442,4.20561713298067,3821577
1995-01-02,3.9203736782073975,4.021252741131428,3.8647160120201733,3.9725522129037123,3413527
1995-01-09,3.934288263320923,3.9621168173459953,3.861238027749509,3.941245401827191,4985110
1995-01-16,3.875152111053467,3.9655954761894368,3.8508021257314162,3.9655954761894368,5487689
1995-01-23,3.8334083557128906,3.8925443013635808,3.763836423325165,3.8751511776388803,4415721
1995-01-30,3.850801706314087,3.882108826889706,3.8090585976243525,3.822972873435739,1372601
1995-02-06,4.024731636047363,4.035167343831745,3.9655953960913353,3.976031385131317,3088055
1995-02-13,4.010817527770996,4.042124652441499,3.9969029688840494,3.9969029688840494,1579635
1995-02-20,3.9516823291778564,4.01081858724331,3.885588930458981,4.01081858724331,3098229
1995-02-27,4.010817527770996,4.035167513625832,3.8855879040665355,3.955159854734433,5514310
1995-03-06,4.0421247482299805,4.087346714114693,3.9621170874425955,4.021253331288377,2678903
1995-03-13,4.0525617599487305,4.056040330557659,4.014297483250527,4.056040330557659,174343
1995-03-20,4.0525617599487305,4.0525617599487305,4.0525617599487305,4.0525617599487305,0
1995-03-27,4.389983177185059,4.421290578360955,4.243882440456824,4.243882440456824,7161399
1995-04-03,4.389983177185059,4.389983177185059,4.389983177185059,4.389983177185059,0
1995-04-10,4.389983177185059,4.389983177185059,4.389983177185059,4.389983177185059,0
1995-04-17,4.389983177185059,4.389983177185059,4.389983177185059,4.389983177185059,0
1995-04-24,4.389983177185059,4.389983177185059,4.389983177185059,4.389983177185059,0
1995-05-01,4.389983177185059,4.389983177185059,4.389983177185059,4.389983177185059,0
1995-05-08,4.389983177185059,4.389983177185059,4.389983177185059,4.389983177185059,0
1995-05-15,5.027368545532227,5.027368545532227,5.027368545532227,5.027368545532227,0
1995-05-22,5.027368545532227,5.027368545532227,5.027368545532227,5.027368545532227,0
1995-05-29,5.027368545532227,5.027368545532227,5.027368545532227,5.027368545532227,0
1995-06-05,5.027368545532227,5.027368545532227,5.027368545532227,5.027368545532227,0
1995-06-12,5.027368545532227,5.027368545532227,5.027368545532227,5.027368545532227,0
1995-06-19,5.027368545532227,5.027368545532227,5.027368545532227,5.027368545532227,0
1995-06-26,5.027368545532227,5.027368545532227,5.027368545532227,5.027368545532227,0
1995-07-03,5.027368545532227,5.027368545532227,5.027368545532227,5.027368545532227,0
1995-07-10,5.027368545532227,5.027368545532227,5.027368545532227,5.027368545532227,0
1995-07-17,5.027368545532227,5.027368545532227,5.027368545532227,5.027368545532227,0
1995-07-24,5.027368545532227,5.027368545532227,5.027368545532227,5.027368545532227,0
1995-07-31,5.282321929931641,5.294273126457054,5.027368009455602,5.027368009455602,6698529
1995-08-07,5.2783379554748535,5.338092645778603,5.254435886098605,5.282321580022353,8639670
1995-08-14,5.361993789672852,5.369961037392702,5.278337044432038,5.278337044432038,6220367
1995-08-21,5.202648639678955,5.397847526095183,5.186713819787611,5.358010959503684,5001946
1995-08-28,5.027368545532227,5.1867148433439265,5.023384920296064,5.166796717163116,7702875
1995-09-04,5.071188926696777,5.150861751302126,4.987532154874431,5.059237729228375,12655788
1995-09-11,5.142893314361572,5.198664697435115,5.047285689222955,5.0950895017922635,7269407
1995-09-18,4.991515159606934,5.202648875483934,4.987531534976354,5.1269590412291555,13282231
1995-09-25,4.832169055938721,5.027367958066187,4.780381933920124,5.0233843332955255,15672560
1995-10-02,4.883955955505371,4.899890451760517,4.756479019190581,4.852086640903871,10692264
1995-10-09,4.911843299865723,4.947695928511417,4.792333571439459,4.840137076300384,7840610
1995-10-16,4.609084606170654,4.911842331934047,4.561280788638672,4.883956637502369,11224637
1995-10-23,4.617053031921387,4.6409544619736325,4.505510555644175,4.565265258094384,14225707
1995-10-30,4.864037990570068,4.883956434935488,4.573231472819596,4.617051986005272,10914423
1995-11-06,4.832169055938721,4.991515335130235,4.784365558690785,4.8481038771126315,10161925
1995-11-13,4.979564189910889,5.047286129419064,4.78436529840299,4.820217919388422,10800426
1995-11-20,4.931760311126709,5.011433772680273,4.860054743283652,4.9795644524771,6495478
1995-11-27,4.652905464172363,4.975581359159594,4.632987016133648,4.947695660741912,6981460
1995-12-04,4.943711280822754,4.963629403729378,4.565264368866903,4.605100936771401,13346191
1995-12-11,4.700707912445068,5.035334585041627,4.676805846213997,4.943710588323064,18204827
1995-12-18,4.724610805511475,4.744528930471701,4.593150536591414,4.704692680551248,12161820
1995-12-25,4.9078593254089355,4.923793503804673,4.680791083012269,4.7246109593516055,8996783
1996-01-01,4.864037990570068,4.999482188308214,4.8082669261111235,4.907858503755745,7128097
1996-01-08,4.852088451385498,4.887941403428758,4.756480793997692,4.860055702485927,6860409
1996-01-15,4.919808864593506,4.9755802489848975,4.860054177992704,4.864037802293343,9095096
1996-01-22,4.8481035232543945,4.935743583903449,4.780381585004844,4.919809085983847,12459519
1996-01-29,4.947693824768066,5.039317814309251,4.81623359811435,4.848102587804376,21748985
1996-02-05,4.804283142089844,4.931759764593149,4.700708265521697,4.899890770012937,11185128
1996-02-12,4.629002571105957,4.832168708152235,4.605100824202273,4.79631608779671,15132590
1996-02-19,4.700707912445068,4.756478970862627,4.629002035843061,4.629002035843061,3675145
1996-02-26,4.883955955505371,4.923792196143235,4.668838645604864,4.6807898398874315,18192500
1996-03-04,4.724610805511475,4.887940718550465,4.700709055559203,4.883957093558419,8375697
1996-03-11,4.617053031921387,4.692742235800635,4.5931509576865155,4.664856536208504,11306942
1996-03-18,4.621035099029541,4.756479291218083,4.605100601863087,4.621035099029541,13232245
1996-03-25,4.68875789642334,4.720626894428299,4.597133882976557,4.629002880981516,15188189
1996-04-01,4.796316146850586,4.820217894048556,4.668839195521008,4.720626636541189,9027152
1996-04-08,4.796316146850586,4.8281851431145455,4.704692138409209,4.796316146850586,8411949
1996-04-15,4.816234588623047,4.820217891062328,4.692741261902971,4.808267017470747,12272053
1996-04-22,4.7046918869018555,4.832168509325435,4.640953253598837,4.820217636365331,11707887
1996-04-29,4.864037990570068,4.919809055029013,4.676806352827813,4.704692046102906,14513182
1996-05-06,4.768430233001709,4.860054237215338,4.720626418720305,4.828184920330657,8753344
1996-05-13,5.3892011642456055,5.467372019578109,5.320226836389023,5.416791118460541,8078370
1996-05-20,5.347814083099365,5.402993967428808,5.269643261908839,5.3983953339121795,14470859
1996-05-27,5.301833152770996,5.4489783185123075,5.292636626385555,5.347815784698201,10382001
1996-06-03,5.329422950744629,5.430585109867962,5.269644787380813,5.320226052836038,8679278
1996-06-10,5.43058443069458,5.453575743122868,5.306430600007682,5.37080664659396,8393907
1996-06-17,5.357013702392578,5.453577998093379,5.320227587296825,5.425988411771564,11693525
1996-06-24,5.462771892547607,5.50415662386054,5.375404539539244,5.39839585038696,15165316
1996-07-01,5.596124649047852,5.73407330795194,5.412192979913339,5.412192979913339,14956229
1996-07-08,5.425985336303711,5.563933933297476,5.402994027400421,5.5455408861748445,8448319
1996-07-15,5.329422950744629,5.462772951293122,5.265046524320076,5.462772951293122,14193151
1996-07-22,5.1316962242126465,5.329423411868089,5.094910116543866,5.329423411868089,10967987
1996-07-29,5.242053508758545,5.2696434519180855,5.108703170217329,5.136292741589847,8057039
1996-08-05,5.1178998947143555,5.242053714333612,5.090310322259871,5.228258928106369,7038246
1996-08-12,5.039730072021484,5.094909599714374,5.002943596297188,5.090311336722225,3624259
1996-08-19,5.104104995727539,5.108702885579759,5.012138647582094,5.035130327565206,8424513
1996-08-26,4.901782035827637,5.108705398525149,4.892585508025469,5.108705398525149,15739044
1996-09-02,5.076517105102539,5.09031189559353,4.745439902595852,4.92017503084319,17460568
1996-09-09,5.122500419616699,5.200671653010043,5.06732125033274,5.094910834974719,8626461
1996-09-16,5.067318916320801,5.154686265899453,4.984549456944152,5.145489741921387,9891543
1996-09-23,5.223664283752441,5.301835536752818,5.021339125148283,5.067322521326277,9275899
1996-09-30,5.255849361419678,5.329422305051883,5.19607157708543,5.242054202121719,8432364
1996-10-07,5.251250743865967,5.283438953281032,5.186875068609981,5.255849378171324,6732694
1996-10-14,5.173080921173096,5.265046933102384,5.131696178626202,5.20986740030224,8933470
1996-10-21,5.021336078643799,5.186875014730787,4.984549978879641,5.186875014730787,9768730
1996-10-28,4.906378746032715,5.062720784522508,4.874190537130938,5.00294300095098,11810235
1996-11-04,5.048927307128906,5.090312051657849,4.851200855334472,4.851200855334472,11985612
1996-11-11,5.081114768981934,5.104106455540843,5.002943555183594,5.048926556514305,9289990
1996-11-18,5.168482303619385,5.182277464714558,5.021336768972125,5.081114932881262,13875358
1996-11-25,5.3892011642456055,5.430585909674424,5.1868764444138185,5.200671235627701,17007127
1996-12-02,5.122500419616699,5.430586345508677,5.06732125033274,5.3892015967585065,16814251
1996-12-09,5.0627217292785645,5.186875953822105,5.025935251067093,5.136294313914371,12141557
1996-12-16,5.039730072021484,5.122499177667263,5.012140122281484,5.090311336722225,11412934
1996-12-23,5.067318916320801,5.0949084882549975,5.021335552856414,5.035130710610542,7645972
1996-12-30,5.053525924682617,5.10410757181708,4.989149485668131,5.076517616269845,8342548
1997-01-06,5.2834391593933105,5.320225632761738,5.012139801295488,5.104106170610102,21573676
1997-01-13,5.5593366622924805,5.6237123343894195,5.3202251641400045,5.329422060512337,23991507
1997-01-20,5.425985336303711,5.596122137549096,5.416788812742395,5.563933933297476,15520598
1997-01-27,5.991576671600342,6.000773569125883,5.476567512376711,5.476567512376711,31232295
1997-02-03,5.904210090637207,6.014569157751921,5.876620137964953,5.991577468560518,20768648
1997-02-10,6.124927520751953,6.134123674869325,5.816841672229262,5.908807303061159,18083624
1997-02-17,5.890416145324707,6.1847069092583915,5.8444327603444135,6.106535675293978,15392223
1997-02-24,6.055952072143555,6.244481944863515,5.812242679141281,5.858225674674386,24411391
1997-03-03,6.524977207183838,6.695113633241102,6.065147692227132,6.065147692227132,38147746
1997-03-10,6.350244998931885,6.561766631119633,6.216894598702493,6.520382254916357,17847712
1997-03-17,6.1111321449279785,6.308858548244204,6.014567888631619,6.308858548244204,14049821
1997-03-24,6.25368070602417,6.322655409883762,6.106535513841348,6.198501537796007,8514991
1997-03-31,5.991576671600342,6.253679142294276,5.936397145382603,6.253679142294276,9450650
1997-04-07,6.138721466064453,6.285867356376474,6.0697471552943885,6.097337102674662,9484222
1997-04-14,6.0237650871276855,6.350244012753026,5.959389029021742,6.0973380436377385,11209903
1997-04-21,5.881217956542969,5.9915770153092325,5.80304673970771,5.945594012192102,18354125
1997-04-28,6.051354885101318,6.097337888805653,5.8674232420711085,5.918004137180036,8904915
1997-05-05,6.028363227844238,6.212295243591818,6.000774020341508,6.092739656428169,16307348
1997-05-12,6.465201377868652,6.552569124828883,6.042158548437222,6.120329768725248,23914084
1997-05-19,7.286428451538086,7.406735633368866,7.150429138926653,7.354427684920916,17120802
1997-05-26,6.930737495422363,7.176582565056194,6.737199527478387,7.0562753853237705,19863070
1997-06-02,7.464271068572998,7.537501834734995,6.752890047633936,6.752890047633936,23286096
1997-06-09,7.861812114715576,7.903658654093255,7.417199083403524,7.495659758775414,27256922
1997-06-16,7.689197063446045,7.903657914417234,7.621196971974963,7.861811378955828,16084629
1997-06-23,7.830426216125488,7.893195589215278,7.621196100287295,7.657811920358768,18069431
1997-06-30,7.757194519042969,7.940270194747993,7.694425160102684,7.840885869835831,15487686
1997-07-07,7.80427360534668,7.919350098366723,7.689197112326635,7.736273513443318,9739462
1997-07-14,7.542735576629639,8.013502922793258,7.464274070320421,7.804272803199239,16541428
1997-07-21,7.741501331329346,7.751962749889815,7.401503536422883,7.46950275706593,12380640
1997-07-28,7.694425582885742,7.887963533919778,7.657810614901995,7.80427133268267,16439978
1997-08-04,7.422427177429199,7.75719514515806,7.375350788808486,7.751963589465608,14379228
1997-08-11,7.401504039764404,7.647349084345415,7.359657516831129,7.417196168672255,9715860
1997-08-18,7.370119571685791,7.542734696249442,7.145198192097533,7.176582452619744,14048260
1997-08-25,7.207966327667236,7.495657058760254,7.19227419824533,7.406734992036117,15555630
1997-09-01,7.160892486572266,7.432891184994882,7.129508216564887,7.202738179915437,12548657
1997-09-08,6.475663185119629,7.150429961374536,6.444279342871416,7.134737828788962,26521941
1997-09-15,7.202737808227539,7.265507190849164,6.49135640595053,6.569817922766073,25409820
1997-09-22,7.223659992218018,7.359659321955335,7.0667378188050956,7.255045103577306,16910172
1997-09-29,7.7990403175354,7.846116703099415,7.087659172416992,7.202735204496297,25965084
1997-10-06,7.537504196166992,7.814733530195314,7.417197014967525,7.736272030858003,23472324
1997-10-13,7.354427814483643,7.542735078860429,7.2498136074363035,7.4538121570244025,14047973
1997-10-20,7.098119735717773,7.4328876612982775,6.935966905038504,7.281196248995374,20584336
1997-10-27,7.035353183746338,7.23935174471396,6.28212577591396,7.087660713110739,32480539
1997-11-03,7.056276321411133,7.385813643310991,6.915046282267157,7.119044851765847,20507116
1997-11-10,7.207966327667236,7.4381192508799305,7.024890215643112,7.056274897409775,11044580
1997-11-17,7.485198974609375,7.57412192680398,7.296892491789943,7.391046156122697,19322491
1997-11-24,7.511352062225342,7.574120596861579,7.2655069432082255,7.438121259303804,12431661
1997-12-01,7.877502918243408,7.971656558620744,7.574119999728047,7.574119999728047,18075248
1997-12-08,8.452884674072266,8.662114781664945,7.772888093164751,7.846118038730132,42891554
1997-12-15,8.604576110839844,8.996881889143806,8.332576659704376,8.358730209088831,33763289
1997-12-22,8.526118278503418,8.709194048664806,8.41104176594486,8.41104176594486,7437190
1997-12-29,8.693499565124512,8.730114540101845,8.37442367421307,8.499961577124058,7491686
1998-01-05,8.479037284851074,8.834727208608774,8.212268573264375,8.651651537434828,19127004
1998-01-12,8.724883079528809,8.730113789790302,8.196577959734915,8.254115772611339,20887444
1998-01-19,8.62549877166748,8.866113982152728,8.48426874822184,8.771959505394598,17326633
1998-01-26,9.577497482299805,9.624574733815956,8.557501926012012,8.620270466905533,28474630
1998-02-02,9.619338035583496,9.718722351399203,9.499031729830163,9.619338035583496,17258231
1998-02-09,9.315959930419922,9.635035874811802,9.247960679778924,9.551343643561509,13804822
1998-02-16,9.457188606262207,9.504265849514265,9.258420749145738,9.258420749145738,13759142
1998-02-23,9.807648658752441,9.818110080280736,9.336881306595785,9.519957875032643,15678663
1998-03-02,9.791958808898926,9.927958166313129,9.41534500855666,9.41011429657327,10812348
1998-03-09,10.048262596130371,10.445799133961076,9.451957366461405,9.886109723849147,15352648
1998-03-16,11.204256057739258,11.308871103187874,10.152876584964394,10.205183684765839,22095536
1998-03-23,11.586097717285156,11.675020612020726,10.9741005633437,11.204253440397217,24199049
1998-03-30,11.931329727172852,12.067329031443634,11.444870319423405,11.633176723088441,16840924
1998-04-06,11.523333549499512,12.192869646782317,11.267027013368944,11.920870977318762,11354097
1998-04-13,11.162412643432617,11.523333397006882,10.947951799028049,11.523333397006882,10687381
1998-04-20,11.00549030303955,11.507641977576593,10.843337404842034,11.324566233914359,16637823
1998-04-27,11.324563980102539,11.413486901476126,10.592259459504751,10.838104536479069,18900826
1998-05-04,11.042106628417969,11.763949058864393,10.932260838908602,11.481488940609445,17115105
1998-05-11,12.041176795959473,12.224252509666558,11.042104321721451,11.246102877469825,24925723
1998-05-18,12.684561729431152,12.972252574296,11.899949027128601,11.952256991733323,56807085
1998-05-25,13.88636302947998,14.135141678079108,13.360535639099545,13.405767788191033,22960859
1998-06-01,14.231261253356934,14.711855591970322,13.886363365299616,13.886363365299616,525266
1998-06-08,13.660202026367188,14.480040253847667,13.626276998619835,14.327379914729608,9295076
1998-06-15,13.971173286437988,14.480039534384352,13.366189636125581,13.456654848460264,11447085
1998-06-22,14.954978942871094,14.971940997733212,13.694123721807864,13.694123721807864,34042186
1998-06-29,14.785357475280762,14.954978938146263,14.08425463637849,14.954978938146263,14251073
1998-07-06,15.118945121765137,15.531691165082538,14.446112430406872,14.81928034902609,11475487
1998-07-13,15.842665672302246,16.249758655757155,15.118946743011374,15.118946743011374,12752913
1998-07-20,14.7740478515625,16.249756522845075,14.7740478515625,15.526036774250347,18450588
1998-07-27,15.492114067077637,15.729584659600047,14.74577818037803,14.762741149242114,15411417
1998-08-03,14.197336196899414,15.288569132236075,13.971173617846908,14.983250290523783,19032066
1998-08-10,14.316070556640625,14.593119286189307,13.660200766581003,14.20299018890478,16792378
1998-08-17,13.965517044067383,14.72881492299929,13.920284902251385,13.965517044067383,14745193
1998-08-24,13.790244102478027,14.395227726999613,12.953442981225976,14.21995224272761,24885418
1998-08-31,13.326611518859863,13.965519281565298,13.032600721355031,13.948558139964677,29710852
1998-09-07,13.790244102478027,14.022059770612636,13.292686827295391,13.479270348339917,24925722
1998-09-14,13.982483863830566,14.219954502385233,13.586699771005481,14.06729506739954,27737393
1998-09-21,12.619851112365723,13.965515401832533,12.156218056080053,13.705429702676753,35918316
1998-09-28,11.992254257202148,13.077833174322501,11.325075471530432,12.82340050133517,25589352
1998-10-05,11.551239013671875,12.427617480978686,11.161108943521093,11.556893032907478,22280476
1998-10-12,12.455883979797363,12.568965246148705,11.568197730390265,11.980943758279091,20545133
1998-10-19,12.817744255065918,13.258760384930493,12.44457633858151,12.5520045050291,16299818
1998-10-26,12.65943431854248,13.09479655015455,12.410655639250418,13.060872434150562,16196606
1998-11-02,13.8411283493042,13.965516736559275,12.63681437129075,12.817743848868663,26147380
1998-11-09,14.13514232635498,14.316071845316824,13.773282374133284,13.892017685241935,17085788
1998-11-16,14.293453216552734,14.395226452794814,13.801550917595407,14.146447837224331,19878653
1998-11-23,14.819281578063965,14.819281578063965,14.016405496098699,14.395227463949562,19792211
1998-11-30,13.513195037841797,15.051099076395356,13.405767769600516,14.836244539912796,26488554
1998-12-07,13.77327823638916,14.033364856054673,13.490575547934949,13.78458627078351,20100220
1998-12-14,13.360533714294434,13.954210157081194,13.196566283162028,13.705431544322726,21314399
1998-12-21,13.733701705932617,13.773279830894724,13.41141994549052,13.541463270378136,7363991
1998-12-28,13.790244102478027,13.95421154997751,13.558426605747563,13.790244102478027,3228028
1999-01-04,12.778167724609375,14.225606514556793,12.778167724609375,14.095563175058025,33340183
1999-01-11,12.942132949829102,13.360532988822904,12.161873046990204,13.17394949653438,35696207
1999-01-18,12.01486873626709,13.388805170751775,11.98659864620108,12.998674270649351,31227190
1999-01-25,13.965517044067383,14.135139404473021,11.636047111778307,12.037484198990938,38427675
1999-02-01,14.14645004272461,14.406536734615452,13.852439238230088,14.12948798642277,20804918
1999-02-08,12.755552291870117,14.123833977483834,12.74424425432769,14.135142015026263,26138648
1999-02-15,13.0043306350708,13.38880758653229,12.710319816739343,12.721627854806089,18117536
1999-02-22,12.829052925109863,13.371841363205814,12.749895763595019,12.976057384227213,26782658
1999-03-01,12.65943431854248,12.885596920498552,12.478504785556472,12.834709832194491,19175313
1999-03-08,12.472848892211914,13.060870471791409,12.46154085524292,12.693357441703197,22920148
1999-03-15,12.817744255065918,13.089138937182247,12.484155377351103,12.625506736190948,20907892
1999-03-22,13.032597541809082,13.049559593569462,12.337148848144762,12.817743057582108,26425698
1999-03-29,13.281375885009766,13.337916974693355,13.004327197023771,13.043906234091622,13224123
1999-04-05,12.976058006286621,13.360533968379901,12.789474500318315,13.28137680307034,20069936
1999-04-12,13.654546737670898,14.22560625148853,12.942134935696538,13.004329137903323,31603533
1999-04-19,13.53581428527832,14.304765518566507,13.518852226562197,14.050332809228419,23014457
1999-04-26,14.304763793945312,14.361304897147095,13.490579587942939,13.56973676670623,15809311
1999-05-03,13.965517044067383,14.389572030783658,13.745009438416568,14.304760850580838,16880296
1999-05-10,14.089902877807617,14.480032722453679,13.852432378580007,13.971166713896276,13111093
1999-05-17,14.5874662399292,14.734471642080349,13.598006556216236,13.937250424925187,23515072
1999-05-24,15.098675727844238,15.098675727844238,14.566790444554902,14.755523544341214,15513122
1999-05-31,14.841312408447266,15.230217861867319,14.652579301195942,15.138710424347499,17791774
1999-06-07,14.572511672973633,15.098677874244986,14.452408437915482,14.875628877018213,228933914
1999-06-14,15.516178131103516,15.527618295952513,14.366620981077594,14.526758318514823,20333468
1999-06-21,14.972855567932129,15.73350816124654,14.709772465778784,15.516178320395882,17606968
1999-06-28,14.366618156433105,14.978571597899524,14.212199082118095,14.909940795444935,21969433
1999-07-05,14.412376403808594,14.72121280982517,13.90336760234424,14.366623136200678,19749329
1999-07-12,14.355180740356445,14.57251056340563,13.86904960434003,14.469564809075418,15760936
1999-07-19,14.435249328613281,14.469564270502323,13.897644873026305,14.35518020604085,18014359
1999-07-26,13.56592845916748,14.526754051206273,13.428667792423534,14.526754051206273,16880448
1999-08-02,13.382916450500488,13.645999509618543,13.331444039954855,13.451547256059296,13015342
1999-08-09,13.846171379089355,14.012028779343806,13.331444482069104,13.382916894321731,9915043
1999-08-16,14.069220542907715,14.132131269863498,13.78326084344603,14.000590658955954,9444799
1999-08-23,14.240799903869629,14.269394769643313,13.714632732576275,14.012031729364956,12576908
1999-08-30,13.320006370544434,14.240797121979364,12.96541586181337,14.23507796497554,30852274
1999-09-06,13.611684799194336,13.748945487799373,13.15414855395667,13.43438908799065,18991693
1999-09-13,13.668877601623535,14.14357136019396,13.560212687326452,13.811858384793807,19615375
1999-09-20,13.159866333007812,13.800416454379336,13.074078989630744,13.726067423452543,20271986
1999-09-27,13.245657920837402,13.422952733081447,12.959698188250966,13.268534551471285,21459392
1999-10-04,13.525897026062012,13.657438562745186,13.154149044160636,13.2685331097327,9624060
1999-10-11,12.525035858154297,13.708908554334787,12.502159234047417,13.697470242281346,17352033
1999-10-18,13.686034202575684,13.771821551423042,12.353461468834006,12.507879621590522,24629312
1999-10-25,13.869047164916992,13.914800414424505,13.291407765728597,13.611683286774813,21499272
1999-11-01,13.657437324523926,14.183603423552938,13.525895799766673,13.86904796537174,17618720
1999-11-08,13.457266807556152,13.726069031286825,13.154148717623771,13.668876537504858,17652308
1999-11-15,12.976853370666504,13.583087631578103,12.816715146245311,13.554490925539966,20418928
1999-11-22,13.136990547180176,13.354320347278922,12.902504202141424,12.902504202141424,17662941
1999-11-29,13.1255521774292,13.42295016851215,13.079798924902981,13.262813784670389,15084876
1999-12-06,12.639422416687012,13.325725900510882,12.59366823454451,13.268533404040596,26670765
1999-12-13,12.58222770690918,12.908222382400231,12.42780956581603,12.748085085149231,30334551
1999-12-20,12.948256492614746,13.02832560376165,12.565070255038862,12.696612696505632,14734494
1999-12-27,13.382916450500488,13.42866970431883,12.953976921459653,13.091237607745972,11360523
2000-01-03,13.554494857788086,14.120695189268435,12.582231540874258,13.440111699777093,32977100
2000-01-10,13.520180702209473,13.84617457129597,13.171310200180981,13.886209603775999,25513134
2000-01-17,12.696615219116211,13.726070007243802,12.610826934759165,13.726070007243802,25185846
2000-01-24,12.788122177124023,13.228500079042592,12.525039082506403,12.696615657139752,31473140
2000-01-31,12.502159118652344,12.839592095607857,12.044622941413083,12.810995390907024,26030416
2000-02-07,11.895922660827637,12.730924890728442,11.895922660827637,12.582225926830427,16172154
2000-02-14,12.244795799255371,12.63942035364632,11.83873293240363,12.130411749816242,17096436
2000-02-21,12.181886672973633,12.542196364431241,11.964557766481768,12.010311025778707,29523148
2000-02-28,11.632845878601074,12.296271899991552,11.466988448421962,12.296271899991552,27187302
2000-03-06,10.357461929321289,11.890206065993464,10.323146989839316,11.890206065993464,31782013
2000-03-13,12.239080429077148,12.97113727717924,10.380342056408333,10.46612942640184,36760139
2000-03-20,12.67945671081543,13.148430379923433,12.19904472720465,12.525038540196558,31477837
2000-03-27,13.211341857910156,13.268533429659502,12.753806509421286,12.873908810094914,22837300
2000-04-03,13.783255577087402,14.092092711362682,12.913938496862357,13.25137048036057,28730888
2000-04-10,14.532475471496582,14.583947882734048,13.354320846357252,13.611684752207198,25957302
2000-04-17,13.811857223510742,14.406652311386459,13.497300821747588,13.497300821747588,13977538
2000-04-24,13.754667282104492,14.40093675128563,13.726071492501674,13.811859786141618,17468404
2000-05-01,14.612545013427734,14.772682343533647,13.75466586475444,13.75466586475444,15043385
2000-05-08,15.316006660461426,15.956556933784874,14.297990137073553,14.297990137073553,31271346
2000-05-15,15.36747932434082,15.5562115162003,14.583949221269172,15.070081293566128,19767913
2000-05-22,15.384636878967285,15.985152101071437,14.972854774567793,15.213061233342012,35551012
2000-05-29,14.487687110900879,15.75101429960038,14.325425169693121,15.646701779900459,19958245
2000-06-05,15.148326873779297,16.06394915931045,14.48768805698348,14.71949138076135,13956815
2000-06-12,15.47284984588623,15.99440588733519,15.148325961815562,15.148325961815562,8045996
2000-06-19,15.507622718811035,16.22621197788634,15.194688852893057,15.35695082273565,7860238
2000-06-26,16.110305786132812,16.41164947626485,15.183093638948463,15.264225064953878,9486214
2000-07-03,16.515966415405273,17.559080596686556,15.890098656317893,16.203032535861585,12095398
2000-07-10,16.921621322631836,17.419998222297284,16.260981522771832,16.27257159605692,6450350
2000-07-17,16.434837341308594,17.304098610779203,16.226214111858628,17.25773830961335,5332367
2000-07-24,18.196537017822266,18.312439625749196,16.365294179769343,16.469604840120585,11977837
2000-07-31,17.61703109741211,19.06580163725412,17.51272042819939,18.138588191882675,15761782
2000-08-07,18.254484176635742,18.277666193509774,17.385223203862896,17.431585363407965,7905142
2000-08-14,18.022689819335938,18.973081664249165,17.814066579261027,18.300853514701238,9151348
2000-08-21,17.918373107910156,18.53265073563218,17.62861940384109,18.13858637281144,10000596
2000-08-28,17.999502182006836,18.34720618806069,17.605436017503244,17.73292867338486,11165137
2000-09-04,18.312435150146484,18.358795432305364,17.141830528823316,17.82564843907252,10969518
2000-09-11,18.416746139526367,18.833992435394006,17.987911647098805,17.987911647098805,20089852
2000-09-18,18.660144805908203,18.752865398376663,17.443179532945894,18.04586713239777,12408511
2000-09-25,18.034276962280273,18.8919480606555,17.964734644095905,18.532652018347115,8012903
2000-10-02,18.022689819335938,18.42834434940029,16.63187134250943,17.559083035659192,15212594
2000-10-09,18.17336082458496,18.544245127387516,17.26932928226413,17.872016977144686,10963215
2000-10-16,18.254484176635742,18.463107334878064,17.477945648750037,18.09222317793849,9746127
2000-10-23,18.96148681640625,19.98142073413093,17.906782679786854,17.976323117576285,12511521
2000-10-30,19.239652633666992,19.911882564825838,18.486292182510923,18.660145170994163,10045891
2000-11-06,19.93505859375,20.050959312651905,19.042615561392978,19.239648657729305,8157114
2000-11-13,19.123754501342773,19.935065434675163,19.01944194433203,19.56417925850944,6908039
2000-11-20,17.825654983520508,19.552587373175815,16.029182145096048,19.007850109410334,30626913
2000-11-27,17.860422134399414,18.497879886827025,17.2229643819718,18.196536119813796,16483815
2000-12-04,16.643457412719727,18.324029256320898,16.643457412719727,17.860422584222892,8170127
2000-12-11,17.269329071044922,17.96473736456972,16.96798522729035,17.15342831352536,8681021
2000-12-18,18.32402992248535,19.39032230835025,17.269325735930746,17.269325735930746,11020417
2000-12-25,18.613779067993164,18.891942638281726,18.289255215023655,18.324025427034364,3462154
2001-01-01,16.782533645629883,18.926711567974955,16.214616472859895,18.61377780687749,14215225
2001-01-08,16.550735473632812,17.477948846952376,16.28416190993394,16.805718963875357,12293286
2001-01-15,15.855325698852539,17.165013236701512,15.785785265215376,16.45801320544758,12951582
2001-01-22,17.674978256225586,17.790880852929895,15.646702493033208,16.434833028650555,15270588
2001-01-29,16.226215362548828,17.929967806938116,16.226215362548828,17.674984256668584,14320641
2001-02-05,16.956390380859375,17.199783777375455,16.19143997383786,16.21462011882004,9024879
2001-02-12,17.014339447021484,17.535896417790386,16.631865209752377,16.631865209752377,7608268
2001-02-19,17.22296714782715,17.709754032023408,16.77095048761583,16.77095048761583,8081474
2001-02-26,17.14183235168457,17.69815767095358,17.014339687987224,17.431586020192817,16864492
2001-03-05,16.678226470947266,17.095470947426506,16.504373512462408,16.96798015228659,11721900
2001-03-12,15.704658508300781,16.63187112651066,15.310593122134035,16.492788343532418,12513228
2001-03-19,15.866921424865723,16.284166049565474,15.496036168674722,15.98282218889237,11048259
2001-03-26,16.666635513305664,16.79412630167308,15.658291781223873,15.913275232161762,13634356
2001-04-02,15.461264610290527,16.79413171593005,15.26423239128181,16.666640886460886,13298484
2001-04-09,16.411659240722656,16.49278977789699,15.391724990858375,15.646708553324444,7502646
2001-04-16,16.34210968017578,16.967977223985184,16.05235417463876,16.411650101887307,9684624
2001-04-23,16.886850357055664,16.99116101201512,15.99440725670073,16.121899931409963,9606704
2001-04-30,16.782533645629883,17.211369979780002,16.342109115797538,16.86366600902757,8870541
2001-05-07,17.118648529052734,17.304091532059154,16.736174326692545,16.921617329698964,8326443
2001-05-14,17.130239486694336,17.304092428153528,16.817305691430164,16.817305691430164,8956224
2001-05-21,17.06070327758789,17.24614633604326,16.608688516770354,16.921622389398934,6596071
2001-05-28,17.756113052368164,18.103817141389133,16.608688246656584,17.03752285246832,16757253
2001-06-04,17.837100982666016,18.27129445751355,17.61413681713933,17.977921154751854,11765743
2001-06-11,17.661075592041016,18.01312312505048,17.44984631318912,17.837098409737976,10559350
2001-06-18,18.764162063598633,18.764162063598633,17.661079784653936,17.67281464195284,15563014
2001-06-25,19.02232551574707,19.02232551574707,17.860565595028543,18.658541282012415,16994885
2001-07-02,18.29475975036621,19.10447032581035,18.16567446567,19.057529014711047,8626074
2001-07-09,18.177410125732422,18.42384395507493,17.977917609572415,18.294760562265516,8875233
2001-07-16,17.907506942749023,18.32996548643808,17.49678515079928,18.189145339336566,9092837
2001-07-23,17.56719207763672,18.071794537059684,17.13300063176283,17.661072796497074,13263323
2001-07-30,17.156475067138672,17.719751945136068,17.10953564357485,17.56719692093788,9604610
2001-08-06,16.74574851989746,17.191676764534293,16.67533939630705,17.156472202739085,10066399
2001-08-13,16.76922035217285,17.309027496649136,16.72228093049938,16.95697993648242,7061344
2001-08-20,17.87230110168457,17.919240514821585,16.757482449219122,16.769217302503375,9918236
2001-08-27,17.56719207763672,18.1069990950266,17.391169287802132,17.907504702265495,15051910
2001-09-03,17.402904510498047,18.130469185848458,17.179940407684747,17.56719245117027,14116353
2001-09-10,16.335023880004883,17.473312102920683,15.372759384111381,17.250348019566893,17117868
2001-09-17,16.54625701904297,17.30902636667275,15.49011250987488,16.335027737686236,20443103
2001-09-24,16.780956268310547,16.95698100832822,16.018186822670845,16.663607706709303,19588445
2001-10-01,16.71054458618164,17.015652697489937,16.135532926683442,16.769218858045637,11207371
2001-10-08,15.677868843078613,17.168205603113613,15.255411290880618,16.440639028099586,29156657
2001-10-15,15.736540794372559,15.889094799752115,15.325818180256073,15.525311587657818,17945511
2001-10-22,15.478373527526855,16.135529008039097,15.267144302499686,15.736542158645605,17918416
2001-10-29,14.797750473022461,15.65440050521808,14.656931276650473,15.65440050521808,13606659
2001-11-05,15.314088821411133,15.724810634005774,14.844690837632479,14.844690837632479,12117327
2001-11-12,15.454911231994629,15.90083865001951,14.973778293719587,15.43144056889186,11917155
2001-11-19,15.149795532226562,15.724807078410375,14.985506654575126,15.583987904879491,13973247
2001-11-26,15.149795532226562,15.525313644578112,14.774278368682586,15.302349557817722,22380874
2001-12-03,14.903365135192871,15.630930826331959,14.903365135192871,15.032449477841002,13600444
2001-12-10,14.973773956298828,15.220207782626092,14.703870422475198,14.962039102550646,8826586
2001-12-17,15.724812507629395,15.853896873668248,14.809488038053416,14.973776972427984,11181251
2001-12-24,16.07685661315918,16.170735436219548,15.478375320918767,15.513579879566405,3730837
2001-12-31,15.842159271240234,16.358496645886028,15.73654558454174,16.07685825040791,5930441
2002-01-07,15.49011516571045,15.959511329897142,15.372765650259803,15.889103138719467,10846057
2002-01-14,15.39622974395752,15.666133246336722,15.16153079872145,15.431434301100651,14056019
2002-01-21,15.466643333435059,15.630932253035025,15.243679189744366,15.290618609970695,13134086
2002-01-28,15.666131973266602,15.818685990630836,15.267144178311094,15.490108253047488,17265404
2002-02-04,15.173274040222168,15.724815219005764,14.692141061442348,15.619201495788007,14037426
2002-02-11,15.677868843078613,15.724808254831398,15.091122400938227,15.255411290880618,11338404
2002-02-18,15.454911231994629,15.60746532371872,15.196742477136018,15.60746532371872,13422477
2002-02-25,15.713075637817383,15.760016005057286,15.384497811176947,15.51358216067307,13059157
2002-03-04,15.548786163330078,15.830424561373851,15.431436672677215,15.713075070720988,18530100
2002-03-11,15.877361297607422,16.18246935251018,15.490109277281082,15.490109277281082,18910228
2002-03-18,15.78348445892334,16.135531966779503,15.701339534392794,15.97124211771841,11925701
2002-03-25,15.818686485290527,15.959504706823271,15.771747078112947,15.795216781701738,9548033
2002-04-01,15.795221328735352,16.05339004014721,15.713076393719643,15.818691039080463,7177502
2002-04-08,16.464111328125,16.851365331333287,15.724810732493358,15.771751100449894,16162736
2002-04-15,17.121267318725586,17.344229539232455,16.45237496435874,16.4875795254914,17520450
2002-04-22,17.027381896972656,17.215141402196966,16.557985980334216,17.121262598392256,24606149
2002-04-29,17.215147018432617,17.520255127950684,16.74574905104382,17.050857160561886,13070157
2002-05-06,16.98044776916504,17.355966896249182,16.851364373840507,17.22688160330917,9501050
2002-05-13,17.461580276489258,17.590663669545474,16.80442466206309,16.8630989316341,13033829
2002-05-20,17.39117431640625,17.578932013186034,17.16821015386447,17.578932013186034,13085520
2002-05-27,17.35597038269043,17.6493436922486,17.144741068476105,17.379440095645815,25554889
2002-06-03,16.97136116027832,17.816358925820367,16.804743021020375,17.566429792403103,12889516
2002-06-10,16.42389678955078,17.090375082789556,16.0787573102028,16.98326150331588,16813841
2002-06-17,16.50720977783203,16.888053188276036,16.304885813909994,16.471505888527638,15951256
2002-06-24,16.566707611083984,16.62621406219165,15.793117973095892,16.447694708868646,24669053
2002-07-01,16.642749786376953,16.86958824381831,16.320401212366328,16.475605151791385,9930699
2002-07-08,15.580193519592285,16.83377253043183,15.56825378931484,16.726321714997795,13941807
2002-07-15,14.446000099182129,15.842845055977284,14.374367519497541,15.532435280088265,16755588
2002-07-22,13.729677200317383,14.52958058192969,13.061102219269305,14.338559296672399,25020211
2002-07-29,14.219161987304688,14.792226459994998,13.76548610730728,13.89681346274002,20874404
2002-08-05,15.150397300720215,15.257846201283801,13.455080841623158,14.386310438276698,17431066
2002-08-12,15.47274398803711,15.759276284111872,14.887739665364302,15.186210726667618,10154508
2002-08-19,15.639888763427734,15.938359845664177,15.317540149059544,15.341417681191292,11091573
2002-08-26,15.186211585998535,15.85478730310342,15.031007629244918,15.556316224910743,11350802
2002-09-02,15.2459077835083,15.317541350818454,14.708660372509096,15.198152715498116,11233157
2002-09-09,14.911616325378418,15.592130686102967,14.911616325378418,15.114576274572597,8911753
2002-09-16,14.816106796264648,15.32947755264825,14.589269295879463,14.995190201925498,12840164
2002-09-23,14.744476318359375,14.95937606388767,14.099779012364317,14.744476318359373,16723201
2002-09-30,14.517637252807617,15.019069296418877,14.266921231001986,14.422127122820568,15772024
2002-10-07,14.27885913848877,14.62508524605271,13.884877006737097,14.338552962105073,13169437
2002-10-14,15.162335395812988,15.508561546215468,14.18334981031296,14.254982407515621,18032585
2002-10-21,15.353354454040527,15.627947968496702,15.078760939584352,15.174272021006619,14741721
2002-10-28,15.77121639251709,15.79509392500776,15.007130526341578,15.520500370775427,15043236
2002-11-04,15.43692684173584,16.021930166878683,15.341415759875591,15.854785532299577,11686445
2002-11-11,15.639888763427734,15.854787517908262,15.23396782130363,15.317540149059544,11716979
2002-11-18,15.914484024047852,16.105505266927914,15.627951677080306,15.878667722000634,11763803
2002-11-25,15.72346019744873,16.165197412661737,15.556315551437544,15.962236470488756,30583315
2002-12-02,15.377237319946289,15.962240845439707,15.102643710188765,15.55631981513315,12678135
2002-12-09,15.126517295837402,15.616010544179339,15.102639764756287,15.520499454560113,13675201
2002-12-16,15.174277305603027,15.389176107025477,14.816111349505599,15.042949884896805,12123708
2002-12-23,15.066825866699219,15.341419448435532,15.054887099258067,15.210092041287952,3549507
2002-12-30,15.556314468383789,15.759275396426327,14.923556085733393,15.066822225700905,7461433
2003-01-06,15.269784927368164,15.795094523237962,15.07876369491317,15.747339456447927,11705177
2003-01-13,14.923555374145508,15.424986357475131,14.875800318198294,15.341415009567509,11180779
2003-01-20,14.123655319213867,15.054884831094466,14.087838056991718,14.875802381162776,14904619
2003-01-27,13.992331504821777,14.12365892571834,13.538654433381831,13.99233150482178,16140646
2003-02-03,13.5147705078125,14.14752881052481,13.431198201183253,14.14752881052481,14869027
2003-02-10,13.610284805297852,13.705794932331488,13.073036479554503,13.538651244727838,13840115
2003-02-17,13.180487632751465,13.717735045984849,12.941710361117819,13.586407643115832,13369866
2003-02-24,13.108854293823242,13.371509104143206,12.679055776561906,13.073037992041854,34087910
2003-03-03,12.750682830810547,13.598340664985407,12.750682830810549,13.216297411960367,13445635
2003-03-10,13.311816215515137,13.371510056067082,12.440280351686972,12.88201766765625,15827970
2003-03-17,14.063961029052734,14.254982251463492,12.834259436215563,12.834259436215563,16137413
2003-03-24,13.968448638916016,14.195287103780013,13.335690234760728,13.968448638916016,13021892
2003-03-31,14.851921081542969,14.863859844156242,13.646097369951612,13.837119502353035,22716886
2003-04-07,15.317540168762207,15.46080632703177,14.625086909576842,15.007130320060615,24514408
2003-04-14,14.995189666748047,15.520498204093467,14.768351209164003,15.233965923616083,16492331
2003-04-21,14.720596313476562,15.329477174894008,14.720596313476562,14.99518983240888,11368214
2003-04-28,14.804169654846191,15.341418000159818,14.625087194839924,14.792230888532096,15131074
2003-05-05,14.645805358886719,15.32700595122657,14.353862388387165,15.181034465976794,24300145
2003-05-12,14.24438762664795,14.803944289517743,14.134907759369337,14.694466389284916,19857288
2003-05-19,14.41468334197998,14.597148435060237,13.879455221709554,14.195726607215413,16341924
2003-05-26,14.220057487487793,14.512000506764897,14.049757556829954,14.353864786616702,11610452
2003-06-02,14.475508689880371,14.657972841316464,14.183565654173464,14.305208749638492,13901772
2003-06-09,14.499938011169434,14.68271009481535,14.353720147216158,14.439013326498982,11761443
2003-06-16,15.291951179504395,15.340691124752464,14.402459247215557,14.487753412512632,21671928
2003-06-23,14.707079887390137,15.231027654858456,14.573047745666628,15.182288694231726,17712551
2003-06-30,14.548677444458008,14.841113181886138,14.463384262398078,14.658341092289245,13033103
2003-07-07,14.463384628295898,14.950777207945357,14.365905718292895,14.633971981914069,12228877
2003-07-14,14.378090858459473,14.694896093294709,14.085655105506515,14.499939253053673,14244058
2003-07-21,14.524308204650879,14.877668634591085,14.146578293718125,14.499938723658333,16670980
2003-07-28,14.609601974487305,14.877669231712598,14.499939305619495,14.731451354706044,12406708
2003-08-04,14.86548137664795,14.938589807244782,14.414643099086346,14.609598914011231,11073341
2003-08-11,15.206661224365234,15.29195442256826,14.86548646118725,14.950779659390276,8171234
2003-08-18,15.291951179504395,15.389430084817805,14.962961228697889,15.316321644719794,9828937
2003-08-25,15.218842506408691,15.462539273369899,15.084809383098298,15.218842506408691,8699805
2003-09-01,15.657499313354492,15.718423025022904,15.279769345461574,15.340694042312906,11522607
2003-09-08,16.12052345275879,16.69321031781698,15.56002133077137,15.69405448973284,25356269
2003-09-15,16.21799659729004,16.473877095682575,16.157071918486007,16.291105029635727,11751180
2003-09-22,15.949934959411621,16.29110971211914,15.79153232528435,16.218001258760204,15076466
2003-09-29,15.864639282226562,16.14489029736723,15.633128216577415,15.937748713872432,17231139
2003-10-06,15.96212100982666,16.242372074369936,15.681869945283385,15.840272592392672,11015940
2003-10-13,16.352031707763672,16.522619055943547,15.937747584936696,16.120519673330648,11566854
2003-10-20,15.91337776184082,16.449509275263914,15.864637816851284,16.33984661569859,10322950
2003-10-27,15.815900802612305,16.10833656779214,15.64531343712121,16.096151826341554,11422498
2003-11-03,15.925559997558594,15.96211421166569,15.694048004515174,15.840265846126131,10928544
2003-11-10,15.742789268493652,15.840268172276636,15.608757130418287,15.779344473151468,8294261
2003-11-17,15.608758926391602,15.730606338661929,15.352877390258257,15.608758926391602,10700081
2003-11-24,15.8402681350708,15.986485997810478,15.608757093756228,15.657496052941884,18061092
2003-12-01,15.48691177368164,15.99867390189781,15.438171819673261,15.949934933072338,13977282
2003-12-08,15.48691177368164,15.657499149753697,15.34069388202232,15.535650742507112,10858498
2003-12-15,15.657499313354492,15.706238282689222,15.46254245083265,15.633129828687126,11581478
2003-12-22,15.633124351501465,15.706232779889458,15.535645461801565,15.572199675995561,3652732
2003-12-29,15.828086853027344,15.864641080402103,15.54783580612166,15.645314730970615,5574654
2004-01-05,15.96212100982666,16.254556817595038,15.779348876267173,15.803718362717373,12937213
2004-01-12,16.157073974609375,16.16925871488427,15.852453497371576,15.93774766447857,11338531
2004-01-19,16.693208694458008,16.875979822745702,16.035227706707897,16.108337143205855,14218955
2004-01-26,16.57135772705078,16.83942596374129,16.31547718663406,16.80286977119944,12973550
2004-02-02,16.802871704101562,16.839427900848623,16.40077324354194,16.766317477720307,8457001
2004-02-09,16.49825096130371,17.058752013779543,16.278923648662136,16.6566535825747,16606988
2004-02-16,16.900348663330078,16.924718143333152,16.461694082543783,16.546989232920012,12473500
2004-02-23,17.095308303833008,17.24152718672302,16.632286110474084,16.912537163177863,17711991
2004-03-01,16.888168334960938,17.326821059969365,16.827242648672403,17.168419398570702,12217301
2004-03-08,16.437326431274414,16.949089509006104,16.303293291162916,16.936904767648954,11447445
2004-03-15,16.352031707763672,16.473879109904477,16.10833493311657,16.364216447977753,14084165
2004-03-22,16.327661514282227,16.48606412488808,15.864638422881825,16.23018359094494,12901318
2004-03-29,16.559173583984375,16.74194467971457,16.157073232647118,16.400769997319458,12138497
2004-04-05,16.559173583984375,16.949087225240877,16.449508956180846,16.68102098113784,11544009
2004-04-12,17.022199630737305,17.180603254319866,16.498252745317902,16.55917744327649,16826262
2004-04-19,17.509593963623047,17.594887164869856,16.88816812809298,17.15623444523461,16525386
2004-04-26,17.034381866455078,17.558329659951482,16.88816497731129,17.509590696903555,12901915
2004-05-03,17.204971313476562,17.473035627472168,16.93690502911525,16.93690502911525,21777315
2004-05-10,17.485151290893555,17.572764202354556,16.997020188799908,17.435086770058696,26624526
2004-05-17,17.309925079345703,17.522699288116847,17.17224562618711,17.322441209273418,9326763
2004-05-24,17.67289161682129,17.910700065610268,17.334952123095533,17.460115423278168,9695213
2004-05-31,17.998319625854492,18.023351890372723,17.56025094887723,17.622833634126923,10808231
2004-06-07,18.010854721069336,18.136190372528493,17.92311773827478,17.985787590777505,7479809
2004-06-14,18.198854446411133,18.27405784855596,17.772711292529856,17.94818319517081,10909956
2004-06-21,18.223918914794922,18.399390791855033,18.09858330744658,18.274055184506693,15009509
2004-06-28,17.82284927368164,18.34926306502735,17.722580752196038,18.24899454354175,10634674
2004-07-05,17.421772003173828,17.89804947535179,17.12096443193453,17.772713831824174,11601048
2004-07-12,17.246295928955078,17.421767814478255,17.120960315561756,17.296430174312405,8809572
2004-07-19,17.17109489440918,17.496969522333348,16.995624018864344,17.221229140740196,15093123
2004-07-26,17.17109489440918,17.296430510236718,16.820153143319505,17.221229140740196,9358949
2004-08-02,16.594547271728516,17.22122941436871,16.594547271728516,16.995624288908214,8116049
2004-08-09,16.143335342407227,16.64468083318953,16.043065838896265,16.594546588127177,11189750
2004-08-16,16.343873977661133,16.64468148661669,15.967865098159836,16.09320172912237,13073363
2004-08-23,16.795085906982422,16.795085906982422,16.368942763555,16.494278386100515,9166534
2004-08-30,16.61961555480957,16.820154584083774,16.318808024284632,16.79508644538472,6798959
2004-09-06,16.419076919555664,16.84522107395523,16.318807408700962,16.694817314366343,7932344
2004-09-13,16.16840171813965,16.519344457525275,15.942795599007013,16.444142080018995,12805433
2004-09-20,16.01799964904785,16.343874287700416,15.742260271763131,15.992932525057087,23317312
2004-09-27,16.06813621520996,16.168404719315202,15.767328676121434,15.967866697718318,13358718
2004-10-04,15.967865943908691,16.343874843325555,15.792395056621732,16.168403956038595,11919340
2004-10-11,16.44414520263672,16.64468322509042,15.59185784716867,16.043068144342904,22853934
2004-10-18,16.469209671020508,16.79508428493905,16.318805925105313,16.519344928583067,12320106
2004-10-25,16.44414520263672,16.64468322509042,16.118270536129547,16.29374143244984,10529330
2004-11-01,16.84522247314453,16.99562624522618,16.419078283348792,16.444145409797997,10750744
2004-11-08,17.02069091796875,17.120959403341004,16.71988242169334,16.845219041794877,6975077
2004-11-15,17.02069091796875,17.296429252742456,16.920420405824068,17.09589228199794,8921901
2004-11-22,16.995622634887695,17.045755863750006,16.719882275748454,16.92042025812872,6171187
2004-11-29,16.970556259155273,17.271362739244786,16.744950132355328,16.945488123543754,9240343
2004-12-06,16.84522247314453,16.920423852492146,16.544414928981237,16.870289599593736,8848296
2004-12-13,16.36894416809082,17.221231541462448,16.318808901384422,16.895356868109786,13098246
2004-12-20,16.94548797607422,16.97055611146758,16.318805872351177,16.318805872351177,7755703
2004-12-27,17.04576301574707,17.04576301574707,16.870293094254254,16.920427357537918,3940693
2005-01-03,17.522037506103516,17.522037506103516,16.99562485361395,17.045758089021,9385232
2005-01-10,17.49696922302246,17.84791096810877,17.34656648660227,17.522036345759158,11739859
2005-01-17,17.196157455444336,17.697503839292732,17.070821872868255,17.522031996914183,11855209
2005-01-24,17.572172164916992,17.772711191542484,17.070827638512338,17.19616326342032,13998493
2005-01-31,18.073516845703125,18.173785335241835,17.622306616006416,17.69750798316045,12528074
2005-02-07,18.173784255981445,18.274054766338047,17.59723642182746,18.12365001418934,14189287
2005-02-14,18.54979705810547,18.6751326756609,17.948182040294185,18.248989549199827,12295269
2005-02-21,18.800466537475586,18.800466537475586,18.374323450811225,18.62499668928478,11648927
2005-02-28,19.02607536315918,19.176480138362546,18.65006646530982,18.800469213740485,10460780
2005-03-07,18.800466537475586,19.17647740857213,18.700198052795127,19.026072654779032,12926900
2005-03-14,18.975940704345703,19.05114207693884,18.70020031139821,18.70020031139821,9436709
2005-03-21,18.975940704345703,19.001007828543415,18.449527042648427,18.900739331752565,10237396
2005-03-28,19.151411056518555,19.32688091175619,18.775400170321497,18.97593917450843,8668964
2005-04-04,18.850603103637695,19.126341440854066,18.62499698277913,19.126341440854066,14767012
2005-04-11,18.875669479370117,19.17647695303828,18.70019760857521,18.85060235879547,13733589
2005-04-18,18.424457550048828,18.675130786575412,18.248987703220898,18.599929423649154,16047109
2005-04-25,18.148719787597656,18.39939305996753,17.84791226610834,18.37432593540781,12750575
2005-05-02,18.800466537475586,18.800466537475586,18.04844884882732,18.274054966130766,8470193
2005-05-09,18.825538635253906,18.850607789823567,18.52473107492041,18.67513586847363,13910617
2005-05-16,18.943666458129883,19.352154527230976,18.816012517378855,19.045787959348086,9801860
2005-05-23,19.173437118530273,19.454273271307322,18.76494910732183,19.0202548884126,8112446
2005-05-30,19.12237548828125,19.326620516526784,19.020254006272424,19.224499034517958,8456094
2005-06-06,19.174304962158203,19.482738827710765,19.122899664258984,19.277115557956638,8254569
2005-06-13,19.071491241455078,19.32851976699375,19.045788596716903,19.200004465145955,9912112
2005-06-20,18.608840942382812,19.071492740345096,18.557435648866353,19.02008744682864,11780756
2005-06-27,18.711650848388672,18.89156934916584,18.45462234055023,18.506027626486564,11285540
2005-07-04,20.896390914916992,21.050606779125484,18.506028394430505,18.660244258638997,36847842
2005-07-11,20.433740615844727,20.973500335186575,19.945388266376824,20.947797689328105,24425267
2005-07-18,22.746992111206055,24.751810670037322,20.356629763390018,20.690766189861897,75524532
2005-07-25,20.973506927490234,21.924511357640256,20.690775656023185,20.870694233583706,29631841
2005-08-01,21.487558364868164,21.538965742001576,20.922097997973644,21.076313894901975,11780523
2005-08-08,21.79599380493164,21.924507049364227,21.333341968659823,21.564667886795732,8585953
2005-08-15,22.618480682373047,22.746995993353448,21.41044798120542,21.693179171573824,13667782
2005-08-22,21.821693420410156,22.61847958144639,21.641772825057835,22.54137164550552,10242788
2005-08-29,22.489965438842773,22.72129131540024,21.43614871127924,21.667474587836708,12965674
2005-09-05,23.852218627929688,23.903623926657744,22.489969899007022,22.567077847099107,16761783
2005-09-12,23.800811767578125,24.391976820477723,23.08113347629042,23.72370382454526,15415354
2005-09-19,23.749408721923828,24.289168530597795,23.081135662688126,23.672300771586787,16575439
2005-09-26,23.055431365966797,24.263464147599286,22.926916046426225,23.929325563688117,13928205
2005-10-03,22.54137420654297,23.492378425666214,22.412860965373824,23.183944568703073,13719784
2005-10-10,22.23293685913086,23.106832996355728,22.130126282336242,22.51566802347293,9723944
2005-10-17,21.461849212646484,22.541366294003478,21.35903657764358,22.20722990609609,16003799
2005-10-24,21.281932830810547,21.667474572699057,20.922093733170815,21.48755398480075,12140104
2005-10-31,21.718887329101562,22.02732124429684,21.513266104409777,21.53896875749625,11082910
2005-11-07,21.975908279418945,22.0530162118059,21.461853318682397,21.693177115843255,8574321
2005-11-14,21.641773223876953,22.001612343055825,21.43614997942174,22.001612343055825,8433180
2005-11-21,21.770286560058594,21.92450242082075,21.51325804729818,21.795989203518953,6952733
2005-11-28,22.464265823364258,22.926915560699964,21.693180156928538,21.873100769210687,15507102
2005-12-05,23.004018783569336,23.158236716474477,22.38715328641896,22.59277442608351,12934134
2005-12-12,23.158241271972656,23.158241271972656,22.644184165376753,23.00402330873103,10602746
2005-12-19,22.978321075439453,23.15824168943853,22.567076629643648,23.02972844955146,8895437
2005-12-26,22.695585250854492,23.08112904836978,22.618477322614137,22.965465077852492,3489807
2006-01-02,22.695585250854492,23.004019041972672,22.31004353149596,22.79839789999839,9416220
2006-01-09,22.387155532836914,22.824102576625847,22.258640229494095,22.6184793381715,8910442
2006-01-16,22.207233428955078,22.695585729602204,22.027312847775523,22.258638715533007,13003116
2006-01-23,23.209646224975586,23.33816153880929,21.89880290844592,22.00161349698719,15539561
2006-01-30,23.106828689575195,23.903614667537777,22.84980021733819,23.106828689575195,12996506
2006-02-06,22.875511169433594,23.389568300709822,22.567077306299304,23.23535033006406,9640424
2006-02-13,24.16065216064453,24.16065216064453,23.029729369967814,23.132539965986442,17198187
2006-02-20,24.98314094543457,25.111654179049342,24.057839428936994,24.16065001582881,13648771
2006-02-27,24.649005889892578,25.137358284117575,24.546193218879,24.931737098404817,13063991
2006-03-06,25.80562973022461,26.011252981634172,24.44338114479857,24.777517629490937,17843863
2006-03-13,25.44579315185547,26.114068266445408,25.291577256443595,25.908444994405635,11118964
2006-03-20,25.471494674682617,25.677115842695937,24.75181435216494,25.677115842695937,10481369
2006-03-27,25.985553741455078,26.16547436979409,25.31728068446562,25.47149866277868,11437730
2006-04-03,25.342979431152344,26.268280924043243,25.342979431152344,26.139767693707153,10052957
2006-04-10,25.06024932861328,25.39438582007556,24.82892342586029,25.214467289834317,7578748
2006-04-17,25.934146881103516,26.293986037974868,24.983142652887366,25.06025059832611,9742918
2006-04-24,25.420089721679688,25.88274155001655,25.265873831005546,25.7028209327395,8692423
2006-05-01,25.702823638916016,25.728526290067865,25.2401738400253,25.420092398088244,6660702
2006-05-08,25.058879852294922,26.18365087171511,24.980405783329665,26.157493553699684,11803356
2006-05-15,24.012582778930664,25.24198539559916,23.72485011663042,24.954252733298915,20642162
2006-05-22,25.582033157348633,25.7389792099912,23.43711998561552,24.012583205519903,20149304
2006-05-29,24.98513412475586,25.751062282869874,24.58896232599256,25.724651114344823,13348640
2006-06-05,24.324857711791992,25.117197268758098,24.00792146191667,24.932319035340054,14059346
2006-06-12,23.90226936340332,24.43049704213888,23.347632649719294,24.219205543555873,15501782
2006-06-19,25.22283935546875,25.35489735821857,23.87586096717443,24.11356366376877,13317889
2006-06-26,26.25288200378418,26.279293175576864,24.905901565137054,25.434129271878827,13135207
2006-07-03,26.358531951904297,26.543412326797753,25.698248254411816,26.120829222882556,9663510
2006-07-10,25.48695182800293,26.411349254787684,25.381307139951204,26.252882222710095,7330995
2006-07-17,26.384939193725586,26.51699505935052,25.090783168824665,25.56618642051857,11119671
2006-07-24,27.441394805908203,27.467808116672728,26.43776373740732,26.464174912727525,8778253
2006-07-31,28.180908203125,28.233730542672554,26.49058266038389,27.44138904312762,14246421
2006-08-07,27.282930374145508,28.075269980733967,26.992405282277865,27.679100177439736,8561238
2006-08-14,28.048856735229492,28.233737102041918,27.3885730665977,27.599864609319845,12276658
2006-08-21,28.048856735229492,28.075267911139218,27.441395418417144,28.048856735229496,6695994
2006-08-28,28.418611526489258,28.550667378424837,27.784739166310644,27.969617359020454,6066318
2006-09-04,28.101682662963867,28.629908343679126,27.837568754884003,28.49785245736143,5768598
2006-09-11,28.81478500366211,29.13172122539309,27.83756516461193,28.022443381612554,13900461
2006-09-18,29.18453598022461,29.6335279544284,28.682719536605397,28.946833341907947,8670126
2006-09-25,29.23736572265625,29.47506842120443,28.682726804525227,29.184543375299807,10412442
2006-10-02,29.65993881225586,29.84481911467365,28.682719237632952,29.369413842995687,8789625
2006-10-09,29.422243118286133,30.02970432275211,29.290185127716505,29.50147663136153,7371494
2006-10-16,30.610759735107422,31.05975185687541,28.999665206809457,29.47507063968789,14205254
2006-10-23,30.637163162231445,30.82204349346616,30.39946262478618,30.689987639329903,8247198
2006-10-30,30.346643447875977,30.663579666299107,30.029707229452843,30.452288142202292,7274512
2006-11-06,31.350276947021484,31.508744001131163,30.320232553531195,30.505112918770166,6941264
2006-11-13,30.954103469848633,31.904912086989604,30.6899896091799,31.244628503039827,8220605
2006-11-20,30.92769432067871,31.984147697024863,30.637167133036545,30.927694320678707,9159169
2006-11-27,29.924062728881836,31.693624309250108,29.87124037760714,30.901282633796683,16720128
2006-12-04,30.74281120300293,30.954102713463676,30.108938807064725,30.240994666450167,10079133
2006-12-11,31.37668800354004,31.720035421584676,30.47870162732931,30.980518234326123,14643757
2006-12-18,30.47870445251465,31.561569158192633,30.478704452514652,31.24463502179916,7897773
2006-12-25,30.320234298706055,30.874873290902578,30.267411944295805,30.47870349738126,4270623
2007-01-01,30.610759735107422,30.927695978544925,30.32023253189167,30.32023253189167,5708535
2007-01-08,30.716398239135742,30.927689737269773,29.897645552379785,30.584340252010502,9862665
2007-01-15,30.26740837097168,30.874869645862496,29.712771579699197,30.742813775427198,9356136
2007-01-22,30.610759735107422,31.006929505543216,29.871240410123683,30.4258793700004,11135003
2007-01-29,31.37668800354004,31.693624246000038,30.505112802913953,30.68999316745076,13919475
2007-02-05,31.08615493774414,31.56155811138381,30.954099093800842,31.323857592285872,7583044
2007-02-12,32.67084503173828,33.5688314322128,30.557935979765553,30.980519071426734,16412962
2007-02-19,32.9877815246582,33.88576793171757,32.64443409481851,32.67084527131045,11719730
2007-02-26,31.24462890625,33.3311243751153,30.66357883236919,33.119832856764795,19401345
2007-03-05,31.799264907836914,31.852087252294442,30.42587541016499,30.557931271308806,14645645
2007-03-12,31.11256980895996,32.06337840483027,30.39946389591824,31.904911373240573,14558578
2007-03-19,32.116207122802734,32.43314338432857,31.112575983878347,31.297456359536945,9918067
2007-03-26,32.30107879638672,32.618014972528336,31.37668143802001,32.195431980710254,9021360
2007-04-02,32.64442443847656,32.85571592335573,32.08978562532111,32.48595529095625,6502329
2007-04-09,32.22184371948242,32.75006923040516,31.852083085759578,32.64442455530937,8998321
2007-04-16,32.45954895019531,32.538784603462595,31.42950681216164,32.45954895019531,15043920
2007-04-23,31.66720199584961,33.040591187730314,31.482321695968626,32.85571302329293,16635001
2007-04-30,32.32749557495117,32.56519828215746,31.614389588776547,31.614389588776547,10632420
2007-05-07,31.71869659423828,32.90042694547545,31.12783359013575,32.87356963490334,14185671
2007-05-14,31.396400451660156,31.745547591174397,30.93982409122327,31.18154200981486,14663985
2007-05-21,30.966684341430664,31.82612470509277,30.966684341430668,31.369546129718973,12470954
2007-05-28,32.174163818359375,32.282676286051085,31.14328660164097,31.441700274616746,13418246
2007-06-04,30.383703231811523,32.49971228308023,30.166676043795853,32.49971228308023,17718523
2007-06-11,32.39118957519531,32.5539604742726,29.94964363633079,30.492208181960773,21725229
2007-06-18,31.25180435180664,32.49970662725648,30.92626472314199,32.391191955426926,12192554
2007-06-25,32.553958892822266,32.66247135799443,30.763490057011175,31.14328587852548,19412616
2007-07-02,33.36781311035156,34.45294674196153,32.879504730856794,33.09653189586122,20780788
2007-07-09,30.92626190185547,33.69334739636822,30.70923477140694,33.53057869359067,39017701
2007-07-16,30.492210388183594,31.577343944780615,30.220929192446334,31.197548077336457,22107225
2007-07-23,29.352821350097656,31.034775648458133,29.244308877110495,30.437952660204957,18415105
2007-07-30,28.430458068847656,29.678360251972883,28.213433128068893,29.352820647392903,22525763
2007-08-06,29.678359985351562,30.926262157266017,27.833634844833508,28.213432874608024,32573229
2007-08-13,29.13579559326172,30.11241667013632,28.10492047073097,30.003901998588034,21560625
2007-08-20,30.0039005279541,30.05815676436289,28.918769219542654,29.352821304224857,10482976
2007-08-27,30.32943344116211,30.54646053227585,29.244302372416215,30.003893901197202,9699374
2007-09-03,29.624103546142578,30.54646611003433,29.461332649732594,30.492207682289802,9494560
2007-09-10,30.492210388183594,30.7092375381854,29.244310307556212,29.732618653295276,12549074
2007-09-17,30.65498161315918,31.306060876424198,30.16667106900441,30.546469133752353,14679804
2007-09-24,29.94964599609375,31.306060757159766,29.56985012620471,30.980521126767442,16226539
2007-10-01,30.275184631347656,30.437953344487646,29.51559291653718,29.786874105103823,12578512
2007-10-08,28.918766021728516,30.383693016422914,28.64748267627098,30.329436786013737,15428843
2007-10-15,31.19754981994629,31.36031854648046,28.864516052404998,28.918772294583054,22994882
2007-10-22,32.553958892822266,33.042267179508734,30.70923382442509,30.817746289597256,19392098
2007-10-29,32.49970626831055,32.7167312227487,31.46882896108143,32.66247498413916,12398355
2007-11-05,31.143285751342773,32.93375457984196,30.872004589520223,32.28267540464439,15125497
2007-11-12,32.8795051574707,33.15078856889312,30.926267227323926,30.926267227323926,13685439
2007-11-19,32.8795051574707,33.09653232529107,32.01139867960141,32.825248913868656,12259545
2007-11-26,32.716732025146484,33.096530091551976,32.1199111923922,32.879502938379126,11569070
2007-12-03,33.20503616333008,33.259292392799594,32.228417452643896,32.55395702287262,12001099
2007-12-10,31.848621368408203,33.09652340870476,31.360310920721904,32.879496299354,15385250
2007-12-17,33.63909912109375,33.63909912109375,31.197552647879906,31.46883388336075,20377952
2007-12-24,33.74760818481445,33.96463313703292,33.4220685630748,33.58483727723865,4084720
2007-12-31,32.543113708496094,33.83441928610232,32.42917472301177,33.476327211790526,7268417
2008-01-07,31.609891891479492,34.724218224323415,31.37116098017747,32.44544350080197,23280559
2008-01-14,31.794370651245117,32.39119146695332,30.92626425676014,31.365742858500486,17127634
2008-01-21,28.929624557495117,31.441706682502495,27.96928288115082,31.344042809581712,33484734
2008-01-28,29.857412338256836,30.112420643668738,28.43046385013897,28.51727472146807,17380753
2008-02-04,28.609508514404297,30.21550285277114,27.86076758465851,29.96049677268465,16578065
2008-02-11,28.587804794311523,30.758069732664712,27.18255809867252,28.32194790416685,27335290
2008-02-18,28.397903442382812,28.929619372647345,27.790229660231805,28.929619372647345,15268080
2008-02-25,28.20258140563965,29.173775955963016,27.99640726386488,28.647486502559413,12128394
2008-03-03,28.137474060058594,28.58237915224942,27.708846277673914,27.806507943098843,13603529
2008-03-10,30.19379425048828,30.80689224641743,27.70884107303973,28.08321254802591,23300829
2008-03-17,30.2589111328125,30.432532870094377,29.21175859412603,29.450487386182505,17005778
2008-03-24,30.399978637695312,31.148719647605432,30.258911522689235,30.258911522689235,9835425
2008-03-31,30.909988403320312,31.457979507668117,30.031031158415157,30.248058315617683,12182429
2008-04-07,30.014755249023438,31.577346467024572,29.92794438208869,31.061907767129068,12019253
2008-04-14,31.577342987060547,31.82692255693404,29.363672704417304,29.434206251852153,16016704
2008-04-21,31.19754981994629,31.604473829693834,30.486787783224653,31.550217587515778,10143877
2008-04-28,31.230100631713867,31.44170347470819,30.541042443598926,31.21924982252267,8189686
2008-05-05,30.468990325927734,31.990780681455313,30.09269315572895,31.819233771088363,8733798
2008-05-12,30.59073829650879,30.955968475193327,30.27531314828538,30.44686008022719,7642620
2008-05-19,29.495046615600586,31.14411127577254,29.450776228196148,30.872956551121,9586633
2008-05-26,31.138582229614258,31.459542013588077,29.329035262706498,29.495049792635495,9575484
2008-06-02,30.380451202392578,31.365464568309115,30.109296466022606,30.972565702035308,10422920
2008-06-09,29.16301918029785,30.43025423769548,28.637309180477747,30.16463191917398,12853392
2008-06-16,26.307594299316406,28.82546321581875,26.124978081870672,28.676050353748852,25486603
2008-06-23,24.730464935302734,26.440401853098248,23.983402901446755,26.12497670501564,20540989
2008-06-30,23.96126937866211,24.857742050352424,22.79917434605566,24.641924721028555,23348884
2008-07-07,22.976253509521484,24.902009831325774,22.96518647159137,24.105145069299134,20122618
2008-07-14,24.232421875,24.83560565021339,22.428409661190805,23.252943146018342,20360274
2008-07-21,26.72262954711914,26.811170344175665,23.939138027061535,24.28223193781439,19628388
2008-07-28,26.26331901550293,27.51395240209985,25.48858836938788,26.58427652161017,18458841
2008-08-04,27.342405319213867,27.414344417264616,25.964493181841142,26.534473566163793,11849492
2008-08-11,26.94951057434082,27.83491619716313,26.451469212402873,27.44754969915749,11410752
2008-08-18,26.46806526184082,27.231726582272735,25.925755859331485,26.949504844402142,8938668
2008-08-25,26.335256576538086,26.617480577950694,25.68780467276235,26.468067739725136,8020764
2008-09-01,25.820615768432617,27.209594985196667,25.28384095394351,26.0419677064989,13844446
2008-09-08,27.33687973022461,27.511194014403845,25.903631932024226,26.457008587895842,15651641
2008-09-15,28.709251403808594,30.222739951313688,26.304824867937796,26.87203576018738,30606093
2008-09-22,26.504037857055664,29.21835685991312,26.423796802225866,29.21835685991312,14978758
2008-09-29,27.115520477294922,28.576438843033255,25.870421656572567,26.44593447762562,23309046
2008-10-06,23.200376510620117,26.434871550363415,21.360393351271405,26.105609781202293,32213570
2008-10-13,23.737152099609375,25.917461687054114,22.07147884045573,23.632009636457315,29399930
2008-10-20,23.070331573486328,25.42218814115112,21.753291269200073,24.625323287634654,25685211
2008-10-27,24.03874397277832,25.660140200277773,21.919306360308905,22.20706280953728,26417173
2008-11-03,24.298831939697266,25.272776165850257,22.749372572401306,23.795258148678396,19665101
2008-11-10,24.099611282348633,25.012683245790466,23.219738193666018,25.012683245790466,15192088
2008-11-17,22.826845169067383,24.95734973384697,22.522487054510115,23.670745485291537,15882859
2008-11-24,25.054187774658203,25.29767379491769,22.88218034943552,23.31657557054106,13414524
2008-12-01,23.228031158447266,25.117823227743617,22.837906387258418,24.448235098955394,13549841
2008-12-08,23.731613159179688,25.045890602416602,22.91538379353167,24.819006234553875,15374356
2008-12-15,24.32096290588379,24.32096290588379,22.99285568594309,23.795255102977915,13479777
2008-12-22,23.767587661743164,24.243490462681347,23.269546309034737,23.90593123909482,3146987
2008-12-29,24.675125122070312,24.67512512207031,23.424489452179763,23.867191096931947,3697860
2009-01-05,24.589353561401367,25.350250007556834,24.243492353920306,24.84667621474321,10865935
2009-01-12,23.38021469116211,24.902004805877073,22.860039405090877,24.611474425473244,12472824
2009-01-19,22.80470848083496,23.83952694824991,22.1351201923383,23.67351241706114,11295807
2009-01-26,22.273468017578125,23.468764248927762,22.15725850639681,22.594427832947613,13089346
2009-02-02,21.83629608154297,22.53908770312923,21.227579880204825,22.254096360595035,14383801
2009-02-09,21.327190399169922,22.813005944636288,20.480522695434345,21.731156371892087,21106620
2009-02-16,20.272998809814453,21.34102287774419,20.20659881324919,21.22204829409358,15750671
2009-02-23,20.945358276367188,20.945358276367188,19.882871115109936,20.378145142384366,15530662
2009-03-02,19.18008041381836,20.75167361538647,19.09153963667071,20.555225304110852,15834947
2009-03-09,19.985244750976562,20.225965686270808,18.765047347749793,19.335025520627298,13291264
2009-03-16,18.980865478515625,20.580127451836855,18.305744824456028,20.19553053432611,17178386
2009-03-23,20.358779907226562,21.11137214647422,18.767817483808305,19.25755690985234,14023997
2009-03-30,20.8402156829834,21.454466523559905,19.705791659416608,19.866271548293682,10765254
2009-04-06,20.5579891204834,21.238644271364816,20.12635458326507,20.86787955058445,8460642
2009-04-13,20.35324478149414,21.19438002754089,19.761130221218824,20.557995073414624,13215348
2009-04-20,20.386449813842773,20.510959048414175,19.620020934167176,20.059955352683346,11034799
2009-04-27,20.645017623901367,22.08191174114362,20.53646422915978,20.699293166424244,12118435
2009-05-04,21.993356704711914,22.561830619259823,20.62216413223115,20.73928650392362,13087891
2009-05-11,22.15332794189453,23.315984964350246,21.836241342821797,21.973361058210592,12845499
2009-05-18,22.356149673461914,22.90462617864464,21.93907868487459,21.93907868487459,9341215
2009-05-25,20.070831298828125,22.776081263919767,20.025124723881188,22.458992333293406,29649922
2009-06-01,20.228853225708008,20.88579088898444,19.550724099412857,20.88579088898444,33028154
2009-06-08,20.716257095336914,21.327779139730634,19.805019658049524,20.440765794184166,44349815
2009-06-15,21.445852279663086,21.488237514046638,20.477096415814064,20.634520687249637,19240541
2009-06-22,21.600244522094727,21.966555337162227,20.670843744111373,21.373192192199486,21479674
2009-06-29,21.669879913330078,21.84243963142884,21.131009295747848,21.457962970774368,13375988
2009-07-06,21.297513961791992,21.794001675451526,21.106790783517933,21.49429316396475,10338688
2009-07-13,22.093711853027344,22.18453142159471,20.90395725819402,21.230910938611366,12089945
2009-07-20,22.2692928314209,23.09879237889395,21.533643155341217,22.329841508077244,15858358
2009-07-27,22.793033599853516,22.89899092331656,21.857576521973655,22.402503199349926,11963828
2009-08-03,22.35708999633789,22.8838462386585,22.014998583849465,22.735510620208526,11135488
2009-08-10,22.1633358001709,22.69918062395002,21.97866637612226,22.281402833946796,11543384
2009-08-17,22.523597717285156,22.572034359802927,21.53970401997502,22.136095338357507,10778586
2009-08-24,23.080631256103516,23.483271375366996,22.326817980494006,22.63863622138204,10718756
2009-08-31,22.717342376708984,23.380335908961992,22.526619254005492,23.0624617280938,11530018
2009-09-07,24.279462814331055,24.4822979949443,23.298597344938685,23.607389823068782,15015038
2009-09-14,25.003000259399414,25.42381071266636,24.02213932621687,24.052407893011768,19178385
2009-09-21,24.61247444152832,25.32390464092344,24.521652582160506,25.066579118975735,10488828
2009-09-28,24.170480728149414,25.25427793798447,23.940402654207173,24.594312284421374,13302716
2009-10-05,24.794118881225586,25.003000868398832,23.94040207565998,24.0887423083767,8053652
2009-10-12,24.59431266784668,25.12712955574365,24.370288304064623,24.854666243199958,9768852
2009-10-19,24.975759506225586,26.126159049784693,24.69724249999836,24.71540594962743,12831319
2009-10-26,24.797147750854492,25.7265487107381,24.666970963848815,25.269415950365218,11757076
2009-11-02,25.054471969604492,25.281524331762146,24.385424619610145,24.703296540813216,9348233
2009-11-09,25.781036376953125,25.92029486239435,24.966674613053343,25.230053838035246,7042308
2009-11-16,25.003000259399414,26.701356723448185,24.212864787617534,26.005064202362743,19125291
2009-11-23,24.388450622558594,25.236113708957536,23.82536057268,25.127128389000642,14289936
2009-11-30,24.94548797607422,25.12712941350975,24.09177114140065,24.50954667847199,12379325
2009-12-07,25.105939865112305,25.27547157835151,24.400563214433458,25.006036258512186,16363602
2009-12-14,25.257299423217773,25.71140404980587,25.066576311541176,25.302710347815697,15616122
2009-12-21,25.641775131225586,25.78103592391539,25.233081405745715,25.233081405745715,7502147
2009-12-28,25.932405471801758,26.04744449156034,25.726544592968207,25.79314467196792,4385947
2010-01-04,25.823421478271484,26.23514325688039,25.678106958299423,25.86882548103093,13245981
2010-01-11,25.796173095703125,26.307798444595083,25.67205234999136,26.017171724481834,9724964
2010-01-18,25.862781524658203,26.47733630326912,25.817370583790673,25.91424617978309,8923108
2010-01-25,25.09382438659668,25.729570475506613,24.76686846326157,25.729570475506613,12854881
2010-02-01,24.29157257080078,25.72351702324404,24.27946283540322,24.957594159491357,13732685
2010-02-08,25.26941680908203,25.638755720100157,24.303686604996564,24.439919420043854,17244329
2010-02-15,26.483388900756836,26.53788156080824,25.187674796167446,25.529768504705302,14890665
2010-02-22,26.005067825317383,26.574211657891308,25.56307277826055,26.49549951508228,10575918
2010-03-01,26.752822875976562,26.792177785866375,26.03533660547467,26.071665813624026,11392054
2010-03-08,26.619613647460938,26.934459803133176,26.57420272227536,26.931431792201977,8718662
2010-03-15,26.386512756347656,26.74979560916993,26.286609163427915,26.483388337746664,11059223
2010-03-22,26.377424240112305,26.668046315538906,25.944511054043865,26.34715105913671,9902136
2010-03-29,27.524799346923828,27.59745776283388,26.3865118806847,26.556043565082874,11149983
2010-04-05,27.860841751098633,27.924416143557327,27.28866990927401,27.52480402689098,8847451
2010-04-12,27.582321166992188,28.38457330934929,27.25839322238111,28.081836826172726,17266197
2010-04-19,27.06464195251465,27.624703982270788,26.701356788300025,27.37343214788582,13503019
2010-04-26,26.87088966369629,27.54901870826171,25.765901088733415,27.222062767067396,14594148
2010-05-03,24.992876052856445,27.675130298861998,24.644368957107698,27.451090192595686,22380946
2010-05-10,26.0601806640625,27.258170583966507,25.67122274370336,25.826805911847014,18314460
2010-05-17,25.123567581176758,26.408685980102184,24.597698123723294,25.630770193444405,18055339
2010-05-24,26.109966278076172,26.31222248088249,24.485677755900593,25.1266795964486,15564180
2010-05-31,26.660730361938477,27.475986974045917,25.61832366593789,26.113076974644528,13690695
2010-06-07,26.934553146362305,27.239497153356684,25.92637503733766,26.212647452713362,12221073
2010-06-14,27.379520416259766,27.7560313316057,26.9936748923201,27.202155730947876,15355827
2010-06-21,27.53199577331543,28.425041551321158,27.454204196889258,27.81826820480122,12112989
2010-06-28,27.5817813873291,28.21033865975836,27.034128019808772,27.57244677791856,16028160
2010-07-05,28.313018798828125,28.751764387672843,27.335956881753123,27.743586317788566,12189667
2010-07-12,28.064088821411133,29.094048495083147,27.883611801090897,28.409483597744185,12214465
2010-07-19,28.717540740966797,28.848230029168867,27.469763099010056,27.874280275647717,8774864
2010-07-26,26.785200119018555,28.898019931542144,26.576719233181706,28.761105977136637,15910480
2010-08-02,26.40868377685547,27.59111424952011,26.153527515079542,26.803863918943534,12657682
2010-08-09,26.65139389038086,27.027904825964875,26.3651214660706,26.76030161984558,9223923
2010-08-16,25.674327850341797,26.844306488391645,25.515632398748707,26.78207893626278,9531341
2010-08-23,26.505149841308594,26.56427220761106,25.515640751356525,25.68989314802378,12129308
2010-08-30,26.95322608947754,27.12125617840879,26.044618678144424,26.53314493212317,9171522
2010-09-06,27.712467193603516,27.864940374899763,26.710511426274977,27.018567742274158,8497779
2010-09-13,26.91277503967285,27.868055571518934,26.747857265701057,27.84938635152535,11856791
2010-09-20,27.133703231811523,27.796489039095988,26.775863848811053,27.227054081122514,8606051
2010-09-27,27.236391067504883,27.647130567089143,26.897220875171243,27.211492440960132,8941157
2010-10-04,27.043466567993164,27.69380305066915,26.87232413886229,27.164821245372995,9429423
2010-10-11,27.301733016967773,27.703137865894885,26.483366427084075,27.071470598439667,10498757
2010-10-18,28.353473663330078,28.627299148366347,26.760301377820717,27.16481851104311,13694590
2010-10-25,28.300569534301758,28.78288300113514,27.871165639219843,28.565067538838854,10049906
2010-11-01,28.87622833251953,29.10337836071969,28.238336584047232,28.474823593716334,8563410
2010-11-08,28.705101013183594,29.840858872247317,28.465503924630386,28.845124946570223,10880206
2010-11-15,29.237186431884766,29.28697418140007,28.378366744830238,28.415707556966716,9286012
2010-11-22,28.487274169921875,29.545232885326246,28.253899457576292,29.380319883131033,8495153
2010-11-29,28.866893768310547,29.274528010628565,27.930289600651264,28.649083041524843,12031648
2010-12-06,29.246522903442383,29.439446884081157,28.76421651286151,28.817114219581416,6831798
2010-12-13,29.374095916748047,29.747494485473787,29.243406655095058,29.339867437646994,8341095
2010-12-20,29.968429565429688,30.058668089271453,29.37410308814117,29.504792381700643,4871541
2010-12-27,29.262081146240234,30.18313317260548,29.24963420850428,30.052443887393864,4061812
2011-01-03,28.733095169067383,29.91552806552723,28.661528249098303,29.60436176372311,8553614
2011-01-10,28.163663864135742,29.09405048221296,27.78092825173021,28.602407134248317,13461865
2011-01-17,27.886722564697266,28.431263548769948,27.46975851955055,28.1667703144407,13575502
2011-01-24,27.348407745361328,28.13565815714853,27.2830631028742,27.886726524913357,10676916
2011-01-31,27.986299514770508,28.372145085941554,27.245722155542616,27.382636095704534,11214090
2011-02-07,27.124364852905273,28.20722458361053,26.78519473728849,27.992519084433795,13069705
2011-02-14,28.524612426757812,28.61485093318362,27.199045778183606,27.267500365876334,15944009
2011-02-21,28.18233299255371,28.621078635263007,27.575559629243592,28.505946244322633,8512682
2011-02-28,27.9240665435791,28.57440542532736,27.911619605161683,28.088979575069548,9710993
2011-03-07,27.5506649017334,28.00807974946273,27.469760997792235,27.924063517751772,9975985
2011-03-14,26.763418197631836,27.622230858922872,26.184648601697596,27.444870883933124,17711530
2011-03-21,28.163663864135742,28.418820147735904,27.003012463435745,27.16793023071248,11054119
2011-03-28,28.898019790649414,28.957139782845577,27.790265969880995,28.079650770456645,10661154
2011-04-04,29.15938949584961,29.318084950756766,28.74865013386236,28.838888632769955,7498948
2011-04-11,30.24225616455078,30.33560463850285,28.71131127920231,29.106498593053864,14056966
2011-04-18,30.444507598876953,30.628096937978597,29.660369620334652,30.13956597489229,10039979
2011-04-25,30.7774600982666,30.799241644465944,30.214247476808524,30.444509875774486,8384952
2011-05-02,31.048166275024414,31.116623225963124,30.242246872996745,30.93303628845472,10683407
2011-05-09,31.87744903564453,32.171426522767995,30.73988005492463,31.82632124419317,13292616
2011-05-16,32.350372314453125,32.58044252433153,31.45565781125742,31.787981176869838,10681195
2011-05-23,31.79436683654785,32.34397839202871,31.32144452851098,32.10751845696388,10718009
2011-05-30,32.184207916259766,32.804118968439504,31.650574401191253,31.653768059671492,7484902
2011-06-06,31.864673614501953,32.42067505192909,31.66975313600657,32.17782286860721,8128755
2011-06-13,33.69244384765625,33.76913309615192,31.698503883510963,31.813538975208086,12901988
2011-06-20,33.20035171508789,33.679663811731395,32.55487672637984,33.13644197279099,10536884
2011-06-27,32.9447135925293,33.83303817960003,32.54848299037764,33.08531257047963,10267132
2011-07-04,33.5390625,33.97363896597261,32.5932203205029,32.97027924133481,10652975
2011-07-11,32.43345642089844,33.61575878324592,32.024443764473524,33.2323100273245,9054872
2011-07-18,32.74659729003906,32.74659729003906,31.736845494874398,32.09473266997838,8370528
2011-07-25,31.82632064819336,32.89997986949304,31.05942085613541,32.51013899965233,8865387
2011-08-01,30.615264892578125,32.522927698529706,29.685400560586757,32.10752528511819,16714694
2011-08-08,29.611902236938477,30.80059668654803,27.544468899224903,30.35643431632078,25088194
2011-08-15,28.947246551513672,31.25753659626608,28.640492005850795,29.851554086065114,14430851
2011-08-22,29.228452682495117,30.42673295030546,28.52226647054778,28.63730157129017,10543622
2011-08-29,30.43631362915039,31.043442682562617,28.988791701734662,29.496861278734553,10139217
2011-09-05,28.752330780029297,30.20304631494869,28.5510181760299,29.889897167693768,13284457
2011-09-12,28.63730239868164,28.694819950714635,26.94692802616984,27.985437621610185,16802532
2011-09-19,27.908742904663086,28.694816843290898,26.790348076840726,28.167573079736048,11697542
2011-09-26,29.525625228881836,29.950615867074077,27.486949579340866,27.486949579340866,11890906
2011-10-03,29.135780334472656,29.397804143452365,28.35929475794997,29.222050550313565,10896898
2011-10-10,29.592731475830078,29.985766062177042,28.816245717884684,29.391421256328528,10287393
2011-10-17,30.481056213378906,30.528987914518048,28.90571689693537,29.599121201304506,12259495
2011-10-24,32.15864181518555,32.804116718376946,30.22861173585493,30.458681901827823,13425752
2011-10-31,31.155282974243164,32.50374791970632,30.57371778957358,32.03082562854636,12596767
2011-11-07,31.279903411865234,31.682526206489552,30.5417636533099,30.778223576162297,9173468
2011-11-14,30.372404098510742,31.356589532602236,29.91865356148108,31.267118351130904,9921172
2011-11-21,29.206083297729492,30.263764509957902,28.82582826656987,30.263764509957902,9005042
2011-11-28,30.96355628967285,31.62181066900918,29.263596460799796,29.397803238311813,9889730
2011-12-05,30.58650016784668,31.430089185239336,29.982567176711186,31.244754606502738,8526023
2011-12-12,29.391416549682617,30.794202981569423,29.33070290870614,30.40436211659729,9277067
2011-12-19,30.254175186157227,30.324474673386494,29.257205294182853,29.333896973654983,7850287
2011-12-26,31.040252685546875,31.104159993028674,30.222227447823837,30.254181101564733,3643470
2012-01-02,30.84532928466797,31.826321232126613,30.695144444720643,30.90923902395793,7131052
2012-01-09,30.065649032592773,31.605846040264105,29.87392952568317,30.94439289731432,9300342
2012-01-16,30.35323143005371,30.669579114302838,29.353067906051102,29.95380475207882,12160866
2012-01-23,29.995346069335938,30.570519011034538,29.886700747451822,30.465069785122374,9067390
2012-01-30,31.075397491455078,31.158478928287874,29.726932552146334,30.02410611667602,10341770
2012-02-06,30.97634506225586,31.430093279310096,30.75905680596253,31.174459176174125,6085011
2012-02-13,31.78797721862793,32.29285074087471,30.806985289927262,31.027467182016697,9962675
2012-02-20,32.401493072509766,32.52931009888773,31.794364025644693,31.90300691342641,6441764
2012-02-27,32.567657470703125,32.89359104959798,32.17781658978163,32.2608980327421,6501301
2012-03-05,33.41124725341797,33.61575354979195,32.32480846814645,32.54209427487487,8561374
2012-03-12,33.85221481323242,34.165364002586564,33.264257402223414,33.270649595096025,8805019
2012-03-19,32.70825958251953,33.71800919077926,32.46540742340591,33.71800919077926,7935172
2012-03-26,33.42403030395508,33.87138875624164,32.593223142798564,32.778557741845596,8694572
2012-04-02,32.99584197998047,33.87138463607249,32.83607129773484,33.36011894046792,6176963
2012-04-09,32.120296478271484,32.995841561157164,31.7815834163404,32.995841561157164,8197830
2012-04-16,33.507110595703125,35.028128305850956,31.906207537470532,31.9669211821453,19367134
2012-04-23,34.30596160888672,34.906698505625805,33.83303930956352,34.19092652088668,11867627
2012-04-30,34.459346771240234,35.12399353325004,33.96725511253914,34.30596824948883,7310386
2012-05-07,34.83979797363281,35.88899094325149,33.5348618725383,34.74143503833647,19879351
2012-05-14,33.67256546020508,34.8266801418674,33.56108980992222,34.446346155429794,12744172
2012-05-21,33.95452880859375,34.28240182529001,33.35780001826545,33.53485174745815,7086671
2012-05-28,33.15452575683594,34.623395710404345,32.95124355279587,34.16437291186184,9667663
2012-06-04,33.60698318481445,34.02010387364497,32.86598948930283,33.003698053228014,8916843
2012-06-11,34.1512565612793,34.55781842468327,33.68567494998324,33.86272668924128,10308707
2012-06-18,31.288923263549805,34.50535687818748,30.669243438738377,34.262731537093146,23713475
2012-06-25,32.14139938354492,32.14139938354492,30.45941129202392,31.10204226366403,11844767
2012-07-02,32.67583465576172,33.541419447830734,31.784019415091034,32.19713772393766,12016935
2012-07-09,32.67583465576172,33.06272251600667,32.13156410390675,32.65616056857384,7582601
2012-07-16,33.11517333984375,33.56763718395706,32.44631211280288,32.58074124488924,7140780
2012-07-23,32.3610725402832,32.78730855204909,30.57416522478578,32.7610781048539,15924549
2012-07-30,32.56435775756836,33.00370903345755,31.754510761396865,32.659441261316566,10680337
2012-08-06,32.16106414794922,33.05616375811785,32.08565974347411,32.50533688478242,7919267
2012-08-13,32.47254943847656,32.92501337852436,31.774180693766763,32.02664185923829,6104271
2012-08-20,33.44961166381836,33.652893880894176,32.525009646686584,32.57091167933706,7110766
2012-08-27,32.49222183227539,33.63322125499563,32.370910393227746,33.54797355350882,7197708
2012-09-03,32.656158447265625,33.521743183107205,32.27910390289777,32.49222190636422,8743404
2012-09-10,32.14139938354492,32.633209030343565,31.89221512875444,32.53156917047661,9924904
2012-09-17,32.79386520385742,32.852882459833275,32.07254540990647,32.21025150669241,11245634
2012-09-24,31.41680145263672,32.925017265662866,31.41680145263672,32.731573330531084,8734288
2012-10-01,31.449583053588867,32.19057686344571,30.908592008788396,31.56106119382872,10929322
2012-10-08,31.34794807434082,31.49548997243783,30.42662544079317,31.292210246301796,8826408
2012-10-15,30.800397872924805,31.980740458225593,30.302029391515156,31.344665883850016,12929334
2012-10-22,30.88563346862793,30.95120956498736,29.905293966673316,30.688910182494258,9596217
2012-10-29,31.60696029663086,31.656141750965336,30.64629222765841,30.705309472565247,6755967
2012-11-05,32.64303970336914,32.91845436314692,31.403679988051188,31.475812458504244,12224055
2012-11-12,31.695484161376953,32.74795625268834,31.449579397010577,32.73484103174542,10916399
2012-11-19,32.02336120605469,32.459432976701244,31.610242951048093,31.803686855959807,6642704
2012-11-26,31.98401641845703,32.170903953335944,31.71188119179059,31.967621765680384,7702641
2012-12-03,32.3807487487793,32.590587337148214,32.00041474393982,32.13156448703872,6563076
2012-12-10,32.852882385253906,33.81027370240805,32.19713620988777,32.24959710462417,8232750
2012-12-17,32.55451583862305,32.852879017059344,32.128279867745036,32.806976989607605,8924163
2012-12-24,32.36762619018555,32.721729665874754,32.34795460869372,32.55779314951561,2327058
2012-12-31,32.78730010986328,33.22009237125458,32.206965998566595,32.206965998566595,4536302
2013-01-07,32.5250129699707,32.77747667681731,32.31517437027851,32.72501577615755,6220841
2013-01-14,32.66271209716797,33.01681306788539,32.269262960910275,32.57090554767695,6892624
2013-01-21,33.98076248168945,34.2102726146131,32.72173117855485,32.72173117855485,5790916
2013-01-28,33.593875885009766,34.164374350732615,33.35125050327274,33.89551852192317,7449767
2013-02-04,33.43649673461914,33.81027183380241,32.56107373776812,33.6660068827236,10354460
2013-02-11,32.872554779052734,33.626661341014255,32.318448488925455,33.3381339392385,8802898
2013-02-18,35.07585906982422,35.08241543000423,32.56107094115226,32.741402114512425,11625066
2013-02-25,34.826683044433594,35.613579029063374,34.17093680748768,35.06275208996987,8660157
2013-03-04,36.5775260925293,36.5775260925293,34.695535000490956,34.82668475461499,8894797
2013-03-11,36.12504959106445,36.53161143711107,36.046360766355704,36.52505507733227,8974836
2013-03-18,35.70538330078125,36.38735999135536,35.23324520708019,35.57423355236725,9012760
2013-03-25,35.593902587890625,36.21030561081322,34.898813223622284,35.836530480581665,6284953
2013-04-01,35.52832794189453,36.328339075421816,35.08242034302422,35.59390155876887,6266258
2013-04-08,35.58734130859375,36.052920441352036,34.74142823540337,35.52176519741259,9707775
2013-04-15,38.505409240722656,38.505409240722656,35.17421807277331,35.47586065843001,19850106
2013-04-22,37.784088134765625,39.180827974694296,37.70539930619117,38.426718987981374,11833961
2013-04-29,38.69894027709961,39.801933628240796,38.221425300915655,38.99486450904417,7836824
2013-05-06,39.3580436706543,39.519455945589634,38.37611087372509,38.672035088174454,4951589
2013-05-13,39.08229446411133,40.05077578859665,38.887252284513025,39.41184601457569,7123303
2013-05-20,39.021766662597656,39.81538431525319,38.786370117649554,39.122648697059454,6040656
2013-05-27,38.160892486572266,40.35342759010306,37.99947764734704,39.53290707477838,7590457
2013-06-03,38.564430236816406,38.7796483371654,37.21259138364914,37.99948208199976,8832534
2013-06-10,38.107086181640625,38.84689798478026,37.622844235962724,38.28194990335665,7049684
2013-06-17,37.81788635253906,39.25043372903803,36.977189956922594,38.19451926139189,11583794
2013-06-24,38.77964782714844,38.994865924666954,36.74180034381904,37.75736058113442,9748781
2013-07-01,37.326927185058594,39.216813971558565,36.65436993848096,38.79310218784601,10195775
2013-07-08,38.33575439453125,38.96123269779542,37.36727310186497,37.46143068461842,7234375
2013-07-15,38.59804916381836,38.96123059103041,38.01292524148888,38.50389158615632,5285644
2013-07-22,38.645137786865234,39.55981602937602,38.530804289352496,38.67204069178666,6911466
2013-07-29,40.61572265625,40.65607700566567,39.42529628730575,39.68086870240156,8429780
2013-08-05,39.85573959350586,40.40051186347972,39.539639445784694,39.9768000979445,5711548
2013-08-12,39.862464904785156,40.34670690191714,39.257162408370185,39.78175876046385,4485844
2013-08-19,39.331146240234375,39.98352756997646,38.87380712163612,39.976800560984074,4361112
2013-08-26,37.89186477661133,39.41856960720185,37.55558624737821,39.3311364712328,5828774
2013-09-02,37.797706604003906,38.403006407735425,37.13860100495321,38.261770043424896,7269170
2013-09-09,37.69682693481445,38.08691130492604,36.93011221077648,37.447981513027116,7587824
2013-09-16,38.846900939941406,38.97468844399513,37.36055021267928,37.83134074394656,11564838
2013-09-23,37.28657150268555,38.99486746407957,37.08480484899699,38.88053396771019,7579266
2013-09-30,37.30674743652344,37.69682926514714,36.802329553674184,37.04445054793815,7553608
2013-10-07,35.67915725708008,37.07135038989629,35.5177449734619,37.0646259470797,8756193
2013-10-14,36.02887725830078,36.10285893668929,33.82961562308488,35.57826531262722,13252037
2013-10-21,37.192405700683594,37.31346617932204,35.63207349334537,35.98180347990072,8716638
2013-10-28,36.526580810546875,37.75063465417025,36.18357521725784,37.34709881298327,7229847
2013-11-04,36.1297721862793,36.587111269569064,35.64553020030143,36.31808737389202,6717713
2013-11-11,37.01081848144531,37.09825162774982,36.062513019533,36.1499461658375,6459208
2013-11-18,36.89649200439453,37.64975542356079,36.593840721728775,37.12516157734173,6563604
2013-11-25,35.96836471557617,37.12516411249141,35.77332247947255,37.11843710263816,6998223
2013-12-02,35.18819046020508,36.264280891623415,34.93261802064249,36.096141601364174,8016869
2013-12-09,34.34749221801758,35.35632790697193,34.28696197405624,34.90571586406119,7934275
2013-12-16,34.32732009887695,35.03350464565639,33.997765942058756,34.354223002617644,10911012
2013-12-23,34.92589569091797,34.9931503848498,34.091923631911875,34.52236239612277,2773638
2013-12-30,34.757755279541016,35.64553055219662,34.4685554867939,35.03350362081129,4176322
2014-01-06,34.48200225830078,34.94606572605916,34.011211782915964,34.589611289908596,8452887
2014-01-13,34.0919189453125,34.78465451247047,33.93050667582454,34.48200330017833,9033115
2014-01-20,34.17263412475586,35.85402721672294,33.93051310901624,33.99104336295114,9535366
2014-01-27,32.95866394042969,34.50218137223288,32.50468837611122,34.30041473982489,12055964
2014-02-03,33.35884094238281,33.533707276536376,32.619028941093845,33.217604525598965,10843441
2014-02-10,33.86997985839844,34.233161349875,33.31175616976573,33.31175616976573,7641498
2014-02-17,34.26678466796875,35.28234475743218,33.51688237457689,34.0044878101551,10334327
2014-02-24,34.421478271484375,34.81156011983349,34.0582967617233,34.085199665913485,7710728
2014-03-03,33.98430633544922,34.481999672819065,33.30166135184714,34.03811213001958,9534221
2014-03-10,33.21087646484375,34.13900358743875,32.9990192971366,33.91706103746245,7791144
2014-03-17,33.23777389526367,33.78254612306229,32.98220401954756,33.076361612243176,10333375
2014-03-24,35.07386016845703,35.497569371263644,33.103267301910805,33.20751285037243,12417393
2014-03-31,34.697227478027344,35.107487797401305,34.03812170278476,35.03350609186145,7150135
2014-04-07,35.43703842163086,35.98181068458433,34.482008416258026,34.50218431153707,9355215
2014-04-14,35.45048522949219,36.72834478553655,34.972970289362635,35.28907295720138,9748551
2014-04-21,35.02677536010742,35.450484490236484,34.7173971410649,35.450484490236484,6844659
2014-04-28,35.2083625793457,35.99525570750894,34.99987152376189,35.04022330711272,6150271
2014-05-05,36.16490936279297,36.65605685887839,34.947423110629515,36.19258016459582,8789833
2014-05-12,38.08106994628906,38.461534246147,36.19950022953415,36.234087413369785,11732707
2014-05-19,37.306304931640625,38.41311061730632,37.02268580976173,38.09490431253155,7509886
2014-05-26,37.79052734375,38.01880482529332,37.00884446935593,37.36163790040742,5653954
2014-06-02,37.48615646362305,38.12257165424221,37.05035324879073,37.74902377967222,6660081
2014-06-09,36.78056716918945,38.09490111973993,36.78056716918945,37.62450808304814,7204720
2014-06-16,37.36855697631836,37.60375347698984,36.337842201331824,36.63529667685258,11118954
2014-06-23,37.70060729980469,38.544548344337,36.93967866671802,37.285555797908884,8458252
2014-06-30,38.35777282714844,38.606804773758064,37.437738428710986,37.859708933929184,7621356
2014-07-07,37.755943298339844,38.35084965898791,37.22329227877759,38.226333699150885,6716373
2014-07-14,38.876590728759766,39.651354776810194,37.666020749191475,37.83895931770123,10547102
2014-07-21,38.08798599243164,39.734359036188636,37.94963462905865,38.95267871497187,9309182
2014-07-28,37.347801208496094,39.08410266120875,36.87740825739621,39.08410266120875,9205145
2014-08-04,36.75981521606445,37.7421074841241,36.45544433915595,37.541498146718816,9405131
2014-08-11,36.6007194519043,37.30630914578232,36.45545168403231,36.91892579262384,7302533
2014-08-18,36.46928024291992,37.23020876512476,36.358599682620444,36.93967328390089,5034711
2014-08-25,36.75981521606445,37.52766274701852,36.46927973885625,36.79440239589886,6406895
2014-09-01,38.01188659667969,38.36468001057336,36.766729800987676,36.87049132797647,8302245
2014-09-08,37.472320556640625,37.96346800233302,37.32013644000524,37.91504542356277,4774076
2014-09-15,37.09185791015625,37.70060231950957,36.60762946268958,37.354725234009486,9082078
2014-09-22,36.16490936279297,37.10569551342663,35.67376450554045,36.66988962094691,10152041
2014-09-29,35.97121810913086,36.89125245433108,35.1065253661229,36.14415665773245,10891193
2014-10-06,35.13419723510742,36.38627067618614,34.93358787931226,36.32401269124396,8690031
2014-10-13,35.21720504760742,37.0088484716971,34.47356877952172,34.82982175848463,18939583
2014-10-20,35.00275802612305,35.369389510514935,34.50123733592089,34.76064513543909,9522462
2014-10-27,37.50690841674805,37.672927924198405,34.96816947925784,35.42472708299506,10174751
2014-11-03,37.00885009765625,38.2332553614723,36.77365356157578,37.48615955080506,9473266
2014-11-10,37.583003997802734,37.845868673176234,36.960424211217834,37.0365175894485,7300709
2014-11-17,38.73823547363281,38.86966782258138,37.09877874692549,37.403149647095624,6922497
2014-11-24,39.257049560546875,39.29163674164424,38.302428057029566,38.83507909019384,6847339
2014-12-01,39.42999267578125,39.42999267578125,38.36469048595775,38.994186754701985,7474118
2014-12-08,37.244049072265625,39.40232160189427,37.19562648568152,39.20863125555786,9006277
2014-12-15,37.437740325927734,37.82512366682208,35.6253448787371,37.008853417717184,13446011
2014-12-22,37.576087951660156,37.97038763475045,37.32013963640553,37.340891417989376,2584602
2014-12-29,37.25788497924805,37.97039102479074,37.07802739335393,37.42390452440698,3199324
2015-01-05,36.81515884399414,37.72135514423234,36.144156435126064,36.93967480932704,9558890
2015-01-12,38.475364685058594,38.71748021834696,35.88820566863902,36.898166083843826,11902187
2015-01-19,41.5052490234375,41.67127118061762,38.094900850905105,38.516871304856615,12739531
2015-01-26,41.20779800415039,41.87188141123081,40.938014284951024,41.41532373900891,11866067
2015-02-02,40.737403869628906,41.436077080008346,40.52296175935692,41.325396515045526,8957748
2015-02-09,40.0663948059082,40.95875819705924,39.58216906388738,40.32926209359978,10165724
2015-02-16,41.5052490234375,41.55367160285823,39.305470614088705,39.8727088063024,12271469
2015-02-23,43.117042541503906,43.15162972533274,41.117870594668304,41.49833753328442,11655235
2015-03-02,43.179298400878906,43.31764977666703,42.14858606086501,42.944104492521994,9139777
2015-03-09,43.02019500732422,43.10320741564346,42.05865704104011,42.888762652401574,6688005
2015-03-16,43.40757751464844,43.70503204179171,42.868010064869,42.957936213943604,8880072
2015-03-23,43.52517318725586,43.753453340891596,42.2385125862619,43.33840187461391,7782616
2015-03-30,43.857215881347656,43.857215881347656,42.7849947958333,43.525171554184425,6679963
2015-04-06,44.9294319152832,44.9432699543868,43.85721610203894,43.85721610203894,6384378
2015-04-13,45.711116790771484,46.3475293601215,44.161586289884006,44.77724971740661,12753194
2015-04-20,46.33369064331055,46.61038805343393,45.33756307833898,45.628098525567424,10015180
2015-04-27,44.62506103515625,46.85942395116323,44.08549101171922,46.354446384614086,8010325
2015-05-04,45.2580680847168,46.45522329346914,43.23211561043028,45.711427549853674,9280861
2015-05-11,44.280517578125,45.208489748896895,43.38088375653698,45.208489748896895,8514070
2015-05-18,45.059730529785156,45.49183967711588,43.65714846774776,44.22384788136348,6413969
2015-05-25,44.29468536376953,45.71143528311976,44.29468536376953,45.236825357210726,7621337
2015-06-01,43.3312873840332,45.392660749178496,43.274618802364095,44.26634465281118,8747348
2015-06-08,42.98419189453125,44.22384804873555,42.38915683242375,43.39504795761911,9559610
2015-06-15,41.872039794921875,43.33129032546195,41.67369569226262,42.61583288212982,10404705
2015-06-22,42.97002029418945,43.62172659170443,42.18372374171091,42.80709439536964,9331329
2015-06-29,41.581607818603516,42.488326840021614,41.07157701793792,41.62410858383509,11203187
2015-07-06,43.16836929321289,43.33838047339865,40.61113794542912,40.83073245463386,9522322
2015-07-13,44.29468536376953,44.74096234499094,43.21087254018213,43.848411084784146,7795889
2015-07-20,43.805904388427734,44.86138418959947,43.23211974054079,44.21676042962016,6541144
2015-07-27,43.69964599609375,43.7138138181636,42.68666968710366,43.47296624744772,6935704
2015-08-03,44.30885314941406,44.97472734037141,43.63589639784986,43.69965025225565,6175911
2015-08-10,42.72917938232422,44.55678816222479,42.24040160972195,44.450530832328745,7044226
2015-08-17,40.094017028808594,43.246285777527426,40.094017028808594,43.03377385449558,6357166
2015-08-24,39.13771438598633,39.520237491870134,36.644234339751115,38.946452833044425,15172340
2015-08-31,37.91222381591797,39.26521972556118,37.82721958713668,38.932282668000546,8665302
2015-09-07,37.77054977416992,39.229803053428654,37.64304207490286,38.315998776093295,7120990
2015-09-14,38.698516845703125,39.42105948025618,37.45886092119488,37.820130887353685,9814290
2015-09-21,39.22980499267578,39.86025825786379,37.85555587758323,38.783528023180246,10348176
2015-09-28,39.75399398803711,40.49778700571361,38.02556040672609,39.05978699139001,9251649
2015-10-05,41.05032730102539,41.77995260651519,40.3844531444168,40.519046109128354,8037008
2015-10-12,41.277008056640625,41.74453540870849,40.52612964782548,41.05032829213717,7929284
2015-10-19,44.733882904052734,45.03848437413437,41.53911009986707,42.11289483002378,11467723
2015-10-26,44.918052673339844,46.157711460854024,44.29468199954526,44.48594354839937,8972332
2015-11-02,45.54142761230469,46.21438167412105,44.443446945817065,44.55678683328219,6959531
2015-11-09,44.63470458984375,46.02312155112131,44.15301210796557,45.54142636700713,6488533
2015-11-16,46.03728485107422,46.10812126266228,44.11758945333718,44.43635870995526,7962107
2015-11-23,46.05853271484375,46.66773554922881,44.783461162585695,46.04436759508964,6126847
2015-11-30,44.45052719116211,47.10693319860207,43.827156491456805,45.98061964559402,12200764
2015-12-07,43.48712921142578,45.56266762366726,43.33837114966428,44.78345641252427,8475026
2015-12-14,43.86965560913086,45.26515495800767,43.16128074407431,43.56505420097769,9978945
2015-12-21,44.25217819213867,44.422186644607564,42.75042154932816,43.8696551207302,3511766
2015-12-28,44.65596008300781,44.91805807306244,43.862578147445255,44.36552644477535,2310819
2016-01-04,42.31122970581055,43.79173325878302,41.58160447089458,43.451713653126,8792112
2016-01-11,41.765785217285156,43.302960220291,41.39034736916337,42.31123423756233,10594471
2016-01-18,42.226226806640625,42.57332898275952,40.724472825580335,41.645359624280445,9249640
2016-01-25,44.946388244628906,44.946388244628906,41.92162707722655,42.50249428291418,8275616
2016-02-01,43.04085922241211,45.14473361283276,42.87085075378904,45.130565790074854,9174345
2016-02-08,41.510765075683594,43.04793990336784,40.79530766708801,43.01252170136055,12192401
2016-02-15,42.750423431396484,43.154196901580605,41.77286803107481,41.9995477791699,7083823
2016-02-22,45.0101432800293,45.97353360818229,42.920436715614485,43.03377659526567,11272513
2016-02-29,45.16598129272461,45.86727361497199,44.344266537596006,44.748040004205315,8067138
2016-03-07,45.24390411376953,46.59690006490126,44.08216970993736,44.91096974823545,8551803
2016-03-14,44.52845001220703,45.62643335199084,43.83424288200109,45.463504734707776,9177205
2016-03-21,43.926326751708984,44.95347090631523,43.56505673847128,44.22384561752459,4979427
2016-03-28,43.43754959106445,45.10222956116525,42.67250608768465,43.92632730982833,5806742
2016-04-04,43.39504623413086,44.004249095216615,43.03377621538058,43.36671329114508,6387230
2016-04-11,44.03258514404297,44.46469427980806,42.55916670807893,43.31712766017197,8427236
2016-04-18,44.719703674316406,46.023113466685096,43.48713028389477,43.565051947377846,8796747
2016-04-25,43.3312873840332,44.99596986855255,43.3312873840332,44.627614629878934,7123682
2016-05-02,43.5117301940918,45.061563521372506,42.62403456457881,44.8651055410986,6345446
2016-05-09,44.12293243408203,45.032458590047284,43.47535025513933,43.86098845705946,6023459
2016-05-16,43.911922454833984,44.530401916917626,42.980568543319485,43.86098921127638,6542628
2016-05-23,45.93470764160156,46.02202137136824,43.38803452223731,43.81733095909914,6097818
2016-05-30,45.74552536010742,46.32762152694002,45.30895392889634,45.949261100238935,4994206
2016-06-06,44.69776153564453,46.131175899155416,44.6177227756601,45.745534853380796,4724218
2016-06-13,43.58449935913086,44.62499761951177,43.36621083686051,44.239356598980315,11020983
2016-06-20,44.26118087768555,46.85150951687679,42.85687231233937,44.54495258585281,10369013
2016-06-27,46.7132568359375,46.85150657529529,43.6426987044057,43.65725145463564,11916174
2016-07-04,46.59684753417969,49.39818715536554,45.84739604845184,46.90244700893288,12963626
2016-07-11,47.833797454833984,48.153952434234405,46.77147158382271,47.135282041757,9776272
2016-07-18,47.5864143371582,47.95022483583478,46.8951710588881,47.746491844785126,6390945
2016-07-25,50.118526458740234,50.402298170534515,47.65916977275413,47.70282525108956,9824306
2016-08-01,50.67152404785156,50.8534292908583,49.03437686079095,50.53327428674806,7855096
2016-08-08,50.86070251464844,50.87525249021483,49.434566202942634,50.78066377076588,5974492
2016-08-15,49.929351806640625,51.260893931992015,49.47822481718973,50.897083455395034,6029662
2016-08-22,49.703792572021484,50.16219739025931,49.11442129292498,49.805659075783645,4818355
2016-08-29,51.11537170410156,51.31910468175928,49.23083610946041,49.49277454408655,6867764
2016-09-05,48.445003509521484,51.2972762615372,48.19033729082494,51.18085424652894,7715460
2016-09-12,46.50952911376953,48.6778419557397,46.49497913755682,47.69555479781885,11382430
2016-09-19,48.08119201660156,48.808812941000596,46.749644392637634,46.938827387347374,7959269
2016-09-26,48.05936813354492,48.4741118716807,47.026142118994926,47.73193536050665,5960730
2016-10-03,46.967933654785156,49.33997390998488,46.967933654785156,48.02298179180961,7882559
2016-10-10,46.7132568359375,47.71009940928872,46.01474425447341,47.12072829106925,6761426
2016-10-17,46.18210220336914,47.2662558555509,45.36716474762771,46.545912675365045,10008179
2016-10-24,46.21120834350586,46.524085594575034,45.301682096363805,46.451324605065196,7646331
2016-10-31,44.544952392578125,46.36400464283821,44.44308591066811,46.12388841349022,6879549
2016-11-07,42.74773025512695,45.19981204747208,41.95462331894186,45.11249831179355,14162490
2016-11-14,42.79866027832031,43.577214404030684,42.245669626430605,43.19157622278725,9239702
2016-11-21,43.68635940551758,43.810053625930294,42.34025907810323,42.99511899691599,7013566
2016-11-28,42.48579406738281,43.970141724521724,42.19474730317099,43.81006420003004,8529898
2016-12-05,44.61771774291992,44.92331999423912,42.42757984035619,42.442132592862215,9585867
2016-12-12,44.559505462646484,45.10522114163112,44.14475899301696,44.66864693305132,10504770
2016-12-19,42.835052490234375,44.02835062534773,42.711358238117235,43.293454550897636,9462503
2016-12-26,43.80278396606445,43.82461170746202,42.83504672118349,42.83504672118349,3602545
2017-01-02,44.428531646728516,44.683197842831774,43.42441406159371,43.73001349691762,5807221
2017-01-09,44.04290008544922,44.93059863081796,43.853719838817725,44.54496037288418,8369363
2017-01-16,43.11154556274414,44.130216104024136,43.067887302179365,43.919205341441945,8275518
2017-01-23,42.63858413696289,43.278891313762884,42.49306217575454,42.9441863619381,8055264
2017-01-30,43.00239562988281,43.155198133887644,42.194738733317415,42.56582418440673,8247263
2017-02-06,43.693634033203125,44.27573019198863,42.769555166782766,42.951460389881575,7851223
2017-02-13,44.3848762512207,44.94514469435552,42.602204436819655,43.64270257754809,12503987
2017-02-20,45.585453033447266,45.86922475614305,44.0501724048587,44.60316309836155,10003271
2017-02-27,45.498138427734375,45.88377942980309,45.14160570631584,45.767360185471,7515071
2017-03-06,45.723697662353516,45.81828915694057,44.486741571938666,45.30167620623702,7222489
2017-03-13,45.992919921875,46.12389191589132,45.27985171870489,45.840120187407194,7428143
2017-03-20,46.28396987915039,46.90244658715316,45.876501140823315,45.94198713848921,7894490
2017-03-27,46.39310836791992,46.742366074408935,45.672765215678055,46.138442157663405,8326149
2017-04-03,46.69143295288086,46.69871071642327,45.71642358786572,46.50225273558106,7236321
2017-04-10,46.76419448852539,46.92427198051299,46.298520315473425,46.625950287423734,5072492
2017-04-17,45.221641540527344,46.90244409868533,45.01790579434642,46.76419434669585,9805306
2017-04-24,46.69871139526367,46.72053913490116,45.774632483344824,46.4658729202853,11276700
2017-05-01,48.56304931640625,49.026191178620216,47.60687600376729,47.94303057267893,7991897
2017-05-08,50.13923645019531,50.19899282724474,48.44352315605859,48.73485615386617,9814153
2017-05-15,49.19053649902344,50.609854594280144,48.361356137555475,50.139241023943924,10750498
2017-05-22,49.71345138549805,50.31105516783518,48.83944652134677,49.22042270832418,6686819
2017-05-29,50.28864669799805,50.44551790735369,49.24283293640061,49.601399771518146,6816489
2017-06-05,49.98236846923828,50.647205937420885,49.608864017485104,50.14670564066014,6734798
2017-06-12,50.37081527709961,50.60985792048933,49.287654545945664,49.7881491900388,9062013
2017-06-19,50.408164978027344,51.81253971119478,49.80308387076661,50.64720760706065,8906499
2017-06-26,49.1606559753418,51.932058428262515,49.1606559753418,50.85636944200239,12164612
2017-07-03,48.988853454589844,49.937552413081484,48.42112499717253,49.302595878731026,7515864
2017-07-10,49.257774353027344,49.571516759284854,48.256779348343414,49.1830688950578,6564800
2017-07-17,48.294124603271484,49.623799480488984,48.15966277865255,49.31005712278662,7272719
2017-07-24,47.547119140625,49.39223209432243,46.95698140690461,48.406180542856596,9572587
2017-07-31,50.086944580078125,50.17658199261949,46.70299262562633,47.32300847580874,10181918
2017-08-07,48.495819091796875,50.4828656108906,48.234367102238735,50.086951783955996,9561893
2017-08-14,49.44452667236328,51.09541584969544,48.929088647590454,49.95249301148289,8647421
2017-08-21,49.82550048828125,50.17659564754803,49.22789667821639,49.339949173611885,5750449
2017-08-28,49.16813278198242,49.780679941861436,48.764747232907006,49.578990016936956,6081824
2017-09-04,50.38575744628906,50.44551953727735,48.80956791663978,48.80956791663978,7089971
2017-09-11,50.21393966674805,51.22987223673885,50.01971575504301,50.5725007507297,10959482
2017-09-18,49.82550048828125,50.535162492968276,49.28765876899087,50.39322895218554,6893539
2017-09-25,49.57898712158203,49.982372647100206,48.802097113090674,49.72091494963808,7349629
2017-10-02,51.0356559753418,51.341932408911944,49.30259527837407,49.52670026387547,6410271
2017-10-09,51.461448669433594,51.879771878490125,51.185053292463365,51.207468349428204,5354996
2017-10-16,52.507259368896484,53.784643979502555,51.42409298032926,51.42409298032926,10103783
2017-10-23,52.29062271118164,53.067512646797695,51.17758105211251,52.67159884386056,7409669
2017-10-30,52.686546325683594,52.86582689829676,51.7901377633911,52.22340437149735,6475930
2017-11-06,51.51374053955078,52.90317775122602,51.431569092681976,52.66413509648761,6647348
2017-11-13,51.48385238647461,52.2682140167453,51.17011001405659,51.67807629763961,7297185
2017-11-20,52.880767822265625,53.44102457256608,51.35686877754124,51.41663086538762,7038126
2017-11-27,52.133750915527344,53.58294998027884,52.05905116666114,52.933050196769294,7524017
2017-12-04,52.99281692504883,53.269206590026265,51.752779328014185,52.365326441221676,7706753
2017-12-11,53.18703079223633,53.5231882129285,52.514727349303094,52.918107135372814,8103724
2017-12-18,52.738826751708984,53.881749447114444,52.08893266173952,53.43354525077071,5804082
2017-12-25,52.253273010253906,52.97040660710733,52.21592598283453,52.73882996051316,2565395
2018-01-01,53.59789276123047,53.62030211810464,50.99829907853153,52.253274356519626,5937849
2018-01-08,51.98434829711914,53.61282797977117,51.431563289019145,53.40366639288067,7726054
2018-01-15,52.581966400146484,52.70149058338114,51.21493847534052,51.99182856868555,7630839
2018-01-22,52.18604278564453,53.134741591451125,51.6556671447006,52.52966619952824,6125359
2018-01-29,51.17011642456055,52.59690634808571,51.02071690447136,52.141230402819396,8015976
2018-02-05,47.65169906616211,51.09541059816531,47.54711827467085,50.89371500084239,14093863
2018-02-12,48.92161178588867,49.265235199638774,47.233372907750415,48.07749377162596,11426694
2018-02-19,49.16813278198242,49.1830704545142,47.66664592657489,48.824509321487014,8000643
2018-02-26,47.636756896972656,50.59491424470556,47.44253299125844,49.623800415359966,9737583
2018-03-05,50.42310333251953,50.579974525646925,47.61435097849333,47.72640060946449,7781885
2018-03-12,50.258766174316406,50.87878503145212,49.676100048035245,50.78167591014745,8487131
2018-03-19,47.928096771240234,50.04212775966611,47.54712061251803,49.900199935221345,7614002
2018-03-26,49.10090637207031,49.54163896703642,47.39025214861369,48.0401492110907,7226711
2018-04-02,48.89920425415039,49.46693264114849,47.83098124797448,49.100899858385326,6837585
2018-04-09,48.74980163574219,49.145715434579834,48.08496418123641,48.83943905481454,6384207
2018-04-16,49.586448669433594,51.23733765250079,48.57051611074215,48.7498023499646,11112971
2018-04-23,50.04959487915039,50.4380369884637,48.61533919968138,49.27270496129831,7525888
2018-04-30,50.03903579711914,51.68444918143982,49.862189671009084,51.36151889841468,6871593
2018-05-07,49.769927978515625,50.438854165423415,49.61614746085578,50.20819218812405,5539847
2018-05-14,49.885257720947266,50.431165378313715,49.45468398919393,49.808370392580905,8855696
2018-05-21,51.66138458251953,51.88436193453564,50.15437069942539,50.208192414317075,8305599
2018-05-28,50.70028305053711,52.00738531425807,50.162059985495674,51.73827671480111,8925174
2018-06-04,49.44699478149414,51.19236709801581,48.6319785206021,50.91556801580204,7986062
2018-06-11,49.9083251953125,50.63876355538768,49.477745631973235,49.593079548334224,10003804
2018-06-18,49.78530502319336,49.877573337358726,48.79344264389255,49.76992990389604,8227789
2018-06-25,48.33980178833008,49.51619789753692,48.0553151439358,49.40855446090469,8467836
2018-07-02,50.56187438964844,50.800226839611014,47.855399097445016,47.91690836634841,7465800
2018-07-09,50.11592483520508,50.7771664084609,48.87801950849083,50.746410304341204,8089708
2018-07-16,51.00782775878906,51.176983396290034,49.60845730236322,50.29277034483362,7118559
2018-07-23,51.968936920166016,52.04583011689373,49.9698369939188,50.9309432917422,6993570
2018-07-30,52.43795394897461,52.745509118067595,51.21542963114184,51.71520604765207,8264524
2018-08-06,51.91511535644531,52.7301374883887,51.71520946951551,52.46102889742371,5495301
2018-08-13,52.04582595825195,52.76088922134163,51.36920342432729,51.915111053935796,6368836
2018-08-20,52.591732025146484,53.10688353643964,52.04582441175911,52.18422393811976,5232750
2018-08-27,52.14577865600586,53.20683780738361,52.07658182414781,52.54559626103714,6452703
2018-09-03,50.123619079589844,52.338005946814405,49.91601682777434,52.15347517441089,7595868
2018-09-10,50.28507614135742,50.49267249361642,49.70841243759444,50.000586602362134,8594844
2018-09-17,51.32307052612305,51.32307052612305,49.4008581468675,50.200499200573006,10264724
2018-09-24,51.28462219238281,51.692136130507464,50.26200969956472,50.946316814076134,7671810
2018-10-01,50.34659194946289,52.59173472234428,50.34659194946289,51.3076981912231,9117338
2018-10-08,49.10868453979492,50.707963827988294,49.10868453979492,50.19281228154682,8278043
2018-10-15,49.05486297607422,50.008281677558415,47.02500702208079,48.9933537005617,12670168
2018-10-22,48.1322021484375,49.385488513211214,47.52478519826693,49.385488513211214,9441413
2018-10-29,48.393619537353516,48.87033033628691,47.45558185716597,47.99379899618201,8760567
2018-11-05,50.4465446472168,50.4465446472168,48.15526772970993,48.43975435466207,7010165
2018-11-12,50.054412841796875,51.30769915901354,49.38548663923542,50.74641052214241,10109277
2018-11-19,50.646453857421875,50.78485338331047,49.56232326027348,50.03903404191788,7193017
2018-11-26,50.792537689208984,51.300004569645544,49.70072247303691,50.89249648657615,8351449
2018-12-03,49.05486297607422,51.27694311533608,48.45513360777531,51.27694311533608,8749046
2018-12-10,49.27014923095703,49.593079503575034,48.18601863071948,49.06254994153261,8889790
2018-12-17,47.847713470458984,49.25477150327721,47.086518958640596,49.016419029080765,10539999
2018-12-24,46.64824676513672,47.58628730765742,45.91780843638774,47.42482217812743,4156435
2018-12-31,47.655487060546875,47.72468682077238,46.286872839490506,46.53291577961158,4061653
2019-01-07,47.73237991333008,48.02455408747926,46.525227822940586,47.71700186210169,6981293
2019-01-14,47.939979553222656,48.23984717310375,47.163406977953265,47.29411602274508,6547741
2019-01-21,48.016868591308594,48.94721873262046,47.832334901703376,48.04762469508671,6562117
2019-01-28,49.27783203125,49.49312473781256,47.48633168105688,47.59397803433816,7953792
2019-02-04,49.52388381958008,50.03903534250568,49.06255107693962,49.2086381655909,7432469
2019-02-11,50.508056640625,50.83867741946691,49.554635033748355,49.59308162952433,6362045
2019-02-18,51.88435745239258,52.20728771384566,49.75454291968108,50.43885003538584,8053863
2019-02-25,50.65414047241211,52.076582381172784,50.53881241808178,51.845914540258384,7888077
2019-03-04,52.21498489379883,52.69168985525411,50.654143364595996,50.66952435013616,7320792
2019-03-11,53.09151077270508,53.422131552220385,51.8459149802255,52.72244339733549,9070317
2019-03-18,52.05351257324219,53.5451513624295,51.91511303748123,53.076131039357755,6717388
2019-03-25,52.81471252441406,52.83008764331738,50.9540063662543,51.207739824111584,8062696
2019-04-01,52.207298278808594,53.42213811711842,52.207298278808594,53.25298246037558,7372578
2019-04-08,53.360618591308594,53.59128056479423,52.022760373486,52.20729112549988,6588455
2019-04-15,54.12949752807617,54.667714605608595,52.42257213057881,53.23758823830681,8106487
2019-04-22,55.02141189575195,55.08292410716965,53.88346531516127,54.12950829470471,5216254
2019-04-29,55.71340560913086,55.71340560913086,54.59083422892206,54.97527672349194,5148016
2019-05-06,55.16080093383789,57.3097188159748,54.71837879135663,56.756685110323595,6897879
2019-05-13,56.25105285644531,56.33006196959056,54.81317499941826,55.14499760300071,6620343
2019-05-20,56.7250862121582,56.7250862121582,55.46101267031619,56.251055620192766,8165041
2019-05-27,56.4090690612793,57.23071447043958,56.07725246168077,56.88309363606999,7021241
2019-06-03,57.088504791259766,57.64153244075045,56.14044964242662,56.345862495472865,8239097
2019-06-10,57.293907165527344,57.73633527829645,56.88308751890121,57.0885003559887,5822889
2019-06-17,59.09521484375,59.36382655249327,57.24651121353412,57.4361198330911,11026433
2019-06-24,58.85820388793945,59.52183711908964,58.28937195978228,59.09521920052154,7698334
2019-07-01,59.20581817626953,60.04326174014532,58.557983224912036,58.937200449948605,5694378
2019-07-08,59.9168586730957,60.5962961403608,58.763396607809554,59.28482788491756,5767209
2019-07-15,59.490234375,60.217072415863136,58.46317616646143,59.316423967935094,5437100
2019-07-22,61.93935775756836,62.55559018742856,58.7317798373896,59.3954189347725,8631409
2019-07-29,60.86491394042969,62.745214125869424,60.8333114968656,62.11318333723706,8008795
2019-08-05,61.354740142822266,61.63915006760102,59.83785305455486,60.833308887703886,7617311
2019-08-12,63.28242492675781,63.582645038199544,61.00710390989694,61.62333630857501,8338514
2019-08-19,62.302791595458984,64.11989291036535,62.302791595458984,63.582663428114316,5617283
2019-08-26,64.35690307617188,64.783527026236,62.17638267391632,62.17638267391632,5636172
2019-09-02,64.56231689453125,65.08374215611671,63.96188250849502,64.21469603510765,5471506
2019-09-09,62.80841064453125,64.64130993418793,62.44499163329015,64.64130993418793,6622318
2019-09-16,63.551055908203125,64.27789396508504,62.30278661863466,62.58720255872746,7827648
2019-09-23,63.5036506652832,64.18308808998869,61.686555482099465,63.5036506652832,5675535
2019-09-30,61.781349182128906,64.00926980410469,61.05451119823296,63.582651964353914,6606397
2019-10-07,62.58721160888672,63.06123623506928,61.481150129427306,61.78136431958123,6449940
2019-10-14,56.85149002075195,63.835472840701186,56.61448075202286,62.539802883490815,12565241
2019-10-21,58.43157196044922,58.82659340909549,56.09304570776923,56.26685610958141,10452037
2019-10-28,58.447383880615234,59.64824659031154,58.03655814456536,58.399977201809634,6979705
2019-11-04,58.38417434692383,58.937201992724006,57.67313449693126,58.66859028692086,6773350
2019-11-11,59.39542770385742,59.77465096228557,58.02075469371014,58.33676704359286,6162029
2019-11-18,58.684391021728516,59.53763887847809,58.320971977753594,59.521834643603356,6493228
2019-11-25,59.03201675415039,59.31643272998806,58.55799213693763,58.90560697486697,5827307
2019-12-02,58.842403411865234,59.28482554891211,57.293913877102064,59.09521692268481,7088948
2019-12-09,57.973350524902344,58.79499593071868,57.372922212134206,58.51057998149189,7330226
2019-12-16,59.142608642578125,59.142608642578125,57.2781070214685,58.21035783202331,10500059
2019-12-23,58.85820388793945,59.348032721085865,58.55798971587863,59.09521920052154,2532211
2019-12-30,58.953006744384766,58.953006744384766,57.925948504541566,58.810798773138,3617053
2020-01-06,57.35712432861328,59.37963863901894,57.15171144752635,58.43158336076782,7212127
2020-01-13,58.226158142089844,58.39996854098455,55.777026407102476,56.883087650256115,9508909
2020-01-20,58.542179107666016,58.8581974808583,57.341316522594276,58.08395276791465,6370815
2020-01-27,57.19910430908203,58.336761929536,57.056896353081704,58.16295756335665,7486740
2020-02-03,58.02075958251953,58.30517554341814,57.29391544491771,57.546728962655386,6512481
2020-02-10,57.293907165527344,58.478971488837786,56.53546672191452,57.9101456767898,6754769
2020-02-17,56.093055725097656,57.46772892416773,55.603226871383015,57.24651783782887,6729988
2020-02-24,50.3415412902832,55.54002571467699,49.70950447466975,55.3030104019345,21010468
2020-03-02,48.16101837158203,51.43179576097972,47.876602422282275,51.13158160451863,18420068
2020-03-09,42.47270584106445,47.59218658922348,41.17703594093793,45.85409157114722,27351881
2020-03-16,46.40712356567383,51.62140274409865,39.70755679043471,40.86102177191186,23538481
2020-03-23,44.02119445800781,47.13396261864805,42.23569569033102,45.03244847694176,16082498
2020-03-30,44.653228759765625,46.470326977174494,43.05734160822965,43.863185794477005,13612493
2020-04-06,46.296512603759766,47.386772646537985,44.542619420079,44.921839649355235,11154207
2020-04-13,50.26252365112305,50.86295487168586,46.29650831045728,46.29650831045728,9356547
2020-04-20,49.377681732177734,51.242183476588686,48.05040940611484,50.957767547607425,9932314
2020-04-27,49.978118896484375,50.91037289215485,48.39803289513928,50.167730542706735,7573140
2020-05-04,50.61014938354492,51.02097509244786,48.05041191652804,48.96686161680656,7681578
2020-05-11,47.924007415771484,51.22638432496195,47.212967522779024,50.720757296067234,7827082
2020-05-18,48.3348274230957,50.35733843917429,47.90820351119422,48.57183970289387,8035920
2020-05-25,48.63505172729492,49.535700331060085,47.97141543813505,48.55604561324309,9859492
2020-06-01,50.167728424072266,50.167728424072266,48.63504615245322,49.10907072732825,10079129
2020-06-08,48.38222885131836,51.65300298359868,47.75019211599754,49.82010669800165,10937944
2020-06-15,51.89002227783203,51.89002227783203,47.149764479105166,47.987211108505825,12852671
2020-06-22,50.12031936645508,51.66880570617917,49.47248444409298,51.55820018486483,8188905
2020-06-29,48.8404541015625,49.77270500789165,47.418377418377666,48.82465288117688,10035545
2020-07-06,47.908199310302734,49.34607709727403,47.023352136883716,49.188067920005615,7576166
2020-07-13,49.16191864013672,50.3889216323574,47.934915647916036,49.898121683641115,8134533
2020-07-20,49.68544006347656,50.3562014161833,48.769275628203616,49.21099743230702,6645886
2020-07-27,46.24983215332031,49.881759778384584,45.64450932226132,49.60363898364341,11763982
2020-08-03,44.646549224853516,46.920593713329346,44.450227378165366,46.380712535474295,9015107
2020-08-10,45.906272888183594,46.65883637575649,44.54838964798368,44.826510462021254,7401862
2020-08-17,45.75902557373047,46.413429595953126,45.25186526489458,45.97170781708172,5292831
2020-08-24,45.17007064819336,46.85515274163415,45.17007064819336,46.18439136300491,5434350
2020-08-31,45.95534896850586,47.06783209963053,44.450225282942434,45.39910740294352,7695121
2020-09-07,46.871517181396484,47.23144008308634,45.74267347047592,45.955355752461784,6207255
2020-09-14,46.90423583984375,47.60771807463615,46.495234830818404,47.100557697165144,9730267
2020-09-21,44.63018798828125,46.838790780341,44.139384940822545,46.806073073520956,8390034
2020-09-28,45.039188385009766,45.79174867944325,44.67926553077654,45.137347745059834,6581599
2020-10-05,45.43183135986328,45.79175111279266,44.4338679316287,45.268230337466306,5747922
2020-10-12,43.59950637817383,45.70995305545173,43.56678554896874,45.448192662671055,8683925
2020-10-19,41.816261291503906,44.81014848133305,40.540180170860985,43.91034753111407,10451869
2020-10-26,38.77329635620117,41.8162616984832,37.65263136058861,41.53814089145651,12748155
2020-11-02,40.61379623413086,41.538136149236884,38.42972950350118,38.953250228623446,10241573
2020-11-09,44.482948303222656,45.03918989621971,40.842838888013375,40.96554043251533,11762258
2020-11-16,42.94510269165039,45.595430402181364,42.437942352631254,44.95738675458456,8865362
2020-11-23,43.17414474487305,43.877626967130354,41.57086156696524,43.17414474487305,10408308
2020-11-30,42.192543029785156,44.17210629559628,41.6199410277933,43.190503309385946,12164952
2020-12-07,42.879661560058594,43.46862397411814,41.78354192122756,42.159822076685664,8389897
2020-12-14,44.237548828125,44.908310205910375,42.7978635876857,42.99418543699285,12006028
2020-12-21,43.877628326416016,44.23755121617028,42.3397836385217,43.76310854165061,5362475
2020-12-28,43.97578430175781,45.022828939715524,43.97578430175781,44.172106146509215,2962114
2021-01-04,43.370460510253906,45.26822464226913,43.10870015552281,44.51566128209506,8882979
2021-01-11,43.86126708984375,43.910348334008226,42.6506244843238,43.27230776202029,9120672
2021-01-18,44.63018798828125,46.249831491992325,43.403185050279234,43.58314335929391,10574192
2021-01-25,44.9573860168457,46.249830583973015,44.05758512814855,44.90830789736427,11380468
2021-02-01,43.63222885131836,45.79175373333868,43.403189279113214,45.52999333069562,10313464
2021-02-08,44.106666564941406,45.49727059605024,43.22322602310344,43.71402597741009,8269923
2021-02-15,46.47887420654297,47.85311784030933,43.84490672175243,44.12302753145348,10263003
2021-02-22,46.184391021728516,48.00035641507307,46.08623165789176,46.78971385965334,10232396
2021-03-01,46.364356994628906,47.36232050602637,44.842872664278744,46.62611740410525,9568736
2021-03-08,47.542274475097656,47.542274475097656,46.24983296194812,46.57703188355677,7313541
2021-03-15,48.27847671508789,50.30712122922963,47.91855697111157,49.89812024362613,12346489
2021-03-22,47.934913635253906,48.75291559572192,47.11691167478589,48.11487506509442,7320223
2021-03-29,47.62407684326172,48.50751736959558,47.40321593157076,48.033077838149424,5682008
2021-04-05,48.74474334716797,49.26008552362515,47.624081387953034,47.624081387953034,5464838
2021-04-12,48.72838592529297,49.03922760388964,48.04944578989783,48.793827592547196,6552714
2021-04-19,48.1312370300293,49.43186031390984,47.69769697554576,48.72837810596528,7302567
2021-04-26,47.95945739746094,48.4829781701552,47.33777413956404,48.147597480121064,5812397
2021-05-03,48.39299774169922,48.76109926233579,47.902197794470425,48.262117547742875,6344011
2021-05-10,48.67209243774414,48.83278429724232,47.132853609638204,48.51985974254897,8567828
2021-05-17,51.1923828125,51.57296453704801,48.705920922496,48.74820706384004,9312897
2021-05-24,49.44171142578125,51.48839362897776,49.035758650834,51.42073322004028,10021530
2021-05-31,49.780006408691406,50.22824532062504,49.00192784656373,49.44171082059662,4859182
2021-06-07,50.211326599121094,50.346644179359494,49.2133582350283,49.6954273162667,6173264
2021-06-14,49.52628707885742,50.56654167255768,49.45862666972608,50.25361711966405,7963524
2021-06-21,48.942726135253906,49.4670846144166,47.86018542564851,49.39096826913335,6937319
2021-06-28,50.921749114990234,51.17546919664733,49.746176929872554,50.04218315410151,7256110
2021-07-05,50.287445068359375,51.17546692790377,49.92377845115703,50.904831755970726,6028667
2021-07-12,50.04218292236328,50.51579610516226,49.61931504615109,50.23670498449965,4582096
2021-07-19,49.21336364746094,50.50734157866562,48.6382630616424,49.98298307462604,6685398
2021-07-26,52.486358642578125,52.50327374370559,47.800982095717124,49.04421460566768,9337520
2021-08-02,53.02763366699219,54.169378897454365,52.29184444706719,52.7823695182752,8236846
2021-08-09,54.533042907714844,54.66835726973193,52.98534496760035,53.078373188208865,6278156
2021-08-16,53.788795471191406,55.22655019950006,53.01072008549143,54.49921689690379,7972564
2021-08-23,52.57093048095703,54.093254081175395,52.23263491369711,54.034052840838754,4428936
2021-08-30,52.021202087402344,53.15448806752114,51.4883909131401,52.613217729474975,6211350
2021-09-06,50.338191986083984,52.435616248892586,49.94069515309527,51.96200306971935,6227381
2021-09-13,50.16904067993164,51.21775435104132,50.10983943995717,50.5242513460041,7297650
2021-09-20,50.24516296386719,51.04015344200403,49.2979397860109,49.84766611168576,5868442
2021-09-27,49.14570617675781,50.761061370573564,49.02730368499529,50.5919135711017,6906228
2021-10-04,48.11390686035156,49.45017090946636,47.94475906314102,48.88352627274493,6844497
2021-10-11,48.663631439208984,49.340219332926885,47.40348386585112,47.78406556426293,7209487
2021-10-18,47.47114944458008,49.221822221941835,46.794561477087164,48.553690192568745,9277547
2021-10-25,47.65720748901367,48.19002190666191,47.07365099193042,47.45423271882202,7944332
2021-11-01,48.5029411315918,48.875066904583996,47.69103563343262,47.7925230141461,6899575
2021-11-08,48.72283935546875,49.39942734190933,47.82635825704372,48.39300291371809,5784734
2021-11-15,47.521888732910156,49.04421560308512,47.28508376476104,48.62980368259844,7181065
2021-11-22,45.948822021484375,48.32533726810871,45.30606108431023,47.564177075634895,8681026
2021-11-29,44.73096466064453,46.27020351432278,43.48773203797134,45.94882624243898,14375864
2021-12-06,44.84090805053711,45.728929907113155,44.18969116205448,44.62947412153206,8245559
2021-12-13,46.19408416748047,46.24482947217053,44.40112534269943,44.967766727056,9901388
2021-12-20,45.297607421875,45.61898468037712,44.4264974153408,45.339893563654144,5066767
2021-12-27,46.16871643066406,46.574669218544884,45.34835169040279,45.43292720426919,3333496
2022-01-03,47.58955001831055,48.11390526871393,46.295575380973276,46.44780484457844,6124611
2022-01-10,48.942726135253906,49.38250910508755,47.59800618606716,47.69949679726202,7683090
2022-01-17,48.9173583984375,49.230279738518725,47.43732076061887,49.05267599627473,6949846
2022-01-24,46.69307327270508,49.25565496957102,46.253290264575526,48.77358258998152,9260455
2022-01-31,46.28711700439453,47.50497531753427,46.03339692576865,46.81147226371813,7884746
2022-02-07,46.84530258178711,47.66566729002419,46.19408566845393,46.51546615614874,7447324
2022-02-14,47.25971603393555,47.657209654550336,45.50904323690968,46.27866266349484,6901794
2022-02-21,47.37811279296875,48.672087340385694,45.44983649074341,47.62337691245546,12493577
2022-02-28,41.57637023925781,46.95525024167104,41.13235767042405,46.270203107928474,12708567
2022-03-07,43.16635513305664,44.75633608200923,39.305569219374085,40.257021975126584,15851873
2022-03-14,45.5090446472168,45.90653828014975,43.97826168482293,43.98671762329978,10488875
2022-03-21,43.107147216796875,45.22148634689324,42.76039572851009,45.16228510934858,7431221
2022-03-28,42.51513671875,44.595645898220326,42.26564299381152,43.09023728927079,7349585
2022-04-04,44.18124008178711,44.5364475729793,41.83432192131702,42.69274325125755,7180313
2022-04-11,44.544898986816406,44.98468194997281,42.921087947062695,44.07128904666778,5218530
2022-04-18,46.70152282714844,48.72283047990325,43.65687260345371,44.54489437553014,9022907
2022-04-25,48.748207092285156,48.99347122893985,45.6020691358202,45.898078577852836,9139480
2022-05-02,47.445770263671875,49.17107182175373,46.87066974431126,48.299965105468786,7656855
2022-05-09,49.213218688964844,49.213218688964844,47.10170269470874,49.05551516505655,9327499
2022-05-16,48.07422637939453,49.75643180690153,46.88266489787675,49.16065106614264,7476743
2022-05-23,47.977848052978516,48.959135913487835,47.233123822031835,48.7313356328474,6056164
2022-05-30,48.976661682128906,49.940422892277454,47.60986995766071,48.2406974216058,7898676
2022-06-06,46.12918472290039,49.25703221787718,45.26179689804859,49.18693878699517,6991311
2022-06-13,45.47206497192383,46.84761653319593,43.57082280837212,45.6823385390452,12273815
2022-06-20,46.07660675048828,46.20803023974179,44.00013767905478,45.70862298592136,8137824
2022-06-27,46.69867706298828,46.90019065588269,45.4720721485564,45.997759491564544,6627385
2022-07-04,46.952762603759766,47.60987347990368,46.172991565493845,46.9615226115233,5985282
2022-07-11,47.04037094116211,48.223172395096995,45.953949615590496,46.48840027156422,5365294
2022-07-18,47.08417892456055,48.25821697764582,46.3920214386005,47.16303235134382,6258668
2022-07-25,47.14551544189453,49.835288984453626,46.225557556235465,46.85638505674712,7612852
2022-08-01,47.022850036621094,47.70624758193319,46.321932476771494,46.97028330853147,4722391
2022-08-08,46.1729850769043,47.3382597955485,46.059084938551976,47.17179293352455,4505932
2022-08-15,47.00532913208008,47.925283620854074,46.392025025484585,46.5672552476888,3968080
2022-08-22,45.92766571044922,47.417117627180616,45.568445248964466,46.812576853141955,5596778
2022-08-29,45.787479400634766,46.26936333120257,45.253032086962236,45.70862597038171,6779568
2022-09-05,44.75362777709961,45.174178287600235,43.53140128928294,45.007708079404864,5917203
2022-09-12,43.378074645996094,45.85757444073562,43.251036160446034,44.92885660081847,8534717
2022-09-19,43.36931228637695,44.1227998628782,42.84362498949802,43.22036877774864,5869893
2022-09-26,42.55449676513672,43.5576863591687,41.47245373840497,43.04514071773951,6827852
2022-10-03,41.50749969482422,43.395597028312594,41.38045786988754,42.09013875125291,5589884
2022-10-10,42.03318786621094,42.74725043672939,40.95990818645589,41.354175350816,5682585
2022-10-17,41.730918884277344,42.80858023161507,41.44178851823532,42.120804371403,5632925
2022-10-24,43.636539459228516,43.8161480120853,41.77910714364035,41.91052730231248,7148503
2022-10-31,43.842430114746094,44.44697080254157,43.22474440444883,43.728529982064124,5652446
2022-11-07,43.220367431640625,43.96509163606424,42.677153453914144,43.75919639282384,7798924
2022-11-14,43.706626892089844,44.45573612272703,43.18093960479742,43.601490103079016,7443958
2022-11-21,44.21917724609375,44.78867126838646,43.62339651903422,43.750438341652334,5225867
2022-11-28,44.87628936767578,44.98142616312155,43.689109553125384,44.23670190350315,7596308
2022-12-05,43.99137878417969,44.692296332602204,43.32550794873793,44.63096625600514,6252033
2022-12-12,42.60268783569336,44.10528148379348,42.085760487133705,43.89500453597315,9432106
2022-12-19,43.7767219543457,44.026423926508,42.7122023167615,43.04075771919812,5513718
2022-12-26,43.132755279541016,43.91252627750156,43.08894855851015,43.77672443963431,2622167
2023-01-02,43.49635696411133,44.67477679840342,43.04514139191075,43.35179177819118,5481571
2023-01-09,43.56206512451172,44.09651576131222,42.31793364080981,43.18532134257819,7468693
2023-01-16,44.11404037475586,44.50830755303959,43.16342081428853,43.689111499413045,6515495
2023-01-23,43.39122009277344,44.38564635137418,43.106471396144805,44.236702833215574,5488568
2023-01-30,44.45573806762695,45.04275545271039,43.21598820587573,43.483213535574436,7288247
2023-02-06,43.95633316040039,44.525830562614516,43.737296212200896,44.23670352895525,5734436
2023-02-13,45.6385383605957,45.848815300070235,43.96509622103912,44.10527973327596,6268433
2023-02-20,47.11046600341797,48.35459423279303,45.54216069266616,45.91890450122081,9646626
2023-02-27,47.154273986816406,47.539777812816126,46.12041932293136,47.11922727293318,7258284
2023-03-06,48.19688415527344,48.494774510973365,46.63734229779409,47.21559965388945,7595887
2023-03-13,47.71500778198242,48.58239556358977,46.88266671406879,48.09175159859345,10987066
2023-03-20,49.30083465576172,49.39721144372791,47.53977579367042,47.750052725800145,7767407
2023-03-27,50.21202850341797,50.5449622403335,49.405970839503986,49.51987098225846,7118794
2023-04-03,52.157073974609375,52.56010447574361,50.124411481995644,50.2120282614763,5962159
2023-04-10,51.54377365112305,52.29725790739069,51.0268463457925,52.15707440131317,6351361
2023-04-17,52.446205139160156,52.674002084832246,51.587580740490814,51.59634074745424,6255944
2023-04-24,52.56010437011719,54.21602306323229,51.93803693488903,52.75285460011049,8414843
2023-05-01,52.91056442260742,53.12084136247154,52.227170216966535,52.560107312485314,5181384
2023-05-08,53.542144775390625,54.910372030989755,52.60885075580728,54.72008938833449,5462570
2023-05-15,53.23406982421875,53.94989899695712,52.82631881085244,53.77773553767895,4360133
2023-05-22,51.7933464050293,53.38810153069024,51.349350135966574,53.17063665091654,5177230
2023-05-29,50.796627044677734,52.04705879793042,49.8542699747877,51.99269430394505,10165747
2023-06-05,48.585716247558594,51.15907403020128,48.28670113557833,50.91442341683068,6285961
2023-06-12,50.10797882080078,50.4341796021361,48.13265493964093,48.73068855324167,9090662
2023-06-19,50.82381057739258,51.22249852172018,49.609620637233306,50.06267653346375,6440437
2023-06-26,50.86911392211914,51.12282411016616,49.67304666912311,50.8962961689693,5651065
2023-07-03,50.07173538208008,51.838654042276836,49.899575388440994,51.11376531045158,5278785
2023-07-10,50.40699768066406,50.62446256526082,49.455581033333715,49.89051425906924,4152911
2023-07-17,51.26780700683594,51.49433495552671,49.700230560138664,49.89957626108005,5012381
2023-07-24,51.13188552856445,51.69367383693801,49.7002273268366,51.17719042404681,6725704
2023-07-31,49.11125946044922,50.96878792922822,48.62195826675851,50.760382633369325,6295300
2023-08-07,49.41027069091797,50.262017914826586,48.90285034293007,48.96627788642856,4614727
2023-08-14,48.196083068847656,49.75459639563501,47.93331328651656,49.546191106490056,4887570
2023-08-21,48.48603820800781,48.73975184838515,47.68866235694195,48.14171823181474,4029544
2023-08-28,48.71256637573242,49.22905325554774,48.48603843722511,48.70350677907062,4608241
2023-09-04,48.540409088134766,48.91191478969965,47.28091423298897,48.75787744208256,3892367
2023-09-11,48.739749908447266,49.31059779935587,47.86082044008372,48.721627259388626,7248360
2023-09-18,48.04204559326172,49.26529507807123,47.77021275847539,48.65820186226649,4749605
2023-09-25,47.353397369384766,48.223267254960774,46.11202527025017,47.824575882580376,4660273
2023-10-02,46.49259948730469,47.6071166293083,45.840197860164096,47.34434336764975,5244322
2023-10-09,48.93003463745117,49.76365579065276,46.36573671860754,46.438227317951345,6616182
2023-10-16,49.02064514160156,49.73647426607245,48.44073416460209,48.84848515047424,5464941
2023-10-23,49.99018096923828,51.67554928898397,48.61289422315505,49.002522531764725,5951862
2023-10-30,51.69367599487305,52.30983227747185,49.63680185392442,50.289203437038935,5965676
2023-11-06,51.98363494873047,52.264530861625616,51.31311412723441,51.811474944625765,4398444
2023-11-13,52.13766860961914,52.90786218030517,51.80240478829485,52.056118417478345,5458100
2023-11-20,53.56932830810547,53.614633206509424,51.8205322686836,52.1467330676596,3749545
2023-11-27,53.089088439941406,53.859282057434285,52.89880579889616,53.56026697244063,5567276
2023-12-04,53.659942626953125,53.82304302967973,52.88068591537987,53.05284591535028,4951719
2023-12-11,52.53636169433594,54.1583026442118,51.65743214316055,53.75055164332929,7669930
2023-12-18,52.84443664550781,53.061904984995465,52.23734343603067,52.400443826510916,4222272
2023-12-25,53.17063903808594,53.27031188601631,52.590728057264236,52.84443824723821,1426134
2024-01-01,54.828819274902344,55.43591593155342,53.17063660599645,53.17063660599645,4423884
2024-01-08,55.164085388183594,55.45404087733882,54.58417440987314,54.711029504310794,4866715
2024-01-15,55.81648254394531,56.25141922668849,55.13689872990438,55.84366824695553,5000088
2024-01-22,55.53559112548828,56.13362475448562,54.991921990418454,56.13362475448562,4862551
2024-01-29,55.218448638916016,56.586679313072146,55.218448638916016,55.50840412154341,5352618
2024-02-05,55.17314529418945,56.29672541336939,54.87413020655952,55.227513244914036,3956957
2024-02-12,55.54465103149414,55.72587407752623,54.58417476364568,55.27281819071707,4273500
2024-02-19,55.01004409790039,57.80992957343573,54.31233762819602,55.671505267649245,5930956
2024-02-26,53.206886291503906,55.2184521479968,53.03472283638044,55.2184521479968,6577474
2024-03-04,53.23406982421875,53.90459409692582,52.916932067457346,53.00754186751995,5030886
2024-03-11,54.0042610168457,54.52980751141695,52.98035718825081,53.25219003251014,6721626
2024-03-18,53.97707748413086,54.14923747486929,53.34279855826717,54.12205522805324,3928565
2024-03-25,54.267032623291016,54.711028905505394,53.30655637217991,53.904589994084915,3996282
2024-04-01,52.53636169433594,54.421075895507435,52.02893784251079,54.27609814592057,4367374
2024-04-08,52.35513687133789,52.69946031115693,51.79334854276941,52.48199196586541,4348007
2024-04-15,53.859283447265625,54.81976318713087,51.95645007462671,52.536361066038864,6766896
2024-04-22,52.826316833496094,54.52980797193909,52.53636133629841,54.36670757269763,5514584
2024-04-29,54.234336853027344,55.8874774670913,53.614408674867214,54.779120484458154,5958973
2024-05-06,55.887474060058594,56.13168665586272,54.30947450583335,54.34704677690752,4798617
2024-05-13,56.300758361816406,56.469829998769015,55.60568926153478,56.05654576571207,4832568
2024-05-20,55.5869026184082,56.39468852467497,55.380258712222115,56.1504723477116,3471997
2024-05-27,55.530548095703125,55.94383593697808,54.85426508986182,55.530548095703125,5441293
2024-06-03,56.37590408325195,56.50740345183474,55.26754714364129,55.774762065108355,4874514
2024-06-10,55.229976654052734,56.54497754849485,54.929405635281256,55.69961931876932,6614821
2024-06-17,54.98576354980469,55.79354949913726,52.73147734622957,55.51176103637351,10228444
2024-06-24,53.61440658569336,55.88747528934358,53.29504944071641,55.079689358926046,6457978
2024-07-01,55.00455093383789,55.54933456915398,53.745908431858915,54.159192692550064,5646585
2024-07-08,55.47418975830078,55.5117584462391,54.102830530516385,55.0984742142058,4612748
2024-07-15,54.94818878173828,55.75597469438799,54.27190223475918,55.3426868787501,5409629
2024-07-22,55.455406188964844,55.586905560556474,54.29069081484483,55.229976135458365,4836119
2024-07-29,57.803619384765625,58.029045854770615,54.66640627633136,55.47419222387568,7991689
2024-08-05,56.451045989990234,58.42354730105459,56.03776174136289,57.766046864033136,6635309
2024-08-12,56.82676315307617,57.146120312466614,55.925050085299354,56.5261921304839,4001963
2024-08-19,57.1273307800293,57.57818728711887,55.77476125876058,56.864332046665965,4190534
2024-08-26,58.98711395263672,59.325257221487185,57.052188599019615,57.052188599019615,4663964
2024-09-02,61.260189056396484,61.59833234124442,58.742904139294204,58.818045100877576,6576143
2024-09-09,61.12868881225586,62.312183126123145,60.39604742762046,61.26018818046333,5491625
2024-09-16,60.546329498291016,61.71104126222667,60.45240240165039,60.9971895948154,7152629
2024-09-23,61.57954025268555,61.69225706535743,60.50875561392543,60.75297179162555,5378347
2024-09-30,60.13304138183594,61.842540330640496,59.945187189466324,61.52318677037654,5708559
2024-10-07,60.978397369384766,61.07232446216471,59.94518501644975,60.24575601305226,4071950
2024-10-14,60.865692138671875,61.95525939305779,60.45240430105394,60.77175787290173,5372955
2024-10-21,61.78618621826172,61.93647530683198,59.90761560820242,60.602684727394475,5487919
2024-10-28,62.0491828918457,63.7774715219888,61.278969254004195,61.992828068596644,6371998
2024-11-04,61.541969299316406,63.026041783467264,61.1850434674811,61.936474569024796,5354590
2024-11-11,61.034759521484375,62.0303996067388,60.208183903980014,61.711038891018156,6531075
2024-11-18,61.48561477661133,61.48561477661133,60.28333074118352,60.97839985550682,6194566
2024-11-25,60.73419189453125,61.72983203503889,60.24575951777706,61.56076039172832,6805538
2024-12-02,60.92204666137695,61.41047187652558,60.433614280050016,60.433614280050016,4812475
2024-12-09,61.278968811035156,61.35411335227599,59.94518545181082,60.734188802483814,5021064
2024-12-16,60.18940353393555,61.635903750831375,59.682188613763394,61.222615927095966,6719036
2024-12-23,60.846900939941406,60.846900939941406,59.77611626503183,60.09547341220566,1952834
2024-12-30,60.809326171875,61.241396534702666,60.35847325682781,60.82811589027239,2575764
2025-01-06,60.48997497558594,61.82375838660593,59.98276005178013,60.377258159347484,6127217
2025-01-13,61.07232666015625,61.278970571415925,59.66340230230539,60.22697562853478,6122254
2025-01-20,60.9971923828125,61.673478975421034,60.54633226568066,61.05354721013706,5514829
2025-01-27,63.38297653198242,63.83382947241777,61.07232833908274,61.16626260400353,6112851
2025-02-03,62.83818817138672,63.06361463746007,61.07232721630738,62.91333271547055,6130382
2025-02-10,63.08240509033203,63.739901943268066,62.06797523193508,62.83818890230797,6058519
2025-02-17,64.32225799560547,64.45375735919717,63.0260397456618,63.0260397456618,5735738
2025-02-24,64.67918395996094,66.83954293722694,63.476899966628785,64.67918395996094,10822750
2025-03-03,67.45946502685547,67.94789019402444,64.22832153793303,64.7355364227879,11750349
2025-03-10,67.1025390625,68.49267718855867,66.33232546125734,67.5533919594248,11344465
2025-03-17,67.51582336425781,67.62854017771141,66.31353935213143,66.9334710768592,8782453
2025-03-24,66.52017974853516,67.51581979985555,64.66039183871466,67.51581979985555,6881765
2025-03-31,67.92911529541016,70.3712557387418,65.84390070036797,66.44504274284411,11229200
2025-04-07,66.87711334228516,67.36554573215061,64.4913348848952,66.61411459367073,13364959
2025-04-14,69.26289367675781,69.60103694663441,66.57653723617035,66.89589795379953,6671567
2025-04-21,70.23975372314453,71.12268420002773,68.60539930451614,69.26289614931545,7825015
2025-04-28,72.26861572265625,72.49404219576077,69.97675721986221,70.44639988576732,5808014
2025-05-05,71.85311126708984,73.01265286922118,71.48592481325825,72.64546641538959,5653952
2025-05-12,71.79513549804688,72.02704234112697,68.7223421815394,71.85311036577049,7615562
2025-05-19,73.08995056152344,73.63106894072047,71.52456291460845,72.14299339792863,6225417
2025-05-26,72.70343780517578,73.66972488477955,72.00770992831141,73.39916568204015,6445644
2025-06-02,71.60186767578125,72.99332336249603,71.46658808092675,72.68411180680219,4303363
2025-06-09,70.17176818847656,71.69849612382151,70.17176818847656,71.67917362659303,4733335
2025-06-16,69.16683197021484,70.55828037273758,68.70301092125028,70.01716195910015,6219518
2025-06-23,67.15695190429688,69.92053353646435,66.7511131009623,68.70300975427527,5532562
2025-06-30,66.75111389160156,68.00728268425672,66.40324994971294,67.35020716870994,5077382
2025-07-07,65.55290985107422,66.6931288635305,65.06976632668062,66.48055190543283,5553826
2025-07-14,65.76549530029297,66.05538436873536,65.10841980105077,65.68819793793554,5050622
2025-07-21,64.52864837646484,65.5722401655631,64.08415721566784,65.5722401655631,3938248
2025-07-28,70.05581665039062,70.82884930023474,63.25315439719386,64.7605599549856,9378835
2025-08-04,69.47604370117188,70.79019474196701,68.70301107522693,69.8818825123095,5422148
2025-08-11,69.63064575195312,69.80457772405383,67.98796063825739,69.55334838716374,4021376
2025-08-18,70.77086639404297,72.02704259518008,69.14750374238508,69.84323164626498,4456683
2025-08-25,68.78031158447266,70.94479248301262,68.31649056297871,70.77086052147551,4520927
2025-09-01,72.54883575439453,73.20591126385105,68.66435756337108,69.03155137206421,5697141
2025-09-08,72.12366485595703,72.52950364782241,71.50524173344262,72.37490155328638,3660043
2025-09-15,71.2733383178711,73.1672601427692,70.65491516574868,72.29760028128908,5816572
2025-09-22,70.55828094482422,71.08007686457051,69.80457818480807,70.98344962880688,3894256
2025-09-29,70.69356536865234,71.7951320353866,70.28771919760399,70.73221036381383,4887116
2025-10-06,73.32186126708984,74.01758914699764,69.41806056375141,70.67423672160552,5724528
2025-10-13,74.90657043457031,75.64095067209917,72.16231869398212,73.53444456427621,6294072
2025-10-20,75.15780639648438,76.18206832165608,74.48140840291536,74.48140840291536,4695736
2025-10-27,74.09489440917969,76.12409582519662,73.94028493601989,75.00320663352987,4747112
2025-11-03,75.56364440917969,76.04678793448694,73.41849334945103,73.94028186925993,4543235
2025-11-10,75.8921890258789,77.43824689732858,75.08050403575191,75.21578363874218,5354576
2025-11-17,75.81488037109375,76.04678719677973,74.50072940523141,75.9888123334045,5060194
2025-11-24,74.40410614013672,75.8535367792303,73.99826733051503,75.8535367792303,5765205
2025-12-01,73.61174774169922,75.21578041067946,73.28320631126198,74.46207769145626,4580061
2025-12-08,73.5344467163086,74.23017460672999,72.25894804126456,73.61175145350775,6472993
2025-12-15,75.13848876953125,76.02747115361325,73.72771045422226,73.76635545162958,7247094
2025-12-22,74.28814697265625,74.79062037534969,73.82433330944643,74.65534077589805,1470991
2025-12-29,73.47647094726562,74.52006277008317,73.07063214023171,74.36545329758336,2063756
2026-01-05,74.23017120361328,74.32679843458956,71.19603044341034,73.37984124996287,5292083
2026-01-12,72.89669799804688,75.11915380763051,72.23962250386884,73.49579125567216,7046274
2026-01-19,65.26303100585938,72.02704064234709,62.808660910243006,71.89176103939216,10098715
2026-01-26,63.620338439941406,64.72191250448435,61.37855637307328,64.72191250448435,10427421
2026-02-02,66.82841491699219,69.49536182712521,64.43201982507733,64.45134232202685,11013494
2026-02-09,69.88188171386719,70.22974565434932,65.20505575967364,66.6738088855651,8121311
2026-02-16,71.11872863769531,72.08501573161016,69.51469589533312,69.6306456284042,6519481
2026-02-23,70.19109344482422,71.38928736908838,68.91559478423709,71.21535539845443,6892060
2026-03-02,67.8333511352539,70.22974637514996,66.8477415418957,69.61132322398687,7407128
2026-03-09,69.495361328125,69.495361328125,66.2099839564226,67.02166889398906,7501336
2026-03-16,66.19066619873047,70.94479695054105,66.19066619873047,69.37941657031723,10749128
2026-03-23,64.89584350585938,67.23425645840281,64.02618366378549,65.70752111033812,7203094
2026-03-30,66.90571594238281,67.83335066266469,65.06976899982715,65.10842136802874,4947749
2026-04-06,66.84774017333984,68.29717078648929,66.09403743405178,66.90571503876652,6315005
2026-04-13,65.84280395507812,66.3839223847242,64.99247394103635,66.3839223847242,7324039
2026-04-20,65.28235626220703,66.63515972109991,64.18078952178223,65.61089772054002,7375060
2026-04-27,64.48999786376953,65.28235297704731,63.48505841265387,64.77988693758218,4492550
2026-05-04,62.79999923706055,65.54000091552734,62.2400016784668,65.04000091552734,8000628
2026-05-11,61.2400016784668,63.02000045776367,61.2400016784668,62.560001373291016,8232465
2026-05-18,61.86000061035156,63.81999969482422,60.84000015258789,60.900001525878906,9388088
2026-05-25,60.939998626708984,63.02000045776367,60.939998626708984,61.7400016784668,10012359
2026-06-01,64.41999816894531,65.31999969482422,60.63999938964844,60.900001525878906,10742497
2026-06-08,67.18000030517578,67.22000122070312,63.65999984741211,64.62000274658203,7549198
2026-06-15,65.05999755859375,67.23999786376953,64.77999877929688,66.62000274658203,8771344
2026-06-22,72.12000274658203,72.73999786376953,64.68000030517578,65.0,10827037
2026-06-29,73.4000015258789,74.5,71.4000015258789,71.9000015258789,8576413
2026-07-06,72.41999816894531,74.68000030517578,72.06999969482422,73.5999984741211,6259039
2026-07-13,72.9800033569336,74.12000274658203,70.73999786376953,72.63999938964844,4847744
2026-07-20,70.0,73.22000122070312,68.12000274658203,72.37999725341797,7681416
2026-07-27,67.5199966430664,72.72000122070312,66.81999969482422,70.4800033569336,8437509
2026-08-03,68.22000122070312,69.05999755859375,67.13999938964844,67.27999877929688,6169293
2026-08-10,67.23999786376953,68.4000015258789,66.73999786376953,68.0999984741211,4749036
2026-08-17,66.31999969482422,66.86000061035156,64.83999633789062,66.81999969482422,4908872
2026-08-24,64.4000015258789,66.44000244140625,64.13999938964844,66.41999816894531,4630563
2026-08-31,63.720001220703125,64.83999633789062,63.18000030517578,64.44000244140625,5410901
2026-09-07,61.380001068115234,65.52999877929688,61.380001068115234,63.31999969482422,6000415
2026-09-14,60.540000915527344,62.58000183105469,60.02000045776367,61.599998474121094,8302610
2026-09-21,59.560001373291016,61.2599983215332,59.400001525878906,60.29999923706055,5215454
2026-09-28,59.119998931884766,60.20000076293945,57.2599983215332,59.68000030517578,8009351
