Price,Close,High,Low,Open,Volume
Ticker,BNP.PA,BNP.PA,BNP.PA,BNP.PA,BNP.PA
Date,,,,,
1993-10-18,3.376053810119629,3.3913299904391416,3.208014943350531,3.3073107042636694,49531244
1993-10-25,3.368415594100952,3.437158697388365,3.345501324477862,3.368415594100952,17361607
1993-11-01,3.376053810119629,3.3989680805988978,3.3225868845831816,3.3684157199598728,4851433
1993-11-08,3.376053810119629,3.376053810119629,3.376053810119629,3.376053810119629,0
1993-11-15,3.42952036857605,3.482987288389645,3.307310350264439,3.307310350264439,379287
1993-11-22,3.42952036857605,3.42952036857605,3.42952036857605,3.42952036857605,0
1993-11-29,3.23856782913208,3.2767585805417485,3.2232916463354933,3.2614823977451617,85662
1993-12-06,3.23856782913208,3.23856782913208,3.23856782913208,3.23856782913208,0
1993-12-13,3.261481285095215,3.4524343881637605,3.238566724299405,3.376053205819962,251747
1993-12-20,3.261481285095215,3.2614812850952153,3.2614812850952153,3.2614812850952153,0
1993-12-27,3.345501661300659,3.345501661300659,3.261482075387343,3.261482075387343,103304
1994-01-03,3.345501661300659,3.345501661300659,3.345501661300659,3.345501661300659,0
1994-01-10,3.1621856689453125,3.3455009850011193,3.154547579846006,3.3455009850011193,201028
1994-01-17,3.1621856689453125,3.1621856689453125,3.1621856689453125,3.1621856689453125,0
1994-01-24,3.314948797225952,3.33022497755838,3.1621861106472178,3.1621861106472178,155626
1994-01-31,3.314948797225952,3.3149487972259526,3.3149487972259526,3.3149487972259526,0
1994-02-07,3.3073105812072754,3.3149486710828384,3.2385671834909244,3.3149486710828384,202842
1994-02-14,3.3073105812072754,3.3073105812072754,3.3073105812072754,3.3073105812072754,0
1994-02-21,3.1087193489074707,3.307310881368206,3.0858050772011563,3.307310881368206,126149
1994-02-28,3.1087193489074707,3.1087193489074707,3.1087193489074707,3.1087193489074707,0
1994-03-07,2.910127639770508,3.1087188456649293,2.902489256020076,3.1087188456649293,151992
1994-03-14,2.910127639770508,2.910127639770508,2.910127639770508,2.910127639770508,0
1994-03-21,2.8948519229888916,2.994147699086907,2.8872138316610747,2.9101284000627237,137773
1994-03-28,2.8948519229888916,2.8948519229888916,2.8948519229888916,2.8948519229888916,0
1994-04-04,2.8948519229888916,2.8948519229888916,2.8948519229888916,2.8948519229888916,0
1994-04-11,2.9788711071014404,3.009423468214475,2.8948515252042784,2.8948515252042784,91959
1994-04-18,2.9788711071014404,2.9788711071014404,2.9788711071014404,2.9788711071014404,0
1994-04-25,2.82610821723938,2.978870895191866,2.8108320377695724,2.978870895191866,99780
1994-05-02,2.82610821723938,2.8261082172393794,2.8261082172393794,2.8261082172393794,0
1994-05-09,2.82610821723938,2.8261082172393794,2.8261082172393794,2.8261082172393794,0
1994-05-16,2.82610821723938,2.8261082172393794,2.8261082172393794,2.8261082172393794,0
1994-05-23,3.0246999263763428,3.177462319928703,2.826108402572855,2.826108402572855,120971
1994-05-30,2.93304181098938,2.9788706398892018,2.93304181098938,2.94831798914995,358065
1994-06-06,2.9483180046081543,2.9635941828488184,2.8642987298663893,2.9330418263674907,101130
1994-06-13,2.9483180046081543,2.9483180046081543,2.9483180046081543,2.9483180046081543,0
1994-06-20,2.818469524383545,2.948317610927146,2.7955552600822298,2.948317610927146,92691
1994-06-27,3.0678913593292236,3.0678913593292236,3.0678913593292236,3.0678913593292236,0
1994-07-04,2.9514951705932617,3.067892184902145,2.926552770114026,3.067892184902145,65602
1994-07-11,2.9514951705932617,2.951495170593262,2.951495170593262,2.951495170593262,0
1994-07-18,3.250800848007202,3.300685314911849,2.951494367052063,2.951494367052063,232218
1994-07-25,3.250800848007202,3.250800848007202,3.250800848007202,3.250800848007202,0
1994-08-01,3.142719268798828,3.2508022744396103,3.109463156584978,3.2508022744396103,178939
1994-08-08,3.142719268798828,3.142719268798828,3.142719268798828,3.142719268798828,0
1994-08-15,3.142719268798828,3.142719268798828,3.142719268798828,3.142719268798828,0
1994-08-22,2.893296957015991,2.9265530670656292,2.876668901991172,2.918239360026084,139535
1994-08-29,3.1344056129455566,3.142719641986282,2.8932974888728213,2.8932974888728213,363238
1994-09-05,2.984750747680664,3.0180071689279755,2.959808672099761,3.0096931437343413,71043
1994-09-12,2.984750747680664,2.984750747680664,2.984750747680664,2.984750747680664,0
1994-09-19,2.9348669052124023,2.9514949573486335,2.876668402262785,2.876668402262785,97816
1994-09-26,2.9348669052124023,2.9348669052124023,2.9348669052124023,2.9348669052124023,0
1994-10-03,3.1094624996185303,3.1260905522122844,3.0180075694072475,3.0595780213644503,139604
1994-10-10,3.1094624996185303,3.1094624996185303,3.1094624996185303,3.1094624996185303,0
1994-10-17,3.209230661392212,3.2923715530200157,3.2009166363239854,3.2591151322743404,108688
1994-10-24,3.209230661392212,3.2092306613922115,3.2092306613922115,3.2092306613922115,0
1994-10-31,3.1759743690490723,3.2258588419479968,3.1759743690490723,3.209230791139283,118801
1994-11-07,3.1759743690490723,3.1759743690490723,3.1759743690490723,3.1759743690490723,0
1994-11-14,3.3256280422210693,3.34225641477496,3.1759746120728973,3.1759746120728973,58671
1994-11-21,3.3256280422210693,3.3256280422210693,3.3256280422210693,3.3256280422210693,0
1994-11-28,3.417083740234375,3.4420258239809463,3.3256287922178553,3.3256287922178553,108628
1994-12-05,3.417083740234375,3.417083740234375,3.417083740234375,3.417083740234375,0
1994-12-12,3.2757437229156494,3.4170831338151193,3.275743722915649,3.4170831338151193,77045
1994-12-19,3.2757437229156494,3.275743722915649,3.275743722915649,3.275743722915649,0
1994-12-26,3.1094624996185303,3.2757436665017066,3.0678920476613274,3.2757436665017066,157796
1995-01-02,3.1094624996185303,3.1094624996185303,3.1094624996185303,3.1094624996185303,0
1995-01-09,3.1094624996185303,3.1094624996185303,3.1094624996185303,3.1094624996185303,0
1995-01-16,3.1593470573425293,3.1842894598634444,3.117776920595767,3.117776920595767,416012
1995-01-23,3.1593470573425293,3.1593470573425293,3.1593470573425293,3.1593470573425293,0
1995-01-30,3.00137996673584,3.018008021822225,2.9847515911765887,2.9847515911765887,54184
1995-02-06,3.00137996673584,3.00137996673584,3.00137996673584,3.00137996673584,0
1995-02-13,3.151033639907837,3.1926041051738436,3.1427196109492193,3.1926041051738436,54552
1995-02-20,3.151033639907837,3.151033639907837,3.151033639907837,3.151033639907837,0
1995-02-27,2.968122720718384,3.0013791422281617,2.9431806449406337,2.968122720718384,79951
1995-03-06,2.968122720718384,2.968122720718384,2.968122720718384,2.968122720718384,0
1995-03-13,2.8101553916931152,2.835097465623355,2.7353285289568885,2.835097465623355,87311
1995-03-20,2.8101553916931152,2.8101553916931152,2.8101553916931152,2.8101553916931152,0
1995-03-27,3.2009170055389404,3.2092310315661616,2.8683543620860568,2.876668388113278,3910346
1995-04-03,3.2009170055389404,3.2009170055389404,3.2009170055389404,3.2009170055389404,0
1995-04-10,3.2009170055389404,3.2009170055389404,3.2009170055389404,3.2009170055389404,0
1995-04-17,3.2009170055389404,3.2009170055389404,3.2009170055389404,3.2009170055389404,0
1995-04-24,3.2009170055389404,3.2009170055389404,3.2009170055389404,3.2009170055389404,0
1995-05-01,3.2009170055389404,3.2009170055389404,3.2009170055389404,3.2009170055389404,0
1995-05-08,3.2009170055389404,3.2009170055389404,3.2009170055389404,3.2009170055389404,0
1995-05-15,3.2009170055389404,3.2009170055389404,3.2009170055389404,3.2009170055389404,0
1995-05-22,3.2009170055389404,3.2009170055389404,3.2009170055389404,3.2009170055389404,0
1995-05-29,3.2009170055389404,3.2009170055389404,3.2009170055389404,3.2009170055389404,0
1995-06-05,3.2009170055389404,3.2009170055389404,3.2009170055389404,3.2009170055389404,0
1995-06-12,3.2009170055389404,3.2009170055389404,3.2009170055389404,3.2009170055389404,0
1995-06-19,3.2009170055389404,3.2009170055389404,3.2009170055389404,3.2009170055389404,0
1995-06-26,3.4910852909088135,3.4910852909088135,3.4910852909088135,3.4910852909088135,0
1995-07-03,3.4910852909088135,3.4910852909088135,3.4910852909088135,3.4910852909088135,0
1995-07-10,3.4910852909088135,3.4910852909088135,3.4910852909088135,3.4910852909088135,0
1995-07-17,3.4910852909088135,3.4910852909088135,3.4910852909088135,3.4910852909088135,0
1995-07-24,3.4910852909088135,3.4910852909088135,3.4910852909088135,3.4910852909088135,0
1995-07-31,3.2009170055389404,3.491084964891571,3.073968435941127,3.491084964891571,3694750
1995-08-07,3.055832862854004,3.2190526120952367,3.028629746075884,3.2190526120952367,3788318
1995-08-14,3.0286293029785156,3.173713270283953,2.9923584859142167,3.05583241577674,3363928
1995-08-21,2.9742231369018555,3.092104007621185,2.937952314849243,3.037697425018097,4079806
1995-08-28,2.801936626434326,2.9651562442247785,2.7838012104365712,2.9651562442247785,9584351
1995-09-04,2.76566481590271,2.9288843965711484,2.76566481590271,2.829139281744867,9346797
1995-09-11,2.892613410949707,2.9288842326661513,2.765664661131739,2.765664661131739,13330353
1995-09-18,2.747530221939087,2.919817734594267,2.747530221939087,2.8654111332545105,10709529
1995-09-25,2.665919780731201,2.8019360728919027,2.6387164873466413,2.7656648985377577,12523125
1995-10-02,2.7203259468078613,2.7475292377331146,2.6205808380187356,2.6659195397194364,6735591
1995-10-09,2.665919780731201,2.720326192738223,2.6205810749316667,2.7021907803232486,5785973
1995-10-16,2.5571069717407227,2.711258873054789,2.538971556740316,2.6840555757920566,6648296
1995-10-23,2.548038959503174,2.6205811351153536,2.511767959078135,2.5389712530874395,4946721
1995-10-30,2.892613410949707,2.901681291140901,2.51176768578205,2.5752419733099927,13651524
1995-11-06,3.0649001598358154,3.0830355665352465,2.820070596535116,2.865409462807778,15426843
1995-11-13,3.2643916606903076,3.2915947788943143,3.028629904825489,3.028629904825489,10495467
1995-11-20,3.228121042251587,3.273459929915772,3.110240144039257,3.2643922222877846,6818408
1995-11-27,2.956088066101074,3.2462560740150064,2.956088066101074,3.228120660901438,4844665
1995-12-04,3.1374428272247314,3.14651053257174,2.8382068031526395,2.9016812648679426,8647848
1995-12-11,3.1465110778808594,3.2371884965900435,2.98329130477526,3.1374433709623633,6302552
1995-12-18,3.0649001598358154,3.1283744328079086,2.9288835610178285,3.1102386765843923,6326649
1995-12-25,3.055832862854004,3.1374429122367062,3.0014262797735927,3.064900917970882,2583245
1996-01-01,3.0286293029785156,3.1465101574857286,2.9742227278579465,3.05583241577674,4096447
1996-01-08,2.7838008403778076,3.0558332675169884,2.774732958822218,2.9832912636449254,7061601
1996-01-15,2.8563425540924072,2.9832909605915905,2.783800557589419,2.783800557589419,7145308
1996-01-22,2.801936626434326,2.8563432239518542,2.702191314160279,2.82913992519309,9079935
1996-01-29,2.9016809463500977,2.9923585141527393,2.747528923799751,2.7747322116167497,7838085
1996-02-05,2.6568517684936523,2.9016813968583115,2.59337765341523,2.874478104817794,10737043
1996-02-12,2.602445125579834,2.7203256314802418,2.593377246481135,2.6568513515996575,5642396
1996-02-19,2.638716697692871,2.6840554071065967,2.566174692726065,2.60244586997158,1734455
1996-02-26,2.7747325897216797,2.7747325897216797,2.611513015340282,2.629648426514834,6543896
1996-03-04,2.575242757797241,2.7747333865803174,2.5571071666523544,2.7747333865803174,5967327
1996-03-11,2.6296486854553223,2.6931231551028185,2.520835683406978,2.5480389776095898,9836089
1996-03-18,2.674988031387329,2.7384625120451926,2.6296491415977314,2.6296491415977314,8696161
1996-03-25,2.7203259468078613,2.783800408808174,2.6931228306446897,2.6931228306446897,8100544
1996-04-01,2.7747325897216797,2.7747325897216797,2.711258301086576,2.7475292981977657,6797255
1996-04-08,2.820071220397949,2.8926133875297504,2.738461697434616,2.7747325188573946,6658903
1996-04-15,2.8563425540924072,2.892613552343901,2.774732676954977,2.820071381078822,7565723
1996-04-22,2.9016809463500977,2.928883884642972,2.783800090730457,2.8382064916023926,6229025
1996-04-29,2.883545160293579,3.0104938938017445,2.8382064642108533,2.9288838563763053,6868051
1996-05-06,2.8563425540924072,2.901681432978343,2.792868088699678,2.820071381078822,3697867
1996-05-13,2.7838008403778076,2.8382072559008003,2.7475296636796673,2.82007166755173,2967117
1996-05-20,2.6296486854553223,2.774732862948551,2.620581153737256,2.7565974499882118,8522231
1996-05-27,2.674988031387329,2.711259038361727,2.6296491415977314,2.6296491415977314,5979970
1996-06-03,2.602445125579834,2.684054639371631,2.584309367382436,2.6568513515996575,7634740
1996-06-10,2.9166996479034424,3.040814670739598,2.906356795779767,2.9787571593215203,7216860
1996-06-17,2.8339571952819824,2.927043281586956,2.7615566180009274,2.916700228067918,7632175
1996-06-24,2.844299793243408,2.9787576922594825,2.7925853240346368,2.9270432230507106,9838270
1996-07-01,2.8339571952819824,2.8649857578249387,2.8236141417629446,2.8442998501249153,5569578
1996-07-08,2.958070993423462,3.0304711463280887,2.7718986875621816,2.8029274384287253,13761417
1996-07-15,2.8029279708862305,2.9891003121136928,2.8029279708862305,2.9373856510661636,8152143
1996-07-22,2.7718989849090576,2.854642196537208,2.7201843281379614,2.8029277391041147,6299378
1996-07-29,2.8029279708862305,2.833956727647144,2.7201845530777877,2.771899214125317,6488086
1996-08-05,2.7822420597076416,2.8236136688403706,2.75121330302359,2.8029279639430156,3983603
1996-08-12,2.720184803009033,2.7718994688081184,2.6994990961598293,2.761556416045479,1595036
1996-08-19,2.9063572883605957,2.9167001422372185,2.699499214137907,2.7098420680145296,8295667
1996-08-26,2.875328779220581,2.9373863065915518,2.823614305970148,2.875328779220581,4972707
1996-09-02,2.875328779220581,2.9063575429060666,2.8029285964052004,2.8546430696556335,7444670
1996-09-09,3.030472755432129,3.113216201456907,2.864986262058748,2.8753291180600624,17388251
1996-09-16,2.968414545059204,3.0511575624604386,2.947728441867369,3.0304716586066185,9215769
1996-09-23,3.0408148765563965,3.061500582203854,2.9270428974813005,2.9270428974813005,11547197
1996-09-30,3.102872133255005,3.1132151852181513,3.0408148181662393,3.0511576707913632,16538245
1996-10-07,3.092528820037842,3.1442434741372796,3.040814365276397,3.092528820037842,7064225
1996-10-14,3.144244432449341,3.1545870873483035,3.0821869083511384,3.0925297625881543,8614293
1996-10-21,3.1132149696350098,3.144243724699732,3.0615003114144694,3.144243724699732,4041555
1996-10-28,3.0201292037963867,3.1235583311740363,2.9477286352278065,3.0925293736889103,7084996
1996-11-04,3.1545870304107666,3.185615791899826,2.978757714202847,2.978757714202847,6301427
1996-11-11,3.330415964126587,3.423501828083841,3.1545862904844277,3.1545862904844277,27039223
1996-11-18,3.216643810272217,3.3304159758942022,3.1856150559514935,3.309730272572389,8112307
1996-11-25,3.2787015438079834,3.289044196211503,3.1856150807822345,3.247672589907397,7226232
1996-12-02,3.216643810272217,3.309730272572389,3.164929352629681,3.2476725645929396,9035519
1996-12-09,3.144244432449341,3.268359281307693,3.10287261682517,3.2373305192585913,8726655
1996-12-16,3.144244432449341,3.195958902972474,3.1339013788742713,3.1545870873483035,8731113
1996-12-23,3.1752734184265137,3.1959591283593523,3.1235589442563487,3.1235589442563487,4820823
1996-12-30,3.1752734184265137,3.1856160740548654,3.113215889951862,3.1752734184265137,6373202
1997-01-06,3.133901357650757,3.1752731729947477,3.123558702821837,3.164930119489724,7652439
1997-01-13,3.092528820037842,3.1856148784760414,3.092528820037842,3.154586125883977,14403901
1997-01-20,3.568303346633911,3.620017610549614,3.051157717406505,3.144243990468846,25413042
1997-01-27,3.4959030151367188,3.599331942728813,3.43384549911104,3.5476172795947387,14725272
1997-02-03,3.5476174354553223,3.5579602888013278,3.382130984567088,3.4648742100112053,11010496
1997-02-10,3.7337892055511475,3.795846312560871,3.4855591828082977,3.4855591828082977,17328999
1997-02-17,3.940647840499878,3.9509902940828248,3.661389234803375,3.7027606438392837,13423494
1997-02-24,4.075104713439941,4.11647651500868,3.88893260307055,3.9406472553624794,11277786
1997-03-03,4.2405924797058105,4.395736072978798,4.033734222449806,4.054419928572589,19604000
1997-03-10,4.03373384475708,4.240592082644218,3.7648180956361985,4.14750561645559,16646685
1997-03-17,3.816532611846924,4.002705138575949,3.7337893995260263,3.992361888194329,8558673
1997-03-24,3.940647840499878,4.013047806312717,3.7544753038101994,3.7958467128461075,8889691
1997-03-31,3.764819860458374,3.9406496244897897,3.6924194631927816,3.9406496244897897,7674816
1997-04-07,3.7337892055511475,3.878589919259147,3.7131031045385843,3.8682470680908594,6592063
1997-04-14,3.526931047439575,3.826875331235539,3.526931047439575,3.671731763663557,8954307
1997-04-21,3.7337892055511475,3.764817759056009,3.4545306293034357,3.4855591828082977,13177002
1997-04-28,3.9303040504455566,3.9613330016422807,3.671731583411391,3.733789087128864,9147406
1997-05-05,3.8579046726226807,3.9199621920517242,3.723447178981843,3.8165332587873695,7005472
1997-05-12,4.01304817199707,4.188877872450049,3.816533163817243,3.816533163817243,13308895
1997-05-19,4.147505760192871,4.2095632735773,3.9716764711670214,4.013047880972615,16369082
1997-05-26,3.7337892055511475,3.9923616807862956,3.54761668849401,3.8992756215957214,22442936
1997-06-02,3.599331855773926,3.7751611480355103,3.4545311214375465,3.526931488605736,24332028
1997-06-09,4.463445663452148,4.475707811887827,4.132365765059615,4.267250343166686,23062007
1997-06-16,4.144627571105957,4.524755988488435,4.107840660375814,4.487969550415502,16127131
1997-06-23,4.671902179718018,4.671902179718018,4.107840215136604,4.132364504527096,17404944
1997-06-30,4.659639358520508,4.659639358520508,4.5124931559576025,4.598328637726438,10957644
1997-07-07,4.696426868438721,4.8435730899504525,4.622853521354255,4.622853521354255,9058392
1997-07-14,4.635116100311279,4.880360455962091,4.598329659659417,4.696427307388293,10809198
1997-07-21,5.199176788330078,5.272750129490278,4.549279807953109,4.659639583364828,27852478
1997-07-28,5.321797847747803,5.628352807673149,5.162389060617523,5.162389060617523,20183665
1997-08-04,5.321797847747803,5.554779957604137,5.039767171178793,5.248224525021747,10155853
1997-08-11,5.150126934051514,5.35858428850615,5.10107789453787,5.211438115279307,6362354
1997-08-18,5.297275543212891,5.493470828667319,4.917146645905563,5.0765554925837435,14961775
1997-08-25,4.843572616577148,5.32179908955942,4.843572616577148,5.285012183283855,8718892
1997-09-01,5.334061145782471,5.407634484458288,4.843572536381782,4.855835153375374,7105394
1997-09-08,5.235961437225342,5.505729923370048,5.199174546181044,5.260485716150236,13839446
1997-09-15,5.419895172119141,5.481206349980243,5.260486393274485,5.272748534315302,11943013
1997-09-22,5.591567516326904,5.6406160929841604,5.395372264383604,5.395372264383604,17052413
1997-09-29,5.836812973022461,5.934910618413225,5.493470977826171,5.517995271009554,13298119
1997-10-06,5.714188575744629,5.971694982641879,5.628353106778878,5.665140006425382,13661621
1997-10-13,5.763237953186035,6.069792947246408,5.726451051398249,5.763237953186035,16606999
1997-10-20,5.530256271362305,6.069793445511937,5.481207695161684,5.714189377428901,16046460
1997-10-27,4.7699995040893555,5.346323103755539,4.414395440099587,5.33406095984653,29305550
1997-11-03,4.684164047241211,5.088817202357579,4.659639756827243,4.80678644462541,15875870
1997-11-10,4.647377014160156,4.757736779492499,4.586066296007254,4.684163445051897,8096354
1997-11-17,5.248225212097168,5.383109260872515,4.79452354732301,4.855834736397497,17912327
1997-11-24,5.3831095695495605,5.456682906126351,4.953932639389695,5.137865744503103,14223895
1997-12-01,5.640615940093994,5.714189275742795,5.309536638660081,5.383109501651755,12626785
1997-12-08,6.278252601623535,6.597069830370547,5.775501756380607,5.80002604951717,29224710
1997-12-15,5.763237953186035,6.253726510871147,5.714188908354686,6.167890564252011,12974907
1997-12-22,5.7264509201049805,5.922646622275003,5.6651402062928655,5.6651402062928655,5439849
1997-12-29,6.069793701171875,6.094318462962304,5.787762958167758,5.800025102734395,6496915
1998-01-05,5.419895172119141,6.167889556865111,5.309535430094771,5.9839564959388225,19385188
1998-01-12,5.493470191955566,5.554781388800358,5.101079193868932,5.272750166908616,16394998
1998-01-19,5.640615940093994,5.640615940093994,5.407634261972773,5.5179940291174105,15032168
1998-01-26,5.922647953033447,5.922647953033447,5.530256933184235,5.689665770227441,13313843
1998-02-02,6.2292022705078125,6.3150377516128975,5.836811769831502,6.069793452361635,19169944
1998-02-09,6.045268535614014,6.4253968526985386,5.922646635067837,6.106579722215645,12880070
1998-02-16,6.633854866027832,6.6706417706040035,5.996220543488361,5.996220543488361,15766667
1998-02-23,6.879099369049072,7.050769850663617,6.63385460848143,6.63385460848143,15448584
1998-03-02,7.725193977355957,7.884602838750265,6.781003429038121,6.879101553478668,26400936
1998-03-09,8.203417778015137,8.30151492385555,7.492209216758213,7.651618024063091,24231225
1998-03-16,8.387349128723145,8.742953591818102,7.847812545036911,7.847812545036911,17211750
1998-03-23,9.270232200622559,9.380591995235388,8.044010895025748,8.080797808334854,22260740
1998-03-30,9.760717391967773,9.94465094686782,8.988198162953044,9.221180287700777,16829139
1998-04-06,10.042750358581543,10.803007144473723,9.294755245268227,9.650359820399409,13530610
1998-04-13,9.221181869506836,10.471927232375352,9.098559478538766,10.04274980930142,15757194
1998-04-20,9.294754028320312,9.871078087557423,9.20891855024913,9.405113793652655,15242105
1998-04-27,9.478687286376953,9.478687286376953,8.828790386911065,9.257967763032728,13293734
1998-05-04,9.772982597351074,10.09179933117545,9.527737792483835,9.625835903493611,13909091
1998-05-11,9.650359153747559,10.398354215388986,9.515475092811753,10.018225376045214,17043821
1998-05-18,9.723933219909668,9.797507040635992,9.270231458250189,9.441902446192392,14015282
1998-05-25,10.46448040008545,10.827178078781102,10.155516362864134,10.665979225537443,16298815
1998-06-01,10.46448040008545,10.625679253329109,10.155516362864134,10.46448040008545,462645
1998-06-08,9.900287628173828,10.692848441004319,9.900287628173828,10.61224951022374,13229114
1998-06-15,9.967452049255371,10.115218281313805,9.32265761736409,9.833120523188288,15236874
1998-06-22,10.155522346496582,10.303287617537519,9.618192864286481,9.73909285214574,22853606
1998-06-29,10.773447036743164,10.813745979211516,10.10178522332944,10.209251486287974,21581794
1998-07-06,10.571949005126953,11.082411981640163,10.397317479261858,10.652547931928558,11903859
1998-07-13,11.163009643554688,11.163009643554688,10.571947807213432,10.571947807213432,6935353
1998-07-20,10.652547836303711,11.754072706243667,10.612248891059615,11.163010808234644,16685569
1998-07-27,11.324209213256836,11.364508156783085,10.357016963599348,10.652547382211159,10232934
1998-08-03,10.22268295288086,11.095842485554096,9.954018879592828,10.894344689485498,15201378
1998-08-10,9.537590980529785,10.142086591922787,8.906229058611089,10.101786608339262,15638542
1998-08-17,9.000263214111328,10.074922033856932,8.973396898956208,9.376393697463275,11687638
1998-08-24,8.113670349121094,9.228628079485786,7.8181388229816005,9.067429159372434,19911064
1998-08-31,7.307675838470459,8.234568280363199,6.944978548349593,8.153969342820803,20144246
1998-09-07,6.649445056915283,8.046500549240058,6.407647299621374,7.6703702442985735,28675235
1998-09-14,7.039009094238281,7.656937725287775,6.86437707855484,7.1330416782374515,15983911
1998-09-21,6.55541467666626,7.96590379269399,6.2867505269614545,6.7837793592538445,21418333
1998-09-28,5.427023410797119,6.998710770938969,5.2658245213177155,6.716612973247488,28045716
1998-10-05,6.17928409576416,6.47481506750338,5.386723785999658,5.45389008069334,19449747
1998-10-12,6.877812385559082,7.213642826742625,6.394216198154186,6.55541458209249,22181575
1998-10-19,6.730045795440674,7.347973978276448,6.676313180130569,6.77034577471818,13972578
1998-10-26,7.200209617614746,7.307675378705041,6.6763139675751795,6.797212884077389,10830352
1998-11-02,7.146474838256836,7.804702926960653,7.146474838256836,7.267373727016145,13901119
1998-11-09,7.495739936828613,7.509173091069864,6.985277486686365,7.307674741861215,9772268
1998-11-16,8.15396785736084,8.167401011170703,7.133042472067038,7.495739696113053,16205134
1998-11-23,9.524157524108887,9.631622756971058,8.422632673732364,8.39576636551682,22069233
1998-11-30,9.188323974609375,9.792819395350504,8.382330770680966,9.443555397490956,20851930
1998-12-07,8.933094024658203,9.470423261071053,8.624130464523427,9.255491773623875,15685347
1998-12-14,8.194267272949219,8.798762815575822,7.9927689313386585,8.62413078143469,14106125
1998-12-21,9.107728004455566,9.107728004455566,8.153968796192125,8.153968796192125,5227533
1998-12-28,9.430126190185547,9.430126190185547,8.879363173459144,8.973395782598772,3880453
1999-01-04,10.74658203125,11.068979854644018,9.524159108360289,9.819689583479763,23555424
1999-01-11,9.28235912322998,11.015245924169875,8.530098832628083,10.961512269577293,24208175
1999-01-18,10.343583106994629,11.216742746821184,9.725654937687807,9.927153794073858,27147514
1999-01-25,10.733149528503418,11.203312595405887,9.954022308435048,10.142087535196037,13465212
1999-02-01,10.357015609741211,11.807803276787084,9.994317916287454,11.552571835065107,20023141
1999-02-08,9.980886459350586,10.47791573160854,9.416690901286449,10.343583159996172,14977991
1999-02-15,10.007753372192383,10.048053353232886,9.349525181283687,10.021186008812617,13379826
1999-02-22,9.765957832336426,10.451052491684244,9.564458915779941,10.195820944948753,12764347
1999-03-01,10.74658203125,11.122712480013003,9.45699280885403,10.074921107367523,22890516
1999-03-08,10.74658203125,11.445110303407022,10.088353745914743,10.854048317578023,43216198
1999-03-15,10.827181816101074,11.015247037203304,10.343585089442476,10.598816608879789,25078856
1999-03-22,10.343583106994629,10.813746069638915,10.101785307803235,10.639114555909538,15082960
1999-03-29,10.74658203125,10.894348304399788,10.14208740687378,10.47791786881502,8791729
1999-04-05,10.155522346496582,10.880917095700706,9.752525493736577,10.74658446625061,17255437
1999-04-12,10.101785659790039,10.477916043011362,9.712221604772296,10.101785659790039,16689784
1999-04-19,9.64505672454834,10.142086030747286,9.618189379919285,10.142086030747286,13876480
1999-04-26,10.531646728515625,10.545080397849588,9.725653493809489,9.725653493809489,11801457
1999-05-03,10.639116287231445,10.692848910109129,10.303284805270918,10.545083679400499,11418631
1999-05-10,10.961512565612793,11.418242946239964,10.451050600121778,10.598815824164708,16392852
1999-05-17,11.347498893737793,11.757649392669691,10.910005168740193,10.978363760891039,18181593
1999-05-24,11.046721458435059,11.347497974772908,10.732272803184996,11.347497974772908,6632049
1999-05-31,11.087737083435059,11.41585683138462,10.937347767736183,11.156094617693594,8230432
1999-06-07,11.538902282714844,11.620933013125947,10.923677074497318,11.07406534162014,252978085
1999-06-14,11.757649421691895,11.935381972517437,11.306484609534388,11.484216106386754,17113440
1999-06-21,10.910006523132324,11.853352682387431,10.718602862937956,11.757650852290247,20207423
1999-06-28,10.43149471282959,11.169765935902914,10.36313612962259,10.773286574891541,19556683
1999-07-05,10.45883846282959,10.609227775059376,10.199076255130601,10.404152015094988,16743326
1999-07-12,10.855319023132324,10.964692984456724,10.25376487078114,10.445168512618935,14438270
1999-07-19,10.253765106201172,10.8006328174325,10.22642187873559,10.704930994316348,19194386
1999-07-26,10.527193069458008,10.745939831667693,9.638533886868105,10.11704275856826,33173338
1999-08-02,10.048688888549805,10.52719798362105,9.706896978919824,10.404152938313185,41309100
1999-08-09,10.30844783782959,10.376806408789763,9.925640683630894,10.035014607961742,14163353
1999-08-16,10.240093231201172,10.322123969699755,9.898301298052418,10.11704817742655,32778203
1999-08-23,10.390481948852539,10.773288174498958,10.117047575425277,10.17173402852145,56196063
1999-08-30,9.85728645324707,10.404154207764407,9.693227075467851,10.404154207764407,51441626
1999-09-06,10.78696060180664,10.827975969706811,9.939316340366865,9.966659567642571,59098857
1999-09-13,10.841645240783691,11.04672099196872,10.458838015083405,10.80063093372512,38112252
1999-09-20,10.30844783782959,10.868986433346459,10.11704426073024,10.855315351538133,35623216
1999-09-27,10.253765106201172,10.486183066645234,10.117047914900033,10.445168752433476,29328046
1999-10-04,10.513525009155273,10.732271834188868,10.1717321069406,10.185404244618386,25433009
1999-10-11,10.322123527526855,10.691258673037927,10.117047744038564,10.472511803034342,26736352
1999-10-18,10.554542541503906,10.71860297393709,10.06236229817767,10.267437048239163,26305570
1999-10-25,11.415858268737793,11.579918690355727,10.40415356506266,10.650243670502936,50717982
1999-11-01,11.634600639343262,12.017407790172724,11.169763836467272,11.415853846579688,37413671
1999-11-08,12.37287425994873,12.646308597433688,11.593588716857328,11.73030483162675,50183057
1999-11-15,12.44123363494873,12.810368749243947,12.126784970036557,12.38654718556569,42482640
1999-11-22,12.16779899597168,12.550606240660748,12.044753960746352,12.468576568501561,25284699
1999-11-29,12.38654899597168,12.577952650760821,12.017412773750749,12.290847168577109,29686766
1999-12-06,12.564277648925781,12.6189640938513,12.208813648963835,12.427560482638947,22028570
1999-12-13,12.16779899597168,12.673652329859173,12.167798995971681,12.536935155620766,20354927
1999-12-20,12.564277648925781,12.6189640938513,11.921708232145306,12.277172232107253,16103473
1999-12-27,12.523262977600098,12.742009823316337,12.38654685776063,12.454904390693816,9413451
2000-01-03,11.771321296691895,12.878727727003508,11.620933029358998,12.577951192337714,27478907
2000-01-10,11.689292907714844,12.14045775940934,11.26547023057645,11.908039789923068,32930201
2000-01-17,11.019378662109375,11.826007485925047,10.951020072842326,11.784993175543322,32041263
2000-01-24,11.333827018737793,11.333827018737793,10.800631512639667,11.019378359911384,25083662
2000-01-31,10.923678398132324,11.333828937966818,10.841647657781458,11.15609636985546,25825349
2000-02-07,10.71860122680664,10.937348083070741,10.294779653908197,10.937348083070741,35727114
2000-02-14,11.402185440063477,11.867022351999136,10.40415197582231,10.732272768937532,41578665
2000-02-21,11.251798629760742,11.77132315869187,10.814304844331014,11.292814001511442,34947832
2000-02-28,11.798662185668945,11.83967754280934,10.827973129147832,11.14242174128733,36674986
2000-03-06,11.634600639343262,12.61896173376576,11.361167411882004,11.894362785116517,47199476
2000-03-13,11.620931625366211,12.072097426830073,11.183436908022843,11.579916265058669,34174666
2000-03-20,11.415858268737793,11.853352023736784,11.333828584915452,11.538903321457932,25761004
2000-03-27,11.279142379760742,11.634605404865818,11.14242518304447,11.361172065406542,29814509
2000-04-03,11.990063667297363,12.441229354411929,11.320151203939655,11.52522689952728,45917026
2000-04-10,12.536938667297363,12.687326968700479,11.921712264868775,12.017414102847738,32092541
2000-04-17,11.962725639343262,12.208815737580874,11.71663554110565,12.044755320764727,22468260
2000-04-24,12.154126167297363,12.441231559625944,11.935379352281245,11.962722572411643,23831930
2000-05-01,12.208816528320312,12.413892326116128,12.085771471232135,12.154130070497407,16067187
2000-05-08,13.138489723205566,13.343565492000733,12.154128351729662,12.236158026863848,40643145
2000-05-15,13.1521577835083,13.644338883022307,12.988098470976526,13.09747134599771,30065420
2000-05-22,13.006448745727539,13.465990512208515,12.783639250197554,13.271033008776811,37688467
2000-05-29,13.7445068359375,14.023017196172296,12.908974681690015,13.076080253705031,23906529
2000-06-05,13.78628158569336,14.162271776408215,13.660951879969414,13.78628158569336,26128103
2000-06-12,13.674878120422363,14.440782368222454,13.52169748557095,13.786281828116831,29902390
2000-06-19,13.410290718078613,14.00908931564641,13.284961028713928,13.535620407443297,43331480
2000-06-26,14.036940574645996,14.259749035913389,13.243184424934444,13.424217037774945,26554454
2000-07-03,14.677515029907227,14.747142875318504,13.967312724380841,14.12049334015991,25218824
2000-07-10,14.064791679382324,14.900323688289326,14.0230147568741,14.580036453993072,15335863
2000-07-17,14.245820045471191,14.677511952379776,14.134416375006186,14.468628459943877,15776441
2000-07-24,14.649663925170898,14.802844539054455,14.204047008304437,14.399003470083487,29800023
2000-07-31,14.788920402526855,15.234538449035734,14.37115435617849,14.691441622594137,19960678
2000-08-07,14.747148513793945,15.248467474762514,14.552190901518767,14.969957060173677,22087896
2000-08-14,15.011726379394531,15.24845973590866,14.705364112641917,14.886395629216576,10973654
2000-08-21,14.969952583312988,15.318090765821896,14.858547806667783,14.900324732102607,18735731
2000-08-28,14.44078540802002,15.095286085898591,14.204051942565162,15.039584220326066,29586027
2000-09-04,14.412930488586426,14.969952210868051,14.315451714025714,14.56611111331241,28141722
2000-09-11,14.273674011230469,14.816769704582143,14.078716472740853,14.524334470390622,30258813
2000-09-18,13.243183135986328,14.190119809365351,13.187481294476619,14.162268888610496,33203113
2000-09-25,13.911611557006836,14.162270953897025,13.298887990418065,13.410291689683504,29093285
2000-10-02,13.967314720153809,14.259751068541314,13.674878371766304,13.674878371766304,22764314
2000-10-09,12.700089454650879,13.883760747178776,12.115216808034429,13.841983822836756,40862688
2000-10-16,12.95074462890625,13.215329940856085,12.546904737148038,12.936819707696719,24725969
2000-10-23,13.090002059936523,13.57739583931257,12.964672384317362,13.006449300704668,23747697
2000-10-30,14.134418487548828,14.315450015882933,12.964673331579077,13.076077018694576,23908756
2000-11-06,13.772356986999512,14.204049040855432,13.71665513280618,14.204049040855432,20110641
2000-11-13,12.9368257522583,13.91161363408681,12.714017246917942,13.841985774878616,45719526
2000-11-20,12.686166763305664,13.006455168719883,11.989890234945255,13.006455168719883,37147347
2000-11-27,12.602609634399414,12.922896856175942,12.226620567151198,12.797567167093202,27059893
2000-12-04,12.797568321228027,13.215334347027225,12.26839752089566,12.79756832122803,29648564
2000-12-11,13.062155723571777,13.619177534532442,12.602612702690653,12.881124144942552,38471113
2000-12-18,12.672239303588867,13.271036912530239,12.296250182175195,13.09000535189618,31287459
2000-12-25,13.020379066467285,13.103931856774881,12.672240829870901,12.672240829870901,8522500
2001-01-01,13.326738357543945,13.563471745347782,12.532982202551107,13.020376050298577,27699859
2001-01-08,14.05086612701416,14.273674598230516,13.145706243022675,13.243185016276264,34490429
2001-01-15,13.424219131469727,14.064793691712905,13.284963418880142,13.981239834741928,33912708
2001-01-22,13.521697044372559,13.883761229651887,13.312813488946523,13.507771044593623,25513175
2001-01-29,13.577398300170898,13.855908621632242,13.38244075308507,13.535621376211664,20290193
2001-02-05,13.49384880065918,13.619179612924867,13.257115326869462,13.410295999358684,17502070
2001-02-12,13.006448745727539,13.702724930244928,12.992522749678399,13.410288675097375,24607397
2001-02-19,12.212693214416504,13.2988855218945,12.073437542640226,12.964672339048539,28913080
2001-02-26,11.92026138305664,12.686165715715369,11.80885766301916,12.310176550274136,48225429
2001-03-05,13.076077461242676,13.410290680985991,11.878482416505356,11.975960109259045,39730492
2001-03-12,12.449430465698242,12.992526205859162,12.073440281322991,12.964675279894884,28045378
2001-03-19,12.15699291229248,12.727939521099135,11.641748149822353,12.463354140686285,32427527
2001-03-26,13.271039962768555,13.42422170540511,12.212699135375384,12.254476071871105,44201830
2001-04-02,13.159632682800293,13.368515161885037,12.560834024101862,13.368515161885037,30068529
2001-04-09,13.53562068939209,13.577397611231497,12.964674076272773,13.117854691626729,32978141
2001-04-16,13.78628158569336,14.036942070684269,13.271036762809127,13.535622174245466,32993528
2001-04-23,13.911611557006836,13.981238332276257,13.368514765687488,13.786280785018787,36815849
2001-04-30,13.438143730163574,13.981239493028951,13.159633385334496,13.869835784514537,36620678
2001-05-07,13.92553997039795,13.95339090218978,13.117858654261955,13.32674225301552,36709432
2001-05-14,14.343299865722656,14.62181120978267,13.730576411750476,13.99516175919039,75072137
2001-05-21,14.385080337524414,14.802846383328705,14.231899704556211,14.231899704556211,28558764
2001-05-28,14.23189926147461,14.482558666444802,14.092643559360951,14.343302964331146,41953961
2001-06-04,14.510412216186523,14.705369804984105,14.217975832990152,14.231901835137057,33971204
2001-06-11,14.232867240905762,14.64562093841259,14.104771568503116,14.588688675050395,33824421
2001-06-18,14.474822998046875,14.531754151018182,13.990904906084722,14.161699462233992,30059196
2001-06-25,14.631387710571289,14.88757905734306,14.232867350154928,14.474826453903605,44116984
2001-07-02,14.289800643920898,15.029910308363922,14.204403881363213,14.64562323100068,48097844
2001-07-09,14.232867240905762,14.545990849073245,13.962442555951023,14.175936074779163,45115759
2001-07-16,13.877044677734375,14.304030583415779,13.620853353772635,14.289797244424346,32883418
2001-07-23,13.763181686401367,14.005140776147176,13.549689275525512,13.777415025836344,32267019
2001-07-30,14.304031372070312,14.446360380889944,13.67778526939373,13.748949773803547,26235146
2001-08-06,14.090540885925293,14.403664553150026,14.047843051895041,14.318267787853719,19720910
2001-08-13,14.332498550415039,14.602923258391868,14.062073842438211,14.21863620846839,21524892
2001-08-20,14.731022834777832,14.77372177291004,14.147475434993567,14.30403674516369,28771807
2001-08-27,14.375191688537598,14.830643067390517,14.005137031756382,14.75947858371314,47397001
2001-09-03,14.062074661254883,14.560225179367373,14.00514348696653,14.417896146410731,41257449
2001-09-10,12.709953308105469,14.161706066546195,12.041008108406272,14.062075953766227,58839736
2001-09-17,10.802746772766113,12.781115291810895,10.361527476047575,12.524923937629127,88137455
2001-09-24,12.781113624572754,13.00883936494361,11.002005523576049,11.002005523576049,60955720
2001-10-01,13.250802040100098,13.29350097089326,12.524925702795269,12.752651504965824,41676824
2001-10-08,13.450057983398438,13.57815363786832,12.83804419289184,13.108468839988456,39249912
2001-10-15,12.980376243591309,13.435827810615066,12.894979486237741,13.393128883320433,32328219
2001-10-22,13.293498039245605,13.336195863386722,12.823813195808924,12.980374444542635,30832215
2001-10-29,13.336197853088379,13.36466343917458,12.852280695151546,13.36466343917458,23286711
2001-11-05,13.763181686401367,13.933976273443378,13.350429106849091,13.350429106849091,31332394
2001-11-12,14.019375801086426,14.31826609003567,13.179636104352165,13.76318334110445,39435666
2001-11-19,14.147472381591797,14.37519817375431,13.905513247378492,14.07630786580931,33510384
2001-11-26,13.948212623596191,14.289800774176376,13.82011692997415,14.204404010840275,29211993
2001-12-03,14.261335372924805,14.417896656373246,13.791650425343688,13.877048287032505,32607416
2001-12-10,13.677791595458984,14.232873450454626,13.677791595458984,14.147476664007632,27339982
2001-12-17,14.218636512756348,14.26133434328226,13.677787085228166,13.791649429611544,32674159
2001-12-24,14.304031372070312,14.346730294163315,14.147470120710059,14.232866867660498,10543585
2001-12-31,14.531759262084961,14.716786122936476,14.175937785012804,14.304033472869351,20134902
2002-01-07,14.887578964233398,14.958743470610615,14.489058606309458,14.631387619063894,43495121
2002-01-14,14.78795051574707,15.172238673380754,14.460594627874203,14.901813958032978,54867152
2002-01-21,15.229167938232422,15.428428114345751,14.688318575286072,14.887578751399403,34898500
2002-01-28,15.528059959411621,15.627690058741491,14.85911485002025,15.314566419175168,42859478
2002-02-04,14.68832015991211,15.499594291854649,14.531758889571437,15.499594291854649,35728870
2002-02-11,15.186469078063965,15.414194837811243,14.73101755856941,14.73101755856941,30715697
2002-02-18,14.859111785888672,15.143768683601817,14.289796893226901,15.058371943458516,22199780
2002-02-25,15.68462085723877,16.054675659832185,14.830648911091307,14.916046764047461,19530247
2002-03-04,15.542287826538086,16.595520792283217,15.399959937033659,15.713082391178792,21108589
2002-03-11,15.599224090576172,15.94081330768982,15.314566043902905,15.45689506723954,15149361
2002-03-18,15.940811157226562,16.253933649643177,15.599221986194319,15.656153148954516,12480013
2002-03-25,16.097373962402344,16.51012657824054,15.713085833465392,15.826949267248542,14540042
2002-04-01,16.054677963256836,16.510129586916072,15.82695215142722,16.09737689586109,9994139
2002-04-08,15.599224090576172,16.22547025712741,15.428429482019348,15.969278892910012,12941194
2002-04-15,17.079442977905273,17.221772007702167,15.513826941846629,15.656155971643523,17862591
2002-04-22,16.367799758911133,17.07944270192497,16.05467611786476,16.93711367442792,17191384
2002-04-29,16.538589477539062,17.079438780046377,16.111603590330564,16.282398164661053,17874288
2002-05-06,16.82324981689453,17.136372332538464,16.19700368837105,16.53859178750665,13003863
2002-05-13,17.307165145874023,17.62028872646182,16.623987920821783,16.652453501377856,15896058
2002-05-20,17.36410140991211,17.50643045175533,16.908649792696778,17.449499273912373,20644016
2002-05-27,17.164838790893555,17.59182475950253,16.880181844232794,17.335633397784278,16638650
2002-06-03,16.656232833862305,17.795869360757315,16.188689701103616,17.41599014300375,16795241
2002-06-10,15.691926002502441,16.860785099723937,15.312047865952986,16.656234814028466,18974989
2002-06-17,16.01336097717285,16.597789338421755,15.253602530637295,15.838032018251901,23272578
2002-06-24,16.3640193939209,16.3640193939209,14.698395922938888,15.984140159071362,28396474
2002-07-01,16.06540298461914,16.99110549081113,14.66192035911828,16.692491333576083,30257282
2002-07-08,14.1841402053833,16.51332436940373,13.975110739275761,15.88623597108111,28635297
2002-07-15,13.049410820007324,14.45289499308907,12.78065892338516,14.184143096466904,32883322
2002-07-22,12.900102615356445,13.109132087856128,10.869530267922185,13.04940855926288,32805257
2002-07-29,13.55705451965332,14.363310206506128,12.691075294083701,12.691075294083701,25929358
2002-08-05,14.691781044006348,15.079978744565564,12.60148661871097,13.736218535888753,23633139
2002-08-12,14.333442687988281,14.691779158048616,13.795939133928144,14.572334435382079,14426496
2002-08-19,15.109843254089355,15.617485804358214,14.124418193591891,14.124418193591891,16628681
2002-08-26,14.214003562927246,15.587625320719487,14.004974064912705,15.020260362559169,14904589
2002-09-02,13.138994216918945,14.184141654212496,12.392459839838942,14.034834548590343,18120261
2002-09-09,12.63134765625,13.825801928530492,12.511902919640248,13.109130055780494,19292041
2002-09-16,11.347311973571777,13.228575947721446,11.108420177427423,12.601487572661357,26596567
2002-09-23,11.018839836120605,11.675789589858246,9.555633775710575,11.317452941990103,30864477
2002-09-30,8.6597900390625,10.750084583329508,8.600067666663607,10.511193942703361,36220031
2002-10-07,10.15285873413086,10.570917697661766,8.21187101803186,8.600068791457806,46194715
2002-10-14,11.944538116455078,12.511904123011053,9.854244665469567,10.093135312695608,33587049
2002-10-21,11.287590980529785,12.48204562501389,10.809809583148484,12.06398661454754,24560566
2002-10-28,11.765371322631836,12.093846723263603,10.959115718503481,11.795233664441703,21252752
2002-11-04,11.795232772827148,13.288299105104883,11.735509244752734,12.183429374642188,30103606
2002-11-11,12.750797271728516,12.900104387172806,11.28759076326079,11.645927379914756,19233033
2002-11-18,13.616775512695312,13.676497894264427,12.571628080082062,12.720935185035598,18800434
2002-11-25,12.243151664733887,12.900101198878795,11.854953951141317,12.541764670788647,46835964
2002-12-02,11.018839836120605,12.302878148112029,10.660503188252463,12.243155757144317,30846302
2002-12-09,11.257728576660156,11.795233454195635,10.481334177149884,11.287589766907006,33789386
2002-12-16,11.616063117980957,12.45218090191106,11.287587780995333,11.735507857953527,29596291
2002-12-23,11.257728576660156,11.884817024936183,11.227867386413308,11.884817024936183,4701225
2002-12-30,12.063984870910645,12.332736724215414,11.1382822523687,11.257728159965648,11207840
2003-01-06,12.12370777130127,12.482044358493185,11.67578761282674,12.243153684042154,15867018
2003-01-13,11.436899185180664,12.541769203207453,11.436899185180664,12.24315608923812,19027904
2003-01-20,10.630640029907227,11.645926244048653,10.511195270026304,11.556342674137962,23596988
2003-01-27,10.98897933959961,11.168147674929827,9.794524538085497,10.899395747450004,26877410
2003-02-03,11.347311973571777,11.61606380544593,10.779945972032479,11.16814370197881,24475924
2003-02-10,11.705648422241211,11.82509433109419,10.839669323906882,11.317450657257401,24813486
2003-02-17,11.556343078613281,12.063985627936269,11.257728866397956,11.854956139797846,15968070
2003-02-24,11.466755867004395,11.735507678872107,10.779945169551121,11.586201756184773,25432689
2003-03-03,10.511195182800293,11.85495562649392,10.36188808315743,11.526480237485766,17007364
2003-03-10,11.436899185180664,11.496621577768337,9.76466298447808,10.511197495947862,28387710
2003-03-17,12.392457008361816,12.511902895774226,10.988974449691353,11.07855800197779,28867367
2003-03-24,11.347311973571777,12.153567469194236,10.988975430385842,12.153567469194236,23489499
2003-03-31,12.093847274780273,12.243154386515464,10.720225530115101,10.959116218272921,23471534
2003-04-07,11.854958534240723,12.84038264090548,11.645929003882896,12.452185928267511,32811424
2003-04-14,12.120718955993652,12.661209474884332,11.616062317036157,11.85495293153996,15191021
2003-04-21,12.12370777130127,12.929964516967715,11.944539477705309,12.120721997567736,13600557
2003-04-28,12.45218276977539,12.870241724450523,11.914677906179916,12.004262625627845,15646873
2003-05-05,12.422323226928711,13.228578902648096,12.18343137742202,12.631351580943074,23538937
2003-05-12,12.900102615356445,13.138993276637414,12.273014197857394,12.57162723670094,17844914
2003-05-19,12.422323226928711,12.750797505696418,11.854957098654312,12.691075118835172,23831470
2003-05-26,12.57162857055664,12.840380449133598,11.914678894573633,12.362599075878828,17312495
2003-06-02,13.437605857849121,13.527190572172755,12.601487996325263,12.720933898413229,22736129
2003-06-09,14.170063018798828,14.80692010088423,13.915320431446453,14.233749586193621,28497702
2003-06-16,14.902443885803223,15.125343721608635,13.979001884239155,14.07452985926641,26931077
2003-06-23,14.329273223876953,14.838758243122383,14.106373374531007,14.775072922568844,20872849
2003-06-30,14.106375694274902,14.552175466277,13.883475808273854,14.361118245789136,19005841
2003-07-07,14.48848819732666,14.838758698529622,14.042688484953004,14.170059129969136,14534831
2003-07-14,14.647705078125,15.125347528289181,14.297433293386577,14.584018518003326,14659943
2003-07-21,14.361120223999023,14.87060662461678,14.138220307294045,14.838762727308414,14203151
2003-07-28,15.15718936920166,15.666674457976281,14.520332394529023,14.584017723773668,20914575
2003-08-04,14.902443885803223,15.475614190783718,14.67954404999781,15.157186379951053,16260698
2003-08-11,15.507461547851562,15.76220411918581,14.870605733220373,14.966133737192393,12889620
2003-08-18,14.83875846862793,15.762200540322091,14.711387825585193,15.602987236518668,15295266
2003-08-25,14.456648826599121,14.934291308944625,14.233748919677295,14.775076739026497,22258551
2003-09-01,14.584014892578125,15.189029085177003,14.4566442588153,14.552172234137418,16967142
2003-09-08,14.106375694274902,14.806918017791233,13.979005032222167,14.552175466277,17382817
2003-09-15,14.520330429077148,14.96613012826429,14.10637339020215,14.201902598547145,19425569
2003-09-22,14.010848999023438,14.615862154783366,13.596891854087353,14.361119579609362,24729565
2003-09-29,14.48848819732666,14.552173519834726,13.182931721459722,13.915316612528274,26726700
2003-10-06,14.48848819732666,14.71138805351349,14.074531146207036,14.424802874818594,15175239
2003-10-13,14.392961502075195,14.966131910777298,14.265589618247667,14.520332158494014,16647910
2003-10-20,13.787947654724121,14.615860630865331,13.692418431863647,14.297432751950828,15402358
2003-10-27,14.392961502075195,14.743232034635655,13.787947201859678,13.883475194173792,17788290
2003-11-03,14.902443885803223,15.125343721608635,14.392958897507562,14.42480155584998,22922258
2003-11-10,14.870603561401367,15.061659541442102,14.488489146502538,14.711389017292074,16259446
2003-11-17,14.48848819732666,14.71138805351349,13.947160501190904,14.647702731005424,20034450
2003-11-24,14.966134071350098,15.09350597356556,14.520334254709317,14.520334254709317,22827360
2003-12-01,15.443775177001953,15.634832399552344,14.96613273433036,15.125347291023816,22587567
2003-12-08,15.507461547851562,15.698518783204463,15.157190972545294,15.348248207898195,18368874
2003-12-15,15.602989196777344,15.794045185344489,15.25271742958678,15.7622025205833,20557183
2003-12-22,15.634830474853516,15.698515798727517,15.380087951948891,15.380087951948891,5204089
2003-12-29,15.985099792480469,15.985099792480469,15.63482930986435,15.63482930986435,6985229
2004-01-05,16.17616081237793,16.462746043810064,15.857732913832093,15.953260915173196,14875658
2004-01-12,16.17616081237793,16.399060709582663,15.82589024671839,16.080632811036825,18400914
2004-01-19,16.46274185180664,16.52642839722599,15.985099511908313,16.080628716333084,14470805
2004-01-26,15.921414375305176,16.68564310977689,15.921414375305176,16.3672140612775,14314750
2004-02-02,15.889571189880371,16.430898836035645,15.69851401258778,16.112471025486983,19545727
2004-02-09,16.335371017456055,16.558270855196266,15.889571341975632,15.889571341975632,17383803
2004-02-16,16.46274185180664,16.621956374242252,16.207999352354765,16.27168589777412,14108449
2004-02-23,16.208003997802734,16.621961138336314,15.921418757205972,16.526433133940348,17617178
2004-03-01,16.144315719604492,16.430900907977623,15.857730531231361,16.239844934001297,16369649
2004-03-08,15.602989196777344,16.23984617422736,15.02981754884971,16.144316952535053,22537313
2004-03-15,15.634830474853516,15.889572997758142,15.093502767107266,15.539302489042516,26606823
2004-03-22,15.666671752929688,15.762199730302557,15.061657547342632,15.443771911651142,21073546
2004-03-29,16.55827522277832,16.653803223832224,15.66667563663994,15.698518303657908,18409053
2004-04-05,16.701570510864258,17.00407773705929,16.430905956783068,16.5901205447613,14748965
2004-04-12,16.399059295654297,17.004073600876705,16.17615941766801,16.701566448265503,15832992
2004-04-19,16.621957778930664,16.844857638213938,16.176158060364113,16.430900581343767,30169531
2004-04-26,15.95326042175293,16.781174650737803,15.825889757237588,16.621960092684837,18016416
2004-05-03,15.666671752929688,16.335371276765322,15.539301116432528,15.889571594208231,16679555
2004-05-10,15.571146965026855,15.69851762761361,15.15718985680237,15.443775075031335,18578586
2004-05-17,15.825885772705078,16.176156239342372,14.966129094054983,15.380086104324175,17846943
2004-05-24,15.921414375305176,16.3672140612775,15.794042510423715,15.985099694041644,17452374
2004-05-31,16.399059295654297,16.494588516167685,15.794044990431889,15.921416875313502,15470736
2004-06-07,16.850753784179688,17.38253272845671,16.71780968866904,17.1166432563182,17251984
2004-06-14,17.28282356262207,17.382531627942388,16.485153915590992,16.784280673786213,18883940
2004-06-21,17.0501708984375,17.41576971667634,16.950462828618104,17.382532412286018,32940054
2004-06-28,16.418678283691406,17.24958377089897,16.252498211143376,17.083402417234087,21146871
2004-07-05,16.35220718383789,16.584860579741825,16.119553787933956,16.41867921663418,13885696
2004-07-12,15.687484741210938,16.485153066016455,15.65424872115034,16.219264905531684,16260810
2004-07-19,15.421599388122559,16.019851751170798,15.355127330378556,15.687488900215973,15638754
2004-07-26,16.086320877075195,16.186028945518736,15.321888508989863,15.454832600247919,16522690
2004-08-02,16.086320877075195,16.817517222346016,15.953375504699968,16.186028945518736,20872217
2004-08-09,16.186033248901367,16.418686751575752,15.820435619623058,16.119561185599405,15532158
2004-08-16,16.485153198242188,16.68457060132234,16.0198476325446,16.119555693526138,11049766
2004-08-23,17.016931533813477,17.050167550560566,16.58486075386741,16.6180967706145,11185039
2004-08-30,17.0501708984375,17.083406921710633,16.551627987106134,17.016934875164367,15343792
2004-09-06,17.083402633666992,17.21634797450658,16.883985262966046,17.083402633666992,10646912
2004-09-13,17.615184783935547,17.714894128802015,17.11664190295454,17.11664190295454,14181304
2004-09-20,17.349292755126953,17.81459954572463,17.216348689880146,17.515474117802388,15578144
2004-09-27,17.84783363342285,17.947542952700424,17.183109535667256,17.41576418694266,18660685
2004-10-04,17.881072998046875,18.279907787687325,17.68165560322665,17.9807823360155,17758095
2004-10-11,17.48224449157715,18.04725953763347,17.282827039699214,17.781370028835354,15764731
2004-10-18,17.615184783935547,17.881074235050946,17.21635124782101,17.51547672018619,16621927
2004-10-25,17.748126983642578,17.947544356680734,17.1166388492079,17.316056222246054,15436718
2004-11-01,18.014022827148438,18.27991232587977,17.64842396569452,17.71489730121536,15140189
2004-11-08,17.947547912597656,18.21343736895646,17.74813050004927,17.980783934502863,13957044
2004-11-15,17.64842414855957,18.146967123986165,17.581952093467322,18.113731096440038,18922963
2004-11-22,17.548707962036133,17.7148893041426,17.31605459553379,17.548707962036133,12334090
2004-11-29,17.64842414855957,17.980786986255538,17.282826564434835,17.581952093467322,16535029
2004-12-06,17.681655883789062,17.681655883789062,17.282822368937172,17.58194782535535,15670156
2004-12-13,17.48224449157715,18.01402350917338,17.449008463117057,17.714897971915175,20457969
2004-12-20,17.748126983642578,17.847835029603214,17.482237579964,17.482237579964,8884571
2004-12-27,17.71489143371582,17.91430881199293,17.615182104018807,17.681654136405538,5194368
2005-01-03,18.34638214111328,18.412855468521073,17.681657834855667,17.74813116226346,16953922
2005-01-10,18.2799072265625,18.47932461526136,17.914309748212084,18.379615280353438,16830587
2005-01-17,18.446090698242188,18.711980153085058,18.246673286830752,18.313145330262188,13782873
2005-01-24,18.113723754882812,18.54579450009733,18.113723754882812,18.313141120452347,13237330
2005-01-31,18.213436126708984,18.711978983518264,18.04725474740021,18.24667214634733,20593776
2005-02-07,18.6455078125,18.6455078125,17.98078354542798,18.2799090172194,21969656
2005-02-14,18.41285514831543,18.778452677673084,18.31314579949631,18.612272564836495,16144488
2005-02-21,18.313142776489258,18.446088125929993,17.98078132456285,18.412852108849048,16337379
2005-02-28,18.446090698242188,18.446090698242188,18.146963940566472,18.346381351977904,14254820
2005-03-07,18.379619598388672,18.61227434079381,18.24667549543406,18.446092930983262,13795225
2005-03-14,18.313142776489258,18.579032194253774,17.881071992203065,18.379614810651148,17848655
2005-03-21,18.462709426879883,18.545800127840888,17.980785154870155,18.279910653436,15102625
2005-03-28,18.213436126708984,18.51256158457114,18.080490767038555,18.4627069145551,12847722
2005-04-04,18.313142776489258,18.446088125929993,17.91430929040096,18.180198708165477,13289138
2005-04-11,17.881072998046875,18.512561201458087,17.881072998046875,18.279907787687325,16795957
2005-04-18,17.515474319458008,17.714891700741035,17.216348888091936,17.68165440292975,22363782
2005-04-25,16.91722869873047,17.615189161789473,16.850756639710784,17.515481073259945,19286963
2005-05-02,17.64842414855957,17.78136953986143,16.98370103540235,17.016937062948475,13191704
2005-05-09,17.914310455322266,18.24667192886128,17.216350207885007,17.581947700666216,26407841
2005-05-16,18.213436126708984,18.51256158457114,17.814601328814742,17.814601328814742,22528915
2005-05-23,18.91139793395996,18.91139793395996,18.213437620942766,18.346381710402905,32412282
2005-05-30,19.32476043701172,19.565888062834965,18.635820379867056,18.808054398312233,19252089
2005-06-06,20.184720993041992,20.291895932418768,19.756018481421663,20.006096094080704,15493091
2005-06-13,20.327621459960938,20.541972707026208,19.898918965830397,20.256170126234807,17212850
2005-06-20,20.184720993041992,20.470522208436677,19.970369737231827,20.32762228926764,13040709
2005-06-27,20.39907455444336,20.47052452210346,19.827472059049022,20.07754832291614,14256484
2005-07-04,20.39907455444336,20.50625088299028,19.14869323510776,20.43479953827341,24810223
2005-07-11,21.32792854309082,21.43510348905758,20.47052346712996,20.47052346712996,17553534
2005-07-18,21.68517303466797,21.97097417926218,21.327921948189275,21.327921948189275,20443581
2005-07-25,21.32792854309082,21.79235468600347,21.149302256089527,21.720904722025633,14930864
2005-08-01,21.54227638244629,21.86380394382437,21.149300240954794,21.363651489521324,20743867
2005-08-08,21.649457931518555,21.899534219154948,21.25648031792269,21.72090790596984,12366566
2005-08-15,21.61372947692871,21.899530705941324,21.149301963386954,21.61372947692871,10938245
2005-08-22,20.82777214050293,21.72090065413071,20.82777214050293,21.578000752937356,13919572
2005-08-29,20.970672607421875,21.256473794575076,20.54197151522031,20.61342146774449,13484391
2005-09-05,21.93525505065918,21.93525505065918,20.970675070082766,21.00640005054017,14128966
2005-09-12,21.54227638244629,22.113880170975893,21.256475176709774,21.97097887957935,17570823
2005-09-19,21.39937400817871,21.64945020658316,21.006396534804683,21.327924059222127,14602139
2005-09-26,22.614032745361328,22.756932660460112,21.685177788992927,21.720902767767623,18340848
2005-10-03,22.542579650878906,23.257084678818444,22.36395477095049,22.685480931878107,21177068
2005-10-10,22.899837493896484,22.971287462495056,22.25678364533897,22.68548621104398,18428995
2005-10-17,22.221052169799805,23.04273069982405,22.07815089729036,22.899830804370993,18827524
2005-10-24,22.113882064819336,22.435408276676505,21.828080834606666,22.292506973041824,15325011
2005-10-31,23.292808532714844,23.39998483890153,22.363955015750278,22.399679992127012,18701738
2005-11-07,24.29311752319336,24.4360174530749,23.185636181327833,23.32853886532281,16302730
2005-11-14,24.078765869140625,24.543191984380687,23.685786959507855,24.221665788581685,18145078
2005-11-21,24.29311752319336,24.543193777542776,24.007314909316843,24.043041268843947,13444363
2005-11-28,24.328842163085938,24.614642002647837,23.900139649629843,24.400292122976413,17935545
2005-12-05,23.971588134765625,24.47174057734235,23.79296186897207,24.257390710857926,14247598
2005-12-12,24.114484786987305,24.471737270296252,24.00730849117208,24.00730849117208,21728230
2005-12-19,24.57891845703125,24.686092020060066,23.792963388178155,24.04303962543415,14959915
2005-12-26,24.436017990112305,24.757544216468762,24.29311805709021,24.56105749709176,6078222
2006-01-02,25.22196388244629,25.293413822760552,24.36455909045017,24.47173537797781,13938200
2006-01-09,25.6863956451416,26.11509813750021,25.221969551652425,25.32914586327035,18937785
2006-01-16,24.686094284057617,25.722125685182647,24.686094284057617,25.686399324821025,17865274
2006-01-23,26.04364776611328,26.150824076023326,24.328840578117887,24.43601413391487,21430188
2006-01-30,26.150827407836914,27.043956093243807,25.82929843714155,25.93647476070667,18546287
2006-02-06,26.472347259521484,27.00822324027654,25.436316140422157,25.90074492813014,29172543
2006-02-13,27.079675674438477,27.401204597356084,26.257997075468268,26.57952324427287,22569369
2006-02-20,28.29433822631836,28.4015117990725,26.829604272838896,27.07968053278773,19329726
2006-02-27,27.43692398071289,28.43722868731942,27.043947918578205,28.33005239615084,20608889
2006-03-06,26.64085578918457,27.615561414642364,26.17157133938461,27.472661471203505,44779737
2006-03-13,27.182334899902344,28.012603735295993,26.857445897307645,26.893544063348493,35488786
2006-03-20,27.290626525878906,27.796009059603435,27.110132960556808,27.290626525878906,21251983
2006-03-27,27.687719345092773,27.904313885646584,26.568659486725362,27.29063394426743,18363316
2006-04-03,27.218429565429688,28.193093693750455,27.146230488519855,27.904305648450645,18399756
2006-04-10,26.53255271911621,27.398922338318133,26.243761928011203,27.25452694276563,15793982
2006-04-17,27.218429565429688,27.290625888226348,26.20766452159742,26.532553482408733,16720861
2006-04-24,27.03793716430664,27.507218790844394,26.74914635250395,26.96573808429932,18770816
2006-05-01,27.796005249023438,27.796005249023438,26.857439388840024,27.037932929418098,12898884
2006-05-08,27.54331398010254,28.626275167984222,27.43501675966928,28.048693664490482,21120829
2006-05-15,26.965736389160156,27.43502074031072,25.485689768466017,27.43502074031072,33707278
2006-05-22,27.398921966552734,27.398921966552734,26.02716985858637,26.82134314629276,31139103
2006-05-29,27.45597267150879,28.39239734846692,26.40717589021916,28.354938075195534,26208482
2006-06-05,27.46728515625,28.555099662342624,26.884528020283824,28.43854704952696,22957803
2006-06-12,27.350738525390625,27.855792987189076,25.913268986295655,27.389588412597213,30585860
2006-06-19,28.205442428588867,28.360844911325103,27.389583099293418,27.583835461699756,19129358
2006-06-26,29.09900665283203,29.37095879487336,27.544987637610625,28.360847027790655,20740346
2006-07-03,29.642906188964844,30.03141084169542,28.982446500889708,29.02129637335171,23080623
2006-07-10,27.972347259521484,29.91487137476603,27.972347259521484,29.52636655171712,22751261
2006-07-17,28.205442428588867,28.865902239203905,27.27303049622729,28.011190066182532,21810873
2006-07-24,30.070261001586914,30.070261001586914,28.24428733786631,28.24428733786631,14214272
2006-07-31,31.080379486083984,31.39118446656721,28.94360339641571,29.99256501844866,24511682
2006-08-07,31.39118194580078,31.6631340588434,30.419920164854663,30.730722156323985,17340417
2006-08-14,32.32358932495117,32.71209401858787,31.46888018457267,31.46888018457267,15119534
2006-08-21,32.0516357421875,32.32358782952934,31.391178979182783,32.28473795477414,13133362
2006-08-28,32.362449645996094,32.71210157984515,31.740839621250505,31.93509201296943,12356139
2006-09-04,32.0516357421875,32.90634484302365,31.701980941279817,32.44014041785038,12701546
2006-09-11,32.28474426269531,32.55669936722826,31.50773475955436,31.857389628778993,18532319
2006-09-18,32.16819763183594,32.94520720783143,31.77969284383819,32.40129991182332,14832248
2006-09-25,32.98404312133789,33.17829543304888,32.090481301845294,32.362436316673715,17636404
2006-10-02,33.76105880737305,34.22726325877582,32.556694837869536,33.061749166213275,15476491
2006-10-09,33.8387565612793,34.38266369847301,33.33370226278584,33.60565434935498,16907392
2006-10-16,33.5279541015625,33.99415851847949,32.828644512131625,33.955308644412305,16381103
2006-10-23,33.64451217651367,34.149569558442394,33.372560025663525,33.76106479205296,12473735
2006-10-30,32.63439178466797,33.68335319212444,32.44013945261638,33.33370136567586,13975886
2006-11-06,33.450252532958984,33.799907339628305,32.63439329343423,32.63439329343423,14398161
2006-11-13,32.51784133911133,33.83875787677422,32.323588994280186,33.411403310956814,19658982
2006-11-20,32.24589538574219,32.94520514599519,31.896240505615683,32.32359515285646,15920757
2006-11-27,31.04153060913086,32.207044877578404,30.92497799666368,32.1681949947747,23958655
2006-12-04,31.35233497619629,31.857392382517247,30.808430648227606,31.119232697915958,21581939
2006-12-11,32.32358932495117,32.440141918664416,31.196928084649212,31.624282654838463,27110647
2006-12-18,31.27463722229004,32.556704281621414,31.11923470539283,32.284749136037185,18700368
2006-12-25,32.129337310791016,32.401292377585804,31.274628161563093,31.274628161563093,5689369
2007-01-01,32.673248291015625,33.333708132499204,32.10991759933065,32.10991759933065,13600637
2007-01-08,33.10060501098633,33.33371024277075,32.05164332418104,32.750953091422,19140858
2007-01-15,32.828651428222656,33.41140855416744,32.245894302277875,33.25600606110429,15962577
2007-01-22,32.28474426269531,33.333708870369215,32.129341769255916,32.945204118798735,19988929
2007-01-29,33.76105880737305,33.994161033074434,32.36244248910911,32.556694837869536,21476119
2007-02-05,33.91646194458008,34.14956417485456,33.48910439767857,33.60565699484365,15555681
2007-02-12,32.32358932495117,33.916460940106106,31.97393747192261,33.64450587612707,33142409
2007-02-19,31.97394371032715,32.44014824802966,31.39118655617093,32.44014824802966,23356438
2007-02-26,30.031423568725586,32.28474973106783,29.487516231589,32.09049732238023,36823804
2007-03-05,31.23577880859375,31.313478563806765,29.37095504292476,29.526357517406453,31701737
2007-03-12,29.604061126708984,31.46888513515543,29.215556371953976,31.391185369826847,36141058
2007-03-19,30.886131286621094,31.1192335714447,29.953719183270316,30.03142192091576,25565746
2007-03-26,30.381071090698242,30.88612846505747,29.837166797149656,30.847278581812013,21977147
2007-04-02,31.115345001220703,31.235783493135834,29.95371659145529,30.303371470464175,17906688
2007-04-09,31.468881607055664,31.70198384096345,30.886124540258336,31.11534089711854,18115224
2007-04-16,33.605655670166016,33.994160359994524,31.740831973366948,31.857384565937725,39598748
2007-04-23,33.178306579589844,33.72221382792201,32.517846719452194,33.56681133353339,22935036
2007-04-30,33.99416732788086,34.07186709615069,32.94520563595729,32.94520563595729,16784404
2007-05-07,36.441741943359375,36.86909651934901,33.566806578615896,34.149563626980566,41309023
2007-05-14,36.59714126586914,36.946796085923815,35.82013187199459,36.71369386057257,23285180
2007-05-21,36.51548385620117,37.96164099544713,35.83257418988518,37.88130012402538,22770401
2007-05-28,36.75651550292969,36.75651550292969,35.953094399040516,36.55566022695739,16185694
2007-06-04,35.42089080810547,37.00508270069918,34.56786535796489,36.96446303147003,33916113
2007-06-11,37.16755676269531,37.330038504971476,35.420883456619116,36.27391182879861,26348900
2007-06-18,35.989566802978516,37.49251899498197,35.82708506612931,37.33003725813276,18750041
2007-06-25,35.9083366394043,36.11143808747889,34.81158696035221,35.705235191329706,22122346
2007-07-02,35.86771774291992,36.19267820739618,35.33965272690795,35.5833738500357,13577486
2007-07-09,35.50212478637695,36.273910714161936,34.283516405373724,36.152048636429065,19236414
2007-07-16,34.202274322509766,36.11142933091429,34.121035002612295,35.502125134439076,19051450
2007-07-23,32.37436294555664,34.649101176855226,31.72443906479198,34.161655941970594,28428699
2007-07-30,32.69932556152344,33.63359324577097,31.927539617894794,32.374362080285664,31779222
2007-08-06,32.09001922607422,34.89281899348429,31.48071506355382,32.09001922607422,41054349
2007-08-13,31.765064239501953,33.34925610444146,29.977774031962063,32.41499133215143,48503521
2007-08-20,31.56195640563965,32.861807228600355,31.15575360454219,32.496224087796364,22949177
2007-08-27,31.440101623535156,32.25250733422556,30.262112723217694,31.84630447888036,22953273
2007-09-03,29.693424224853516,31.886919976834193,29.20598210178289,31.44009751417255,31161548
2007-09-10,29.937150955200195,30.505835605854674,29.246607300243912,29.612190511313365,25698211
2007-09-17,31.3182373046875,32.09002329488719,28.637299269487933,29.652806335781833,41467519
2007-09-24,31.1557559967041,31.358857412847104,29.65280675687854,31.1557559967041,32482493
2007-10-01,33.47111129760742,33.5929702780049,30.587072041060637,30.708931021458113,31945420
2007-10-08,32.45560836791992,33.67421691916286,31.886923757523526,33.59297448963091,19418236
2007-10-15,30.749547958374023,32.49622108111649,30.546446576617043,32.455601424581324,24744047
2007-10-22,30.018386840820312,30.4652092905995,29.490321973484047,30.059006500058175,21588326
2007-10-29,29.043502807617188,31.074516989968043,28.677919634977695,30.343350644689053,32877425
2007-11-05,27.865516662597656,29.53094783371271,27.41869411899342,28.63730274650424,43121741
2007-11-12,29.043502807617188,30.708933817328546,27.581173216140915,27.581173216140915,40567677
2007-11-19,29.205982208251953,29.368463949561626,27.4593089125655,29.084120127499336,32145347
2007-11-26,31.358856201171875,31.765059017762606,28.434197161351225,29.40908454098529,36750146
2007-12-03,31.643207550048828,31.80568933510396,29.69343232755179,31.074522851897,28335495
2007-12-10,30.302730560302734,32.21188572466539,29.693426314053692,31.277617974117536,27311005
2007-12-17,30.05901336669922,30.587078354665948,29.28722726854864,29.815292256515367,26002312
2007-12-24,30.262102127075195,30.58706553719958,29.97776146752693,30.38396418064203,4993412
2007-12-31,29.409080505371094,30.457084372144095,29.108491330084657,30.099623959183997,10588794
2008-01-07,29.522829055786133,29.762487296759538,28.767291358586146,29.145060207186138,24240202
2008-01-14,28.18641471862793,30.631757542147383,28.07267841968874,29.437520205122453,36784057
2008-01-21,26.606287002563477,28.210787040184567,23.470400466102898,27.418692712565413,70207938
2008-01-28,26.51692008972168,27.898010323370027,25.802003794947773,25.927927229337737,37633827
2008-02-04,23.99846649169922,26.854072194354472,23.742558247719597,26.854072194354472,32488428
2008-02-11,24.010648727416992,25.50953656222856,23.356661945029636,23.62069439552889,28557548
2008-02-18,24.859607696533203,25.80605926349825,23.77098424256743,24.229993767074156,32570912
2008-02-25,24.19750213623047,26.447866156290033,24.006586312825103,25.249567513872698,39027831
2008-03-03,23.33635139465332,24.412787895295722,22.828597889763305,23.965965430808797,26147136
2008-03-10,22.950462341308594,24.97335246438521,22.560507954832833,23.15356377795734,35823912
2008-03-17,24.985538482666016,25.50547922307987,21.17129368500133,21.939016880756075,62271116
2008-03-24,26.196020126342773,26.60222296390031,24.985535856366212,24.985535856366212,24347311
2008-03-31,27.845211029052734,28.63730547270747,25.5907836139088,26.03760620004948,32870417
2008-04-07,27.047016143798828,28.751036959736645,26.805324954443684,28.052367568381804,27240735
2008-04-14,28.446378707885742,28.64948008732126,26.33412560138879,26.60628070605292,24952804
2008-04-21,28.103137969970703,28.637298768280196,26.77892210912017,28.32452396093175,20460106
2008-04-28,28.970388412475586,29.319723126769745,27.747716912446034,28.204692039717063,15682931
2008-05-05,27.394319534301758,29.084121676296487,27.073418930373848,28.840400600893986,18163306
2008-05-12,28.43826675415039,29.002888554247036,27.000308072906396,27.520247304729295,22644161
2008-05-19,27.609603881835938,28.675886195918697,27.357757038649975,28.63729643536555,22886557
2008-05-26,28.344497680664062,28.77603227198419,27.579703237674064,27.731379091326914,21527523
2008-06-02,25.90056037902832,28.583760465339218,25.90056037902832,28.583760465339218,24088119
2008-06-09,26.285099029541016,26.885400261260887,25.1144030782454,25.83220174636345,27231203
2008-06-16,25.340843200683594,27.385286431857928,25.016124021447936,26.789257312880526,33590318
2008-06-23,24.742679595947266,26.276546350548085,24.182967208881198,25.10157883080813,29879357
2008-06-30,24.3709659576416,25.35366585612189,23.60616843526658,24.57818778749076,28623924
2008-07-07,23.548490524291992,25.148582498804753,23.471583414581108,24.800360484017933,27902858
2008-07-14,26.70380973815918,26.908894801363697,21.88857857058977,23.83048046228173,42304366
2008-07-21,27.686519622802734,28.694856044579378,25.870658380965796,26.57563982344216,35179685
2008-07-28,26.28936195373535,27.778366411270753,25.9347362637338,27.475011571536825,25240526
2008-08-04,27.513463973999023,28.68202618396956,25.208395860139,25.95183062468302,40851655
2008-08-11,26.14409637451172,27.878776380496205,25.29598477631942,27.34470020462463,23526091
2008-08-18,25.161396026611328,26.21459428926615,24.21287623594054,25.960373513148088,20319256
2008-08-25,26.26800537109375,26.639721974635606,24.50769055526002,25.165672868561288,19282336
2008-09-01,25.79802131652832,27.677968861042054,25.635661669590235,25.921925775895687,24305744
2008-09-08,27.575424194335938,28.64785017285173,26.06291992552179,27.942868899966964,34330078
2008-09-15,29.053747177124023,29.97449408448729,23.610441474148875,26.11419112401574,82621195
2008-09-22,29.164833068847656,29.929630552888906,26.759353487975165,29.18192389784628,30015491
2008-09-29,30.482940673828125,31.190057202546118,26.577774868425777,28.870029529556042,37258127
2008-10-06,25.577978134155273,30.916603382720158,23.550623701753455,29.053745332945994,56468224
2008-10-13,23.89885139465332,28.199233991621785,22.014629915862557,27.47716165386986,46058078
2008-10-20,24.3538761138916,25.998830252091896,21.49122719207394,24.417965913508258,32647628
2008-10-27,23.926616668701172,23.926616668701172,19.765093695251508,22.653379048701286,38185268
2008-11-03,23.49935531616211,25.357940039219102,22.644833304665305,24.09752137615843,26065336
2008-11-10,19.997947692871094,24.140242223698312,18.645666476250614,23.92661176154169,31245355
2008-11-17,15.372849464416504,19.99581301721778,14.334605179668756,19.762956571520945,50752829
2008-11-24,18.51108169555664,18.85502690390396,14.578143717442197,15.381394790651267,34722221
2008-12-01,16.705904006958008,18.318814891320148,16.039377907674268,18.318814891320148,24362307
2008-12-08,18.714035034179688,20.294901360897626,17.389526334153988,17.667245059064317,25902521
2008-12-15,12.975915908813477,18.064593138771247,12.975915908813477,17.71851279908687,56656983
2008-12-22,12.604199409484863,12.924645157183631,12.176938412553174,12.881918894503327,15303497
2008-12-29,13.971433639526367,13.971433639526367,12.279479823659962,12.796466006123666,14264358
2009-01-05,14.554648399353027,15.308765589976996,13.522813293941686,14.18079494675231,28854005
2009-01-12,12.39270305633545,14.78322769336393,12.39270305633545,14.51832637012976,33884278
2009-01-19,9.13484001159668,12.732377739087363,8.827212378569358,12.646926026269847,65767651
2009-01-26,12.822102546691895,13.501447593351273,8.934027332555592,9.075023428186652,60011149
2009-02-02,12.414068222045898,12.967371237905922,10.995561862526861,11.97185316162161,35111352
2009-02-09,11.296780586242676,12.794329968783044,10.93147182747623,12.326479487119165,23340165
2009-02-16,9.965861320495605,11.497591332986106,9.724458671653224,11.185691055858927,24420631
2009-02-23,11.104514122009277,11.914173973096894,9.53219339412553,10.361080024247325,29111965
2009-03-02,9.286518096923828,10.630253322738302,8.95111827707735,10.467894501289994,31534200
2009-03-09,12.497384071350098,12.604199319823175,8.981026287200939,9.527919837824268,40040981
2009-03-16,13.522809982299805,14.529010219096422,12.715286983218478,12.766557844940907,34790022
2009-03-23,13.779166221618652,15.287396917495942,13.078458494694033,14.091066532756013,27817795
2009-03-30,15.287399291992188,16.018016899648476,12.390569999803828,13.240819360618765,29062555
2009-04-06,15.101541519165039,15.994517130688852,13.779168119190803,15.381396970259502,19386102
2009-04-13,17.28697967529297,17.45361120457584,15.101540572203989,15.101540572203989,22917485
2009-04-20,16.411094665527344,17.175892233681438,15.06094999369845,17.107530540039647,24521334
2009-04-27,17.197254180908203,17.782601258155285,15.304487938185002,15.530935732548715,21850548
2009-05-04,19.60486602783203,20.760611017123505,17.304069634762513,17.34679508067761,36826327
2009-05-11,18.639259338378906,20.166717592942366,17.76123793714981,19.602733257391428,34075252
2009-05-18,20.031570434570312,21.343148818958948,18.575959400829912,18.665433900506407,24710550
2009-05-25,21.277681350708008,21.336600098044176,19.623477621487854,20.06648626247815,16482857
2009-06-01,20.884859085083008,21.93019343543112,20.21706786408128,21.64867318256228,24198661
2009-06-08,21.74906349182129,21.954201020390318,20.433119407739536,20.57933652707045,15929261
2009-06-15,20.19524574279785,22.207350654823557,19.752233814984034,21.53082990306431,31432936
2009-06-22,20.112319946289062,20.941602939909714,18.81165200848373,20.282541131006568,19130387
2009-06-29,20.409116744995117,20.93724102466536,19.926822787121257,19.9551940972793,13707915
2009-07-06,19.77842140197754,20.780109975881704,19.74132225682846,19.998836810480825,13040506
2009-07-13,21.59630012512207,21.984753926816555,19.424886197006916,19.67148846106461,17155195
2009-07-20,22.329557418823242,22.905691294239926,21.26894695158288,21.759970254379994,16734683
2009-07-27,22.3251953125,22.735471994977562,21.12491603042973,22.696190060965048,19720391
2009-08-03,23.831003189086914,24.097247271447525,22.347022263035026,22.368845193642006,24195504
2009-08-10,24.34166717529297,24.987635545043762,23.06718778039226,23.669510291166663,14151025
2009-08-17,25.707801818847656,25.707801818847656,23.438182368790958,23.99685731096516,14383806
2009-08-24,24.943984985351562,25.816915320237253,24.751939246087925,25.70779902837654,12617001
2009-08-31,24.0012264251709,24.813050445537716,23.198130245199252,24.791227514583962,13275013
2009-09-07,23.10210609436035,24.415865780114725,22.82713251734839,24.158351212909228,15558004
2009-09-14,24.882877349853516,25.332437584390597,22.39066175487351,22.783481053986996,25055826
2009-09-21,24.149621963500977,25.031280262493027,23.944482772704966,24.769401790611806,14008253
2009-09-28,22.15933609008789,25.70343267784504,21.75778728222362,23.927019632523244,41388850
2009-10-05,23.263595581054688,23.621496923456863,21.744696835619994,22.159339122056465,40406835
2009-10-12,23.874649047851562,24.703932007878805,23.08901194599,23.176303662321356,31233281
2009-10-19,24.551166534423828,24.90033834769468,23.76116395410021,24.092878425444425,23336595
2009-10-26,22.456130981445312,24.747572884348255,22.36447370492495,24.712654875207747,23768208
2009-11-02,24.079784393310547,24.33293500964288,22.106963145605814,22.43431204708083,24164184
2009-11-09,25.140396118164062,25.56813350085706,24.24127882654181,24.415863916331062,15507063
2009-11-16,24.54680633544922,25.54194657033811,24.538076830671603,25.42410075331451,15514791
2009-11-23,24.06669044494629,25.45464989011574,22.80967022451342,24.970173260106062,18759516
2009-11-30,24.11470603942871,24.612276178188896,23.494926158512094,24.149624060035045,23818001
2009-12-07,23.682601928710938,24.35039484253929,23.468734904889683,24.066691785653354,16616228
2009-12-14,23.743711471557617,24.52934862845104,23.63459515351734,24.062330920437283,20490917
2009-12-21,24.245641708374023,24.42895795953628,23.743707723608846,23.76989457021587,7502096
2009-12-28,24.398406982421875,24.782495185395632,24.26746608165344,24.398406982421875,6348347
2010-01-04,26.013324737548828,26.135536123310665,24.490062152181334,24.490062152181334,17588413
2010-01-11,24.664644241333008,26.35376552592974,24.664644241333008,26.1879083071229,15982269
2010-01-18,22.940616607666016,24.957085813430776,22.34702353740173,24.87415800640205,19996665
2010-01-25,22.761659622192383,23.2635935762159,22.06331434074997,22.68309575721783,23986233
2010-02-01,20.559696197509766,23.739345600274355,20.559696197509766,22.504149760739452,27754968
2010-02-08,20.775741577148438,22.037127326210186,19.926816948521196,20.863034944779987,27051873
2010-02-15,23.167573928833008,23.28105414977695,20.5989752596692,20.88485943674505,22737716
2010-02-22,23.18939971923828,23.809179588959022,22.412490424610343,23.41636185413094,19528056
2010-03-01,24.782495498657227,24.782495498657227,23.29851469935635,23.525476821245768,17602610
2010-03-08,24.87851905822754,25.144763125072483,24.424594802130677,24.843601039304957,17091493
2010-03-15,25.018186569213867,25.397910848850863,24.520616479003454,24.813047380625022,18534789
2010-03-22,25.629240036010742,25.760179278132792,24.48569988118725,24.922165131582624,16827507
2010-03-29,25.22769546508789,25.899852465532447,24.50316309181143,25.65543128401177,12237304
2010-04-05,24.76940155029297,25.424099388626704,23.68696799071245,25.227689704130043,14557352
2010-04-12,24.158344268798828,25.380447964242997,24.066686991135217,25.149120313257544,20576866
2010-04-19,23.115196228027344,24.621001477287077,22.67436711556871,23.787353025027613,29014994
2010-04-26,22.752931594848633,24.127795991125865,21.35187702190424,23.499286695540498,43813324
2010-05-03,20.328369140625,23.03227120309483,18.554136852212412,22.477960141553726,56285520
2010-05-10,20.937238693237305,23.219951763798257,20.74737570902397,22.216082016139858,56818980
2010-05-17,20.804161071777344,22.598050378174815,19.946606136903842,21.405124739252074,41949477
2010-05-24,21.144033432006836,21.567183567681404,19.991622250058853,21.333099965853275,33917411
2010-05-31,19.41316795349121,21.195802789955884,19.24660908027866,20.95946960172707,36702473
2010-06-07,20.83116912841797,21.05174671969127,18.371042954208704,19.17682860774167,36433297
2010-06-14,22.589046478271484,22.773612152901844,21.076507428995644,21.189047516385507,28517909
2010-06-21,20.421527862548828,23.250785985578162,20.22345618208348,23.07072113374161,26127425
2010-06-28,19.899341583251953,21.16429122583467,19.415418803070988,20.61734626353259,27350384
2010-07-05,22.548534393310547,22.724096673687253,19.559469626831135,20.12667097245016,25649592
2010-07-12,21.184547424316406,23.2237733310665,20.972971502962462,22.40673288566592,24071374
2010-07-19,22.426986694335938,22.665571111118666,20.69387017323532,20.98647334684662,20218271
2010-07-26,23.727949142456055,25.100937722203938,22.460748508595472,22.9581754369967,32128579
2010-08-02,25.078433990478516,25.821199293493503,24.506730110182083,24.646280444140054,27228469
2010-08-09,23.98004150390625,25.735665798548904,23.700942574091854,25.47907454227632,16531939
2010-08-16,22.96718406677246,24.254643099694334,22.773614955264588,24.002552654719377,15419397
2010-08-23,22.39322280883789,23.53888162263502,21.654960219084042,23.079717927665513,18229539
2010-08-30,24.056570053100586,24.389689489382743,21.609949490475902,22.688083805034132,18093498
2010-09-06,24.686796188354492,24.758821783034296,23.18776124522248,24.259143468656955,16753274
2010-09-13,24.272647857666016,25.452069337886503,24.173613737730612,25.042423444028046,21643882
2010-09-20,24.893871307373047,25.181973706333448,23.772972804091125,24.425704050449518,21741177
2010-09-27,23.210269927978516,25.132454966333196,22.7466035665283,25.109945573439294,24133977
2010-10-04,23.948530197143555,24.53373828997306,22.64756710202765,23.08422145984234,18870584
2010-10-11,23.444358825683594,24.308666130499557,23.133746992769257,24.124100400790358,20417728
2010-10-18,23.921525955200195,24.101590821465436,23.178762245614205,23.232781018603447,19472555
2010-10-25,23.655929565429688,24.133100225560675,23.37232802195014,24.128597659745125,14541714
2010-11-01,24.2186279296875,24.90737447394164,23.219273060851542,23.9710400658794,22466712
2010-11-08,23.84949493408203,24.84885145209419,23.003193002457092,24.241133954427834,20880500
2010-11-15,23.98454475402832,24.33116845641157,23.03020521901992,23.67843555496845,16343456
2010-11-22,21.938570022583008,24.398696974864407,21.317348114612933,24.398696974864407,26559598
2010-11-29,21.985836029052734,22.404485376978265,20.266223280096046,22.269437587988758,41389381
2010-12-06,23.25078773498535,23.592908918545433,21.436639968940273,22.102877223302617,23421552
2010-12-13,22.377473831176758,23.651428630672815,22.377473831176758,23.408341594290246,23676304
2010-12-20,22.32795524597168,22.71509346633789,22.10737761070066,22.285191175507265,10087839
2010-12-27,21.432138442993164,22.36622168286957,21.432138442993164,22.23792602843431,7372661
2011-01-03,21.929569244384766,22.881659475620527,21.578444597201166,21.742752221187928,19826304
2011-01-10,23.664932250976562,23.7009459074889,21.171043205943704,21.790013760137878,29133545
2011-01-17,24.803834915161133,25.294509771622128,23.3678239985067,23.583900763201616,28457942
2011-01-24,24.794832229614258,25.560103430073006,24.074574658818708,24.983898747216895,25741518
2011-01-31,25.123451232910156,25.79869179772047,24.137598909262746,24.578755872205083,22675276
2011-02-07,25.533098220825195,25.996762879378092,25.033419906309618,25.060428431055996,18565335
2011-02-14,26.217336654663086,26.97810694424791,25.042417995693288,25.929232619896236,28856665
2011-02-21,25.16847038269043,26.356893681385234,24.46171862222078,26.113806629226982,24983078
2011-02-28,23.953031539916992,25.794187419241023,23.772968432292842,25.27200148784774,24941788
2011-03-07,23.921525955200195,24.137602764382983,23.29580320662853,23.817989258126726,24807155
2011-03-14,23.408340454101562,24.790332724302203,22.39773085185824,24.03856569167916,40957886
2011-03-21,23.899015426635742,24.40769715354066,23.300301277333176,23.70544631950977,21494576
2011-03-28,24.056570053100586,24.24563830537575,23.214770624579916,23.790975360607895,22080431
2011-04-04,24.6237735748291,24.95689130040807,23.259786431044514,24.083580765613217,24060346
2011-04-11,23.453359603881836,24.727314547591444,23.36332888441583,24.66879320615782,20007015
2011-04-18,23.147247314453125,23.408341174903057,22.50802036048371,23.34981984114261,21627002
2011-04-25,24.05207061767578,24.124096213909976,23.034707138988928,23.147247240431458,15436964
2011-05-02,24.502235412597656,24.848859193199388,23.890016876325816,24.254647488518128,26009349
2011-05-09,24.137601852416992,24.74982031391699,23.651429479430725,24.29965988248767,25820917
2011-05-16,24.499174118041992,25.637037285676644,24.325919754345367,24.733302312431732,27131267
2011-05-23,25.051719665527344,25.234339392241353,23.740601984209,24.06838185110273,24085732
2011-05-30,25.075132369995117,25.60894443356962,24.31655742629749,25.009576753241276,18939473
2011-06-06,24.16671371459961,25.004893120971172,24.06369673233419,24.89719257428108,16112419
2011-06-13,24.442983627319336,24.803541257722827,23.26063554199454,24.152665169090998,28133940
2011-06-20,23.501792907714844,25.14537421013446,23.37536343935512,23.90449378035912,26688809
2011-06-27,25.53870391845703,25.74473608683658,23.113135677336253,23.29575538348618,28370046
2011-07-04,23.328535079956055,25.613626946778695,23.227859876572552,25.571483796844753,29215988
2011-07-11,21.20265007019043,23.085041087986568,20.53772681294369,23.033532596121105,56808881
2011-07-18,22.857934951782227,23.768693484124025,20.331691522556277,21.055148571332136,48250743
2011-07-25,21.289281845092773,22.54655119071269,20.89126453457413,22.523136936706003,32723577
2011-08-01,19.018238067626953,21.89099083880977,18.26200305269692,21.780950278203978,54067021
2011-08-08,17.43084716796875,20.341061331818217,15.41734461334294,19.900900873204478,85043409
2011-08-15,15.33540153503418,18.093432242862118,15.218337401178957,17.793748345993855,34857367
2011-08-22,15.714689254760742,16.632471593608212,15.028693390218912,15.21833670680927,24793360
2011-08-29,15.92774486541748,16.974298448674798,15.457146573791965,16.051832554482562,19311934
2011-09-05,13.954041481018066,15.68424887477544,13.701183469180828,15.180872847183876,33191544
2011-09-12,13.20248794555664,15.382220732768896,10.793308755674342,12.877049917807108,83537611
2011-09-19,11.853911399841309,13.040941340820648,10.638785430900064,12.642923209309338,60950183
2011-09-26,14.07110595703125,14.984206391249325,11.238154793436994,11.434822538047273,52927121
2011-10-03,14.773491859436035,15.527385091952382,12.366653793611976,13.46237404848692,42083875
2011-10-10,15.10127067565918,17.044535678657503,14.216266261398353,14.98420656189438,45676042
2011-10-17,14.88118839263916,15.452460866794507,13.462371209707335,15.117657476563704,37307389
2011-10-24,17.021120071411133,17.395726634631746,13.822929666900244,15.218333577501953,47555144
2011-10-31,14.459757804870605,16.461553814580324,12.97070314482781,16.185282456318866,52970569
2011-11-07,15.094245910644531,15.260476724580382,13.626261933952023,14.087493898067999,28378254
2011-11-14,13.141616821289062,15.770876541206558,13.026893604156308,15.54143010694105,28539440
2011-11-21,12.104429244995117,13.111180420052026,11.612759443366194,13.050307475363946,27325097
2011-11-28,14.796900749206543,15.237061965622479,12.397086969958846,12.582048441441852,46333884
2011-12-05,15.220673561096191,16.15484450400194,13.860388506696857,15.35412655293987,40647256
2011-12-12,12.991772651672363,15.588254113761492,12.87704945446531,15.115314206221298,33828768
2011-12-19,14.188169479370117,14.890554124747416,12.83959135322214,12.877051831917132,27890640
2011-12-26,14.211581230163574,14.377812029759964,13.649673220133215,14.188167875420882,8567649
2012-01-02,13.324235916137695,14.79690251842059,13.232926060422384,14.258407833414452,20322417
2012-01-09,14.885876655578613,15.307306493047076,12.884079122268032,13.392137960591104,32028514
2012-01-16,16.541156768798828,16.829133438505252,14.305231868446633,14.497216910336352,47365203
2012-01-23,16.22040557861328,17.138187929768797,15.995642663203165,16.801044449782058,37065388
2012-01-30,16.482624053955078,16.585639237405235,15.033370063566197,15.862184026302337,33885118
2012-02-06,16.41238784790039,17.44489415444361,15.946473190730517,16.297665520369996,28552043
2012-02-13,17.269298553466797,17.381679102316983,15.356466005508304,16.716755793892958,44670778
2012-02-20,17.288026809692383,17.833545987910917,16.683977363061196,17.512791471527883,30629394
2012-02-27,17.753944396972656,18.0091433144002,16.768264747068923,17.231837649668748,30861842
2012-03-05,17.29973602294922,17.723507578295056,16.37961194105383,17.571325646794282,35105653
2012-03-12,18.262001037597656,18.48676391294038,16.964930493140574,17.131161313875616,35761460
2012-03-19,17.538543701171875,18.37906305214061,17.163937165371575,18.240928276412916,25113532
2012-03-26,16.65822410583496,18.02553212674137,16.337467784138017,17.78906389793303,29379377
2012-04-02,15.393927574157715,16.925126059763084,15.012299290276465,16.75655348721846,31904482
2012-04-09,14.234994888305664,15.393929698202857,14.167097493536959,15.393929698202857,35749619
2012-04-16,13.86273193359375,14.789879486610978,13.30784829259336,14.141345091854431,55109454
2012-04-23,14.537018775939941,14.750075384659903,13.076058535340106,13.593482493484126,45428266
2012-04-30,13.57475471496582,14.724324292498938,13.209514353382014,14.576823257015127,33272993
2012-05-07,13.424911499023438,14.234994885353027,12.970703096468704,13.01752802362394,43705855
2012-05-14,12.282365798950195,13.104156324010258,11.636172326186811,13.069036734925273,51188705
2012-05-21,12.44625473022461,12.823201264644664,12.022482378480838,12.200420305685324,37088592
2012-05-28,12.713141441345215,13.35591290397321,12.038476463159364,13.181726897850403,45981614
2012-06-04,13.961886405944824,14.349512590192187,12.558582812561413,12.568396346917837,51519009
2012-06-11,14.462367057800293,14.702793061411278,13.493302423824314,14.690526610018214,51496696
2012-06-18,14.425564765930176,15.156656210772878,13.510473768114204,15.085510428217841,41360325
2012-06-25,14.884337425231934,14.884337425231934,13.385355115716143,14.302899072433886,41576988
2012-07-02,14.327432632446289,15.76017495982077,14.327432632446289,14.997190911659136,40662655
2012-07-09,14.607111930847168,14.903964329089328,14.062472934898294,14.344605967327883,25852188
2012-07-16,13.991325378417969,14.908870206040415,13.9864186114834,14.619377507991468,26864258
2012-07-23,14.810737609863281,14.810737609863281,12.848075642408329,13.738633772184658,44568072
2012-07-30,15.701297760009766,15.809244781066809,14.349514567766846,14.957939743662791,41750889
2012-08-06,16.523160934448242,16.861721339580203,15.799430044526007,15.84604199592473,31157652
2012-08-13,17.173294067382812,17.31558752458742,16.375962557111468,16.46182865310028,19317657
2012-08-20,16.770944595336914,17.60998203383059,16.44710548547584,17.165930417361263,25219288
2012-08-27,16.95494842529297,17.291055004741164,16.434842262475282,16.75868145433596,16973610
2012-09-03,18.534893035888672,19.126144086569422,16.736603235709694,16.918148976248684,32785700
2012-09-10,19.62171745300293,19.660969726268306,18.269933250143378,18.571691534979458,37168415
2012-09-17,19.462249755859375,19.91856887333281,18.704170497447482,19.430355296759693,35106769
2012-09-24,18.144811630249023,19.47206282796491,18.1202787273461,19.275795861260505,23917535
2012-10-01,19.327316284179688,19.44507684321338,17.94118569026228,17.94854724599111,22307338
2012-10-08,18.866090774536133,19.30768864655473,18.277291740104133,19.135956452726475,17773983
2012-10-15,20.01424789428711,20.580965995968914,18.80230340738405,18.80230340738405,26507337
2012-10-22,19.197288513183594,20.433765850973852,18.748329112155975,19.948006161515373,22584174
2012-10-29,19.11878204345703,19.44998089479345,18.89307635368974,19.094249141828485,19000790
2012-11-05,19.35920524597168,20.232589103702605,18.91515176346799,18.949498193486168,25665332
2012-11-12,19.261075973510742,20.043686223891928,19.135955738823412,19.351847898973315,19965495
2012-11-19,20.90235137939453,20.90235137939453,19.481876279793248,19.55302113638398,16991227
2012-11-26,21.071632385253906,21.22128553122491,20.203154116939416,20.74533933769479,16876168
2012-12-03,21.604005813598633,21.74629928710987,20.804222231602495,21.120699897123355,17286075
2012-12-10,21.550025939941406,21.550025939941406,20.806668073205337,21.35866671148343,17542006
2012-12-17,21.420001983642578,21.994081596774418,21.20165598404595,21.498508389433045,20750225
2012-12-24,20.772321701049805,21.51077373892358,20.718348201228174,21.417547975793607,5695555
2012-12-31,21.778188705444336,21.94256308036583,20.509818760779176,20.610406092772035,8100056
2013-01-07,22.50682830810547,22.84293488448388,21.991629853724504,22.20261619046708,21260812
2013-01-14,22.685922622680664,22.874828041018837,21.211472080615092,22.602508503599754,22765643
2013-01-21,22.89690399169922,22.997489437042322,21.967092726417462,22.747250877630062,14963494
2013-01-28,22.941068649291992,23.510240620732652,22.300749947453674,22.963147700928904,19513093
2013-02-04,21.88123321533203,23.090724004393035,21.35376731653937,23.007309878384998,21456517
2013-02-11,22.57306671142578,23.306611105283736,21.704588557209526,21.83461461442371,23400423
2013-02-18,21.407739639282227,22.570616532178846,20.814032868847683,22.55834914406293,20022081
2013-02-25,20.789493560791016,22.398877429713046,19.798349176365026,21.537759083606446,32021822
2013-03-04,21.88858985900879,22.00634853946643,20.428858766459847,20.57851190466931,21073857
2013-03-11,21.584373474121094,22.050504143540277,21.373387185719945,21.778184675295538,19414160
2013-03-18,20.203153610229492,21.054458637412704,19.987261442447966,20.853285837147492,27992239
2013-03-25,19.646249771118164,20.975953009771303,18.964224931799418,20.961233641703895,28163341
2013-04-01,19.265981674194336,20.291472703475673,18.89798252787434,19.646248207421177,19678308
2013-04-08,19.98235511779785,20.81403313119445,19.189931249474448,19.381290527354636,24979710
2013-04-15,19.11878204345703,20.20315239240636,18.385237615843124,20.068220497579144,27937539
2013-04-22,20.401870727539062,20.69136155210117,19.028005941991776,19.40827242223079,25716841
2013-04-29,21.535308837890625,21.58928234322715,20.409232395923585,20.470565584398663,22133790
2013-05-06,21.918027877807617,22.325281157802937,21.361123336228207,21.432270061230053,16492632
2013-05-13,22.8110408782959,23.085812371942556,21.500962964871942,22.001442020537468,23702994
2013-05-20,22.417186737060547,23.953234827822754,22.189060304311592,23.66174004896845,22178287
2013-05-27,22.977365493774414,23.72511129569731,22.53125174117347,22.53125174117347,18809464
2013-06-03,22.528717041015625,23.415874017615582,22.077534659474875,22.883580218425358,18862968
2013-06-10,21.940658569335938,22.77205107573795,20.96225101552537,22.632641855346023,19173131
2013-06-17,20.64287757873535,22.602226187578307,20.622599239405428,22.001495372258145,24592895
2013-06-24,21.279096603393555,21.839274662572304,19.94075701822683,20.429960882805105,27883685
2013-07-01,21.775903701782227,22.457745926059726,20.53641682704608,21.7454861934348,23733453
2013-07-08,22.310731887817383,22.84809629004784,21.854480844881117,21.966009780061704,17191587
2013-07-15,22.812612533569336,22.990043190846336,21.996427642396885,22.432402324676513,14398188
2013-07-22,24.406959533691406,24.650293821616692,22.754311502489777,22.812611248796937,21938938
2013-07-29,24.96966552734375,25.499424012561658,23.945632744851512,24.381607308410928,23608442
2013-08-05,25.22821044921875,25.489287775504675,24.55143684797972,25.020362311742197,15741416
2013-08-12,25.808670043945312,25.87457369121309,24.959534259959383,25.34734838076928,15278248
2013-08-19,25.474079132080078,25.798524805640024,24.427234586320452,25.737691725309723,16828864
2013-08-26,24.036888122558594,25.42845684444487,24.00393533585384,25.418317674216407,18291624
2013-09-02,25.215538024902344,25.294114170485102,24.039419513881636,24.414561046495397,18188585
2013-09-09,25.377758026123047,25.925259575782107,24.934179567000086,25.169909911202232,15880101
2013-09-16,25.732620239257812,26.138179250326537,25.162305055522193,25.752898576580986,18139536
2013-09-23,25.798519134521484,26.10775695348333,25.555184932842078,25.798519134521484,16191607
2013-09-30,25.915122985839844,26.051998870334714,25.10907739971369,25.28650996132503,15740587
2013-10-07,27.070964813232422,27.31429908939251,25.595749434490756,25.82894454074639,16441258
2013-10-14,27.5272159576416,27.72999548878273,26.634990275088278,26.858046212264377,16675698
2013-10-21,27.045618057250977,27.58298250152733,26.792144591170466,27.4714535576202,15464845
2013-10-28,27.451173782348633,27.953050100662367,26.20408301250033,27.141935882251865,17731305
2013-11-04,26.91887855529785,28.1406204587819,26.533599777379372,27.704647766401397,20282289
2013-11-11,27.618465423583984,27.826313564269952,26.599503059208608,26.852976495842658,15677093
2013-11-18,27.714784622192383,27.917564144957748,27.01519932973445,27.811105765737913,14559916
2013-11-25,28.008817672729492,28.29777726595742,27.704650290547168,27.851663429420828,12944514
2013-12-02,26.868186950683594,28.30284767271292,26.2243641256525,28.044303658722576,20823881
2013-12-09,26.913806915283203,27.420753738374728,26.584290706734244,27.06589057544093,16765305
2013-12-16,27.80603790283203,27.87701209635715,26.665407328140397,26.954366919021023,22095183
2013-12-23,28.601947784423828,28.601947784423828,27.83645869281247,27.856737036207953,5404049
2013-12-30,28.2268009185791,28.850345315460522,28.029091955403132,28.642497183166714,7877649
2014-01-06,29.078474044799805,30.016325021791275,28.15076030386486,28.165970025647496,19427222
2014-01-13,29.260969161987305,30.366113312261362,28.895966856546767,29.286316114565448,20013238
2014-01-20,28.728681564331055,30.163342302954423,28.662779855872397,29.164656233083726,20114954
2014-01-27,29.124094009399414,30.17347372934503,28.637425546147536,28.794577816282803,23838338
2014-02-03,30.168413162231445,30.21403846662593,27.99361214302546,28.98722773445072,22332294
2014-02-10,29.783124923706055,31.33945146713906,29.377567864706158,30.198821150912018,27449787
2014-02-17,29.72229766845703,29.899728312185776,29.017641777864316,29.666533199328285,15863228
2014-02-24,30.143064498901367,30.20896814238371,29.48403386562523,29.555006127598936,16157352
2014-03-03,29.641185760498047,30.46750781230187,28.906112371241232,29.42826705762449,22894464
2014-03-10,28.013883590698242,30.203895879931064,27.7401337466619,29.575280901140825,19750945
2014-03-17,28.885833740234375,29.47896261083383,27.95812193135175,28.039233356903505,23788461
2014-03-24,28.439716339111328,29.078470426735755,28.07978455457223,28.804718674896716,21565635
2014-03-31,30.102502822875977,30.340766514127957,28.155826949621563,28.536037066008372,21076195
2014-04-07,27.892215728759766,29.909863945931967,27.542423100831872,29.788195851868625,22482792
2014-04-14,27.62353515625,27.887145820746518,27.1317960849281,27.790826613866976,15688559
2014-04-21,27.922637939453125,28.46000044964516,27.623539172255093,27.623539172255093,14507543
2014-04-28,26.604576110839844,28.434654937745712,26.320685118312202,28.16090311643504,26090682
2014-05-05,26.85804557800293,27.304159375668934,25.975959086222314,26.53866850084497,25476415
2014-05-12,26.60964012145996,27.162212246916738,26.153387198110806,26.98985024630136,27570603
2014-05-19,27.2559814453125,27.51173350143942,26.149456087707893,27.209006293423027,21638993
2014-05-26,26.812334060668945,27.710080766395002,25.807589585609904,27.402132907412017,27688844
2014-06-02,27.094181060791016,27.62134494973639,26.227751922688995,26.353019673611506,25523993
2014-06-09,26.88018226623535,27.715293928566876,26.332140113388835,27.11505804347336,17479112
2014-06-16,26.718381881713867,27.469984463707647,26.52004408129974,26.72360245023522,24917318
2014-06-23,25.78931999206543,26.906282736710303,25.489201013783262,26.624431766268085,22812597
2014-06-30,26.20165252685547,26.98978899569307,25.572707531005417,25.89370474291216,27417994
2014-07-07,25.241275787353516,26.31648186348019,24.270457181522474,26.12858322231002,29166372
2014-07-14,25.53617286682129,25.83107322939497,25.01683786174959,25.272589938371258,21650883
2014-07-21,25.878049850463867,26.462628049765716,25.13166788562217,25.483980577444967,21667789
2014-07-28,25.971996307373047,26.56701560022635,25.470929315451233,26.008534308822465,21863583
2014-08-04,25.037717819213867,26.587894076938838,24.729769998536863,26.1546804935484,25448398
2014-08-11,25.223007202148438,25.87543883184155,24.83676680130225,25.340444099067867,21798417
2014-08-18,25.61185646057129,26.021583453408624,25.12122858100878,25.541394719078937,17219830
2014-08-25,26.817548751831055,27.2403231497462,25.87282708853714,25.945899108371204,19779427
2014-09-01,28.22157859802246,28.670451817115655,26.384331138349147,26.86974036447895,24425703
2014-09-08,28.16938591003418,28.38860196033862,27.65265923407452,28.185043630466463,13079077
2014-09-15,28.185047149658203,28.654798731911193,27.605687528567312,28.091096833207608,20196433
2014-09-22,27.574371337890625,28.299874991140115,27.28208125116611,28.185046387237033,20159833
2014-09-29,26.5878963470459,27.66310452263301,26.36345967936964,27.516960456634916,21181441
2014-10-06,25.322172164916992,26.968908705668238,25.220393005758666,26.79666781750146,26830881
2014-10-13,24.531431198120117,25.750173100001273,22.587185585758327,25.176034017321726,46255597
2014-10-20,25.838903427124023,26.09726580105674,24.299164346649,24.599283301573827,31869186
2014-10-27,26.170337677001953,26.4469680557702,24.72715920503047,26.342580586013895,32259308
2014-11-03,25.403078079223633,26.57745506357953,25.246494879522196,26.206874359704667,23864908
2014-11-10,24.818498611450195,25.523125960936653,24.186945276441204,25.275200748851987,21858829
2014-11-17,25.92502212524414,26.026803290639986,24.544478557284734,24.596672290919713,23163738
2014-11-24,26.911500930786133,26.953255520280365,26.00070493024155,26.097265529483444,16531300
2014-12-01,27.099401473999023,27.214230087536418,25.786709244211725,26.645309579381102,20092930
2014-12-08,25.155153274536133,27.23510558882734,25.053374101533716,27.068083254102177,19310223
2014-12-15,25.285640716552734,26.191216159894854,23.550172139742457,24.98552176113897,36962387
2014-12-22,25.880657196044922,26.05811867750506,25.288250157221647,25.366540757503195,6256407
2014-12-29,25.799753189086914,26.15989468534413,25.429172549176336,26.00592179634893,8575915
2015-01-05,23.45361328125,25.77104974675793,23.140444899815943,25.562270825801896,30726917
2015-01-12,24.0042667388916,24.382676308862123,22.516721345317958,23.53451514280236,31226728
2015-01-19,25.575315475463867,26.713156200800157,23.839847241416226,24.100819848308713,33527060
2015-01-26,24.41398811340332,25.90414145630308,24.15301550712884,25.444829111762353,28024577
2015-02-02,24.62015724182129,25.79453409033615,23.86855677555452,24.338308311385735,33260539
2015-02-09,25.267370223999023,25.504856275519238,23.646730413498656,24.129529385888546,31494249
2015-02-16,26.77057647705078,26.916720532438752,25.162983903529415,25.20995906291318,27587776
2015-02-23,27.188129425048828,27.27685916599272,26.509600966493796,27.09417911636517,20411967
2015-03-02,27.182912826538086,27.563932665677005,26.572235775653876,27.141156245834086,19330241
2015-03-09,26.974136352539062,27.2873027719796,26.53048359315438,27.01067236843834,18436397
2015-03-16,28.17460823059082,28.367727442150535,27.00545182480601,27.031548692682176,26389034
2015-03-23,29.328102111816406,29.526441859114165,27.95016700651211,28.138067610155982,26790794
2015-03-30,29.876148223876953,30.116242570969238,29.16630233589698,29.542101577543928,17838962
2015-04-06,29.881370544433594,30.450291041428667,29.57342271594886,29.876151967131307,16439314
2015-04-13,28.764408111572266,30.236293816490893,28.446021134433227,29.881370824702795,23926971
2015-04-20,30.789554595947266,30.888723487687553,28.753967098258503,28.759185675270796,24894185
2015-04-27,29.458589553833008,31.154911637098444,28.910547432836804,31.154911637098444,21811152
2015-05-04,29.96487808227539,29.975317226676555,28.618260311536144,29.766538320779627,24388064
2015-05-11,29.615175247192383,30.178875098706193,28.868793358074615,29.87092731234947,18087737
2015-05-18,30.554418563842773,31.004615318999807,29.74513734817575,30.388275861897366,17948345
2015-05-25,29.439651489257812,30.452593834734504,29.375338241230438,30.29716827789382,15143929
2015-06-01,29.637954711914062,30.575864684091606,29.166319410592827,29.49324835658318,22468395
2015-06-08,29.637954711914062,30.329328839223354,28.748280191513484,29.546844438825076,18389576
2015-06-15,28.732194900512695,29.44500523045509,28.06761796529454,29.16095322429169,22764632
2015-06-22,30.8867130279541,31.085013403070647,29.439651650294206,29.707625903768953,25894845
2015-06-29,29.08592987060547,30.27573638015733,28.56605909039919,28.94122350772903,27602759
2015-07-06,29.20383644104004,29.62723422798954,26.93141376323689,28.41599144388145,30174498
2015-07-13,30.715211868286133,30.98318614094599,29.552202461812,29.788021130220802,18867410
2015-07-20,30.6616153717041,30.988544307037376,30.25965396815953,30.736647839915392,13525932
2015-07-27,31.787105560302734,32.02292215901698,29.830892761248116,30.591940677362523,22281196
2015-08-03,32.2908935546875,32.692854885243776,31.41729702382383,31.545925549173504,19068398
2015-08-10,31.165403366088867,32.4945552844618,30.795597624975663,32.44095921246223,15812301
2015-08-17,29.788015365600586,32.156906496131356,29.788015365600586,31.326186820544173,22528619
2015-08-24,30.361486434936523,30.581225260536417,27.129715260551816,28.399914806940906,32881103
2015-08-31,29.20383644104004,30.36148518968052,28.941220760493373,30.125666526867658,16691864
2015-09-07,29.605796813964844,30.768804108034384,29.021612851905203,29.375338789378294,13818947
2015-09-14,28.394556045532227,30.013121032252194,28.201614226064972,29.948807773923647,21197003
2015-09-21,28.164091110229492,28.951935999156408,26.979645506570655,28.308797439490426,20921612
2015-09-28,27.826446533203125,28.619652152099054,26.56964862796453,28.08370362523938,19847721
2015-10-05,28.839385986328125,29.42356986150717,28.281999123968465,28.399908433750976,16147998
2015-10-12,29.47181510925293,29.546847587907,28.1480213817707,28.892989626238577,12758356
2015-10-19,29.964876174926758,30.24356959954344,28.758992226123528,29.461085394551002,15577357
2015-10-26,29.61651039123535,30.227493340440212,28.758993690654798,29.895203830044302,17480198
2015-11-02,30.875993728637695,31.058216302284972,29.311023029464362,29.412854553976292,17794138
2015-11-09,30.08814239501953,31.176116976374132,29.69690031425892,30.983177272648476,13310031
2015-11-16,29.712987899780273,30.720571780952493,29.412858009907108,29.530765304722337,15879350
2015-11-23,30.023832321166992,30.270368116726477,29.037687094447982,29.67010642704393,12518703
2015-11-30,28.871543884277344,30.58122083441925,28.523178600907105,30.01311471277142,18624380
2015-12-07,27.488801956176758,29.375341120574088,27.33337638410141,29.375341120574088,16714109
2015-12-14,28.507097244262695,29.107360978705113,26.877815514367647,27.68173818724627,24059054
2015-12-21,28.566049575805664,28.871540003077957,27.938990923345973,28.410624047690025,8159434
2015-12-28,28.18552589416504,28.61964482580531,27.981864933638395,28.528532536432525,8384507
2016-01-04,25.725534439086914,27.86932897567749,25.725534439086914,27.73534181714058,21790646
2016-01-11,24.32134246826172,26.789384960477772,24.072126344579647,25.73088549129856,27859703
2016-01-18,23.82291030883789,24.516962608036394,22.584868585898555,24.200752923535763,33946672
2016-01-25,23.434345245361328,24.053367097654043,22.59022806906588,24.01049024014412,26011405
2016-02-01,22.282060623168945,23.656767871511853,20.848398709198616,23.627290538698137,37936550
2016-02-08,21.207483291625977,22.434805923124678,19.830095725090374,22.42140639200435,45745407
2016-02-15,21.711273193359375,22.667941199851715,21.105652850401665,22.131992691016087,28939659
2016-02-22,22.75101661682129,22.860885007698563,21.223562005148032,21.882780528337626,25862178
2016-02-29,24.9135684967041,24.97788174979195,22.300819334033626,22.45356458791818,24245830
2016-03-07,26.100690841674805,26.24271685880189,23.916700422232932,24.779577784191265,29886874
2016-03-14,24.449968338012695,26.395461833417805,23.367352196157114,26.047094514270597,30617335
2016-03-21,23.270883560180664,24.77421930962117,23.22265015649081,24.283827971775636,13077140
2016-03-28,23.584413528442383,23.983694575172073,23.21460776730695,23.270882112592517,17370464
2016-04-04,22.47500228881836,23.95689964367358,22.016766542081527,23.35931613455419,21928635
2016-04-11,24.203433990478516,24.63755300812438,22.257940378114647,22.49911761014013,19449954
2016-04-18,25.612977981567383,25.929187661999613,23.750555813659815,23.905981361300324,20258130
2016-04-25,24.782255172729492,25.856830253853783,24.664345869272097,25.53794234279179,19614490
2016-05-02,23.7237606048584,25.559383853298986,23.12349884265119,25.08239000376496,22541983
2016-05-09,23.592451095581055,24.257026030960187,22.94395395952334,23.92473856327062,16701231
2016-05-16,24.500883102416992,24.70186376812276,23.308398637021863,23.40218920545501,17482872
2016-05-23,26.671476364135742,26.952850140089755,24.120362443043106,24.50088538150032,24344891
2016-05-30,26.057058334350586,28.504125794223107,25.823601876320573,27.992210438772076,21720055
2016-06-06,24.91790199279785,26.718044417088695,24.777265899430386,25.936108081315428,16598733
2016-06-13,24.44255828857422,24.751957325961353,23.13745525578939,24.526938673714216,27062469
2016-06-20,22.164249420166016,27.066823775445407,21.6579586200246,25.365126168354585,41166124
2016-06-27,22.451147079467773,22.805550654876306,19.840941388064024,21.75921772000884,44250471
2016-07-04,22.397705078125,22.639599347898255,21.368249916058723,22.535530004674005,26522013
2016-07-11,24.065650939941406,24.631008714360842,22.161438916500938,22.704294397843523,23157751
2016-07-18,24.414432525634766,24.51569070883292,23.33434595350008,24.203478334961435,18133598
2016-07-25,24.951662063598633,25.252623297607716,23.795632896999006,24.301923826143753,18405337
2016-08-01,24.664762496948242,25.505765862474842,23.26683917267767,25.314500660535543,20218491
2016-08-08,25.13167381286621,25.43544834223261,24.7182032833292,24.75195672412664,12400023
2016-08-15,23.95314598083496,25.320127149607416,23.638120286446078,25.126050755203863,11896778
2016-08-22,25.218870162963867,25.362317460826915,23.784380016838238,23.908140489601866,12740756
2016-08-29,26.90087127685547,26.98244046703277,24.926341506213014,25.103542208085912,22524958
2016-09-05,26.962753295898438,27.39028609619729,25.99517624004237,26.990880086744735,17206306
2016-09-12,25.111982345581055,26.656166164098618,25.03322647082047,26.394582925251456,22863371
2016-09-19,26.414270401000977,26.70679156811729,25.089476597581974,25.36793758975701,18875089
2016-09-26,25.74765968322754,26.23988607600667,24.321609591127764,26.20050813625928,20419297
2016-10-03,27.73906707763672,27.834698602279172,25.384817826356006,25.764534893740187,22052246
2016-10-10,27.111827850341797,27.78406825313123,26.183628709233922,27.564676275107786,22229780
2016-10-17,29.049795150756836,29.04979515075684,26.92619113254329,26.943066779399352,24192436
2016-10-24,30.36052131652832,30.377396961473888,29.173552314128287,29.173552314128287,20897048
2016-10-31,28.487247467041016,30.377396954208265,28.30723343454285,29.983615453392332,18875125
2016-11-07,30.7993106842041,32.093162575996985,28.717895651700644,29.235437695979947,27333754
2016-11-14,30.596790313720703,31.76125707824978,30.034245900095577,31.164961373206598,20391419
2016-11-21,30.90618896484375,31.755632221600017,30.495531805022903,30.799306299992825,13800475
2016-11-28,30.70930290222168,31.446236935236385,29.882361839260938,30.74868084370201,18849895
2016-12-05,33.75266647338867,34.68649015998162,30.253639362280953,30.42240441139729,30692303
2016-12-12,34.29270553588867,34.877752217136376,32.62757465474048,33.75266343593842,28159809
2016-12-19,34.41084289550781,34.87775581795918,33.859549593317,34.19145090387376,12293121
2016-12-26,34.062068939208984,34.41084592725507,33.505151087676666,34.41084592725507,6403021
2017-01-02,35.15340042114258,35.47405055674643,33.66828140589629,33.820168651067036,14456202
2017-01-09,34.9677619934082,35.16465168728152,33.85954876976968,35.14777604093144,14907110
2017-01-16,33.78642272949219,34.827129174153825,33.28575633247144,34.32646492307,14623251
2017-01-23,34.56835174560547,35.63718475423879,33.15073968471842,33.47138980190206,15687348
2017-01-30,34.39396286010742,34.63585711384787,33.29137639641487,34.33208263529896,14935180
2017-02-06,31.333723068237305,34.87775230917594,30.821807757278798,34.59648011313419,24762038
2017-02-13,31.361854553222656,32.78509139153906,31.153713697857317,31.502490672295405,16806145
2017-02-20,30.75992774963379,31.907518832673123,30.354895097752475,31.682500215864266,16891101
2017-02-27,33.36450958251953,33.71891101418247,30.726174937853582,31.046825078464774,20747191
2017-03-06,34.79899978637695,35.01276727680197,32.678206966623804,33.18449782659444,21016583
2017-03-13,33.910179138183594,34.87775628969424,33.3476346818982,34.483974741107104,22237268
2017-03-20,34.011436462402344,34.793372893756796,33.16761979905235,33.76954218056707,16180877
2017-03-27,35.11964797973633,35.32778881230323,33.28012748624186,33.4151390899756,17721462
2017-04-03,34.25895309448242,35.159023230816736,33.21824471928836,35.1477720858705,17997697
2017-04-10,32.79633712768555,34.29833174746363,32.57132066185554,34.27582945709967,15601947
2017-04-17,34.87775802612305,35.03526979502508,32.2000472251039,32.796343005054126,28341855
2017-04-24,36.44163131713867,38.47804391275193,36.22786595635561,38.25302525873753,35958492
2017-05-01,38.18552017211914,38.25302705906273,36.44163303221315,36.44163303221315,33189356
2017-05-08,37.44295883178711,38.3655314261852,37.03230376904369,38.3486557786579,25956569
2017-05-15,36.94228744506836,37.99424695342067,35.777820780387344,37.69047248108568,23514285
2017-05-22,37.34732437133789,37.88173986318852,36.57663695701927,37.13918138712452,17047213
2017-05-29,37.17822265625,39.04885884771514,36.410028309814116,38.82602569067539,20536806
2017-06-05,37.829139709472656,38.08129505098481,36.33379916521385,37.1782271877537,18413260
2017-06-12,36.38656997680664,38.05783200728561,35.817756456662835,37.8056767069358,25816632
2017-06-19,36.06404495239258,37.34241290364606,35.835346488657834,36.86155914990478,16107900
2017-06-26,36.978843688964844,38.38621981143428,35.81775754906523,36.23996926732294,24486323
2017-07-03,38.42140197753906,38.81429824469754,37.17822144089139,37.23099818414211,19448714
2017-07-10,38.87880325317383,39.35965702896997,38.13992885048579,38.67355713236489,15145680
2017-07-17,37.31895446777344,38.990214120649064,37.12544125179278,38.978487944985005,19480127
2017-07-24,38.76152038574219,38.95503586224809,37.090260529401505,37.39519258400803,17714044
2017-07-31,39.94606399536133,39.94606399536133,38.450723699019434,38.673556846275254,16253084
2017-08-07,38.521095275878906,40.39759676384445,38.1457949782858,39.99297431296682,16270190
2017-08-14,38.697017669677734,39.79946629105007,38.08715352196667,38.814301817660315,13437267
2017-08-21,37.65907669067383,38.40381197670677,37.51247486890941,38.40381197670677,11053172
2017-08-28,37.73530197143555,37.91122591889276,36.896739506562234,37.4479636995918,11482525
2017-09-04,36.93779373168945,37.66493970733106,36.427617812608055,37.41864749864243,12458206
2017-09-11,38.697017669677734,39.277564135842745,37.254456203987885,37.28377835946673,21781883
2017-09-18,39.4652099609375,39.576624296859066,38.345169958958074,38.867072056801504,12577268
2017-09-25,40.02229690551758,40.163033400176545,38.626649188146004,39.34792763796412,15639505
2017-10-02,40.11025619506836,40.432777493386745,39.312741989078,39.87569240378904,14529415
2017-10-09,38.73220443725586,40.4093296940709,38.609054965660434,40.25099721569546,12786753
2017-10-16,39.9050178527832,40.19235617202879,38.48004795988614,38.808434610452515,14118695
2017-10-23,40.16889953613281,40.450377005062336,39.33620225452906,40.05748071889971,14820868
2017-10-30,38.5621452331543,40.56179179620667,38.339307596227734,40.16889997963871,18273754
2017-11-06,37.97573471069336,38.3979486459443,37.61216060557565,38.3510349922648,18322297
2017-11-13,37.031620025634766,37.9405486105202,36.70323114885781,37.91709625676151,16294353
2017-11-20,37.31895446777344,37.72943772499484,36.668042107085256,36.94365421147618,13200077
2017-11-27,36.85569381713867,38.08128726447318,36.732548834686675,37.26617932894474,16262961
2017-12-04,38.139930725097656,38.638376027420485,36.70909550409005,37.5124751029879,20440551
2017-12-11,36.89674377441406,38.30412209506797,36.69736745323704,38.29239591838264,21636781
2017-12-18,36.914337158203125,37.41864775553465,36.53903687283068,37.24858911467334,14021492
2017-12-25,36.50385284423828,37.11371694670066,36.37484252799572,36.91433838385589,6247398
2018-01-01,37.4655647277832,37.87604807766828,36.15787662337357,36.50385704468133,13950687
2018-01-08,39.55903625488281,39.676320400231916,37.5359328423872,37.70012617194325,20134191
2018-01-15,39.25996398925781,39.72322625824734,38.60319072602796,39.471070959276645,14646983
2018-01-22,40.039886474609375,40.12198313202375,39.01367378299737,39.242372253499184,16422602
2018-01-29,38.702877044677734,40.26272241851124,38.43313025669274,40.121981462572215,19309055
2018-02-05,37.06093978881836,38.9843571491939,35.9936787399055,38.263074240949194,32532817
2018-02-12,37.91123580932617,38.075429150358005,36.80878937262235,37.37760521400621,21651377
2018-02-19,38.051963806152344,38.33930208867087,37.64734139632788,37.99918930431367,11114705
2018-02-26,36.873291015625,38.72633796224856,36.72082386754838,38.1809790036789,17072187
2018-03-05,36.90260696411133,37.34827547224603,36.1402780166102,36.90847005211469,17768833
2018-03-12,36.621131896972656,37.27204427905109,35.970219514894225,37.09025723276061,20047789
2018-03-19,34.73876953125,36.80292126436356,34.46902047241803,36.59767960358891,18668138
2018-03-26,35.284122467041016,35.688744893267064,34.263775124745095,34.856045451369035,15084441
2018-04-02,35.51868438720703,36.04645176886065,34.20513349481622,35.28412060936854,13247726
2018-04-09,36.03472137451172,36.43934152021641,35.58905066852182,35.65355581572819,12413708
2018-04-16,37.066802978515625,37.16062805218303,36.01713342894727,36.163735246362975,14030505
2018-04-23,37.27790832519531,37.54765512058568,36.83223980398367,37.01402461798034,14374554
2018-04-30,36.75014114379883,37.747036149361655,35.86466718393612,37.27790856157535,15294199
2018-05-07,36.80878448486328,36.90847264669052,36.017133330796085,36.738416239046046,13331051
2018-05-14,36.110958099365234,37.16062533522204,36.01713079559171,36.77359665502043,17968058
2018-05-21,35.5010986328125,36.84397189250741,35.07302157039222,36.21065093201735,20353199
2018-05-28,33.362308502197266,38.12923750256547,32.65036604809079,38.01780262077333,44023507
2018-06-04,33.24468231201172,34.012342171656286,32.78037111313337,33.863763910516184,23934941
2018-06-11,33.51707458496094,34.20425548015724,32.98466407655268,33.66565519538528,25313729
2018-06-18,33.38087463378906,33.62231841185169,32.79274907539431,33.43040228927122,20234771
2018-06-25,32.92894744873047,33.418022449736135,31.95079980832789,33.08990997743021,18524792
2018-07-02,33.34373474121094,33.79566401751428,32.17986069334508,32.62560019287005,17208633
2018-07-09,32.427494049072266,33.67184699449133,32.22319599266724,33.616129557436224,17346612
2018-07-16,32.00651550292969,32.885610140024156,31.70935665257626,32.49559047734013,17817890
2018-07-23,33.9256706237793,34.02472358361013,31.97556503430814,32.09318968610449,21594512
2018-07-30,33.69042205810547,35.250508090176034,33.436598677586595,33.8390026923256,20084019
2018-08-06,32.53893280029297,33.9194846144789,31.98794814082592,33.75852206086993,18573867
2018-08-13,31.566970825195312,32.53892871754053,31.195520459972474,32.192242182320975,22948869
2018-08-20,32.173675537109375,32.76799338075493,31.55459385957629,31.67221852812827,14108594
2018-08-27,31.33172035217285,32.63179077575815,31.263620997884395,32.359395720213215,12568613
2018-09-03,31.2326717376709,32.056049157461935,30.991230256390892,31.29457896203682,21003313
2018-09-10,31.907461166381836,32.179856176967654,31.059317808642135,31.145991202636658,18936661
2018-09-17,33.758522033691406,34.259979026533784,31.839369839747853,31.88270536685174,31459612
2018-09-24,32.63179397583008,34.09901922136036,31.956994866919654,33.678043500483625,21718410
2018-10-01,32.09938049316406,32.656554886101304,31.548398238819974,32.50797426078174,21462322
2018-10-08,30.90145492553711,32.384155463146485,30.802401975878443,31.88888835324454,22214880
2018-10-15,30.164749145507812,31.040750151033063,29.65400872952294,30.833358387799667,21722799
2018-10-22,29.022546768188477,30.759070886937177,28.644906605236503,30.468101772215046,25916550
2018-10-29,28.852298736572266,29.592101086617017,28.044397030187163,29.158743478494863,28245847
2018-11-05,28.70372200012207,29.208272699241327,28.282746285398247,28.858492414017324,16946607
2018-11-12,27.979394912719727,28.849203873075542,27.7812889741448,28.849203873075542,21590932
2018-11-19,27.46245765686035,28.341552315357266,27.06933955410325,28.078443131601986,17086517
2018-11-26,27.471744537353516,28.319885622946426,27.25197086444774,27.77199947522481,19345819
2018-12-03,25.750701904296875,28.069162014808313,25.750701904296875,28.02273041888646,21287908
2018-12-10,25.750701904296875,26.564793421238303,24.94589387260893,25.639267018728052,28183827
2018-12-17,24.453723907470703,25.69807692036317,23.967744931875202,25.673315450469552,32461141
2018-12-24,24.3763370513916,24.639446248830893,23.636534757109818,24.25252026388817,8888700
2018-12-31,25.221385955810547,25.277103395451714,23.608676275532574,24.459913493511614,14666773
2019-01-07,25.61140251159668,25.694979841550612,24.927317696947753,25.456632127424292,19800296
2019-01-14,26.292396545410156,26.670036702681617,25.44425304538415,25.481398791899164,27642336
2019-01-21,26.614320755004883,26.744327332678782,25.382347251727683,26.27382396356033,22208762
2019-01-28,25.3111515045166,26.614320419086443,24.859222196205,26.614320419086443,21866370
2019-02-04,24.670398712158203,26.89290156114998,24.518724394339216,25.311148019068757,29112123
2019-02-11,26.069528579711914,26.211917075383813,24.735408383752716,24.91803633637241,25365824
2019-02-18,25.954994201660156,26.422401445590545,25.614499812426985,26.088096832914157,19907445
2019-02-25,27.793672561645508,28.189884462618227,26.17477291450471,26.239776208107184,24954631
2019-03-04,26.215007781982422,28.158923381512707,25.982852211434533,28.044392449863324,24920165
2019-03-11,27.416030883789062,27.422220661205454,26.317160006066512,26.317160006066512,30038696
2019-03-18,25.769271850585938,28.183691058707822,25.608311672128636,27.60175283761924,26973893
2019-03-25,26.379066467285156,26.657653650243915,25.419490491857257,25.676407552399795,22391294
2019-04-01,27.55222511291504,27.939151082632833,26.481214312129232,26.70717775594355,20010676
2019-04-08,28.672761917114258,29.164932990773142,27.196253419355116,27.635800765011602,23745073
2019-04-15,30.325712203979492,30.387619418621693,28.935874689265003,29.27636909301483,24782893
2019-04-22,29.034927368164062,30.325711909971552,28.579902023967893,30.325711909971552,20817051
2019-04-29,29.873783111572266,30.530008092678926,29.164934399920607,29.325894575963126,17919504
2019-05-06,28.162025451660156,29.839736165551408,27.861770471910248,29.164937068895753,21456478
2019-05-13,28.09082794189453,28.446800338548865,27.57079929710089,28.07225624938334,20530154
2019-05-20,27.180776596069336,28.199166100364007,26.951717067816116,28.013442094709802,22365016
2019-05-27,27.15691566467285,29.63176506926592,26.87122803107182,29.52214274872383,23966839
2019-06-03,27.117050170898438,28.05716170120026,26.851295953887167,26.974206360518853,25068661
2019-06-10,27.146947860717773,27.89438584131267,26.954274350786722,27.279826230823463,16187104
2019-06-17,27.273183822631836,28.289701307909475,26.645336054829603,27.25989573076184,30131400
2019-06-24,27.748218536376953,27.920961172591046,26.522419474480124,27.23996113054969,18278046
2019-07-01,28.83782196044922,29.140120363044545,27.572160926530714,28.166789761489238,18977580
2019-07-08,28.25648307800293,29.206560213777692,27.937576439584394,28.890976232321915,16944921
2019-07-15,27.90102767944336,28.894291498330116,27.761506536032144,28.339524511910053,17870056
2019-07-22,28.525558471679688,29.631764844936058,27.728290721955478,27.80469408010505,20329235
2019-07-29,27.339622497558594,28.79131159099574,27.090476493757432,28.449151484619886,27435182
2019-08-05,26.711776733398438,27.28314948183124,26.25002377407071,26.907770387589544,23367173
2019-08-12,26.98085594177246,27.113734338522313,25.831462498608794,26.891161946827353,33514601
2019-08-19,26.618759155273438,27.49243279750975,26.61875915527344,27.220033257610943,20238124
2019-08-26,27.263219833374023,27.532296738291212,26.55564601126666,26.688521868125584,16669532
2019-09-02,28.203332901000977,28.442513510561128,26.91109561243622,27.183495187892024,16889920
2019-09-09,30.133380889892578,30.292835460820722,28.279733858269456,28.279733858269456,28797389
2019-09-16,30.09351348876953,30.113446892093517,28.96737377706457,29.887554418493586,24526515
2019-09-23,29.359363555908203,30.003822016494915,28.209970320096424,29.920773350313915,17287834
2019-09-30,28.09370231628418,29.94402647251996,27.638594719336623,29.36600847332274,20356860
2019-10-07,30.395814895629883,30.395814895629883,27.62863245041681,27.96414980535727,20153287
2019-10-14,31.219654083251953,31.933870547731292,29.834400477174913,30.05365016103028,24327142
2019-10-21,31.684724807739258,32.18301678278863,31.203043578969154,31.36249812614033,17296986
2019-10-28,31.33924102783203,31.977056660911934,30.658243538524395,31.757806982631102,18129501
2019-11-04,33.691184997558594,34.10975101841717,31.688051413687653,31.70133950547857,24587333
2019-11-11,33.638038635253906,33.85064305695409,33.07995139467976,33.511803017438744,18191876
2019-11-18,34.249271392822266,34.7077016785097,33.17296132695684,33.684541444141125,19645470
2019-11-25,33.86392593383789,34.58811042571731,33.744335648247215,34.41536777566668,14414173
2019-12-02,33.843997955322266,34.362223454104324,32.7112152514536,34.00345253981935,17511042
2019-12-09,34.58147048950195,35.51161673661212,33.06334069219091,33.81742413993147,17605851
2019-12-16,35.584693908691406,35.75079124343885,34.79406897324931,34.827287933309954,21452008
2019-12-23,35.19270706176758,35.45181852028877,35.112978509573054,35.39202337336508,4510860
2019-12-30,35.17277145385742,35.87702508080652,34.880441050784114,35.11297631067831,7563971
2020-01-06,34.6545524597168,35.47175115194362,34.30906965305721,34.574826438009055,13113298
2020-01-13,33.7177619934082,34.75421036806863,33.36563642302143,34.627974760236064,15647577
2020-01-20,33.159671783447266,33.73768979830295,32.93045665064062,33.67789465645966,14935889
2020-01-27,31.92058753967285,33.153032108266025,31.870760362176558,32.89391811306316,18070474
2020-02-03,34.435306549072266,34.435306549072266,31.830898576645293,31.963776974070736,19342309
2020-02-10,35.6644172668457,35.87037885901209,34.15625327538968,34.275843550267716,18015246
2020-02-17,35.35880661010742,36.02319604639237,35.02661189196495,35.73750838603428,16286220
2020-02-24,29.09029197692871,34.56153950508126,28.269770600383918,34.31571611814077,51556831
2020-03-02,25.588956832885742,29.827761831274085,25.17039080946253,29.664987141115645,49065741
2020-03-09,21.081073760986328,24.77175680117457,20.247265684724628,22.755335226295227,71120017
2020-03-16,18.230844497680664,20.22733397834234,16.67617328499499,19.63934923930667,53556024
2020-03-23,19.848630905151367,20.642575938601894,16.709391119427785,17.20768310867845,45235413
2020-03-30,16.433671951293945,19.596165596707134,16.28086142865262,19.526403747735625,36081528
2020-04-06,18.871980667114258,19.13109211804592,16.619699822477664,17.141245380862877,36369742
2020-04-13,16.921998977661133,19.19088957676553,16.486824695272382,18.871982942215993,28923070
2020-04-20,17.473440170288086,18.559716957608902,16.390486039508488,17.141245480607914,28856993
2020-04-27,19.05136489868164,20.65918724340647,18.08467840481586,18.47002419319344,29874273
2020-05-04,19.144380569458008,19.24403872421053,17.779060174404123,17.941834864814727,25983345
2020-05-11,17.632896423339844,19.533049368377334,16.56655040436573,19.533049368377334,26238148
2020-05-18,18.852048873901367,19.59616554562079,18.04481566655742,18.204268967521113,27512577
2020-05-25,21.429882049560547,22.871605914646057,18.848728928789054,19.2274307059979,40614149
2020-06-01,25.987592697143555,25.987592697143555,21.708923306007897,22.183961832059623,39014652
2020-06-08,23.233694076538086,27.020710968440756,22.486256131908245,25.73511932572158,40380488
2020-06-15,23.452945709228516,24.675422327253774,21.921527913607502,22.0743371740551,37950583
2020-06-22,22.911468505859375,24.55915388793349,22.423141898992437,23.13071568651622,22870498
2020-06-29,24.104047775268555,24.70864205684349,22.659001267957287,22.835064061877443,24764501
2020-07-06,24.369800567626953,25.622173326184257,23.333352311464814,24.921242387743355,21521855
2020-07-13,25.23018455505371,25.931115522130966,24.260176712221085,24.907957849203903,24856306
2020-07-20,24.6754207611084,26.316463313690893,24.549187693388323,25.090664116766373,18384314
2020-07-27,22.665647506713867,24.675424099324626,22.44972042567115,24.51929217096382,24335998
2020-08-03,23.57253646850586,24.290078263236815,22.582597645651827,22.712153380626383,17110676
2020-08-10,24.356515884399414,25.705225587592338,23.575858827641607,23.90140822212877,19864135
2020-08-17,23.49281120300293,24.61230579684565,23.200478224881,24.33990622551496,14463879
2020-08-24,25.11724090576172,25.256762068362182,23.662229064833202,23.735309768258897,17126893
2020-08-31,24.731891632080078,25.58563181411204,23.599109149824816,25.196964666896385,24060815
2020-09-07,23.991100311279297,25.30991360277626,23.92465985429102,25.030868752314063,19556728
2020-09-14,22.98455238342285,24.349872819775264,22.881570301748788,24.280109701616126,25582559
2020-09-21,20.0977783203125,22.722116822746298,19.978188031684024,22.71879416627209,27273747
2020-09-28,20.257234573364258,21.144195165361864,19.908430358758505,20.616005491625494,19773780
2020-10-05,22.20389175415039,22.682252916426087,20.49973391520973,20.672475305229046,22567145
2020-10-12,21.39666175842285,22.54605511171753,20.68244138215274,22.213860413038912,20233979
2020-10-19,22.257041931152344,22.526118791238193,21.120936816963088,21.496315865491606,16955926
2020-10-26,19.835346221923828,22.32016381698075,19.127772388041805,21.72553497019722,30205470
2020-11-02,22.077659606933594,22.688899176971745,19.851954848461336,20.064560522363493,30015728
2020-11-09,26.519102096557617,28.236547995800247,22.29026267567816,22.476293421190256,53068191
2020-11-16,27.20674705505371,27.724969987806045,26.655302623991012,27.09047941430088,25516949
2020-11-23,29.116865158081055,29.86430321244708,27.449246390828897,27.701715065503617,23931363
2020-11-30,30.38917350769043,30.475542308404787,28.4591204987344,28.794637869031035,25257805
2020-12-07,28.645151138305664,30.12673925007455,28.27309214836965,30.12673925007455,18958806
2020-12-14,28.944122314453125,30.13337990828311,28.93747953583454,29.070357918205346,22943738
2020-12-21,29.0969295501709,29.5553598108503,27.12701761576892,27.665171352122425,11392548
2020-12-28,28.638504028320312,29.598546483270262,28.356139047648746,29.53210855879849,5392042
2021-01-04,30.086872100830078,31.000407471880887,28.11363488833817,29.140117768629917,20038990
2021-01-11,29.52214241027832,30.419067041198154,29.21984403201366,29.87759061994736,17366618
2021-01-18,28.625211715698242,30.196493488766485,28.346169432728857,29.239771296999475,15382728
2021-01-25,26.42940902709961,28.85110864897939,26.382901972724227,28.63518159112547,26012580
2021-02-01,28.964052200317383,29.412514468695797,26.595502735565606,26.874547558087215,21617071
2021-02-08,30.880813598632812,30.880813598632816,28.900933837571536,29.415836546156438,20778162
2021-02-15,32.10661697387695,32.18302033252302,31.116675692434594,31.395720547151335,19890300
2021-02-22,32.73778533935547,34.109748397170044,31.63821927176639,31.980379372144164,23692593
2021-03-01,34.275848388671875,34.641262042628355,32.52186082212528,33.20618107595892,19923094
2021-03-08,35.26579284667969,35.651137405661586,34.10311132157125,34.68777220653996,21746574
2021-03-15,33.983516693115234,35.299007318504664,33.75762420990023,35.15284084864664,24674793
2021-03-22,34.32899856567383,34.574824464780285,32.67467040381897,33.24604568474518,14500496
2021-03-29,34.647911071777344,34.980105799083184,33.3589939077861,34.0100952691722,12263908
2021-04-05,34.189476013183594,35.10633404380742,34.149614273446225,34.647906295717654,10467848
2021-04-12,35.14619827270508,35.21263619514462,33.78419805269594,34.02337862858914,14535656
2021-04-19,33.55830764770508,35.6046282265352,33.016831196380444,35.14620045062845,16014976
2021-04-26,35.471744537353516,36.26236943120908,33.24604138258654,33.618097770806514,19403980
2021-05-03,36.3952522277832,36.959984764933765,35.15284470116323,35.54483456692391,17979735
2021-05-10,37.896766662597656,38.042930586650314,36.16271016659214,36.83374225120664,20071895
2021-05-17,37.36526107788086,38.48143294138007,36.50155282785833,37.963210018922105,16620799
2021-05-24,38.280242919921875,38.56490612974828,36.490940179779074,37.724474722922174,18714032
2021-05-31,38.707237243652344,39.188450738867715,37.765142416675545,38.21924463697001,11556830
2021-06-07,38.17180252075195,39.188452096238194,37.63636645714888,38.75468202437317,12014418
2021-06-14,36.42316436767578,39.17489406232289,36.35538618217129,38.25991053453624,20641889
2021-06-21,36.91115188598633,37.05348218773432,35.44717678900056,35.94194587517684,12559792
2021-06-28,35.562400817871094,36.985709102913496,35.338736683821715,36.8298231543973,12181476
2021-07-05,34.518638610839844,36.4977150085263,33.454545703711815,35.47428901104634,20737308
2021-07-12,33.80698776245117,34.986299815929655,33.6002688096881,34.491530668726206,14377950
2021-07-19,34.27464294433594,34.60674958212367,32.068512826354144,33.274938646352425,17115670
2021-07-26,34.8710823059082,36.01650660785089,33.613825925820066,34.091649900345836,14961264
2021-08-02,36.59938049316406,36.714599524059814,34.4101956368853,35.22351572049471,13981745
2021-08-09,36.85693359375,37.270371466980514,36.179167266611024,36.71460070009107,10418302
2021-08-16,35.31162643432617,36.81626858567202,34.843968575206496,36.47738540459221,13022722
2021-08-23,36.23339080810547,36.714604327403244,35.50818097325569,35.79284420322423,10508688
2021-08-30,36.51127243041992,37.37881511368705,35.79961828235645,36.30116651731432,13664089
2021-09-06,35.79962158203125,37.04671188029153,35.603068702548015,36.51127579568836,11900742
2021-09-13,36.2876091003418,37.18903695421789,35.96228157962516,36.09105624861509,18937757
2021-09-20,37.141597747802734,37.18904118838351,34.17298022824511,35.48106957105475,19093535
2021-09-27,38.25198745727539,39.37397185950127,37.54813532470562,38.43317890498067,21196545
2021-10-04,39.722408294677734,40.36354062620759,37.67356924492465,38.238043871944875,15264116
2021-10-11,40.24507522583008,40.73289485115712,38.907058416433365,39.72241191120891,12665133
2021-10-18,40.21720504760742,40.809558485185995,39.840886768449764,40.41930219660729,8964156
2021-10-25,40.349605560302734,40.9001421850389,39.33215237298158,40.24507184280443,11361617
2021-11-01,41.471595764160156,42.245137990825185,40.698056195898545,40.72592955573971,14152635
2021-11-08,41.30433654785156,41.95243921864466,40.82348729401272,41.464619632464505,11450529
2021-11-15,40.22417068481445,43.59012114407381,39.520315912455416,41.10921424168388,18090275
2021-11-22,38.530738830566406,41.56218488490445,37.93141782563081,40.384451214593504,18714494
2021-11-29,39.14399719238281,39.785132250930886,37.29028471324649,39.09521549491105,21894468
2021-12-06,39.52031707763672,40.886209980841606,39.262470571861044,39.387909987298556,14430491
2021-12-13,39.14399719238281,40.40535896884596,38.71192958974587,39.583035128031796,17401810
2021-12-20,41.63884735107422,42.036071288864086,38.7119320265147,39.51335023554523,11841860
2021-12-27,42.349666595458984,42.49601168589468,41.26949627427638,41.485528743471036,6025512
2022-01-03,44.94904327392578,44.962978622368034,42.50994790247245,42.58660561091974,16794505
2022-01-10,46.20343780517578,46.66337874402306,44.33578474377994,45.0884185127336,15754702
2022-01-17,43.51346206665039,46.795789693082725,43.109270486916664,46.69125596710856,15982333
2022-01-24,43.750404357910156,45.78530564971846,41.36009051246481,43.3322747566464,20811579
2022-01-31,44.809669494628906,46.5588455280129,43.485588058032505,44.25912751670609,21260623
2022-02-07,45.22780227661133,47.43692472701849,43.736467307091054,45.29748965887908,24765063
2022-02-14,43.15108108520508,44.62150760522355,42.56570073702263,43.63193302607356,20988699
2022-02-21,39.548194885253906,43.72253415825836,37.55510481459085,43.42984128951316,31600849
2022-02-28,32.88946533203125,37.52026337420007,31.82323284691369,37.436637974568214,44287537
2022-03-07,34.16823959350586,35.99407854536525,30.014809412689168,31.359796450923216,42531437
2022-03-14,37.17878723144531,38.80949707742245,34.4470012513282,35.1578237645391,30043356
2022-03-21,34.84421920776367,37.84082152795076,34.746655819326406,37.08121744288539,18302755
2022-03-28,36.02195358276367,38.27986020243034,35.09509871560878,35.09509871560878,18218433
2022-04-04,33.34243392944336,36.04982856935963,32.42602927062872,36.01498488212627,25706702
2022-04-11,34.49925994873047,34.82331127272208,32.84764215114597,34.210052310010504,13057656
2022-04-18,36.049835205078125,36.90700282913228,33.830257094675446,34.49926824135478,15621338
2022-04-25,34.63863754272461,36.18223381030828,33.920844861764714,35.450505781883706,18830775
2022-05-02,35.2553825378418,37.143938657867764,33.54801519538457,34.54456011802031,16968264
2022-05-09,36.5028076171875,36.7118724169664,34.73968818083128,35.13691209793214,18897668
2022-05-16,37.429664611816406,37.75023083313537,35.94530259024689,36.26586881156585,17050343
2022-05-23,40.05512619018555,40.05512619018555,37.18656644310178,37.84854067190031,16494642
2022-05-30,39.31460952758789,40.95271718788886,39.17248868287705,40.32440141278904,15162193
2022-06-06,36.35254669189453,40.279519451658544,36.09074964925977,39.75592536638902,15310272
2022-06-13,35.70927429199219,37.033222624647415,34.68451932470138,35.51853481218641,22656534
2022-06-20,35.85513687133789,37.30624596277553,34.73688243165841,35.679357611765404,15644267
2022-06-27,33.89165115356445,36.47597214137328,33.143656226918026,35.96359744277997,16224853
2022-07-04,34.003841400146484,34.706958306812815,32.25727430518552,34.02628318343544,15851056
2022-07-11,31.09788703918457,33.44659045543176,30.417211827129655,33.065114330304404,19917174
2022-07-18,32.77339553833008,33.966448317712285,31.31480776504825,31.711244149235196,19702292
2022-07-25,34.40776443481445,34.845340754230044,32.71355649037919,33.01275272996186,15191889
2022-08-01,36.53207015991211,36.689148400360594,34.02628844595145,34.6508634877638,15682028
2022-08-08,37.72138214111328,37.863500141529805,36.04587234934536,36.80134877832686,11635349
2022-08-15,35.649436950683594,37.968220007842916,35.49235870591696,37.848540937538715,11480753
2022-08-22,34.295562744140625,35.454957044778894,34.10108533855148,35.454957044778894,11100104
2022-08-29,35.514793395996094,35.668133702354595,33.644806362592504,34.00010561096345,14018986
2022-09-05,36.412391662597656,37.0294880207277,34.190845914679144,34.557364668167445,14136609
2022-09-12,36.89484786987305,38.17765919775611,36.59938955112385,36.65548973756023,19506887
2022-09-19,35.08469772338867,37.28754234075141,34.77054125424221,36.76020745229158,13658631
2022-09-26,32.61631393432617,35.15575670235887,31.464401221396617,34.684519164637905,19148880
2022-10-03,32.62379455566406,34.01506249101709,31.56164045271323,32.04783821552591,15599962
2022-10-10,32.95665740966797,33.62611320968285,31.060490389678584,32.26102190142342,15953565
2022-10-17,34.69200134277344,35.054779295297664,33.143652258285144,33.255849771823016,12839399
2022-10-24,35.368934631347656,35.68683185631274,34.7106983967252,34.91265733871301,12378430
2022-10-31,37.8709831237793,38.2075814042344,35.20064152112568,35.380158701785646,15111096
2022-11-07,38.71621322631836,38.92565373027003,37.231445805795886,37.62414140062904,12528131
2022-11-14,39.875606536865234,40.010245838324735,38.50677458981824,38.95557321247456,12694146
2022-11-21,39.890567779541016,40.15984353585841,39.03037253784622,39.651206796080025,10129670
2022-11-28,39.456729888916016,40.42912266147516,38.97801362263299,40.01772604847407,14119978
2022-12-05,39.56145095825195,39.726010754130975,38.693776963081596,39.39689116237293,10024241
2022-12-12,39.299652099609375,40.45904360531331,38.22253763474972,39.48665082160595,18213817
2022-12-19,40.24211883544922,40.78815468572971,38.77604974263802,39.29216511672882,11002910
2022-12-26,39.83072280883789,40.60863807996103,39.823244116377,40.242119375155845,5057497
2023-01-02,44.21397399902344,44.251373169122225,40.204721331559725,40.32440038790011,14458028
2023-01-09,44.77497100830078,44.87221113520618,43.44354112314896,44.31869370517603,13247411
2023-01-16,44.617889404296875,45.50052346576505,43.593134509629174,44.87968643381132,13086046
2023-01-23,46.39811706542969,46.79455625429082,44.51316980531013,44.85724958583797,11025155
2023-01-30,46.16624069213867,47.669709008201664,45.343444687227745,46.3008799865173,15101032
2023-02-06,47.56499481201172,48.40274828357527,44.513174314111986,45.687528907696475,16658879
2023-02-13,48.941307067871094,49.3153045219411,47.25831852455606,47.684675393925936,12416139
2023-02-20,47.78939437866211,49.29286574676224,47.53507599493928,49.105867019124105,13141193
2023-02-27,48.0661506652832,50.13061234269939,46.495359768049916,48.0661506652832,18149826
2023-03-06,45.066688537597656,48.754303280230324,44.18405440933829,48.44762266048663,18022175
2023-03-13,38.656375885009766,45.066691821179866,37.586742971191505,45.006850860760416,51304814
2023-03-20,37.751304626464844,41.69323820781445,35.170721574886926,36.7265495288942,37003655
2023-03-27,41.29679870605469,41.42395932577098,37.70642367310428,39.04533526009933,23005477
2023-04-03,42.807743072509766,42.94986106065138,41.3416739146979,41.4164722551148,15114627
2023-04-10,44.42341232299805,44.5356126884077,42.55342525532934,42.80774361066724,12783573
2023-04-17,43.87738037109375,45.171411195402904,43.49590423061062,44.63285395860406,15836707
2023-04-24,43.825016021728516,44.475770707330824,42.26170675506121,43.7576963747094,16920465
2023-05-01,43.301422119140625,44.356094760778845,41.55111402733954,43.82501909339076,15265143
2023-05-08,43.750221252441406,44.42341492419648,42.29163068357776,43.50338157543608,14833314
2023-05-15,44.76749038696289,45.246209485185766,43.189223658905746,44.12421721630576,15832521
2023-05-22,45.0555419921875,46.0077002551735,44.199398944664026,44.831502419750045,18292262
2023-05-29,45.19156265258789,45.7996661305257,43.1192157135912,45.7196509085504,17363862
2023-06-05,44.86350631713867,46.191728433175115,44.39142720679791,45.35158847131945,13231574
2023-06-12,45.263572692871094,46.35175524229807,44.75148750543922,45.25557269718493,20436095
2023-06-19,43.88734436035156,46.07171265139517,43.4952804482033,45.22356959603998,13433143
2023-06-26,46.18373107910156,46.68781325368738,42.967192337715844,43.92735365715868,18754052
2023-07-03,44.10337829589844,47.255907714029206,43.407262679906545,46.50377991875041,16436762
2023-07-10,45.32758712768555,45.855675385091246,43.83133452147887,43.90334669531914,14206066
2023-07-17,46.41576385498047,46.839836876134605,45.14355089605495,45.30357827843754,10599710
2023-07-24,48.15205764770508,48.60013372402214,45.79166206649041,45.93568641058273,14563056
2023-07-31,47.43994140625,48.408102728270926,45.60763397539575,48.15206011504669,13635358
2023-08-07,47.647972106933594,48.408099905993815,45.55962218460957,47.23990516973247,14250677
2023-08-14,46.583797454833984,48.08804701568292,46.063709189770385,47.56796180288797,10834100
2023-08-21,46.65580749511719,47.62396875433271,46.56779228023059,46.599798367874534,10196167
2023-08-28,47.67998123168945,48.56012733785963,47.103883822694435,47.11188687130199,16780621
2023-09-04,46.75182342529297,48.25607599275531,45.991695619527675,47.92802122002736,11030962
2023-09-11,49.17622756958008,49.80033407199637,46.99986548987083,47.047871569255406,19833776
2023-09-18,48.60013198852539,50.168393621230116,47.75198899829849,49.04820499657334,15131193
2023-09-25,48.35209274291992,49.28024796252265,47.687980128170985,48.472114051115334,12885204
2023-10-02,47.99203109741211,48.744155866815866,46.43176937735211,48.54412239122532,11863599
2023-10-09,46.119720458984375,48.472116228973555,45.695650441572745,47.655979232474124,14613230
2023-10-16,44.455440521240234,46.61579960643298,44.37542529998991,46.25574179374659,14252392
2023-10-23,43.743316650390625,45.09554482691103,42.26307023066078,44.6474687666042,16950068
2023-10-30,45.319583892822266,45.607632586997866,42.73515174583129,43.68730999400629,16426598
2023-11-06,44.49544143676758,45.61562693372468,44.11137757618786,45.567620858819865,12294205
2023-11-13,45.39159393310547,45.55962131272161,43.76732315894584,44.671475283778385,10893581
2023-11-20,45.63163375854492,45.91968244092327,44.863505973715,45.687642885421994,6331336
2023-11-27,46.247737884521484,46.59979874693164,44.78349446398825,45.655640519634744,8798885
2023-12-04,49.488277435302734,49.52828656964472,46.35975420176241,46.40776333161174,12813132
2023-12-11,50.48044967651367,51.19256838459126,48.208069197241734,49.46427922093857,20146562
2023-12-18,50.41643524169922,50.70448393146659,49.68031352542134,50.29641698914186,8264272
2023-12-25,50.08038330078125,50.84051115232393,49.88034981628416,50.41643808964736,2805830
2024-01-01,50.40843200683594,51.06454151258471,49.144219072369324,50.08037725396155,7343923
2024-01-08,48.672149658203125,50.6084723526955,48.32809181541832,50.40843886513544,8116622
2024-01-15,48.496116638183594,49.11222011343722,47.52795534232874,48.83217141435723,8097670
2024-01-22,50.048377990722656,50.17639930070526,48.71215575854606,49.25624708903931,8660355
2024-01-29,44.855506896972656,50.54445628142399,44.695479508787386,50.12838934531827,21108472
2024-02-05,42.759159088134766,45.79166762585421,42.471113417248326,45.56763108663067,18931908
2024-02-12,43.51128387451172,43.89534779381396,42.743152983638524,43.20723212713001,13447814
2024-02-19,45.11954879760742,45.47160965664229,43.471274965829636,43.60729625971601,12965001
2024-02-26,44.927520751953125,45.16756031708824,44.07937769938915,45.08754509386409,13635130
2024-03-04,47.15188980102539,47.3599232668645,44.94351858255955,44.951521630631355,14310995
2024-03-11,48.976192474365234,49.432268526997,46.90384567026345,46.93585175697021,23675933
2024-03-18,50.24840545654297,50.9045149731089,48.984195553501934,49.03220163132434,14496872
2024-03-25,52.69681930541992,52.75282843441174,50.00036890871165,50.18439934000885,12252693
2024-04-01,53.2489128112793,54.08904973289869,52.152727184552525,52.6488123938924,11573091
2024-04-08,52.2967529296875,54.033042052078265,51.84867989282209,53.22490509241404,12099843
2024-04-15,52.352760314941406,53.280912446742626,50.9125199330771,52.29675118719941,13793517
2024-04-22,53.616973876953125,55.6493146976324,52.60880346254498,52.88884910417581,16020904
2024-04-29,54.121055603027344,54.80116818575212,53.640976491959094,54.08904951501785,8350739
2024-05-06,56.96953201293945,57.3936081135179,53.92902681431257,54.14506028425414,9767940
2024-05-13,57.85768127441406,57.85768127441406,56.817510850616934,57.209574758573076,9574891
2024-05-20,57.39887237548828,62.411988624327336,56.56193366904908,61.788549105072974,10821693
2024-05-27,57.81734848022461,58.269986096316245,56.69003849810173,57.4415828299688,9169903
2024-06-03,56.681495666503906,58.63720866331311,56.09221784860507,58.50056188758363,9781464
2024-06-10,49.88347625732422,54.443958563805985,48.9867528854881,52.0953956453673,33475380
2024-06-17,50.66918182373047,51.65130623509762,49.618730756600286,50.173846962297446,19119859
2024-06-24,50.83998107910156,52.53094599306244,50.54107437379488,50.72896045018122,18377774
2024-07-01,54.36709213256836,55.08447142563435,51.60859883816326,53.71803622828889,15946781
2024-07-08,53.325191497802734,54.81119285512901,51.7025498574679,53.80344551968867,12287810
2024-07-15,53.84614181518555,54.42687763294813,52.650511740492206,52.99211893704513,9714331
2024-07-22,55.05031204223633,55.54564685821712,53.55577205709507,54.14504990768177,11760186
2024-07-29,50.95100402832031,55.61397135017347,50.515453800339515,55.55419001021216,14384579
2024-08-05,50.60085678100586,51.46341847580684,47.688638824851395,48.47433832840565,15594161
2024-08-12,52.1978759765625,52.343061555964006,50.344647945289005,50.951003390355005,8315811
2024-08-19,52.45408248901367,52.82985463237007,51.77940690567941,52.33451980988706,6965044
2024-08-26,53.44475173950195,53.598472855931064,52.22349879828509,52.522405493895384,7178382
2024-09-02,53.10314178466797,54.52081960433686,51.70254481316842,53.39350968786948,10273694
2024-09-09,54.11943054199219,54.64038503495311,52.74445314459404,53.120225307563274,8940138
2024-09-16,55.32360076904297,56.023899265524115,53.5728545278401,53.80344109490176,11599260
2024-09-23,54.05964660644531,55.38338139326494,52.53094489894249,55.34068415949757,12076334
2024-09-30,51.975833892822266,53.36789212338151,50.959544563109965,53.34226922121006,14152456
2024-10-07,53.086063385009766,53.38497009716322,51.90751086967548,52.53094719633755,8692760
2024-10-14,56.596092224121094,56.980406421605956,53.051899299878635,53.231246576939306,13692265
2024-10-21,55.79331588745117,56.63025465467081,55.37483998816391,56.33989000521673,7981972
2024-10-28,53.83760070800781,57.210988325534515,51.75378288980981,56.13492423657274,16256063
2024-11-04,51.03640365600586,54.64038109539339,50.24216540935537,53.794900305349266,19203373
2024-11-11,51.3353157043457,52.044152998823314,49.951799554544074,51.2499114618649,14132069
2024-11-18,48.61098098754883,51.93313274248548,47.936305385229126,51.46341755007215,16958285
2024-11-25,48.371856689453125,49.00383507092346,46.65527208841207,48.944053728359364,18140611
2024-12-02,50.020118713378906,50.47274978724791,47.244544414838366,47.48366977343502,17856202
2024-12-09,50.33610916137695,51.47196119586381,50.13114548729017,50.54961488895669,13692719
2024-12-16,49.0892333984375,50.63501594145382,48.337692372556994,50.07989978161871,15382935
2024-12-23,49.99449920654297,50.10551983314384,48.687842010178635,49.12339549491297,4213302
2024-12-30,49.95179748535156,51.24137054392468,49.46500146797276,49.93471663756296,6670881
2025-01-06,50.68625259399414,52.1637149257957,50.387345912900464,50.75457598272326,13926008
2025-01-13,53.15438461303711,53.63263533297808,50.21654386899427,50.63501650678131,15857277
2025-01-20,54.324398040771484,54.981992817168795,53.060444519923344,53.38497088136027,11525536
2025-01-27,56.12638473510742,56.42529144007311,54.11942901172481,54.17067155736411,13338443
2025-02-03,59.3118896484375,59.55955707904261,54.4866620676606,54.8111916919763,21205567
2025-02-10,59.73889923095703,61.09679902970544,59.19232509637384,59.29481018998731,14658199
2025-02-17,60.73811340332031,61.096801471787984,59.636423036731394,59.8072250172366,12482387
2025-02-24,62.22410583496094,62.78775753200015,60.45627878294223,60.65270039112358,14127711
2025-03-03,65.39253234863281,66.37465997409625,60.618547526755364,62.03622213431117,20869733
2025-03-10,64.66661834716797,65.55480299060302,61.7287773354734,65.30713555501919,18070876
2025-03-17,68.08270263671875,69.15023119909661,64.8203356107191,64.90573659257387,23012262
2025-03-24,67.08349609375,69.67118423350853,66.88706797539287,68.8000772956494,14434520
2025-03-31,58.64574432373047,67.14327512378107,57.014564157999956,66.31487196228531,27562270
2025-04-07,56.032440185546875,62.88170063380855,52.095394292361746,53.0348181322033,35014549
2025-04-14,60.413570404052734,61.421317557944754,57.80880480120623,58.235816196657474,13745946
2025-04-21,62.181400299072266,63.88944596269234,60.29401062265333,60.413573297852565,13870413
2025-04-28,65.21318817138672,65.40960978661371,62.2326501202007,62.463233432788385,12805050
2025-05-05,66.18677520751953,66.18677520751953,64.14566098366444,65.45231498718833,10253677
2025-05-12,67.8008804321289,68.27913119172582,66.64795077057036,66.8699985585309,14511271
2025-05-19,68.9278564453125,71.39087019477316,67.20103006256366,68.65520293258315,18092284
2025-05-26,70.109375,70.80920023615123,69.57315157727398,69.90942493252822,14125149
2025-06-02,71.01823425292969,71.29997829447065,68.9551275904025,69.80036664906852,13937019
2025-06-09,68.41889953613281,71.49084717506378,68.20986586408974,71.08185649377548,13217308
2025-06-16,67.5282211303711,70.4365669266274,67.31918052593235,68.7369982348519,15983285
2025-06-23,69.89125061035156,69.89125061035156,65.97406404665259,67.25555842057449,11923600
2025-06-30,68.05535125732422,70.15482001054465,67.79178134686647,70.11846482282189,10117786
2025-07-07,69.61859893798828,71.9907215142225,67.92812062080885,67.94630168411494,10678322
2025-07-14,70.74557495117188,70.74557495117188,68.52796390319166,68.8460631381434,8618189
2025-07-21,71.68170928955078,73.66302211679694,69.43682652954669,70.62742955851904,11554300
2025-07-28,69.55497741699219,73.05408314277706,68.96421768649878,72.7087192227249,14248297
2025-08-04,74.0719985961914,74.0719985961914,69.9548689861199,70.00939829993501,10216301
2025-08-11,76.07148742675781,76.98034632998811,73.50850559701013,74.30830586964039,9262104
2025-08-18,75.78065490722656,76.25326543276877,73.37218429567942,76.14419986517211,6592544
2025-08-25,69.82762908935547,75.84427040914609,67.7463414317637,75.48073240607361,16641143
2025-09-01,69.54588317871094,71.14547685788364,68.31892499403398,69.90034454534897,10811479
2025-09-08,72.07251739501953,72.5451209972955,69.18234566121316,69.600419945469,9298768
2025-09-15,72.34516906738281,73.42671340738833,70.05484762659601,72.43605357310454,12069861
2025-09-22,72.87963104248047,74.88160953252087,71.83634455828918,74.84401278335174,9364552
2025-09-29,73.31198120117188,74.12969434222815,71.19721251267653,73.15220039904428,9684345
2025-10-06,70.96224212646484,72.45667530672428,68.80987657100157,72.3250902658529,13469294
2025-10-13,70.38890075683594,73.4717624264861,69.72157460512418,71.08442267722126,13216715
2025-10-20,64.3641586303711,71.15020988680985,62.87911944367275,71.0844173745306,32424338
2025-10-27,63.029502868652344,65.46384030421792,61.72304635647128,64.32656557200221,18463475
2025-11-03,61.553863525390625,62.62534572325872,61.20610616256714,62.31518510765734,14053306
2025-11-10,64.69312286376953,66.22515264406512,62.352773786108386,62.691137335388404,12429299
2025-11-17,66.23455810546875,67.2026510927562,61.91103233646776,64.28897115087597,16341043
2025-11-24,69.26102447509766,69.5335955138096,65.83979936364182,66.66690628843075,14647653
2025-12-01,70.85884857177734,72.03372005913384,68.99785615147867,69.2610262173111,13827456
2025-12-08,73.39656829833984,75.44554446421013,70.8964454958787,71.01862954936237,14407760
2025-12-15,75.7557144165039,76.20686823679213,73.8383232292607,73.8383232292607,17186107
2025-12-22,75.6805191040039,76.13167291347847,74.98499718645854,75.84030707724592,3232544
2025-12-29,76.99637603759766,77.18435977799275,75.27636245992655,75.94369577477103,5206208
2026-01-05,81.95903015136719,82.02482266626933,74.8628108380633,77.54151633171699,15768593
2026-01-12,81.96843719482422,82.59816662273816,80.28602027975279,81.11313443782183,11528078
2026-01-19,82.84253692626953,83.28428974849683,79.54349581445273,80.33301317501453,11289315
2026-01-26,85.71862030029297,85.92539882807904,82.67335543240227,82.80494046447588,11690905
2026-02-02,87.57962036132812,89.76018155306078,84.31817596803332,84.7223320461532,14051114
2026-02-09,84.02680969238281,89.29963346883103,83.14330404466139,88.00257076543636,12949013
2026-02-16,89.03646087646484,89.44061694098428,84.58134318734,84.68473244832262,9998028
2026-02-23,89.76018524169922,91.49899367870415,87.8897917664894,89.93876800962593,10778012
2026-03-02,81.16011810302734,87.84278746545553,79.75027236700193,86.69611178615278,17150841
2026-03-09,79.78787231445312,84.28998073926263,77.96446946137779,78.95136438452293,14071431
2026-03-16,77.19375610351562,83.0493189397752,77.19375610351562,79.54349915371105,17555619
2026-03-23,76.20686340332031,80.00404878770644,74.09209479472122,74.82521343170018,14262098
2026-03-30,78.29344177246094,80.57739231784244,74.90041221387266,75.84970324886015,12648682
2026-04-06,84.90091705322266,86.37655539222278,77.8234921798384,78.2934407867919,12051214
2026-04-13,88.61351013183594,88.65110688172201,83.35008705218095,83.36888184170058,9887078
2026-04-20,83.66024780273438,87.93677555692571,82.96471874478942,86.9404868669589,8838547
2026-04-27,83.86702728271484,86.25435977416275,80.58678101015578,83.91401783851008,9396086
2026-05-04,86.04759216308594,89.02706458806145,81.4138986460707,83.8388279901153,10547416
2026-05-11,83.88581848144531,87.37283595781956,83.48166243049918,86.12277105944597,9355685
2026-05-18,87.03105926513672,87.5149415011525,82.82128528849081,83.59549243604188,11038361
2026-05-25,89.95370483398438,90.46662620690378,87.73753068771408,87.96979209392298,10410021
2026-06-01,90.63114929199219,92.16989134351543,88.61819730687299,89.75048002970601,9383039
2026-06-08,93.57315063476562,93.92154644085166,88.56013029548001,89.3633692084689,9811100
2026-06-15,98.3055191040039,98.53778051527023,95.01511834665968,95.35383444297662,14392516
2026-06-22,97.8603515625,99.67974621399229,97.24098285631294,98.61520671169937,9089955
2026-06-29,99.37005615234375,99.8152269228757,96.74741532261565,97.57001364606504,7545951
2026-07-06,97.4538803100586,100.26039878242011,94.17315930924492,99.75716450088312,8956170
2026-07-13,98.65391540527344,100.18297770249083,96.41837439150382,96.98935928539551,6746208
2026-07-20,102.505615234375,103.72500058561832,97.97647702749994,98.22809786773112,10801942
2026-07-27,106.12506103515625,106.68635884653402,101.7314092189063,104.22823607444049,9019094
2026-08-03,108.81544494628906,109.95740737475283,106.99604292403241,107.11217732442879,7299645
2026-08-10,108.48639678955078,110.15095287739754,107.42185733767067,108.56381972002204,6228476
2026-08-17,104.03468322753906,108.50575785312996,102.00237926443671,108.40897549685026,7097967
2026-08-24,99.25392150878906,104.1508147392684,96.70870361513668,103.86048244538787,10332960
2026-08-31,101.17010498046875,101.4217258259558,98.24745196142753,99.311998852543,10045885
2026-09-07,100.41524505615234,101.30558661054594,97.62807861324079,101.22816367969682,7658877
2026-09-14,97.49259185791016,100.51201970006099,96.58289826550072,100.04748949993892,12822528
2026-09-21,99.30000305175781,103.0199966430664,95.55000305175781,101.26000213623047,10815743
