Price,Close,High,Low,Open,Volume
Ticker,CA.PA,CA.PA,CA.PA,CA.PA,CA.PA
Date,,,,,
2000-01-03,37.655757904052734,41.75754650262665,34.517778078715004,41.040294655146205,8531416
2000-01-10,35.078128814697266,38.507492890830314,34.33846151668797,38.52990497857222,11371214
2000-01-17,35.840213775634766,37.341964113128945,35.01089115739849,35.75055857046803,8721366
2000-01-24,36.51264190673828,38.44025980126668,35.100553466466984,35.86263305074442,9799096
2000-01-31,37.09540939331055,37.25230772182482,35.54883478061307,35.86263143764162,7418718
2000-02-07,33.71086883544922,37.543688557754216,31.73842703836708,37.543688557754216,10123332
2000-02-14,28.936655044555664,33.68845186588991,28.936655044555664,33.621208764336,13629634
2000-02-21,34.2039794921875,34.2039794921875,28.914241009263865,29.36252381560904,15074676
2000-02-28,33.441898345947266,36.66953676552726,32.83671721106557,35.07813135516561,12331718
2000-03-06,32.567752838134766,34.741924183667926,32.02981131482755,34.18157056780232,6060382
2000-03-13,35.0333137512207,36.33333500971666,32.500514361761375,33.08328357354053,10431544
2000-03-20,35.504005432128906,36.535057502710266,33.822944504090096,34.966067303207375,7663898
2000-03-27,30.012529373168945,37.25229662135685,29.586662119798024,35.974691441118054,17505512
2000-04-03,30.886682510375977,31.357377351154778,27.90560150493956,31.357377351154778,16794618
2000-04-10,31.658849716186523,32.13577784061417,29.887410317781253,31.7951158847066,8544862
2000-04-17,31.79511833190918,32.022226319994246,29.569459355596962,29.75114643914359,5010306
2000-04-24,32.52186584472656,33.11234804791102,30.61415997587291,31.795120916848656,7096348
2000-05-01,31.386322021484375,32.52186191709085,29.978253244010897,32.52186191709085,5043460
2000-05-08,31.272768020629883,31.840537968228077,29.56945817783531,31.72698397870844,7676677
2000-05-15,33.15776062011719,34.29330036738148,31.295476127682214,31.70427112977582,9061502
2000-05-22,31.79511833190918,34.33872710538334,31.79511833190918,32.93065827233451,7652890
2000-05-29,34.906494140625,35.201735193390014,32.249331596525046,32.249331596525046,8017583
2000-06-05,33.384883880615234,36.13289271544928,32.97608869103912,34.974640255882626,5425572
2000-06-12,33.06692123413086,34.474989930183106,32.74896800251096,33.3848710003582,3718917
2000-06-19,33.15776062011719,34.3841421610057,31.59071715504939,33.066918826492966,4319283
2000-06-26,32.52186584472656,35.20174101508244,32.3174700249898,33.566564061008854,7523293
2000-07-03,34.9292106628418,35.20173956640634,32.885238688018205,33.0669257788589,5913402
2000-07-10,34.97462463378906,35.65594849029144,34.22516769855797,34.7475166816216,3717113
2000-07-17,34.293304443359375,35.428844325589814,33.88450939267787,35.428844325589814,3798951
2000-07-24,35.11089324951172,35.65595098671854,34.0889073932045,34.54312332934104,5346441
2000-07-31,37.699913024902344,39.10798137251313,34.70208930877158,35.315279972122376,10008512
2000-08-07,35.70136642456055,38.49479469745422,35.08817569767951,37.3138341372774,7920491
2000-08-14,35.860347747802734,36.90504581550645,35.47426488465751,36.29185497811196,2914721
2000-08-21,34.33872604370117,36.337276970137275,34.066197159503695,35.83764010487644,6627035
2000-08-28,37.699913024902344,37.904308757555384,34.29329437807382,34.72479802051542,12229790
2000-09-04,37.881614685058594,38.19956449547676,36.473545793303416,37.97245649792292,5774340
2000-09-11,37.972442626953125,38.44937063375616,37.01859007873882,38.08599658424987,4626247
2000-09-18,37.2684211730957,37.8816120304421,35.996615089760915,37.42739606716436,5400882
2000-09-25,38.01787567138672,38.7900449071078,36.88233573537884,37.15486809233503,7554585
2000-10-02,37.222991943359375,38.608351836594096,36.06474346749695,36.8369091180719,5988288
2000-10-09,36.56438446044922,37.245708394494855,34.74752063632752,37.01860041647964,6818144
2000-10-16,37.245704650878906,37.6544996632963,35.92847781770837,37.018596695690626,5121870
2000-10-23,34.86107635498047,37.22299805736921,34.61125618061172,36.38269919009973,5387242
2000-10-30,35.67866897583008,37.26842501101601,35.02005368201716,35.40613659748369,6667339
2000-11-06,32.02223205566406,36.0647556607344,32.02223205566406,36.0647556607344,13812061
2000-11-13,32.4537353515625,33.56656675210596,30.25078820450205,31.1592203035285,10613241
2000-11-20,32.47643280029297,32.817094682813526,30.296195366004664,32.022216956932226,9067615
2000-11-27,31.340898513793945,32.79438807320422,30.88668259330418,32.499150497199835,11542959
2000-12-04,28.68374252319336,31.477171755546838,27.707177381425137,31.340905562595648,13247537
2000-12-11,29.45590591430664,30.318916978303225,28.20681195639902,29.160664831177158,9959523
2000-12-18,29.092525482177734,30.15993199636947,28.45662262306613,29.524029137257866,8500460
2000-12-25,30.387054443359375,30.70500429225725,29.024406293122574,29.092539393713103,3078719
2001-01-01,30.000967025756836,31.954093670976466,29.864700844870217,30.387049917745014,7435110
2001-01-08,28.411212921142578,30.568740841233176,27.593624396669487,30.20536662351475,11833342
2001-01-15,26.435367584228516,28.592893260844047,26.389944951418844,28.592893260844047,12462277
2001-01-22,28.1159725189209,28.252236979291958,26.685191353283233,26.88958891018813,8072418
2001-01-29,29.569456100463867,31.11379094251386,28.184097872190456,29.25150633830321,11935021
2001-02-05,29.52403450012207,30.114516576281478,28.865421076272412,29.569455398582235,5636762
2001-02-12,30.81855583190918,31.522592039197338,29.206091062748516,29.29693287931782,10099625
2001-02-19,29.228792190551758,31.159209746968674,28.797288475862533,30.568731161888273,6569064
2001-02-26,28.751867294311523,29.66030086400145,27.729881477693603,29.433192904753025,12878189
2001-03-05,27.752588272094727,29.524030814013962,27.389215931692213,28.88812791878757,9837371
2001-03-12,26.503501892089844,27.93428293038318,26.389947896437878,27.707174939079252,6037368
2001-03-19,26.57163429260254,27.093983352116883,25.504227454268868,26.34452630719568,9603565
2001-03-26,28.07054328918457,28.25223034883732,26.68518509059505,26.798739069703963,10157598
2001-04-02,27.97970199584961,28.0478350818395,26.344525259055725,27.75259401947844,9189645
2001-04-09,28.842716217041016,29.38777403498534,27.525489114050288,27.707176208496094,6876725
2001-04-16,28.88813018798828,29.864695053932984,28.025121028328808,28.842709291631095,8925589
2001-04-23,29.77385711669922,29.91011982341573,28.433917975600902,28.61560504994896,8890301
2001-04-30,29.72601318359375,30.526945062200973,29.15392073048153,29.8862023527439,9433044
2001-05-07,30.38964080810547,30.73289728524871,29.382753046747354,29.748894685747658,5914216
2001-05-14,30.229459762573242,30.755783647732457,29.33699069076547,30.046388915141957,7579923
2001-05-21,29.95484733581543,30.50405979725853,29.634476018812723,30.229455312429717,7130157
2001-05-28,29.474300384521484,30.412532984428317,29.085275195164996,29.863323827984644,13594038
2001-06-04,28.536052703857422,29.680240891596572,28.375867055930986,29.474288414517623,6131137
2001-06-11,28.192798614501953,28.902196747172848,27.918194124746798,28.467404850149876,9414259
2001-06-18,27.941082000732422,28.352990546999877,27.117266654090557,28.192803114165624,8551338
2001-06-25,28.604707717895508,28.993731044501764,27.552054823055514,27.620705074042778,10476170
2001-07-02,27.84954261779785,29.245453745231444,27.780892367101433,28.62759101360687,7365296
2001-07-09,28.44452667236328,28.7648980541171,27.163034161775652,28.03261811597539,9043017
2001-07-16,28.49029541015625,29.4285314348358,27.963967969282027,28.558947422754873,8825077
2001-07-23,28.925077438354492,29.382750962860243,28.375866764697946,28.51316899663893,12192850
2001-07-30,29.29121971130371,29.794661851734645,28.787777570872777,29.131034051864617,8244650
2001-08-06,28.284332275390625,29.56582272473626,28.10126320885134,28.92507837300977,6441387
2001-08-13,27.254562377929688,28.856425846357542,27.254562377929688,28.55893796404223,5410763
2001-08-20,28.375871658325195,28.65047616956473,27.25456670329344,27.25456670329344,5312973
2001-08-27,26.796894073486328,28.742014505532886,26.453637526654582,28.375874538090972,10137863
2001-09-03,25.034841537475586,26.819774322377857,24.371211942903397,26.77400748656993,10605341
2001-09-10,22.243022918701172,25.332331754403725,21.556509844100606,24.82888953138719,12814356
2001-09-17,21.20867347717285,23.661813365133014,19.368818561202726,21.831112164672323,12684436
2001-09-24,24.211029052734375,24.577169018933862,21.204101852363138,21.204101852363138,12872352
2001-10-01,24.714468002319336,25.446747837364253,23.341442002190487,24.256792668943053,10480226
2001-10-08,24.577157974243164,24.828878978766486,23.387201436481195,24.302551813578575,11869708
2001-10-15,25.950197219848633,26.774012644342054,24.050843487747425,24.27968120265633,11100305
2001-10-22,26.590930938720703,27.11725816689938,25.49251140228053,26.041722043446867,7932930
2001-10-29,26.041730880737305,26.545173120879507,24.966192646407194,26.27056858005523,6648653
2001-11-05,26.270565032958984,27.00284487354545,25.9044233667729,26.064610782202525,8168156
2001-11-12,26.22479820251465,26.979963257072427,24.531398993977152,26.110379360666073,9133860
2001-11-19,26.499399185180664,26.888422471517917,25.995955333923053,26.52228259980769,8114208
2001-11-26,26.476512908935547,27.437631995802352,25.767116610036208,26.774002524228436,20419629
2001-12-03,27.346097946166992,27.96395887504551,25.995955522658882,26.179026332789437,9441812
2001-12-10,25.62982177734375,27.48340675313375,25.538286350388912,27.41475649233741,8464905
2001-12-17,25.88153839111328,26.453632527724505,25.057723183571667,25.812888142255584,10239588
2001-12-24,26.72823715209961,26.72823715209961,25.65269919246993,25.67558260737851,3158019
2001-12-31,26.06460952758789,26.77400591636429,25.744236458042586,26.72823908324043,5906991
2002-01-07,26.430749893188477,26.72823955138235,24.737350849554552,26.04172656714369,15266817
2002-01-14,26.133258819580078,26.40786504593816,25.67558352154265,26.316329637152133,10321285
2002-01-21,26.087491989135742,26.911307176456223,25.76711893131869,26.156143982201076,11295534
2002-01-28,26.339216232299805,26.59093732742727,25.492517527082082,26.247680812464477,9814285
2002-02-04,24.577157974243164,26.316323341549733,24.302551813578575,26.13325256777334,11450107
2002-02-11,24.897539138793945,25.24079564302791,24.53139747089676,24.577166052330337,8376760
2002-02-18,23.661819458007812,24.989077122572585,23.0210731744985,24.82889142464184,12234634
2002-02-25,24.87465476989746,24.966190189796393,23.021069936988994,23.753351550287533,13449132
2002-03-04,24.211029052734375,25.538286648444156,23.22702625679849,25.286565530800324,18666379
2002-03-11,23.570280075073242,24.66870159246293,22.531356840897818,24.256793086968578,14229467
2002-03-18,23.661819458007812,24.325449163236783,23.135492028989937,23.135492028989937,11326643
2002-03-25,24.622936248779297,24.943309378972238,23.684702024987402,23.730468866775063,9574065
2002-04-01,23.867773056030273,25.10349525213874,23.867773056030273,24.622936426330657,7915329
2002-04-08,23.432971954345703,24.302553837470743,22.952413315527597,23.890647181009125,10253707
2002-04-15,23.3872013092041,24.07371408829102,23.11259689592625,23.73045769874756,7532076
2002-04-22,22.66408348083496,23.43297820644805,22.270482401545774,23.364326205774667,12234909
2002-04-29,21.94194793701172,22.770555994595263,21.77992827979938,22.682603677271473,12577998
2002-05-06,22.29374885559082,22.765917337941698,21.201280810056847,21.992856604353122,11657667
2002-05-13,23.140880584716797,23.88616448827908,21.98823346404337,22.127106164328048,12137532
2002-05-20,23.724153518676758,23.955608674956533,22.798332893557667,23.35382562180166,9982250
2002-05-27,24.9740047454834,24.99714990147899,23.886164755068375,23.95560198891737,21173855
2002-06-03,24.53423500061035,25.182309839046695,23.747287487041042,24.811980350876286,11244665
2002-06-10,24.811983108520508,25.73780340011996,24.37221988270042,24.580528035620645,17212822
2002-06-17,24.39536476135254,26.154422942356305,24.302782380065594,24.81198282835072,16799843
2002-06-24,25.367477416992188,25.460059805822162,23.238091303213757,24.441657060416837,14967937
2002-07-01,24.881423950195312,25.66837166551349,23.74729357510697,25.020296660930917,11252251
2002-07-08,21.539213180541992,25.344335967603357,20.900398312505555,24.673115757754612,17859015
2002-07-15,19.844959259033203,22.349303304710766,18.97468937728087,21.54846889161981,17742067
2002-07-22,19.007095336914062,19.937544154416297,16.81753008518646,19.627395137203035,19317360
2002-07-29,19.22928810119629,21.502176872545,18.377533352507005,19.391305947742314,14995285
2002-08-05,19.65979766845703,19.835702281172814,17.590588413668023,19.395938983521,17621320
2002-08-12,19.608875274658203,19.858847192698953,18.400679436656755,19.4422273292977,7357422
2002-08-19,20.9003963470459,21.47903410011071,19.446856828022774,19.58110121054076,8984161
2002-08-26,21.233688354492188,21.733632170426215,20.27083614856822,20.770778198640137,14005075
2002-09-02,21.654937744140625,21.664196159682064,19.78941027616517,21.057784951546708,12545142
2002-09-09,21.3170166015625,22.65945702926973,20.784670875022535,21.5484717259353,10682954
2002-09-16,19.187633514404297,22.117854982418553,18.979323512919215,21.36331241661881,19046879
2002-09-23,19.682945251464844,20.067159864327216,18.0673876027057,19.233921716295345,14626502
2002-09-30,19.002460479736328,20.275463336995745,18.122932292419755,19.127446426716148,14138741
2002-10-07,19.62276268005371,19.62276268005371,17.715573190869808,18.516407608012898,13063596
2002-10-14,21.159622192382812,21.585500441781694,18.053495559645558,18.053495559645558,11215171
2002-10-21,20.89576530456543,21.803068836246375,20.391193136236154,20.923540551158105,9532484
2002-10-28,21.10407829284668,21.8493640752259,20.48377848942507,21.247581105545226,10778847
2002-11-04,20.756893157958984,22.196544143029932,20.650424025302136,21.539210749670037,9235987
2002-11-11,21.400339126586914,21.733635048005347,20.303242406401022,20.497663849986882,8263564
2002-11-18,20.71986198425293,21.70586130982545,20.395826222392795,21.386453873479407,10511919
2002-11-25,20.442115783691406,20.91891275779016,19.470005002398583,20.73837804976684,18695788
2002-12-02,19.210769653320312,20.99297287866911,18.618245274872038,20.738372670170985,13701882
2002-12-09,18.92840003967285,19.89588254301512,18.567330605939247,19.766268236723565,11892126
2002-12-16,18.7756404876709,19.881995709230175,18.585847354673646,18.701574917863738,13859329
2002-12-23,18.80341148376465,19.442228042458275,18.618248466687152,19.00246300737308,3059577
2002-12-30,19.67368507385254,20.368050429400274,18.729347766500638,19.113564110851012,7574112
2003-01-06,18.51640510559082,20.067153326839254,18.37753242047129,19.95605588508843,14381182
2003-01-13,16.91473960876465,18.97006031900966,16.90548119260011,18.655281232864617,16640253
2003-01-20,16.299072265625,17.618367763225063,15.928744355476178,17.035099759610745,18069793
2003-01-27,17.12767219543457,17.382272374897063,15.229741658501382,16.20185207676243,19522221
2003-02-03,16.45182991027832,17.35913353243319,16.20648628890018,17.294326383116754,11833916
2003-02-10,16.711061477661133,16.97955030496286,15.863936528964265,16.456461160440224,8204506
2003-02-17,16.711061477661133,17.312846293099433,16.201860843219315,16.942516632564264,8508073
2003-02-24,16.27129554748535,16.96566090343729,15.276037830942608,16.66476854284648,18353131
2003-03-03,14.711283683776855,16.734201262608767,14.711283683776855,16.41942224503941,10699307
2003-03-10,16.113903045654297,16.113903045654297,13.516976807362683,14.993659558257363,18015153
2003-03-17,17.757234573364258,18.00720649135904,15.276035755924616,15.308439326865178,16823596
2003-03-24,16.812904357910156,17.54430358406794,15.924117302484044,17.433204319208222,11132903
2003-03-31,17.38690757751465,17.47485987894329,15.576928783866537,16.294439233670563,11986838
2003-04-07,17.12767219543457,18.396046534994564,16.76197282475226,17.59058225477064,22785788
2003-04-14,17.829517364501953,18.76642706828699,17.22217576539665,17.241006740413635,15173795
2003-04-21,17.53761100769043,18.7522974107016,17.46698903691394,17.8295116813167,12890356
2003-04-28,18.596935272216797,18.691097328996012,17.537616174432294,17.537616174432294,10497276
2003-05-05,18.248537063598633,19.185446789055202,17.89072338611283,18.596936151354125,11492745
2003-05-12,18.342697143554688,18.606350527323517,17.801268492946917,18.606350527323517,11727835
2003-05-19,17.598817825317383,18.26265757222144,17.13742582639037,18.01783699801684,12611642
2003-05-26,17.923673629760742,18.14024503838089,16.972640553134642,17.471698047599222,7921056
2003-06-02,18.26266098022461,18.563978113631055,17.44816254273788,18.03196403971492,12120333
2003-06-09,19.477346420288086,20.047026049129492,17.937802466824852,18.06021367804373,19357047
2003-06-16,20.527250289916992,20.76265454459949,19.30314888396478,19.44439107757589,15389901
2003-06-23,19.98110580444336,20.3530448334146,19.3031424243876,20.117640657507433,16405015
2003-06-30,19.679790496826172,20.53195433595259,19.41613894579724,19.882238249789953,15008141
2003-07-07,19.957569122314453,20.334215508285705,19.543257199750258,19.773954121402944,12193466
2003-07-14,19.91519546508789,20.475458624709265,19.65625119772929,20.056437629466075,10434510
2003-07-21,19.326684951782227,20.051730337239448,19.081864362043753,20.051730337239448,11200359
2003-07-28,18.82292366027832,19.79278981919515,18.67226508359111,19.453807123652975,11361404
2003-08-04,19.35022735595703,19.75041563217012,18.644014652513462,18.832338758495126,9232753
2003-08-11,19.689210891723633,19.872825915312024,19.17132227155167,19.53384502406879,6632076
2003-08-18,20.273008346557617,20.475456082224856,19.529130286014492,19.891652933697888,7357018
2003-08-25,21.37470245361328,21.807845327140846,19.849282420599422,20.174139575745098,16735015
2003-09-01,21.139299392700195,21.70426807637824,20.715571083950014,21.64306427310783,11186375
2003-09-08,20.91330909729004,21.299373652949445,20.480166214147253,21.12046595095971,9174487
2003-09-15,21.65718650817871,22.057372931781057,20.960390288217162,21.115756127077635,12019402
2003-09-22,20.767358779907227,21.525360590117902,20.244761169340038,21.421782167557485,10089304
2003-09-29,21.36058235168457,21.421787963028123,19.96228224877905,20.76265530730738,13310010
2003-10-06,20.903894424438477,21.49240494544191,20.442500595499197,21.421782964524866,11362334
2003-10-13,21.341745376586914,21.66189343241212,20.998053668261036,21.073382939512523,9439580
2003-10-20,20.62611961364746,21.530071009430657,20.338926161031413,21.139300915209308,9619425
2003-10-27,21.261709213256836,21.65718837720193,20.531956485832062,20.729695169808767,8771074
2003-11-03,21.75135040283203,21.93967270223818,21.24758551303327,21.25229280722196,8394715
2003-11-10,21.577152252197266,21.883176668898088,21.238169591490667,21.563026777340013,8050126
2003-11-17,20.809736251831055,21.44532701431787,20.484877234389067,21.24758830456354,9323053
2003-11-24,21.162843704223633,21.56303023484288,20.856817442461615,20.870942919583804,11667345
2003-12-01,20.503705978393555,21.515944782342935,20.348340136387115,21.464155569676933,15087156
2003-12-08,20.098812103271484,20.48016759469524,19.929322569741526,20.45662753137094,13260614
2003-12-15,20.009357452392578,20.56491152063245,19.863406198535813,20.362463760375977,14825081
2003-12-22,19.89165687561035,20.079980972711034,19.609172525951024,19.821034890199673,4500430
2003-12-29,20.640241622924805,20.668490775254263,19.773954040729375,19.868116085835936,4356268
2004-01-05,19.585630416870117,20.748527840243916,19.585630416870117,20.57432922004349,17732674
2004-01-12,19.91519546508789,19.94344461636015,19.190150079690557,19.71274770428225,15425352
2004-01-19,19.93873405456543,20.244760218119623,19.45380200080215,19.957566820689998,13588600
2004-01-26,18.888832092285156,19.726872247243055,18.832335588397576,19.65154297672912,16979486
2004-02-02,19.11482048034668,19.331393711098812,18.785256034402952,19.00182746916355,12080854
2004-02-09,19.11482048034668,19.543256056065058,18.940621873777634,19.18544245932978,13196974
2004-02-16,20.273008346557617,21.049841052172315,19.01124181560469,19.105403845495022,25132779
2004-02-23,20.503705978393555,20.918017883729995,19.81161883419686,20.329507368873738,15893883
2004-03-01,20.56962013244629,20.847397184364052,20.16001729181897,20.640242116964508,14673599
2004-03-08,19.482057571411133,20.611996971449564,19.0677455600677,20.56020774553263,15081611
2004-03-15,19.208982467651367,19.75041284905967,18.85587616568722,19.42084660802816,15119483
2004-03-22,18.92650032043457,19.19956829143223,18.432151800048388,19.077158882914325,14245840
2004-03-29,19.293729782104492,19.359642676777725,18.742884765771045,18.92649977121553,16337600
2004-04-05,18.403902053833008,19.35964261555585,18.2297034333201,19.246649595328112,19033284
2004-04-12,18.432151794433594,18.695803380696987,18.19203847581031,18.403902640480347,11981325
2004-04-19,18.592226028442383,18.822921157574896,18.0978757311751,18.418025613066135,22166561
2004-04-26,18.56974220275879,19.644303160822993,18.339479532451826,18.96310782661215,24104102
2004-05-03,18.325084686279297,18.93432200238719,18.277112163378302,18.468998595053016,17961778
2004-05-10,18.085233688354492,18.368265264476,17.802202112232983,18.22914764588156,14233604
2004-05-17,18.147594451904297,18.526567391637954,17.639096590158076,17.89334460604869,10243930
2004-05-24,19.183773040771484,19.380455803696698,18.20035739618083,18.229140909034975,19284756
2004-05-31,19.318096160888672,19.41403939224691,18.7376422646205,19.140602372353143,10836548
2004-06-07,19.13580322265625,19.572343164475456,18.7184522921173,19.32289150772665,16668303
2004-06-14,19.298906326293945,19.30850083201744,18.77122132125581,19.068643678824674,14223310
2004-06-21,19.423635482788086,19.620318299631897,19.001486328355604,19.34688125743355,14577772
2004-06-28,18.718448638916016,19.653891711666333,18.58892558300002,19.284511551453562,16451883
2004-07-05,18.94871711730957,19.131009085511874,18.27711628496321,18.660889234855443,14009488
2004-07-12,18.81919288635254,19.06864455675366,18.540959527420668,18.823991054417622,8936732
2004-07-19,18.512174606323242,19.06864311199028,18.469000246833353,18.708857392896125,7206895
2004-07-26,19.01108169555664,19.140604799822025,18.19076870187586,18.512178293193337,12101925
2004-08-02,18.26752471923828,18.94871826979445,18.161986968602474,18.843180519158643,8536723
2004-08-09,18.056447982788086,18.339479524705965,17.86935967761551,18.267523469620762,9674138
2004-08-16,18.142797470092773,18.349074797216865,17.859765916361937,17.970100002736316,6973885
2004-08-23,18.776018142700195,19.01107896406749,18.229144112130662,18.325087341871697,8039969
2004-08-30,20.109622955322266,20.119217461098252,18.296303452852662,18.814395784966756,24604324
2004-09-06,19.81220245361328,20.10482850233892,19.596330628326744,20.05685779892637,11146039
2004-09-13,20.100034713745117,20.128816407457695,19.72105988683055,19.956118925321167,10707362
2004-09-20,18.694467544555664,20.100030641678362,18.49778474751622,20.05205811193405,22068630
2004-09-27,18.21954917907715,18.790408546209253,18.066040747075828,18.790408546209253,18329615
2004-10-04,17.4711971282959,18.445018580073604,17.41363191414025,18.253132092934553,23861214
2004-10-11,16.65567970275879,17.624702728134608,16.526156632885495,17.44720713425379,26017892
2004-10-18,16.631694793701172,16.871551956552114,16.435011993361996,16.694058168432598,17874309
2004-10-25,16.46859359741211,16.732436109236367,16.04164631250095,16.430215573164624,14899700
2004-11-01,16.65567970275879,16.789999110050495,16.387039058210696,16.401429900430614,14237909
2004-11-08,16.933914184570312,17.077828106542476,16.607708318785505,16.67486802704153,13292743
2004-11-15,17.221744537353516,17.81658925961095,16.88594415287148,16.890740490808206,24126598
2004-11-22,17.26011848449707,17.37045254233159,16.938710815583203,17.173769773154465,11563256
2004-11-29,17.404035568237305,17.547951333371017,17.063438828012785,17.197758256841617,13824137
2004-12-06,17.312889099121094,17.490382877104768,17.063437444405345,17.269714739074814,10281154
2004-12-13,17.034656524658203,17.653488503007733,17.034656524658203,17.34167525955064,15475056
2004-12-20,16.866756439208984,17.11620812030797,16.742031513641997,16.967496013316744,11178175
2004-12-27,16.809188842773438,17.04904598323551,16.694056610167152,16.837970528451443,7282344
2005-01-03,17.3896427154541,17.461600589710848,16.77560902033162,16.77560902033162,14650715
2005-01-10,17.97489356994629,18.15238733042014,17.15458080999111,17.389641598157542,24043013
2005-01-17,18.109210968017578,18.38264791438254,17.936513564005086,18.008471425665107,18167179
2005-01-24,18.660890579223633,18.819195376988485,18.325090138858712,18.377859014768724,16032268
2005-01-31,19.524377822875977,19.65390093960593,18.713659258525382,18.790413494739575,21873962
2005-02-07,19.346879959106445,19.644302333650263,19.140602649190505,19.567548113446538,11543328
2005-02-14,19.183773040771484,19.332483282273124,18.90553790640848,19.284512590814124,13147555
2005-02-21,18.852771759033203,19.284515364111343,18.723248677509762,19.188572137431215,10992166
2005-02-28,19.21255874633789,19.236544097089382,18.74723708587109,18.919932709260802,10403260
2005-03-07,19.51957893371582,19.76423431072485,19.068648041337106,19.1933729843473,15252096
2005-03-14,19.12141227722168,19.524372362134244,18.99668553452991,19.47160349637733,11921895
2005-03-21,19.50518035888672,19.543558375355456,18.915132080413972,19.092625831670517,7745996
2005-03-28,19.797813415527344,19.85058229207638,19.23654661855557,19.505187340093748,8940194
2005-04-04,19.869766235351562,20.12881240707372,19.39005191585048,19.591532881622687,13619248
2005-04-11,19.69227409362793,20.143206762784704,19.591534517313566,19.812202683516,14437595
2005-04-18,19.22029685974121,20.011518777214953,19.210467794807705,19.903400937648865,16199054
2005-04-25,18.429075241088867,19.24978249196817,18.31112833467681,19.151495590444345,13129826
2005-05-02,19.08269691467285,19.254700893228147,18.433991642700455,18.453649775878993,8614070
2005-05-09,18.78782844543457,19.166239030749573,18.66005434343203,19.043378524142206,9932471
2005-05-16,20.021347045898438,20.109804877377098,18.679708793720234,18.679708793720234,13574169
2005-05-23,20.001697540283203,20.242503163938803,19.74123190436387,20.0262692748823,9349330
2005-05-30,20.134382247924805,20.271985427894123,19.721570833314125,19.95254733187652,7764764
2005-06-06,19.598705291748047,20.247408509179525,19.411956827729213,20.14911974523792,14152078
2005-06-13,19.593791961669922,19.73631059121,19.30384110747224,19.54464851168487,11315570
2005-06-20,19.598705291748047,19.982029408947856,19.289096341477762,19.524988250116277,12296182
2005-06-27,19.854259490966797,19.91814560742697,19.289100385832064,19.431619029694232,12823859
2005-07-04,19.41196060180664,19.86408637925729,18.773086324029475,19.86408637925729,14402970
2005-07-11,19.14166831970215,19.71665462126647,19.01389233621942,19.53482158675929,18727638
2005-07-18,19.151498794555664,19.534823023796978,19.067952664639886,19.16132786129298,12274654
2005-07-25,19.13675308227539,19.289100795296815,18.92051925143764,19.264529067313404,8633929
2005-08-01,18.950008392333984,19.60362542226537,18.93526385427039,19.16624224533706,10729690
2005-08-08,18.96965980529785,19.348070357399127,18.92051635684933,19.028634193078947,7380471
2005-08-15,19.235044479370117,19.461107407021597,18.8025748842999,19.269445278156084,10992670
2005-08-22,18.62073516845703,19.348069028825194,18.62073516845703,19.313668242332948,8175546
2005-08-29,18.47821807861328,19.249781853124748,18.37010211558463,18.55193512701218,16187245
2005-09-05,18.674800872802734,18.905779272976552,18.517539541744842,18.517539541744842,9532892
2005-09-12,18.655139923095703,18.84680202423599,18.5027940861394,18.723941510715022,12389422
2005-09-19,18.261985778808594,18.802571262489902,18.13912527118079,18.625653706256024,15074961
2005-09-26,18.812400817871094,18.915605071739467,18.276728915678817,18.276728915678817,14453056
2005-10-03,18.935260772705078,19.328415895568295,18.625653644298755,18.871374658736986,14690472
2005-10-10,18.895946502685547,19.05812139837742,18.630567355514216,18.974577152806397,10044654
2005-10-17,18.31604766845703,18.920521238917857,18.257075140161625,18.920521238917857,11651245
2005-10-24,17.90814971923828,18.645312880357846,17.71648759729965,18.330790231565956,10692272
2005-10-31,18.320960998535156,18.330790065558748,17.986780218544464,18.085069014077522,11232446
2005-11-07,18.650230407714844,18.650230407714844,18.08998664344171,18.242332513728186,10818857
2005-11-14,18.50279426574707,18.699369964467202,18.23249963361504,18.6010811777558,9041409
2005-11-21,18.158782958984375,18.596166055508263,18.080152311010444,18.576507924839152,10558056
2005-11-28,18.596168518066406,18.62565571797486,18.045753909361416,18.232500551339946,14826124
2005-12-05,18.684629440307617,18.802574498093207,18.271817988652266,18.527368113458234,15329993
2005-12-12,19.765798568725586,19.82968468129548,18.67479668859248,18.67479668859248,32802934
2005-12-19,19.44636344909668,20.05083699787153,19.318589329923483,19.677341832462893,14675677
2005-12-26,19.45127296447754,19.692078466227514,19.31366794591818,19.446357495224223,4452076
2006-01-02,20.257240295410156,20.32604187700484,19.411959436498343,19.51024821364896,15334493
2006-01-09,19.485679626464844,20.399760339493703,19.34316097037705,20.321129680049197,18381653
2006-01-16,18.758342742919922,19.436533318322205,18.67479849163045,19.392303457432867,21457165
2006-01-23,18.895946502685547,19.09252219063638,18.483135120875446,18.62565376006404,22436262
2006-01-30,18.851716995239258,19.407047026560424,18.674797560503126,18.920518581036063,16494164
2006-02-06,19.004066467285156,19.122013404595997,18.640400337090746,18.87137874052704,13319718
2006-02-13,19.50533676147461,19.534823963104408,18.861548794198498,18.950008524385012,14370754
2006-02-20,20.276899337768555,20.39484626149945,19.23995812669323,19.46602103291613,18902393
2006-02-27,20.134382247924805,20.8961170830021,19.937804669652014,20.271985427894123,21116844
2006-03-06,21.023893356323242,21.387561351075856,19.731401926659128,20.29655924152093,24847959
2006-03-13,21.382638931274414,21.4121261238728,20.896112438966085,21.200805930340152,15279356
2006-03-20,21.441619873046875,21.544822266645742,20.792916435135602,21.39247453702155,14065338
2006-03-27,21.57430648803711,21.721738726341385,20.896115942194285,21.446530506724812,14256472
2006-04-03,21.4268741607666,21.7020824033193,21.043549934288343,21.574308286060806,15212117
2006-04-10,21.90357208251953,22.188609372209594,20.960004243619977,21.42687269272191,16664738
2006-04-17,22.458900451660156,22.458900451660156,21.67259210314606,21.903570450010562,11668399
2006-04-24,22.596506118774414,22.891372485141133,22.22301097101983,22.36061415050267,16051798
2006-05-01,22.704309463500977,23.37799808724524,22.281997163275484,23.116566480643822,19729814
2006-05-08,22.533370971679688,23.066289408482238,22.51326040775908,22.769665303124516,19447363
2006-05-15,22.231718063354492,22.78977369289468,21.779240007551977,22.377514843247525,24653600
2006-05-22,22.7948055267334,22.80988749271951,21.527868601971978,22.106034924195953,19470451
2006-05-29,23.031097412109375,23.227170620238404,22.518289527391698,22.709334135500043,17209158
2006-06-05,22.714365005493164,23.026071113211653,22.020565807675343,22.94060408280867,18735484
2006-06-12,22.025590896606445,22.76463587421051,21.82448910042165,22.62386576759047,22063395
2006-06-19,22.317184448242188,22.5735893119446,21.799349957251113,22.05072622166988,12614472
2006-06-26,23.046175003051758,23.076340843904404,22.020559428245203,22.372486566798273,11516796
2006-07-03,23.51373863220215,23.880747789135413,22.71436194528345,23.071315820374156,15343114
2006-07-10,23.765111923217773,24.267864444755237,23.307607205332626,23.383018932854046,19126809
2006-07-17,23.73997688293457,23.870691706806575,22.90037909680094,23.724893001752104,17519628
2006-07-24,24.614768981933594,24.63487954797083,23.780199669879565,23.850584733160762,11377488
2006-07-31,24.2578067779541,24.61476057284865,24.001403861045638,24.50415633312759,10175372
2006-08-07,24.212562561035156,24.333224016040187,23.679644171356816,24.0466552179831,9542848
2006-08-14,24.2578067779541,24.720338131702224,24.207532297885297,24.393550175558044,9885283
2006-08-21,23.991357803344727,24.358367018895024,23.850585752914355,24.182402435319368,7665000
2006-08-28,24.484045028686523,24.559456746494256,23.654502707862495,23.895823656974404,10412234
2006-09-04,23.915945053100586,24.609744294849477,23.599210324803373,24.574551760355266,10983527
2006-09-11,24.810836791992188,24.891277120738444,23.594176579973986,23.905882614134637,16921003
2006-09-18,24.810836791992188,25.127571425489382,24.363387343475598,24.76056230571905,15159980
2006-09-25,25.05215835571289,25.338727131404667,24.695202618016427,24.75050570066723,11125755
2006-10-02,25.690658569335938,25.841485892283355,24.94155822627959,25.132604762256992,10359989
2006-10-09,25.23818016052246,25.816344482791113,25.03707835930359,25.640381845111285,12941074
2006-10-16,25.288454055786133,25.414142199122892,24.8611151355807,25.263316810688554,9603671
2006-10-23,24.458911895751953,25.61524235690592,24.393553528400357,25.36386608631381,12504959
2006-10-30,24.41366958618164,24.559466398380874,23.73998095262433,24.363393170036066,19834078
2006-11-06,24.881223678588867,25.132599944852107,24.343276704364722,24.56951572757138,13152605
2006-11-13,24.529300689697266,25.31359354626415,24.393557252710913,24.851062058324608,11302788
2006-11-20,24.041627883911133,24.660013318468703,23.905884459079147,24.529298493361345,9193878
2006-11-27,23.2271728515625,24.262842084833082,23.202035602591213,24.01649435992566,14687758
2006-12-04,23.061262130737305,23.82041966054877,22.87524419842913,23.20203416840345,20347468
2006-12-11,24.006439208984375,24.31814531721321,23.151759314309338,23.151759314309338,21423065
2006-12-18,22.86016273498535,24.026548684952076,22.829996886713268,23.93605305798491,14779523
2006-12-25,23.096452713012695,23.272417265794367,22.860160305795645,22.860160305795645,5240590
2007-01-01,23.468488693237305,23.684672438612893,23.096450970218076,23.096450970218076,11906806
2007-01-08,22.221664428710938,23.604234024279677,22.08592100191323,23.483572561176526,29458235
2007-01-15,22.206579208374023,22.412709594966536,22.02056130190987,22.156304720523856,22444584
2007-01-22,22.13619041442871,22.347347446954483,21.527860392222,22.226686011532834,28058364
2007-01-29,23.05623435974121,23.26236284739016,21.995426075310405,22.12111422431218,28797828
2007-02-05,23.21208381652832,23.629369344671833,22.925515022584666,23.121590123884456,23083123
2007-02-12,24.16229248046875,24.654989835725154,22.95065869921343,23.010988478795063,32460227
2007-02-19,25.167797088623047,25.5599435222664,24.247758864645565,24.28797999519825,36988570
2007-02-26,26.143138885498047,26.394515220935528,23.880751866560715,25.127578260188713,57768822
2007-03-05,26.94251251220703,28.48093619297805,25.529776984242,25.615245925431566,56219301
2007-03-12,28.073707580566406,28.23961495499459,25.98225666845469,26.997817234516745,39906121
2007-03-19,27.857519149780273,28.154143235583405,27.188859245216545,27.85751914978027,19762132
2007-03-26,27.52570152282715,27.797188354294896,26.821847200766047,27.65138965763458,17813787
2007-04-02,28.742361068725586,29.23003163397843,27.40001274123607,27.450287226832806,17876853
2007-04-09,28.320053100585938,28.837887632363728,27.81730053214961,28.742363416937565,11657943
2007-04-16,28.85799789428711,29.310474050449464,28.159170220458986,28.284858361256667,18445206
2007-04-23,28.536235809326172,29.390915585256867,28.43065822702415,28.913300247132458,14032692
2007-04-30,28.137554168701172,29.18746449554265,27.953181587858822,28.890416200180784,11617804
2007-05-07,28.296323776245117,28.885297812796164,27.61516246521304,28.040248447953307,17486134
2007-05-14,27.876365661621094,28.373152517563252,27.65614068138076,28.270721976151457,10628756
2007-05-21,27.953182220458984,28.444846354564408,27.143983290256656,27.968546114118652,17933446
2007-05-28,27.845632553100586,28.286082460434468,27.528099671369123,28.055614258492337,11839805
2007-06-04,26.590864181518555,28.475578968766087,26.432098710257442,27.860999673807054,22276780
2007-06-11,27.425670623779297,27.55370830358564,26.186266821029843,26.84181911645435,19867274
2007-06-18,26.473064422607422,27.625403299244358,26.068466924066545,27.425664873219215,16891970
2007-06-25,26.70353126525879,26.862298650392155,26.068465632124205,26.42696947968432,15788817
2007-07-02,27.7739315032959,27.963426710325297,26.232358796067892,26.560134922940307,23354381
2007-07-09,27.861000061035156,28.055615928750434,27.184961264224302,27.77393342236257,16001778
2007-07-16,27.32836151123047,27.901969744975528,27.19520123590581,27.77393207069405,13600025
2007-07-23,26.44745635986328,27.548580918372092,26.12480093862823,27.297626267700505,19901964
2007-07-30,26.211870193481445,27.06204018687953,26.04285954268741,26.38600149110272,19254579
2007-08-06,25.704843521118164,27.12350122720445,25.202936058013616,26.119686300995355,24275081
2007-08-13,24.47055435180664,26.339904770498958,23.845731965966287,25.966035077500383,27351373
2007-08-20,25.848241806030273,26.017250490714392,24.327153875375576,24.72663072435579,19810236
2007-08-27,26.309181213378906,27.942943215464254,25.453890472356086,26.114565351813173,26487591
2007-09-03,24.501291275024414,26.473070826068955,24.429590484615524,26.473070826068955,25062396
2007-09-10,24.82394790649414,25.167087977145528,23.994262270498062,24.542263426168255,19895112
2007-09-17,25.11587142944336,25.592171748735204,24.296429116585383,24.839309575590043,21568247
2007-09-24,25.161958694458008,25.607529154714193,24.639564865257906,25.12610830993736,17399871
2007-10-01,25.96091651916504,26.007010157187256,24.788092980510317,24.864914408080857,15101866
2007-10-08,24.42958641052246,26.0684688822541,24.096687706341147,26.0684688822541,20218403
2007-10-15,24.793210983276367,25.494856772826974,23.763789115503563,24.42958451860484,23566772
2007-10-22,24.629323959350586,24.880278628539433,24.096686833435214,24.327155008465866,14679224
2007-10-29,25.397550582885742,25.607532269346393,24.634445261631367,24.829063053914304,16946165
2007-11-05,24.347640991210938,25.2643910716882,24.22984658282497,25.243904577960315,14767313
2007-11-12,25.77142333984375,25.919947513300094,24.158147836328016,24.301551362358236,17818375
2007-11-19,27.297630310058594,27.53321914928261,25.674113624541206,25.674113624541206,27492442
2007-11-26,27.09788703918457,27.528093603413804,26.124800158235296,27.451270235133816,17276960
2007-12-03,27.22592544555664,27.75856253116108,26.898149378630663,26.933999763844476,13813593
2007-12-10,26.53452491760254,27.400058781383542,26.319420636479094,27.005702560740236,13399751
2007-12-17,27.425670623779297,27.425670623779293,26.068472390051998,26.222117215079624,21807001
2007-12-24,27.28738784790039,27.54858579109528,26.985218865865015,27.435912015309263,4026233
2007-12-31,26.083833694458008,27.528098422859003,25.996767064917652,27.067162039880067,7563994
2008-01-07,25.85848617553711,26.063345255374458,24.95197932574042,25.914821103745144,18732304
2008-01-14,24.946861267089844,25.88921867626226,24.444953792618666,25.740694497593246,19361364
2008-01-21,24.74199676513672,25.607530595947924,22.28879486515702,24.532015092397927,33925191
2008-01-28,24.347640991210938,24.936613033140784,23.610142846603726,24.25033112285328,16132600
2008-02-04,23.16457748413086,24.5832352529647,22.893138220063374,24.388617426842725,18281348
2008-02-11,23.512836456298828,24.009623216059367,22.780460864492962,22.91874177557166,15287392
2008-02-18,24.014747619628906,24.48080470971125,23.40528894912122,23.605027422913654,12609455
2008-02-25,23.907188415527344,24.890516557822874,23.876458678443356,24.1325339597119,14637984
2008-03-03,24.485919952392578,24.992947932919737,23.502589822095388,23.538440206427637,21746929
2008-03-10,24.101810455322266,25.09026137280272,23.850855775497305,24.363006428960762,16755144
2008-03-17,24.306669235229492,24.716389362047373,23.38479846146434,23.45649923944501,24064639
2008-03-24,24.829059600830078,25.197808639409043,24.30666578074301,24.30666578074301,9839997
2008-03-31,25.42827606201172,25.90969688463565,24.44494597179559,24.603713348580822,13076157
2008-04-07,23.49234962463379,25.761177146539026,23.38479845768019,25.535831565250575,26712992
2008-04-14,24.04733657836914,24.766185020673053,23.842699049526875,24.162770823562784,17153882
2008-04-21,23.648561477661133,24.031597625212356,23.165831648396516,23.984373880906052,14927841
2008-04-28,23.952890396118164,24.24672521966107,23.39145371359199,23.622324218032787,11264608
2008-05-05,23.575103759765625,24.1260461321948,23.297009476889922,23.900421788940964,12848475
2008-05-12,24.335927963256836,24.6455053863061,23.522631954039184,23.61183124463995,16036623
2008-05-19,23.31275177001953,24.45661415183476,23.31275177001953,24.404142206760643,11704800
2008-05-26,23.648561477661133,23.795478903680834,23.018912220777008,23.317995267517002,10761688
2008-06-02,23.092370986938477,24.28870517825186,23.066136018174547,23.53312526761187,17429733
2008-06-09,22.751314163208008,23.312750945237728,22.347289207631484,22.987432903687786,12564896
2008-06-16,21.969493865966797,22.92970917591866,21.875046392804332,22.693590493012508,17175104
2008-06-23,18.317537307739258,22.184630718878456,17.971230464974557,21.969500740821594,42734504
2008-06-30,17.415037155151367,18.947183739735106,17.320589666983885,18.674335662984582,30559222
2008-07-07,16.134750366210938,18.223085295369213,15.846161735590503,17.651154226714336,37807219
2008-07-14,17.69837760925293,17.777084507651928,15.882890767992023,16.37086873422683,30120881
2008-07-21,18.364755630493164,18.66383863349038,17.352070374169436,17.866283291631305,18036760
2008-07-28,16.98477554321289,18.70581692963294,16.72766907415861,18.70581692963294,17671623
2008-08-04,19.277753829956055,19.309234997950846,16.94805132153185,17.00052327085684,17763000
2008-08-11,19.324974060058594,20.253704375374728,18.52741859013754,19.256761539173286,19008400
2008-08-18,18.24932098388672,19.398431360868916,17.661649312611615,19.188547620327963,14287369
2008-08-25,18.957677841186523,19.15181900766561,17.373061343373998,18.160122398483544,17558874
2008-09-01,17.842674255371094,19.52436029562228,17.8295557707914,18.836994938200302,16746935
2008-09-08,18.000085830688477,18.784522759746114,17.83480373574982,18.39099224661624,13090345
2008-09-15,17.889896392822266,18.194225592094334,16.882457315784727,17.509482391732753,30334957
2008-09-22,17.661649703979492,17.97909741742229,16.580752819761102,17.837426189657783,20307130
2008-09-29,17.638036727905273,17.81118909565829,16.62010328732274,17.737730394090374,23821174
2008-10-06,13.285591125488281,17.312719995196144,12.67430752869481,16.90344886624599,43943364
2008-10-13,14.062156677246094,14.901688643230901,12.813353615933583,14.219569483818162,44603843
2008-10-20,15.111570358276367,15.371300921041648,13.647637461453241,14.48192217714806,26711983
2008-10-27,17.273365020751953,17.74822653412636,14.156604078805739,14.49241746372912,37313401
2008-11-03,17.22614097595215,17.653776688893725,16.454820633267897,17.315340252850625,21008948
2008-11-10,16.669950485229492,17.834801284506916,15.65464118032422,17.577693837228782,16473240
2008-11-17,14.954160690307617,16.66995410444016,14.796748872834877,16.609612874382275,24558698
2008-11-24,15.589056015014648,17.00052016957009,15.308337642536122,16.76964763785702,21399140
2008-12-01,14.230062484741211,15.854031225758053,14.05690911494103,15.50510038919722,24412301
2008-12-08,14.9594087600708,15.951105469963958,14.376983199885936,15.636280815788355,19205402
2008-12-15,14.342874526977539,15.610043221840247,13.805049708569896,15.261112363556375,25583327
2008-12-22,14.009685516357422,14.613098720071743,14.004438323184283,14.319262907974291,6942939
2008-12-29,15.470998764038086,15.470998764038086,13.967712109793379,14.04379392589722,7806500
2009-01-05,14.560628890991211,15.478866748981646,14.290404927324259,15.478866748981646,11576015
2009-01-12,13.770947456359863,14.70230297932479,13.327569020895405,14.445196449093348,16908651
2009-01-19,13.83390998840332,14.140864326891418,13.301332316619588,14.062157419053507,17069544
2009-01-26,14.056913375854492,14.363866760489136,13.647641195541576,13.73159430932883,15400737
2009-02-02,14.613099098205566,14.69180499623975,13.705355672558417,13.891626531425937,16493122
2009-02-09,14.565877914428711,14.980396250551735,14.046417695317595,14.655078214728595,16482838
2009-02-16,14.056913375854492,14.592114226048235,13.904747731615053,14.453067068988103,15978381
2009-02-23,14.04903793334961,14.248427270295467,13.584671846935956,14.19595633947815,16747040
2009-03-02,12.010549545288086,13.95721411118967,11.973820195123858,13.78930793855336,24025713
2009-03-09,13.66862964630127,14.161854964675936,11.575046891694058,12.068272210068724,26539912
2009-03-16,13.744707107543945,14.062154773324202,13.422012248841735,14.030672616592204,18992139
2009-03-23,15.255867004394531,15.379172554356465,13.909992335883333,13.99394543403609,17941377
2009-03-30,15.903878211975098,16.39185616813556,14.760016121362348,15.045981644015535,19452734
2009-04-06,15.764833450317383,16.155740893187655,14.996137049865036,15.924869363154206,13995772
2009-04-13,15.318830490112305,15.951102788958186,15.006629985975065,15.764831925165375,13055916
2009-04-20,15.478864669799805,15.54182998338476,14.610473766172294,15.452629706272571,13511791
2009-04-27,16.208208084106445,16.378738355951683,15.203394130765306,15.321453472750491,11005565
2009-05-04,16.35501480102539,16.746490846786962,15.974412312074543,16.537160618628185,14588607
2009-05-11,15.718865394592285,16.512693107755155,15.68624265042509,16.466476602881485,12383057
2009-05-18,16.596969604492188,16.738336220375558,15.501379627719055,15.618278924756106,9872363
2009-05-25,17.17330551147461,17.87742029215202,16.22995697095402,16.56434289037902,11894453
2009-06-01,17.605562210083008,17.96985171146983,17.39894910866503,17.534878398576474,10068975
2009-06-08,16.03965950012207,17.73333971249211,15.966257544064336,17.73333971249211,14962129
2009-06-15,16.007034301757812,16.121214413426046,15.553029910602218,16.00975243139162,15005857
2009-06-22,16.985727310180664,17.374485239360403,16.145684090513317,16.376764551407657,15868714
2009-06-29,17.366329193115234,17.736056050660686,16.38763752438899,16.90960662178799,19259591
2009-07-06,16.855236053466797,17.377204156044172,16.770959499858424,17.2439940002453,11163100
2009-07-13,17.07271957397461,17.899168915355162,16.61871621770341,16.773675534028403,14332795
2009-07-20,17.89645767211914,18.30696279174643,17.146127123249162,17.2711818690413,12261139
2009-07-27,17.90732765197754,18.19277795222535,17.738774564605055,18.06228697900253,9042330
2009-08-03,17.69255828857422,17.948103963659598,17.15155921512561,17.844798441741382,11174940
2009-08-10,17.007474899291992,17.719744162272313,16.98028841624188,17.589251117748354,7728347
2009-08-17,17.464197158813477,17.575660188530545,16.27073798357383,16.972133720590982,11186119
2009-08-24,17.99703598022461,18.19821280952945,16.98028553878806,17.499536387941703,11529709
2009-08-31,16.87154769897461,18.203654422785394,16.73018108066151,17.700716349815945,13620401
2009-09-07,16.91232681274414,17.499542507775967,16.798146674526937,16.917764110334264,11487207
2009-09-14,16.664932250976562,17.20049403378178,16.577937580487973,16.8552334815672,20117495
2009-09-21,16.77367401123047,16.963975218037124,16.295202346284693,16.64590015120663,17861609
2009-09-28,16.246273040771484,17.417984236943912,16.1701529479451,16.819894978434995,17144072
2009-10-05,16.77367401123047,17.35545118630882,16.145680339885946,16.295202346284693,15306455
2009-10-12,16.393077850341797,17.192343016377595,16.35229967143823,16.806303159660885,15287348
2009-10-19,16.39579200744629,17.13252854065189,16.3604501002165,16.493660229142417,15041445
2009-10-26,15.914605140686035,16.55619170129644,15.914605140686035,16.46375972159734,17854523
2009-11-02,16.8443603515625,16.988446129684107,15.762363135954358,15.914604341061922,17413049
2009-11-09,17.290206909179688,17.371765320543307,16.863388981158742,16.90960548340201,9635433
2009-11-16,16.806297302246094,17.744204423670894,16.683960734055667,17.31195442606107,12622243
2009-11-23,17.616436004638672,17.806736172252883,16.95581856555368,17.015627782265653,18412010
2009-11-30,18.372207641601562,18.423855225278626,17.46148159990266,17.61644094386864,17812764
2009-12-07,17.891014099121094,18.399390436237756,17.6979947388126,18.399390436237756,17245378
2009-12-14,17.717021942138672,18.162869816741516,17.662651059525142,18.13568437543475,14024880
2009-12-21,18.277055740356445,18.377642101249407,17.703433892342595,17.801303160428525,8377253
2009-12-28,18.247150421142578,18.432014356589857,18.146561990021542,18.39395431759629,3175985
2010-01-04,18.755525588989258,19.02738420864054,18.184622902544902,18.372206013821618,13458360
2010-01-11,19.481388092041016,19.606442797994564,18.214526032140128,18.823488709775475,18478131
2010-01-18,19.397111892700195,20.324150771508915,19.182343336547003,19.57110124151249,17172855
2010-01-25,19.2149658203125,19.70974838649856,18.921358036215317,19.212246653575534,12939132
2010-02-01,18.339582443237305,19.57110167253124,18.339582443237305,19.168752072335515,11981445
2010-02-08,18.83436393737793,19.119816304015007,18.336858041173464,18.383079728866974,11677161
2010-02-15,18.986600875854492,19.440606248363924,18.589687626290704,18.93766832610031,13060682
2010-02-22,18.423852920532227,18.921358822358606,17.99703913445456,18.921358822358606,13059953
2010-03-01,19.57381820678711,19.74508836941459,18.57065935997202,18.63862400652336,14222409
2010-03-08,19.494979858398438,20.12297255750148,19.402548930442364,19.69071838126601,14468368
2010-03-15,19.497697830200195,19.712466358844438,19.24758843258274,19.465074053682812,12976822
2010-03-22,19.38079833984375,19.677123195286768,19.06000513375775,19.492259278658967,9213623
2010-03-29,19.968013763427734,19.968013763427734,19.214966338083734,19.39711110615498,8532935
2010-04-05,20.33502197265625,20.34045823147369,19.65537554407972,19.968011241931887,9464022
2010-04-12,20.87330436706543,21.324590668713498,20.28337166354234,20.48726562712912,17021377
2010-04-19,20.623193740844727,20.965736160569058,20.457359827476722,20.810776840189376,14712349
2010-04-26,20.03054428100586,20.922240270666922,19.399832331676073,20.75912550472447,15385793
2010-05-03,19.2236328125,20.883307182588517,18.225585762997557,20.57772617836167,27419412
2010-05-10,19.459131240844727,20.255325716378234,18.926464808065585,19.62453702624881,22339083
2010-05-17,18.646116256713867,19.613324828598568,18.2844637793478,19.19279899057826,17611348
2010-05-24,18.957307815551758,19.108697392016232,17.973276637985315,18.780685573557236,18922320
2010-05-31,19.04140281677246,19.57406912098453,18.491916169332985,18.960100926332867,13310599
2010-06-07,18.850770950317383,18.988144263962447,18.371371752061084,18.65452641497446,15263273
2010-06-14,19.635751724243164,19.89086532100327,18.78348584134062,18.876002031209758,16400281
2010-06-21,18.898426055908203,20.045058442222818,18.845158782591376,19.966560653484958,11900493
2010-06-28,18.01812171936035,19.097477151461252,17.835898810773624,18.901230514815214,15663762
2010-07-05,19.39745330810547,19.618930477227977,18.141482028008067,18.191945207541107,16005163
2010-07-12,19.50958824157715,20.05627734080726,19.307741932776647,19.470339338160887,13403466
2010-07-19,19.983383178710938,20.157201257680946,19.17877861740383,19.363808834071012,12976300
2010-07-26,19.806758880615234,20.17962547664535,19.33857416229994,20.154392824984853,11159354
2010-08-02,20.103933334350586,20.350636717160686,19.792744120063897,19.904884743583292,9186368
2010-08-09,19.921703338623047,20.476798199888467,19.775922038086033,20.255321076090382,9348146
2010-08-16,20.04506492614746,20.81042289171857,19.756304193212376,19.997405844555363,11071765
2010-08-23,20.025442123413086,20.39830891016976,19.16476592370791,20.045066578563166,12517621
2010-08-30,21.219730377197266,21.44120753249537,19.820779819260046,20.014222351879635,17187142
2010-09-06,21.00105857849121,21.329068175094346,20.771164819853688,21.329068175094346,9141006
2010-09-13,22.439254760742188,22.809317343169226,20.73752727458764,21.22814066017146,23105125
2010-09-20,23.14573860168457,23.14573860168457,22.15329748899717,22.46168477684999,16842848
2010-09-27,21.943031311035156,23.100884675499778,21.86734188497654,23.100884675499778,14633003
2010-10-04,21.637453079223633,22.254223363673,21.48886764680931,21.89537504261848,13104356
2010-10-11,21.589792251586914,22.652320885916918,21.3542967231994,21.696324669842852,16188172
2010-10-18,21.71595001220703,21.80005601985593,21.045912471692592,21.427189332266245,12461575
2010-10-25,21.743988037109375,22.01312430922748,21.598206691801426,21.828094057917202,7181133
2010-11-01,21.317853927612305,21.999105780927483,21.28421109500122,21.870144797608752,8649050
2010-11-08,21.08235740661621,21.404760919523532,20.807615105773362,21.284210115180954,9013475
2010-11-15,21.429994583129883,21.89817944146721,20.902934232944624,20.961803308078338,13804546
2010-11-22,20.420730590820312,21.68791612291605,20.106739381306443,21.643059013611385,13448776
2010-11-29,18.56201171875,20.703889987332467,17.563964334441312,20.47119849167235,35533661
2010-12-06,17.807863235473633,18.556399599146452,17.807863235473633,18.556399599146452,20130389
2010-12-13,18.525562286376953,18.859173662313403,17.807864592975477,17.866737943636494,15203395
2010-12-20,17.83589744567871,18.688164240915796,17.77422106658859,18.665735688917774,9948640
2010-12-27,17.297624588012695,18.12185460268445,17.297624588012695,17.942430469105744,5500250
2011-01-03,18.17792510986328,18.528358951589553,17.381730728953155,17.499477423779943,12969956
2011-01-10,18.62928581237793,19.288115484117576,17.841505860301687,18.113446190748792,15260304
2011-01-17,18.67414665222168,18.805911727161035,18.004109139955403,18.671342548377037,14339133
2011-01-24,19.04981231689453,19.3441854903361,18.533972674969178,18.741431456696866,12863048
2011-01-31,19.960954666137695,20.527263871702807,19.318953905892084,19.51239429567817,20619827
2011-02-07,19.834796905517578,20.098327047086254,19.484358797646244,19.930110766375506,9545460
2011-02-14,20.188039779663086,20.308590578283162,19.848815936779744,20.120749842923363,10874789
2011-02-21,19.927310943603516,20.28055097846776,19.304932588503323,20.182428746561026,11508670
2011-02-28,18.088211059570312,20.17962741057755,17.998498996332,19.83199129398782,33336170
2011-03-07,17.936824798583984,18.52275738430142,17.844309690024538,18.05457256428507,16027664
2011-03-14,17.213523864746094,18.006916419233292,16.72291041173813,17.903185947734414,26965123
2011-03-21,17.7265625,17.964861073572134,17.350892776343084,17.465836441893586,12678419
2011-03-28,18.158296585083008,18.17512334727221,17.516299033539333,17.726561907601518,12587224
2011-04-04,17.83589744567871,18.222781412026826,17.768613928589087,18.158295581949734,9861637
2011-04-11,17.157451629638672,17.917201264092295,16.997651922597203,17.77422297285342,12537033
2011-04-18,17.432191848754883,17.53592122046273,16.742529967477612,17.143431214522593,11687962
2011-04-25,17.948036193847656,17.998499364131945,17.314444600598083,17.432192354412145,7905343
2011-05-02,17.653671264648438,18.096625566415412,17.174271098564013,18.096625566415412,16655369
2011-05-09,17.160255432128906,17.572371047389648,17.031294446895064,17.572371047389648,16646356
2011-05-16,17.08736228942871,17.558351190192507,16.854670873340257,17.07054087531135,16266486
2011-05-23,17.008865356445312,17.210718070950325,16.86027992463043,16.966813420558335,12041859
2011-05-30,16.924758911132812,17.37332034023049,16.80420811395581,17.022882225053674,13505865
2011-06-06,16.35845184326172,16.941581417845942,16.33322025456428,16.87990396337391,16814846
2011-06-13,15.298727989196777,16.616375664170977,14.550192604428906,16.4257372225431,32002281
2011-06-20,14.995948791503906,15.382831713457575,14.861379609704388,14.993144687596425,17626162
2011-06-27,15.789339065551758,15.97717444466482,14.740828861441736,14.970716171196434,30809858
2011-07-04,13.568408966064453,16.564486612192674,13.437130900109244,16.389448449008725,86809411
2011-07-11,12.696133613586426,13.577161392114855,12.445244768413136,13.477972804787402,28185720
2011-07-18,12.906180381774902,13.028706871891691,12.5094260298178,12.599861930751956,22890319
2011-07-25,12.019318580627441,13.07538459077646,11.829692967210944,12.84783474496911,20853009
2011-08-01,10.919492721557617,12.238117132393183,10.648182770165256,12.188522277787245,33633937
2011-08-08,11.12662124633789,11.14120757518638,9.72922935306089,10.81738706843393,41757243
2011-08-15,10.785297393798828,11.771347552431815,10.560664349272667,11.292908803203378,24217317
2011-08-22,10.721114158630371,11.287071893175492,10.417713654128365,10.70652783132777,14074023
2011-08-29,10.303937911987305,11.082860191207132,10.190163010193087,10.934076771272117,28521368
2011-09-05,9.4520845413208,10.2339236852188,9.446249787964497,10.210584671793587,25285331
2011-09-12,9.592114448547363,9.837168503859843,8.550634435252997,9.189525404920008,32929979
2011-09-19,9.029075622558594,9.539604926273443,8.57980956820179,9.443333151968886,23919208
2011-09-26,10.000539779663086,10.1930822231769,8.851119872973426,8.938638963140502,20372180
2011-10-03,10.070554733276367,10.586918761418332,9.688386704439411,9.816749062788116,22708352
2011-10-10,10.06472110748291,10.50815243184922,9.787576390645762,10.149323378082835,19299015
2011-10-17,10.548993110656738,10.560662617960348,9.717560190420228,10.120148176605554,19796300
2011-10-24,11.686744689941406,11.774263770583309,10.467308976116483,10.575249138479315,26336690
2011-10-31,11.47086238861084,11.966805292058492,10.76195599691972,11.575885722619214,26649399
2011-11-07,11.809271812438965,11.809271812438965,10.91074083002166,11.129539099771836,22356780
2011-11-14,10.753206253051758,11.844279713419319,10.706529331424251,11.777181708133877,14856994
2011-11-21,10.099726676940918,10.776542492401006,9.866342104862513,10.677353910159505,15994538
2011-11-28,11.578803062438965,11.96097107548228,10.14640388791412,10.207668244078484,23448500
2011-12-05,10.805718421936035,11.87053609290985,10.27185006315544,11.698414727894132,20427435
2011-12-12,9.338310241699219,10.71236430661817,9.335393420916054,10.674438959243325,20350793
2011-12-19,9.948028564453125,10.257263884444745,9.230370433780928,9.2770473582263,13510806
2011-12-26,10.27768325805664,10.27768325805664,9.72339501166747,9.948026908063488,5616668
2012-01-02,9.691305160522461,10.680273172919557,9.665049323340876,10.24851138260671,11944424
2012-01-09,9.78174114227295,9.933441412385942,9.595033459938671,9.752568484232807,14357337
2012-01-16,9.918854713439941,10.44980508260072,9.492927689891719,9.743816545996037,19559363
2012-01-23,10.654017448425293,10.864064148099631,9.767154841873165,9.889682454305053,20990549
2012-01-30,10.726950645446777,10.732785399883719,9.95969768640615,10.61609253687614,17145963
2012-02-06,10.309773445129395,10.759039446143152,10.26601335057484,10.686106697129183,10795376
2012-02-13,10.473143577575684,10.546076329194273,9.991786971746802,10.385623385340997,10154887
2012-02-20,10.689023971557617,10.75320514953362,10.333111785131395,10.557744795181923,10961045
2012-02-27,11.012845039367676,11.144124209429913,10.333111288192889,10.639429722626582,15066125
2012-03-05,10.881567001342773,11.027432513727705,10.029712943190235,10.960334511574501,22046165
2012-03-12,11.284156799316406,11.284156799316408,10.767792721170458,10.805718068252078,18675823
2012-03-19,10.732783317565918,11.234559860268995,10.534406156660491,11.22289146652457,13799211
2012-03-26,10.487730979919434,10.963252880797862,10.30102329470389,10.770709328445548,10874525
2012-04-02,9.980116844177246,10.802798142279471,9.84008610331574,10.478976567158623,11371214
2012-04-09,9.069917678833008,9.980118171961221,9.037827087787223,9.980118171961221,18948477
2012-04-16,8.877376556396484,9.428748101089335,8.775270570526326,9.043663177403353,18384895
2012-04-23,9.066999435424805,9.093255269874795,8.474785306566725,8.751929978457639,17116867
2012-04-30,8.352259635925293,9.151603194858636,8.340590683383168,9.067000924088763,13024464
2012-05-07,8.375597953796387,8.57105777431188,8.0634458276969,8.30849994763969,14258296
2012-05-14,8.057608604431152,8.314331580326687,7.803802448201365,8.282240999677523,15219479
2012-05-21,8.433943748474121,8.594395586992121,7.897158626854718,7.905910757775481,21431716
2012-05-28,7.996346473693848,8.544801052141548,7.911744775068028,8.466033550486925,17043333
2012-06-04,8.092618942260742,8.361011519972635,7.879655417672175,7.9029938784978695,19912202
2012-06-11,8.454364776611328,8.454364776611328,7.8358953294307545,8.261822349052022,22388931
2012-06-18,8.4164400100708,8.652741979677435,8.010933515255966,8.55355338869534,16377089
2012-06-25,8.486456871032715,8.515630089320036,8.051777643493487,8.337673958556948,16927023
2012-07-02,8.16643238067627,9.073142104102251,8.151320206070192,8.786017127762484,15755387
2012-07-09,8.792061805725098,8.804150968675605,7.7795691880355005,8.166432202450325,29640910
2012-07-16,8.43239974975586,9.006649087637209,8.411243283189936,8.840419213358825,20656708
2012-07-23,8.574451446533203,8.628853543007175,8.048559325717074,8.350795885212532,21681458
2012-07-30,9.006649017333984,9.085230590015803,8.568406362897909,8.640943066187939,16374260
2012-08-06,9.514408111572266,9.768286903875971,8.922024647177333,9.006650526964854,16765854
2012-08-13,9.816642761230469,9.837799226968436,9.472093287279677,9.496272187618848,12090327
2012-08-20,9.73201847076416,9.90731509419448,9.550676400684164,9.816644347389756,10688960
2012-08-27,10.0735445022583,10.678017586497525,9.520451076767774,9.732016886839684,22847164
2012-09-03,10.266976356506348,10.475519168748743,9.762240699595996,10.05843239132297,14791053
2012-09-10,10.526900291442871,10.554100475932238,9.994963282346724,10.215595840197153,14261930
2012-09-17,10.529921531677246,10.551077998109857,10.200483643445374,10.505742054073721,14011592
2012-09-24,9.756196022033691,10.514810451489415,9.704816359012112,10.487609114318872,14876148
2012-10-01,9.768284797668457,10.109812407793616,9.632278701704912,9.689703805229314,14493198
2012-10-08,9.81059741973877,10.209549544364464,9.478137700197644,9.683658631421894,16054010
2012-10-15,11.09510326385498,11.352005018258504,9.777351746318644,9.846867166091316,24491500
2012-10-22,11.173686027526855,11.297602971401647,10.632682306707727,11.098126887287568,18627413
2012-10-29,11.500102043151855,11.533348252592509,11.064881767693286,11.303648951002426,16144736
2012-11-05,11.288534164428711,11.5424129009214,10.968164173980455,11.45476518166985,10870873
2012-11-12,10.623617172241211,11.312716265639375,10.623617172241211,11.309693253929437,11704436
2012-11-19,11.394320487976074,11.53032719378512,10.687086770710216,10.711265100108948,14382312
2012-11-26,11.475923538208008,11.72677930503344,11.20391014965891,11.352006584078103,14041395
2012-12-03,11.593793869018555,11.72073266251803,11.246221386537965,11.551480937852062,9898422
2012-12-10,11.605884552001953,11.883941638266304,11.182752900014206,11.61495128000679,14335997
2012-12-17,11.678420066833496,11.838605068834196,11.566592866546646,11.605883940733191,15280990
2012-12-24,11.645173072814941,11.998790410648224,11.611926870213255,11.741888669688468,4738391
2012-12-31,12.409831047058105,12.409831047058104,11.563567928660735,11.57565766531001,8576219
2013-01-07,11.584728240966797,12.42494553368503,11.472899880340647,12.382632598503683,17618515
2013-01-14,12.22244644165039,12.757405307411206,11.339916213123631,11.636107912544572,22325667
2013-01-21,12.968971252441406,13.026395786036243,12.4521469912648,12.49748178527935,15536289
2013-01-28,12.730204582214355,13.074754103150793,12.678824916398709,12.99617309868537,12432814
2013-02-04,12.609310150146484,12.959904527475588,12.400766177627803,12.739271968314611,13098789
2013-02-11,12.089461326599121,12.724157585069223,12.004835466254008,12.563972591432865,12916390
2013-02-18,12.69393539428711,12.802740739280125,12.007858271528676,12.053194216256088,16196217
2013-02-25,12.440055847167969,12.905500391989913,12.261736243785064,12.69393458498531,13475592
2013-03-04,13.670159339904785,13.921016235720913,12.316139702387824,12.361475647131284,24948052
2013-03-11,13.035465240478516,13.736654079589375,13.035465240478516,13.679228386122647,15296237
2013-03-18,13.201691627502441,13.479748679687118,12.612330167661272,12.869231908074529,15415931
2013-03-25,12.908524513244629,13.410237207733818,12.50655044710708,13.349789659000196,10704089
2013-04-01,12.503525733947754,13.446504598803594,12.394720391622776,12.908522756523535,14058144
2013-04-08,13.059642791748047,13.29538811621071,12.409834814288546,12.524683888498949,12795309
2013-04-15,12.727180480957031,13.092886406073799,12.246624351452706,12.965947616704025,14329312
2013-04-22,13.389079093933105,13.606689781466883,12.497481030222165,12.576063179805342,18108965
2013-04-29,14.264542579650879,14.264542579650877,13.659586746892542,13.771271046287607,11810832
2013-05-06,14.621315002441406,14.767124040586987,13.932595791364102,14.186987337475099,9873404
2013-05-13,14.438277244567871,14.714385058973889,14.211806776757905,14.63682663095208,10025445
2013-05-20,14.36381721496582,15.15181094018552,14.270747360175895,14.475501514092695,15437766
2013-05-27,14.155962944030762,14.92534231723534,13.963617213143953,14.553061669956337,11033008
2013-06-03,13.361763954162598,14.286260140580248,12.99879113152456,14.084608966930514,17161479
2013-06-10,13.27800178527832,13.662692084201817,12.579975978048703,13.35866320795552,12985905
2013-06-17,12.660637855529785,13.746455816892446,12.660637855529785,13.191137204053819,15462553
2013-06-24,13.110474586486816,13.336946210700091,12.01845309177875,12.567565655166263,18349976
2013-07-01,13.157007217407227,13.513776338615827,12.691656807194596,13.147700587906106,11241664
2013-07-08,13.141499519348145,13.442426582425716,13.008098935722888,13.265592287372074,8891171
2013-07-15,14.20870304107666,14.432071680915092,13.29971821705904,13.433118801023921,15229143
2013-07-22,13.960515022277832,14.643029326723143,13.876751790130463,14.23662279670017,11553380
2013-07-29,14.714385032653809,14.788840460690858,13.966721835198822,13.985336283931929,9711872
2013-08-05,14.826070785522461,14.850888869441583,14.252137653864203,14.67405573151954,8569954
2013-08-12,14.94395637512207,15.251088250909506,14.531346180167617,14.810556976338011,9143656
2013-08-19,15.021514892578125,15.04633415614828,14.363819792788112,14.940854652870366,8235247
2013-08-26,14.695770263671875,14.984287703785405,13.814706494782232,14.97808288767625,14812756
2013-09-02,15.09907341003418,15.403103473422632,14.701974658021294,14.897422217785975,13484310
2013-09-09,15.865350723266602,16.067003095222137,14.965673731993892,15.077356866340265,13143357
2013-09-16,16.023571014404297,16.200404128022473,15.679211419427544,16.0297746469456,14223125
2013-09-23,15.759869575500488,16.132150201454316,15.74745994516428,16.06389841805266,8283110
2013-09-30,16.132152557373047,16.14145918976059,15.536504415617225,15.623369473761368,9204403
2013-10-07,16.451692581176758,16.557172085545762,15.71023423433918,15.958420955369887,12164673
2013-10-14,16.97909164428711,17.19625548869474,16.293475395376053,16.38034045976001,14342223
2013-10-21,16.876710891723633,17.239683691122227,16.675058547537226,16.979087379971652,8548260
2013-10-28,16.712289810180664,16.9883976257664,16.473409708839107,16.96357954408618,8159865
2013-11-04,16.67816162109375,17.304833778108524,16.433077920587717,16.74020859194178,9666422
2013-11-11,16.9883975982666,17.1621289035377,16.492024130988746,16.659550619987908,9013929
2013-11-18,17.35447120666504,17.35757420611942,16.82397191092971,16.923246591414188,9019713
2013-11-25,17.96873664855957,18.077319161560098,17.301734854903742,17.3730884691024,10919546
2013-12-02,16.997703552246094,18.08972624407053,16.755720477941416,17.97183711471428,14463504
2013-12-09,16.861202239990234,17.155924511228093,16.789848626271212,17.02872873312936,10515096
2013-12-16,17.37308692932129,17.44444053719586,16.6347304034598,16.802256882877113,14428743
2013-12-23,17.78569221496582,17.80740847150727,17.214862364203604,17.432024929618123,4234436
2013-12-30,17.661603927612305,17.971837615174863,17.385496135033243,17.807414139469937,5625155
2014-01-06,17.50958824157715,17.745366497989387,17.23658345887016,17.6460918163782,10153579
2014-01-13,16.96047592163086,17.683321015403088,16.786745805903575,17.553023428607624,17008948
2014-01-20,15.520991325378418,17.06285316259227,15.520991325378418,16.99460137123866,17277073
2014-01-27,15.85604190826416,16.4516899432286,15.415509513555193,15.511682370292085,21789909
2014-02-03,16.566476821899414,16.62852260303856,15.576830754534635,15.86845113305726,18480480
2014-02-10,16.616113662719727,16.792946737291636,16.44238240373356,16.588192588658508,13596055
2014-02-17,16.50443458557129,16.62852736684761,15.862250862536861,16.609914100552427,16897967
2014-02-24,16.578889846801758,16.702983810247044,16.31829347032485,16.461001883321252,14172945
2014-03-03,17.382394790649414,17.68332187494383,16.101130391091097,16.386544842772132,22990905
2014-03-10,16.50753402709961,17.574738656527806,16.312087658433704,17.37308628872606,20033019
2014-03-17,17.100080490112305,17.276913596964842,16.420669141860333,16.4734083005771,16109097
2014-03-24,17.50958824157715,17.525100872130036,16.71849260472969,17.05975035828476,13660809
2014-03-31,17.9997615814209,18.074217015647353,17.342066389664197,17.537512792094482,18118220
2014-04-07,17.611968994140625,18.344120786293384,17.413419596291963,17.93461235736858,24374506
2014-04-14,17.878768920898438,17.900485185779576,17.416520175326273,17.590251477823077,14657409
2014-04-21,17.54987144470215,18.576994735225245,17.499149321828302,18.269492394376023,13249853
2014-04-28,16.979246139526367,17.895415103711493,16.92218360389519,17.61644284166025,10920787
2014-05-05,16.839759826660156,17.169454216515934,16.440323276523518,17.014117041328447,18818541
2014-05-12,16.874631881713867,17.02362864390674,16.592490002990935,16.874631881713867,17257149
2014-05-19,17.09337043762207,17.25187721635066,16.801718545230624,16.890481954339194,12459449
2014-05-26,16.909502029418945,17.24870641560847,16.861949515376775,17.118730914445294,8657991
2014-06-02,16.976072311401367,17.210662828361013,16.497382468980195,16.93803103084133,12452948
2014-06-09,16.643211364746094,17.182134641276207,16.49738542207051,17.02362786637386,8646895
2014-06-16,16.668575286865234,16.83342129089771,16.399113007447653,16.602001513313056,11794131
2014-06-23,17.220176696777344,17.429405600608973,16.52591742708847,16.668573772726123,14123241
2014-06-30,17.591081619262695,17.914434361321053,16.893651599210525,17.223345966407646,14323309
2014-07-07,17.15677261352539,17.587911225620054,16.899992417579814,17.53084869111866,11814836
2014-07-14,17.369173049926758,17.800311680233076,17.06166951315901,17.150432921994753,11992025
2014-07-21,17.137752532958984,17.65765454886764,17.03947789948915,17.35332183847877,9450417
2014-07-28,16.326200485229492,17.445258112091942,15.933103087080559,17.210668724081398,14458204
2014-08-04,16.42447280883789,16.731975136521665,16.145500540320292,16.35789904285124,19071038
2014-08-11,16.440322875976562,16.738315177252886,16.30400695290179,16.516405450667627,13754383
2014-08-18,16.731977462768555,16.896824680297176,16.500557679308447,16.519578930707837,11862558
2014-08-25,16.72880744934082,17.106053189695288,16.497387671545805,16.83976172317717,12655603
2014-09-01,16.59882926940918,16.99192538467304,16.53225671575637,16.728804773388298,10159071
2014-09-08,16.3452205657959,16.659063331738146,16.240605504274594,16.611512020482778,9438882
2014-09-15,16.364238739013672,16.459342559981565,15.926760920699229,16.342047887764853,12423801
2014-09-22,15.568536758422852,16.430814063680014,15.463921698897911,16.32302940052287,13237107
2014-09-29,14.810873985290527,15.657299614313882,14.703089325971485,15.593896660130191,16438716
2014-10-06,14.55409049987793,15.08984290762224,14.45898668675257,14.896465678301935,19172655
2014-10-13,14.674556732177734,14.69991718597511,13.580859801512322,14.462157036235267,25117510
2014-10-20,14.357542991638184,14.6935765577873,14.221227077679742,14.652365669798478,16045143
2014-10-27,14.817215919494629,14.86476723302041,14.132466604649705,14.408268092894092,14622490
2014-11-03,14.940850257873535,15.3688181041091,14.623836680125468,14.801363509705455,13397171
2014-11-10,15.238842964172363,15.311755943748445,14.899638524300185,14.96304148328704,10550139
2014-11-17,16.04088592529297,16.063076778125797,15.09618564553138,15.150078580490236,14370425
2014-11-24,16.13282012939453,16.405451988784833,16.028206281785913,16.06941717453224,10695844
2014-12-01,15.895061492919922,16.20573467154975,15.435391537350242,16.072589541841637,16127188
2014-12-08,14.68406867980957,15.882379604906443,14.633346556242264,15.825317064729372,15901023
2014-12-15,15.422708511352539,15.641447408766664,14.107101895775104,14.636513903304753,23771700
2014-12-22,15.768255233764648,15.914081183231858,15.371988278053253,15.416369983603204,4958547
2014-12-29,15.898232460021973,16.14233186685029,15.666811468755649,15.850679936488147,5525910
2015-01-05,15.137396812438965,15.971142776526895,14.928167920576636,15.844336874478516,19337853
2015-01-12,17.359663009643555,17.41355594677766,15.184950879074245,15.20714173280275,25486200
2015-01-19,18.06660270690918,18.301192056179847,17.156772949704116,17.21383548532362,20525261
2015-01-26,17.654481887817383,18.133172963809994,17.49914594556007,17.968325793947745,15295510
2015-02-02,17.819334030151367,18.240962695411802,17.663998044547665,17.67667766937487,15298198
2015-02-09,18.313871383666992,18.513590241925797,17.584740522038302,17.75275730238505,13871683
2015-02-16,18.735502243041992,18.890839430572193,18.136346765574228,18.228280994738817,11162784
2015-02-23,18.745012283325195,18.868647379171513,18.304363625078775,18.77988396867893,11159942
2015-03-02,19.68971061706543,19.924299952948328,18.507250290762045,18.62137535548806,18094202
2015-03-09,19.740432739257812,19.9401516025847,19.321974974684768,19.654838940689146,15346778
2015-03-16,20.215953826904297,20.298376816169743,19.578755926852107,19.753114343335994,14691490
2015-03-23,19.794326782226562,20.320569257575787,19.41708107105509,20.158892869733954,29296293
2015-03-30,19.775306701660156,20.07963943657034,19.591438251832674,19.838709657094142,9298139
2015-04-06,20.792919158935547,21.078231859276528,19.775307085881547,19.775307085881547,12684717
2015-04-13,20.298376083374023,20.859491389895123,20.165230980295604,20.796087232271134,12573706
2015-04-20,19.9179630279541,20.707326133872915,19.73726418189993,20.342760047496878,10958347
2015-04-27,19.521697998046875,20.203276510001608,19.432933368035663,19.90528416242851,12414948
2015-05-04,19.502676010131836,19.943324702408844,18.954242649942326,19.626311115526295,13872417
2015-05-11,19.32197380065918,19.70239025696849,19.07470243893731,19.550222706996305,13520410
2015-05-18,20.19693374633789,20.225465015292514,19.096897508444656,19.302955598174034,12495311
2015-05-25,19.5946102142334,20.361783722299982,19.5946102142334,20.165234427993077,11387075
2015-06-01,19.214191436767578,19.810177248685296,19.023982581401132,19.59777754158937,15093288
2015-06-08,19.008127212524414,19.42341529011456,18.53577782337549,19.19516520663779,15513861
2015-06-15,18.49706268310547,19.44754319645621,18.32188852135073,19.28210052008583,23151313
2015-06-22,19.63893699645996,19.755719771459358,18.656016131863492,18.977168763111838,19543138
2015-06-29,18.471113204956055,19.314543794492135,18.29918367058671,18.814973511167636,18561836
2015-07-06,18.853900909423828,18.970683702948225,17.79312551820777,18.166181526691492,19882351
2015-07-13,20.132020950317383,20.294218988545122,19.025830379103105,19.100441328191128,13846779
2015-07-20,20.239070892333984,20.631589845529625,20.115800037517744,20.167703359944664,11201828
2015-07-27,20.277997970581055,20.28448604053518,19.694085286910614,20.16770325630653,11665007
2015-08-03,20.49209976196289,20.97869388154378,20.17419175233345,20.274754982537054,9554069
2015-08-10,19.603252410888672,20.670515658504666,19.557837164176956,20.553732888404443,11718096
2015-08-17,18.523014068603516,19.891965803620373,18.523014068603516,19.710303569065182,12353539
2015-08-24,18.879852294921875,19.07448944990621,16.82642449371472,18.013714109054018,26904547
2015-08-31,18.000736236572266,18.883092596072473,17.880708814576078,18.81496972681365,14564241
2015-09-07,17.439531326293945,18.740360196396157,17.329236618386073,18.195374726436402,15250225
2015-09-14,17.374652862548828,17.991004614322318,17.11513503288344,17.46223994443999,18925258
2015-09-21,17.043773651123047,17.744469270541515,16.443640044057176,17.35195023448411,17511384
2015-09-28,17.202722549438477,17.377896717646948,16.122484320431738,16.988621200785705,18054651
2015-10-05,18.44840431213379,18.649530768233756,17.491435649957545,17.50765644357447,15120104
2015-10-12,18.8019962310791,18.857144207376777,17.57253480845769,18.458137183176323,21385349
2015-10-19,19.593521118164062,19.817353938071097,18.36730325755017,18.75009067998087,15560447
2015-10-26,19.249662399291992,19.59352267105082,19.0355610475293,19.518910487695738,10068696
2015-11-02,19.891969680786133,19.96982529290549,19.10044360535871,19.116663163620625,10512001
2015-11-09,18.691701889038086,19.917919919868897,18.490576664790655,19.898455709468365,11191210
2015-11-16,19.009607315063477,19.359955629781705,18.490574149709815,18.571673159138367,13865687
2015-11-23,19.038806915283203,19.25939636519816,17.98451957634107,18.8928296583311,14066672
2015-11-30,17.981271743774414,19.11341317671921,17.621191958448794,19.029070754805545,16730805
2015-12-07,16.969158172607422,18.282961954836153,16.868594949533474,18.088323578319425,13343676
2015-12-14,17.290311813354492,18.078594432199665,16.81020573577138,17.05025939329939,18261457
2015-12-21,17.543336868286133,17.68931408325324,16.88481212449658,17.29679520694965,6963144
2015-12-28,17.591997146606445,17.75419516702967,17.29030872962143,17.6114613545474,3753721
2016-01-04,16.317123413085938,17.196236537964673,16.03814257198691,17.09242988604032,15660209
2016-01-11,15.970015525817871,16.839396937169184,15.78510989793452,16.313875744104536,19388568
2016-01-18,16.414440155029297,16.430660948021362,15.029270066622354,15.934334134316005,21927163
2016-01-25,17.017818450927734,17.017818450927734,15.814309263460913,16.505273276233762,17749639
2016-02-01,16.067337036132812,17.231918983094385,16.005702227996867,17.095673226960354,23392620
2016-02-08,14.68216609954834,16.22304748618495,14.438869038500455,16.138705049509735,21030252
2016-02-15,15.259590148925781,15.635889509040851,14.734067668656953,14.8638265807543,15012684
2016-02-22,15.720235824584961,15.973265642022673,14.802195439922611,15.369888655208669,16370986
2016-02-29,17.12811279296875,17.32275118363954,15.418545301228797,15.648867458729537,17485036
2016-03-07,15.473691940307617,17.027549327627586,15.149295888047385,17.027549327627586,21915778
2016-03-14,15.489912033081055,15.9862376142754,15.120100718663874,15.538571937598169,18911997
2016-03-21,15.25310230255127,15.739696373820555,15.155783735791955,15.441251366622915,10079598
2016-03-28,15.483426094055176,15.986239814211027,15.136322357320127,15.253105154253966,14612248
2016-04-04,15.282299995422363,15.733210362453727,14.886536369695092,15.454229527103218,14396683
2016-04-11,16.93996238708496,17.270846511662032,15.2206623057089,15.31149404258497,23291832
2016-04-18,17.180011749267578,17.34869781664751,16.680441615581536,16.80371244125774,15013359
2016-04-25,16.054365158081055,17.180018897508003,16.054365158081055,17.076212234001304,16094162
2016-05-02,15.506134986877441,16.154927256098027,15.343936919572293,15.99597384312389,14677896
2016-05-09,15.892165184020996,16.103021902563928,15.515865764610783,15.554792949384835,14745658
2016-05-16,15.827281951904297,16.041383273428988,15.535325041883082,15.785110123240655,13939608
2016-05-23,16.284835815429688,16.431787574316946,15.573460574386877,15.890741275403018,12232712
2016-05-30,16.25811767578125,16.43178712074391,15.990934404311904,16.288175873448445,12638301
2016-06-06,15.493304252624512,16.481882976629805,15.47994477077923,16.22471995827483,11536035
2016-06-13,14.855402946472168,15.473265575409389,14.494705871843252,15.396449195430666,17845386
2016-06-20,14.795287132263184,15.857341723821728,13.960338634121577,15.16266523586367,21918760
2016-06-27,15.03240966796875,15.189380366869546,14.053851365079138,14.658353160534388,21217704
2016-07-04,14.695093154907227,15.135945847632021,14.160726640704524,15.072490222204909,15075069
2016-07-11,15.483284950256348,15.63357593275622,14.658355437225062,14.811985653100358,12775795
2016-07-18,15.443209648132324,15.683673975196523,15.152646622132824,15.51334502377478,10381050
2016-07-25,14.965617179870605,16.15458301317549,14.895480538511043,15.449886284408226,17472354
2016-08-01,14.588220596313477,14.948917693294407,14.270939904930682,14.94223922630264,17038129
2016-08-08,15.162666320800781,15.20608272850891,14.58822130528629,14.611599762984634,11037570
2016-08-15,14.648336410522461,15.229459842063658,14.55816182134601,15.192723178944613,9799966
2016-08-22,14.952259063720703,15.379752321563059,14.801968067126,14.92888060580935,15949965
2016-08-29,15.5333833694458,15.580141561760028,14.695095526141586,14.885463707171438,16564248
2016-09-05,15.236139297485352,15.663633779726709,15.1559849579609,15.563438944275758,12806869
2016-09-12,14.785265922546387,15.13594398393973,14.521421931257734,15.015711214540845,46916000
2016-09-19,15.66363525390625,15.82394522207295,14.898822078961274,14.962277709892767,17371239
2016-09-26,15.406469345092773,15.673652597563798,14.978974867108887,15.583478010974156,11930214
2016-10-03,15.379752159118652,15.727091064462096,15.296257303451307,15.456567273448961,11691888
2016-10-10,15.469926834106445,15.680334228177317,15.149306892494904,15.396450953059068,10398365
2016-10-17,16.241418838500977,16.59209695930382,15.363052645723512,15.41648929961699,19171107
2016-10-24,16.114505767822266,16.338271350369407,15.85734148144178,16.301534687198153,10005045
2016-10-31,15.797224998474121,16.07776773892276,15.656954265264938,16.047709542659323,12092462
2016-11-07,14.915518760681152,16.18130089126086,14.818664436656485,15.98759224321153,19190616
2016-11-14,14.848724365234375,15.09586969091212,14.665035943273669,15.09586969091212,13134116
2016-11-21,14.958935737609863,15.14262412954448,14.728489165410492,14.94223702453038,8634709
2016-11-28,14.42123031616211,14.995675280787701,14.187444485858883,14.965617084405425,12739782
2016-12-05,15.550080299377441,15.646933350740994,14.334394293190238,14.391171449949775,14454752
2016-12-12,15.20942211151123,15.69703172749157,15.079170349957744,15.59349765531891,13824499
2016-12-19,15.095868110656738,15.363051357724158,15.065809915734764,15.309614708310674,6711384
2016-12-26,15.289576530456543,15.37975112137643,15.0223932651552,15.095869140874434,3898478
2017-01-02,15.580138206481934,15.840641708836397,15.32965367759335,15.336332143883807,9255670
2017-01-09,15.045771598815918,15.636915285127097,14.855403444210825,15.62689631089429,14352304
2017-01-16,15.7705078125,16.084447992572542,14.928879564315176,15.062470561055905,22086072
2017-01-23,15.449886322021484,15.864021334268344,15.336333276246563,15.750468288493423,12253141
2017-01-30,15.219442367553711,15.406471305092229,15.00903497207668,15.389772588569063,8994521
2017-02-06,15.159324645996094,15.26285871785367,14.822006015154148,15.216101806056795,10553505
2017-02-13,15.095868110656738,15.409808266707179,15.029071980382328,15.145964252839882,10553481
2017-02-20,14.80196762084961,15.125928062183029,14.765229681230723,15.029073725738758,13882148
2017-02-27,15.252837181091309,15.409807892317954,14.79528580197791,14.895479357940161,12280282
2017-03-06,14.404533386230469,15.33299580770872,14.331057502851177,15.272879407494832,20262974
2017-03-13,14.574860572814941,14.711792073605116,14.347754482621925,14.421230357105042,16799197
2017-03-20,14.501387596130371,14.614940663918082,14.227524539824227,14.58822296951361,12631491
2017-03-27,14.76188850402832,14.79862643881013,14.361113002637062,14.447947078823905,10815310
2017-04-03,14.050514221191406,14.938899435252363,14.010437047167036,14.828686888177748,16705944
2017-04-10,14.154046058654785,14.317695236513215,13.960337412502142,14.050511995294215,11345353
2017-04-17,13.906902313232422,14.267600684575902,13.412612943414947,14.154047635156324,19531396
2017-04-24,14.444611549377441,14.63497973839477,14.164068753873398,14.601582302228074,15520831
2017-05-01,14.518083572387695,14.564840480184406,14.234200344431665,14.444607703547046,11965514
2017-05-08,15.196063041687012,15.229460472825838,14.467987831393646,14.628297794114618,17177304
2017-05-15,15.269537925720215,15.650274221668788,15.039091334150106,15.229459482124392,19621604
2017-05-22,15.443209648132324,15.653615775059693,15.17602508068031,15.222783271805719,12447232
2017-05-29,15.633575439453125,15.820603079302336,15.396449108311062,15.396449108311062,14833302
2017-06-05,15.453227043151855,15.76382798812484,15.276218368242848,15.653614174217513,15600092
2017-06-12,15.059131622314453,15.810585293539665,14.888802684076754,15.423169229558102,21156550
2017-06-19,15.1716947555542,15.816198451436472,14.858059140629928,15.726588839209345,14370667
2017-06-26,15.268196105957031,15.630083115858692,15.161354038270998,15.268196105957031,12696339
2017-07-03,14.668499946594238,15.592174360712418,14.55821058205054,15.375041599062602,17234910
2017-07-10,15.00281047821045,15.057955147509364,14.441024570587956,14.723641165088969,11769013
2017-07-17,14.468595504760742,15.147565278868559,14.441023828903667,15.01315023652799,13451271
2017-07-24,14.251463890075684,14.554760236103878,14.123942085681364,14.547866987926799,12489721
2017-07-31,14.26870059967041,14.299719565464374,13.868901326522066,14.075693555313203,13825707
2017-08-07,14.061905860900879,14.282484570130256,13.851666367806375,14.282484570130256,10662352
2017-08-14,14.051565170288086,14.389326447697245,13.948169075530618,14.086030096956351,8359971
2017-08-21,13.5966215133667,14.358307711474206,13.513903847420508,14.044672140797427,12640901
2017-08-28,11.466656684875488,13.637980020384893,11.373599801456878,13.555263667181281,45431265
2017-09-04,11.580391883850098,11.783738112682862,11.239184629467164,11.511462028451371,24563723
2017-09-11,11.573501586914062,11.828545243365845,11.535589372231335,11.71136263196146,25277568
2017-09-18,11.404618263244629,11.752718754344299,11.315008665405488,11.580391492170612,19209063
2017-09-25,11.783737182617188,11.90436704954933,11.34602579866879,11.435636707218679,21114119
2017-10-02,11.725149154663086,12.131841670670285,11.62175304197969,11.8216520178672,26312690
2017-10-09,11.831990242004395,11.92159983825369,11.57349935332999,11.776844256924646,17948077
2017-10-16,12.317954063415527,12.386883920874231,11.707915358686158,11.91470756056778,22481918
2017-10-23,11.952619552612305,12.338632269289034,11.897474878801344,12.335186302380169,14964389
2017-10-30,12.011209487915039,12.204216492294488,11.842329509491593,11.952618850636235,13267829
2017-11-06,12.073246955871582,12.266253953044687,11.794077646726898,12.028442816596883,17053300
2017-11-13,11.411513328552246,12.004319625542871,11.318456434390727,11.993979094134115,20887305
2017-11-20,11.552820205688477,11.614858127355129,11.280542806679588,11.390832153030807,12821154
2017-11-27,12.300722122192383,12.424797987761071,11.456319409383271,11.54592902632013,24428661
2017-12-04,12.207663536071777,12.58678433011453,12.05257004029582,12.400670557480057,18706819
2017-12-11,11.794078826904297,12.393776992652091,11.676896230243399,12.214556473361734,18508768
2017-12-18,12.090482711791992,12.15596660550877,11.632091511516078,11.800972826026367,16396231
2017-12-25,12.435134887695312,12.455813316081743,12.06290739970878,12.090480390560776,6570346
2018-01-01,12.762557983398438,12.790130979382017,12.376545242898016,12.435137201986716,9618533
2018-01-08,12.262807846069336,12.772896352666152,11.945725019683287,12.752216609178173,17944916
2018-01-15,12.655714988708496,12.803916544439767,12.142179151331092,12.290380707062363,22053107
2018-01-22,13.372594833374023,13.57249508187457,12.686733089179674,12.690179055816436,36271920
2018-01-29,12.879739761352539,13.451866243815742,12.838381584780654,13.393275603234965,17361991
2018-02-05,12.600571632385254,12.907313991269218,12.359313168905363,12.779792167691662,20304977
2018-02-12,13.462206840515137,13.507010984209003,12.645374631981394,12.659161129157692,16395877
2018-02-19,13.200267791748047,13.600066980501293,12.965902614056215,13.441526217578186,11902277
2018-02-26,11.990530967712402,13.303663836669516,11.91126058653476,13.20716099258415,23521190
2018-03-05,12.035335540771484,12.197323590380398,11.890581269442176,12.014657110440265,14999011
2018-03-12,11.680343627929688,12.107715890088114,11.587286732586653,12.090483423858567,18072685
2018-03-19,11.549372673034668,11.773398642489662,11.452869825763072,11.711360722171438,15251400
2018-03-26,11.614858627319336,11.73893447599351,11.346027183607697,11.54937342121198,14967249
2018-04-02,11.480443000793457,11.676895979992254,11.418405079493551,11.614858058692349,14633451
2018-04-09,10.984139442443848,11.638982875169301,10.691182979615638,11.46665562143227,25317202
2018-04-16,11.34947395324707,11.46320926623105,10.946228120628353,11.008266042166056,14308265
2018-04-23,11.635536193847656,11.869901376195832,11.228845063628654,11.311561413426436,15129492
2018-04-30,11.511462211608887,11.800972079049133,11.490782465808605,11.618304278028495,9205418
2018-05-07,11.339134216308594,11.638983280112638,11.308115256966612,11.49078173156236,10034247
2018-05-14,11.215058326721191,11.366705841268857,11.170252871268586,11.339134163511394,12545446
2018-05-21,11.022051811218262,11.521801147184233,10.991032850647885,11.211611541480469,15583928
2018-05-28,10.625699996948242,11.097877030658449,10.598127658603032,11.063410786006434,18912202
2018-06-04,10.315510749816895,10.770454649010894,10.232793736997657,10.625699712233132,17129679
2018-06-11,10.739435195922852,10.884190126081045,10.322403526524454,10.329296117578576,28352587
2018-06-18,10.408376693725586,11.094213146950912,10.362180038033005,11.048017169046053,17716800
2018-06-25,9.857573509216309,10.497214595881385,9.811377536110086,10.383500127874425,21422363
2018-07-02,10.23425006866455,10.287553998080998,9.73319828333585,9.857572988994862,24799477
2018-07-09,9.338754653930664,10.29821531677111,9.207272653585626,10.291108035068634,29281334
2018-07-16,9.601716995239258,9.655020246983197,9.352967583384048,9.352967583384048,18807744
2018-07-23,11.069337844848633,11.20792712797086,9.551967756775595,9.573289602048364,32224798
2018-07-30,10.984051704406738,11.044462239411065,10.667785144683435,11.040908598788734,18494716
2018-08-06,10.97339153289795,11.179497958573107,10.863231377223562,11.087106007225357,14166571
2018-08-13,10.62869644165039,10.973391470164282,10.561178621170543,10.90232068662711,13618749
2018-08-20,11.055123329162598,11.197265567276176,10.660678025333219,10.660678025333219,12949453
2018-08-27,10.955622673034668,11.310978582867499,10.902319422117266,11.108425822708803,12195904
2018-09-03,11.094212532043457,11.19015880135993,10.664232157220852,10.923641838450408,14430202
2018-09-10,11.477996826171875,11.74806810523024,11.051570096103172,11.083552185581786,22023910
2018-09-17,11.790711402893066,12.067888630642027,11.453122954269693,11.513534175144104,23243471
2018-09-24,11.72674560546875,11.875994444316762,11.563282204185132,11.72319264264749,13058222
2018-10-01,11.147515296936035,11.890208532067726,11.072890202703594,11.726745137309946,17266892
2018-10-08,11.367835998535156,11.495763671079795,10.884551721980007,11.08710516926866,21494125
2018-10-15,12.167387962341309,12.21358325845223,10.962730866797306,11.35717549866267,28786928
2018-10-22,11.82979965209961,12.334404439813394,11.691211051405693,12.181601276080269,18616323
2018-10-29,12.384154319763184,12.433905291464546,11.833352868178412,11.968388508788511,15303599
2018-11-05,12.490761756896973,12.686207251587506,12.163833589195713,12.401922772439882,15435114
2018-11-12,12.433904647827148,12.629350139165808,12.20647571283411,12.529849556489074,13286896
2018-11-19,11.836905479431152,12.494313350114158,11.819136600027415,12.401921412860533,13932553
2018-11-26,11.30031967163086,12.04656802836502,11.275444861963933,11.787156975137718,17992978
2018-12-03,10.362177848815918,11.442460095458426,10.1276430122294,11.399817767599558,28998325
2018-12-10,10.60737419128418,10.873891127357714,10.248464636037307,10.362178420315995,19892557
2018-12-17,10.539857864379883,10.682000114777875,10.220037631537473,10.554072428313539,21586551
2018-12-24,10.536304473876953,10.66067920010236,10.205823310227743,10.369287410412266,5764888
2018-12-31,10.753071784973145,10.785053876649153,10.29466225614218,10.589607685541578,7645564
2019-01-07,11.172390937805176,11.367836433592576,10.710427809363111,10.824141601660337,15219063
2019-01-14,11.808478355407715,11.954174244380951,11.101320078301892,11.101320078301892,14773168
2019-01-21,12.405475616455078,12.494314600060621,11.545514905829567,11.772942486967708,18148196
2019-01-28,12.348617553710938,12.465885651659677,12.185154164668923,12.3272957116543,9718766
2019-02-04,12.426795959472656,12.91718611372593,12.121189675892266,12.362831790556987,12848084
2019-02-11,12.888758659362793,12.888758659362791,12.384152576319083,12.504973636576718,11087402
2019-02-18,12.757279396057129,12.878100475636725,12.540512045437087,12.856778630213714,11174979
2019-02-25,12.586706161499023,12.895866791002558,12.426797080361306,12.77859868555461,16776337
2019-03-04,12.163834571838379,12.671993712430064,12.138959762626934,12.544065347585244,12414848
2019-03-11,12.02879810333252,12.504975120186373,12.02879810333252,12.174493985436852,15294431
2019-03-18,12.011031150817871,12.316637492646691,11.99681658711062,12.02169275138601,10140090
2019-03-25,11.833352088928223,12.003922771088641,11.474443199386041,11.918638107796074,13631861
2019-04-01,11.89376449584961,12.018138540465063,11.804925505245595,11.90087177776698,8799963
2019-04-08,11.92574691772461,11.986156782335994,11.278998478833284,11.822693360425296,12669266
2019-04-15,11.879549980163574,12.1282994259781,11.840460607247309,11.86888973503202,8095995
2019-04-22,12.277547836303711,12.49076222025534,11.716086138606041,11.879549550732861,11244020
2019-04-29,12.199371337890625,12.441012155057892,12.078550251519255,12.259781203288574,7076151
2019-05-06,12.458781242370605,12.789262414751557,11.989711453618707,12.067888848027026,11973697
2019-05-13,12.330852508544922,12.583154923511573,12.085656020117076,12.3948166919978,11637342
2019-05-20,11.854674339294434,12.259779892772247,11.787155843331247,12.224244841110284,13060946
2019-05-27,11.968388557434082,12.025245455462791,11.83335291627513,11.844014516613584,9239798
2019-06-03,11.92574691772461,12.337959791346414,11.712532521011324,11.907978034650245,15623491
2019-06-10,12.160279273986816,12.401921393284317,11.939957641019864,11.939957641019864,10779047
2019-06-17,12.414008140563965,12.695149080296794,12.191286006956515,12.49798508731831,16897047
2019-06-24,12.399401664733887,12.779124557282802,11.91014369739964,12.64768191041479,16996979
2019-07-01,12.738964080810547,12.768174183133079,12.282566678128516,12.465125639201329,12508606
2019-07-08,13.093128204345703,13.12963943746399,12.63307886729542,12.73166086809191,10314352
2019-07-15,12.979938507080078,13.253776878085201,12.82658968786792,13.034706738406696,8518681
2019-07-22,13.089475631713867,13.209965202421364,12.808336085691437,12.961684928976398,11031928
2019-07-29,12.454172134399414,13.202663571423647,12.322729463933833,13.009151524801705,12436513
2019-08-05,11.48660945892334,12.162078448376015,11.446446961175324,12.14382143807687,16246182
2019-08-12,11.271190643310547,11.669168540588464,11.011956554609563,11.508517155113642,12289647
2019-08-19,11.238327980041504,11.570585176885626,11.194513530428113,11.315002396356125,10398122
2019-08-26,11.318655014038086,11.409934489957749,11.092281607338185,11.20181739628606,8991070
2019-09-02,11.800609588623047,11.855377826906112,11.27118908861241,11.318654105863043,7813185
2019-09-09,12.523543357849121,12.538148407735509,11.782354486292636,11.800610102243512,12701361
2019-09-16,12.154775619506836,12.556404765407686,11.95030908746198,12.417659568919595,12198386
2019-09-23,11.840773582458496,12.132867623255088,11.574237683180716,12.110960047889998,9100704
2019-09-30,11.13609504699707,11.946657164970826,10.990048038121147,11.796958893822119,12204673
2019-10-07,11.128792762756348,11.263886684138091,10.82574495164242,11.099583360350442,12340747
2019-10-14,11.212769508361816,11.428189108429835,10.993699342414134,11.128792564988068,10266876
2019-10-21,11.490260124206543,11.691075388132875,10.814792562692615,11.245631102032121,12486107
2019-10-28,11.1105375289917,11.537725489104076,11.03751367226542,11.464701632377798,8828547
2019-11-04,11.3551664352417,11.599795447609026,11.121490513793725,11.147049350888786,10427561
2019-11-11,11.256584167480469,11.413584966677083,10.997350807993655,11.318654234688267,11195359
2019-11-18,11.274840354919434,11.417236808331264,10.968141962080164,11.234677859799229,11932909
2019-11-25,10.938932418823242,11.457399886913176,10.935281852504964,11.300399768162464,10906447
2019-12-02,10.99735164642334,11.044816667832901,10.643186831539367,10.938932140708829,14159476
2019-12-09,10.891465187072754,11.074024107872772,10.734464403759617,10.982744647472762,11532759
2019-12-16,11.048467636108398,11.106886443859356,10.89146682912503,10.942583111805337,12499603
2019-12-23,11.132444381713867,11.161653785055439,10.979094840068841,10.993699889943182,3219579
2019-12-30,10.975443840026855,11.1580027893785,10.84765243619928,11.114189031522095,5375304
2020-01-06,10.964489936828613,11.26023521788388,10.723512197241794,10.880512297076118,12238633
2020-01-13,10.770977973937988,11.059421447176492,10.533651479895354,10.968141972821085,12632748
2020-01-20,11.165305137634277,11.351515346592281,10.55555822860176,10.78558289112928,16920292
2020-01-27,11.17625904083252,11.501213746045103,10.975443779803332,11.074025779049999,14085771
2020-02-03,11.336910247802734,11.526771718441573,11.121490636194652,11.212770109031736,10456217
2020-02-10,11.577888488769531,11.62535420663504,11.132444893241008,11.318655109252404,9288081
2020-02-17,11.778702735900879,11.961261684269433,11.508516272291393,11.618051362749677,12842143
2020-02-24,11.424539566040039,12.246054851162135,11.249282442611236,11.58153967999249,27541871
2020-03-02,11.395328521728516,12.351938355145233,11.30770031547228,11.545027490874217,27862797
2020-03-09,9.514970779418945,11.030209686331462,8.905223954660533,10.851302027096684,40402660
2020-03-16,10.015183448791504,11.198165283307489,8.94538796082669,9.025713642829604,38603365
2020-03-23,10.40220832824707,10.774628733364844,9.566088744325459,9.861834032433295,22663307
2020-03-30,11.019258499145508,11.019258499145508,10.110114998041611,10.369348376664842,14978782
2020-04-06,10.383953094482422,11.315003445093117,10.321883024681235,11.172607689363911,12927364
2020-04-13,10.219649314880371,10.694302973810151,10.062648516019253,10.38395263843435,9738412
2020-04-20,9.726740837097168,10.30727836598228,9.675624552875657,10.234255202295428,12863701
2020-04-27,9.854531288146973,10.292673013395946,9.544180957462874,9.821670623932947,12725509
2020-05-04,9.708484649658203,9.839927311538954,9.434646235011373,9.807066646068767,12746896
2020-05-11,9.317808151245117,9.843577379342793,9.226528684316166,9.78515857622083,9490272
2020-05-18,9.642762184143066,9.679274107748043,8.832200822866273,9.394481939317647,21746150
2020-05-25,9.971370697021484,10.077255233372535,9.372577501237389,9.701183506328485,23301418
2020-06-01,10.854955673217773,10.920677010719745,9.985975323732251,10.03709161005282,19666283
2020-06-08,10.41363525390625,10.89574771551192,10.235624564145844,10.791908500160817,16768452
2020-06-15,10.461847305297852,10.691778334001306,10.150328919490873,10.235625628787446,17740768
2020-06-22,10.343173027038574,11.014422858262124,10.343173027038574,10.680651911310461,14523972
2020-06-29,10.05761432647705,10.365424756614074,9.976025559489065,10.343172888880096,15249679
2020-07-06,9.990859985351562,10.320921570828695,9.760928973741134,10.217081645044692,13934173
2020-07-13,10.2430419921875,10.498932096936969,10.03907078846719,10.087282459693574,11074113
2020-07-20,10.05019760131836,10.372841920702077,9.868478248734673,10.217082374580107,11302366
2020-07-27,10.01311206817627,10.339465039163567,9.709010259282001,10.035363230269299,17504969
2020-08-03,9.931523323059082,10.228207821848446,9.901854873180145,10.027945962003535,9419906
2020-08-10,10.198540687561035,10.458140188003282,9.909272733412681,9.964901703044399,9427502
2020-08-17,9.8091402053833,10.250458278612149,9.701591639861782,10.183704094130047,9126103
2020-08-24,9.972317695617676,10.083574920943196,9.872187112381905,9.879603694855588,9125603
2020-08-31,10.617607116699219,10.75482414984579,9.9389406555375,10.013112139511598,16235265
2020-09-07,10.83270263671875,11.003296752199041,10.409927053659352,10.621314845189051,13493357
2020-09-14,9.961191177368164,10.969919120292793,9.924105440398902,10.895747646354272,20283863
2020-09-21,10.157744407653809,10.339463741196703,9.716426329343182,9.938939337043639,14057706
2020-09-28,10.005694389343262,10.435887278958424,9.953774777360913,10.243042702730417,11495066
2020-10-05,10.291254043579102,10.313505205614854,9.91298075221287,10.042780494232854,10790384
2020-10-12,10.424761772155762,10.528600993332777,10.161453659846238,10.29496203833285,11249005
2020-10-19,10.272711753845215,10.554561698808476,10.094700331563546,10.424762661266856,8597019
2020-10-26,9.909272193908691,10.424762521595413,9.67563322211238,10.12436864840512,20271588
2020-11-02,9.946356773376465,10.213373518337944,9.671923446772864,9.753511503649086,13056265
2020-11-09,10.636149406433105,10.710320176535772,9.97231687600719,10.053905642677245,21897650
2020-11-16,10.250459671020508,10.936543416330938,10.250459671020508,10.636150252708072,17893988
2020-11-23,10.198540687561035,10.343174310959347,9.961193057912169,10.228209141267143,18380422
2020-11-30,10.01311206817627,10.328339811792898,9.942649229638038,10.198540069438794,16572471
2020-12-07,10.22079086303711,10.35429924548523,9.964900739813764,10.05019744755488,14708127
2020-12-14,10.05761432647705,10.339464244257766,9.979734204111395,10.254167539999084,18503968
2020-12-21,10.116950988769531,10.209664980101303,9.82026579209689,9.976025325828331,10145684
2020-12-28,10.406218528747559,10.691777801136352,10.19112209012974,10.19112209012974,10025569
2021-01-04,11.303690910339355,11.581832915263169,10.469264895567918,10.495224702851202,26557079
2021-01-11,12.31983757019043,13.424988351964432,11.207268790820157,11.274022988317546,69473360
2021-01-18,10.914291381835938,11.681963131592926,10.847537193622003,11.485409211557633,26867919
2021-01-25,10.37654972076416,11.084884556631696,10.37654972076416,10.929125023190313,18392586
2021-02-01,10.739988327026367,10.858662829119458,10.328338689935816,10.3950928763158,16835389
2021-02-08,10.714028358459473,11.021838774104278,10.639857591559862,10.76224002892824,11198098
2021-02-15,11.162764549255371,11.303689502969446,10.751114206868259,10.769657429298801,17610986
2021-02-22,10.714028358459473,11.16276443371126,10.702903132467911,11.16276443371126,13836825
2021-03-01,10.591647148132324,10.866080502892322,10.484099276095419,10.843829340979804,11462324
2021-03-08,10.828994750976562,10.906874166183652,10.528600901987868,10.580521219477564,13488799
2021-03-15,10.951377868652344,11.018131354074663,10.662109935748898,10.866080451579075,14968918
2021-03-22,11.329648971557617,11.51136900923828,10.751113888535299,10.921707993087068,14012297
2021-03-29,11.311107635498047,11.578123692246812,11.203559059435005,11.344484731010601,9460362
2021-04-05,11.036673545837402,11.46315776189727,11.021838967785838,11.311106873626809,10085725
2021-04-12,11.229519844055176,11.255479650669482,10.984754942617892,11.02183997643737,11353240
2021-04-19,11.68938159942627,11.811764054374219,11.121971649748481,11.20726836224366,16387369
2021-04-26,11.945271492004395,12.008317748027693,11.641169683359578,11.667129490338766,10935986
2021-05-03,12.253082275390625,12.43851027078805,11.826597320095216,11.956397765695412,14943040
2021-05-10,12.64618968963623,12.698110720678397,12.249373862243477,12.253083214669639,17104616
2021-05-17,12.709236145019531,12.97254358320973,12.675859046185318,12.679566983965358,19649521
2021-05-24,12.74594783782959,13.184804429766794,12.28800932193069,13.089400632943956,16876481
2021-05-31,13.222966194152832,13.287840074154046,12.64291096231988,12.723049798467146,12072684
2021-06-07,13.070322036743164,13.37179842726183,12.963470234836445,13.180990806287477,14475310
2021-06-14,12.864246368408203,13.192435630615565,12.71923365941828,13.085583854360618,14036155
2021-06-21,12.94438648223877,13.09703313978494,12.883328110369582,12.890960588821534,10283176
2021-06-28,12.890960693359375,12.913858128900909,12.490265033734293,12.89859317187322,11782102
2021-07-05,12.478816986083984,13.310738215539345,12.406309168411243,12.860432175531528,12780379
2021-07-12,12.394861221313477,12.509345487393285,12.062856412958109,12.486449507625178,8265905
2021-07-19,12.169708251953125,12.352883369604061,11.921658522483328,12.32235491120212,13023859
2021-07-26,11.952187538146973,12.50552985034286,11.952187538146973,12.116282184986025,14081250
2021-08-02,12.501712799072266,12.547507669332752,11.990349121674557,12.047591253753765,11932547
2021-08-09,12.971101760864258,13.116114494007368,12.459737316013333,12.505530734071867,10528027
2021-08-16,13.196255683898926,13.276394534834358,12.776478046898195,12.94438822825052,10823087
2021-08-23,12.898592948913574,13.318370525440383,12.692520399841126,13.276392622213061,9122241
2021-08-30,11.852968215942383,12.978732648447453,11.837703986040147,12.902410771063023,23321660
2021-09-06,11.639263153076172,12.139178842075932,11.604917728165107,11.917842063689738,16403400
2021-09-13,11.227118492126465,11.69268874419389,11.208038024501077,11.646895330743682,17015406
2021-09-20,11.860599517822266,11.910209169922991,11.07828870629389,11.15842754304272,21425918
2021-09-27,11.719401359558105,12.578035480206388,11.639262524343383,11.845335062678089,24399667
2021-10-04,12.234583854675293,12.371964104057197,11.562940286435829,11.68505776203506,16142339
2021-10-11,11.826254844665527,12.478817208759398,11.540043447472636,12.349067983802096,17027401
2021-10-18,11.646896362304688,11.936924008711976,11.383581664088172,11.830071488075633,15988215
2021-10-25,11.948370933532715,12.089568868642486,11.627814128085893,11.654527801767447,11294574
2021-11-01,11.77664566040039,12.043775871739845,11.696506087487279,11.95218830832004,9589708
2021-11-08,12.303274154663086,12.688704849409982,11.654528051664274,11.76137983718888,16224765
2021-11-15,12.112465858459473,12.467367368331365,12.02469454078814,12.303274178421587,13557227
2021-11-22,11.810990333557129,12.371963668765549,11.582021075690252,12.139178899555555,11800941
2021-11-29,11.17369270324707,11.89112891950882,11.089736898027532,11.852967256033866,18914174
2021-12-06,11.891128540039062,12.066671895272638,11.188956574851096,11.227118237108234,15363641
2021-12-13,11.898760795593262,12.284191466351766,11.543858580621876,11.914025023486822,22321016
2021-12-20,11.940739631652832,12.150627694778095,11.566756192670912,11.765196265947326,8929005
2021-12-27,12.291825294494629,12.291825294494629,11.883497145231125,11.917842571605927,6481003
2022-01-03,14.009093284606934,14.2266138265883,12.196421130931265,12.333802832339796,25331076
2022-01-10,13.482465744018555,14.085417004338948,13.326002114162389,13.98238072542576,18968388
2022-01-17,13.402323722839355,13.768675374913542,13.165722736345867,13.539705410398891,16451615
2022-01-24,13.63892650604248,13.776306741290146,13.020708896569577,13.432853969551513,19400666
2022-01-31,12.799372673034668,13.558786017747412,12.497896350617756,13.532073073305032,18998283
2022-02-07,13.081768035888672,13.169539353480241,12.734498276832296,12.852799507888617,10947716
2022-02-14,13.875527381896973,13.970931171425146,12.856614152748003,13.005445287238846,18548564
2022-02-21,13.692353248596191,13.974747670343941,13.203884821774936,13.894608830854423,16973744
2022-02-28,13.299288749694824,13.780124702884459,13.177172005717296,13.47101587583398,16582757
2022-03-07,13.680903434753418,13.898423967937212,12.654359138574694,13.089400204942285,21031940
2022-03-14,13.90987491607666,14.115947482121415,13.46720132369155,13.852632051370943,20872555
2022-03-21,14.50137710571289,14.531907019430564,13.81065309318786,13.90605688993597,13161655
2022-03-28,14.768508911132812,15.073800787838469,14.505193484680154,14.505193484680154,14151481
2022-04-04,15.394357681274414,15.424886141188653,14.348731361838118,14.737979052033536,16716479
2022-04-11,15.409622192382812,15.615693294132834,15.092880877444168,15.310401425108301,13028791
2022-04-18,14.98984432220459,15.875191453918521,14.772323778552677,15.409621908148576,14747317
2022-04-25,15.386725425720215,15.47068123925949,14.806670121464325,14.894441446643329,13387663
2022-05-02,15.714914321899414,16.004941238343623,14.169373026549664,15.279873219359862,15942392
2022-05-09,16.050735473632812,16.07363145343807,15.524106101915434,15.646222846698242,17467350
2022-05-16,14.581515312194824,16.310233024084283,14.310568890578987,16.07363057028934,24319348
2022-05-23,14.581515312194824,14.810485287891897,14.467031052219463,14.592964757214805,10097821
2022-05-30,15.035639762878418,15.16157202440779,14.25332742264192,14.589149212964395,18495302
2022-06-06,14.37873363494873,15.542988163101962,14.319932327219616,15.484186855372847,12250821
2022-06-13,14.335613250732422,14.939300910426288,14.31601331276925,14.37481312665876,13551826
2022-06-20,13.386960983276367,14.657055362490752,12.802873327539784,14.355211566748142,13172249
2022-06-27,13.281121253967285,13.724085541634262,13.030238455017633,13.386962715157814,8448001
2022-07-04,13.461441040039062,13.551601938795407,12.99103511556227,13.398720349800772,7969621
2022-07-11,12.865594863891602,13.351681377421192,12.798954778894931,13.3399202188964,8216808
2022-07-18,13.218399047851562,13.77112561860447,12.861674828363931,12.943995457004323,8132605
2022-07-25,13.045915603637695,13.579042221255833,12.924395106790092,13.163518206931688,12740403
2022-08-01,12.920475006103516,13.167438394468295,12.575511934682103,13.053756668591568,11382639
2022-08-08,13.32815933227539,13.512402013331132,12.908714437625296,12.967515738713487,8651416
2022-08-15,13.645684242248535,13.720164597440965,13.3320792837179,13.36344037772267,6768500
2022-08-22,13.24975872039795,13.61040382633588,13.190958911917791,13.579042732176376,6551040
2022-08-29,12.979275703430176,13.343840189767782,12.795033018078264,13.198797375802592,9752243
2022-09-05,12.947915077209473,13.014556655426572,12.324628276933415,12.83423484793443,9638229
2022-09-12,12.861676216125488,13.426162510340433,12.685273781877246,12.971437066155758,11130167
2022-09-19,11.611180305480957,12.885194916454914,11.587659483599829,12.830314494111638,10559032
2022-09-26,11.144694328308105,11.791501967877393,10.858531061663763,11.548458712077892,14439807
2022-10-03,11.289734840393066,11.415176970001996,11.003571594428424,11.062372148741902,11024408
2022-10-10,11.634699821472168,11.815021627771412,11.125093253842401,11.27013532439193,12558648
2022-10-17,11.924782752990723,12.042383861440351,11.603339025384763,11.6464590330485,7521972
2022-10-24,12.638232231140137,12.849913633408521,11.834622144653988,11.944382982524948,10774566
2022-10-31,12.873435020446777,12.932236326396765,12.610791081350648,12.638232787405483,8018055
2022-11-07,12.63431167602539,13.061596871504952,12.54023063495966,12.845994579190524,12617600
2022-11-14,12.740153312683105,13.010636029292744,12.54023081713055,12.697032554517948,9859564
2022-11-21,12.971436500549316,13.085118230483365,12.61471225812611,12.80287434799314,6282359
2022-11-28,13.128238677978516,13.190959373111143,12.775433833245403,12.93615570798397,10817511
2022-12-05,12.955754280090332,13.28895915287884,12.8459934490151,13.124316410886822,9481447
2022-12-12,12.210947036743164,12.983196075984955,12.038464748354302,12.932236538397525,16798320
2022-12-19,12.579431533813477,12.618631407690406,12.21878716124218,12.21878716124218,6456475
2022-12-26,12.261907577514648,12.599031119123344,12.207026409777233,12.579431182731899,4247061
2023-01-02,12.55591106414795,12.64999285762036,12.285428337906259,12.301108138358536,7909511
2023-01-09,12.987116813659668,13.457522777508977,12.540230923695924,12.548070449864667,10546668
2023-01-16,13.59864330291748,13.747605516367903,13.014557103043417,13.022397376949161,10276902
2023-01-23,13.731925010681152,13.759365221745757,13.406561867181123,13.657444651417133,6626274
2023-01-30,13.688804626464844,13.865207056265554,13.508482807281625,13.759365598385129,8078618
2023-02-06,12.775433540344238,13.751525924807517,12.724472509411317,13.665284410210157,12505686
2023-02-13,14.22977066040039,14.398332805170535,12.52063063485369,12.83815424029882,21324055
2023-02-20,14.316010475158691,14.374810277393353,13.927925200741825,14.26897033429514,10444423
2023-02-27,14.198410987854004,14.790337438365645,14.072969601051811,14.316012101058648,15067870
2023-03-06,14.441452980041504,14.441452980041504,13.95536650174129,14.214089539845485,10325671
2023-03-13,13.567282676696777,14.488493107957822,13.567282676696777,14.34737117908498,18283144
2023-03-20,13.712323188781738,14.123927793554925,13.351679609857923,13.626081682787285,10624186
2023-03-27,14.606094360351562,14.7040955346559,13.731924065002383,13.806405914516398,10445163
2023-04-03,14.547295570373535,14.735457658751622,14.355212597336685,14.637456477593492,6503164
2023-04-10,14.63353443145752,14.962816904800311,14.512012450548335,14.547292929174931,9088681
2023-04-17,14.410093307495117,15.045142050763717,14.155291128619636,14.657056707655128,10660313
2023-04-24,14.786417961120605,15.00202024994055,14.245451049148583,14.480653274155927,9899923
2023-05-01,13.96712875366211,14.821699172764921,13.626083566649049,14.786418687742168,8108120
2023-05-08,14.347373008728027,14.512015778535424,13.927928052965994,13.967129424529386,8481615
2023-05-15,13.947528839111328,14.441454134850845,13.759365255098858,14.398333375822126,6780582
2023-05-22,13.798565864562988,14.09648878130549,13.610403786297313,13.935766912659021,5150608
2023-05-29,13.57512378692627,13.955367346076802,13.402640754168317,13.861287051280941,11309997
2023-06-05,13.327238082885742,14.161708497482747,13.327238082885742,14.129302644573734,8949469
2023-06-12,13.331289291381836,13.481169656660718,13.023426710637386,13.363696692128578,12134475
2023-06-19,13.29078197479248,13.408254942763524,12.966714138917984,13.323187831217952,8972340
2023-06-26,14.060437202453613,14.20626739859895,13.2138132706274,13.327237615001408,10130616
2023-07-03,13.679659843444824,14.348046195990408,13.537879796345015,14.100946742125174,9756327
2023-07-10,13.857897758483887,14.194117601276307,13.618898576640474,13.67966168289235,7475665
2023-07-17,14.348048210144043,14.530335984707447,13.821440285504204,13.882203392115336,6348793
2023-07-24,14.797690391540527,15.16631608133894,14.09689656567189,14.295388034918702,10242792
2023-07-31,14.712621688842773,15.016434088604566,14.595147190070135,14.745029086546857,7876541
2023-08-07,14.680217742919922,14.813894412635339,14.558691531016846,14.71262359956276,5511941
2023-08-14,14.676164627075195,14.858452382047691,14.534386120579823,14.66806277737977,5817931
2023-08-21,14.753129959106445,15.069095917815579,14.615403149367127,14.668062854760453,5120761
2023-08-28,14.003726959228516,14.979977469291274,13.882202300829348,14.80579155898685,13240357
2023-09-04,13.760676383972168,14.153606025352463,13.323185799421246,14.036133075296142,10419599
2023-09-11,13.740422248840332,14.060438367421794,13.68776254219012,13.870050302475121,9730230
2023-09-18,13.319136619567871,13.898405744018413,13.302932920008594,13.69991428759186,7501374
2023-09-25,13.193560600280762,13.367746511783164,13.031526691120892,13.30293325717319,7109497
2023-10-02,13.100391387939453,13.371796403430277,12.877595926140895,13.29483114797837,8035342
2023-10-09,12.784425735473633,13.315084517769352,12.415800080676428,13.043679512106152,10474307
2023-10-16,12.622392654418945,13.019374011409711,12.569732177526252,12.812781483350868,7142175
2023-10-23,13.327238082885742,13.408253487793173,12.537325522879906,12.662901100283202,8604286
2023-10-30,13.87814998626709,14.028031885390499,13.311034423859207,13.335338427296666,9679859
2023-11-06,13.857897758483887,14.072592934042534,13.748525094392496,13.861949456378001,8617074
2023-11-13,13.784980773925781,14.149556271304066,13.70801552237693,13.870049420160562,7727380
2023-11-20,14.068540573120117,14.096896275962639,13.602695779800193,13.776880149288575,5959839
2023-11-27,14.011828422546387,14.186014328044708,13.92270962105334,14.060437975510855,7355682
2023-12-04,13.926761627197266,14.100947536556038,13.861948373384923,14.064489984707228,6413054
2023-12-11,13.193560600280762,14.064490157792768,13.047730391090855,13.947015650915358,12870747
2023-12-18,13.464966773986816,13.558135728194499,13.059883558160461,13.136848812870328,5175715
2023-12-25,13.42040729522705,13.49737254949088,13.359644195097307,13.464966695952889,2398314
2024-01-01,13.537879943847656,13.663456293458033,13.371795891921565,13.42040698902417,4160770
2024-01-08,13.355594635009766,13.554084553063431,13.209764424448766,13.489271297844086,5617732
2024-01-15,12.646697998046875,13.517626776697986,12.58188474390023,13.440661520295679,8193726
2024-01-22,13.084188461303711,13.246222376877418,12.65885136451016,12.719613696532813,7869274
2024-01-29,12.901900291442871,13.116594669201026,12.573783110264102,13.084187270926677,7217793
2024-02-05,12.107937812805176,13.04773080726027,12.059328256614721,12.922155219027468,9079743
2024-02-12,12.3226318359375,12.338834763299522,12.059327892066365,12.111988371786616,6861782
2024-02-19,13.298882484436035,13.489270541757106,12.24161428976466,12.306427541351159,14293256
2024-02-26,12.440105438232422,13.238119884002447,12.36719110692543,13.205712484352762,10719527
2024-03-04,12.460360527038574,12.86139284101871,12.39149634548835,12.399598195702486,8858421
2024-03-11,12.719613075256348,12.954561314200452,12.407698807437557,12.452258209307365,8937938
2024-03-18,13.015323638916016,13.169254142206352,12.59808766508032,12.743917091579247,6297061
2024-03-25,12.8613920211792,13.120645030425939,12.367190779143874,13.023425924593324,7440024
2024-04-01,12.666953086853027,13.02747692282904,12.460360541955044,12.86139285641526,7499280
2024-04-08,12.845189094543457,13.197612623880314,12.658851176096103,12.66290210118865,7095558
2024-04-15,12.76822280883789,12.885696536534356,12.525172731276543,12.86949361010221,7724683
2024-04-22,12.897849082946777,13.278626732675662,12.492765885046778,12.885696308861219,9955742
2024-04-29,12.654800415039062,12.986969323218867,12.585936232843062,12.910003290732757,5733020
2024-05-06,13.359643936157227,13.52167783651608,12.654799251081847,12.66695202539923,6792831
2024-05-13,13.371796607971191,13.708016427221137,12.991018931895836,13.38395015553255,9436124
2024-05-20,13.20571231842041,13.42040747522722,13.0315264106667,13.383949923714354,7224373
2024-05-27,12.828033447265625,14.030394759935298,12.71678289078399,13.906307318276689,15674403
2024-06-03,12.716782569885254,13.29442933021672,12.567022993908763,12.896494877185521,8228400
2024-06-10,12.32740592956543,12.785244208882379,12.216155376888564,12.579858949845919,9808201
2024-06-17,11.783991813659668,12.49856131610957,11.24485485328355,12.34880172944554,22089337
2024-06-24,11.296199798583984,11.942308303425937,11.244853892153154,11.801105836548455,10810976
2024-07-01,12.126298904418945,12.194760653322765,11.35182485986423,11.552931145253146,11561918
2024-07-08,12.173367500305176,12.25466532264108,11.86956775453221,12.092068861840794,8228607
2024-07-15,12.571301460266113,12.592696268900605,11.985097577865574,12.139136935519906,8105398
2024-07-22,11.899519920349121,12.725340758851639,11.664182739361621,12.626927087975302,9196314
2024-07-29,11.86956787109375,12.049280180126498,11.689855562061004,11.920914594872459,7588738
2024-08-05,11.792547225952148,11.90807673287908,11.471632473018511,11.715527554667528,7828437
2024-08-12,12.049280166625977,12.092068967038877,11.728365387721956,11.805385065239479,4948049
2024-08-19,12.203319549560547,12.237550426743429,12.019328278654372,12.045001232509412,4694113
2024-08-26,12.477166175842285,12.695388317089689,12.181924359315977,12.19904020543505,9008253
2024-09-02,12.70822525024414,12.810917878965636,12.430098462645567,12.481445185070548,7948793
2024-09-09,13.024860382080078,13.029139343403651,12.729618579780965,12.763849454241122,8260584
2024-09-16,13.302987098693848,13.538324272029271,12.977793364689383,13.007745279536241,13659905
2024-09-23,13.713757514953613,13.756547130318394,13.093322782476642,13.294429077920329,11582757
2024-09-30,12.913610458374023,13.666690548917673,12.81091783004468,13.658132625858112,13410184
2024-10-07,12.836590766906738,13.45274735223423,12.759571091724743,12.96495634812442,11450207
2024-10-14,12.94784164428711,13.050534275073582,12.592695990102378,12.819475243707657,10681881
2024-10-21,12.494282722473145,13.118996450532547,12.451493920904902,12.905053258819846,10564756
2024-10-28,12.639763832092285,12.691109739746928,12.246108336849902,12.554186231163229,12675755
2024-11-04,12.90505313873291,13.281593609675362,12.622648193590322,12.622648193590322,16224139
2024-11-11,12.691108703613281,12.986350504972917,12.49000241881585,12.939282746691815,10957525
2024-11-18,12.430098533630371,12.810917952125193,12.301732951027558,12.708225322817249,9569102
2024-11-25,12.323127746582031,12.592696630211611,12.22899303427485,12.374474472649554,11420140
2024-12-02,12.10490608215332,12.348801188177024,11.582884176221953,12.203319753684202,14207526
2024-12-09,12.006490707397461,12.361636343918686,11.899519120299159,12.113462294495763,9878589
2024-12-16,11.531537055969238,12.006490332904136,11.437401539936701,12.006490332904136,11582073
2024-12-23,11.659903526306152,11.689855441481244,11.450239303952028,11.518701057531805,3708483
2024-12-30,11.58288288116455,11.831056921175941,11.55720992975052,11.677018396563348,4312812
2025-01-06,11.719807624816895,11.865289058534795,11.518701321090855,11.634230838948335,7248687
2025-01-13,11.420287132263184,12.258944002842412,11.420287132263184,11.659903264410326,16739303
2025-01-20,11.3817777633667,11.66846166789509,11.163555613699254,11.437402633143032,14091516
2025-01-27,11.71552848815918,11.967981512539335,11.313315886713237,11.343267802126395,10040729
2025-02-03,11.946586608886719,11.989375405981463,11.540094260679279,11.56576802861318,7961285
2025-02-10,11.873847007751465,12.02788636522936,11.55721118548018,11.976539640693895,11115398
2025-02-17,10.705717086791992,11.98081826322112,10.51744685699683,11.83105787170516,28443183
2025-02-24,10.958169937133789,11.159276232460973,10.76134178721214,10.816967471025666,22981808
2025-03-03,11.150718688964844,11.23201732862132,10.59446672866547,10.782736961927862,21421738
2025-03-10,11.06086254119873,11.463075947095538,10.928217998450807,11.15927620787853,17541811
2025-03-17,11.334710121154785,11.50158554838344,11.086536053117694,11.086536053117694,19668314
2025-03-24,11.343267440795898,11.416008154251534,10.983842835030222,11.381777278279968,12743187
2025-03-31,11.334710121154785,11.677019715221173,11.189228686499058,11.279085250788068,13676049
2025-04-07,11.206344604492188,11.38177795631341,10.79557325223453,11.030911252670967,19737985
2025-04-14,11.3004789352417,11.510143158028002,11.167834389423522,11.33043085047853,14353372
2025-04-21,11.766874313354492,11.890961743309692,11.300478138916713,11.300478138916713,13235709
2025-04-28,11.694134712219238,11.899519978387728,11.527259285473402,11.848174069909856,16199158
2025-05-05,11.809664726257324,11.839616643481548,11.587163603836604,11.719808158456114,17091740
2025-05-12,12.126298904418945,12.258943440904043,11.728364478835234,11.818221034351762,16414865
2025-05-19,12.494282722473145,12.952121022157764,12.151973126055717,12.151973126055717,19305563
2025-05-26,12.256782531738281,13.662611964469601,12.16833607394845,13.648646453908178,19980302
2025-06-02,12.047304153442383,12.461605415790812,11.893687090829546,12.228852236808763,14251548
2025-06-09,11.930927276611328,12.172990790014792,11.740069745473223,12.103165015578417,13450106
2025-06-16,11.86575698852539,12.08454465769427,11.758690739009742,11.930927594685713,14496012
2025-06-23,11.018535614013672,12.07523526788256,10.781127263064082,11.805241613683933,29467282
2025-06-30,11.432835578918457,11.628348279236736,10.958019782045113,11.02784555618388,17252306
2025-07-07,11.437491416931152,11.670244602909834,11.40025094268988,11.470076720906896,12046560
2025-07-14,11.321113586425781,11.498006485647785,11.16284136623045,11.395594526766779,11381149
2025-07-21,12.070579528808594,12.321952490512642,11.209392622906426,11.34904416964391,17818814
2025-07-28,11.498006820678711,12.149715511593465,11.498006820678711,12.140405171808842,12803444
2025-08-04,11.77730941772461,11.875066205601719,11.409559890468211,11.507315790462489,9429810
2025-08-11,11.92161750793457,11.986788110627112,11.749379773540591,11.823860716012886,8077279
2025-08-18,12.163681030273438,12.280057622513601,11.884377919203393,11.963514037442023,9251841
2025-08-25,11.511972427368164,12.163681174039212,11.390940663461935,12.145061380759842,14949651
2025-09-01,11.451456069946289,11.62834808737134,11.241977863103449,11.539902522600253,9733891
2025-09-08,11.321113586425781,11.511971107034944,11.251287815841453,11.437490166693946,9211606
2025-09-15,11.330424308776855,11.479386194492045,11.116290932149113,11.358354440377735,19512925
2025-09-22,11.861102104187012,11.898342578302083,11.125602074502146,11.30249499246094,16602386
2025-09-29,12.205575942993164,12.247471584719325,11.809896263397246,11.837826395253725,14194302
2025-10-06,12.033339500427246,12.247471998363809,11.707484695525707,12.228852205791588,12405683
2025-10-13,12.433673858642578,12.447639368416873,12.042649351674005,12.10316478493019,11639315
2025-10-20,12.075234413146973,12.54539591160445,11.805240778059625,12.470914970055032,13282071
2025-10-27,12.149715423583984,12.242816157107196,12.01471816133346,12.089199103305177,8646958
2025-11-03,12.135750770568848,12.191611924931834,11.763346034425352,12.112475807515976,9785370
2025-11-10,12.354538917541504,12.638497186415957,12.135750365463062,12.16368049777075,11078540
2025-11-17,12.089200019836426,12.387124698193029,11.758690925765064,12.377814357769994,11678056
2025-11-24,12.349884033203125,12.373158996017477,11.916962976946015,12.033339566783608,10516856
2025-12-01,12.568671226501465,12.69901332182154,12.391779207315468,12.391779207315468,11261507
2025-12-08,13.192449569702148,13.36934158586132,12.466259937648534,12.5593606716702,12427540
2025-12-15,13.373997688293457,13.457788976273605,13.169175526434133,13.201760830007983,18871745
2025-12-22,13.150553703308105,13.341411225847613,13.122623572368456,13.322791434515464,3710984
2025-12-29,13.415892601013184,13.439168450785028,13.131933448976872,13.150554128794347,3875900
2026-01-05,13.262275695800781,13.476409076737495,13.043488032739326,13.453133226699324,10466064
2026-01-12,12.838665008544922,13.336756657533131,12.782803856263422,13.294861015292732,12394165
2026-01-19,12.894526481628418,13.029522863852689,12.661773302450165,12.815390365192496,8455972
2026-01-26,12.88521671295166,13.090039768321596,12.64315318277655,12.992282967031166,9648409
2026-02-02,13.825539588928223,13.932605841283058,13.020212891429077,13.08538438720054,12889935
2026-02-09,14.598278999328613,14.640174640651606,13.751057608810948,13.923294456131813,14234428
2026-02-16,14.253805160522461,14.612244383601707,13.2343459816089,14.52379881431202,17649777
2026-02-23,14.938098907470703,15.068440117792278,14.370181477639653,14.416731402535698,17279727
2026-03-02,14.170013427734375,14.858962607057336,14.016396368995027,14.61689909392779,14796905
2026-03-09,14.430696487426758,14.551728241931766,13.886054036095658,14.058291771936638,10158895
2026-03-16,14.193288803100586,14.817067396234414,14.114152686422925,14.421386812846102,16059203
2026-03-23,14.277079582214355,14.547073225769319,13.881399012896853,13.974500636694932,10226274
2026-03-30,15.077750205993652,15.110335508029584,14.230528801527855,14.29569940559972,10075368
2026-04-06,15.231369018554688,15.30584996684097,14.933445225409558,15.077751063845923,9844656
2026-04-13,15.408259391784668,15.701528887921064,14.942753044289473,15.268607842689269,12831492
2026-04-20,15.422225952148438,15.748080753979952,15.175506377856935,15.45481125475501,9845635
2026-04-27,15.78066635131836,16.027384154451944,15.315159990226558,15.375674538617085,9920779
2026-05-04,15.980834007263184,16.00410896984217,15.468775951696347,15.831870340072857,9894517
2026-05-11,15.906351089477539,16.24617228684699,15.631704048362876,15.985488092188415,10263566
2026-05-18,15.911005973815918,16.325306309654255,15.850489655708376,15.883074955666515,11563685
2026-05-25,15.82571792602539,16.99525128860422,15.697414517165363,16.96564404047231,14268171
2026-06-01,16.08725929260254,16.151411470178413,15.35691859262437,15.791175504868185,11431561
2026-06-08,16.506711959838867,16.580731958542533,15.835586763179663,16.032977191298713,10501327
2026-06-15,15.34704875946045,16.482040054543976,15.041094322357266,16.477104258063434,17958066
2026-06-22,16.17115020751953,16.27971513691016,15.549372585361157,15.657936573524417,11150686
2026-06-29,15.9096097946167,16.28958329016814,15.421069485050209,16.146477196012498,13854581
2026-07-06,16.2747802734375,16.437627676857534,15.667807181740253,15.88987096710628,9458618
2026-07-13,16.565929412841797,16.65968883694698,16.023108523887984,16.28464925807149,8466755
2026-07-20,15.500024795532227,16.68929756132609,15.01642029766322,16.501776835228405,14552536
2026-07-27,15.9350004196167,16.219999313354492,15.600000381469727,15.854999542236328,11493525
2026-08-03,15.770000457763672,16.1200008392334,15.649999618530273,15.880000114440918,9533098
2026-08-10,15.800000190734863,15.854999542236328,15.595000267028809,15.800000190734863,6444910
2026-08-17,15.869999885559082,15.9350004196167,15.649999618530273,15.800000190734863,7066694
2026-08-24,15.630000114440918,16.094999313354492,15.520000457763672,15.880000114440918,8120890
2026-08-31,16.405000686645508,16.469999313354492,15.604999542236328,15.6850004196167,9205743
2026-09-07,16.270000457763672,16.69499969482422,16.225000381469727,16.364999771118164,8162578
2026-09-14,16.434999465942383,16.959999084472656,16.344999313354492,16.3700008392334,12085943
2026-09-21,16.200000762939453,16.53499984741211,16.040000915527344,16.389999389648438,8705039
2026-09-28,15.324999809265137,16.665000915527344,15.324999809265137,16.354999542236328,11537783
