Price,Close,High,Low,Open,Volume
Ticker,CAP.PA,CAP.PA,CAP.PA,CAP.PA,CAP.PA
Date,,,,,
2000-01-03,129.8037872314453,157.83220861363841,120.67157738754914,148.29796215786754,2653888
2000-01-10,144.16261291503906,150.76767286931377,130.37813996698753,135.4898785129839,2506359
2000-01-17,137.27040100097656,147.60875756171959,128.76997274269007,144.9092995458678,1907689
2000-01-24,128.19558715820312,148.8723038110036,123.60076318289883,138.9934252529544,4018841
2000-01-31,139.5677947998047,141.86520705988377,123.60077783946855,126.47254316456741,1926626
2000-02-07,153.3522491455078,153.81172452880637,135.1452610184716,140.71648329831243,2191998
2000-02-14,134.68577575683594,154.50095385325744,132.10118730947661,154.50095385325744,1496595
2000-02-21,147.03439331054688,153.06510084867477,129.80380034446716,134.80067055184372,1652506
2000-02-28,168.80233764648438,180.05965958206804,142.03749398451004,148.2405079334249,3712918
2000-03-06,201.02357482910156,211.8788443643001,165.98803750174386,173.62692633410384,2741113
2000-03-13,158.521484375,199.76003742952275,155.19024280145547,189.53655740489128,2769499
2000-03-20,171.7316131591797,172.30596638044784,155.64972296367122,162.54196161888913,1662909
2000-03-27,162.5419158935547,174.8905066769873,145.36876291426083,171.15721178897277,1733153
2000-04-03,144.7369842529297,158.92351313331164,129.80380333794488,156.79839960734049,2689293
2000-04-10,120.03980255126953,153.065107080925,119.00596517842412,148.18310554175855,2840736
2000-04-17,125.95565795898438,129.05716171977392,108.09327001194808,109.12710752018936,2964927
2000-04-24,124.06024932861328,130.9524854024251,114.87060123019748,125.9556160016978,1635447
2000-05-01,119.40797424316406,126.52995604834452,118.14439951183655,124.06023662206364,1599575
2000-05-08,119.75261688232422,122.85412000104165,109.2993926050949,120.61414650018267,1655671
2000-05-15,110.90757751464844,126.93202411188872,109.1270795532075,120.26952522306745,2269568
2000-05-22,113.7558822631836,113.7558822631836,95.85521043496688,112.02355918303358,5818587
2000-05-29,130.50164794921875,136.2760571505116,110.29121574469372,115.4881840258573,4039919
2000-06-05,122.41748809814453,133.96630773004495,117.3360056978983,133.9085601074654,2617305
2000-06-12,118.95287322998047,122.4175200230867,113.46718247422895,122.4175200230867,2416024
2000-06-19,106.19139862060547,124.78500626253908,102.7267525473583,118.31765987697055,3350468
2000-06-26,106.53784942626953,112.31225860926517,99.6663060229244,109.25181998006765,3060319
2000-07-03,109.30955505371094,110.29120273997225,101.39861714294872,106.82655762772183,2249434
2000-07-10,110.2912368774414,111.15739842359932,102.20706244663418,110.86867790821336,1931053
2000-07-17,121.26260375976562,122.9949266706194,108.09694787506679,111.388359643479,3454965
2000-07-24,116.81629180908203,124.1497892243082,114.39104187481689,117.91342595687742,1820302
2000-07-31,109.4250717163086,122.41749447945868,106.53786665783079,116.35436385665531,2075604
2000-08-07,108.27020263671875,117.74023283625642,106.36464530810217,110.8686875,4254999
2000-08-14,111.61935424804688,114.21783891533225,108.67440143403637,109.71379706316073,1068046
2000-08-21,124.43850708007812,124.72722751413862,111.73480798141586,111.73480798141586,1945116
2000-08-28,138.64358520507812,142.6279245111309,123.05267847714074,123.57237184365188,3964255
2000-09-04,127.32572174072266,141.93497865050745,125.01595808102701,138.64356719765098,2098935
2000-09-11,121.89781188964844,132.81144445287737,120.22322752078568,128.8271046437116,2951944
2000-09-18,115.77694702148438,133.38890155592463,113.17846192623908,122.53300650691162,2857272
2000-09-25,122.99491882324219,127.26797820629658,117.79795042226013,119.93448011378732,1497680
2000-10-02,120.16547393798828,131.82978021207845,118.95284433058646,119.24156482653449,1969295
2000-10-09,117.79798126220703,122.41750993915633,110.81094061390054,120.45421377587357,2579152
2000-10-16,116.52758026123047,122.99491684980869,105.38296866239477,122.99491684980869,3082002
2000-10-23,108.84761047363281,117.2205035869892,104.22808323867758,116.64306268261979,3885440
2000-10-30,105.72943878173828,112.02354145231999,104.45906167519202,110.00249817869566,2206363
2000-11-06,102.89998626708984,109.71379195043204,100.64796985147488,108.27018942476846,3171941
2000-11-13,105.38302612304688,108.84767355722923,97.41433526221662,101.6296580693493,2480824
2000-11-20,97.01007080078125,108.21242069026144,91.81310272216797,107.9237002414496,3644238
2000-11-27,92.21733093261719,103.24645815441514,91.75537634538595,100.47473944207864,3299523
2000-12-04,105.38302612304688,109.71383541577482,89.2724190785205,93.42999423732853,3492823
2000-12-11,97.414306640625,107.57727298596973,97.414306640625,105.38299516015081,2340671
2000-12-18,96.4326400756836,103.93937253666495,93.25671480372993,99.31984486836873,2410985
2000-12-25,99.20437622070312,100.41699716435656,96.43265736070026,96.43265736070026,571242
2001-01-01,96.37488555908203,101.22539455033353,88.9259012514036,99.20435134007437,2402903
2001-01-08,111.15740203857422,112.54325703307624,95.8552142254718,96.25942119794729,4384942
2001-01-15,116.00790405273438,116.06565168246952,106.4223878571313,110.86868220414999,3260163
2001-01-22,107.40402221679688,115.37270949831763,103.93937633883569,115.37270949831763,2060382
2001-01-29,113.7558822631836,121.14712916736711,112.31227969639193,114.91076431661692,4016693
2001-02-05,109.3673324584961,115.19949064726431,108.96312548159312,112.88972642376027,2183723
2001-02-12,114.9685287475586,120.62744458765084,108.67441534976608,109.71381111198478,2603243
2001-02-19,108.21244812011719,118.37541401883784,106.2491520949569,114.27557908205766,2519366
2001-02-26,100.24376678466797,111.44611929278679,97.29881399396153,109.36732805098802,3708713
2001-03-05,104.92101287841797,111.67706984650722,100.47471957880701,100.53246719493863,2219239
2001-03-12,92.10183715820312,102.8422430095359,91.5821437958371,102.20705440126616,3227396
2001-03-19,81.99663543701172,94.35387133760543,76.56869267194014,92.33282750641148,5408578
2001-03-26,75.06732177734375,86.0386995755709,72.52658077454409,83.72893582857571,4300889
2001-04-02,69.8126220703125,77.723566899667,63.34527982965128,76.7419100905148,5018392
2001-04-09,74.4321517944336,76.8574113827566,67.5606064569895,69.29292969947642,2520235
2001-04-16,85.46125793457031,88.92590352651236,67.61833225496387,74.43213260913507,5782417
2001-04-23,89.73433685302734,91.52440765653466,80.89949571798839,84.88383549218042,3517298
2001-04-30,78.76294708251953,96.25941074641777,76.45318313510195,91.52439641642177,5159639
2001-05-07,78.76294708251953,81.65015201679151,75.29830116139316,78.76294708251953,2368184
2001-05-14,82.81895446777344,85.49805224705965,75.18936537789077,78.91679726595115,4512412
2001-05-21,83.86730194091797,89.86614545434955,81.71237998787142,83.2848901218838,2944006
2001-05-28,77.75196838378906,83.75081116755838,76.41241958556516,82.00357592297885,2964395
2001-06-04,80.66403198242188,83.51784616566871,77.75197306608895,77.75197306608895,1479709
2001-06-11,69.1905288696289,80.02338383981103,67.32680830208434,79.79042265688648,4777690
2001-06-18,66.39494323730469,70.41358542719983,63.89057079395647,68.31690389786954,3568737
2001-06-25,50.087398529052734,66.04547755374286,45.078659564837054,64.7059290715169,13517188
2001-07-02,46.680301666259766,50.61158089581183,46.09788992854835,49.737963289244696,3570070
2001-07-09,44.49626541137695,48.25281999749617,43.5352849878384,47.46656490312816,2291171
2001-07-16,42.19573211669922,46.4764622983942,40.36113854562914,45.95229080232448,4543161
2001-07-23,44.5253791809082,44.72922686039491,39.60400137558637,41.72980527928932,3715765
2001-07-30,46.476463317871094,51.4269636072718,44.78746821279745,44.84570850398287,3824832
2001-08-06,45.049556732177734,48.048978716504024,44.438026941855796,46.88415499004332,2854977
2001-08-13,44.55450439453125,47.75776941636029,43.91385227885535,45.398999759269984,2602405
2001-08-20,45.4281120300293,45.544592591188405,43.7391172325308,44.263288644643936,1958161
2001-08-27,40.88530731201172,46.301738926020306,40.5358611144675,45.719327115630115,3494476
2001-09-03,38.61389923095703,41.40947285111958,35.81832116734564,41.351232567179515,5531734
2001-09-10,32.49858093261719,39.604005979093685,32.090892191428594,38.147976347509356,3418336
2001-09-17,31.741453170776367,34.071101109915915,28.538187254459483,29.761251533817585,5197476
2001-09-24,33.459564208984375,35.7018491426418,30.69310767491933,31.74144865400949,4159231
2001-10-01,31.566720962524414,34.653503151875974,28.94586778297077,34.653503151875974,4337970
2001-10-08,35.70183181762695,36.92489755115305,29.877715624809376,30.693092780493444,10591058
2001-10-15,35.177677154541016,39.749609356694265,34.391419812252764,35.235917451721654,4767437
2001-10-22,38.0897331237793,41.00179216315922,34.216693712714104,35.17767408439937,4976943
2001-10-29,37.91501235961914,39.60400769408635,35.235918610179766,39.57488532281364,3863718
2001-11-05,41.20563507080078,42.51606162782271,37.74028661961144,38.4391790059767,5547868
2001-11-12,44.84571075439453,46.09789707323963,37.79852852453675,40.652347370324506,4751077
2001-11-19,42.28309631347656,48.28193970493781,42.137493361678466,44.845709153812905,5462722
2001-11-26,41.70069122314453,44.17594180240846,39.9534555201347,42.8072747237408,5592059
2001-12-03,49.27204513549805,53.87309996734511,40.53586676241506,41.11827865395392,8124453
2001-12-10,45.07867431640625,49.27203750904661,43.27319862078191,47.84513037301675,4550631
2001-12-17,45.36988067626953,49.70884686317047,44.263297353736235,45.13691506466524,3656174
2001-12-24,47.23359680175781,47.641287733959594,45.02043459453894,45.2242778389151,1102321
2001-12-31,49.50501251220703,52.82475863270434,46.38910967218758,47.233605167074536,2714363
2002-01-07,50.087398529052734,51.834633361461556,47.87423263062239,49.5049869182498,5432712
2002-01-14,45.34075164794922,49.73796192438621,45.02042786706729,49.213790486139935,4494959
2002-01-21,45.631961822509766,47.262716574890845,43.94296678113991,45.48635887831321,4138562
2002-01-28,45.98140335083008,49.03906486980538,44.58361878262895,46.01052571410459,4062300
2002-02-04,42.865501403808594,46.738540203437395,42.34132997078123,46.010525558524044,4109647
2002-02-11,46.301734924316406,48.07809256986164,43.50615669867615,44.17593111142841,5045541
2002-02-18,41.35124588012695,46.44735012591725,41.00179962053424,45.54460988214,7321189
2002-02-25,44.70010757446289,45.69020589970959,41.00179337393014,41.90452903672576,6126357
2002-03-04,47.75777053833008,49.18467775874177,45.4281231949969,45.4281231949969,5748393
2002-03-11,50.29125213623047,50.7863012194131,47.40831584211777,47.40831584211777,6113644
2002-03-18,49.97092819213867,51.98024688248545,48.631379436274905,50.669820490490025,4737144
2002-03-25,49.27204513549805,50.37862861811192,48.42754967014673,49.5341331527606,1770618
2002-04-01,46.18525695800781,49.27203679455269,45.31163926858862,49.27203679455269,3260890
2002-04-08,42.57429504394531,46.18525030621614,42.10836834276272,46.18525030621614,5644434
2002-04-15,44.2633056640625,46.41822797822227,42.92375647842786,43.360565415902165,3328982
2002-04-22,37.804447174072266,43.95865950473519,36.28054787224933,43.95865950473519,10065494
2002-04-29,35.77055740356445,38.99286200995038,35.35668273458487,37.662554279302896,5516391
2002-05-06,34.88368606567383,38.19467909515675,34.55849961275891,35.88880967458545,3876543
2002-05-13,35.3566780090332,37.721673223756966,33.819432021636835,34.706305227158246,4432138
2002-05-20,32.843875885009766,35.770558385848084,32.134376755195085,35.267997723923614,4327436
2002-05-27,31.158823013305664,33.494257034046804,30.390199757924467,32.577819271985724,3624233
2002-06-03,29.858064651489258,31.631811066429215,29.266815846509274,30.98143828312531,4714684
2002-06-10,26.783571243286133,31.336187633593354,24.714200361822424,30.3015021928615,8447872
2002-06-17,26.014951705932617,28.616447778700106,24.903403137884442,26.677149845107124,5770656
2002-06-24,23.79776954650879,26.64167772539004,23.73864555539981,25.84940406517704,9694306
2002-07-01,23.413454055786133,24.84427747604346,21.101671093336257,23.986966174222978,7080981
2002-07-08,21.0484561920166,23.827325978572624,20.398083419931964,23.348415898278812,5248092
2002-07-15,20.634586334228516,22.526580901873693,18.624339286811228,21.095759728162598,7450622
2002-07-22,18.831274032592773,21.166706057307437,17.323588953827993,20.220708903240393,7418002
2002-07-29,19.014564514160156,21.905771271306833,18.506090099815193,19.67676264995483,5799549
2002-08-05,18.24003028869629,19.836401773184278,17.79659357727442,19.836401773184278,4361075
2002-08-12,16.732343673706055,18.57112814157599,16.176570511199778,18.163166078602735,3870049
2002-08-19,20.693714141845703,21.580587605067663,16.271172075897837,16.56679656363849,6521516
2002-08-26,18.086301803588867,20.646408065182204,17.985789457359758,20.114285471335364,4055431
2002-09-02,16.129274368286133,18.293245784741927,15.549849446592054,18.245945906207517,4284503
2002-09-09,15.603055953979492,17.589652344325945,15.076844866565096,15.963718094010101,5718573
2002-09-16,12.374838829040527,16.00510647115409,11.529352778204064,15.721307288804393,9076759
2002-09-23,11.156867027282715,12.534476893007735,10.051231109087297,12.357101549746126,8575315
2002-09-30,8.265658378601074,10.70160405612185,8.040984319237737,10.70160405612185,9316732
2002-10-07,9.755605697631836,10.169480329830549,7.597547693093172,8.111934107668883,14047426
2002-10-14,13.46865177154541,14.893561680933614,9.193921479521848,9.578233643456995,21539064
2002-10-21,12.575867652893066,15.520287672017824,12.0496552278316,13.450915982415449,13251552
2002-10-28,14.420561790466309,15.313347856440975,12.327541056021493,13.368139362169758,11923957
2002-11-04,14.189972877502441,16.436718132019905,13.468649662207781,15.254220392228035,9542786
2002-11-11,15.124147415161133,15.597146102784555,13.51595074952368,14.184061536756488,5446261
2002-11-18,17.71381187438965,18.328711111031886,14.4974195107329,15.13596811078273,8429778
2002-11-25,19.02047348022461,19.39887462005642,16.436716765163254,17.749289868919647,6858131
2002-12-02,16.194305419921875,19.67084924206276,15.73904466869196,19.038213161619645,9347885
2002-12-09,14.136758804321289,15.963717697722494,13.965297237684828,15.845467485911584,7416420
2002-12-16,13.539599418640137,15.076846765357384,12.83010142395986,14.136760935652973,6595325
2002-12-23,13.060688972473145,13.646025278678609,12.593601775804977,13.59872540932012,1314419
2002-12-30,14.278660774230957,14.763484693995492,12.504914066184432,13.119813466278432,2978721
2003-01-06,15.668098449707031,15.668098449707031,14.337788203977189,14.503338329424261,7493305
2003-01-13,14.76939582824707,16.081968981513864,14.497421901757571,15.934156770756264,5330640
2003-01-20,14.503335952758789,15.195097212287926,12.859663601405357,14.603848311073886,8494609
2003-01-27,14.858080863952637,15.54393046403819,13.391784207698041,14.18997026038839,8417777
2003-02-03,13.622373580932617,15.360644328720127,13.450910878973104,15.135970269574804,6846515
2003-02-10,13.208500862121582,14.237273839736952,12.87740178521174,13.622375554047244,7941362
2003-02-17,13.55142593383789,14.662973459928715,13.314926580171532,13.586900554958378,5914625
2003-02-24,14.367347717285156,14.745747777456627,11.322416129367099,13.480474373558474,14073189
2003-03-03,13.007475852966309,15.331084219862863,12.889225621397681,14.343698507733526,9920464
2003-03-10,15.271958351135254,15.301520343711042,12.475351451279032,13.273537655720347,10743271
2003-03-17,16.20022201538086,16.37168476288504,14.4915128041239,14.521074802381474,8588049
2003-03-24,14.929032325744629,15.95189248770778,14.5151577111716,15.703567944507482,8060364
2003-03-31,14.934943199157715,15.396117618983537,13.947557765426737,14.775305769865993,8678185
2003-04-07,14.089461326599121,15.638533950108188,14.07763607787576,15.49072172421952,10423589
2003-04-14,15.111645698547363,15.894224458309024,14.323001459319004,14.444330719227345,8744187
2003-04-21,14.765854835510254,15.408903239031298,14.589925854655808,15.111645003846169,5612029
2003-04-28,17.10752296447754,17.271317513294406,14.547460346033242,14.547460346033242,11752995
2003-05-05,17.350183486938477,18.502817807460094,17.016525422384458,17.283451642609155,12453502
2003-05-12,17.689908981323242,18.017500445503504,16.69500362864433,17.580711826596488,7710181
2003-05-19,16.713199615478516,17.50184495952751,16.051951316545818,17.50184495952751,11343504
2003-05-26,17.914363861083984,17.950762514635272,16.197545466865748,16.74352989850443,6605782
2003-06-02,21.960725784301758,22.251917444563656,17.914371100057572,17.926503218082217,15061647
2003-06-09,19.898109436035156,21.784790348545368,19.48558746031399,21.705925240608547,13605391
2003-06-16,19.176197052001953,21.202407107144044,18.751541806589433,19.80104549153821,8050754
2003-06-23,19.109464645385742,19.321792261752957,17.829433468710963,19.05486608240296,14290509
2003-06-30,18.903207778930664,19.279331166110772,18.138828887894448,18.872875751601658,6498473
2003-07-07,19.898109436035156,20.504759128073943,19.00633480529143,19.12766520653617,7362183
2003-07-14,20.407695770263672,22.02138389808327,19.93450973941119,20.110438709820183,7999569
2003-07-21,20.4258975982666,20.620027662776092,19.57052147521784,20.620027662776092,3873646
2003-07-28,22.191247940063477,22.919225755066066,20.62609054660083,20.656422569861768,6675134
2003-08-04,21.232742309570312,22.306512698356528,20.874818846641574,22.30044490461005,4226690
2003-08-11,21.35407066345215,22.32470929235155,21.117477642294485,21.37226941456119,4537129
2003-08-18,22.41571044921875,22.70690207391064,21.2691427038115,21.445069386060446,6779204
2003-08-25,22.719036102294922,23.14369143689757,21.475404440675696,22.233716711685638,5811201
2003-09-01,25.01217269897461,26.025279138127207,22.75543454700576,23.10122708587222,12295969
2003-09-08,23.356008529663086,25.752274802686188,22.992019712017445,24.781634098657044,8038272
2003-09-15,25.091033935546875,25.891811417388997,23.477345699206218,23.568341772851607,5451409
2003-09-22,22.409643173217773,24.87264223766391,22.02138766465561,24.836242415916693,8140154
2003-09-29,23.410615921020508,23.538011823868818,21.293407096577837,22.385378590092873,8335069
2003-10-06,24.88477325439453,25.357959323260935,23.01629089618896,23.52587678350092,5952110
2003-10-13,23.58047866821289,25.982813796998798,23.204356414820417,25.206300426987433,9023374
2003-10-20,23.277145385742188,24.16892107206078,22.324705662799538,23.02235365489954,11044716
2003-10-27,26.298263549804688,26.510592333158048,23.325681410522222,23.349947953908597,7340704
2003-11-03,26.923112869262695,27.214304431718688,25.825076138893053,26.298262138610937,5913395
2003-11-10,25.388290405273438,27.165774308441122,24.933303105435666,26.577325640963462,7761346
2003-11-17,24.678508758544922,25.145629282105652,23.1497513125784,24.99396686461911,7375644
2003-11-24,24.993968963623047,25.92214229604992,24.690644103176613,24.872638556607466,5383226
2003-12-01,25.30335807800293,26.26186570141739,25.09103161164399,25.430753957818293,3780408
2003-12-08,25.260894775390625,26.255799977620594,24.2720550523125,25.479289051818686,6592651
2003-12-15,21.839393615722656,25.922146644515227,21.293407849655424,25.78868294299092,17523195
2003-12-22,21.15387535095215,21.839390191031335,21.050746008081106,21.669529007862533,2018660
2003-12-29,22.009254455566406,22.11238612706127,20.723157501119786,20.723157501119786,2976512
2004-01-05,23.113351821899414,24.02939413224808,21.839388422903962,21.978917571236998,7386253
2004-01-12,23.246816635131836,23.974796747872798,22.088115784935425,22.791829353941857,9767745
2004-01-19,22.919227600097656,23.96266594640441,22.749366404814314,23.265017784316015,4906303
2004-01-26,21.572465896606445,23.38634734925288,21.536066078578255,22.91922676505756,5554465
2004-02-02,21.60279655456543,22.74936413679005,21.232739861004045,21.71199368755682,6903762
2004-02-09,22.682634353637695,23.331749417355002,21.74839315969842,21.839391550164855,5825746
2004-02-16,22.367176055908203,23.19222010172101,22.112384266916997,22.858563195772206,4444992
2004-02-23,20.237834930419922,22.755429867587086,20.06190595707656,22.33684239594238,15006419
2004-03-01,19.612985610961914,20.450160517907182,19.53412050319985,20.322764638265717,9567918
2004-03-08,19.054868698120117,19.843512916209345,18.478550968452357,19.661518452678777,11006872
2004-03-15,18.76974105834961,19.309658892785393,17.987162430956587,18.878938183761885,9218813
2004-03-22,18.569547653198242,19.27932784717964,17.847634187536915,18.229822988714986,8784845
2004-03-29,19.528051376342773,19.873841491282118,18.41788372158613,18.502814302211966,8037953
2004-04-05,18.5634822845459,19.68578453551623,18.284422802320563,19.600853942144088,7987723
2004-04-12,17.45937728881836,18.68480869858644,17.350180167025908,18.563479463222233,6293820
2004-04-19,18.11456298828125,18.32082400818034,17.228853698639394,17.38658278192062,8270891
2004-04-26,18.35525131225586,19.524216641781308,17.907561503780226,18.622621350990816,10628511
2004-05-03,17.466093063354492,18.610187535661776,17.466093063354492,18.29307427786204,5457069
2004-05-10,18.00083351135254,18.436086102908888,16.77590559921118,17.099236909033245,10680036
2004-05-17,19.02678871154785,19.549092803760747,17.11167410209098,17.50961962531177,8785555
2004-05-24,19.49312973022461,20.27658579474906,18.902428362107976,19.200887476411264,10028811
2004-05-31,19.49312973022461,19.804024937449974,19.15114429069405,19.381207265868102,4983347
2004-06-07,19.039222717285156,20.015432277119412,18.952171254150617,19.71075630704731,6670653
2004-06-14,19.176013946533203,19.462036930177707,18.653709972427556,19.03300245471095,5547893
2004-06-21,19.623703002929688,19.623703002929688,18.989477750855023,19.287936832533802,4473519
2004-06-28,19.60504913330078,21.047601293849024,19.43094741749054,19.536651818880525,9923023
2004-07-05,18.2806396484375,19.872422925454586,18.06923079297767,19.5117844989592,7347123
2004-07-12,17.907562255859375,18.49826358419693,17.559359979287553,18.193586443950206,6536459
2004-07-19,17.372821807861328,18.212238973914342,17.2919884024201,17.795639413634458,5557904
2004-07-26,17.204938888549805,17.484745018106242,16.502316320732817,17.341732337460193,6535007
2004-08-02,14.730216026306152,17.093019251288315,14.69290774557475,16.987314827824992,10575863
2004-08-09,14.040021896362305,15.308474403863558,13.368488564735355,14.686684238061915,12371411
2004-08-16,14.779956817626953,15.283606666107252,13.77887398047551,13.990282793115826,7640787
2004-08-23,15.358222007751465,15.451490322379314,14.798609748042434,14.873225111327294,5867154
2004-08-30,13.94053840637207,15.296041433882738,13.760218652267044,15.296041433882738,8205070
2004-09-06,12.47933292388916,14.51880582780705,12.075169408025625,13.897015438487443,23110939
2004-09-13,13.505289077758789,13.666954748216416,12.510425237975312,12.603693574708608,12468724
2004-09-20,12.616127014160156,13.492851329696506,12.516639465147517,13.374710828845432,8396270
2004-09-27,11.975683212280273,12.609909703110786,11.615044828744091,12.560166518691005,12161661
2004-10-04,12.031641006469727,12.808878782262722,11.975679791734972,11.975679791734972,9687483
2004-10-11,11.07408618927002,12.118694203610133,10.819152231719281,12.031643931072129,11824480
2004-10-18,11.950811386108398,12.404719291792551,11.19222750442476,11.19222750442476,11266358
2004-10-25,12.267923355102539,12.535293396104032,11.633696911699596,11.814016682968875,7640539
2004-11-01,12.852407455444336,12.945675777089061,12.205744878228268,12.205744878228268,7721542
2004-11-08,14.873225212097168,14.991365710610726,12.728048031267674,12.784009257617729,16298761
2004-11-15,15.184117317199707,15.606934859266138,14.083548336109862,14.922965375686367,11954904
2004-11-22,15.439054489135742,15.457708626761788,14.27008914190296,14.954057584597457,11927106
2004-11-29,15.389313697814941,15.874310677665395,15.034893329681257,15.681554783510695,8802365
2004-12-06,15.824566841125488,16.35930580187117,15.053545668011022,15.389313067848397,9629699
2004-12-13,15.233867645263672,16.16655341946349,15.233867645263672,15.700210532363581,7761470
2004-12-20,14.898099899291992,15.289828580764434,14.823485702992372,15.153035096900952,4995314
2004-12-27,14.649381637573242,15.010020025719891,14.46284499010711,14.798611192740363,2256677
2005-01-03,14.537461280822754,15.02245829485825,13.760223160492872,14.618294709480963,10106169
2005-01-10,14.643162727355957,15.513670193433915,14.537458317101976,14.612073683269319,8794307
2005-01-17,15.153032302856445,15.463927497378997,14.686689511072617,14.705342463722499,6053915
2005-01-24,15.146815299987793,15.389313188908314,14.798611804238533,15.109507020176075,4754484
2005-01-31,16.141679763793945,16.520972323704058,15.240084308853653,15.327134593696819,9506622
2005-02-07,16.51474952697754,16.937567107702513,16.259815606711747,16.28468778721126,7395244
2005-02-14,15.973798751831055,16.894048434548797,15.905401415287406,16.6204602743455,7320266
2005-02-21,17.708589553833008,17.764550782329437,15.86187257136389,16.011102118697362,14591423
2005-02-28,17.217376708984375,17.745898792346004,16.670200486455485,17.745898792346004,6081463
2005-03-07,16.813209533691406,17.22359101856673,16.43391708804541,17.22359101856673,6500397
2005-03-14,16.757253646850586,17.671285211126158,16.695074362634223,16.83186783913326,7227010
2005-03-21,16.477449417114258,16.856742028490736,16.08572189619516,16.856742028490736,6577761
2005-03-28,16.757253646850586,17.01840569178235,16.06084779837548,16.47744746086255,8033417
2005-04-04,16.527189254760742,16.918916696078142,16.14167867396567,16.726161998666157,7521877
2005-04-11,15.370659828186035,16.713727134242525,14.929189168441432,16.44635823119828,10781446
2005-04-18,15.42039680480957,15.606934580253261,14.543672699539284,15.06597657322848,11801664
2005-04-25,14.954060554504395,15.725081792580156,14.369578357794138,15.420403414033277,9089934
2005-05-02,15.930268287658691,16.085715865389286,14.860788193850814,15.140594308154247,10237910
2005-05-09,15.805912971496582,16.035975955239753,15.420402378350799,15.874310299144497,6220300
2005-05-16,16.272254943847656,16.353087174658256,15.62559235347855,15.731296769751536,5585301
2005-05-23,16.37173843383789,16.47122478624485,15.880524717074888,16.259815990887343,4113095
2005-05-30,16.384178161621094,16.63911214450488,15.94892438373743,16.28469178712845,5266347
2005-06-06,16.775903701782227,16.96244152218338,16.278471885987816,16.297124837848234,4214962
2005-06-13,16.384178161621094,16.906482220693036,16.16655127267926,16.757252658954073,9009468
2005-06-20,16.465007781982422,16.707506819031032,16.110587480877847,16.353085331955516,8187759
2005-06-27,16.55828094482422,16.63289632868682,16.042194863186058,16.322001070206692,6358746
2005-07-04,16.943790435791016,17.03705876980296,15.961361533191338,16.539626864425106,9479954
2005-07-11,17.640193939208984,17.66506493817888,16.906481087045776,17.099235776453906,7476443
2005-07-18,17.895126342773438,18.019483698708754,17.316861139059913,17.528269948717995,8503415
2005-07-25,17.211156845092773,18.342815077039518,17.18006661643047,17.876472320843597,14045122
2005-08-01,16.943790435791016,17.497183578770283,16.943790435791016,17.248467626081354,5545146
2005-08-08,16.8940486907959,17.410134781523638,16.8505235435975,17.061932417965135,4868171
2005-08-15,16.82564926147461,17.19872376903573,16.645330647502288,16.943789779162717,3107538
2005-08-22,16.465007781982422,17.24846374619982,16.390393605945114,16.825646128751927,4475850
2005-08-29,16.53340721130371,16.757252139965022,16.359305468348126,16.396613747105743,3610190
2005-09-05,18.255767822265625,18.293074916847836,16.427703584141277,16.595587288717944,11615598
2005-09-12,18.771852493286133,18.933518139475325,17.982178401275068,18.37390583113925,9767429
2005-09-19,18.765634536743164,18.871338952604404,18.187369272677035,18.684801120276354,6943262
2005-09-26,20.133567810058594,20.36362952528462,19.057869837614213,19.057869837614213,12768809
2005-10-03,19.462038040161133,20.86106636788434,19.430948996155685,20.26414818398852,10543723
2005-10-10,19.207107543945312,19.443388590443142,18.865123254400462,19.17601849433986,12318864
2005-10-17,19.020565032958984,19.81023898452116,18.840245279905997,19.213319690452533,6955412
2005-10-24,18.51692008972168,19.518001911100875,18.187370723172688,18.86512241081135,5975658
2005-10-31,19.940818786621094,20.015432973651738,18.753199166971843,18.753199166971843,5252159
2005-11-07,19.90350914001465,20.090048152691732,19.312808987039766,19.90350914001465,5730584
2005-11-14,20.233057022094727,20.3387602350372,19.561522356548082,19.90350654869494,5027819
2005-11-21,20.674530029296875,20.829977623502113,20.052739652475914,20.37607093305586,4815066
2005-11-28,21.439329147338867,21.545034731196232,20.568824155052617,20.705616407417434,6108338
2005-12-05,21.613435745239258,21.762666502050838,21.22792631706109,21.395810028995715,5006625
2005-12-12,21.719135284423828,21.974069211556294,21.17195915840472,21.700482334517616,5747358
2005-12-19,21.227922439575195,21.675612256292638,21.02894971479899,21.61965102920296,4552884
2005-12-26,21.084911346435547,21.414459483429905,20.997861074168508,21.227922846865965,1976454
2006-01-02,23.795921325683594,24.231175124575213,20.960555957878135,21.19062013719974,8187293
2006-01-09,23.14303970336914,23.814572109397563,22.944066962920555,23.752394017485695,7926940
2006-01-16,22.47150421142578,23.14303896806013,22.073558743172285,23.006244323869705,5671247
2006-01-23,23.547203063964844,23.609383530510478,22.15439382053444,22.15439382053444,6469766
2006-01-30,22.8259220123291,23.87674916815165,22.67669366424543,23.62181523256204,5189602
2006-02-06,22.776182174682617,23.136819359949044,22.27253111539073,22.968935673518413,4543972
2006-02-13,23.596952438354492,23.739963983806003,22.72022783575679,22.75753375164854,3271544
2006-02-20,26.21468162536621,26.351476264331996,23.348227670658044,23.628033808568972,11785245
2006-02-27,26.519363403320312,26.873783766884735,25.55558631691436,26.12141552645952,7433757
2006-03-06,26.954614639282227,26.954614639282227,25.064373503372448,26.64371941912007,8844338
2006-03-13,26.600189208984375,27.42717147555404,26.239552055731128,27.029226049091765,5140810
2006-03-20,26.824037551879883,27.147368845421685,26.115196873398386,26.805384598848942,3900379
2006-03-27,27.955698013305664,28.080056577474256,26.488272174389433,26.861347866895198,5389177
2006-04-03,27.445831298828125,28.02409663268989,27.35878101148419,27.731854349227458,3667959
2006-04-10,26.332822799682617,27.644800938561712,25.959749504089338,27.58262284661022,4343199
2006-04-17,27.483137130737305,27.483137130737305,26.021928215662022,26.332823426706693,4278833
2006-04-24,26.376346588134766,27.532877065985907,25.941095222872114,27.240637202444134,4628185
2006-05-01,29.000307083129883,29.00652631610516,26.115199687626674,26.37635054597059,7007380
2006-05-08,28.397171020507812,29.783765923991083,28.397171020507812,29.006527798333096,8413166
2006-05-15,25.907825469970703,28.800445747222323,25.81978955526808,28.67467912673339,8156221
2006-05-22,27.3541259765625,27.40443356656309,25.21610137749592,26.0838881146227,6032608
2006-05-29,27.001983642578125,27.417011720218557,25.939260849522626,27.152904033901116,4059802
2006-06-05,25.329296112060547,27.00198543269099,24.90169110689501,26.995698182084908,7214265
2006-06-12,26.071317672729492,26.68757141004184,23.56857202163703,25.530522940304763,9593746
2006-06-19,27.71256446838379,28.16532326993181,25.970703411093066,26.15306486158306,7109874
2006-06-26,28.064706802368164,28.291086173562224,26.693856075735745,27.668542902778558,4414722
2006-07-03,27.54277992248535,28.44829752573533,27.354131221407734,27.951520773818842,3681905
2006-07-10,25.090341567993164,27.66854603440723,25.090341567993164,27.549069085553327,8904759
2006-07-17,23.052928924560547,25.530520541648347,22.813972632935357,25.065187256628985,12138462
2006-07-24,26.37944793701172,26.750458140228954,23.1409689225495,23.172409977303765,9631272
2006-07-31,24.989734649658203,26.763037143602467,24.85767837124192,26.63098086518618,7308479
2006-08-07,24.474082946777344,24.91426479520963,24.077921442106565,24.813652006893516,6463159
2006-08-14,26.35428810119629,26.719010969497145,24.386047819485704,24.65015789632394,7245082
2006-08-21,26.09646987915039,26.62468767868031,25.62484692952719,26.22852372933328,4715731
2006-08-28,27.14661407470703,27.479895902087385,26.077604043677933,26.083891293795354,4861594
2006-09-04,26.17821502685547,27.794309259473447,25.838645972839743,27.234650484594592,10129324
2006-09-11,27.505054473876953,27.618241787222566,25.71917528079945,26.127913775721545,7671015
2006-09-18,26.404600143432617,27.6371076461302,26.335428387877386,27.511341035920562,6401720
2006-09-25,26.303983688354492,26.71272211637188,26.15935054744565,26.480055478959013,4985557
2006-10-02,27.159189224243164,27.247227511803423,26.096466511788247,26.310268983981327,5328467
2006-10-09,28.303665161132812,28.322531710922693,27.04600392067051,27.04600392067051,4977189
2006-10-16,28.454586029052734,29.05197560776492,27.668547740957354,28.33510907282969,5828499
2006-10-23,27.203210830688477,28.737559037260862,27.00198522962954,28.7061179868701,7785143
2006-10-30,27.84461784362793,28.353971486669295,26.957966804939996,27.046002704004305,5258322
2006-11-06,28.775293350219727,29.435567540368442,27.825759996762173,27.844624151178234,5990845
2006-11-13,29.762554168701172,30.498284837058513,28.86332619706547,28.91992104838514,5007216
2006-11-20,29.58647918701172,30.435401934476527,29.278353536997294,29.48586638717867,5012236
2006-11-27,28.70612144470215,29.869457240880116,28.64323693754741,29.56761880293338,4415313
2006-12-04,28.253360748291016,29.454427170538484,27.93265577968547,28.67467612419422,10453288
2006-12-11,28.322534561157227,28.907347288728623,28.18419104316869,28.55520124239357,7741460
2006-12-18,29.228042602539062,29.59276545956518,28.03326604070453,28.366545452347086,6569662
2006-12-25,29.900894165039062,30.020373512730814,29.22804562361097,29.22804562361097,1233353
2007-01-01,30.202735900878906,30.567458835931777,29.863169166793515,29.900897471248225,3601735
2007-01-08,31.94459342956543,32.070360027078344,30.146137561886242,30.146137561886242,9490999
2007-01-15,31.202571868896484,32.13324081441491,30.517146459175702,31.976033173642243,5563119
2007-01-22,30.454269409179688,31.787389752189306,30.41025145437267,31.340920554118902,5349392
2007-01-29,30.907024383544922,31.4729704739022,30.435401442181355,30.536014240386983,3623705
2007-02-05,30.749813079833984,31.08309248448378,30.190151907643628,30.913307957926893,5693244
2007-02-12,33.67388153076172,34.36559669948204,30.460556458368238,30.749820386494207,10081686
2007-02-19,35.44089126586914,35.44089126586914,33.736760998954985,34.08261733227436,7347217
2007-02-26,32.831241607666016,35.585520018521095,31.72450092318805,35.585520018521095,12146777
2007-03-05,33.868812561035156,34.20838162125659,32.04520307359242,32.2590055486802,7350032
2007-03-12,34.65485382080078,34.7743307680305,32.49167507955905,34.08261808609288,9812745
2007-03-19,34.73031234741211,35.64840441061943,34.3970329104885,35.2019352783636,7410679
2007-03-26,35.837059020996094,36.25208714503444,34.491359444218666,34.83092856355872,5435578
2007-04-02,36.54763412475586,36.975239128455414,35.42202916385105,35.84334451816769,4663744
2007-04-09,36.62309265136719,37.16388491475016,36.000549345210246,36.5476312574827,3711298
2007-04-16,36.94379425048828,37.64808378411071,36.2017740208725,37.094714635663586,5781005
2007-04-23,35.635826110839844,37.62922020136601,35.560367116516545,37.10100244350653,6168611
2007-04-30,36.157920837402344,36.29162624592283,35.27291490176757,35.59126250041602,6092727
2007-05-07,34.750823974609375,36.29162513925951,34.37517372250717,36.16428561792329,5830346
2007-05-14,35.41936111450195,35.80137733263979,34.07593360893075,34.38154706920099,8135361
2007-05-21,35.3620491027832,35.80773619214244,34.954564596671645,35.49575450095121,5125935
2007-05-28,36.17701721191406,36.46989638977065,35.26017709605026,35.46391934402,5231598
2007-06-04,33.66844177246094,36.16428571030964,32.9935440078144,36.16428571030964,7946146
2007-06-11,33.66844177246094,34.12686065012332,32.89803875936842,34.06319210369224,6835030
2007-06-18,32.40142059326172,33.92949015107528,32.254980978531194,33.84035320548275,6791836
2007-06-25,34.61711883544922,35.24107986687727,31.95573259047679,32.21041165296966,12387235
2007-07-02,35.22834777832031,35.451190134369156,34.11413114047703,34.5661841649187,5956627
2007-07-09,35.19015121459961,36.22796528356759,33.80852108418703,35.20925129730211,10754644
2007-07-16,35.62310028076172,36.53994058074241,34.95457074355915,35.33658692801785,8554745
2007-07-23,32.04487228393555,35.87140957051611,31.217166536931153,35.48302508927856,10392388
2007-07-30,29.49808120727539,32.36957465591343,29.326173261789926,31.949356043215214,10394832
2007-08-06,27.409727096557617,30.62503727957134,27.409727096557617,29.096970300206085,19792323
2007-08-13,27.77264404296875,29.135171387219383,26.83033543506457,28.01458889989533,15639444
2007-08-20,30.001075744628906,30.24302058940798,27.772642648567263,28.460274598318534,9124693
2007-08-27,30.243022918701172,30.243022918701172,28.593982203455802,30.217554527015647,7008631
2007-09-03,28.211971282958984,30.43403665101838,28.078263416177215,30.36399977527554,6762798
2007-09-10,26.429218292236328,28.60671727176971,25.824359758454445,28.020956389135158,12599033
2007-09-17,26.422853469848633,27.05318285021086,24.843849505757017,26.28914804725048,14481139
2007-09-24,27.517967224121094,28.122825718947354,25.607881630860664,26.397382315947294,11147483
2007-10-01,28.49211311340332,29.79097203712737,27.26965937022752,27.365162202713304,11631727
2007-10-08,30.746013641357422,30.99432439569407,28.511211994728438,28.96326745982292,11933091
2007-10-15,29.396221160888672,30.81605383296438,29.116076100152576,30.618677413409497,10948982
2007-10-22,28.855024337768555,29.650893284482823,28.33293450302794,28.511208369876165,8506018
2007-10-29,27.002243041992188,29.224310334564265,26.49288737327635,29.217942022505646,10055433
2007-11-05,26.403745651245117,29.109699731655656,26.168166723744704,26.8494302626265,16750571
2007-11-12,25.308631896972656,27.377891108674824,25.162192305754257,26.200006067379434,9634494
2007-11-19,24.633737564086914,25.65881727256851,23.194807413557175,25.467809189407863,16135212
2007-11-26,25.327730178833008,25.88165666190121,23.519516006387473,24.882045554018195,12647294
2007-12-03,24.952085494995117,25.41050684342663,23.774200276585848,25.404140959720454,8920131
2007-12-10,24.601900100708008,25.817987734782577,24.28992083868846,24.83747662512266,9296067
2007-12-17,25.919862747192383,26.295513037534285,24.302656247835753,24.372693113140112,10713699
2007-12-24,27.35242462158203,28.651283384595548,26.74119782562251,26.74119782562251,5217679
2007-12-31,24.996652603149414,27.74717811482951,24.862947193420364,27.37789373123562,5858074
2008-01-07,21.57759666442871,25.435969865187687,21.44389127563386,24.805640644184844,16900120
2008-01-14,22.233396530151367,23.003799613499815,20.552521491572175,21.577601212669226,19156093
2008-01-21,22.984695434570312,23.334879732827275,19.81395488772986,21.73677344252548,21297910
2008-01-28,24.359956741333008,24.818378052349214,22.48807376934914,22.60267909710319,12098667
2008-02-04,22.564476013183594,24.932982829386148,21.965983426086957,24.792909114380823,10436504
2008-02-11,23.296672821044922,24.194412776931745,21.552127252141986,22.347996093488426,16031163
2008-02-18,23.74236488342285,25.149460709846707,23.557722690236155,23.844236019525948,10675257
2008-02-25,23.201171875,24.5000306469544,23.073834779898096,24.09254611350974,12388651
2008-03-03,21.57759666442871,22.882821140566946,21.424791199748615,22.787318332341655,8957717
2008-03-10,21.57759666442871,22.354365467749595,21.291083382154692,21.58396497558984,9484229
2008-03-17,21.01730728149414,21.271986330568172,19.91582610192757,20.92180445969094,12477990
2008-03-24,22.844623565673828,23.05473171050896,21.017306664159573,21.017306664159573,8135170
2008-03-31,23.837867736816406,24.270820672990165,22.348000851465414,22.730019433924333,7568066
2008-04-07,22.564476013183594,24.07981120206152,22.48807327263493,24.06071112412419,6501780
2008-04-14,25.31499671936035,25.346833418169304,22.106055183666165,22.297063232524287,11483645
2008-04-21,26.190189361572266,26.59512676694792,24.32226266576414,25.399912395100074,8984161
2008-04-28,26.05303192138672,26.222845008839386,24.857820152378608,26.12487572827344,5055841
2008-05-05,26.588346481323242,27.270974105470092,25.680450491279426,27.161753789767307,7089727
2008-05-12,29.086759567260742,29.44855132608566,26.49277546538531,26.601995766390043,7393992
2008-05-19,26.4722957611084,29.161849995547357,26.46547063132312,29.079932814019212,7037445
2008-05-26,29.7625675201416,29.899093584806455,26.349428923610773,26.49278272371882,8852292
2008-06-02,29.6738338470459,30.813821120995012,28.977553118781856,29.60556949877376,8678646
2008-06-09,28.096960067749023,29.373473321166905,27.427985138042903,29.312036715172546,8204893
2008-06-16,26.62247657775879,28.602097672583813,26.34942449432856,28.12425782858974,6299508
2008-06-23,25.37327003479004,26.7043945535813,25.17530998337375,26.499606767002177,8843645
2008-06-30,24.97734260559082,26.055892799800702,24.53363364854437,25.32548151655254,7383288
2008-07-07,24.137714385986328,26.206075354937905,24.137714385986328,25.175308737874637,7762703
2008-07-14,27.57815933227539,27.64642105871442,23.577960708124703,24.55411849950692,10104239
2008-07-21,26.595170974731445,27.68737670961415,25.871587377039987,27.29145144716453,6097462
2008-07-28,27.41432762145996,29.318859480350607,26.438169827290974,26.75900567130983,11091005
2008-08-04,28.73179817199707,28.73179817199707,26.868224981861175,27.31193139626428,7646500
2008-08-11,29.06629180908203,29.1140755448456,27.782950867387438,28.74545592265381,5205500
2008-08-18,28.315397262573242,29.004852711922833,27.373370288183562,28.922935511354634,4648911
2008-08-25,27.61229133605957,28.704494628306723,27.21636601510869,28.322224778029245,5518813
2008-09-01,25.782846450805664,28.77958139416388,25.41422689773192,27.441631835619706,7562734
2008-09-08,24.468788146972656,26.745350660274436,23.874895027974993,26.526910027742744,8978484
2008-09-15,24.028491973876953,24.574593531552367,21.6597733751889,23.89196593345369,15610515
2008-09-22,23.632570266723633,25.107045995926086,22.62569544989997,24.574597222719596,10747582
2008-09-29,22.693952560424805,23.752019552260165,21.741688101344987,23.74861349737912,8917485
2008-10-06,16.355754852294922,21.833841774745107,15.97007123862884,21.748513334233532,21156613
2008-10-13,15.98031234741211,19.45488700853589,14.98367665544785,17.611791929028954,14886944
2008-10-20,15.77894115447998,17.727843175638647,14.550211657576623,16.38306690276037,10086842
2008-10-27,17.113473892211914,17.509397852030617,14.505836642853339,14.993915485820642,8193301
2008-11-03,17.62544822692871,18.840526085843518,16.806295711375835,17.41383398982869,7206822
2008-11-10,16.9086856842041,18.738127830200717,16.451325147704946,18.05550024151594,7111435
2008-11-17,15.90522289276123,17.529877343958468,15.147507126236393,16.744855847896737,6909397
2008-11-24,17.25341033935547,18.23639433452721,16.110009762054354,16.314797497627826,6185749
2008-12-01,15.618520736694336,17.850713561515693,15.536606144265628,17.758558668526668,7374854
2008-12-08,17.823413848876953,18.17837934670191,16.256782857425573,16.52300730629662,5716134
2008-12-15,17.673229217529297,18.130589789304334,17.236347943717522,17.936041015684474,4008422
2008-12-22,18.430944442749023,19.304708203572872,17.33532750224549,17.57765997780694,2750914
2008-12-29,19.3251895904541,19.3251895904541,17.884846046110397,18.6425618986485,1542152
2009-01-05,18.67669677734375,20.2740459123539,18.00089542053318,19.40369443727091,5616248
2009-01-12,17.37287712097168,18.973638759415152,16.536657849363337,18.574300840284028,4804646
2009-01-19,16.765331268310547,18.09986799726712,16.608327253611808,17.54694007914928,5195208
2009-01-26,18.46508026123047,18.98387751153241,16.43426373069168,16.635638970598293,5428564
2009-02-02,20.43787384033203,20.43787384033203,17.645926424351092,18.328554128952614,4821277
2009-02-09,16.966711044311523,20.192127163126123,16.826772418936937,20.192127163126123,8033378
2009-02-16,15.796001434326172,17.20221515539374,15.78234987255553,16.813116349733512,5990898
2009-02-23,15.679954528808594,16.246535349516723,14.782300228041814,15.987137450521505,6835542
2009-03-02,14.853978157043457,16.389890404369073,14.813020861677279,15.253314716383825,6784106
2009-03-09,16.563961029052734,16.89162332061685,14.417097862523029,14.9631995117815,7580525
2009-03-16,17.12371253967285,17.564007649491657,16.471803240657792,16.929163779894086,4858930
2009-03-23,16.280672073364258,17.632274703844992,15.755048394174272,17.417246598356524,8282232
2009-03-30,17.91897964477539,18.56065013756992,15.836965387805165,15.973490165797937,6723884
2009-04-06,17.410415649414062,18.448009871243073,16.874553109602843,18.00430220988464,6762257
2009-04-13,18.171552658081055,18.328556740023913,17.311441471511316,17.4104215132523,6546028
2009-04-20,18.860998153686523,19.04530789997874,16.741439977352073,18.192023484191086,7553559
2009-04-27,19.39004135131836,19.547045418452335,17.809757774532347,18.420709912042607,5474592
2009-05-04,19.164382934570312,20.578206800531618,18.803857686950877,20.217681552912186,7406618
2009-05-11,18.38324737548828,19.44008148974018,18.270141554686923,19.192662001114304,7165625
2009-05-18,19.079553604125977,19.82181196978133,18.09694641296626,18.3478998347142,5957020
2009-05-25,19.24567413330078,20.450958705171118,18.839199306675468,19.182051963075477,5517643
2009-06-01,18.612991333007812,19.892501567339494,18.397382975497322,19.56732272201894,6122296
2009-06-08,18.379709243774414,19.00886039796191,18.376175277568528,18.404451052197913,4291817
2009-06-15,18.164100646972656,18.41152007608343,17.50313841284334,18.383242953521098,4394659
2009-06-22,18.344364166259766,18.740234448885314,17.2839963265529,18.213584495233498,5030507
2009-06-29,18.24892807006836,18.977046344203156,18.181770587700974,18.37263709286003,4247104
2009-07-06,18.683683395385742,19.030070095411258,17.524348207681758,18.167637986061656,6028713
2009-07-13,20.171728134155273,20.592340170362604,18.475140081379813,18.73316272695176,5791094
2009-07-20,20.754932403564453,20.959936139488345,19.74051292527683,20.17172958640714,5028971
2009-07-27,22.900409698486328,22.974635119118762,19.65214888563834,20.92459102430902,8416670
2009-08-03,23.18670654296875,23.808789683166886,22.40910464021197,22.638851514962003,6041540
2009-08-10,22.81911277770996,23.540163160585223,22.274791698867073,23.084204711267578,3368748
2009-08-17,23.48007583618164,23.582578372051923,21.857713181120026,22.621177880659182,3436756
2009-08-24,24.225868225097656,24.741913526479976,23.388176753476905,23.610855701074147,4144467
2009-08-31,23.56137466430664,24.23293880465502,23.03825867748642,24.141042200249263,3668759
2009-09-07,24.816139221191406,25.44882562633353,23.681546068949256,23.791116538577608,4601104
2009-09-14,25.130718231201172,25.378139021337226,24.46975731147814,24.741917214307335,4485419
2009-09-21,24.833816528320312,25.929529466033106,24.819677966308248,25.15192743195434,4550961
2009-09-28,23.978450775146484,25.728059376397514,23.71689412261169,24.83734346330222,5585115
2009-10-05,25.261499404907227,25.618490700941376,23.840599457210427,23.92543622759057,4375856
2009-10-12,25.166061401367188,26.145135847865774,25.09537129328744,25.38520505106203,5684747
2009-10-19,23.81939697265625,25.62909246199411,23.801723095961623,25.399345548238827,5144476
2009-10-26,22.345483779907227,24.11629870098915,22.345483779907227,23.822929639062398,6801474
2009-11-02,21.437103271484375,23.10894835530798,21.16494203625132,22.253585628856143,9432682
2009-11-09,22.25358772277832,22.34902099722886,21.430036007325757,21.546675777213615,7264946
2009-11-16,21.8859920501709,23.09127814911993,21.702196140403338,22.476264195173993,6456629
2009-11-23,21.94961166381836,22.617644472161317,21.20735478565148,22.126339620365457,7554138
2009-11-30,21.878925323486328,22.253587792886343,21.249772773088928,21.878925323486328,8841131
2009-12-07,22.136947631835938,22.38436707886074,21.44417291050099,21.66685054765606,5238232
2009-12-14,21.94961166381836,22.713077730496025,21.808230107577067,22.45151976154231,7574256
2009-12-21,22.663593292236328,22.663593292236328,22.02030231339375,22.055648712411063,2828321
2009-12-28,22.599971771240234,22.96403229749192,22.529281663612995,22.720146841864867,1998761
2010-01-04,24.19052505493164,24.363717708022616,22.62117984056305,22.62117984056305,10691058
2010-01-11,23.95370101928711,25.16606032103803,23.734565468963623,24.296559085040215,7014144
2010-01-18,23.928964614868164,25.095370225120117,23.688614482310687,24.02086390878402,6314502
2010-01-25,22.808509826660156,23.798187470063212,22.267722706677027,23.685081684816115,6153705
2010-02-01,22.317211151123047,23.487144230079203,22.260658246255126,22.716610058548994,5388740
2010-02-08,21.574951171875,22.47979752669754,21.352273549349643,22.426779944028834,6482428
2010-02-15,23.918359756469727,24.03500084896324,21.43356524722545,21.64210427911278,9842236
2010-02-22,23.918359756469727,24.331902506232755,23.427056278377687,24.10569094926899,7260891
2010-03-01,25.342788696289062,25.40641087053588,24.031467540597976,24.141040710867586,7010623
2010-03-08,25.27916145324707,25.844692976113457,25.180194245741696,25.409941089824397,5184646
2010-03-15,25.646764755249023,26.074440769293872,25.19787685226394,25.448830271621596,4756221
2010-03-22,25.643230438232422,26.33953639962195,25.332187474104195,25.519518697506015,5982934
2010-03-29,26.27237892150879,26.27237892150879,25.36399732394001,25.74572766431508,3788592
2010-04-05,25.75633430480957,26.381950107456802,25.222615101353757,26.27237963329911,4728607
2010-04-12,27.48473358154297,28.37190062157096,25.83762767074702,25.979010580584543,11204635
2010-04-19,27.77103042602539,28.181040571371774,26.89799390675727,27.555422107637128,7380071
2010-04-26,26.972225189208984,28.488551679282175,25.97901474029864,28.248201503070348,7892800
2010-05-03,26.562213897705078,27.562494835044586,25.314514885988725,26.88739270878743,10774622
2010-05-10,27.3150691986084,28.463800775960074,26.23349509947742,26.498587001943193,8203217
2010-05-17,25.872970581054688,27.562492033859822,25.498308193174022,27.025237560307502,10026738
2010-05-24,26.360742568969727,26.526867279104792,24.653549866500942,25.98961278264013,10532769
2010-05-31,27.762224197387695,28.387101965396337,26.10068128908603,26.382420826069747,8226121
2010-06-07,27.386568069458008,28.02951264778796,26.107901801596608,27.270982558250104,8562050
2010-06-14,28.090906143188477,28.271508643299576,27.487699965754416,27.603285455594502,6441835
2010-06-21,27.79833984375,28.744698050707672,27.75499424640911,28.401551605587823,6678081
2010-06-28,25.12541961669922,27.935594153904788,25.107361019662417,27.899474204055657,7287681
2010-07-05,26.209041595458984,26.440212642712936,24.97733361766305,25.273521694193192,4604288
2010-07-12,26.180143356323242,27.270981399772783,26.082616449142563,26.20903766606581,5529874
2010-07-19,25.551639556884766,26.24515521404928,24.52581873471847,26.147628326049833,7227950
2010-07-26,26.382415771484375,26.851980657901613,24.46802800657561,25.826159693545694,9562587
2010-08-02,26.591917037963867,27.401015586406142,26.443821643216275,26.725561144098577,5510291
2010-08-09,25.555259704589844,26.91700165934594,25.168770374765604,26.833926033222877,4378398
2010-08-16,24.923147201538086,25.977865233318457,24.879801605630075,25.5191360553387,3434275
2010-08-23,24.265756607055664,25.241009189494108,23.821467648798933,24.879804121068613,4032111
2010-08-30,25.858659744262695,26.190975958281058,23.85759193225299,24.38133809267431,6469967
2010-09-06,26.67137908935547,26.819474479963333,25.259068802269223,26.010375954137885,4160502
2010-09-13,26.18736457824707,26.989240182808537,25.873115211228864,26.909774635578025,5413343
2010-09-20,26.490772247314453,27.032579724204687,25.840604928511368,26.22709415179539,3757473
2010-09-27,27.66468048095703,27.791109930517383,26.01036940424869,26.364348714506917,6174628
2010-10-04,26.83753204345703,27.783887360054248,26.548566947164133,27.74054452465309,5952268
2010-10-11,27.523822784423828,27.917537708720392,26.37158058750249,26.844758305281832,4153942
2010-10-18,27.23124885559082,27.668306641120346,26.664157029896625,27.45158415943785,4484574
2010-10-25,26.47994041442871,27.328774457083007,26.274053653306886,27.20957613333465,4341929
2010-11-01,24.98455238342285,27.27098098717772,24.663080112777788,26.729173417896043,10342300
2010-11-08,24.62696075439453,25.284353844110363,24.439135338379664,25.013450052923467,7033904
2010-11-15,24.269371032714844,25.28435646019725,23.868433159812483,24.561946275620187,7226592
2010-11-22,24.18990707397461,24.630577756683525,24.05626018889485,24.489707981821013,4874543
2010-11-29,24.215187072753906,24.44997090825185,23.3013387300054,24.236858494075733,7072988
2010-12-06,24.764219284057617,25.045958804180806,23.904552189864297,24.26937009053009,5316619
2010-12-13,25.139873504638672,25.37827018483684,24.569168805778922,24.74254846008451,5985247
2010-12-20,25.5877628326416,25.826159473632064,25.125420838233556,25.1976634972196,2696495
2010-12-27,25.233783721923828,25.941745252995204,25.233783721923828,25.584153043415043,1773685
2011-01-03,25.50107765197754,25.99592959502421,25.139872578278773,25.320475115128158,4845505
2011-01-10,26.353519439697266,26.490776363088774,24.57639130077752,25.443283949642883,9248065
2011-01-17,26.924222946166992,27.36849807298897,26.21986598104065,26.40408682731473,6634231
2011-01-24,26.642480850219727,27.447966435175374,26.642480850219727,26.877264645017586,4222514
2011-01-31,28.210111618041992,28.44128261125838,26.505223476239397,26.794188595647693,6213441
2011-02-07,28.60382652282715,29.015600026708018,27.72609821070726,28.170378843737648,6598242
2011-02-14,30.87941551208496,31.34175197209244,27.99338825578329,28.712185453572708,9772122
2011-02-21,30.438739776611328,30.879415845745584,29.521286978561324,30.778278882846283,5800413
2011-02-28,29.84637451171875,31.26952339653168,29.474333723441514,30.341226459143684,4275427
2011-03-07,29.329851150512695,30.521829006940305,28.972258895894825,29.770521785383217,5563422
2011-03-14,28.242618560791016,29.3587406377878,27.198736378232898,29.257603683263532,7382670
2011-03-21,30.37734031677246,31.056407488693548,28.390712792710612,28.535195345615662,6753002
2011-03-28,29.835533142089844,30.59406310855961,29.315399803931566,30.384566298081182,5484641
2011-04-04,29.719953536987305,30.283432579853862,29.640487978475136,29.766911961076893,4155522
2011-04-11,29.7632999420166,30.08477225138299,29.113129678255294,29.579084574654875,4491961
2011-04-18,29.933063507080078,30.04503619081224,29.030050881431446,29.763296692534002,3266640
2011-04-25,29.557415008544922,30.265376698142987,29.474336620152844,29.933068656127297,3759746
2011-05-02,29.68383026123047,30.366507565535855,29.102289927077617,29.7452344565694,6655193
2011-05-09,29.644092559814453,30.095598784227235,29.61880832147835,29.763290864445498,5416177
2011-05-16,28.968650817871094,29.68745102299228,28.470188722047254,29.55741695351189,4753356
2011-05-23,28.372655868530273,28.715799540604596,27.747769961583376,28.715799540604596,3789207
2011-05-30,28.011455535888672,28.939752497150806,27.708041830490437,28.412393402015127,3650802
2011-06-06,27.622140884399414,28.178291372004768,27.384850235986004,27.92987816643568,5450419
2011-06-13,28.05964469909668,28.600964141566443,27.496080143384777,27.64067903691374,6231897
2011-06-20,28.730735778808594,29.138573280319292,27.659219310181502,27.807526684913284,5487948
2011-06-27,29.735523223876953,30.143369337120628,28.53423849333505,28.719622061635352,4916380
2011-07-04,29.757768630981445,30.48076335403686,29.42778613392246,29.876413991398966,4422278
2011-07-11,27.388559341430664,29.77259126745997,27.07340512806774,29.6613600358345,5632703
2011-07-18,28.778940200805664,29.031061914625692,26.91027387991515,27.21430275581034,4642242
2011-07-25,25.490234375,29.327672729708933,25.171374489610848,28.764108065258373,8748740
2011-08-01,21.723241806030273,25.964816405474558,20.92980053473789,25.77201878154151,10350452
2011-08-08,22.531513214111328,22.531513214111328,19.05742644169632,21.274613173493755,12363317
2011-08-15,19.984342575073242,22.817002329317937,19.116747707704125,22.694648536080436,6452707
2011-08-22,19.936147689819336,21.063280044537187,19.37258151246041,19.724810550105275,5630803
2011-08-29,19.761884689331055,21.03732432443745,19.491224896020814,20.206805459382956,5179503
2011-09-05,17.722667694091797,19.454150844883923,17.689298597393233,19.354043554788234,6610711
2011-09-12,18.783056259155273,19.67289762943599,16.717884171779016,17.381557444608823,8031474
2011-09-19,17.952537536621094,19.179776820954356,17.16651188933663,18.690364492044797,5435232
2011-09-26,18.6162109375,20.069618329126026,17.611432695777697,17.611432695777697,5195813
2011-10-03,19.70997428894043,19.70997428894043,16.298917497814493,18.167583576565733,7466459
2011-10-10,20.673967361450195,20.970582093856212,19.305837636401094,19.873110695554452,5391215
2011-10-17,19.691438674926758,21.0150769587199,19.083380926159094,20.88530905417707,5511844
2011-10-24,21.081817626953125,21.8678434864603,19.602456268990704,19.791548282883678,5012776
2011-10-31,20.021419525146484,21.12259805162601,19.05001030717055,20.94463004779283,5836725
2011-11-07,21.311687469482422,21.3450565568073,19.543128669991653,19.910188630565315,6563884
2011-11-14,19.29471778869629,21.445166414463824,19.2502247239685,21.35247465116036,4635373
2011-11-21,18.445659637451172,19.465268964144453,17.919171136744254,19.27988545020022,5177946
2011-11-28,20.514537811279297,20.911258369224562,18.553180135299996,18.660702899623352,4294258
2011-12-05,20.021419525146484,20.874183407233634,19.124163995692033,20.80002971871215,3877584
2011-12-12,18.09714126586914,19.995468275589737,18.09714126586914,19.947268160281347,5166883
2011-12-19,18.29364585876465,18.801596308891902,17.80794052590351,17.885802679426973,4206608
2011-12-26,17.904342651367188,18.3603859905203,17.54840659364244,18.29364780290139,1447574
2012-01-02,18.30476951599121,19.035181083164712,17.822772616655865,17.94512642641886,3592568
2012-01-09,18.649580001831055,19.0203470055031,17.997030697688363,18.308475037347435,5914045
2012-01-16,20.588693618774414,20.755539072403874,18.39004492209874,18.545767816940913,4421762
2012-01-23,20.933509826660156,21.20416963605899,19.91760877925788,20.688803600740375,3659986
2012-01-30,21.560104370117188,21.74548789380052,20.303202891478396,20.76295465253324,3884125
2012-02-06,21.39696502685547,22.157037157791734,21.3413508208049,21.54527240505161,3911835
2012-02-13,24.385337829589844,24.385337829589844,21.211578983948044,21.612008008748404,8008049
2012-02-20,24.385337829589844,24.544773404582585,23.89222554423491,24.474329600596917,4549796
2012-02-27,24.874752044677734,24.945204340243077,23.591905582828964,24.244454907527235,4306985
2012-03-05,24.778362274169922,24.982282451501412,23.317539212978375,24.73757767295801,3893850
2012-03-12,25.100929260253906,25.505066833511673,24.344566934185263,24.704208612410905,4108567
2012-03-19,24.496578216552734,25.349343539936097,23.866275380123664,25.204744620652626,5318187
2012-03-26,24.885887145996094,25.582928230156725,24.3223196066932,24.707917704971944,3948730
2012-04-02,23.469554901123047,25.223282946569977,22.917112767034975,24.897008948136207,4107879
2012-04-09,22.18669891357422,23.721674176379903,22.11625368773806,23.469552485310334,5831328
2012-04-16,21.356182098388672,22.713189481930975,20.7814934380426,22.119962751450657,6286754
2012-04-23,22.331298828125,22.564882461215575,20.340280203418928,21.133721449068155,5075513
2012-04-30,21.55268669128418,22.561171996902132,21.40067227373079,22.405450531568174,2849960
2012-05-07,21.786270141601562,22.37949824042885,20.87418358385274,21.326519814733498,5612044
2012-05-14,20.295787811279297,21.63425559932139,20.169726964711202,21.600886510101482,4488248
2012-05-21,20.43667984008789,21.485951293079,19.88423771573476,20.262420284602715,4399981
2012-05-28,19.880529403686523,20.88160075069983,19.557962456818757,20.610940966044797,4648158
2012-06-04,21.8177433013916,22.210576917054222,19.43762579690659,19.734177815916997,10171103
2012-06-11,21.5943660736084,22.4301038562066,20.612279087480047,22.20287576011578,5197152
2012-06-18,21.794635772705078,22.491725728043587,21.320923244849414,22.006458232763016,3731332
2012-06-25,22.33767318725586,22.38774079714469,20.720117248828846,21.72146210078991,3857386
2012-07-02,21.151464462280273,22.77672318089679,21.151464462280273,22.426252859065983,4183249
2012-07-09,20.234851837158203,21.370992440839508,19.884381495259547,21.18612763993275,6157172
2012-07-16,20.762483596801758,21.336331407893137,20.03458373709837,20.177082286084367,5446413
2012-07-23,22.876861572265625,22.876861572265625,19.741883092130646,20.546809741096077,7051048
2012-07-30,23.67793083190918,23.67793083190918,22.63807345085857,22.992395888986486,5049478
2012-08-06,23.23118019104004,23.781919496922885,23.096384473864433,23.677933599746076,3333716
2012-08-13,23.60860824584961,23.762661744051087,22.965438049558973,23.285097074956933,2299305
2012-08-20,22.718955993652344,24.24793029091677,22.64577991326293,23.66252899361744,3132815
2012-08-27,22.5109806060791,22.94232832045712,22.38388625668856,22.776721333218934,3154458
2012-09-03,24.294143676757812,24.902653353025542,22.43010347876573,22.441656976438694,4037214
2012-09-10,25.407176971435547,25.580485322034868,24.147794240046366,24.324954736175435,3875851
2012-09-17,25.068252563476562,25.56507942888053,24.132388360866475,25.326299298235067,4312146
2012-09-24,25.360960006713867,25.984875357038135,24.80251937700483,24.998937662198305,5621101
2012-10-01,24.956573486328125,25.753797206507503,24.367320085509782,25.42643241040909,3720222
2012-10-08,24.386577606201172,24.983533858470867,23.962932655393477,24.802521203718392,3449041
2012-10-15,24.286439895629883,25.179945117224705,23.847387902286698,24.401979275283175,4606727
2012-10-22,24.039958953857422,24.87184618392026,23.701043566605776,24.41738992416218,4564797
2012-10-29,25.1722469329834,25.23001736466161,23.83968955035008,24.024552874892002,3181200
2012-11-05,24.155498504638672,25.72683900544901,23.64712398241489,25.110624970234245,5156836
2012-11-12,23.543136596679688,24.39427857958757,23.477663345368207,24.259482869774306,4029664
2012-11-19,24.205568313598633,24.236379607692847,23.701045860694435,23.785773981126802,2923362
2012-11-26,25.072114944458008,25.41488249470048,23.94752920796975,24.132392556330974,3817698
2012-12-03,25.149139404296875,25.226164686022972,24.667724047693383,25.041299896223727,3053616
2012-12-10,26.14663314819336,26.2506205207659,25.110626260057813,25.11833055197319,3696128
2012-12-17,25.503463745117188,26.624197314291077,25.441841160996535,26.077310102689708,4433704
2012-12-24,25.557384490966797,25.830828123022332,25.534277488866188,25.642114083104786,694258
2012-12-31,25.37636375427246,26.173587395396744,25.272379339484896,25.526565096924436,2487342
2013-01-07,26.408523559570312,27.001627696079932,25.187654787498463,25.380220951105752,5220536
2013-01-14,26.851421356201172,27.729522429675413,26.331493398309945,27.190336683655428,5532930
2013-01-21,27.956748962402344,27.956748962402344,26.80906212409167,26.816763477942267,3734412
2013-01-28,27.82195281982422,28.457421617763707,27.248106592065323,28.110802006312543,4357842
2013-02-04,27.556215286254883,27.933643268027875,26.959259088255934,27.933643268027875,3326827
2013-02-11,27.556215286254883,27.90668412647266,27.225001296675938,27.44452657457584,2386960
2013-02-18,29.297014236450195,29.385595959199605,27.375204862962594,27.560066723348587,4958102
2013-02-25,28.649991989135742,29.70525368413946,28.384249757908837,29.385596103500987,5578950
2013-03-04,29.840055465698242,30.04417513897851,28.46128096160017,28.62688798793962,4181722
2013-03-11,29.766874313354492,29.932481311507605,29.200729390870002,29.816940452023623,3314645
2013-03-18,28.014516830444336,29.890111797658186,27.914384568944694,29.40484437824016,4534472
2013-03-25,27.344392776489258,28.719314943633204,27.074801346981115,28.29952215506678,3741826
2013-04-01,26.758995056152344,27.62169063569162,26.46629366836482,27.34439489340096,3345005
2013-04-08,26.381563186645508,27.625541838529024,26.239063174409214,26.924601153146824,4764599
2013-04-15,25.946367263793945,26.59338972400289,25.353263097075196,26.33920096469773,5248934
2013-04-22,26.966962814331055,27.305881124656114,25.784600873990577,25.950213760008502,3620549
2013-04-29,29.27775764465332,29.27775764465332,26.90149193779589,27.04399195385282,4544519
2013-05-06,30.282957077026367,30.38309231556677,29.208437416323896,29.381748745143074,2522407
2013-05-13,30.255990982055664,30.46396276589274,29.70525170402214,30.27139662585761,3460600
2013-05-20,29.786128997802734,30.88760754897239,28.992757444649833,30.356126062635898,4612863
2013-05-27,29.0928897857666,30.074969358915066,28.75782367889788,29.990248610891722,4342320
2013-06-03,29.231353759765625,29.8208063922858,28.689371958872552,29.274870700915137,3238558
2013-06-10,30.31532096862793,30.596201184009388,28.721027469000873,29.231360148182734,3633343
2013-06-17,29.872236251831055,31.221252332154922,29.868279343235546,30.485424281710298,5552519
2013-06-24,29.551795959472656,30.66345196152077,29.353992765585325,29.864325368003108,5322406
2013-07-01,30.319271087646484,30.726745154167222,29.413332164084725,29.575532219896584,2869131
2013-07-08,31.604995727539062,31.767195803746866,30.461693448652525,30.64762894352981,3469245
2013-07-15,32.67708969116211,32.764123586487585,31.557516761613943,31.964999946043356,3459805
2013-07-22,33.23093795776367,33.82434756415231,32.087635690913885,32.62961755131428,4154208
2013-07-29,34.00632858276367,34.121054810401645,32.32500124428011,33.31006041630867,3881361
2013-08-05,33.93906784057617,34.43357575930778,33.48016304323957,34.022144808734666,3492438
2013-08-12,33.824344635009766,34.47709574915737,33.685883009157145,33.89555390233927,2475610
2013-08-19,33.62654113769531,33.94302743805079,32.93422999662511,33.88368587945451,2616515
2013-08-26,32.78785705566406,33.66610373882031,32.024330553207804,33.55137752164576,3504188
2013-09-02,34.5206184387207,34.59182771790598,32.70874023808018,32.8709312708263,3884960
2013-09-09,34.33863830566406,35.205014309085506,34.303032158544035,34.587869262554484,3559712
2013-09-16,36.03974533081055,36.091176098612976,34.540396592204964,34.71050747859656,3083521
2013-09-23,34.85688018798828,36.07139171674063,34.492923023921165,35.960622407523445,3059822
2013-09-30,34.72237014770508,35.394908948418454,34.49688063233429,34.686773053054054,3294767
2013-10-07,35.44633102416992,36.08325753706624,33.92324706568457,34.65907517352458,3118634
2013-10-14,38.02568817138672,38.28678682533218,34.4573167609794,35.169409486716674,5527473
2013-10-21,37.119747161865234,39.02261287368382,36.716226966203884,38.55579722704326,7307795
2013-10-28,37.966339111328125,38.53996706951427,36.747870918205834,37.056443365684544,3571079
2013-11-04,38.12458419799805,38.745686033115305,36.399740308455186,37.97820876515043,5512310
2013-11-11,37.73689270019531,38.76942560312528,37.02479396575643,38.381730019069664,3375957
2013-11-18,37.80414581298828,38.44502925390378,36.95754837647861,37.72502574196835,3181656
2013-11-25,37.978206634521484,38.3579883386783,37.744800355000436,38.05337280098805,2204003
2013-12-02,36.81908416748047,38.108761758902126,36.31270850460589,37.97821093443811,2420162
2013-12-09,36.5856819152832,37.3768947307516,36.29293100042899,36.89820228486961,2332720
2013-12-16,37.657772064208984,37.78831987500748,36.0041372844691,36.522380673490545,3291492
2013-12-23,38.66656494140625,38.844589615085624,37.66568132937966,37.78831833565164,870319
2013-12-30,38.852500915527344,39.37865810767088,38.32238983284707,38.89997476610171,1431168
2014-01-06,40.280643463134766,40.54965593543593,38.83667950178641,38.848547210849546,3594650
2014-01-13,40.96108627319336,41.14306485169508,40.09075039808054,40.4784459910536,3131857
2014-01-20,40.41514587402344,42.51977152015414,40.23316429828405,40.9769061626055,4048605
2014-01-27,40.011634826660156,41.095595619744714,39.91669012681564,40.312296564111655,3219360
2014-02-03,41.30130386352539,41.688996399315386,39.75052768389151,40.0432755400525,3224630
2014-02-10,42.80460739135742,42.96285054065604,41.245920369094186,41.41207431765107,2186606
2014-02-17,44.355384826660156,44.74307735750789,42.369439269382944,42.8758149119317,3722028
2014-02-24,44.885494232177734,45.787476189548535,44.05472153555919,44.35538319409506,3375661
2014-03-03,44.43450927734375,45.2890205222144,43.58000105071031,44.51362934746709,2781403
2014-03-10,42.44856643676758,44.869675588081535,42.045046232723784,44.33956447944962,2599615
2014-03-17,42.73340606689453,44.35539487584832,42.511867427646735,42.55934128673023,3007022
2014-03-24,43.65911865234375,45.02000551282842,42.05295777740222,42.73339818940752,3798575
2014-03-31,42.74922561645508,43.920220170827605,41.86306814632615,43.880660135402046,3948433
2014-04-07,40.50217819213867,42.45647458322161,40.32019962808953,42.29823143501979,3520155
2014-04-14,40.85823059082031,41.66526805012757,39.84547912105628,40.43888875129066,3289926
2014-04-21,41.73646926879883,42.16372484445817,40.85822270268914,40.85822270268914,2597753
2014-04-28,40.336029052734375,42.0371378167591,40.13031504831707,41.81559617557428,4390228
2014-05-05,40.05118942260742,40.771192919887014,39.37865977791579,40.50218045836293,4157348
2014-05-12,39.45551681518555,41.99098836131066,38.650798208833976,41.00429924954058,4083230
2014-05-19,42.435813903808594,42.662266654239396,39.196715827629525,39.46765080906457,3740798
2014-05-26,43.139442443847656,43.83497950282412,42.50860794160747,42.61374496852236,3179430
2014-06-02,44.02907943725586,44.17465709954894,42.84828558548986,43.503385065808715,2718881
2014-06-09,43.32545471191406,44.03716736153624,42.84828418668371,43.99672980892774,2317837
2014-06-16,43.932029724121094,44.223185055555554,42.86446223231984,43.309281506372415,2368697
2014-06-23,42.44390869140625,44.06952507638806,41.96673809645984,44.06952507638806,2217172
2014-06-30,44.28788375854492,45.08047462934836,41.97482295653352,42.484341692523074,2968053
2014-07-07,41.42486572265625,44.546693195564494,40.92343015231781,44.30406168757399,3015859
2014-07-14,40.72932434082031,42.41963992968904,40.32494265051858,41.796891756401884,3624008
2014-07-21,42.055694580078125,42.84828230001865,40.43008158936908,40.72932316772102,2989226
2014-07-28,43.60043716430664,44.676094026251455,42.063785385867675,42.500518386289826,3753582
2014-08-04,41.74835968017578,44.23126270477047,41.4652937660443,43.8107054286415,3422782
2014-08-11,41.918209075927734,42.743145040239895,41.255020240489166,41.81306896863792,2629561
2014-08-18,43.37398147583008,44.23935805644033,42.12848511460482,42.185098305098016,2319369
2014-08-25,43.76219177246094,44.67609535568293,43.479122707384285,43.826891245640766,2121043
2014-09-01,45.16134262084961,45.19369389316948,43.47102720697554,43.92393576389233,2189582
2014-09-08,46.35831069946289,46.39066197092402,44.3121405999453,45.09663887916203,2434946
2014-09-15,46.8597526550293,47.68469173496896,45.743661327923604,46.09951613125166,4456860
2014-09-22,45.35545349121094,47.03767977887966,44.29597231396851,46.75461381959498,4229540
2014-09-29,44.13421630859375,46.13994907118075,43.689397077629124,45.45250144925245,3818792
2014-10-06,42.096126556396484,44.66799393887945,41.78070938244448,44.38492803538071,3912854
2014-10-13,41.352073669433594,42.37920356171923,39.144149948921964,41.73219037100974,5431793
2014-10-20,41.41677474975586,42.39537776527925,39.71837277099316,41.077095588078386,5971490
2014-10-27,42.4277229309082,42.848280226580606,40.85872320432007,41.716013432250804,3326730
2014-11-03,44.053340911865234,44.457722589161044,41.36015746018522,42.38728729073906,4979938
2014-11-10,44.49816131591797,44.83784045293407,43.66513602593211,44.05334207617369,2894772
2014-11-17,46.30978775024414,46.60903240905471,44.14230482527894,44.287879388921816,3070578
2014-11-24,47.660430908203125,48.02437508196263,46.228919214874246,46.32596996614753,3331531
2014-12-01,49.86834716796875,49.900698441849556,47.23986632630523,47.24795260218179,3361065
2014-12-08,45.77600860595703,49.73895062123628,45.75174669047501,49.73086434447148,3782015
2014-12-15,48.49345397949219,49.05150271446517,44.31214857409012,45.71130892210463,4012284
2014-12-22,48.84122085571289,49.059587342251376,48.45301479692919,48.52580362577535,892065
2014-12-29,48.62284851074219,49.21324534683134,47.80599893894408,48.80077742319187,1238622
2015-01-05,47.92732238769531,49.32648592073617,46.12378020051409,48.26700465302867,3279846
2015-01-12,49.18898010253906,49.29412018778923,46.57667520264618,48.18611541075675,3313072
2015-01-19,51.67998123168945,52.31081568102007,48.64711855577311,49.011059608733106,4021421
2015-01-26,52.22185134887695,52.87694771402727,50.80651542983621,51.52631434646123,3152837
2015-02-02,52.876953125,53.297513582247184,51.27560491956994,52.29464861326443,2729819
2015-02-09,53.0953254699707,53.64528490155968,51.89026957221541,52.40787772307846,2571698
2015-02-16,55.028255462646484,56.56490696086277,52.22993519576016,53.01443658102909,4647850
2015-02-23,58.44932556152344,58.55446874781172,55.32750465535354,55.32750465535354,4632871
2015-03-02,59.0882568359375,59.55734112698457,58.21479698237209,58.57873807382638,3925115
2015-03-09,61.182952880859375,61.62776905180987,58.31184032221251,58.93459160006836,2783505
2015-03-16,61.48219680786133,62.177733891725936,60.632998859218944,61.44176233623587,2962755
2015-03-23,61.975547790527344,62.509334688205435,58.198623543172815,61.619696029118074,4390138
2015-03-30,62.19390869140625,63.29382744435968,61.12634121593677,62.38801018593472,2347747
2015-04-06,64.29669189453125,65.00840148284632,62.06450312746888,62.1939082364581,2593752
2015-04-13,62.347572326660156,64.73342824189493,62.145381461150876,64.24817139874777,3317675
2015-04-20,63.382789611816406,65.15397725448574,62.25051962252034,62.671073873780294,3910025
2015-04-27,64.29669189453125,69.36763582332352,62.4446229221557,65.67158724047806,6007425
2015-05-04,65.27529907226562,66.20537829896394,61.65204217380477,64.6606371059573,4093436
2015-05-11,65.38851928710938,66.20537204420704,63.31808696930741,65.23485843783112,3238989
2015-05-18,67.61328887939453,69.78059145407772,65.01908976717048,65.38852018581204,3596651
2015-05-25,64.8713150024414,68.71335229560825,64.8713150024414,67.93345411921185,5424912
2015-06-01,63.771240234375,66.02063597749627,63.2622502248111,65.37208631256901,3804397
2015-06-08,64.14888763427734,65.42135976604922,62.25249942108117,63.861557035813874,5596970
2015-06-15,64.95342254638672,65.44599020391829,62.41668940192592,63.53317943277751,4726704
2015-06-22,67.93346405029297,68.47529287268534,65.68406771946195,66.0042370187528,3862751
2015-06-29,66.2669448852539,68.09765600686475,64.07501452314375,64.8959627873053,4397504
2015-07-06,69.56714630126953,69.69850101511548,64.87132175801419,65.01909267942213,3906853
2015-07-13,72.23522186279297,72.8427279688978,69.98582581326234,70.05970813616493,3528821
2015-07-20,74.00846099853516,74.54207843350756,72.34193761593112,72.79345524295702,3661390
2015-07-27,71.46353912353516,74.0495207911804,70.1336008627431,73.6965128353531,4086988
2015-08-03,70.33883666992188,72.65391016708534,70.1664383126513,71.47995407995376,3468705
2015-08-10,70.24853515625,71.7837104998757,67.87599542913418,70.60154312239548,3622852
2015-08-17,65.66764068603516,71.53742120416521,65.66764068603516,70.45376989799792,2879866
2015-08-24,65.77436065673828,66.33260558666912,60.241166236638456,63.62347449014135,5648013
2015-08-31,62.91746520996094,65.93855462824733,62.76969429361345,65.46240320186794,3280843
2015-09-07,64.0339584350586,65.95497418170831,62.69581514820442,63.418247296259956,2376510
2015-09-14,65.66764068603516,67.03862885502782,63.81230237886244,64.2309814252576,3113133
2015-09-21,65.40493774414062,66.95652924981991,62.991354437160254,65.68406337266002,3200885
2015-09-28,64.3541259765625,66.20947057810208,63.213008531413074,65.20791281741843,2879451
2015-10-05,62.59729766845703,66.7430884128177,62.53162031196455,65.54449857851094,3919792
2015-10-12,64.01753234863281,64.32127912169936,60.38893717044081,62.71222167886761,4830177
2015-10-19,67.68717193603516,67.79389920324145,63.78766825384586,63.869768078877556,3237335
2015-10-26,66.52141571044922,68.44243729525576,65.65942406491877,67.67895540159381,3384835
2015-11-02,67.48192596435547,67.98270476671814,65.79898625078964,65.79898625078964,2851689
2015-11-09,66.66099548339844,67.89241786003761,65.47062302464914,67.59687598857715,2858686
2015-11-16,68.7461929321289,69.67386830435011,65.68405999132595,66.00422925294691,3230560
2015-11-23,69.829833984375,70.2813578839459,66.91547237957768,68.80364899747394,2154809
2015-11-30,70.92991638183594,72.95765917064861,69.91194250177202,69.95298614835852,4108200
2015-12-07,69.09099578857422,72.19417863525936,68.96785231968384,71.32396938154781,3154649
2015-12-14,70.17465209960938,71.86580332005018,68.5737994153049,69.52610229581474,3136060
2015-12-21,68.98428344726562,70.43736542046685,68.1551239249495,70.18286719282227,1440690
2015-12-28,70.6097412109375,70.97095408198352,68.5163212469834,68.91858402451336,923400
2016-01-04,65.55269622802734,69.87088444072769,65.55269622802734,69.36189442840595,3156402
2016-01-11,64.56757354736328,68.86112888415704,64.19814312016045,65.70047974477646,3858016
2016-01-18,68.1715316772461,68.44244605623531,63.72199443265074,64.42801030698426,3019023
2016-01-25,69.02532196044922,70.10076203276304,66.50501139029109,68.75440756772767,3310290
2016-02-01,64.93699645996094,69.91194643506728,64.73175942547097,68.76261778925596,2784500
2016-02-08,56.81781768798828,65.35567924656122,55.57818429368494,65.31462933590957,6408598
2016-02-15,62.211448669433594,63.61526922871173,57.573090453921644,58.67316421177941,5513912
2016-02-22,62.548038482666016,63.820504294706026,60.323269856966824,62.96671750901274,3713878
2016-02-29,63.50033187866211,65.25716024509414,61.98157920381866,62.53982414122096,3646990
2016-03-07,64.20635223388672,64.57578264888261,61.447966027267555,63.21300575223773,3585155
2016-03-14,64.97804260253906,65.3146280626405,62.91746114206844,64.73175567010435,3329255
2016-03-21,66.17662811279297,66.81696664095486,64.18172394095326,64.54294311615723,2934485
2016-03-28,67.7692642211914,69.53429752292786,66.17662299549714,66.17662299549714,2853566
2016-04-04,65.83183288574219,68.43423696795432,65.26537666887648,67.64612751072308,3093865
2016-04-11,65.92213439941406,67.54760811673091,64.73996714075679,65.51166035275105,2567565
2016-04-18,64.8713150024414,67.18638835452035,64.56756821914485,65.26537283960533,3091245
2016-04-25,66.93190002441406,68.65588984442847,64.00111545138842,64.7399700209195,3474047
2016-05-02,64.76459503173828,67.25206676967788,64.59219668254154,67.15355700632942,2153773
2016-05-09,66.90727233886719,67.6297044357002,65.06013905343835,65.15865508346259,2283780
2016-05-16,67.09609985351562,67.1043048259995,65.58555189255857,66.34082274136821,2341140
2016-05-23,70.6343765258789,70.65079273230123,67.26849050896773,67.32595662645144,2704469
2016-05-30,72.85291290283203,74.00388459475265,70.55097588216911,71.00135527946262,3515240
2016-06-06,71.51844787597656,73.89544457939397,71.45172359860902,72.62771512529713,2735091
2016-06-13,68.82452392578125,71.03471661653113,67.92377150460298,70.65940363797169,3382170
2016-06-20,66.80614471435547,74.23739322116572,61.25981546652054,70.05887968673191,4356329
2016-06-27,64.92958068847656,66.51424741681045,61.61012713939341,66.10557231782016,5404998
2016-07-04,62.87785720825195,65.38830270567452,60.36741171082939,65.1964719807538,3131624
2016-07-11,65.65519714355469,66.9229267892679,63.386622275583186,63.653513062216405,3347218
2016-07-18,68.43252563476562,69.09974934241176,65.60514950429044,65.85535600846616,2510421
2016-07-25,71.68524932861328,72.3358014620663,68.12392547917925,68.61600268786289,4101557
2016-08-01,71.37667083740234,72.69444681549025,69.18315612830182,71.72696378453621,2054113
2016-08-08,71.55181884765625,72.61938196461729,70.92629298726393,71.48509456205166,1624699
2016-08-15,70.3091049194336,72.2440645404469,69.75029701591332,71.55181443712108,1375015
2016-08-22,73.29495239257812,73.63690960507589,70.15898713326905,70.27575145871256,2082629
2016-08-29,74.34583282470703,74.56268357057434,72.21070659825374,72.92797675804877,1930380
2016-09-05,72.51095581054688,74.66275981669617,72.11895860801313,74.62940403889469,1946239
2016-09-12,71.13480377197266,72.33581549668875,70.21736708811599,71.37667454226566,2410589
2016-09-19,73.09478759765625,73.59520705601123,71.68526716914857,71.68526716914857,1944143
2016-09-26,72.71111297607422,73.97884235494982,71.46840360893255,72.8362193979208,2932793
2016-10-03,70.15898132324219,74.89629732794273,70.15898132324219,72.72780263344774,3353851
2016-10-10,67.64852142333984,70.76780787022182,67.43167072736468,70.2423685609654,4353020
2016-10-17,69.55846405029297,70.04220548646073,66.40581531660817,67.56512252051498,4130276
2016-10-24,63.002967834472656,70.22570340348486,62.552588434165266,69.84204829133672,6596152
2016-10-31,61.86033630371094,63.461680989778294,61.58510339614925,63.06969012640098,4921509
2016-11-07,60.40911865234375,62.84449784755602,59.29985124820878,62.569264937385114,5599044
2016-11-14,63.87868881225586,64.68770316253008,59.3081840660795,60.79276421421366,5148234
2016-11-21,63.01963806152344,64.34575608392008,62.45249440749312,64.10388534113886,2427644
2016-11-28,60.59260177612305,63.56176226973987,59.591756656025346,62.98627648476313,3527407
2016-12-05,64.05384826660156,64.31239690972855,60.584261902370784,60.942896970181394,4043286
2016-12-12,65.5634536743164,65.80532444703056,63.086370148882736,64.27069763195618,4471494
2016-12-19,67.02301025390625,67.17313671244125,65.47170563677057,65.47170563677057,3068644
2016-12-26,66.84786224365234,67.39832167018191,66.53092508115007,67.0230087140562,1106445
2017-01-02,66.85620880126953,68.17397847972724,66.23068292414618,66.72276022649098,2833369
2017-01-09,67.20650482177734,68.04053936253949,66.32242388160803,67.18148480366304,2723082
2017-01-16,64.11222076416016,67.02299877266476,63.83698791013121,66.75610804356373,3164714
2017-01-23,63.036312103271484,64.7043806551664,61.760240679180114,64.20396136223324,3379600
2017-01-30,64.34575653076172,65.03800662388993,62.452494841187224,62.97794059622129,3275705
2017-02-06,64.53759002685547,64.77946080558426,63.169773898524596,64.48754999097314,2251954
2017-02-13,68.40748596191406,68.7244230473858,64.31238112860524,64.7377403751626,3904746
2017-02-20,67.51508331298828,69.541787194885,67.05636820288937,68.72443703200017,3099107
2017-02-27,70.07557678222656,70.33413180747904,66.89790733299355,67.87372618325243,3406361
2017-03-06,69.0997543334961,70.10059951202278,69.04137217532039,69.93378880067934,2414944
2017-03-13,70.3257827758789,70.97632861217888,68.42418529648586,69.01634897730192,2673933
2017-03-20,70.6093521118164,70.90959862788824,68.84119697436955,70.35913925804981,2514293
2017-03-27,72.19402313232422,72.36083384757062,69.76698608488694,70.3174455372547,2470477
2017-04-03,73.44507598876953,73.52848452926101,70.82620816942885,72.5610014555284,3021425
2017-04-10,72.10226440429688,73.62020661186595,71.7603136420173,72.97800298539234,1967049
2017-04-17,72.72779846191406,74.12064077134646,70.75947673294063,72.10227265049905,3363992
2017-04-24,76.64775848388672,78.22408290551007,74.55433047150896,74.97968977417504,4557559
2017-05-01,80.25079345703125,80.25079345703125,76.64776499262106,76.64776499262106,3110590
2017-05-08,80.35922241210938,81.17657901793841,79.1832370816731,81.02645255414035,2690484
2017-05-15,78.14901733398438,80.576060386694,76.48929073189899,80.4342760720265,3032748
2017-05-22,78.59001922607422,79.33631902132392,77.69955670248183,78.3440801090223,2056490
2017-05-29,79.5992202758789,80.00628702848287,77.30945199940578,78.85292691596537,2715884
2017-06-05,78.81051635742188,79.89603625844396,77.65714984503367,79.70098533852757,1750555
2017-06-12,78.02182006835938,79.25150920961397,76.0458311159518,78.03877848669957,3478904
2017-06-19,79.40416717529297,80.14198460089416,77.50450712974532,78.54762787144288,2930594
2017-06-26,76.73275756835938,80.64232278360544,75.74900119699949,80.0486811596527,3154704
2017-07-03,76.89389038085938,77.3857685998786,75.59635469326743,77.17375279549537,2573451
2017-07-10,79.00557708740234,79.65858295633156,77.03806409586463,77.17375732433312,2047576
2017-07-17,78.53913879394531,80.45576356753567,78.00486127100069,79.20910954378904,2301550
2017-07-24,78.46280670166016,82.67768196361541,78.0302991156174,78.76810998016619,2910352
2017-07-31,78.10662841796875,79.72643242214856,77.13135433164875,78.99709746856732,2178767
2017-08-07,75.59635162353516,78.28471036109849,74.73980599695007,78.28471036109849,2310444
2017-08-14,78.15750885009766,79.24302872798087,75.90165759682692,75.90165759682692,2367433
2017-08-21,78.45433044433594,79.91300022076713,77.69955469470497,78.02181638964787,1943301
2017-08-28,79.25150299072266,79.76034608392851,76.3596108600602,78.35255807442076,2144229
2017-09-04,80.59146118164062,80.90524695846169,77.84373766884745,78.86989357223301,2322114
2017-09-11,84.55189514160156,85.06073821784669,80.95610912603964,80.99003242913653,3979773
2017-09-18,83.95826721191406,86.75687870706169,83.40702476951111,85.2727679230127,2960248
2017-09-25,84.09394836425781,84.72999575175194,82.7879302855115,83.95825514922561,2326156
2017-10-02,84.46708679199219,85.99360302018452,84.08546097004822,84.21267173409896,2216842
2017-10-09,85.44236755371094,85.82399340631399,84.16179030774873,84.97593020478831,1749111
2017-10-16,84.24659729003906,85.99361192548902,84.01762306720228,85.5695803148803,2242905
2017-10-23,87.43531036376953,87.81694266729144,84.05154017237584,84.35684342711,3174574
2017-10-30,87.94415283203125,89.7250907601968,87.47772194577601,87.60493272210338,2179632
2017-11-06,84.9759292602539,89.25865096843822,84.67910843706093,88.02896192797789,2832980
2017-11-13,84.59429168701172,86.33282357793567,83.8140752112696,85.27274473474003,2489970
2017-11-20,85.9511947631836,86.33282704418114,83.58509791374769,84.46708432312296,2095415
2017-11-27,81.97380065917969,86.37524473142732,80.90523910287607,85.95121308672692,3431360
2017-12-04,83.0762710571289,83.40701519054412,80.52359899007031,82.88122014265778,3072253
2017-12-11,82.30453491210938,84.33988138537741,81.75329254634568,83.01690488371146,3315063
2017-12-18,84.39924621582031,84.41621110301634,82.24517139695034,82.92361806999162,2386193
2017-12-25,83.86497497558594,84.49253997417077,83.04235258097937,84.3992524982746,900243
2018-01-01,86.92647552490234,86.9688812717784,82.87273457955978,83.86496694245739,1881378
2018-01-08,90.19153594970703,90.9547942585057,86.62967246892643,87.13850918472225,2581673
2018-01-15,91.97245025634766,92.01485600387991,89.4282606894201,90.31872962592821,2271575
2018-01-22,90.27631378173828,92.26926722910312,89.47065643040078,92.26926722910312,2220678
2018-01-29,89.34345245361328,92.31167350835265,89.25864743180527,90.57314791555893,2331534
2018-02-05,83.19499969482422,89.13144217109397,82.58439314774591,89.13144217109397,3894096
2018-02-12,88.70741271972656,89.55547595121574,83.46638169031506,83.95825991742895,2917595
2018-02-19,86.20563507080078,89.72509903256082,85.82400270663338,89.59788824450501,3159941
2018-02-26,84.21267700195312,87.90175056894194,83.72079880096564,86.92647661048984,2520007
2018-03-05,89.64027404785156,89.80989056315723,84.09394663663016,84.4162083103982,2413163
2018-03-12,89.08904266357422,90.31873172812718,88.32578448168913,90.19152095277819,2577786
2018-03-19,87.47771453857422,89.68267741744371,85.82398752676588,89.04663005987318,2739759
2018-03-26,85.8239974975586,88.41059297359882,84.77240088919542,87.43531895131107,2471441
2018-04-02,86.92647552490234,87.22329634240907,83.27980128065228,85.8239908082104,2120234
2018-04-09,88.79220581054688,89.17383809553118,86.96887528416269,87.13848531957254,2134204
2018-04-16,89.04664611816406,89.68269359043666,88.62261446998232,88.79222454117122,1922389
2018-04-23,96.55199432373047,96.55199432373047,88.28337809822955,88.91942550019115,2844638
2018-04-30,97.2304458618164,99.18098731336659,95.91594533147345,96.76400852002796,2504918
2018-05-07,98.24812316894531,98.502544724132,96.46719169326528,96.93362905437122,1513157
2018-05-14,97.78168487548828,99.05377961469996,97.4424583176568,98.29052147713126,1999701
2018-05-21,98.37532806396484,99.01137544368875,96.50959167152479,97.86649145422741,1906727
2018-05-28,97.65447998046875,99.05378557179758,95.32230615165699,98.84176976917833,2637223
2018-06-04,97.43928527832031,99.72032999236002,96.75067234296266,98.21398057686467,1852780
2018-06-11,101.44186401367188,102.30263503893369,97.61143557812152,97.61143557812152,3030924
2018-06-18,97.61144256591797,101.57098825214543,96.06205198266443,101.31275429921577,2978044
2018-06-25,99.16082763671875,100.66717705478534,96.36332157459508,97.52536780797628,2915109
2018-07-02,97.69751739501953,99.46210073254333,95.93293405749573,98.68740544857772,2549041
2018-07-09,100.06464385986328,101.09756658897103,97.82664023535476,97.95575721828386,2369404
2018-07-16,99.7203369140625,103.12038691390788,98.85956575974662,100.23679829321948,2198942
2018-07-23,97.26712799072266,101.05452189848405,96.49243273754115,99.8494411232197,3164159
2018-07-30,94.29747772216797,96.79370868730048,91.93035716979843,96.75067407210028,3838484
2018-08-06,94.72785949707031,94.77089411055321,92.83415919044452,94.5987425222973,2708035
2018-08-13,95.58863830566406,96.10509967937497,94.0822888014957,94.5987501752066,2261253
2018-08-20,96.4063491821289,97.95573956370623,94.98607576020991,95.717729775392,1828479
2018-08-27,95.11520385742188,97.5253654960585,95.02912806329103,96.70762903391008,1303853
2018-09-03,90.55311584472656,95.71774237352456,89.95057870989835,94.85697128539155,2326834
2018-09-10,93.13542175292969,93.78100001803917,90.03664739383652,90.33791593745526,2080569
2018-09-17,94.90001678466797,95.07216838326266,92.05946943771765,93.17847453007082,2716915
2018-09-24,93.30758666992188,96.19116848328132,92.40377440630134,94.68481908868854,2417870
2018-10-01,96.14812469482422,98.1709419378642,93.39365993198979,93.82404546163029,2498739
2018-10-08,89.00374603271484,96.19118445241571,86.29231535887853,95.88991583691462,3976336
2018-10-15,89.43411254882812,94.38354603875618,87.06699218407992,88.91765123722453,3448450
2018-10-22,88.40118408203125,90.98349722834759,82.11755936629199,89.99361577598921,5762036
2018-10-29,95.50254821777344,96.10509191103374,87.11003023007426,88.31511104943273,3711643
2018-11-05,94.34050750732422,95.41647133967773,90.68223047732225,95.41647133967773,2825039
2018-11-12,88.48727416992188,94.90001641655662,87.62650304596218,94.6417824525037,3036934
2018-11-19,86.98092651367188,90.20881829571567,84.18342030256726,89.00373738365346,2481097
2018-11-26,88.70246887207031,91.54300970236154,86.93788540286978,87.36827097417111,2624422
2018-12-03,83.04720306396484,92.4037812189396,81.60110727585322,91.41389308750773,3734329
2018-12-10,81.10184478759766,85.33683653758067,80.32714957304916,82.53072123473237,3171294
2018-12-17,74.02631378173828,80.77475597890538,73.50985244087953,80.43045279644105,4432695
2018-12-24,73.95745086669922,74.26732898610635,72.20147704577954,73.37212625972599,1192538
2018-12-31,71.15133666992188,74.93872395766122,68.68953099259421,74.07795292550922,2424952
2019-01-07,77.55547332763672,78.67447836330726,71.27184835694841,71.85717295654862,3915835
2019-01-14,82.96111297607422,83.02997623747243,75.45519479704521,76.93571551413432,4095117
2019-01-21,83.80467224121094,84.66544331470969,81.53223713254722,82.70288631787848,2921748
2019-01-28,82.100341796875,84.61379829714731,81.5838804714247,83.30542260103371,3119943
2019-02-04,81.65274810791016,85.2507716142716,80.99856022480014,82.53073175150426,3115574
2019-02-11,88.2720718383789,89.08980169080174,82.32414086311283,82.32414086311283,3439998
2019-02-18,88.53030395507812,89.21892344353567,86.98091995679185,87.84169103378272,2155535
2019-02-25,92.1885757446289,92.6620024366844,88.65941584482083,88.96068439105534,2714725
2019-03-04,90.467041015625,93.04935430760571,89.6062699182981,92.10250741397857,2159768
2019-03-11,92.87720489501953,93.04935649166073,90.07969876304402,90.55311893738856,1866526
2019-03-18,89.30500030517578,93.26454599322582,89.30500030517578,93.04935322140612,1992728
2019-03-25,93.04935455322266,93.60885708139449,87.15307383440177,88.35815468727287,3027560
2019-04-01,93.73796844482422,94.98608383761525,93.13542477090012,93.65189265345275,1926736
2019-04-08,95.88990020751953,96.57851313540236,92.83416022810519,93.26454577071779,1864940
2019-04-15,95.84685516357422,97.13801173937584,95.41646963830702,95.67470358033212,1558948
2019-04-22,93.178466796875,99.24690536755475,91.24173192118937,95.84685575660946,2678900
2019-04-29,92.3607406616211,95.07216434367398,91.11261863977299,93.22151175234575,2500242
2019-05-06,89.86450958251953,91.19870092782615,87.88473330604812,90.81135653629,2521861
2019-05-13,91.4569320678711,92.57593715768418,89.1328526563055,90.03665839761989,2915427
2019-05-20,89.00374603271484,92.27467274941176,88.35816761357111,91.06959828740743,2180951
2019-05-27,86.16317749023438,89.73537852429826,84.82037680517547,89.73537852429826,2430874
2019-06-03,87.03915405273438,87.52971075032077,84.21843967494507,86.79387570394118,2425258
2019-06-10,85.11196899414062,89.00139557432362,84.7966091790806,87.45963722106734,2186288
2019-06-17,90.40299987792969,90.5782035052781,84.88421594148727,85.18205208297707,3498213
2019-06-24,95.7903823852539,99.51337397938434,90.00879677574177,90.27159885572009,4801096
2019-07-01,100.73977661132812,100.91497354949216,95.79038624984373,98.28697937702273,2314215
2019-07-08,99.16297912597656,101.44057946096787,98.59358572556363,100.38937776404843,1758972
2019-07-15,98.94396209716797,100.56456359102775,96.75396730366417,99.81996001456949,1959378
2019-07-22,99.99517822265625,101.1339716717162,97.9365841525595,98.63737857890376,2346018
2019-07-29,98.11177062988281,103.36775834219796,97.98036960040812,99.86376653398786,3226743
2019-08-05,95.70276641845703,98.1117605388301,94.08217171050909,97.23576267687625,2452434
2019-08-12,92.24259185791016,97.54237573553242,89.74599221707325,95.92178077598403,2198415
2019-08-19,92.94338989257812,95.92178453913603,92.15499032682241,92.76819295944779,1991674
2019-08-26,95.61518096923828,96.35977791647144,91.89218954973825,92.76818753079708,1583139
2019-09-02,99.51337432861328,100.03897180707989,93.86318973926174,95.52758732385146,2093987
2019-09-09,94.60778045654297,100.170366211534,94.60778045654297,99.5571703078345,1938297
2019-09-16,93.29378509521484,96.4035806050557,92.94338456570212,94.25738153887417,2466621
2019-09-23,96.31597900390625,96.49118261677594,90.84099141424959,93.29378852774956,2363097
2019-09-30,92.7243881225586,97.14818075119787,91.36659521558428,96.22838016636494,2022185
2019-10-07,96.44738006591797,96.6663795695569,90.14019703445057,92.98719058175665,2514437
2019-10-14,95.4837875366211,97.2795862140841,94.2135930363027,96.22838454312964,2229812
2019-10-21,88.91380310058594,95.79038653573768,86.02300682890784,95.65898549005509,3577477
2019-10-28,89.65840148925781,90.84099755185804,87.45964445336057,88.6948049450404,2823398
2019-11-04,92.41777801513672,92.54917903618515,89.48318640061188,90.14018482252044,2234718
2019-11-11,93.33759307861328,94.0383874949309,91.58559701281733,92.37398989575783,1858502
2019-11-18,94.60778045654297,95.48377842373318,93.1623824740123,93.55658556924836,1845625
2019-11-25,94.03838348388672,97.410974430025,93.9507850210002,94.60778351765056,2485574
2019-12-02,93.42518615722656,94.56397952431678,90.40298910802368,94.03838207155712,2342949
2019-12-09,91.93599700927734,93.42519777449932,89.83360693680991,93.20619825167272,2599610
2019-12-16,97.41097259521484,97.9803726182536,91.80459087606646,92.46158936034173,2942488
2019-12-23,97.36717224121094,98.54976812200826,96.88537070150312,97.23577121371481,525041
2019-12-30,97.36717224121094,97.80517121064209,95.39617687877077,97.01677172899923,977806
2020-01-06,96.57878875732422,97.54238531302055,94.91439106112057,96.75398570078356,2251604
2020-01-13,101.96617126464844,102.62316978222563,96.71018312403083,96.71018312403083,2776719
2020-01-20,104.28756713867188,105.90816214186952,100.87117351796617,102.09757208480085,2143862
2020-01-27,98.41836547851562,104.15615455718464,98.41836547851562,103.54295200004928,3492272
2020-02-03,101.79097747802734,103.7181773256618,98.68118820457464,98.81258925744395,2086484
2020-02-10,100.69598388671875,103.0173803028477,97.67379296603656,101.52818613275352,2928300
2020-02-17,99.29438018798828,101.61577641693879,98.24318517425047,100.73977834437896,2614017
2020-02-24,86.91653442382812,97.98038825918266,84.98933455230825,97.98038825918266,5170143
2020-03-02,79.78590393066406,88.21300088721769,78.41934242914976,87.5998049260691,5014481
2020-03-09,61.1446647644043,76.22934512759862,60.40882294871935,75.2832723407673,8815749
2020-03-16,57.903472900390625,58.60427405163156,45.35918041319051,56.88731858275987,7247939
2020-03-23,68.32784271240234,69.37903761925946,52.48979756686066,55.88867067847772,4982056
2020-03-30,59.147377014160156,70.07983406970025,59.147377014160156,68.03000213116174,3123648
2020-04-06,70.95584106445312,71.69167620823201,59.81314495388695,60.77674145883605,2751621
2020-04-13,70.34264373779297,73.49623527574691,67.46936461580411,70.95583967896877,2391470
2020-04-20,68.32784271240234,71.91943310805408,67.45184472891,70.65800055649238,1853617
2020-04-27,75.10807037353516,78.55950480337071,67.55697151638405,69.64184445377974,2306931
2020-05-04,77.92877960205078,79.45301421793673,71.39383546459248,72.69031541737729,2226832
2020-05-11,71.42887878417969,78.64710054018428,70.81567616506048,78.06894532692071,2133374
2020-05-18,75.68622589111328,76.70238006026054,72.72534847727448,72.72534847727448,2247602
2020-05-25,80.67941284179688,81.81821289224243,76.05414456409139,76.21182446825563,2909471
2020-06-01,86.89161682128906,86.89161682128906,81.50532756982275,83.19409803769234,3035433
2020-06-08,85.46949768066406,88.56260786614985,79.78101083852083,86.14500044964873,2887577
2020-06-15,88.52704620361328,90.21581653940923,82.62524357545256,83.21187184438061,3653930
2020-06-22,91.86014556884766,93.59335995691059,85.54059355429168,87.90487345001145,2923185
2020-06-29,89.63809204101562,91.86015682528078,89.06035384086597,91.28241862513113,2322401
2020-07-06,92.66009521484375,94.17109645310816,90.08249888380172,91.14909397657934,1878804
2020-07-13,95.01548767089844,96.03763878637068,91.72682785508354,93.32671714723169,2148729
2020-07-20,92.4378890991211,97.59308178059179,91.46018201296717,95.01548543985643,1723231
2020-07-27,97.32642364501953,100.21510745183518,91.10464313803197,92.83785070964034,2775129
2020-08-03,98.92631530761719,100.8372853730372,95.01548038966415,97.45975136573445,2176264
2020-08-10,98.97074890136719,101.72610745351092,98.08192312446906,99.10407412414241,1335151
2020-08-17,101.3261489868164,101.3261489868164,98.4819089207204,98.74855261249009,1217852
2020-08-24,104.48148345947266,105.5036277823539,101.85944308106443,102.21497478438118,1397321
2020-08-31,103.99263000488281,108.12567178439448,103.0149228738981,104.88145590236044,2379988
2020-09-07,103.63709259033203,105.41474428752882,100.74840858238726,103.7704178238624,2233498
2020-09-14,104.7925796508789,107.32573222288005,103.45934074127791,104.34816668101192,1988009
2020-09-21,98.17081451416016,104.21483313557003,96.52648801282464,104.08150789898536,2399201
2020-09-28,96.08206939697266,100.25955480279057,95.14880635847074,99.10407852898497,2035680
2020-10-05,100.34843444824219,100.61507812024333,94.08220982877606,96.3931555587995,2084991
2020-10-12,97.05977630615234,101.54834938533767,96.0376320436473,100.5706423448704,1806673
2020-10-19,94.03778076171875,99.59294250848372,91.99347852642792,97.68196551135591,1756578
2020-10-26,88.11819458007812,95.10436633160639,85.27395456114684,89.3269982834247,3588900
2020-11-02,98.1263656616211,98.88186620447094,87.5315641865722,88.52704470187463,2390387
2020-11-09,101.81501007080078,104.43704377653886,98.88188187353148,99.54850130189236,2542141
2020-11-16,104.88145446777344,105.01477970681212,101.0595004484156,102.17053280506575,2151972
2020-11-23,106.43689727783203,106.92575421580648,102.97047504991252,105.37030895287366,2101213
2020-11-30,104.4370346069336,105.94803579940381,100.65952484455515,105.32586043337558,2408212
2020-12-07,101.41502380371094,105.81471564229905,101.14838012880435,104.21482646804832,1820566
2020-12-14,107.103515625,107.85901624619714,100.03735278379868,102.0816481834378,3170228
2020-12-21,108.88115692138672,109.0589193630631,102.2149636404855,105.63694150177429,1215335
2020-12-28,112.70310974121094,113.99190438828563,109.2811251201874,109.4144503412095,1157719
2021-01-04,112.88087463378906,114.96962065236848,109.72554038626905,113.85858842172095,2137405
2021-01-11,110.34771728515625,113.50304460223957,108.88115345382347,112.92531329458924,1874212
2021-01-18,109.68111419677734,112.21426658118118,107.54793074315187,110.2144083648829,1456822
2021-01-25,106.21469116210938,110.48105803842434,103.19268185648654,109.90331986833122,2292005
2021-02-01,113.99191284179688,114.1252312915033,106.30356804632399,106.61465573097719,1666409
2021-02-08,120.25814056396484,121.28028486944734,114.61409097524094,115.01405989641209,1944101
2021-02-15,124.48007202148438,126.21327984204513,119.63597350059155,121.76915027014212,2234507
2021-02-22,118.34715270996094,124.25785256048916,116.48062662221969,123.5467891907948,2499675
2021-03-01,120.83586120605469,124.1245138558288,119.19154166237013,119.72482898907661,2050163
2021-03-08,128.6575164794922,130.4351678298133,120.92473581807594,121.54691107820764,1905254
2021-03-15,127.10209655761719,131.19070089282468,125.32444485751066,129.14639872522093,2679654
2021-03-22,129.54635620117188,129.54635620117188,125.67995867003427,126.25770355897475,1827058
2021-03-29,131.54623413085938,132.47950404494483,127.10210459941142,130.21299527142497,1773483
2021-04-05,134.2127227783203,134.61269175623767,131.5462448423272,131.5462448423272,1213322
2021-04-12,134.6571044921875,136.9680569249362,133.72383471886957,134.70154849327977,1589090
2021-04-19,133.901611328125,136.3903264661532,132.74614855190333,134.70156274520892,1448527
2021-04-26,135.45704650878906,138.39017436156792,133.1905515684833,133.54607646355723,1596457
2021-05-03,137.85690307617188,137.9013335214272,133.2794415350931,135.9903632536105,1513767
2021-05-10,136.92361450195312,138.30129717726234,131.76842225114729,137.7235522812139,1708990
2021-05-17,134.92376708984375,137.85689511487635,132.83502091200378,137.01249970527752,1477722
2021-05-24,136.47921752929688,139.63455213757564,135.01264667972166,135.32374116483336,1768613
2021-05-31,135.72486877441406,138.65094388895366,133.519061051045,138.15575919890156,1078278
2021-06-07,141.7120361328125,142.7024053242512,134.32932769012683,135.5447795398057,1519159
2021-06-14,140.94676208496094,144.95323061843857,140.85672352728298,142.25223874356084,1908933
2021-06-21,145.6735076904297,146.48379981235826,138.69594487641857,140.22650429448143,1324354
2021-06-28,148.2394561767578,149.13978694913524,144.54810825278483,145.40341973895192,1778595
2021-07-05,150.4002685546875,151.34561867789992,146.4838239319324,148.194460759164,1696018
2021-07-12,150.22018432617188,152.4710110991864,149.31985361696607,149.86004379971573,1332167
2021-07-19,155.12698364257812,155.80223167317152,146.79892459859306,149.90506279173135,1733393
2021-07-26,164.08526611328125,164.94057751003913,153.4613613621964,154.04658454584037,1899901
2021-08-02,170.70269775390625,172.72844172849554,163.09489272563982,164.08526194173237,1900732
2021-08-09,171.55801391601562,172.6384079850191,169.44223132166874,170.83774662402803,1149376
2021-08-16,170.88279724121094,172.3233183513852,168.31684883608648,170.56767595006986,1411137
2021-08-23,171.9631805419922,173.2236381502583,169.71235357154725,171.9631805419922,893178
2021-08-30,172.45835876464844,173.53875292241057,170.25255116380973,172.41333947933396,1190013
2021-09-06,170.70269775390625,173.89886059011602,169.48724587397047,173.26863187894602,1058814
2021-09-13,173.1786346435547,178.58061943632947,169.80239414807045,170.9728131961388,1508641
2021-09-20,173.40370178222656,178.17544359726807,168.94705373775508,170.61267106124004,1570529
2021-09-27,160.84408569335938,174.52912431353678,158.63827806640882,173.98892035928236,2086325
2021-10-04,158.72830200195312,162.0595227781347,154.5867753691073,160.2588614139332,1816409
2021-10-11,169.0821075439453,169.93741895799698,154.67681640048596,158.41318329563825,2337030
2021-10-18,169.8473663330078,170.61265285683527,164.40037706066022,168.72195305558805,1756770
2021-10-25,181.236572265625,181.50667422263209,167.41649055533165,170.162501931984,2416524
2021-11-01,189.69969177246094,192.04055728545185,181.41665138011658,183.66747832031655,1908478
2021-11-08,192.31065368652344,193.12094586630417,186.27842667142946,189.0694574914866,1309753
2021-11-15,194.2913818359375,197.26247610804953,191.14022415841566,191.7704529463286,1406785
2021-11-22,180.2462158203125,195.37177537080495,176.64489277200272,194.92160998976624,1943657
2021-11-29,181.3266143798828,189.15950319007538,177.41018371274401,181.9568569189705,2503014
2021-12-06,185.46812438964844,189.06944719333094,179.30085359315967,182.2269283711517,1575666
2021-12-13,184.38772583007812,189.96977329299193,180.06613582274116,186.27841201344336,2170780
2021-12-20,191.32029724121094,193.48108569134027,180.066162109375,180.87645434368403,1205768
2021-12-27,194.0212860107422,197.26248236271724,189.8797588652138,191.3202936300822,702985
2022-01-03,180.15618896484375,198.25282883671312,177.5452215413498,194.20134045283768,1979939
2022-01-10,178.89572143554688,185.8282656240911,174.12396560204382,180.4262809985308,1904804
2022-01-17,182.94720458984375,187.1787563426753,177.59023940604862,180.2462123555312,1836231
2022-01-24,173.7638397216797,180.78642252019915,168.94706457618074,180.24621855956022,2622043
2022-01-31,173.8988800048828,186.27842789836404,173.40370907950924,177.2751203394686,2053872
2022-02-07,177.45516967773438,182.40698805928707,172.95351660359555,175.47443133474934,1430584
2022-02-14,167.41648864746094,176.64487819733608,158.953385677392,171.06283068061256,2979213
2022-02-21,170.2975616455078,171.60305226766866,158.45821737648205,168.58693865764923,2386630
2022-02-28,154.181640625,171.42296895737195,154.181640625,166.11102303832115,2967399
2022-03-07,157.55787658691406,161.78942823908557,147.83430202710176,149.4549000767299,2684018
2022-03-14,175.6995391845703,175.6995391845703,157.3327975033915,158.59325504972375,2584709
2022-03-21,173.04356384277344,176.2847599712824,170.1625082496303,173.4937292085132,1440915
2022-03-28,179.93109130859375,184.2976868496333,172.09820342767773,172.18824199056758,1883592
2022-04-04,170.79273986816406,185.91829915737216,170.56765718153287,181.23658202303457,1769592
2022-04-11,172.09820556640625,174.07894407095105,167.6415714070926,169.66731545568572,1309382
2022-04-18,172.9535369873047,177.59023470495094,168.18178141874384,172.09821181204867,1171144
2022-04-25,176.55487060546875,180.87644733835307,163.90522045961356,169.84739533630818,1926708
2022-05-02,165.43577575683594,176.3747889035337,162.7798027847938,174.84422937201424,1472596
2022-05-09,165.8859405517578,166.7862713010211,156.70256965686383,163.3199924211747,1650848
2022-05-16,162.7347869873047,170.97280805330482,156.7925983988094,165.48079858862386,1510453
2022-05-23,168.001708984375,168.81200109444603,161.24922894059716,165.70586302189938,1274398
2022-05-30,164.19776916503906,173.27677627705486,159.63545263406778,171.17812181127618,1832129
2022-06-06,154.9818878173828,167.98448906575564,154.2519144363661,164.24338418997257,1833082
2022-06-13,153.75006103515625,157.21742424667875,149.82646618851456,153.47631926946784,2454991
2022-06-20,162.73782348632812,164.19775630807263,153.15695952148656,154.61689234323106,2008954
2022-06-27,147.59092712402344,167.20888652536195,144.94478933214623,163.3309178064927,2793338
2022-07-04,152.83758544921875,152.88321139367102,140.33684243888442,148.5033852648379,1893400
2022-07-11,150.69329833984375,151.9707552281944,144.21481769730033,149.64397118430935,1503200
2022-07-18,156.12246704101562,157.71927772234596,148.7771351222793,150.92141539764378,1537981
2022-07-25,169.12506103515625,169.5356666938072,152.97445112816047,155.30123509129405,1900175
2022-08-01,171.86245727539062,176.65288929799388,166.70703160197664,168.57758403351474,1655745
2022-08-08,171.58871459960938,175.23856754967568,168.48633123820255,173.3680151281499,1205134
2022-08-15,169.90065002441406,174.5542180497489,168.89694882890922,172.63803970447364,1045472
2022-08-22,162.783447265625,169.35319416872858,161.7341200391186,169.1706903701318,1189235
2022-08-29,160.91290283203125,162.46408760254195,154.3431561659643,160.54790917109167,1500879
2022-09-05,163.69590759277344,164.33464303008967,155.39250006159494,156.39620132022014,1104941
2022-09-12,151.69700622558594,168.53194939502674,150.60205317579238,164.06088530708496,1896008
2022-09-19,141.3861541748047,153.70440599121116,138.96813253563172,150.7389009242985,1864561
2022-09-26,151.01266479492188,151.560148302989,139.60687440255617,140.33684777228436,2345235
2022-10-03,149.6439666748047,160.36540940912758,145.30976642050393,148.86836737585423,2211872
2022-10-10,147.31719970703125,151.28642070419147,139.60688746498724,147.91030921677944,2309265
2022-10-17,150.05458068847656,154.93626471062035,146.95221116614138,148.54902187503717,2185230
2022-10-24,156.9893035888672,160.0460470960701,150.1914552197981,151.60576210659428,3110111
2022-10-31,146.2678680419922,157.39991738550984,143.5304781744181,157.39991738550984,2789033
2022-11-07,165.97705078125,167.0720177615012,144.26043772432647,145.08164903643134,2524713
2022-11-14,162.46408081054688,167.1176349275319,161.14101191227908,166.06830778275358,1941345
2022-11-21,164.15213012695312,165.5208249771159,159.9548076069711,161.0497607024845,1150728
2022-11-28,162.0990753173828,164.06087947143646,156.03120085342715,163.42215804203317,2280970
2022-12-05,156.89805603027344,161.18663060203912,152.47261753764425,161.18663060203912,1896195
2022-12-12,145.49227905273438,162.23598717270812,143.71297829653727,154.11505496590945,2754370
2022-12-19,141.97927856445312,145.94848510474966,141.2949311689106,145.40101554216568,2343382
2022-12-26,142.2986297607422,144.39729785381874,141.06681282484388,141.97927600243514,945351
2023-01-02,151.1495361328125,151.1495361328125,143.3935982851373,144.1691976391387,1741186
2023-01-09,155.93995666503906,156.89804581797637,145.3553918069667,151.42326657043023,2037876
2023-01-16,155.84872436523438,162.2359670529646,154.16066179995772,156.98930341661477,1787334
2023-01-23,157.8561248779297,159.58979929290507,154.89061964178362,156.48743015355458,1276258
2023-01-30,172.45555114746094,172.63804100956102,156.48744455973306,157.3999077933175,1962498
2023-02-06,167.07203674316406,172.22744884805732,165.52083798593202,171.132495666488,1646088
2023-02-13,169.71815490722656,173.13989190132386,166.20516602405326,166.88951342287274,1722250
2023-02-20,160.5478973388672,173.13989229003164,160.4110334280294,169.9918970330114,1975843
2023-02-27,164.927734375,165.33834005770677,159.45295481068464,160.77602375411064,1785173
2023-03-06,161.18663024902344,166.7070357888085,159.77232332624962,166.29643010403274,1529788
2023-03-13,152.51821899414062,161.3234972674437,149.87208127151771,160.77601377575726,2688104
2023-03-20,151.19515991210938,156.30495975473886,148.45777012279027,151.42327572788597,1899326
2023-03-27,155.8031005859375,156.07684234669364,148.3665306367209,152.10762162344042,1795321
2023-04-03,155.16436767578125,156.57868839971755,153.6131830430796,156.30494665910354,1034925
2023-04-10,153.88693237304688,160.4110534235319,153.29383678804152,155.16438936679836,1600459
2023-04-17,147.68218994140625,154.0238070603209,145.8572633504619,154.0238070603209,1950178
2023-04-24,150.46519470214844,150.96705230877433,144.03233948577582,147.22596108037763,1771362
2023-05-01,152.79197692871094,153.1569706028685,142.481138845434,150.4651927271397,1992523
2023-05-08,149.05087280273438,153.7500528242724,145.49225788499885,153.29382121351787,1459093
2023-05-15,149.7352294921875,150.46518897613512,144.2604498240722,148.36653457515868,1223437
2023-05-22,143.2567138671875,150.96702466332087,140.3824605276203,149.09647243012003,1733256
2023-05-29,156.24417114257812,158.34047043576953,141.8495855059517,147.25338208279965,3010169
2023-06-05,156.89633178710938,158.7131356666354,152.89008276158475,156.10440512188515,2003724
2023-06-12,166.63250732421875,168.03004018670947,157.73487858973996,157.87462618941328,2254339
2023-06-19,157.78146362304688,167.42443170754694,155.3590676758581,165.42130698630797,1721485
2023-06-26,161.69454956054688,161.97405896687226,155.77832162300848,157.78146052130808,1836894
2023-07-03,157.8746337890625,164.3032937958414,155.03298065525414,161.55480099415325,1427345
2023-07-10,164.25669860839844,165.93374088661088,156.52368059295844,156.84977728076953,1317564
2023-07-17,162.30015563964844,167.6573652336604,161.22871940742212,163.32501881377465,1528557
2023-07-24,155.5919952392578,168.12320398859273,150.18819854933696,161.36846168030158,2363366
2023-07-31,151.2130584716797,157.54854362102466,150.28136989725954,155.49881738414877,2064845
2023-08-07,151.77206420898438,154.38079507994306,149.30309515508608,151.1198850453546,1201215
2023-08-14,149.3031005859375,152.8901074410368,146.97387904793536,151.72549667203575,1451699
2023-08-21,151.4459686279297,157.5485311506354,149.53600435825928,149.53600435825928,1412330
2023-08-28,160.25042724609375,162.9057452445958,152.79691900208937,153.26276326733966,1622125
2023-09-04,158.66656494140625,162.16039704867543,155.82491198420612,160.4367675225136,1243518
2023-09-11,158.480224609375,160.4367619921389,154.38078654829295,158.99264192762635,1804777
2023-09-18,155.35906982421875,157.78146580490528,153.4025181308612,157.7348785328845,1528152
2023-09-25,154.47398376464844,155.82492948792225,148.93043904169963,155.03298843474062,1929007
2023-10-02,154.0081329345703,155.685175306983,147.9987441318283,155.12615644403203,1457290
2023-10-09,154.38079833984375,159.41192531502395,152.0981641107197,153.54228428553364,1711578
2023-10-16,152.05157470703125,155.73174178607027,149.11676134162482,154.56713105115668,1561285
2023-10-23,149.72235107421875,155.40565706506828,147.95214846929943,152.19133432643085,1420054
2023-10-30,161.69454956054688,164.5827755154055,149.1167542238543,150.23477763271694,1408062
2023-11-06,160.11068725585938,162.67283083639782,152.00498528245896,161.41504557392136,2163876
2023-11-13,165.7473907470703,167.33127268760347,159.73800231999834,160.20384660452237,1711496
2023-11-20,169.61390686035156,171.80336646803312,165.09521161331025,166.0269001824784,1327659
2023-11-27,174.2257537841797,177.1605669447709,168.49587505485832,168.9151320468801,2492781
2023-12-04,179.02394104003906,179.7692946893704,173.94624151715422,174.92451729337424,1549395
2023-12-11,182.5177764892578,183.21654288349913,178.79102238663742,179.67613785916072,2109933
2023-12-18,175.5767059326172,181.4929339631939,174.78477918808684,181.0270896841387,1367690
2023-12-25,175.85621643066406,178.65128212227728,175.5767070182149,175.5767070182149,573630
2024-01-01,171.89654541015625,178.93079713066197,171.7102105348424,175.8562219304444,1095709
2024-01-08,179.11712646484375,179.4432231488847,169.52073141043553,172.08287496194825,1723374
2024-01-15,183.5892333984375,185.45261051648012,178.04568931554851,181.86560387767238,1626418
2024-01-22,191.8346710205078,193.3253784202032,184.80043368487603,184.8470067402595,2088137
2024-01-29,191.46200561523438,195.93411369917013,190.2508076026043,190.99616131933357,1954009
2024-02-05,195.65460205078125,195.9341114684274,189.59862627301897,191.1824940177612,1540751
2024-02-12,204.6919708251953,207.021192191473,189.4122843489893,195.7477693085524,2480525
2024-02-19,210.46844482421875,211.77281736787225,200.9652241384668,203.94662475526982,1972469
2024-02-26,209.6299285888672,211.30697086086602,206.64852800333563,209.6299285888672,1495593
2024-03-04,210.37527465820312,211.8659677886758,204.7851434319432,210.37527465820312,1319211
2024-03-11,207.7665557861328,210.84113097961912,206.5553577745849,207.8597303318056,1717454
2024-03-18,200.96522521972656,209.07091307717218,197.61115483894196,208.13922449088096,1664263
2024-03-25,198.7291717529297,200.5925488641312,197.2384643773928,200.31303945416315,1521018
2024-04-01,196.95896911621094,199.94038408145823,191.3688373810325,197.6111625251339,2269251
2024-04-08,193.32537841796875,197.89064672776914,190.80982212039632,195.93410925918585,1627844
2024-04-15,186.43089294433594,195.00242514738179,183.26314320169658,193.3253828385068,1850219
2024-04-22,189.2259521484375,191.92784328480323,185.87186764717595,187.5489098978067,1346236
2024-04-29,188.76010131835938,197.42479324913532,182.6109513515777,189.78495016853051,1757935
2024-05-06,191.36883544921875,194.53658526370643,188.76011870562186,188.76011870562186,1307918
2024-05-13,193.23220825195312,196.39995799392398,190.43714247656456,191.92784991001434,1652905
2024-05-20,198.44967651367188,199.7540348980777,191.55518639648656,193.41856364074638,1488837
2024-05-27,175.7657928466797,203.32388979955257,171.40952294745864,201.05106212622,2370577
2024-06-03,184.9044647216797,185.9461857960005,172.64063755721307,177.2809999058376,1978683
2024-06-10,172.640625,183.72068397876558,170.08369053571323,183.72068397876558,2118126
2024-06-17,176.57073974609375,181.58991633404088,172.4038843430539,173.1141447720006,2293301
2024-06-24,175.8604736328125,182.67897064024964,174.01379946729816,176.94954825883323,1728712
2024-07-01,181.02171325683594,182.72634128038266,177.13896467850392,180.31145278454866,1244677
2024-07-08,182.3001708984375,182.86838500342972,172.78267856666986,180.50085031643704,1444084
2024-07-15,184.09950256347656,188.31372612025348,179.60118638738575,180.87966097544168,1959132
2024-07-22,178.8435821533203,188.3610603603714,162.9337456224379,184.28891211967422,2228979
2024-07-29,169.84693908691406,179.1276632189454,167.76349706515893,178.796217042964,1922522
2024-08-05,166.91119384765625,169.27872851216202,161.13440348614827,166.53239408144924,1946989
2024-08-12,170.93600463867188,172.40387903670637,165.206567798122,167.5267489045456,1257065
2024-08-19,172.8773956298828,174.1558557638678,170.84130701235102,170.84130701235102,701435
2024-08-26,177.5651092529297,179.74324414982274,172.87739325870947,173.06679315185548,1152755
2024-09-02,170.50985717773438,178.3700755112112,170.0837038088109,177.65981507957687,1068385
2024-09-09,182.9157257080078,184.71506075574777,170.699252398312,170.79395956671914,1516220
2024-09-16,178.08596801757812,186.23027894377316,177.70715378478516,179.88528865991697,1852296
2024-09-23,189.30807495117188,189.30807495117188,176.9495549779171,178.0859687805941,1583734
2024-09-30,178.98562622070312,188.3610580045306,177.65981254733055,187.65079758301988,1402318
2024-10-07,172.07241821289062,179.26972944365073,170.69925098407433,178.98562239106823,1567865
2024-10-14,174.7714080810547,176.00252897028957,171.3621524570634,171.7409666654427,1664809
2024-10-21,165.77479553222656,175.3869813848914,165.77479553222656,174.439967430923,1556337
2024-10-28,155.31028747558594,168.4264364358032,149.9123108619185,166.6744548518483,3136367
2024-11-04,153.51095581054688,155.92582964561558,149.72290028851273,154.78941587906235,2027652
2024-11-11,146.17160034179688,156.96755295496547,146.17160034179688,154.41061833082398,2394465
2024-11-18,146.36099243164062,149.53348013781616,144.32490399754624,145.84013192755674,1926998
2024-11-25,143.8513946533203,147.45005008878235,141.4838600839748,146.7397897179787,2509385
2024-12-02,149.10733032226562,149.58083725529934,141.6732801438069,141.76797286024276,2538896
2024-12-09,147.7341766357422,151.99573942331168,147.30802324704248,150.00700434233147,2829976
2024-12-16,147.02389526367188,149.15467635444975,142.95173295568407,146.78714180914102,3274968
2024-12-23,148.72853088378906,149.86494463551801,146.124242746363,146.31364262993702,692903
2024-12-30,146.7871551513672,149.7702431694905,146.5504016753166,148.11296883713635,797377
2025-01-06,148.72853088378906,153.22684675752498,147.16594933116252,147.26065649809195,2005883
2025-01-13,151.80633544921875,154.17387026767105,146.21894460749985,148.01827973969506,2370251
2025-01-20,158.62481689453125,159.4297844320202,151.948366487421,152.46922698519123,1920103
2025-01-27,166.62709045410156,168.28436475562063,153.55829592920858,155.12087751224047,2758131
2025-02-03,165.3486328125,170.4151485101596,160.61356330985436,160.99236308995185,1758900
2025-02-10,175.43431091308594,176.7601244867014,165.34861946661735,165.68006563487913,2252627
2025-02-17,155.31028747558594,176.47605499398907,149.67555737491304,175.24493397150343,3328449
2025-02-24,141.2471160888672,157.39370582348428,140.72627000894826,156.54139910153947,3307180
2025-03-03,145.60337829589844,149.10732662336886,135.65973294886146,140.82095550083804,3538609
2025-03-10,139.1163330078125,148.25502560789155,136.93821264692255,147.2133045611559,2806843
2025-03-17,138.31137084960938,142.47822586389515,136.41734321579148,139.58983083226602,3175592
2025-03-24,137.6011199951172,141.57857541091877,136.4173526421831,139.921301116811,2688476
2025-03-31,121.54923248291016,136.36999334010656,119.56049763325315,135.70708654031571,3263680
2025-04-07,117.9979248046875,129.17268395071486,104.17152397647477,106.63375855270843,4220642
2025-04-14,120.17606353759766,123.3959121939322,120.0340100097174,121.97539136541484,1800759
2025-04-21,123.1591567993164,127.70482626964593,117.42971999037424,120.17606166098406,2363583
2025-04-28,134.99684143066406,136.55940866768046,123.34856695835876,123.58532044580282,2814744
2025-05-05,141.4365234375,141.4365234375,133.4342448923048,135.28093344906338,2158292
2025-05-12,142.66763305664062,148.25502353322938,142.09943340751477,142.62029392359375,2740465
2025-05-19,142.32199096679688,146.9239615943019,138.93106524126688,145.71291669232687,1854680
2025-05-26,141.6922607421875,146.2457868487025,141.54694125985998,144.74408813717528,2133591
2025-06-02,145.809814453125,145.809814453125,139.1248521290447,140.91718981548698,1598987
2025-06-09,145.71292114257812,149.73359920988935,144.35655672424627,145.66449117163037,1834022
2025-06-16,137.23561096191406,149.44295025063627,136.50898397528212,145.80981531747656,2823028
2025-06-23,140.72341918945312,141.93446410502503,135.05572307127144,136.12144851027998,1643448
2025-06-30,140.72341918945312,142.031353611576,138.64042784797473,141.0625176791185,1403725
2025-07-07,136.02456665039062,144.5987710479463,131.95545846197558,137.57471014276967,2805162
2025-07-14,133.65090942382812,135.54013647182902,131.4225838975844,134.6197453236504,2168206
2025-07-21,129.87246704101562,133.79625574583454,129.00050578257589,133.3602677249827,2885411
2025-07-28,120.5716323852539,138.83419616272116,120.37786814971392,131.61637121019587,2850466
2025-08-04,121.685791015625,122.75150905754828,117.03538299860578,121.24981780490279,2497747
2025-08-11,119.21526336669922,122.75150857486229,116.84161091867998,122.07332638493193,2262636
2025-08-18,122.65463256835938,123.13905055432575,117.66512583457936,119.50591565957795,1784703
2025-08-25,117.66512298583984,122.60619223637624,116.79317654551618,122.60619223637624,1730333
2025-09-01,121.1044921875,121.20137430292368,114.41952274042367,117.85889327520131,2333294
2025-09-08,119.94189453125,123.8172383624163,117.22915089278088,121.83112169229086,2612644
2025-09-15,120.37786865234375,124.01100352112677,117.27759652096832,120.13565966109155,3209680
2025-09-22,115.43680572509766,121.44358570029542,114.17731602466986,120.13565863700917,2017323
2025-09-29,120.47474670410156,122.21865433890754,115.00082220823832,115.87277602564131,1838886
2025-10-06,115.96965789794922,122.12177196853702,115.96965789794922,120.42630909054576,2394883
2025-10-13,117.90733337402344,119.40903206865929,114.80706125871096,116.26031519869464,1643726
2025-10-20,123.13904571533203,126.43308936878375,117.56823909563467,119.11837511148501,1716665
2025-10-27,129.339599609375,136.02456176576766,123.28437490856156,124.59230935724264,2914765
2025-11-03,119.50591278076172,129.67869763263195,118.39174996155212,129.1458349042525,1817082
2025-11-10,129.339599609375,132.87584492134468,120.813840273977,121.83112098036634,2184926
2025-11-17,127.40192413330078,129.63024971737994,120.52319054435381,129.00049749619288,1828123
2025-11-24,130.59909057617188,132.05234451852556,126.14243923964843,128.56452914357126,2097767
2025-12-01,139.99679565429688,140.77186737581764,128.95207166823212,130.40532560235977,2463478
2025-12-08,143.0001983642578,148.28035156517743,138.49510213049908,139.51238287897775,2868530
2025-12-15,141.06251525878906,146.10045906447522,139.89990033317753,143.1939513169721,2538165
2025-12-22,137.23561096191406,141.25628915790247,136.21834500724046,141.0140801623585,579899
2025-12-29,136.36366271972656,139.85147812355436,135.15261775773965,137.18717920718314,848127
2026-01-05,146.14891052246094,147.98969293369908,134.3290999803599,135.87924343012304,1651135
2026-01-12,137.1871795654297,144.4534493563261,136.89652581714108,139.9967979712708,2125407
2026-01-19,132.1007843017578,135.20105630545027,127.06282566458668,134.32909510289542,1988745
2026-01-26,127.11127471923828,132.9727352211588,123.57502938622508,132.10078877235827,2390180
2026-02-02,111.80367279052734,130.74441163244188,109.91443820772507,127.88634846802884,3916165
2026-02-09,101.58245086669922,113.25692736419661,96.63169842526776,112.38497350522623,5456770
2026-02-16,101.24335479736328,104.34362682015144,97.31956631985591,103.1325819063074,3405689
2026-02-23,103.61700439453125,103.90765814319293,95.64348847306675,100.03231424974051,4497674
2026-03-02,106.32974243164062,107.44390522018458,99.30568199765982,99.88698207249055,4402211
2026-03-09,104.44052124023438,106.47507531288686,101.09803268578996,105.60312145556954,3427987
2026-03-16,95.50785064697266,104.39207462024453,94.03521584944288,104.10142087578603,4684639
2026-03-23,93.20201873779297,97.70710754334569,91.92315553411657,94.24836337488236,3109730
2026-03-30,99.644775390625,99.98386649279583,92.11692335590597,93.02762411721739,3020503
2026-04-06,97.17424774169922,104.1014187996111,93.45391388833413,99.6447749537977,3051188
2026-04-13,107.15325164794922,108.8971592666931,95.13968471966074,95.91475641502058,2785275
2026-04-20,96.01164245605469,107.54079189421087,94.57776937011235,105.40935573223959,3297755
2026-04-27,99.79010009765625,103.71388854358563,95.95351072847029,96.4379286901094,2901368
2026-05-04,100.22607421875,105.74844346668007,98.72438295897906,100.66205482317244,3849712
2026-05-11,96.88359832763672,100.5651780207397,92.77573582820187,100.274524269104,3213842
2026-05-18,99.8869857788086,104.00453859978651,95.31407887496734,95.87600550452771,3072964
2026-05-25,98.77281951904297,101.92153627280472,95.17843912712918,100.95270034857033,4253034
2026-06-01,101.80000305175781,109.0999984741211,97.63999938964844,102.80000305175781,4100387
2026-06-08,96.72000122070312,103.30000305175781,93.73999786376953,101.30000305175781,3508115
2026-06-15,89.5199966430664,100.0,86.19999694824219,97.9800033569336,5032207
2026-06-22,89.68000030517578,91.31999969482422,86.54000091552734,89.63999938964844,3442683
2026-06-29,91.9000015258789,92.16000366210938,86.5199966430664,90.0199966430664,3063863
2026-07-06,88.95999908447266,95.30000305175781,87.05999755859375,91.9000015258789,3599262
2026-07-13,91.31999969482422,94.19999694824219,86.5999984741211,89.0,2982392
2026-07-20,89.87999725341797,93.08000183105469,85.62000274658203,92.0,4058344
2026-07-27,102.5,108.75,90.5,90.5199966430664,5047425
2026-08-03,109.25,111.8499984741211,103.9000015258789,103.9000015258789,3468797
2026-08-10,108.30000305175781,110.6500015258789,105.3499984741211,110.0,1888321
2026-08-17,111.1500015258789,111.6500015258789,104.6500015258789,107.80000305175781,1762216
2026-08-24,109.44999694824219,111.6500015258789,105.80000305175781,111.0,1746829
2026-08-31,106.4000015258789,110.55000305175781,104.05000305175781,109.30000305175781,3015476
2026-09-07,102.9000015258789,106.0999984741211,100.3499984741211,105.94999694824219,2362497
2026-09-14,104.3499984741211,111.44999694824219,103.55000305175781,105.5,3476988
2026-09-21,104.5,108.3499984741211,103.30000305175781,104.80000305175781,2091319
