Price,Close,High,Low,Open,Volume
Ticker,CS.PA,CS.PA,CS.PA,CS.PA,CS.PA
Date,,,,,
1990-08-20,0.005019590258598328,0.005120656942079449,0.004851212453867215,0.005019590258598328,2130980
1990-08-27,0.005188168492168188,0.005390302616350538,0.004952278813437458,0.005221722437098682,8328532
1990-09-03,0.004918522201478481,0.0050871023995484625,0.004750145219500209,0.004986035727788289,6839216
1990-09-10,0.00478390185162425,0.005188169364756352,0.004716389124721518,0.004986036009803153,4988607
1990-09-17,0.004682833328843117,0.004783899966493673,0.004480699250316618,0.004682833328843117,8174047
1990-09-24,0.004548010881990194,0.0047839013803839675,0.0045142545218640135,0.004615321189384997,9494026
1990-10-01,0.004682833328843117,0.004851210253994798,0.0045817658879671735,0.004682833328843117,8892812
1990-10-08,0.004750143736600876,0.004884966727814097,0.004649077096391675,0.004851210376810077,6491558
1990-10-15,0.00478390185162425,0.005019589960377021,0.004615321644019214,0.004851212165649483,15474826
1990-10-22,0.004750143736600876,0.005053344460453887,0.0047163873855968555,0.004750143736600876,13596617
1990-10-29,0.004952278919517994,0.004986035278015022,0.004716388432508792,0.004817455095152086,5934331
1990-11-05,0.004750143736600876,0.004952277820244686,0.004682833447395695,0.004884966727814097,4207142
1990-11-12,0.004884968511760235,0.004918522462214993,0.0047839018346424005,0.004817455785097159,4984043
1990-11-19,0.005322790704667568,0.005356547067539511,0.004884968445251052,0.004952279561346604,13116538
1990-11-26,0.005221722647547722,0.005356546474459382,0.005053345677578858,0.005188168701264917,8758076
1990-12-03,0.005558680277317762,0.005659747753708782,0.005221723092584641,0.005356546930987064,21409591
1990-12-10,0.0056597464717924595,0.005727056767700816,0.005491368722384572,0.005625990117426772,15956702
1990-12-17,0.005423856899142265,0.0055924370888952675,0.00535654659224495,0.00552492356591627,13782271
1990-12-24,0.0052554793655872345,0.005457612677601308,0.0050871016066281385,0.005423856321320796,10489749
1990-12-31,0.005558680277317762,0.005625991391697377,0.005255480257821714,0.005255480257821714,532093
1991-01-07,0.022234730422496796,0.023374684678686076,0.022091911606317828,0.022947094787317796,1212858
1991-01-14,0.023374687880277634,0.023517503317754384,0.021094775657359937,0.021807140119752294,2604055
1991-01-21,0.0242298673838377,0.02437268279894852,0.023089909751772546,0.023374684219632604,1181273
1991-01-28,0.024943098425865173,0.025085057518058496,0.023945099569250006,0.023945099569250006,2425086
1991-02-04,0.026653457432985306,0.026653457432985306,0.024943094309843084,0.024943094309843084,2550888
1991-02-11,0.026795418933033943,0.02750864318968355,0.026367828963016964,0.02665345985138556,2292766
1991-02-18,0.0262258630245924,0.026938227334193748,0.024943090051659615,0.026510637475970534,2537887
1991-02-25,0.025798270478844643,0.026795412665558394,0.025655455068065023,0.026795412665558394,327023
1991-03-04,0.025798270478844643,0.025798270478844643,0.025798270478844643,0.025798270478844643,0
1991-03-11,0.025798270478844643,0.025798270478844643,0.025798270478844643,0.025798270478844643,0
1991-03-18,0.02765060029923916,0.027793415733237594,0.025798274673106147,0.025798274673106147,751116
1991-03-25,0.02765060029923916,0.02765060029923916,0.02765060029923916,0.02765060029923916,0
1991-04-01,0.02765060029923916,0.027793415733237594,0.027508641227715565,0.02765060029923916,33
1991-04-08,0.027223005890846252,0.027936228369446325,0.027081045125773705,0.02765059921181439,1047355
1991-04-15,0.027793418616056442,0.02793623236573606,0.0272230097851092,0.0272230097851092,591579
1991-04-22,0.025227874517440796,0.02779342148172039,0.025227874517440796,0.02779342148172039,466960
1991-04-29,0.025227874517440796,0.025227874517440796,0.025227874517440796,0.025227874517440796,0
1991-05-06,0.025227874517440796,0.025227874517440796,0.025227874517440796,0.025227874517440796,0
1991-05-13,0.025655459612607956,0.026083049558353406,0.025655459612607956,0.025798275048685544,327723
1991-05-20,0.025655459612607956,0.025655459612607956,0.025655459612607956,0.025655459612607956,0
1991-05-27,0.025655459612607956,0.025655459612607956,0.025655459612607956,0.025655459612607956,0
1991-06-03,0.02465745620429516,0.025655454740606362,0.024515497157663074,0.025655454740606362,231305
1991-06-10,0.024943098425865173,0.025370688427644193,0.024657464118015192,0.024657464118015192,273288
1991-06-17,0.024943098425865173,0.024943098425865173,0.024943098425865173,0.024943098425865173,0
1991-06-24,0.023945096880197525,0.02494309562473668,0.023802281441442957,0.02494309562473668,847635
1991-07-01,0.023945096880197525,0.023945096880197525,0.023945096880197525,0.023945096880197525,0
1991-07-08,0.023945096880197525,0.023945096880197525,0.023945096880197525,0.023945096880197525,0
1991-07-15,0.023945096880197525,0.023945096880197525,0.023945096880197525,0.023945096880197525,0
1991-07-22,0.023945096880197525,0.023945096880197525,0.023945096880197525,0.023945096880197525,0
1991-07-29,0.023945096880197525,0.023945096880197525,0.023945096880197525,0.023945096880197525,0
1991-08-05,0.023945096880197525,0.023945096880197525,0.023945096880197525,0.023945096880197525,0
1991-08-12,0.023945096880197525,0.023945096880197525,0.023945096880197525,0.023945096880197525,0
1991-08-19,0.023945096880197525,0.023945096880197525,0.023945096880197525,0.023945096880197525,0
1991-08-26,0.020524371415376663,0.021236739433737155,0.02038155594628338,0.02038155594628338,1898791
1991-09-02,0.020524371415376663,0.020524371415376663,0.020524371415376663,0.020524371415376663,0
1991-09-09,0.021094772964715958,0.021379547440823703,0.020524364251850648,0.020524364251850648,687346
1991-09-16,0.02066718228161335,0.021094775629241818,0.020524366844326965,0.021094775629241818,701597
1991-09-23,0.021379556506872177,0.021379556506872177,0.020524372955256637,0.02066718843506492,1347194
1991-09-30,0.020096778869628906,0.02123673679071002,0.019812004329569352,0.02123673679071002,5918980
1991-10-07,0.019812000915408134,0.020809139815071036,0.019812000915408134,0.01995395997968505,3001947
1991-10-14,0.020096778869628906,0.02023959432094803,0.019669188878250227,0.019669188878250227,1451763
1991-10-21,0.019669190049171448,0.020096780066004873,0.019384412093894653,0.020096780066004873,1074856
1991-10-28,0.020239589735865593,0.020239589735865593,0.019384406548577475,0.01966918442238757,1906940
1991-11-04,0.020239589735865593,0.020524364211412256,0.019811999841353248,0.02009677431689991,1972092
1991-11-11,0.019526366144418716,0.020381549355324456,0.019384407083917247,0.020239590294822987,1086423
1991-11-18,0.017674041911959648,0.019384404727600436,0.01710363665206567,0.019098773916501322,2367217
1991-11-25,0.018101634457707405,0.018529227773890745,0.017246454621867958,0.017388413686220145,3616246
1991-12-02,0.017103634774684906,0.017815998999631516,0.016960815986548743,0.017815998999631516,1637868
1991-12-09,0.015820860862731934,0.016818855798575044,0.015536083066579042,0.016818855798575044,2584471
1991-12-16,0.014253314584493637,0.016105640062840775,0.014110500011455465,0.016105640062840775,2631323
1991-12-23,0.015820860862731934,0.01610563526062232,0.013967680424107107,0.014110495804127886,1480782
1991-12-30,0.016818860545754433,0.016818860545754433,0.01567804650962948,0.01582086532822385,1963292
1992-01-06,0.01867118664085865,0.019526366467657482,0.017246454439545367,0.01738841350239682,2244547
1992-01-13,0.020096778869628906,0.02023959432094803,0.018243596656266653,0.01852923095716911,1991625
1992-01-20,0.019098779186606407,0.01995396252953711,0.018386414686897713,0.01995396252953711,5750842
1992-01-27,0.02038155309855938,0.02038155309855938,0.01981200402713457,0.019953963113707958,1855939
1992-02-03,0.019669190049171448,0.020096780066004873,0.01924159663407362,0.019669190049171448,1765004
1992-02-10,0.01938440650701523,0.019811999798874196,0.01924159108835576,0.01938440650701523,1240025
1992-02-17,0.02038155309855938,0.02066718399683741,0.019384410644019,0.019526369730592387,2254848
1992-02-24,0.021236734464764595,0.021236734464764595,0.02023959210421425,0.020381551177406663,3036148
1992-03-02,0.02066718228161335,0.02123673470403365,0.02066718228161335,0.02123673470403365,1315193
1992-03-09,0.020239589735865593,0.020809138686958918,0.02009677431689991,0.020524364211412256,1498698
1992-03-16,0.019953962415456772,0.02052436782948695,0.019669187889709512,0.019953962415456772,1639117
1992-03-23,0.020239589735865593,0.020239589735865593,0.019241591129611792,0.02009677431689991,1855538
1992-03-30,0.02038155309855938,0.020524368547698395,0.019953963113707958,0.019953963113707958,1401945
1992-04-06,0.020524371415376663,0.020809145990877954,0.02009678137078209,0.02038155594628338,2445053
1992-04-13,0.02038155309855938,0.02066718399683741,0.020239594011985988,0.02038155309855938,1754203
1992-04-20,0.020524371415376663,0.02066718688446995,0.020239596839875373,0.02038155594628338,1767621
1992-04-27,0.02194995805621147,0.022234735999354854,0.020381553754629057,0.020381553754629057,5002526
1992-05-04,0.02209191583096981,0.022234734674460122,0.020951961356786265,0.02109477680201252,5242598
1992-05-11,0.02194995805621147,0.022234735999354854,0.021379552603860034,0.022091917147354437,3567410
1992-05-18,0.02194995805621147,0.022234735999354854,0.021379552603860034,0.02194995805621147,3652996
1992-05-25,0.022805145010352135,0.022805145010352135,0.021949961481409565,0.022091920594704644,2430169
1992-06-01,0.022234730422496796,0.022947094787317796,0.02194995255078067,0.022519504895949515,2004874
1992-06-08,0.14765191078186035,0.15563099298109245,0.1466522807040106,0.15563099298109245,1537783
1992-06-15,0.14066646993160248,0.14565263237046633,0.1396668398157977,0.14465899632474158,2092044
1992-06-22,0.14365938305854797,0.144659013291598,0.13767358980181388,0.1396668561971309,2360967
1992-06-29,0.13667389750480652,0.1446589727772731,0.13667389750480652,0.1446589727772731,3016147
1992-07-06,0.13168776035308838,0.13867320697078506,0.1286948640066751,0.13867320697078506,1655201
1992-07-13,0.12270905822515488,0.1336810382144183,0.12270905822515488,0.131687771833117,1571200
1992-07-20,0.1187165230512619,0.11971617719333659,0.11273072905784388,0.11572362605455289,3790498
1992-07-27,0.119716115295887,0.12869482542970265,0.11871646167066846,0.12071574513511973,2150546
1992-08-03,0.1217094287276268,0.12470232535286319,0.11772287215516766,0.1197161623343948,1293943
1992-08-10,0.12071578949689865,0.12170942563286058,0.11472997261263508,0.12170942563286058,1283111
1992-08-17,0.11672322452068329,0.12170941058174717,0.11073743216264328,0.12071577456866259,1122771
1992-08-24,0.1107374057173729,0.11572356680169689,0.10475159100281753,0.11472993102590309,1939708
1992-08-31,0.11772284656763077,0.1207157663283391,0.10674487482802425,0.10973777080274259,1522114
1992-09-07,0.12071578949689865,0.12071578949689865,0.11173707606350057,0.11772286916176959,1655217
1992-09-14,0.1217094287276268,0.1316877726213355,0.1197161623343948,0.12670158581687196,5210079
1992-09-21,0.12969447672367096,0.12969447672367096,0.11971613509995335,0.12370866104892714,2392217
1992-09-28,0.11173706501722336,0.12869486000099306,0.10874414497797306,0.12769520610723756,3500741
1992-10-05,0.1037520095705986,0.11173707489126611,0.09477329028489768,0.11173707489126611,4447479
1992-10-12,0.10674489289522171,0.10973778937650529,0.1027583603005026,0.10475162659786216,1069855
1992-10-19,0.12570197880268097,0.12670160921932233,0.10674491774579957,0.10674491774579957,4102505
1992-10-26,0.12370863556861877,0.12769516662707225,0.11373029600014306,0.12769516662707225,2206464
1992-11-02,0.13268737494945526,0.13268737494945526,0.12370866317595575,0.12370866317595575,4382428
1992-11-09,0.1346806436777115,0.13667390969252577,0.13168774762067065,0.1326873776628972,2901147
1992-11-16,0.1336810439825058,0.13867322504326865,0.13168777751519878,0.1336810439825058,3012898
1992-11-23,0.13767357170581818,0.13767357170581818,0.12969448931655303,0.13568028178650665,2290965
1992-11-30,0.14765191078186035,0.14864554678985764,0.13667391456308753,0.13667391456308753,2571472
1992-12-07,0.1486455798149109,0.15163847664354893,0.1446590229715195,0.1446590229715195,4818438
1992-12-14,0.1486455798149109,0.1486455798149109,0.1436593926715788,0.1486455798149109,3140068
1992-12-21,0.15363773703575134,0.15563102734775097,0.14765194338656654,0.14864557961397998,5075495
1992-12-28,0.1526380479335785,0.1546313136916787,0.15064478217547828,0.15363767784706203,1627434
1993-01-04,0.15962354838848114,0.16261644509902928,0.15163847066039185,0.15163847066039185,4205258
1993-01-11,0.1636100560426712,0.1636100560426712,0.15363770747426686,0.1586238936514651,3217153
1993-01-18,0.1646096557378769,0.17358836661126895,0.16261638996364772,0.16361002581630463,3835499
1993-01-25,0.16560934484004974,0.1676026110402868,0.15862389824793258,0.16560934484004974,2530155
1993-02-01,0.18057382106781006,0.18057382106781006,0.16560931802735104,0.1666029539314984,4977442
1993-02-08,0.17258873581886292,0.17957418088277924,0.16560930860981934,0.17957418088277924,6038798
1993-02-15,0.17658135294914246,0.17658135294914246,0.16760263867628797,0.17159516580528633,4894606
1993-02-22,0.17957422137260437,0.17957422137260437,0.1725887747336317,0.1775809551589973,3904767
1993-03-01,0.191545769572258,0.19753158416279162,0.18156742975591642,0.18156742975591642,6993570
1993-03-08,0.191545769572258,0.19653195433925774,0.19054613974872414,0.19353905893698367,2961197
1993-03-15,0.1965319961309433,0.19853124431014985,0.1945387301283436,0.1945387301283436,3157568
1993-03-22,0.2025177776813507,0.20551067338871895,0.1945387085916876,0.19653197437362027,2111961
1993-03-29,0.2025177776813507,0.20651030331415454,0.2025177776813507,0.20551067338871895,4706519
1993-04-05,0.20351751148700714,0.20651040872202195,0.20052459046599233,0.2025178810513362,2497886
1993-04-12,0.20351751148700714,0.20651040872202195,0.2025178810513362,0.20351751148700714,1323077
1993-04-19,0.19254548847675323,0.2045170860385852,0.18955255638055418,0.20351745587606224,4837271
1993-04-26,0.18955256044864655,0.19553837719752257,0.1795742289273499,0.19254549260907855,3349289
1993-05-03,0.18655964732170105,0.19453872914746115,0.1845603872595797,0.18655964732170105,1857872
1993-05-10,0.18755333125591278,0.19254551240454354,0.1815675138916392,0.18456043446677423,2312215
1993-05-17,0.18855290114879608,0.19453871659580124,0.1845603753517235,0.18755327118223167,4750104
1993-05-24,0.1905462145805359,0.19653203152183532,0.17957423470004305,0.18855294821899482,3278404
1993-05-31,0.1905462145805359,0.19254549879875318,0.18755331800288355,0.1905462145805359,1335695
1993-06-07,0.1995248794555664,0.20152415129336632,0.1885529022500282,0.1885529022500282,2172446
1993-06-14,0.6532979607582092,0.6597473322581029,0.6243337590768381,0.63721316593212,3373823
1993-06-21,0.6629527807235718,0.6822623025444247,0.6500927080950915,0.6500927080950915,3678946
1993-06-28,0.6565226912498474,0.6854869332704832,0.6468678927558106,0.6629527270434393,5044110
1993-07-05,0.6629527807235718,0.6758321894994409,0.6500927080950915,0.6500927080950915,1833438
1993-07-12,0.6629527807235718,0.6790569524609991,0.6597474306401462,0.6661774669543863,2510721
1993-07-19,0.6565226912498474,0.6694020989828544,0.6436432451514718,0.6661774130131468,2387467
1993-07-26,0.7112264037132263,0.71767577487635,0.6500925772065655,0.6629526472458214,5822477
1993-08-02,0.7595000863075256,0.7595000863075256,0.7176757775766083,0.7369852188516396,6303054
1993-08-09,0.7562947869300842,0.7788096558766323,0.7369852676458819,0.7530701011228899,4312127
1993-08-16,0.743415355682373,0.7659494833105928,0.7369852436911022,0.7562947623476729,2691225
1993-08-23,0.7723795771598816,0.7756042627865188,0.7369852263804778,0.7401906525940782,2851794
1993-08-30,0.7756044268608093,0.8045686719271813,0.7691550542432102,0.7756044268608093,3244786
1993-09-06,0.7466400265693665,0.7852589863854708,0.7241058226575561,0.7691548943373402,2440936
1993-09-13,0.7530699968338013,0.7723795134439203,0.724105760283984,0.7498453114731782,3674412
1993-09-20,0.7466400265693665,0.759500096835267,0.7337605434288998,0.7562947473407101,3392074
1993-09-27,0.743415355682373,0.7530700766452929,0.7305358722863422,0.746640041384753,3480992
1993-10-04,0.7723795771598816,0.7756042627865188,0.7401906525940782,0.7434153382207155,2481869
1993-10-11,0.7852591276168823,0.7884644776879319,0.7627249196522213,0.769155032672378,2378384
1993-10-18,0.7949137091636658,0.8077738561927628,0.7788096170748786,0.7916890235171312,2897829
1993-10-25,0.7530699968338013,0.8013437499937375,0.7466399622547262,0.7949136386839395,5567789
1993-11-01,0.7047964334487915,0.7562948858359293,0.7015717472198829,0.7530701996070207,5406235
1993-11-08,0.7337606549263,0.7337606549263,0.7080210976087206,0.7208812465594935,4387845
1993-11-15,0.7466400265693665,0.7691548943373402,0.7305358577905064,0.7337605434288998,3635096
1993-11-22,0.7305358648300171,0.7401906624251248,0.7047963111756212,0.7305358648300171,5033110
1993-11-29,0.7562947869300842,0.7595001365924299,0.724105860561953,0.7305358960314932,2736758
1993-12-06,0.7691550850868225,0.7756044579630457,0.7434155252970773,0.7595002851903713,2981563
1993-12-13,0.762724757194519,0.7723795543766014,0.7305358335782091,0.7723795543766014,2933030
1993-12-20,0.7723795771598816,0.7756042627865188,0.7627247796930068,0.7691548915332445,2117796
1993-12-27,0.7852591276168823,0.7949138501246593,0.769155032672378,0.7788097551801549,2132496
1994-01-03,0.7852591276168823,0.8077739994342291,0.7562948833628081,0.7852591276168823,3265570
1994-01-10,0.762724757194519,0.791688995279312,0.7562947222746808,0.7852589603594737,2796277
1994-01-17,0.7369853854179382,0.7691550575127459,0.7369853854179382,0.7595002579624176,3250235
1994-01-24,0.7530699968338013,0.7595000314128763,0.724105760283984,0.7369851655843052,3129884
1994-01-31,0.7691550850868225,0.7820344946906369,0.7434155252970773,0.7562949349008916,3668496
1994-02-07,0.7144510746002197,0.7659494388592588,0.7047962774668781,0.7498453474261685,3886685
1994-02-14,0.7305358648300171,0.7595001041538798,0.7047963111756212,0.7241058296351064,4003420
1994-02-21,0.7208811044692993,0.7273304754548785,0.685486831889742,0.724105789962089,3720330
1994-02-28,0.6951417922973633,0.7562949743837273,0.6822623820211716,0.7273307266437744,6617645
1994-03-07,0.669402003288269,0.7176757586652504,0.6661773177795475,0.7015715905339751,2878995
1994-03-14,0.685486912727356,0.714451153879972,0.6726074286495924,0.6758321145226605,4977192
1994-03-21,0.6404376029968262,0.6822619767499367,0.627558238736497,0.6758318667754661,3987387
1994-03-28,0.6339884996414185,0.6629527022117987,0.6307831115722269,0.6404378329738979,4087672
1994-04-04,0.6436432600021362,0.6532980203535669,0.6275585020741242,0.6339885380160751,2555055
1994-04-11,0.6597473621368408,0.6629527118874465,0.6307831207783667,0.6307831207783667,3613628
1994-04-18,0.6565226912498474,0.6726074488067387,0.6179036891005435,0.6565226912498474,4535932
1994-04-25,0.685486912727356,0.685486912727356,0.6307831162951917,0.6500926359738475,3445290
1994-05-02,0.6822619438171387,0.6983660303564363,0.6694018012196639,0.6887113128877466,2718891
1994-05-09,0.6629527807235718,0.6790569524609991,0.6500927080950915,0.6726075032686264,2738859
1994-05-16,0.6790569424629211,0.6951417010853924,0.6629527709626033,0.6629527709626033,3090733
1994-05-23,0.6372130513191223,0.6790567290602502,0.6307829787549198,0.6790567290602502,2617540
1994-05-30,0.6565226912498474,0.6629527270434393,0.6179036891005435,0.6436432451514718,4009170
1994-06-06,0.6629527807235718,0.6758321894994409,0.6372132609538506,0.6565227444093317,2672957
1994-06-13,0.7759573459625244,0.7759573459625244,0.7759573459625244,0.7759573459625244,0
1994-06-20,0.7910318970680237,0.7910318970680237,0.7458301372453983,0.7759571147250338,665664
1994-06-27,0.7910318970680237,0.7910318970680237,0.7910318970680237,0.7910318970680237,0
1994-07-04,0.7910318970680237,0.8136328443368106,0.7910318970680237,0.7910318970680237,340424
1994-07-11,0.7910318970680237,0.7910318970680237,0.7910318970680237,0.7910318970680237,0
1994-07-18,0.9040367007255554,0.926637562112456,0.7910320345511274,0.7910320345511274,288823
1994-07-25,0.9266376495361328,0.9266376495361329,0.9040367860169526,0.9266376495361329,1231777
1994-08-01,0.9266376495361328,0.9492386028653028,0.9040367860169526,0.9266376495361329,1779372
1994-08-08,0.9492384791374207,0.9492384791374207,0.9266375287541572,0.9266375287541572,1577285
1994-08-15,0.9492384791374207,0.9492384791374207,0.9492384791374207,0.9492384791374207,0
1994-08-22,0.8362338542938232,0.8814356624099826,0.8362338542938232,0.8814356624099826,305773
1994-08-29,0.9040367007255554,0.9040367007255554,0.8362339369448911,0.8362339369448911,1648036
1994-09-05,0.8814356327056885,0.8814356327056885,0.8588346845042724,0.8588346845042724,296273
1994-09-12,0.8814356327056885,0.8814356327056885,0.8814356327056885,0.8814356327056885,0
1994-09-19,0.7910318970680237,0.8136328443368106,0.7910318970680237,0.8136328443368106,310523
1994-09-26,0.7910318970680237,0.7910318970680237,0.7910318970680237,0.7910318970680237,0
1994-10-03,0.8136332035064697,0.8136332035064697,0.7910322462607324,0.8136332035064697,499177
1994-10-10,0.8136332035064697,0.8136332035064697,0.8136332035064697,0.8136332035064697,0
1994-10-17,0.8588348627090454,0.8814358156000682,0.8588348627090454,0.8814358156000682,211754
1994-10-24,0.8588348627090454,0.8588348627090454,0.8588348627090454,0.8588348627090454,0
1994-10-31,0.8136332035064697,0.8588350281879391,0.8136332035064697,0.8588350281879391,439226
1994-11-07,0.8136332035064697,0.8136332035064697,0.8136332035064697,0.8136332035064697,0
1994-11-14,0.9040367007255554,0.926637562112456,0.8136329857480092,0.8136329857480092,590729
1994-11-21,0.9040367007255554,0.9040367007255554,0.9040367007255554,0.9040367007255554,0
1994-11-28,0.9040367007255554,0.926637562112456,0.9040367007255554,0.9040367007255554,483094
1994-12-05,0.9040367007255554,0.9040367007255554,0.9040367007255554,0.9040367007255554,0
1994-12-12,0.8588348627090454,0.9040367684910909,0.8588348627090454,0.9040367684910909,445593
1994-12-19,0.8588348627090454,0.8588348627090454,0.8588348627090454,0.8588348627090454,0
1994-12-26,0.8588348627090454,0.9040367684910909,0.8588348627090454,0.8588348627090454,1316145
1995-01-02,0.8588348627090454,0.8588348627090454,0.8588348627090454,0.8588348627090454,0
1995-01-09,0.8588348627090454,0.8588348627090454,0.8588348627090454,0.8588348627090454,0
1995-01-16,0.8136332035064697,0.8136332035064697,0.8136332035064697,0.8136332035064697,286523
1995-01-23,0.8136332035064697,0.8136332035064697,0.8136332035064697,0.8136332035064697,0
1995-01-30,0.7458301186561584,0.7458301186561584,0.7232291719506826,0.7232291719506826,218804
1995-02-06,0.7458301186561584,0.7458301186561584,0.7458301186561584,0.7458301186561584,0
1995-02-13,0.8136332035064697,0.836234160752207,0.8136332035064697,0.836234160752207,211904
1995-02-20,0.7910318970680237,0.8136328443368106,0.7684310396092023,0.8136328443368106,2672475
1995-02-27,0.7910318970680237,0.7910318970680237,0.7684310396092023,0.7684310396092023,1532367
1995-03-06,0.7910318970680237,0.7910318970680237,0.7910318970680237,0.7910318970680237,0
1995-03-13,0.7910318970680237,0.8136328443368106,0.7910318970680237,0.7910318970680237,354357
1995-03-20,0.7910318970680237,0.7910318970680237,0.7910318970680237,0.7910318970680237,0
1995-03-27,0.8588348627090454,0.8814358156000682,0.7910320938459652,0.7910320938459652,13648153
1995-04-03,0.8588348627090454,0.8588348627090454,0.8588348627090454,0.8588348627090454,0
1995-04-10,0.8588348627090454,0.8588348627090454,0.8588348627090454,0.8588348627090454,0
1995-04-17,0.8588348627090454,0.8588348627090454,0.8588348627090454,0.8588348627090454,0
1995-04-24,0.8588348627090454,0.8588348627090454,0.8588348627090454,0.8588348627090454,0
1995-05-01,0.8588348627090454,0.8588348627090454,0.8588348627090454,0.8588348627090454,0
1995-05-08,0.8588348627090454,0.8588348627090454,0.8588348627090454,0.8588348627090454,0
1995-05-15,1.004176139831543,1.004176139831543,1.004176139831543,1.004176139831543,0
1995-05-22,1.004176139831543,1.004176139831543,1.004176139831543,1.004176139831543,0
1995-05-29,1.004176139831543,1.004176139831543,1.004176139831543,1.004176139831543,0
1995-06-05,1.004176139831543,1.004176139831543,1.004176139831543,1.004176139831543,0
1995-06-12,1.004176139831543,1.004176139831543,1.004176139831543,1.004176139831543,0
1995-06-19,1.004176139831543,1.004176139831543,1.004176139831543,1.004176139831543,0
1995-06-26,1.004176139831543,1.004176139831543,1.004176139831543,1.004176139831543,0
1995-07-03,1.004176139831543,1.004176139831543,1.004176139831543,1.004176139831543,0
1995-07-10,1.004176139831543,1.004176139831543,1.004176139831543,1.004176139831543,0
1995-07-17,1.004176139831543,1.004176139831543,1.004176139831543,1.004176139831543,0
1995-07-24,1.004176139831543,1.004176139831543,1.004176139831543,1.004176139831543,0
1995-07-31,1.0570273399353027,1.083452957803326,1.0041758941821066,1.0041758941821066,13970726
1995-08-07,1.1098788976669312,1.1098788976669312,1.0570275465896,1.083453169623968,25283644
1995-08-14,1.1363047361373901,1.162730361739833,1.1098790055263419,1.1098790055263419,19388147
1995-08-21,1.1098788976669312,1.1627302487442623,1.1098788976669312,1.1363046257098945,12957787
1995-08-28,1.1098788976669312,1.1098788976669312,1.083453169623968,1.1098788976669312,21064301
1995-09-04,1.0834532976150513,1.109879028779753,1.0834532976150513,1.0834532976150513,15584196
1995-09-11,1.0834532976150513,1.109879028779753,1.0570276714589573,1.0834532976150513,15072666
1995-09-18,1.0306015014648438,1.1098785561942262,1.0306015014648438,1.0834528362815776,23798360
1995-09-25,1.004176139831543,1.0570275985136772,0.9777505154990763,1.0570275985136772,34707221
1995-10-02,1.0834532976150513,1.0834532976150513,1.0041762091295536,1.0306019402942554,26005594
1995-10-09,1.0834532976150513,1.0834532976150513,1.0570276714589573,1.0570276714589573,16734220
1995-10-16,1.0306015014648438,1.0834528362815776,1.0041757815521954,1.0834528362815776,27672781
1995-10-23,1.0306015014648438,1.0570272213774923,1.0041757815521954,1.0041757815521954,24973503
1995-10-30,1.0834532976150513,1.0834532976150513,1.0041762091295536,1.0306019402942554,33152069
1995-11-06,1.1363047361373901,1.162730361739833,1.0834532749152934,1.0834532749152934,45172504
1995-11-13,1.2420070171356201,1.2420070171356201,1.1363043414259613,1.1363043414259613,68904316
1995-11-20,1.215582013130188,1.242007642866713,1.189156278385041,1.242007642866713,23422970
1995-11-27,1.1627302169799805,1.2155816716220738,1.1627302169799805,1.2155816716220738,27562079
1995-12-04,1.2420070171356201,1.2420070171356201,1.1363043414259613,1.1363043414259613,29168882
1995-12-11,1.2684330940246582,1.2948588228617297,1.2155817413591137,1.2420073651875867,30010933
1995-12-18,1.294858694076538,1.294858694076538,1.2420072416589412,1.2684329678677397,27633413
1995-12-25,1.294858694076538,1.294858694076538,1.2684329678677397,1.294858694076538,12680114
1996-01-01,1.294858694076538,1.3212843152767484,1.294858694076538,1.294858694076538,15213337
1996-01-08,1.2420070171356201,1.2948584599990185,1.2420070171356201,1.2948584599990185,24468092
1996-01-15,1.294858694076538,1.294858694076538,1.2420072416589412,1.2684329678677397,25480249
1996-01-22,1.3212848901748657,1.3212848901748657,1.2684335197699432,1.2948592574767213,27786616
1996-01-29,1.2684330940246582,1.3212844466902027,1.2684330940246582,1.3212844466902027,45549729
1996-02-05,1.2684330940246582,1.2684330940246582,1.2155817413591137,1.2684330940246582,58988678
1996-02-12,1.2684330940246582,1.2948588228617297,1.2684330940246582,1.2684330940246582,33533927
1996-02-19,1.294858694076538,1.294858694076538,1.2420072416589412,1.2684329678677397,8543056
1996-02-26,1.3212848901748657,1.3212848901748657,1.2684335197699432,1.2684335197699432,26116879
1996-03-04,1.2684330940246582,1.3212844466902027,1.2420073651875867,1.3212844466902027,20894746
1996-03-11,1.215582013130188,1.242007642866713,1.215582013130188,1.242007642866713,28497816
1996-03-18,1.2420070171356201,1.2684327385673193,1.1891556792807907,1.2155814007124899,26584756
1996-03-25,1.2420070171356201,1.2684327385673193,1.2420070171356201,1.2684327385673193,24511727
1996-04-01,1.2420070171356201,1.2684327385673193,1.2420070171356201,1.2684327385673193,12390691
1996-04-08,1.2420070171356201,1.2684327385673193,1.2420070171356201,1.2420070171356201,17010194
1996-04-15,1.215582013130188,1.26843337761186,1.215582013130188,1.242007642866713,25115089
1996-04-22,1.215582013130188,1.242007642866713,1.215582013130188,1.242007642866713,25244809
1996-04-29,1.215582013130188,1.242007642866713,1.215582013130188,1.215582013130188,19078122
1996-05-06,1.215582013130188,1.215582013130188,1.189156278385041,1.215582013130188,19858506
1996-05-13,1.4156144857406616,1.4156144857406614,1.3848402125961938,1.4156144857406614,18520977
1996-05-20,1.3848395347595215,1.4156137928409294,1.3540652766781134,1.4156137928409294,22153925
1996-05-27,1.3848395347595215,1.4156137928409294,1.3848395347595215,1.3848395347595215,27560128
1996-06-03,1.3540656566619873,1.3848399233794058,1.3540656566619875,1.3848399233794058,21677581
1996-06-10,1.3540656566619873,1.3848399233794058,1.3540656566619875,1.3848399233794058,21213820
1996-06-17,1.292517066001892,1.3540654685999636,1.292517066001892,1.3540654685999636,23052161
1996-06-24,1.3232914209365845,1.3232914209365845,1.2925171563423432,1.3232914209365845,41554139
1996-07-01,1.292517066001892,1.3232913284451668,1.292517066001892,1.3232913284451668,22680937
1996-07-08,1.3232914209365845,1.3540655632423388,1.261742891748102,1.2925171563423432,32972432
1996-07-15,1.2617429494857788,1.323291481490738,1.230968805771792,1.323291481490738,38505322
1996-07-22,1.292517066001892,1.292517066001892,1.2309686634038206,1.2617428035586171,26672041
1996-07-29,1.3232914209365845,1.3232914209365845,1.261742891748102,1.2925171563423432,30717931
1996-08-05,1.3232914209365845,1.3540655632423388,1.2925171563423432,1.3232914209365845,16452381
1996-08-12,1.3540656566619873,1.3540656566619875,1.3232915122330644,1.3232915122330644,8958481
1996-08-19,1.3540656566619873,1.3540656566619875,1.3232915122330644,1.3540656566619875,22492849
1996-08-26,1.3232914209365845,1.3848398278365803,1.3232914209365845,1.3540655632423388,21027949
1996-09-02,1.3540656566619873,1.3848399233794058,1.3232915122330644,1.3232915122330644,15485642
1996-09-09,1.3540656566619873,1.3540656566619875,1.292517245515646,1.3540656566619875,35123581
1996-09-16,1.3232914209365845,1.3540655632423388,1.3232914209365845,1.3540655632423388,16688136
1996-09-23,1.4156144857406616,1.4463886365966083,1.3232917885957791,1.3232917885957791,43626619
1996-09-30,1.4463884830474854,1.4771627529249454,1.415614335458533,1.415614335458533,41702426
1996-10-07,1.477162480354309,1.477162480354309,1.4463882161554125,1.4463882161554125,25927475
1996-10-14,1.477162480354309,1.507936744553206,1.4463882161554125,1.477162480354309,27613162
1996-10-21,1.5079368352890015,1.5079368352890012,1.4463883031877005,1.5079368352890012,26217782
1996-10-28,1.477162480354309,1.507936744553206,1.477162480354309,1.507936744553206,38090429
1996-11-04,1.5079368352890015,1.538710979051159,1.477162569238351,1.477162569238351,35599924
1996-11-11,1.4156144857406616,1.507937182885544,1.4156144857406614,1.507937182885544,112664708
1996-11-18,1.477162480354309,1.477162480354309,1.3540655458472075,1.415614074245001,139416086
1996-11-25,1.477162480354309,1.507936744553206,1.4463882161554125,1.477162480354309,79449284
1996-12-02,1.3848395347595215,1.4771621867152844,1.3848395347595215,1.4771621867152844,88552219
1996-12-09,1.3848395347595215,1.4156137928409294,1.3540652766781134,1.3848395347595215,84376826
1996-12-16,1.5387113094329834,1.5387113094329834,1.415614463376834,1.415614463376834,130914314
1996-12-23,1.5387113094329834,1.5694855820912803,1.5387113094329834,1.5387113094329834,40364097
1996-12-30,1.5387113094329834,1.5694855820912803,1.5079371590632056,1.5387113094329834,35585191
1997-01-06,1.6310337781906128,1.6310337781906128,1.5694853637258825,1.5694853637258825,109365468
1997-01-13,1.6310337781906128,1.661808046567229,1.6002596321024987,1.6310337781906128,97022142
1997-01-20,1.6925818920135498,1.6925818920135496,1.6310334884812432,1.6310334884812432,128124484
1997-01-27,1.7233567237854004,1.7233567237854006,1.6618082999366235,1.6925824507167517,61494817
1997-02-03,1.7541301250457764,1.7541301250457764,1.6925816094982875,1.723355867272032,93147822
1997-02-10,1.7541301250457764,1.784904260531061,1.723355867272032,1.723355867272032,82324248
1997-02-17,1.7541301250457764,1.784904260531061,1.723355867272032,1.7541301250457764,47826330
1997-02-24,1.7849044799804688,1.7849044799804688,1.7233560791542224,1.7849044799804688,89147666
1997-03-03,1.7541301250457764,1.784904260531061,1.7541301250457764,1.784904260531061,58200493
1997-03-10,1.7541301250457764,1.784904260531061,1.723355867272032,1.7541301250457764,65226300
1997-03-17,1.7233567237854004,1.7541309968540493,1.6925824507167517,1.7541309968540493,46416731
1997-03-24,1.7541301250457764,1.7541301250457764,1.6925816094982875,1.723355867272032,44052079
1997-03-31,1.6925818920135498,1.7541304178343364,1.6925818920135496,1.7541304178343364,40717537
1997-04-07,1.6925818920135498,1.7233561549239431,1.6925818920135496,1.6925818920135496,39936553
1997-04-14,1.661807894706726,1.6925820379826155,1.661807894706726,1.6925820379826155,58344614
1997-04-21,1.661807894706726,1.6925820379826155,1.661807894706726,1.661807894706726,43553183
1997-04-28,1.6925818920135498,1.6925818920135496,1.6618077513916365,1.6618077513916365,39502778
1997-05-05,1.7233567237854004,1.7233567237854006,1.6925824507167517,1.6925824507167517,63642583
1997-05-12,2.0199077129364014,2.0199077129364014,1.984470683636504,1.984470683636504,85644539
1997-05-19,2.0199077129364014,2.0553446014192636,1.984470683636504,2.0199077129364014,61412116
1997-05-26,1.8781598806381226,2.0199078678949665,1.8427229894366959,1.9490338038580215,133838178
1997-06-02,1.8781598806381226,1.8781598806381226,1.8072859574182234,1.8427229894366959,81852304
1997-06-09,1.9844707250595093,1.9844707250595093,1.8072858564956114,1.8781597757577628,126176957
1997-06-16,1.9490340948104858,2.019908169427536,1.9490340948104858,2.019908169427536,70039223
1997-06-23,2.0199077129364014,2.0199077129364014,1.949033654336607,1.949033654336607,77413439
1997-06-30,1.9844707250595093,2.019907755099104,1.9490336950199145,1.9844707250595093,71748263
1997-07-07,2.0199077129364014,2.0199077129364014,1.984470683636504,1.984470683636504,46272345
1997-07-14,2.055345058441162,2.0907820956207592,2.0199081620786314,2.0199081620786314,92907467
1997-07-21,2.161655902862549,2.1970929379716453,2.019908044060279,2.0553449383523175,102200407
1997-07-28,2.1970927715301514,2.2325298039547032,2.126218847498094,2.126218847498094,101271086
1997-08-04,2.232529401779175,2.2679662870029573,2.1616553496975657,2.1970923757383702,83650077
1997-08-11,2.232529401779175,2.2679662870029573,2.1970923757383702,2.232529401779175,49982345
1997-08-18,2.1970927715301514,2.2325298039547032,2.161655739105599,2.1970927715301514,50767645
1997-08-25,2.090782642364502,2.19709364088676,2.090782642364502,2.19709364088676,65912966
1997-09-01,2.161655902862549,2.1970929379716453,2.090781973461414,2.090781973461414,54074170
1997-09-08,2.090782642364502,2.161656594440306,2.055345595918048,2.161656594440306,67241110
1997-09-15,2.1262190341949463,2.161655928914058,2.055344963122604,2.0907819986587755,49647054
1997-09-22,2.1262190341949463,2.161655928914058,2.1262190341949463,2.161655928914058,66588663
1997-09-29,2.161655902862549,2.1970929379716453,2.1262190085705104,2.1262190085705104,66946456
1997-10-06,2.161655902862549,2.2325299730807417,2.1262190085705104,2.161655902862549,111574900
1997-10-13,2.1970927715301514,2.2325298039547032,2.161655739105599,2.1970927715301514,78879371
1997-10-20,2.161655902862549,2.2325299730807417,2.1262190085705104,2.161655902862549,93023286
1997-10-27,2.1262190341949463,2.161655928914058,1.984471032867322,2.161655928914058,134942286
1997-11-03,2.161655902862549,2.2325299730807417,2.1262190085705104,2.1262190085705104,106012075
1997-11-10,2.161655902862549,2.1970929379716453,2.1262190085705104,2.161655902862549,30067085
1997-11-17,2.303403377532959,2.303403377532959,2.1970924372511424,2.1970924372511424,98283586
1997-11-24,2.303403377532959,2.303403377532959,2.2679663505000116,2.2679663505000116,55700255
1997-12-01,2.4097142219543457,2.445151390465449,2.303403420506178,2.338840448200253,99469680
1997-12-08,2.4451513290405273,2.48058821502736,2.4097141614196453,2.4097141614196453,88325782
1997-12-15,2.480588674545288,2.551462741282106,2.4451517819939306,2.4451517819939306,88346949
1997-12-22,2.480588674545288,2.516025567096646,2.480588674545288,2.480588674545288,28376080
1997-12-29,2.551462411880493,2.551462411880493,2.5160252422700804,2.5160252422700804,33391176
1998-01-05,2.4451513290405273,2.5514622686350745,2.4451513290405273,2.516025101014192,82008092
1998-01-12,2.5160253047943115,2.551462475285352,2.4097143565893355,2.4097143565893355,59086530
1998-01-19,2.5160253047943115,2.5868993641423197,2.5160253047943115,2.551462475285352,47562574
1998-01-26,2.764084577560425,2.764084577560425,2.5160254921843412,2.5514626653146926,85217580
1998-02-02,2.834958553314209,2.9058326227598568,2.728647589962794,2.799521659408442,73722956
1998-02-09,2.8703951835632324,2.905832355848073,2.8349582929124786,2.7995214022617247,59287201
1998-02-16,3.1538918018341064,3.224765879335174,2.870395773463982,2.870395773463982,83829332
1998-02-23,3.189328193664551,3.2956391522289756,3.1538913013544425,3.189328193664551,99802054
1998-03-02,3.224764585494995,3.2602014692104686,3.047579603649565,3.18932742014549,82429167
1998-03-09,3.2602033615112305,3.401951260281059,3.15389236702531,3.224766457227322,51517211
1998-03-16,3.4728243350982666,3.5436984045781097,3.295639302215716,3.295639302215716,75227724
1998-03-23,3.3665127754211426,3.5436977769208085,3.331075887774835,3.4728237199941296,100334365
1998-03-30,3.5082602500915527,3.543697415760299,3.2602014985805,3.3665124323186704,74301636
1998-04-06,3.756319761276245,3.82719382531319,3.472824068396649,3.5436981324335934,72427511
1998-04-13,3.8980681896209717,4.0043791607294805,3.756320322021004,3.756320322021004,71047231
1998-04-20,3.7208828926086426,4.0043785872051005,3.7208828926086426,3.968941695789067,83305486
1998-04-27,3.827193260192871,3.8271932601928715,3.5436976091740178,3.7208823206522887,73579671
1998-05-04,3.791757822036743,4.004379798096251,3.7917578220367436,3.8980688100664973,66896572
1998-05-11,4.062596797943115,4.2560536126079525,3.985213887578104,4.217362311174678,69246907
1998-05-18,4.139980316162109,4.217363243636539,4.02390638619826,4.062597696186209,77302803
1998-05-25,4.0239057540893555,4.217362581137811,3.985214142680879,4.13997966581934,59174349
1998-06-01,4.101287841796875,4.178670747301889,3.985213637288576,4.023905243790304,1856973
1998-06-08,3.8691413402557373,4.1399808527754125,3.8691413402557373,4.101289537772398,42315139
1998-06-15,3.753066062927246,3.9078315881772445,3.7143744509908823,3.8691402837393665,78727117
1998-06-22,3.9465224742889404,3.9465224742889404,3.7530656651072305,3.7530656651072305,106914795
1998-06-29,4.2173614501953125,4.2173614501953125,3.9465217804577053,4.023904675024907,73385265
1998-07-06,4.372127532958984,4.44951043816563,4.139979124837489,4.217362030044135,55550036
1998-07-13,4.913806438446045,4.913806438446045,4.37212680694507,4.37212680694507,75968457
1998-07-20,4.642967700958252,5.068572924921841,4.488201885427446,4.913807416889486,78606715
1998-07-27,4.836424350738525,4.836424350738525,4.488201738445651,4.6429675489081115,57737917
1998-08-03,4.642967700958252,4.8364245091240825,4.449510585293971,4.681659001091728,93614649
1998-08-10,4.565586566925049,4.642969504753754,4.217363807943732,4.642969504753754,68824081
1998-08-17,4.4882025718688965,4.797733942772871,4.449511265817836,4.449511265817836,48884803
1998-08-24,4.101287841796875,4.642967565335086,4.06259654279359,4.4882017543250585,68428955
1998-08-31,3.52091646194458,4.178669958297539,3.4435335710507795,4.178669958297539,119077567
1998-09-07,3.2500767707824707,3.753065142628206,3.2500767707824707,3.520916757929685,105704368
1998-09-14,3.4435348510742188,3.6756833025509636,3.3274606253358465,3.3661519314158044,69244490
1998-09-21,3.2500767707824707,3.5596080528799683,3.0566199885326433,3.3274596681814477,119556077
1998-09-28,2.5923240184783936,3.3274606942035425,2.476249790337659,3.2887693873227994,175247468
1998-10-05,2.824472188949585,2.824472188949585,2.514940996479051,2.5536324531938317,185440912
1998-10-12,3.4822256565093994,3.482225656509399,2.9018549187568023,2.9405462192740544,147199710
1998-10-19,3.52091646194458,3.6756819362337967,3.4048422793530717,3.4435335710507795,98795797
1998-10-26,3.714373826980591,3.791756730354599,3.5209170297932206,3.5209170297932206,76503469
1998-11-02,3.9078309535980225,4.101287751871116,3.753065453479861,3.7917567516347925,88914195
1998-11-09,3.5983004570007324,3.946523141387611,3.5983004570007324,3.9078318345107927,46235345
1998-11-16,4.139980316162109,4.139980316162109,3.6369923638231727,3.6369923638231727,92354955
1998-11-23,4.410819053649902,4.449510351752588,4.2173619481396,4.2173619481396,74583510
1998-11-30,4.2173614501953125,4.52689272096572,3.9465217804577053,4.410818532864117,84873388
1998-12-07,4.062596797943115,4.333436522972964,3.9465225861448285,4.2560536126079525,78836170
1998-12-14,4.139980316162109,4.217363243636539,3.907832148735881,3.9852147687117805,81683817
1998-12-21,4.642967700958252,4.642967700958252,4.178670869362737,4.217362169496212,46227829
1998-12-28,4.759042263031006,4.759042263031006,4.565585132969402,4.604276435982333,20366019
1999-01-04,5.029881000518799,5.3007209903339385,4.7590413182020725,4.836423908864901,124396469
1999-01-11,4.759042263031006,5.0685733021314014,4.488202219445066,5.0685733021314014,95848865
1999-01-18,4.759042263031006,5.0685733021314014,4.759042263031006,4.836424869056867,77160849
1999-01-25,4.952499866485596,5.029882792211379,4.642968778579507,4.681660087693137,76239063
1999-02-01,4.72035026550293,5.068572886564316,4.642967665821588,5.068572886564316,89544542
1999-02-08,4.604276180267334,4.759041998720531,4.372127760085995,4.7203503903580035,81704601
1999-02-15,4.6816582679748535,4.759041163622604,4.526892784177755,4.565584078252429,61631604
1999-02-22,4.604276180267334,4.913807509675271,4.604276180267334,4.681659089493933,76780876
1999-03-01,4.5268940925598145,4.565585397817213,4.25605403326255,4.488202479803924,102105105
1999-03-08,4.6816582679748535,4.797732457697278,4.449509888530004,4.565584078252429,107624711
1999-03-15,4.9911909103393555,5.02988221501301,4.681659550454661,4.681659550454661,101704914
1999-03-22,4.604276180267334,4.99119041890187,4.565584879403263,4.952498810539342,95928651
1999-03-29,4.836424350738525,4.836424350738525,4.604275942543276,4.681658847774506,53701327
1999-04-05,4.9911909103393555,5.107265131858806,4.836425076647765,4.836425076647765,59828430
1999-04-12,4.72035026550293,5.184647093584778,4.681658965662259,4.991190286882974,71354837
1999-04-19,4.5268940925598145,4.759042539101189,4.488202479803924,4.759042539101189,93146239
1999-04-26,4.72035026550293,4.797733172682721,4.488201851462006,4.565584758641797,67068791
1999-05-03,4.44951057434082,4.8751161047551665,4.410819274302589,4.7977331971802535,84779719
1999-05-10,4.4377288818359375,4.712632700520949,4.398457041500486,4.477001034283673,67091459
1999-05-17,4.594818115234375,4.634089966235031,4.359186385005703,4.437730087007014,103961247
1999-05-24,4.359185695648193,4.594817388614293,4.2806416939553875,4.594817388614293,71663643
1999-05-31,4.516273021697998,4.594817017039082,4.3199131894014355,4.39845718474252,69826003
1999-06-07,4.3984575271606445,4.594817374743742,4.319913525704942,4.555545217959731,1097148986
1999-06-14,4.634089946746826,4.634089946746826,4.359186366673578,4.39845821750908,73350547
1999-06-21,4.516273021697998,4.751904695608956,4.477001180083604,4.673360700267872,86979968
1999-06-28,4.908991813659668,4.908991813659668,4.477000668890113,4.516272506020366,89633177
1999-07-05,4.948264122009277,4.9875359604022815,4.830448294717996,4.908991971504004,75583130
1999-07-12,4.869719505310059,4.987535317412606,4.751903693207512,4.948263484082499,35056846
1999-07-19,4.3984575271606445,4.908992756341914,4.359185682488953,4.908992756341914,70172828
1999-07-26,4.319912910461426,4.555544569157471,4.16282524203482,4.477000891000306,80320570
1999-08-02,4.005737781524658,4.280641293568058,3.9664659404076845,4.202097299221819,97941713
1999-08-09,4.477000713348389,4.516272550868625,3.9271937396160306,4.005737414656504,96352827
1999-08-16,4.555544853210449,4.673360689904671,4.477001170155831,4.51627301168314,76030691
1999-08-23,4.830448627471924,4.869720468570237,4.555544803446855,4.555544803446855,77541142
1999-08-30,4.673360347747803,4.830448326580539,4.555544519679386,4.830448326580539,63486561
1999-09-06,4.634089946746826,4.7519058113657,4.594818095911324,4.712633960530198,53174432
1999-09-13,4.477000713348389,4.673360213061833,4.477000713348389,4.634088375541597,64617921
1999-09-20,4.555544853210449,4.594817006850053,4.398457174988919,4.477001170155831,72683617
1999-09-27,4.594818115234375,4.673361817235686,4.437730087007014,4.594818115234375,72721867
1999-10-04,4.830448627471924,4.869720468570237,4.555544803446855,4.59481695665746,61730506
1999-10-11,4.594818115234375,4.869721696463704,4.55554595212135,4.751905831349367,56111248
1999-10-18,4.830448627471924,4.869720468570237,4.516272962348542,4.555544803446855,69945655
1999-10-25,5.2624406814575195,5.3017125290152745,4.7911772623150926,4.869721269542945,128473309
1999-11-01,5.301711082458496,5.458799054053194,5.183895571930859,5.26243924561595,97954730
1999-11-08,5.380254745483398,5.458798409900124,5.2231667924255065,5.2624386246338695,66051269
1999-11-15,5.380254745483398,5.419526577691761,5.301710456842232,5.380254745483398,56578225
1999-11-22,5.2624406814575195,5.458800543470978,5.144624826671913,5.340984376573029,63552529
1999-11-29,5.576615333557129,5.655159642297447,5.223168129011801,5.26243997126966,81751003
1999-12-06,5.576615333557129,5.772975169071022,5.458799806783553,5.615887800039587,57987239
1999-12-13,5.2624406814575195,5.615888557926682,5.223168833899765,5.5373442385864875,68860916
1999-12-20,5.419527053833008,5.498070725150314,5.223167251315248,5.223167251315248,46946727
1999-12-27,5.419527053833008,5.498070725150314,5.301710922632553,5.380255218174355,33293572
2000-01-03,5.183895111083984,5.537342235470057,4.987535320103072,5.498070402118767,84681284
2000-01-10,5.2624406814575195,5.340984376573029,5.0268089718863065,5.18389698634201,78826737
2000-01-17,5.02680778503418,5.419527416338211,4.908991958065425,5.262439438971691,86752396
2000-01-24,4.987534999847412,5.105350804448418,4.791175221475,4.987534999847412,72159506
2000-01-31,5.419527053833008,5.458798889491661,4.908991629709281,4.869719794050628,77110198
2000-02-07,5.02680778503418,5.419527416338211,4.908991958065425,5.340983115542682,87397628
2000-02-14,5.02680778503418,5.1838957624007,4.987535946748684,4.987535946748684,67252511
2000-02-21,5.066080570220947,5.144624256633604,4.908992573171019,5.026808414902312,61562785
2000-02-28,4.869719505310059,5.2231669416176985,4.791175526537618,5.0660792961850465,76063542
2000-03-06,4.987534999847412,5.183894778219824,4.830447364416807,4.8697191952464065,64020389
2000-03-13,5.301711082458496,5.380255380368102,4.830448104011174,4.908991777696266,98939935
2000-03-20,5.694430351257324,5.9300619821339815,5.2231670895040105,5.262438923946041,132209308
2000-03-27,5.812245845794678,5.930061973167093,5.65515850826409,5.694430342646736,85341216
2000-04-03,5.851519584655762,6.47987032070392,5.73370343150635,5.812247117456217,142035779
2000-04-10,6.126420974731445,6.597683550426732,5.8515175454823645,5.8515175454823645,99765003
2000-04-17,6.047877788543701,6.244237594818712,5.812246145858588,5.890790442903297,52406315
2000-04-24,6.440598487854004,6.479870330890676,6.0478788090380675,6.0478788090380675,58351482
2000-05-01,6.047877788543701,6.558412910324026,6.0086059521336,6.440597401093723,64982162
2000-05-08,6.207566738128662,6.287150724357113,5.849437535115873,6.167774112522057,85416534
2000-05-15,5.769853115081787,6.247358261536092,5.690269134836847,6.207566271413622,105206007
2000-05-22,6.088190078735352,6.167774064342128,5.371932310797244,5.650476892913335,219948430
2000-05-29,6.326943397521973,6.486112019579472,5.929022791116898,5.929022791116898,80463456
2000-06-05,6.406526565551758,6.486111182556455,6.207566604270932,6.287150588783263,63785570
2000-06-12,6.724863052368164,6.923822992459172,6.326941907201548,6.4065258832379515,84856672
2000-06-19,6.486111164093018,6.645279132664589,6.326942563029081,6.605487140521696,76619954
2000-06-26,6.5656962394714355,6.804448864497259,6.4463196107122895,6.486112241960318,80502640
2000-07-03,6.605488300323486,6.764656929334494,6.287151674793944,6.52590430206422,74150450
2000-07-10,6.207566738128662,6.645279294877522,5.889229528230099,6.48611132242062,117109374
2000-07-17,6.326943397521973,6.486112019579472,6.2473594027394475,6.326943397521973,48959655
2000-07-24,6.366733551025391,6.565694112852617,6.207565607557421,6.486110141118632,57876054
2000-07-31,6.724863052368164,6.764655040386365,6.287149919183347,6.287149919183347,51023451
2000-08-07,6.525903701782227,6.804448302560348,6.40652708288165,6.764656307090962,58872043
2000-08-14,6.645280361175537,6.764656992165702,6.486112363178627,6.565696362177082,37849408
2000-08-21,6.804448127746582,6.884032116640754,6.645279517465836,6.645279517465836,58427765
2000-08-28,6.287150859832764,7.122784630714889,6.287150859832764,6.76465605247752,165057790
2000-09-04,6.645280361175537,6.764656992165702,6.287151733190007,6.287151733190007,90912723
2000-09-11,6.366733551025391,6.724862688812851,6.326941565158398,6.685070070453594,72960139
2000-09-18,6.048399448394775,6.406528096789722,5.769854803533701,6.366736095022785,127539821
2000-09-25,5.889230728149414,6.2075680029085785,5.8096467257058775,6.167775369194302,70128292
2000-10-02,6.088190078735352,6.12798207153874,5.809645496619261,5.809645496619261,77713712
2000-10-09,6.088190078735352,6.366734660851442,5.889229482226037,6.008606093128576,87656950
2000-10-16,6.048399448394775,6.247360089721975,5.650478165740375,6.088191450161712,108688218
2000-10-23,5.968814849853516,6.16777483885467,5.8892302217606,6.008606847653747,86615044
2000-10-30,6.486111164093018,6.565695148378803,5.8892293844725305,5.8892293844725305,94798292
2000-11-06,6.366733551025391,6.565694112852617,6.287149579291405,6.525902126985624,91746892
2000-11-13,6.5656962394714355,6.645280236982554,6.207567618178936,6.326943614445613,57684365
2000-11-20,6.525903701782227,6.605487692720999,6.207567105534717,6.565695697251613,65992934
2000-11-27,6.287150859832764,6.685071432041798,6.2473588658610995,6.525903456155142,114909940
2000-12-04,6.088190078735352,6.5259032645573685,6.0483980859319635,6.247358682441279,87435329
2000-12-11,5.7300615310668945,6.2075667113635005,5.5708929268039,6.167774085928468,143491661
2000-12-18,5.968814849853516,6.088190843254208,5.730062230559677,5.730062230559677,105447697
2000-12-25,6.127983093261719,6.2473597240680085,5.849438464703685,5.968815095509974,38125964
2001-01-01,5.889230728149414,6.326944006573884,5.76985472448411,6.127983367972533,114482065
2001-01-08,5.690270900726318,5.889230913082898,5.650478265762474,5.889230913082898,120053505
2001-01-15,5.610684871673584,5.889229452377941,5.610684871673584,5.730061481971092,101845665
2001-01-22,5.889230728149414,5.929023361863692,5.610686087104527,5.610686087104527,96000303
2001-01-29,5.7300615310668945,5.9290221282725435,5.7300615310668945,5.849437509894857,78587382
2001-02-05,5.570892810821533,5.769853403884952,5.570892810821533,5.730061411770741,97960931
2001-02-12,5.491310119628906,5.690270759541478,5.371933482684358,5.650478125564953,118603072
2001-02-19,5.093388080596924,5.570893292214437,5.093388080596924,5.491309301108991,105739519
2001-02-26,5.292349815368652,5.531102471907447,5.172973487099254,5.212765491106961,112480153
2001-03-05,5.292349815368652,5.451518463892033,5.212765491106961,5.371933823384066,70315397
2001-03-12,4.9740118980407715,5.292348818903474,4.854635592248035,5.292348818903474,130465387
2001-03-19,4.536297798156738,5.013802896119792,4.416921523665975,4.974010593792114,181456789
2001-03-26,5.0138044357299805,5.0138044357299805,4.576091189438007,4.615883187738649,176041819
2001-04-02,4.775052547454834,5.053597210869672,4.576091892874932,5.053597210869672,116701713
2001-04-09,5.0138044357299805,5.093388432331262,4.735259498886802,4.775051813433674,71446156
2001-04-16,5.093388080596924,5.371932681958404,4.854635474788167,5.013804089491478,120424998
2001-04-23,5.252556800842285,5.332140793546849,4.974011877637664,5.093388182940726,94166862
2001-04-30,5.332141876220703,5.570894535304768,5.21276554667867,5.332141876220703,109153645
2001-05-07,5.531101226806641,5.61068521690698,5.332140619063381,5.37193261411355,86978152
2001-05-14,5.822212219238281,5.822212219238281,5.337027814079749,5.539188090006489,47534586
2001-05-21,5.660484313964844,5.82221267592481,5.498755952004877,5.660484313964844,23970656
2001-05-28,5.3370280265808105,5.660484095343976,5.3370280265808105,5.4987557396303295,34898556
2001-06-04,5.498755931854248,5.660484293221548,5.3321760988177775,5.3321760988177775,12762071
2001-06-11,5.175299644470215,5.498755711583572,5.175299644470215,5.498755711583572,31108442
2001-06-18,5.498755931854248,5.498755931854248,5.175299851783798,5.175299851783798,20630206
2001-06-25,5.498755931854248,5.498755931854248,5.175299851783798,5.337028213151098,39682855
2001-07-02,5.3370280265808105,5.660484095343976,5.3370280265808105,5.4987557396303295,20359254
2001-07-09,5.3370280265808105,5.4987557396303295,5.1752996708671635,5.3370280265808105,21908870
2001-07-16,5.3370280265808105,5.3370280265808105,5.1752996708671635,5.3370280265808105,18312719
2001-07-23,5.175299644470215,5.3370279993589556,4.851843577356857,5.175299644470215,21899492
2001-07-30,5.3370280265808105,5.660484095343976,5.1752996708671635,5.1752996708671635,18546959
2001-08-06,5.3370280265808105,5.4987557396303295,5.1752996708671635,5.3370280265808105,16818510
2001-08-13,5.3370280265808105,5.4987557396303295,5.1752996708671635,5.3370280265808105,14807284
2001-08-20,5.3370280265808105,5.3370280265808105,5.1752996708671635,5.3370280265808105,14157350
2001-08-27,4.85184383392334,5.337028281582089,4.85184383392334,5.337028281582089,23094440
2001-09-03,4.204930305480957,4.851842635452489,4.043202303321074,4.851842635452489,39397551
2001-09-10,3.3962903022766113,4.36665914368825,3.2345622691520255,4.204931110563664,86383749
2001-09-17,2.749377965927124,3.5580188087673985,2.587649925891899,3.3962904474000988,58162345
2001-09-24,3.5580196380615234,3.5580196380615234,2.7493786067452635,2.7493786067452635,44403136
2001-10-01,3.7197465896606445,3.7197465896606445,3.2345621820240273,3.3962902107922157,41637013
2001-10-08,4.043203353881836,4.043203353881836,3.558018900002882,3.558018900002882,41067088
2001-10-15,3.5580196380615234,3.8814757935223074,3.5580196380615234,3.8814757935223074,31103995
2001-10-22,4.204930305480957,4.204930305480957,3.5580179755094252,3.5580179755094252,35001932
2001-10-29,4.043203353881836,4.366659442246416,3.7197469441851725,4.204931398064126,32154572
2001-11-05,4.528387546539307,4.528387546539307,4.043203407552018,4.043203407552018,30815057
2001-11-12,4.204930305480957,4.528386309800723,4.043202303321074,4.528386309800723,50281066
2001-11-19,4.204930305480957,4.36665830764084,4.043202303321074,4.204930305480957,22287992
2001-11-26,3.881474733352661,4.20493112179808,3.7197466997959823,4.20493112179808,29707331
2001-12-03,4.204930305480957,4.204930305480957,3.8814739798291913,3.8814739798291913,25401747
2001-12-10,3.7197465896606445,4.204930997297262,3.7197465896606445,4.043202968529074,24784172
2001-12-17,3.7197465896606445,3.881474618428833,3.3962902107922157,3.7197465896606445,61846400
2001-12-24,3.7197465896606445,3.881474618428833,3.7181293254395653,3.7197465896606445,9822749
2001-12-31,4.043203353881836,4.043203353881836,3.7197469441851725,3.795759333816703,15035544
2002-01-07,3.7197465896606445,4.043202968529074,3.7197465896606445,4.043202968529074,32126033
2002-01-14,3.5580196380615234,3.7197477157919154,3.5580196380615234,3.7197477157919154,28119971
2002-01-21,3.7197465896606445,3.7197465896606445,3.5580185608924566,3.7197465896606445,24650038
2002-01-28,3.3962903022766113,3.719746689857845,3.3962903022766113,3.719746689857845,44908773
2002-02-04,3.3962903022766113,3.3962903022766113,3.0728342360274397,3.3962903022766113,37163344
2002-02-11,3.5580196380615234,3.5580196380615234,3.396291238998981,3.396291238998981,29881466
2002-02-18,3.2345619201660156,3.5580182728486305,3.2345619201660156,3.5580182728486305,29171245
2002-02-25,3.5580196380615234,3.5580196380615234,3.2345631612685892,3.2345631612685892,47550562
2002-03-04,3.881474733352661,3.8814747333526607,3.5580186662393034,3.5580186662393034,40442693
2002-03-11,4.043203353881836,4.043203353881836,3.558018900002882,3.8814749883674624,43908969
2002-03-18,4.204930305480957,4.204930305480957,4.043202303321074,4.043202303321074,40728670
2002-03-25,4.093338489532471,4.204931006355543,4.043202977238959,4.204931006355543,27685344
2002-04-01,3.881474733352661,4.20493112179808,3.8814747333526607,4.093338601911338,23791246
2002-04-08,4.043203353881836,4.043203353881836,3.7197469441851725,3.8814749883674624,31501240
2002-04-15,4.043203353881836,4.204931398064126,4.043203353881836,4.043203353881836,27863943
2002-04-22,3.881474733352661,4.043203088241402,3.7197466997959823,4.043203088241402,39642727
2002-04-29,3.7197465896606445,3.881474618428833,3.5580185608924566,3.881474618428833,40790966
2002-05-06,3.7197465896606445,3.7197465896606445,3.5580185608924566,3.7197465896606445,25315923
2002-05-13,4.148809432983398,4.148809432983398,3.8030754852999413,3.8030754852999413,38703941
2002-05-20,3.8030757904052734,4.148809765825563,3.8030757904052734,4.148809765825563,27948916
2002-05-27,3.6302075386047363,3.9759417698099266,3.6302075386047363,3.8030748259391283,36565314
2002-06-03,3.457340955734253,3.630207917655058,3.457340955734253,3.630207917655058,32250561
2002-06-10,3.1116065979003906,3.4573404735206665,3.11160659790039,3.4573404735206665,40659595
2002-06-17,3.1116065979003906,3.4573404735206665,2.938739316626671,3.2844735357105286,40528945
2002-06-24,3.2844743728637695,3.2844743728637695,2.7658730837876653,3.111607390992958,52665669
2002-07-01,2.93873929977417,3.2844735168753787,2.765872362955355,3.2844735168753787,49785234
2002-07-08,2.593005418777466,2.938739291433886,2.420138310717466,2.938739291433886,49279567
2002-07-15,2.4201385974884033,2.593005726032051,2.247271640676565,2.593005726032051,51200777
2002-07-22,2.074404716491699,2.4201388359069824,1.5558034515028611,2.247271862065254,117512771
2002-07-29,1.9015378952026367,2.4201392486327182,1.9015378952026365,2.0744050702566157,76650554
2002-08-05,2.2472712993621826,2.2472712993621826,1.728670164227916,2.074404197073499,63361470
2002-08-12,2.2472712993621826,2.4201382299190826,2.074404197073499,2.2472712993621826,33675884
2002-08-19,2.593005418777466,2.938739291433886,2.247271374389256,2.420138310717466,64471787
2002-08-26,2.4201385974884033,2.7658726828438898,2.4201385974884033,2.593005726032051,49148297
2002-09-02,2.4201385974884033,2.4201385974884033,2.0744045121329173,2.4201385974884033,57702733
2002-09-09,2.2472712993621826,2.5930053322077655,2.074404197073499,2.4201382299190826,47210732
2002-09-16,1.7286704778671265,2.2472717070931716,1.7286704778671265,2.2472717070931716,85438337
2002-09-23,1.9015378952026367,1.9015378952026365,1.555803716826534,1.7286708918805131,67748054
2002-09-30,1.7286704778671265,2.074404573440552,1.7286704778671265,1.7286704778671265,67347582
2002-10-07,2.074404716491699,2.074404716491699,1.7286705970764158,1.7286705970764158,67182435
2002-10-14,2.4201385974884033,2.593005726032051,2.0744045121329173,2.0744045121329173,87766954
2002-10-21,2.4201385974884033,2.4201385974884033,2.247271640676565,2.4201385974884033,57075974
2002-10-28,2.4201385974884033,2.593005726032051,2.4201385974884033,2.4201385974884033,62756388
2002-11-04,2.2472712993621826,2.7658722627646655,2.2472712993621826,2.5930053322077655,56301213
2002-11-11,2.4201385974884033,2.4201385974884033,2.0744045121329173,2.247271640676565,62476119
2002-11-18,2.7658722400665283,2.7658722400665283,2.4201382100582123,2.4201382100582123,43402743
2002-11-25,2.7658722400665283,2.938739169204795,2.593005310928261,2.7658722400665283,57246668
2002-12-02,2.4201385974884033,2.938739639655728,2.4201385974884033,2.7658726828438898,56077443
2002-12-09,2.4201385974884033,2.593005726032051,2.247271640676565,2.593005726032051,46362313
2002-12-16,2.2472712993621826,2.5930053322077655,2.2472712993621826,2.4201382299190826,46037023
2002-12-23,2.2472712993621826,2.4201382299190826,2.2472712993621826,2.2472712993621826,10014890
2002-12-30,2.4201385974884033,2.4201385974884033,2.0744045121329173,2.247271640676565,27690028
2003-01-06,2.4201385974884033,2.593005726032051,2.247271640676565,2.4201385974884033,40324896
2003-01-13,2.2472712993621826,2.4201382299190826,2.2472712993621826,2.4201382299190826,34958055
2003-01-20,2.074404716491699,2.247271862065254,1.9015375709181443,2.247271862065254,59724073
2003-01-27,1.9015378952026367,2.0744050702566157,1.7286708918805131,2.0744050702566157,60276308
2003-02-03,1.9015378952026367,2.0744050702566157,1.9015378952026365,2.0744050702566157,52639905
2003-02-10,2.074404716491699,2.074404716491699,1.7286705970764158,1.9015375709181443,50620104
2003-02-17,2.074404716491699,2.247271862065254,1.9015375709181443,2.074404716491699,40467396
2003-02-24,1.9015378952026367,2.0744050702566157,1.7286708918805131,2.0744050702566157,73613706
2003-03-03,1.7286704778671265,2.074404573440552,1.7286704778671265,1.9015374397879317,56467985
2003-03-10,2.074404716491699,2.074404716491699,1.5558034515028611,1.7286705970764158,110957281
2003-03-17,2.2472712993621826,2.2472712993621826,1.9015370947848158,1.9015370947848158,99844834
2003-03-24,2.074404716491699,2.247271862065254,1.9015375709181443,2.074404716491699,56804127
2003-03-31,2.074404716491699,2.247271862065254,1.9015375709181443,1.9015375709181443,67137972
2003-04-07,2.074404716491699,2.4201388359069824,2.074404716491699,2.247271862065254,92495188
2003-04-14,2.2559151649475098,2.4201388788790252,2.074404753324879,2.074404753324879,62818349
2003-04-21,2.2472712993621826,2.4201382299190826,2.2472712993621826,2.2559145600241357,57013928
2003-04-28,2.4201385974884033,2.4201385974884033,2.247271640676565,2.247271640676565,52890438
2003-05-05,2.303206205368042,2.4803758187007,2.303206205368042,2.4803758187007,81118659
2003-05-12,2.5267248153686523,2.721088158734759,2.5267248153686523,2.5267248153686523,75232715
2003-05-19,2.3323607444763184,2.526724236392842,2.3323607444763184,2.526724236392842,69113125
2003-05-26,2.5267248153686523,2.5267248153686523,2.3323612789155077,2.3323612789155077,41227980
2003-06-02,2.7210874557495117,2.7210874557495117,2.5267241625966124,2.5267241625966124,49953774
2003-06-09,2.7210874557495117,2.9154509419893997,2.5267241625966124,2.7210874557495117,58903360
2003-06-16,2.7210874557495117,2.9154509419893997,2.7210874557495117,2.7210874557495117,56356476
2003-06-23,2.7210874557495117,2.7210874557495117,2.5267241625966124,2.7210874557495117,51420764
2003-06-30,2.7210874557495117,2.7210874557495117,2.5267241625966124,2.7210874557495117,37034143
2003-07-07,2.7210874557495117,2.7210874557495117,2.7210874557495117,2.7210874557495117,41741243
2003-07-14,2.9154512882232666,2.9154512882232666,2.7210877789011105,2.7210877789011105,50728046
2003-07-21,2.9154512882232666,2.9154512882232666,2.7210877789011105,2.9154512882232666,36971152
2003-07-28,2.9154512882232666,2.9154512882232666,2.9154512882232666,2.9154512882232666,53234675
2003-08-04,2.9154512882232666,2.9154512882232666,2.7210877789011105,2.9154512882232666,34230425
2003-08-11,3.109814167022705,3.109814167022705,2.721087396144867,2.915450878127278,62490006
2003-08-18,3.30417799949646,3.30417799949646,3.109814678625852,3.109814678625852,61667658
2003-08-25,3.109814167022705,3.3041774559181323,3.109814167022705,3.3041774559181323,39323712
2003-09-01,3.30417799949646,3.4985417065410993,3.109814678625852,3.109814678625852,46933044
2003-09-08,3.109814167022705,3.3041774559181323,3.109814167022705,3.3041774559181323,36442239
2003-09-15,3.30417799949646,3.30417799949646,3.109814678625852,3.109814678625852,58446360
2003-09-22,2.9154512882232666,3.109814604458412,2.9154512882232666,3.109814604458412,70933788
2003-09-29,3.109814167022705,3.109814167022705,2.721087396144867,2.915450878127278,74276338
2003-10-06,2.9154512882232666,3.109814604458412,2.9154512882232666,3.109814604458412,40772611
2003-10-13,3.109814167022705,3.109814167022705,3.109814167022705,3.109814167022705,49487292
2003-10-20,2.9154512882232666,3.109814604458412,2.9154512882232666,3.109814604458412,39899745
2003-10-27,3.109814167022705,3.109814167022705,3.109814167022705,3.109814167022705,40463139
2003-11-03,3.30417799949646,3.30417799949646,3.109814678625852,3.109814678625852,61287282
2003-11-10,3.30417799949646,3.30417799949646,3.109814678625852,3.30417799949646,37049802
2003-11-17,3.109814167022705,3.109814167022705,2.915450878127278,3.109814167022705,47661905
2003-11-24,3.109814167022705,3.109814167022705,3.109814167022705,3.109814167022705,37957788
2003-12-01,3.30417799949646,3.30417799949646,3.109814678625852,3.109814678625852,48950568
2003-12-08,3.30417799949646,3.30417799949646,3.109814678625852,3.109814678625852,29736799
2003-12-15,3.30417799949646,3.30417799949646,3.109814678625852,3.30417799949646,40237879
2003-12-22,3.2769665718078613,3.304177159490299,3.2769665718078613,3.304177159490299,13700889
2003-12-29,3.30417799949646,3.30417799949646,3.2983471577964463,3.30417799949646,18812194
2004-01-05,3.4985415935516357,3.498541593551636,3.3041778927841983,3.3041778927841983,56005038
2004-01-12,3.6929054260253906,3.69290542602539,3.498542084175126,3.498542084175126,54278568
2004-01-19,3.6929054260253906,3.69290542602539,3.69290542602539,3.69290542602539,42077511
2004-01-26,3.4985415935516357,3.692904908145055,3.498541593551636,3.692904908145055,44865211
2004-02-02,3.4985415935516357,3.692904908145055,3.498541593551636,3.498541593551636,35178609
2004-02-09,3.4985415935516357,3.692904908145055,3.498541593551636,3.498541593551636,32596976
2004-02-16,3.6929054260253906,3.69290542602539,3.498542084175126,3.498542084175126,33007369
2004-02-23,3.4985415935516357,3.692904908145055,3.498541593551636,3.692904908145055,49938016
2004-03-01,3.6929054260253906,3.69290542602539,3.498542084175126,3.498542084175126,34113170
2004-03-08,3.30417799949646,3.6929050274117072,3.30417799949646,3.6929050274117072,49881354
2004-03-15,3.30417799949646,3.4985417065410993,3.109814678625852,3.30417799949646,56829706
2004-03-22,3.30417799949646,3.30417799949646,3.109814678625852,3.30417799949646,57410593
2004-03-29,3.4985415935516357,3.498541593551636,3.3041778927841983,3.3041778927841983,49519104
2004-04-05,3.510202646255493,3.692904245018179,3.4985409653261565,3.4985409653261565,32167795
2004-04-12,3.4985415935516357,3.5102032765750355,3.3041778927841983,3.5102032765750355,29151205
2004-04-19,3.4985415935516357,3.692904908145055,3.498541593551636,3.498541593551636,53104328
2004-04-26,3.4985415935516357,3.692904908145055,3.3041778927841983,3.692904908145055,56157268
2004-05-03,3.3754372596740723,3.573992694274397,3.3754372596740723,3.3754372596740723,59854930
2004-05-10,3.176882028579712,3.3754370567403447,3.176882028579712,3.3754370567403447,57056032
2004-05-17,3.6991090774536133,3.6991090774536133,3.4815145275637276,3.4815145275637276,50272686
2004-05-24,3.6991090774536133,3.6991090774536133,3.4815145275637276,3.6991090774536133,43492441
2004-05-31,3.6991090774536133,3.6991090774536133,3.4815145275637276,3.6991090774536133,27085351
2004-06-07,3.6991090774536133,3.9167040596748883,3.6991090774536133,3.6991090774536133,25456040
2004-06-14,3.9167041778564453,3.9167041778564453,3.6991091890695187,3.6991091890695187,38239022
2004-06-21,3.9167041778564453,3.9167041778564453,3.6991091890695187,3.9167041778564453,48445519
2004-06-28,3.9167041778564453,3.9167041778564453,3.9167041778564453,3.9167041778564453,44417610
2004-07-05,3.6991090774536133,3.9167040596748883,3.6991090774536133,3.9167040596748883,29134763
2004-07-12,3.6991090774536133,3.9167040596748883,3.6991090774536133,3.6991090774536133,28134357
2004-07-19,3.6991090774536133,3.6991090774536133,3.6991090774536133,3.6991090774536133,35549993
2004-07-26,3.6991090774536133,3.6991090774536133,3.4815145275637276,3.6991090774536133,31853286
2004-08-02,3.4815144538879395,3.6991089991730903,3.4815144538879395,3.6991089991730903,36962006
2004-08-09,3.4815144538879395,3.4815144538879395,3.4815144538879395,3.4815144538879395,36833181
2004-08-16,3.4815144538879395,3.6991089991730903,3.4815144538879395,3.4815144538879395,31686709
2004-08-23,3.6991090774536133,3.6991090774536133,3.4815145275637276,3.6991090774536133,24242893
2004-08-30,3.6991090774536133,3.6991090774536133,3.6991090774536133,3.6991090774536133,33332196
2004-09-06,3.6991090774536133,3.6991090774536133,3.6991090774536133,3.6991090774536133,22718076
2004-09-13,3.6991090774536133,3.6991090774536133,3.6991090774536133,3.6991090774536133,31713230
2004-09-20,3.6991090774536133,3.6991090774536133,3.4815145275637276,3.6991090774536133,38073188
2004-09-27,3.6991090774536133,3.6991090774536133,3.4815145275637276,3.6991090774536133,51498781
2004-10-04,3.6991090774536133,3.9167040596748883,3.6991090774536133,3.6991090774536133,44139878
2004-10-11,3.6991090774536133,3.6991090774536133,3.4815145275637276,3.6991090774536133,41148156
2004-10-18,3.6991090774536133,3.6991090774536133,3.4815145275637276,3.6991090774536133,62327721
2004-10-25,3.6991090774536133,3.6991090774536133,3.4815145275637276,3.4815145275637276,49742293
2004-11-01,3.9167041778564453,3.9167041778564453,3.6991091890695187,3.6991091890695187,39066115
2004-11-08,3.9167041778564453,3.9167041778564453,3.6991091890695187,3.9167041778564453,33021212
2004-11-15,3.9167041778564453,3.9167041778564453,3.9167041778564453,3.9167041778564453,39420659
2004-11-22,3.9167041778564453,3.9167041778564453,3.9167041778564453,3.9167041778564453,40346908
2004-11-29,3.9167041778564453,4.13429873431197,3.9167041778564453,3.9167041778564453,45799145
2004-12-06,3.9167041778564453,3.9167041778564453,3.9167041778564453,3.9167041778564453,34297423
2004-12-13,3.9167041778564453,3.9167041778564453,3.9167041778564453,3.9167041778564453,43711762
2004-12-20,3.9167041778564453,3.9167041778564453,3.9167041778564453,3.9167041778564453,23736184
2004-12-27,3.9167041778564453,3.9167041778564453,3.9167041778564453,3.9167041778564453,12546025
2005-01-03,3.9167041778564453,4.13429873431197,3.9167041778564453,3.9167041778564453,29600713
2005-01-10,3.9167041778564453,4.13429873431197,3.9167041778564453,4.13429873431197,46148292
2005-01-17,3.9167041778564453,4.13429873431197,3.9167041778564453,3.9167041778564453,34014460
2005-01-24,3.9167041778564453,4.13429873431197,3.9167041778564453,3.9167041778564453,32161361
2005-01-31,4.134298801422119,4.134298801422119,3.9167042414344837,3.9167042414344837,29315819
2005-02-07,4.134298801422119,4.134298801422119,4.134298801422119,4.134298801422119,36248023
2005-02-14,4.134298801422119,4.351893361409755,4.134298801422119,4.134298801422119,30780569
2005-02-21,4.351892948150635,4.351892948150635,4.134298408825945,4.351892948150635,53932789
2005-02-28,4.56948709487915,4.56948709487915,4.351892574249508,4.351892574249508,43406766
2005-03-07,4.56948709487915,4.56948709487915,4.351892574249508,4.56948709487915,33215601
2005-03-14,4.56948709487915,4.56948709487915,4.351892574249508,4.56948709487915,50640132
2005-03-21,4.502033710479736,4.5694877842693655,4.351893230811633,4.5694877842693655,26543940
2005-03-28,4.56948709487915,4.56948709487915,4.351892574249508,4.502033031266193,31175497
2005-04-04,4.56948709487915,4.56948709487915,4.351892574249508,4.56948709487915,46435228
2005-04-11,4.351892948150635,4.569487487475325,4.351892948150635,4.569487487475325,40664812
2005-04-18,4.351892948150635,4.351892948150635,4.134298408825945,4.134298408825945,58155612
2005-04-25,4.271434783935547,4.496247023439529,4.271434783935547,4.496247023439529,43748122
2005-05-02,4.496245861053467,4.496245861053467,4.2714336796687595,4.2714336796687595,35515501
2005-05-09,4.940929412841797,4.940929412841797,4.693883064911755,4.940929412841797,33661192
2005-05-16,4.940929412841797,4.940929412841797,4.693883064911755,4.940929412841797,41357624
2005-05-23,4.940929412841797,4.940929412841797,4.940929412841797,4.940929412841797,27948272
2005-05-30,4.940929412841797,4.940929412841797,4.940929412841797,4.940929412841797,29853164
2005-06-06,4.940929412841797,4.940929412841797,4.940929412841797,4.940929412841797,32628945
2005-06-13,4.940929412841797,5.18797576077184,4.940929412841797,4.940929412841797,35297544
2005-06-20,5.1879754066467285,5.187975406646729,4.940929075579779,5.187975406646729,46169165
2005-06-27,5.1879754066467285,5.187975406646729,4.940929075579779,5.187975406646729,31796156
2005-07-04,5.1879754066467285,5.187975406646729,4.940929075579779,5.187975406646729,52909929
2005-07-11,5.435022354125977,5.435022354125976,5.187975526503401,5.187975526503401,34610094
2005-07-18,5.435022354125977,5.682068690900384,5.435022354125976,5.435022354125976,43662862
2005-07-25,5.682069301605225,5.682069301605225,5.435022938278446,5.435022938278446,29199505
2005-08-01,5.435022354125977,5.682068690900384,5.435022354125976,5.682068690900384,29662678
2005-08-08,5.682069301605225,5.682069301605225,5.435022938278446,5.435022938278446,31808383
2005-08-15,5.682069301605225,5.682069301605225,5.435022938278446,5.682069301605225,24243802
2005-08-22,5.1879754066467285,5.682068559628785,5.187975406646729,5.682068559628785,33245819
2005-08-29,5.1879754066467285,5.435022228561834,5.187975406646729,5.187975406646729,35143180
2005-09-05,5.435022354125977,5.435022354125976,5.187975526503401,5.187975526503401,28442571
2005-09-12,5.435022354125977,5.682068690900384,5.435022354125976,5.682068690900384,28515145
2005-09-19,5.435022354125977,5.435022354125976,5.187975526503401,5.435022354125976,31850511
2005-09-26,5.682069301605225,5.682069301605225,5.435022938278446,5.435022938278446,33594581
2005-10-03,5.435022354125977,5.682068690900384,5.435022354125976,5.682068690900384,34628546
2005-10-10,5.682069301605225,5.682069301605225,5.435022938278446,5.435022938278446,33578934
2005-10-17,5.682069301605225,5.682069301605225,5.435022938278446,5.682069301605225,43637221
2005-10-24,5.682069301605225,5.929115664932003,5.682069301605225,5.682069301605225,47964822
2005-10-31,6.176163196563721,6.176163196563721,5.929116315290415,5.929116315290415,46769529
2005-11-07,6.176163196563721,6.176163196563721,5.929116315290415,6.176163196563721,57731403
2005-11-14,6.176163196563721,6.423209586988753,6.176163196563721,6.176163196563721,36090086
2005-11-21,6.423208713531494,6.423208713531493,6.176162356700954,6.176162356700954,24329426
2005-11-28,6.6702561378479,6.6702561378479,6.423209741480867,6.423209741480867,43946110
2005-12-05,6.6702561378479,6.6702561378479,6.423209741480867,6.6702561378479,36474573
2005-12-12,6.6702561378479,6.6702561378479,6.423209741480867,6.6702561378479,34516804
2005-12-19,6.917301177978516,6.9173011779785165,6.670254830048473,6.670254830048473,49971157
2005-12-26,6.6702561378479,6.917302534214934,6.6702561378479,6.917302534214934,13431112
2006-01-02,6.917301177978516,7.164347525908559,6.670254830048473,6.670254830048473,32201074
2006-01-09,6.6702561378479,6.917302534214934,6.6702561378479,6.917302534214934,60515641
2006-01-16,6.423208713531494,6.670255070362034,6.423208713531493,6.670255070362034,45261436
2006-01-23,6.917301177978516,6.9173011779785165,6.423208482118431,6.423208482118431,51740879
2006-01-30,6.917301177978516,6.9173011779785165,6.670254830048473,6.9173011779785165,32736866
2006-02-06,6.917301177978516,6.9173011779785165,6.670254830048473,6.9173011779785165,29134549
2006-02-13,7.164350509643555,7.164350509643555,6.917304058826148,6.917304058826148,37336685
2006-02-20,7.164350509643555,7.411397451309355,7.164350509643555,7.164350509643555,26107124
2006-02-27,7.164350509643555,7.658443902126763,7.164350509643555,7.164350509643555,41043284
2006-03-06,7.164350509643555,7.411397451309355,6.917304058826148,7.164350509643555,43130473
2006-03-13,7.164350509643555,7.411397451309355,7.164350509643555,7.164350509643555,39448902
2006-03-20,7.164350509643555,7.411397451309355,6.917304058826148,7.411397451309355,39415294
2006-03-27,7.164350509643555,7.164350509643555,6.917304058826148,7.164350509643555,36092474
2006-04-03,7.164350509643555,7.164350509643555,7.164350509643555,7.164350509643555,34355670
2006-04-10,6.917301177978516,7.164347525908559,6.670254830048473,7.164347525908559,30954291
2006-04-17,7.164350509643555,7.164350509643555,6.917304058826148,6.917304058826148,29574200
2006-04-24,7.164350509643555,7.164350509643555,6.917304058826148,7.164350509643555,40542958
2006-05-01,7.411395072937012,7.411395072937013,7.164348210550405,7.164348210550405,33580615
2006-05-08,7.133774280548096,7.898107365730501,7.133774280548095,7.643329839406036,51687762
2006-05-15,7.523903846740723,7.802566808632477,7.245240884848967,7.802566808632477,73022018
2006-05-22,7.8025665283203125,7.8025665283203125,7.24524062455909,7.523903576439701,50630511
2006-05-29,7.523903846740723,7.802566808632477,7.245240884848967,7.802566808632477,40015251
2006-06-05,7.245240211486816,7.52390314748004,6.9665772754935915,7.52390314748004,48248695
2006-06-12,6.687915802001953,7.245242395668602,6.409252782001781,6.96657937566843,77028519
2006-06-19,6.8070387840271,7.090665330819963,6.8070387840271005,6.8070387840271005,80615655
2006-06-26,7.374293327331543,7.374293327331543,6.807040122229017,6.807040122229017,104873115
2006-07-03,7.374293327331543,7.374293327331543,7.374293327331543,7.374293327331543,37850923
2006-07-10,6.8070387840271,7.374291877612826,6.8070387840271005,7.374291877612826,53577765
2006-07-17,7.090665340423584,7.3742918876005925,6.807038793246576,6.807038793246576,41496955
2006-07-24,7.657919406890869,7.65791940689087,7.090665727874621,7.090665727874621,39309177
2006-07-31,7.941547870635986,7.941547870635986,7.6579212400656,7.6579212400656,46729234
2006-08-07,7.941547870635986,7.941547870635986,7.6579212400656,7.941547870635986,34753390
2006-08-14,8.225173950195312,8.225173950195312,7.941547338625302,7.941547338625302,39121593
2006-08-21,7.941547870635986,8.225174501206373,7.941547870635986,8.225174501206373,38304536
2006-08-28,8.225173950195312,8.508800561765323,7.941547338625302,7.941547338625302,32664923
2006-09-04,7.941547870635986,8.50880113177676,7.941547870635986,8.225174501206373,35602191
2006-09-11,8.225173950195312,8.225173950195312,7.941547338625302,7.941547338625302,38154004
2006-09-18,8.225173950195312,8.225173950195312,7.941547338625302,8.225173950195312,31130105
2006-09-25,8.225173950195312,8.508800561765323,8.225173950195312,8.225173950195312,34493824
2006-10-02,8.508797645568848,8.508797645568848,8.22517113120536,8.22517113120536,40641097
2006-10-09,8.792428016662598,8.792428016662598,8.508801377888489,8.508801377888489,40880473
2006-10-16,8.792428016662598,8.792428016662598,8.508801377888489,8.792428016662598,42429190
2006-10-23,8.508797645568848,8.792424159932335,8.508797645568848,8.792424159932335,27276714
2006-10-30,8.508797645568848,8.508797645568848,8.22517113120536,8.508797645568848,32029751
2006-11-06,8.508797645568848,8.792424159932335,8.508797645568848,8.508797645568848,36400233
2006-11-13,8.508797645568848,8.792424159932335,8.508797645568848,8.508797645568848,32170021
2006-11-20,8.508797645568848,8.792424159932335,8.22517113120536,8.508797645568848,28308563
2006-11-27,7.941547870635986,8.50880113177676,7.941547870635986,8.50880113177676,48917877
2006-12-04,8.225173950195312,8.508800561765323,7.941547338625302,7.941547338625302,47597964
2006-12-11,8.792428016662598,8.792428016662598,8.22517473911438,8.508801377888489,51592245
2006-12-18,8.508797645568848,8.792424159932335,8.508797645568848,8.792424159932335,27506564
2006-12-25,8.792428016662598,8.792428016662598,8.508801377888489,8.548509218050125,10911293
2007-01-01,8.792428016662598,9.076054655436705,8.698831281233772,8.698831281233772,29902225
2007-01-08,9.359678268432617,9.359678268432617,8.792425174264853,8.792425174264853,51639591
2007-01-15,9.359678268432617,9.359678268432617,9.076051721348735,9.359678268432617,45516006
2007-01-22,9.076053619384766,9.359680225782258,9.076053619384766,9.359680225782258,51404939
2007-01-29,9.359678268432617,9.359678268432617,9.076051721348735,9.076051721348735,41661630
2007-02-05,9.359678268432617,9.359678268432617,9.359678268432617,9.359678268432617,30357082
2007-02-12,9.359678268432617,9.359678268432617,9.076051721348735,9.359678268432617,35445705
2007-02-19,9.643304824829102,9.643304824829102,9.35967827747132,9.35967827747132,42706190
2007-02-26,8.792428016662598,9.643307932984923,8.792428016662598,9.643307932984923,80917272
2007-03-05,9.076053619384766,9.076053619384766,8.508800406589778,8.508800406589778,54386097
2007-03-12,8.508797645568848,9.076050674295821,8.508797645568848,9.076050674295821,71734142
2007-03-19,9.076053619384766,9.076053619384766,8.508800406589778,8.508800406589778,57837125
2007-03-26,9.076053619384766,9.076053619384766,8.792427012987272,9.076053619384766,35016287
2007-04-02,9.195175170898438,9.359678235427321,8.792425143259878,9.0760516893436,26919194
2007-04-09,9.359678268432617,9.359678268432617,9.076051721348735,9.195175203323643,32817981
2007-04-16,9.643304824829102,9.643304824829102,9.35967827747132,9.643304824829102,58427335
2007-04-23,9.643304824829102,9.643304824829102,9.35967827747132,9.643304824829102,39115218
2007-04-30,9.926932334899902,9.926932334899902,9.359679185172178,9.359679185172178,33028741
2007-05-07,9.643304824829102,9.926931372186884,9.35967827747132,9.926931372186884,45945353
2007-05-14,9.359678268432617,9.6433048155165,9.359678268432617,9.6433048155165,44924954
2007-05-21,9.3772611618042,9.67030050160548,9.3772611618042,9.67030050160548,46740164
2007-05-28,9.670300483703613,9.670300483703613,9.084221805186012,9.377261144444812,41900328
2007-06-04,9.084221839904785,9.670300520662305,9.084221839904785,9.670300520662305,63286795
2007-06-11,9.670300483703613,9.670300483703613,9.084221805186012,9.084221805186012,75297300
2007-06-18,9.670300483703613,9.670300483703613,9.377261144444812,9.670300483703613,49853255
2007-06-25,9.3772611618042,9.3772611618042,9.084221822002917,9.3772611618042,43944175
2007-07-02,9.3772611618042,9.67030050160548,9.084221822002917,9.3772611618042,33361811
2007-07-09,9.670300483703613,9.670300483703613,9.084221805186012,9.670300483703613,50868487
2007-07-16,9.084221839904785,9.670300520662305,9.084221839904785,9.670300520662305,43915871
2007-07-23,8.20510482788086,9.377262333554771,8.20510482788086,9.084222957136294,87132842
2007-07-30,8.20510482788086,8.498144204299338,8.20510482788086,8.20510482788086,75827162
2007-08-06,8.20510482788086,8.791183580717815,8.20510482788086,8.20510482788086,95121913
2007-08-13,8.498144149780273,8.791183524318784,8.205104775241763,8.498144149780273,89928549
2007-08-20,8.791181564331055,8.791181564331055,8.498142255125451,8.498142255125451,49059478
2007-08-27,8.498144149780273,8.791183524318784,8.205104775241763,8.791183524318784,48049984
2007-09-03,8.20510482788086,8.791183580717815,8.20510482788086,8.498144204299338,46645646
2007-09-10,8.498144149780273,8.498144149780273,8.205104775241763,8.205104775241763,39734256
2007-09-17,8.791181564331055,9.084220873536658,8.205102945919847,8.498142255125451,75786773
2007-09-24,9.084221839904785,9.377261180283545,8.791182499526023,8.791182499526023,48270443
2007-10-01,9.3772611618042,9.3772611618042,9.084221822002917,9.084221822002917,46173250
2007-10-08,9.3772611618042,9.3772611618042,9.084221822002917,9.3772611618042,46570462
2007-10-15,8.791181564331055,9.377260182742262,8.791181564331055,9.084220873536658,45544815
2007-10-22,8.791181564331055,8.791181564331055,8.498142255125451,8.498142255125451,45004765
2007-10-29,8.791181564331055,9.084220873536658,8.791181564331055,8.791181564331055,41005886
2007-11-05,7.912062644958496,8.791180462380254,7.912062644958496,8.791180462380254,79686130
2007-11-12,7.912062644958496,8.498141189906335,7.912062644958496,7.912062644958496,73967139
2007-11-19,7.619022846221924,7.912062692497207,7.325983571987312,7.912062692497207,73677963
2007-11-26,8.20510482788086,8.20510482788086,7.6190255030030345,7.912065451462382,71103108
2007-12-03,8.498144149780273,8.498144149780273,7.912065400703253,8.205104775241763,55748075
2007-12-10,7.912062644958496,8.498141189906335,7.912062644958496,8.205101917432415,52639635
2007-12-17,7.912062644958496,8.205101917432415,7.61902280044391,7.912062644958496,56643551
2007-12-24,7.912062644958496,8.205101917432415,7.897410395314466,7.912062644958496,11028192
2007-12-31,7.742101669311523,8.087888330366996,7.695214915782036,7.912064720753871,27399815
2008-01-07,7.651259899139404,7.742102276172398,7.413897835943932,7.7245200282410735,63080178
2008-01-14,7.208770751953125,7.868109669299529,7.170675688236161,7.610234775786796,81845019
2008-01-21,6.874705791473389,7.296682633641704,5.98093535290543,7.091555057647194,172662261
2008-01-28,6.983128070831299,7.156021083567755,6.429283401896044,6.736974948197932,87960389
2008-02-04,6.273974418640137,7.100346382495357,6.1889931703619565,7.082763562126704,68706158
2008-02-11,6.177270412445068,6.528917573783206,5.878369982083218,6.200713213309843,80754105
2008-02-18,6.552361965179443,6.763350656422512,6.194853587812379,6.212436407779949,63083539
2008-02-25,6.587526321411133,7.065181002888305,6.5318490134763465,6.678369268535726,83980811
2008-03-03,6.07470703125,6.549430521834429,5.939909052494984,6.452727599160578,75608878
2008-03-10,6.060056209564209,6.461520247727315,5.857859193686179,6.0541956503373795,94426411
2008-03-17,6.177270412445068,6.209504335139225,5.620495168285628,5.822692686483562,128401630
2008-03-24,6.810235977172852,6.848331033525722,6.177271127865543,6.177271127865543,64223322
2008-03-31,7.2615156173706055,7.525250980776133,6.64906309525594,6.695949267675449,82922020
2008-04-07,6.8673810958862305,7.383130380012182,6.801447080904291,7.334779188522143,59907161
2008-04-14,7.323054313659668,7.3655449268763995,6.6593200335741995,6.797048563472999,54489878
2008-04-21,7.201626300811768,7.778436948995758,6.900076187365689,7.730498194435177,59905940
2008-04-28,7.6794657707214355,7.789260856331799,7.206264866522005,7.235646837071858,39564355
2008-05-05,7.289772987365723,7.681014687198988,7.159874889084759,7.667097098498981,46864248
2008-05-12,8.716752052307129,8.949051148764662,8.657755582059712,8.762842617310275,42336643
2008-05-19,8.569934844970703,9.241590340798034,8.566040963000454,9.224069012049602,57481515
2008-05-26,8.842490196228027,9.02938665686204,8.375251704917725,8.515423860373609,47698933
2008-06-02,8.153313636779785,8.799660027243451,8.153313636779785,8.739308278241142,57233511
2008-06-09,8.328527450561523,8.363570866480448,7.865182880827398,8.114376873653923,66073058
2008-06-16,8.026769638061523,8.546572893268799,7.892439441873456,8.35189018272045,58440412
2008-06-23,7.417413711547852,8.06765408807838,7.028048262133078,8.003409206968156,71902171
2008-06-30,7.057250499725342,7.407679405137407,6.887876870811534,7.39794583893489,72715314
2008-07-07,6.878142356872559,7.456350073031026,6.878142356872559,7.10981429952315,70526906
2008-07-14,7.40767765045166,7.4563485102496765,6.25904946364179,6.959907108451015,97170097
2008-07-21,7.359007835388184,8.075440348251787,7.055302508823433,7.411572584254439,79373919
2008-07-28,7.325911045074463,7.489444959342463,6.7632781897308405,7.2421982871627595,64745048
2008-08-04,8.659489631652832,8.698426174815609,7.242199308512056,7.357061616791199,82791361
2008-08-11,8.552412986755371,8.824969530452984,8.124111041068169,8.741255246266835,59343483
2008-08-18,8.221452713012695,8.566041132103114,7.738639462073549,8.44728419033303,53929935
2008-08-25,8.511530876159668,8.566042191245444,7.855450054062494,8.12605854810923,52735598
2008-09-01,8.2448148727417,9.056641812826676,8.221453099517658,8.410295366542837,81050815
2008-09-08,8.663382530212402,9.461581194369696,8.379145113330354,8.819128685177576,107496190
2008-09-15,9.597859382629395,9.597859382629395,7.203261129226444,8.13773881156256,193029597
2008-09-22,9.068324089050293,9.712724073004846,8.729576045157112,9.555031319499546,57818578
2008-09-29,8.992396354675293,9.457687508212636,7.86518326875807,9.072215994719471,75900401
2008-10-06,6.68345832824707,8.523209861238403,6.229847337627224,8.449230670179464,117927410
2008-10-13,6.395328044891357,8.449230984242178,5.9183548867031135,7.183793125492253,101835526
2008-10-20,5.511467933654785,6.852831867005793,4.857334203827039,6.669830071508235,72098795
2008-10-27,5.782078266143799,6.288253334816035,4.637343728053954,5.071485772756556,101246360
2008-11-03,6.196752071380615,6.6659378912261245,5.610757006895234,5.8502166994835125,66530398
2008-11-10,5.410233974456787,6.537446763306604,5.369350490911169,6.424531018331935,51897592
2008-11-17,4.559469223022461,5.558191684833244,4.458234384339644,5.451116023882553,69084180
2008-11-24,5.821014404296875,5.821014404296875,4.3258506966501455,4.724950432237888,70828876
2008-12-01,5.3148393630981445,6.1519749940375945,5.283690206326852,5.762609204259069,53669737
2008-12-08,5.959238529205322,6.69708577985182,5.688629715281731,5.836588097530277,61882311
2008-12-15,6.455681324005127,6.455681324005127,5.669162617678753,6.105252020574095,46469948
2008-12-22,5.836588382720947,6.405062449906976,5.762608807942641,6.385593800719698,14996212
2008-12-29,6.632840633392334,6.632840633392334,5.723672128864084,5.875524766416892,15965201
2009-01-05,6.009856224060059,6.755491271971422,5.996228397698088,6.699032645564264,36211705
2009-01-12,5.1221022605896,6.035164241565669,4.6587573577044665,6.033217300869591,58321819
2009-01-19,4.438766002655029,5.273954920449378,4.2362955704220955,5.236964947234141,70093830
2009-01-26,4.756099224090576,5.334307232075232,4.409563883490412,4.469915631469137,60992951
2009-02-02,5.1221022605896,5.295369721482814,4.489383398164232,4.7113217161851715,47291197
2009-02-09,4.633449554443359,5.379084662313436,4.520533432666784,5.170773748332093,57934463
2009-02-16,3.222778797149658,4.606194949110947,3.2200535350685056,4.578939287984731,84409744
2009-02-23,2.85677433013916,3.422522553677224,2.7489199617947593,3.3680112492358694,110154722
2009-03-02,2.4257471561431885,2.990327227388121,2.3907043049676147,2.737239504405421,93631756
2009-03-09,2.9790353775024414,3.262882897345549,2.224834552823678,2.4526131710664254,115058307
2009-03-16,3.6452393531799316,3.796313686723426,3.0370506073434367,3.130498452814038,85016317
2009-03-23,3.590339183807373,4.084444185097552,3.5237578259202853,3.7963140011075254,71130634
2009-03-30,4.2129340171813965,4.477702361202966,3.3446486615438937,3.4828734654239333,77468079
2009-04-06,4.220722198486328,4.329744443529193,3.646408375828073,4.240190470102528,57342109
2009-04-13,4.71132230758667,4.713269248527143,4.220721693529174,4.220721693529174,48071881
2009-04-20,4.637342929840088,4.76972692775927,4.107805798045735,4.707428620507796,53180195
2009-04-27,4.962462425231934,4.972196368988577,4.2518708495861555,4.516638832252801,45896516
2009-05-04,5.299288272857666,5.465831911776912,5.026397755291496,5.217019784962165,64405488
2009-05-11,4.825743675231934,5.397608991534613,4.6190691200676595,5.397608991534613,50185686
2009-05-18,5.259157657623291,5.3354065578180405,4.619069638774572,4.755514915429304,48284730
2009-05-25,5.261163711547852,5.477870782244684,5.100640071534452,5.245111190867768,37102819
2009-06-01,5.905265808105469,6.009606032869227,5.36550471453226,5.397609368944423,46454541
2009-06-08,5.8350348472595215,6.039702695269359,5.722668392975959,5.899244529490704,31609035
2009-06-15,5.503956317901611,5.766813919015188,5.217019933653455,5.764806864132857,45386577
2009-06-22,5.379550457000732,5.538067845693482,5.120706172343553,5.538067845693482,32976405
2009-06-29,5.1608357429504395,5.6424070265171355,5.088600187509328,5.339418556206631,37557717
2009-07-06,4.719396114349365,5.112679352368317,4.635121358600656,5.050476323305659,37243994
2009-07-13,5.3033013343811035,5.431720335422505,4.625089133879178,4.689298438551433,38925342
2009-07-20,5.776846408843994,5.997566431613082,5.315340514993555,5.375537276536561,38982543
2009-07-27,5.951415538787842,6.051742815428768,5.724675932749035,5.919310496905253,38480119
2009-08-03,6.437000274658203,6.501209579836721,5.883193352781687,5.907271744299407,53363871
2009-08-10,6.332659721374512,6.611570239723357,6.2403586974595795,6.453052463445354,32977632
2009-08-17,6.418940544128418,6.473117703835525,6.051742754489865,6.2604231744441625,33507606
2009-08-24,6.338679790496826,6.521275177406317,6.224306253228612,6.434993750343207,32517624
2009-08-31,6.172136306762695,6.477131108596216,6.031678102184669,6.308581576460115,31817817
2009-09-07,6.890479564666748,6.9426496744194,6.23233241975006,6.260423746134405,45552958
2009-09-14,6.900512218475342,7.085114258577629,6.741994840529891,6.8222566652173,39199055
2009-09-21,6.998833179473877,7.159356836721756,6.828276597799555,6.946663069207697,30170164
2009-09-28,7.203500747680664,7.514515123510612,6.896498914722542,7.004852456743423,46801833
2009-10-05,7.634908199310303,7.6930979074683945,7.048997007892116,7.087121650620501,31471713
2009-10-12,7.705136299133301,7.953948411568201,7.508495074836341,7.600796089644861,33918883
2009-10-19,7.400140762329102,7.88572495814027,7.223564619907437,7.6750375065758565,35425519
2009-10-26,6.828275203704834,7.422212927618219,6.705876214230746,7.360009905625274,45162733
2009-11-02,6.774099349975586,6.902517945998782,6.465090879242111,6.790151086933209,42519488
2009-11-09,6.715336799621582,7.0973102019026175,6.569432059852277,6.569432059852277,72858962
2009-11-16,6.850876808166504,7.142490487581356,6.713283853514753,6.776946358908118,79793813
2009-11-23,6.657835960388184,7.056238759497767,6.325149724926754,6.818018860227601,57130515
2009-11-30,6.824178218841553,6.891948045464598,6.501759986262598,6.690693407404685,39713306
2009-12-07,6.415508270263672,6.914537557466177,6.366221441590469,6.85498317806929,43486874
2009-12-14,6.563368797302246,6.7995353914205365,6.42372297770388,6.557208188490154,43946052
2009-12-21,6.834446430206299,6.87551898280388,6.5572080711117495,6.59828062370933,22115088
2009-12-28,6.793375015258789,6.9206992298965,6.793375015258789,6.8529293970674106,11005032
2010-01-04,7.029540061950684,7.152757712634742,6.8015881524092245,6.8015881524092245,31806913
2010-01-11,6.834446430206299,7.181508677092382,6.789267327403365,7.113738847797307,32872772
2010-01-18,6.407294750213623,6.896056544327146,6.337471636768835,6.865251930039136,31113048
2010-01-25,6.160858631134033,6.477116228880065,6.086928202217435,6.345684311728686,46783819
2010-02-01,5.865137577056885,6.493545468371339,5.856923302186407,6.12594736511699,49986123
2010-02-08,5.930853843688965,6.1978246542211695,5.735760196600667,5.955497453775358,45787586
2010-02-15,6.327202320098877,6.518189018917402,5.984247807263764,5.996569807746617,33881911
2010-02-22,6.072554111480713,6.304613384493214,5.8877283948678825,6.263540828936176,39107813
2010-03-01,6.413454055786133,6.417561389082393,5.949335969124071,6.1362153254384015,37046078
2010-03-08,6.641406059265137,6.721497101234831,6.341577383078841,6.452473033526296,34059347
2010-03-15,6.489438533782959,6.688639509917026,6.440151706441444,6.641406349343518,40363439
2010-03-22,6.809803009033203,6.863196777442963,6.337470626723759,6.464794830926846,35542264
2010-03-29,6.863196849822998,6.914537343732722,6.659888932640998,6.8180177478902015,28206424
2010-04-05,6.9823079109191895,6.9823079109191895,6.639353751323677,6.863197576409755,29049986
2010-04-12,6.994629383087158,7.228741917028196,6.926859553054863,7.064452488244466,43528084
2010-04-19,6.768731594085693,7.084989274346415,6.657835921777042,6.906324546778403,40900393
2010-04-26,6.201932430267334,6.87551952585185,6.0396962655596,6.871412191928305,64222251
2010-05-03,5.392058372497559,6.436370429794517,4.906133989970965,6.223245586509975,119718353
2010-05-10,5.581738471984863,6.225375041303349,5.541244647279974,5.924869114105736,104646621
2010-05-17,5.547638893127441,5.752238513484715,5.296151554894143,5.541245002552535,69009150
2010-05-24,5.760764122009277,5.8524074545952045,5.129914433454862,5.673382976948194,52525811
2010-05-31,5.343039035797119,5.818307274688972,5.274839160180768,5.756501289850401,44650696
2010-06-07,5.5902628898620605,5.632888008524537,5.065976125431196,5.221557117493695,46518187
2010-06-14,5.905688285827637,5.988807238091471,5.69682606973523,5.711744741384214,48684284
2010-06-21,5.596657752990723,6.074057295125446,5.522063985609568,6.052744732087498,30227929
2010-06-28,5.2833638191223145,5.750106823598548,5.176801422510763,5.617969679442062,39643342
2010-07-05,5.664857387542725,5.790601056941984,5.161882709945685,5.2854950824818525,36819178
2010-07-12,5.4922261238098145,5.909950531383155,5.462388375766511,5.690432250333135,31020325
2010-07-19,5.5838704109191895,5.675513741470768,5.247133213731146,5.415501609073502,31543985
2010-07-26,6.029301643371582,6.361776264766973,5.562558151266181,5.679776645311622,59638278
2010-08-02,6.069795608520508,6.496045306981275,6.012251801667491,6.084714282926092,35346106
2010-08-09,5.60518217086792,6.257344362425426,5.436813787442007,6.172094115801199,44490133
2010-08-16,5.36435079574585,5.831094183586379,5.330250863040933,5.626494180853618,42277476
2010-08-23,5.321726322174072,5.468782553867468,5.123520591721789,5.392057492722512,43939539
2010-08-30,5.635020732879639,5.711745396807623,5.093683458620011,5.379270769110728,47605745
2010-09-06,5.592395305633545,5.684039044545954,5.383533076695655,5.681907747535975,37982553
2010-09-13,5.449601650238037,5.741582836136333,5.441076868713589,5.709614194038807,42546957
2010-09-20,5.57321310043335,5.652069450508616,5.323857083307874,5.4581259268002755,37747413
2010-09-27,5.424026966094971,5.654201761142229,5.372876650303718,5.600920554821073,51264465
2010-10-04,5.73305606842041,5.7650247017092875,5.264181831676015,5.375006399977241,53390609
2010-10-11,5.8524065017700195,6.007987906441964,5.613706966100907,5.6968255036013495,50070532
2010-10-18,5.684039115905762,5.924869990010152,5.6520704733614044,5.750107698031212,44998827
2010-10-25,5.575345516204834,5.730926544430318,5.5732142191259895,5.694695307096665,34851749
2010-11-01,5.84814453125,5.9035570271343145,5.554032084364276,5.6435445151768935,47193795
2010-11-08,5.643545150756836,5.909951176451589,5.481570238354026,5.841751298914265,37354541
2010-11-15,5.470913410186768,5.818306641224055,5.383532278253975,5.6712508278756655,54312080
2010-11-22,5.065977573394775,5.551901951217531,4.95088996401357,5.53272068298733,48190900
2010-11-29,5.0041704177856445,5.174670508888533,4.6375958926449,5.125651493875756,75076035
2010-12-06,5.411238670349121,5.51993236970925,4.927445671809298,5.029745480676487,60372107
2010-12-13,5.389925956726074,5.547638247352062,5.311069608161448,5.4666506021772285,44003407
2010-12-20,5.4687819480896,5.549769593994553,5.32811962257391,5.3664821488969645,24255287
2010-12-27,5.306806564331055,5.462387545136189,5.306806564331055,5.455994062351712,12192653
2011-01-03,5.628625392913818,5.9248687062766745,5.34090685934751,5.381400681265069,48864597
2011-01-10,6.197669982910156,6.221113844074747,5.383533204868487,5.617970597004348,74989228
2011-01-17,6.372431755065918,6.468338082428614,5.993069852394177,6.180619506843842,66720238
2011-01-24,6.559983253479004,6.869014052635758,6.329808423874657,6.374564448782228,59248341
2011-01-31,6.632444381713867,6.747531569738961,6.359644473815759,6.498175521430714,58702057
2011-02-07,6.668674468994141,6.888192729192838,6.51309307280568,6.668674468994141,52337814
2011-02-14,6.615394592285156,6.8626193503805375,6.464075759061086,6.689987953906177,58357541
2011-02-21,6.410793781280518,6.6153937947113945,6.161437756272961,6.6153937947113945,51064406
2011-02-28,6.398006916046143,6.577031789589982,6.2019320739030475,6.410794290869755,49292755
2011-03-07,6.227506637573242,6.538669063346305,6.172094139654661,6.357512898324655,47664994
2011-03-14,5.971756935119629,6.274394164418074,5.65206973824817,6.076188037317243,91353356
2011-03-21,6.257345199584961,6.325545080806046,6.003726535603612,6.065532525521461,39349657
2011-03-28,6.4832563400268555,6.504568901024314,6.197669079569465,6.233900311314157,38528010
2011-04-04,6.756057262420654,6.805075875678728,6.368169730999758,6.474732145823406,41336672
2011-04-11,6.530143737792969,6.80507492474084,6.481125131384732,6.80507492474084,34749291
2011-04-18,6.43850040435791,6.51948806092404,6.0868445442768735,6.510962873284102,45224796
2011-04-25,6.754735469818115,7.057918459686968,6.692315742635117,6.734671864594294,31906302
2011-05-02,6.7725701332092285,6.870658828333456,6.58976876402489,6.826073367060644,39012495
2011-05-09,6.518431663513184,6.7569651773739094,6.476075114026855,6.696774783601525,44290181
2011-05-16,6.549640655517578,6.741359345858806,6.380215330567736,6.467157329581795,44001516
2011-05-23,6.511743068695068,6.6566469736401785,6.297731854035652,6.449323343687315,41447945
2011-05-30,6.576393127441406,6.855053853180449,6.440406557215946,6.496138702363754,45043874
2011-06-06,6.558558940887451,6.736901637533275,6.386903829614266,6.534036660647702,44639919
2011-06-13,6.777027130126953,6.8193836692784275,6.480532206471475,6.551869267019797,65273340
2011-06-20,6.471617221832275,6.8884934535287,6.4381775926480564,6.647730589577101,43198709
2011-06-27,7.064605712890625,7.104732919038831,6.433717947300111,6.464927807547624,46237997
2011-07-04,6.797091960906982,7.089128264796495,6.75696475079037,7.0779820065207675,42698721
2011-07-11,6.072574138641357,6.736901168942378,5.974485449707532,6.696774383890017,76727405
2011-07-18,6.391361713409424,6.616519605848627,5.70697111496285,6.001236740660826,67741214
2011-07-25,5.845187664031982,6.331172073837415,5.718118431692545,6.302191543297873,57468433
2011-08-01,5.15187931060791,6.119389323746442,4.955701933870628,6.099325718734618,79544850
2011-08-08,4.866530418395996,5.421622478418707,4.133095681531544,5.156337374564446,133929845
2011-08-15,4.58341121673584,5.198694112448243,4.5098448066616665,4.933408998761529,52802974
2011-08-22,4.563347816467285,4.899970018639887,4.476405807533523,4.505386335443938,40526541
2011-08-29,4.688187599182129,5.071624555348798,4.5811815711241906,4.703792529781577,38107403
2011-09-05,4.1464715003967285,4.654748369504341,4.133095905210345,4.552201431071228,58768689
2011-09-12,4.297616004943848,4.650289088797985,3.5891492767473245,3.981057487797632,100867139
2011-09-19,3.7006137371063232,4.215132917723349,3.513353735154267,4.08405066123545,63596682
2011-09-26,4.413985252380371,4.810798236361405,3.5668569070394844,3.5895954599457296,66913040
2011-10-03,4.917803764343262,5.0270387043827,3.9373642527342914,4.2026489248861525,76766980
2011-10-10,4.8754472732543945,5.339138611492015,4.703792198350423,4.90888646864028,64530254
2011-10-17,4.775130271911621,5.051561664215066,4.449654319146215,4.891053237291219,63370814
2011-10-24,5.428310394287109,5.640092266220421,4.761754066475786,4.788505254937743,67159923
2011-10-31,4.699334144592285,5.305699689790404,4.458125273399365,5.303470778313192,77849276
2011-11-07,4.728315353393555,4.835321403449693,4.338190307395966,4.616851054537101,52122976
2011-11-14,4.239655017852783,4.842007875482987,4.192840227198732,4.815256688024232,46252001
2011-11-21,3.945835828781128,4.213349855605399,3.7897856608984277,4.205324583621546,46557502
2011-11-28,4.935637950897217,4.998058097843155,4.029210471842309,4.079592286622026,66501237
2011-12-05,4.980224132537842,5.212069617003832,4.79296410556022,5.015892668609532,56289105
2011-12-12,4.356469631195068,4.975765108477878,4.290036849253698,4.891052447579779,59896053
2011-12-19,4.574493885040283,4.868759498954724,4.302966823036519,4.324813725390251,34701173
2011-12-26,4.478634834289551,4.627996987493924,4.290483159009122,4.574494183761349,17598960
2012-01-02,4.369399070739746,4.746148388053142,4.3292718691652246,4.492009586481977,33051998
2012-01-09,4.681499481201172,4.859842148499281,4.1874899101031975,4.3693996008282525,51209951
2012-01-16,5.314617156982422,5.345827020800811,4.5923286392814475,4.636914098278789,64160043
2012-01-23,5.3279924392700195,5.5197111347869905,5.1986938929266495,5.341368033663477,43565634
2012-01-30,5.671303749084473,5.706972291357751,5.078313702288027,5.261115087739216,61350243
2012-02-06,5.506335258483887,5.760473664960773,5.4127052521183305,5.63340446172233,41401525
2012-02-13,5.486271381378174,5.63563351680805,5.154107915315227,5.63563351680805,53450975
2012-02-20,5.406017780303955,5.63786369539151,5.3435976281182676,5.548691927925527,43856924
2012-02-27,5.524169445037842,5.568754898487517,5.247738102921032,5.385953561378211,40429955
2012-03-05,5.332450866699219,5.521940216883417,5.178630050055286,5.484042346846578,46633027
2012-03-12,5.876396656036377,5.8897722498476055,5.283406752908248,5.316845950037549,68084229
2012-03-19,5.673532009124756,5.907606826509222,5.55315038290247,5.8853138855196345,47033401
2012-03-26,5.542004108428955,5.822894143571468,5.4706670376376785,5.704741854321865,48360455
2012-04-02,5.207611083984375,5.611111641971111,5.098376145090837,5.5219403066705155,46258870
2012-04-09,4.833090782165527,5.207610794835541,4.815256516095643,5.207610794835541,48780095
2012-04-16,4.768442630767822,4.97799563438848,4.565577638238085,4.815257857999141,68021971
2012-04-23,4.895511627197266,4.922263245058485,4.483094076289407,4.674812374351737,52627769
2012-04-30,4.60788631439209,5.319727758157898,4.564469889991487,5.272017466674204,52996648
2012-05-07,4.642237663269043,4.773441987397436,4.342138353741067,4.527732418759585,72465426
2012-05-14,4.4642767906188965,4.636511922973814,4.296812367952731,4.574964990454179,65743435
2012-05-21,4.4762043952941895,4.665615453798993,4.373626626041017,4.450918040596456,51550938
2012-05-28,4.196143627166748,4.5706714359752745,4.150818469507391,4.523437994310263,56731950
2012-06-04,4.595003604888916,4.718097022123816,4.1269630593032325,4.171811373026854,70219962
2012-06-11,4.718574523925781,4.828308592968928,4.438036290584224,4.799682511915653,77522216
2012-06-18,4.804453372955322,5.000066601307527,4.598820970419521,4.82830874458438,53340889
2012-06-25,5.000066757202148,5.000066757202148,4.575443039979947,4.766285108955837,62461849
2012-07-02,4.769623756408691,5.152739703467547,4.769623756408691,5.0048367921675165,49427637
2012-07-09,4.799682140350342,4.861705462832049,4.668000994690591,4.771055606509822,38880889
2012-07-16,4.636035442352295,4.876019699659812,4.609794486920071,4.806839164430638,43874781
2012-07-23,4.672772407531738,4.709986679621789,4.179445449317562,4.550156274556458,81165393
2012-07-30,4.861705780029297,4.95712726238783,4.441853259666486,4.747200547203076,62147632
2012-08-06,5.357895374298096,5.431847065824667,4.899874460345131,4.904645170279642,54598005
2012-08-13,5.520111560821533,5.570207884646644,5.324498340654631,5.367437916789482,33629109
2012-08-20,5.532039165496826,5.701411423035208,5.398449279406563,5.534424747927366,48044515
2012-08-27,5.491484642028809,5.613146604176652,5.367437097681602,5.5224963006139705,32804119
2012-09-03,5.880326271057129,5.961434257278883,5.439003511910134,5.467630047342719,51713686
2012-09-10,6.18090295791626,6.24054115739828,5.780134184596551,5.870784502611098,48151730
2012-09-17,5.947120666503906,6.209528806163761,5.820687533803287,6.1236496628196955,48513345
2012-09-24,5.529654026031494,5.956663305231446,5.529654026031494,5.882712063973992,38793453
2012-10-01,5.7109551429748535,5.737195646091863,5.431848300705315,5.443775760758189,42142065
2012-10-08,5.603605270385742,5.677556511684065,5.417533920825095,5.486714451880858,36407207
2012-10-15,5.949507236480713,6.116493931255584,5.563051482281263,5.56782264770427,50552801
2012-10-22,5.827846050262451,6.006760683217688,5.6751723757417505,5.897026138403353,39679813
2012-10-29,5.985290050506592,6.047313835823124,5.720496285309736,5.789676818740883,26923195
2012-11-05,5.613148212432861,6.0449287041574165,5.481943883895439,5.954278374621974,38173516
2012-11-12,5.4867143630981445,5.715724831156283,5.455702699508196,5.629846133136159,33743082
2012-11-19,5.892253398895264,5.937578096038237,5.541580547821336,5.56066475056661,28901713
2012-11-26,6.0282301902771,6.078326066732048,5.863628608347348,5.892255148466904,26676459
2012-12-03,6.159432888031006,6.214299919844585,6.016301124818917,6.042542076992078,29574136
2012-12-10,6.197601795196533,6.281095368358065,6.013916025241839,6.075939809447451,31176292
2012-12-17,6.376516342163086,6.39321496564371,6.130807245228135,6.190445446232286,43928678
2012-12-24,6.30972146987915,6.457623944698614,6.278709352414744,6.39321458227562,9351929
2012-12-31,6.615068435668945,6.626996347590643,6.2524681033090435,6.257239268077723,18447484
2013-01-07,6.562587738037109,6.655623186639605,6.405142922708254,6.610298026165126,32386589
2013-01-14,6.50056266784668,6.607911591151881,6.366973250513867,6.584056224305916,29615063
2013-01-21,6.452852725982666,6.545888622598011,6.281094882621261,6.505334630484485,23347452
2013-01-28,6.586442470550537,6.648466248602109,6.455238167171063,6.479093536422179,30320405
2013-02-04,6.324034690856934,6.61029777370207,6.173746174235306,6.60552706357383,37518264
2013-02-11,6.417068958282471,6.526803461154438,6.240539975839386,6.293021417645731,28265966
2013-02-18,6.491022109985352,6.667551599804235,6.2596260349576385,6.405143402915069,40587993
2013-02-25,6.266783237457275,6.729575421039329,6.154663111071197,6.512492372296347,48313475
2013-03-04,6.653238296508789,6.727190001560301,6.190446132978471,6.204759175406363,42478198
2013-03-11,6.920415878295898,7.003909438386301,6.595983967088987,6.662778906161968,47128830
2013-03-18,6.662779808044434,6.853621866938011,6.5625876133744665,6.660394225432844,34710029
2013-03-25,6.397984981536865,6.860777465590079,6.304949550285135,6.784440654819092,33294933
2013-04-01,6.2810959815979,6.526805559747476,6.192831234494565,6.397986813435054,30519253
2013-04-08,6.541118144989014,6.686635506393933,6.223842922174225,6.3025653321958375,31821440
2013-04-15,6.199986457824707,6.6293817182205,6.06878261590014,6.541116992832542,40860370
2013-04-22,6.77012825012207,6.865549733931993,6.173746251326832,6.250083529375441,42551319
2013-04-29,6.994368553161621,7.013452760407493,6.696177530567736,6.786827856238176,28968767
2013-05-06,7.336756229400635,7.5572596164639565,7.161355449426487,7.3668246341267505,34320729
2013-05-13,7.562271595001221,7.629926226271498,7.196435812447227,7.3142050916055705,38927400
2013-05-20,7.39689302444458,7.627419516358554,7.126275010278492,7.589833773988278,34612818
2013-05-27,7.832889556884766,7.8704753034273045,7.409422268419454,7.452019575281985,36187386
2013-06-03,7.867969512939453,7.958175686866096,7.529696838643235,7.8128437832780016,37754619
2013-06-10,7.7426838874816895,7.943142011988244,7.401905888299383,7.8429127107706025,32524541
2013-06-17,7.39689302444458,8.078449858587796,7.39689302444458,7.770245624122788,48907062
2013-06-24,7.564776420593262,7.710108307614854,7.2164806653727425,7.416938753700601,38709852
2013-07-01,7.7627272605896,7.975713743166877,7.409420468637882,7.692567344866671,33500349
2013-07-08,8.078451156616211,8.311482509997719,7.822866824817113,7.822866824817113,34898827
2013-07-15,8.318998336791992,8.318998336791992,7.9456452885951006,8.118540741321976,24837167
2013-07-22,8.318998336791992,8.501915952399457,8.221275318741435,8.329021455529796,25909963
2013-07-29,8.582100868225098,8.72743325414821,8.226288677901488,8.32401171733241,32592521
2013-08-05,8.719914436340332,8.765017519502944,8.344056047223445,8.609662986308011,24586497
2013-08-12,9.100784301757812,9.100784301757812,8.719914356248104,8.724925916093175,25996556
2013-08-19,8.744972229003906,9.105795938167246,8.52697367526816,9.055681295152455,33131893
2013-08-26,8.261367797851562,8.762512322690945,8.188701612344095,8.747477642837127,30701050
2013-09-02,8.692351341247559,8.692351341247559,8.261367704726851,8.424239099949318,26865502
2013-09-09,8.902832984924316,9.12083156120793,8.652260699790665,8.672306941412913,33392446
2013-09-16,8.75499439239502,9.17094430443537,8.74998283250811,9.020601331257339,46353428
2013-09-23,8.717408180236816,8.8702573946861,8.644742003554828,8.790074356918804,26896944
2013-09-30,8.697362899780273,8.780052204245239,8.501916843200997,8.619686111066619,30635626
2013-10-07,9.115818977355957,9.18597890344205,8.544513581409486,8.659777546081745,31975970
2013-10-14,9.436551094055176,9.499194157864851,9.00807276700275,9.105795793608674,26771684
2013-10-21,9.155911445617676,9.469126799210038,9.023107485711481,9.42151745371526,24826734
2013-10-28,9.19349479675293,9.278689393392584,8.897819488171608,9.216046335741579,25645370
2013-11-04,9.083243370056152,9.348850278916734,8.792579620448643,9.261149424588075,29847703
2013-11-11,9.268669128417969,9.366392165425578,9.030625269432251,9.130853608681702,24512965
2013-11-18,9.526758193969727,9.569355022729862,9.088256704261232,9.228577525076611,24507535
2013-11-25,9.664572715759277,9.734732647941014,9.516735033049626,9.576872800532106,20538367
2013-12-02,9.271174430847168,9.81992738413189,9.06069367580445,9.664572836984792,28715362
2013-12-09,9.226070404052734,9.321288129123472,8.995544386979404,9.301241889800242,25558668
2013-12-16,9.872549057006836,9.902617465533233,9.201015212819986,9.236095182077028,36464339
2013-12-23,10.070497512817383,10.085532190626285,9.880063039857257,9.880063039857257,9062931
2013-12-30,9.917649269104004,10.190772080718562,9.834959974835336,10.113095301583115,11803300
2014-01-06,10.135647773742676,10.341116943694573,9.849995559705029,9.922660786255857,29823961
2014-01-13,10.093050956726074,10.323577947356627,9.922661732825302,10.215831792364746,25875298
2014-01-20,9.38643741607666,10.093051171969533,9.38643741607666,10.090545869736994,26167970
2014-01-27,9.772317886352539,9.98530391948141,9.291219618451299,9.43404572647556,45178293
2014-02-03,9.724708557128906,9.742248536700306,9.30124087812948,9.704662319986051,40312880
2014-02-10,10.0679931640625,10.08553314523781,9.657054823628485,9.754777848993003,25008588
2014-02-17,9.829949378967285,10.135647833765338,9.546802465192977,10.108084732974394,27832596
2014-02-24,9.491679191589355,9.860019830365646,9.32880681081534,9.829951421372323,35530473
2014-03-03,9.346344947814941,9.599423461389298,9.158415756012266,9.258645040649945,37307073
2014-03-10,8.885292053222656,9.511722699206047,8.795085887263879,9.353862864635495,38378212
2014-03-17,9.466620445251465,9.639515930432617,8.86023598564786,8.895315951957835,51828980
2014-03-24,9.574365615844727,9.657054918648186,9.248621876138781,9.464114167964077,28421218
2014-03-31,9.782341957092285,9.89259341524239,9.434046643802924,9.599424308956772,25873327
2014-04-07,9.088255882263184,9.724709644881045,8.942923514293007,9.67459500227556,38286532
2014-04-14,9.258645057678223,9.291219718623974,8.957958159069467,9.045658066395758,26467313
2014-04-21,9.346344947814941,9.554320378888074,9.241105059216947,9.258645040649945,21253279
2014-04-28,9.521591186523438,10.079374438916387,9.490167073403349,9.807029461330158,25826242
2014-05-05,9.134023666381836,9.534684349629577,8.903577842515347,9.534684349629577,42868102
2014-05-12,8.893104553222656,9.340901992978285,8.85382465439332,9.173305360481773,46500157
2014-05-19,9.220441818237305,9.254485195574222,8.772644389166302,8.864298483202576,27502113
2014-05-26,9.484930992126465,9.518973370267815,9.194255154589912,9.270197688513905,24674452
2014-06-02,9.820125579833984,9.882974823085048,9.306860589277155,9.529449702838125,33418032
2014-06-09,9.466601371765137,9.869880432674607,9.364471227548993,9.859406391357801,25748506
2014-06-16,9.41160774230957,9.555637046093986,9.251867876306974,9.427320302437362,36722623
2014-06-23,9.170686721801758,9.406369101918793,9.076413370173068,9.398513322267965,24793279
2014-06-30,9.482311248779297,9.553016259620511,9.031895585614192,9.165448829011169,29656552
2014-07-07,9.228297233581543,9.49016717665877,9.016182220065348,9.432555469516323,31479680
2014-07-14,9.144500732421875,9.385421673269198,9.071177445577188,9.254486661643766,29142317
2014-07-21,9.254485130310059,9.44041257630371,9.050226865638422,9.15235599797424,26535440
2014-07-28,9.094745635986328,9.422083159592034,8.919293202831996,9.312098231158842,42238150
2014-08-04,9.21258544921875,9.547778684775183,9.039751312265635,9.532067126205126,47333347
2014-08-11,9.453505516052246,9.689188888600057,9.20734810391149,9.322570531071165,38471426
2014-08-18,9.652528762817383,9.778226248190569,9.437795433768835,9.589679520653382,28038710
2014-08-25,9.872498512268066,9.969390125813177,9.691807585520367,9.772987639490688,29218345
2014-09-01,10.1736478805542,10.333388721233353,9.754656330374987,9.890828833921894,38557426
2014-09-08,10.210310935974121,10.212929196227961,9.992958373581786,10.173648299737513,27106667
2014-09-15,10.419806480407715,10.477417195261411,10.11603735124894,10.181504844593112,42215064
2014-09-22,10.377907752990723,10.487892666850499,10.215547643548131,10.370050974175944,39722027
2014-09-29,10.016526222229004,10.40671291199444,9.890828758138335,10.36481375729755,44164606
2014-10-06,9.566110610961914,10.121275720379886,9.463981472602923,10.102944900620825,45849643
2014-10-13,9.189017295837402,9.626339666647468,8.602428122949691,9.456124785361343,73400453
2014-10-20,9.38280200958252,9.456125285463303,8.997852813298985,9.186399521512099,49968972
2014-10-27,9.642051696777344,9.699663406743541,9.194254311916286,9.505879199828357,45552232
2014-11-03,9.563490867614746,9.712756661910095,9.340900806698198,9.602770761455597,38723185
2014-11-10,9.683951377868652,9.817505622081775,9.445649744951059,9.550398132610187,33481027
2014-11-17,9.90654182434082,9.9615342803997,9.571347570602816,9.59229764850412,39999920
2014-11-24,10.168412208557129,10.176267988605025,9.94320385693991,9.966772196038333,31086300
2014-12-01,10.328152656555176,10.354340256476172,9.937966907802858,10.087232731010765,33616912
2014-12-08,9.69180679321289,10.320295097647671,9.642051860369032,10.270540164803812,35988097
2014-12-15,10.110799789428711,10.233878996064163,9.196873146643647,9.642052299304643,65458645
2014-12-22,10.228641510009766,10.25744636793194,10.116037341648282,10.139605679188003,8678491
2014-12-29,10.003433227539062,10.254828163356386,9.95629655220398,10.212929007386832,15265310
2015-01-05,9.801794052124023,10.058426528903567,9.508499935655227,9.951059870261567,47637672
2015-01-12,10.425045013427734,10.459087394029448,9.537304878239524,9.856786596489348,63024479
2015-01-19,10.838799476623535,10.964496960650843,10.401477042546531,10.440756944392989,61269406
2015-01-26,10.922595977783203,11.16089760548156,10.720955985276186,10.747143581094743,46540936
2015-02-02,10.925215721130371,11.17137313900853,10.739287278918098,10.914740682338614,38284535
2015-02-09,10.914741516113281,11.12161905275771,10.53764908139622,10.804755598307414,42881226
2015-02-16,11.07710075378418,11.150425032766117,10.566454056133379,10.9173598946209,40315777
2015-02-23,11.883660316467285,11.89413435676523,11.108524394000137,11.187086189440427,46562355
2015-03-02,11.936031341552734,12.001498821050621,11.582506352891475,11.839138752648653,38017526
2015-03-09,12.258132934570312,12.273844492515522,11.729155506398552,11.894132858550865,42701426
2015-03-16,12.478104591369629,12.527859526529573,12.101011191573283,12.286938632331388,43292608
2015-03-23,12.323600769042969,12.512146462358622,11.933414086195777,12.480722346631785,38136824
2015-03-30,12.525240898132324,12.614275727183866,12.226708299084798,12.412636733331725,23209586
2015-04-06,12.818536758422852,12.868291699026711,12.525242636788661,12.525242636788661,21693917
2015-04-13,12.273845672607422,12.904952283920379,12.24503981499881,12.821153970306975,37970115
2015-04-20,11.977934837341309,12.540954766067946,11.901992293801982,12.273847232862426,45705856
2015-04-27,11.844381332397461,12.279085542069415,11.56156221956451,11.970078826873761,41935827
2015-05-04,12.279083251953125,12.292176551215059,11.603459220281236,11.894134060133105,55243134
2015-05-11,12.437381744384766,12.631161198211556,11.962485588777074,12.29818833081482,42157733
2015-05-18,13.065118789672852,13.100599872514042,12.21085125594167,12.508344086359028,35765772
2015-05-25,12.508344650268555,13.245252593405537,12.461946148901056,13.073307961949405,48370447
2015-06-01,12.229955673217773,12.663913066447178,12.131701011936837,12.554740989214562,45989512
2015-06-08,12.287270545959473,12.565658405890812,11.87241811005054,12.197203426066059,40691490
2015-06-15,12.238143920898438,12.47559200526958,11.902441169575885,12.139889253947027,47952433
2015-06-22,13.021451950073242,13.086955416517647,12.445571168485468,12.516533343895428,55608994
2015-06-29,12.306376457214355,12.775814968130527,12.074387076526993,12.292730206787246,57196383
2015-07-06,12.5629301071167,12.693935991550378,11.501235739424029,12.008884192318426,49940712
2015-07-13,13.365340232849121,13.439031225111357,12.691204928227295,12.827669497348019,37280005
2015-07-20,13.163374900817871,13.580956234444908,13.103330144976297,13.362613087487707,28341589
2015-07-27,13.100602149963379,13.215231919027245,12.893176407358244,13.111519568295837,29157418
2015-08-03,13.49634838104248,13.632812973285292,13.013263599565862,13.032368559188479,29763996
2015-08-10,13.046014785766602,13.774736248373246,12.898632776546084,13.624624364273341,33821426
2015-08-17,12.047093391418457,13.253440863631711,12.047093391418457,13.149727487561828,33900732
2015-08-24,12.279083251953125,12.336398125144337,11.04817216879649,11.651345356895485,63193750
2015-08-31,11.858774185180664,12.27908541145312,11.67045236708672,12.153537185676392,39140707
2015-09-07,12.137161254882812,12.639350999608327,11.839668399999617,11.967944409657427,29675695
2015-09-14,11.757787704467773,12.388253343682424,11.70593050218291,12.191744032165115,38919624
2015-09-21,11.856042861938477,12.0661984494054,11.35112430997944,11.746871817777095,40490669
2015-09-28,11.801457405090332,12.109866608060422,11.332018913996569,11.815103654941218,34659905
2015-10-05,12.37460994720459,12.625704311000945,11.984321108620989,12.00069723540251,31933687
2015-10-12,12.451028823852539,12.497427325562422,11.981591345103222,12.39371394627756,25234614
2015-10-19,13.127891540527344,13.294378486606131,12.39098367731091,12.423734883396913,34906620
2015-10-26,13.27800464630127,13.351694606603008,12.977781932143639,13.127892768651371,30094071
2015-11-02,13.504535675048828,13.534558051372859,13.103329448068061,13.111518031428739,31293835
2015-11-09,13.324403762817383,13.862074632173705,13.179751616703163,13.496349454235803,27104910
2015-11-16,13.550932884216309,13.780193414742515,12.950488538443663,13.100599364601301,23834950
2015-11-23,13.943951606750488,14.102249987019519,13.25889983489781,13.57003892813537,24782406
2015-11-30,13.78292465209961,14.203235871562537,13.35169601472127,13.883908164961493,41036610
2015-12-07,13.455408096313477,14.186858367356825,13.411739470033673,13.881177983398198,35253923
2015-12-14,13.63281536102295,14.077690301172549,13.168835457904567,13.602792978888465,45931092
2015-12-21,13.695586204528809,13.851155752347545,13.419927152329164,13.646458869307926,15126947
2015-12-28,13.807485580444336,13.922115322370297,13.578225055450346,13.692854797376308,8442452
2016-01-04,12.68847942352295,13.548205809830767,12.68847942352295,13.540018266701132,36053201
2016-01-11,12.429194450378418,13.343506738613907,12.317293534136384,12.663913699359794,41159011
2016-01-18,12.254518508911133,12.609326174183634,11.755057694927075,12.371878119591255,45317495
2016-01-25,12.429194450378418,12.42919445037842,11.954297244167016,12.363690992536723,40581751
2016-02-01,11.097299575805664,12.519260245924707,11.064548368208532,12.472862788590612,48033151
2016-02-08,10.562359809875488,11.285621535173734,10.262137077649797,11.14642810705306,64716668
2016-02-15,11.135509490966797,11.498505772576035,10.813452999708508,10.988127495073929,36253878
2016-02-22,11.086382865905762,11.422085628305812,10.578734430666893,11.214659912118776,38118488
2016-02-29,11.654075622558594,11.83966753914609,10.887144289567848,11.015421331040951,35111721
2016-03-07,11.806917190551758,11.9160892912311,11.100030493565917,11.604950157779982,45544937
2016-03-14,11.785080909729004,12.082573728142103,11.621323834387264,11.875146988824334,39980223
2016-03-21,11.266515731811523,12.000695860710042,11.236493356722299,11.632240858899776,23187546
2016-03-28,11.100028038024902,11.528527761656385,10.917166007153284,11.266514986216723,28805581
2016-04-04,10.873498916625977,11.239224071034556,10.556901099461998,11.009963510940487,33417126
2016-04-11,12.088034629821777,12.153537055388725,10.737034869081675,10.83801838249705,41264039
2016-04-18,12.48105239868164,12.552014574901747,11.850585561382788,11.883337815550048,29813029
2016-04-25,12.017071723937988,12.633892267210515,11.970674262075814,12.429195377752698,29549971
2016-05-02,11.748969078063965,12.876133458510349,11.579319214009582,12.835877744478113,31190220
2016-05-09,11.918619155883789,12.15727850630648,11.57931942168954,11.852484610660973,28487124
2016-05-16,12.214788436889648,12.237792331697255,11.665583062547919,11.806479176029319,26931391
2016-05-23,13.05728816986084,13.083167005615527,12.036513820668075,12.220540609640876,26548342
2016-05-30,12.510954856872559,13.134921712859319,12.459198293929699,13.031406393201722,23655087
2016-06-06,11.679959297180176,12.726612321079743,11.562067085079093,12.439070233332126,25337015
2016-06-13,11.317655563354492,11.631076450033778,10.871965593423447,11.501682304728401,47809150
2016-06-20,10.455028533935547,12.370058436901953,9.767803248033074,11.869734815007211,61487822
2016-06-27,10.271002769470215,10.561419768437597,9.26460555601463,10.489534253190769,76855816
2016-07-04,9.819563865661621,10.31988654167825,9.304863206093753,10.31988654167825,49461181
2016-07-11,10.437776565551758,10.627554281402302,9.724672387904686,9.94895484385008,36287924
2016-07-18,10.253750801086426,10.607427437247628,10.178990340931918,10.455030481806123,27713657
2016-07-25,10.483784675598145,10.60455292766615,10.078350359523514,10.236498294736755,29263951
2016-08-01,10.150235176086426,10.616053037248749,9.741925950139619,10.572922383501597,39334221
2016-08-08,10.653432846069336,10.754073222767836,10.216368793809325,10.239372684558429,28626120
2016-08-15,10.06684684753418,10.739695299081243,10.0122142520466,10.667809785441111,25239335
2016-08-22,10.348640441894531,10.480909541833373,10.066848224618163,10.092727056944113,26482790
2016-08-29,11.099123001098633,11.18251046117916,10.265251690951063,10.3227603219337,38907456
2016-09-05,11.401042938232422,11.490180273421874,10.94097499134515,11.182510361817346,31950365
2016-09-12,10.679313659667969,11.271650793923634,10.555670466124862,11.171010398519245,47687858
2016-09-19,11.369414329528809,11.4873065407665,10.73682152173968,10.782828211566926,33535228
2016-09-26,10.892093658447266,11.271649094026419,10.340012326859277,11.265898121137532,42092430
2016-10-03,11.593694686889648,11.777721412572689,10.667808989300315,10.903593368692437,48740099
2016-10-10,11.700088500976562,11.979004709168132,11.375166694216599,11.567819388655543,43143200
2016-10-17,11.815103530883789,11.909991842243498,11.590821070500905,11.62820074930743,31244793
2016-10-24,11.904240608215332,12.07389045160724,11.69720999339516,11.846731982222417,28614192
2016-10-31,11.150879859924316,11.912866697826624,11.076119412826351,11.817977298974698,36133676
2016-11-07,12.738114356994629,12.991151703111592,10.946727269415613,11.42692312969569,62172507
2016-11-14,12.594342231750488,13.21830908338567,12.427568404376512,12.850254494182613,41349647
2016-11-21,12.732364654541016,13.123422111152568,12.430445649532023,12.65185321237492,29990824
2016-11-28,12.77836799621582,12.965270762922716,12.341303959223543,12.666226774946024,38224315
2016-12-05,13.770390510559082,14.230458512555748,12.54546169014823,12.617347212627145,56735847
2016-12-12,13.796270370483398,13.99755006779886,13.571987874641483,13.79339543199988,46730001
2016-12-19,13.830772399902344,13.98029440005467,13.557608325296215,13.802018633170928,23631466
2016-12-26,13.793394088745117,13.948665980114479,13.603616357617234,13.830773769821187,13861857
2017-01-02,14.377104759216309,14.377104759216309,13.68125341537554,13.781892709935637,27323384
2017-01-09,14.000423431396484,14.405857718904251,13.735885245226187,14.377103949759126,29678471
2017-01-16,13.284445762634277,13.761765623559842,13.20968419943332,13.689880095728366,37081526
2017-01-23,13.373581886291504,13.707130660905609,12.92501693584709,13.169427269261751,36662049
2017-01-30,13.318948745727539,13.451217836175257,13.014153753191273,13.29594595024731,31610334
2017-02-06,12.999776840209961,13.390834234484313,12.542584900857737,13.324699689406438,34108413
2017-02-13,12.91926383972168,13.448341232887705,12.795620675777903,12.994024286882977,30253331
2017-02-20,12.763993263244629,13.232687179409812,12.60297039404876,12.948020026260497,37599131
2017-02-27,13.574862480163574,13.655375015246628,12.582842000994239,12.801374614508997,39061305
2017-03-06,13.756013870239258,13.965919467986796,13.459845863359122,13.540357298964741,30178413
2017-03-13,13.724382400512695,14.011924460687407,13.494348971750108,13.779014997066962,29717566
2017-03-20,13.543231010437012,13.934288399758303,13.336201466650287,13.689878079875468,32243296
2017-03-27,13.948665618896484,13.963043600199866,13.258565294887,13.336201787004185,29747088
2017-04-03,13.61799144744873,14.011923742570849,13.379331023229923,13.931412320851662,31417179
2017-04-10,13.370706558227539,13.735885127035555,13.287319092783811,13.62949486585085,29400329
2017-04-17,13.511604309082031,13.589239713967865,12.996903665975156,13.37070819174345,44993322
2017-04-24,14.09531307220459,14.722154902314928,13.94004008378034,14.664646266207502,56010232
2017-05-01,15.053950309753418,15.535676260255421,14.758893021505282,14.758893021505282,37318804
2017-05-08,14.593297958374023,15.138250155841803,14.505984781936881,15.108142718427327,44864923
2017-05-15,14.325336456298828,14.740824564814996,13.933932917123448,14.710717130351508,48029877
2017-05-22,14.274153709411621,14.560178956361634,14.114582225213503,14.400607472163514,31117552
2017-05-29,14.382539749145508,14.623402648790705,14.165762565202378,14.232000293301645,34056365
2017-06-05,14.466842651367188,14.548134101945433,14.126623131952686,14.358454050596198,29602728
2017-06-12,14.587276458740234,14.698675357065335,14.201894592641699,14.451790691304232,42407800
2017-06-19,14.403617858886719,14.776956284138535,14.210927503347115,14.692653392196123,32072010
2017-06-26,14.42168140411377,14.776954638266131,14.295227654547256,14.463832271127611,34915447
2017-07-03,15.053950309753418,15.053950309753416,14.49996489241348,14.530072333622883,30597304
2017-07-10,15.183411598205566,15.327929356932932,15.029860689946766,15.090076709881098,25306418
2017-07-17,14.7889986038208,15.201477617399943,14.650502554025307,15.1683587471173,26547803
2017-07-24,15.141258239746094,15.294807974237887,14.686628455077019,14.831146190047196,29175929
2017-07-31,15.336960792541504,15.415241960127812,14.954590400858404,15.099109302783127,28246672
2017-08-07,14.792011260986328,15.466427562739025,14.61437460901549,15.35502865681585,29594542
2017-08-14,14.921473503112793,15.180400441037238,14.686631135959123,14.879321484426185,21473151
2017-08-21,14.927495002746582,15.035882460787546,14.704696072746982,14.825128113048127,19060772
2017-08-28,14.749861717224121,14.93653038831638,14.475879854555123,14.822120038958078,22412351
2017-09-04,14.424692153930664,14.773943682856103,14.304260116980503,14.665555079305962,27541299
2017-09-11,14.782974243164062,15.072010873975195,14.469853044949778,14.52103590912498,35847581
2017-09-18,15.026849746704102,15.078033763387104,14.752867959118612,14.858245127988031,23316243
2017-09-25,15.409219741821289,15.40921974182129,14.81308359775918,14.942547629646528,31165004
2017-10-02,15.619976997375488,15.698257022782057,15.276747161663813,15.400189491148277,26168762
2017-10-09,15.240615844726562,15.689223977256697,15.240615844726562,15.613954241152818,24468316
2017-10-16,15.339972496032715,15.403198798913278,15.093087852715723,15.282766761357417,21507039
2017-10-23,15.508576393127441,15.701267888174382,15.171368286714149,15.3219077635,27731422
2017-10-30,15.339972496032715,15.863849217793147,15.201476456810992,15.481478819357068,30727324
2017-11-06,15.183411598205566,15.484490549352175,15.09910985941253,15.270724769684096,28680683
2017-11-13,15.138250350952148,15.26771440084821,14.795020506492872,15.159325787118936,31594758
2017-11-20,15.264700889587402,15.457391207249945,14.972653980834863,15.120183151340497,24402338
2017-11-27,15.192444801330566,15.56879352004283,15.062980750211539,15.237607106986097,33743646
2017-12-04,15.216531753540039,15.48148042601916,15.056959114939382,15.336962655069145,23839063
2017-12-11,15.21954345703125,15.433309274710268,14.999755921435536,15.252662331310443,32404061
2017-12-18,15.15932559967041,15.529653741507946,15.035883268566272,15.315886801062875,23892296
2017-12-25,14.894376754760742,15.216531155183949,14.87631160340543,15.159325416821348,10925149
2018-01-01,15.358040809631348,15.382127683315177,14.734807309629161,14.894379976471152,21053521
2018-01-08,16.173961639404297,16.282350245690186,15.442339695499593,15.442339695499593,32653340
2018-01-15,16.459983825683594,16.5954695679117,16.041484315209498,16.125787192887497,28137368
2018-01-22,16.210092544555664,16.67375445556327,16.116757646046285,16.481064089566647,25833048
2018-01-29,15.99632453918457,16.402780652214933,15.656105012517852,16.27933833171108,31050003
2018-02-05,14.999753952026367,15.990304023024834,14.807063598092647,15.896969130358453,51733864
2018-02-12,15.186419486999512,15.367067518308748,14.888352015552826,15.168355487836,35414908
2018-02-19,15.342984199523926,15.54169627590655,15.11717496961071,15.291801325368995,24377634
2018-02-26,15.084053993225098,15.758471304442407,14.978676826718477,15.424273507057155,36819656
2018-03-05,13.54253101348877,14.376519841599317,13.325753802275907,14.180818064973812,94512906
2018-03-12,13.726189613342285,13.786405634086567,13.461239811182484,13.548552983835439,49477164
2018-03-19,12.831985473632812,13.786406412744036,12.75370544621153,13.777373262580907,50217434
2018-03-26,13.006609916687012,13.148116231821556,12.60617439123563,12.87112416940929,41164655
2018-04-02,13.24747371673584,13.307689736062375,12.756714709733389,13.006610787954743,28680192
2018-04-09,13.668985366821289,13.783394545716178,13.211345205666447,13.301668664776921,32938835
2018-04-16,14.099527359008789,14.21092624559721,13.714145533513008,13.750274684847763,40191081
2018-04-23,14.174798011779785,14.25006775190557,13.988128229329778,14.099528271654002,33603331
2018-04-30,14.339383125305176,15.23261369565905,14.155014507341486,14.981492637281512,34154594
2018-05-07,14.301237106323242,14.42202907383017,14.06600840954602,14.342560099764938,29370225
2018-05-14,14.61911392211914,14.730370007768292,14.234483141874096,14.367991657253468,35559142
2018-05-21,14.269450187683105,14.673152761013334,14.167729987918056,14.647723317372288,27083540
2018-05-28,13.878461837768555,14.434744666467067,13.388932657489786,14.399778123218535,58813597
2018-06-04,13.85938835144043,14.046935175483972,13.617803208018383,14.046935175483972,34853923
2018-06-11,13.73223876953125,14.09461709220022,13.700450452788177,13.970645688402971,42427139
2018-06-18,13.617802619934082,13.87846074208042,13.452507018372948,13.732238129676423,31646379
2018-06-25,13.36032485961914,13.573302361832713,13.131455016133453,13.541514041487178,33798433
2018-07-02,13.433435440063477,13.541513298104325,13.14734784826149,13.271319259302388,30516460
2018-07-09,13.185494422912598,13.601912359078401,13.099667769843286,13.47794093106735,29461475
2018-07-16,13.191850662231445,13.417542274103358,13.029734476793983,13.201386551786474,27763353
2018-07-23,13.493831634521484,13.57647883152908,13.112380327916583,13.15052509479699,30850795
2018-07-30,14.018326759338379,14.113690499788564,13.442972154170729,13.45568748124413,39791971
2018-08-06,13.897536277770996,14.18680333035715,13.735418871730136,14.059652471211397,32346889
2018-08-13,13.68455696105957,13.85938845981637,13.519261351067595,13.776741261120533,28416161
2018-08-20,13.830779075622559,13.938856923876434,13.627338705403558,13.732238328385373,19940577
2018-08-27,13.82442569732666,14.100977436264612,13.764028490332946,13.922966466462888,25575475
2018-09-03,13.853033065795898,14.174087208905814,13.798993529272215,13.954753262381242,34032425
2018-09-10,14.07872486114502,14.129584960105879,13.725882394091379,13.814887264122781,26075911
2018-09-17,14.84162712097168,14.870236003919386,14.031043720920668,14.031043720920668,46108509
2018-09-24,14.717656135559082,15.067320405579151,14.396601961935703,14.806662225480823,41163670
2018-10-01,15.073677062988281,15.156325489571136,14.488786475358356,14.70176278116701,34088803
2018-10-08,14.285343170166016,15.194468480229434,14.199516527684466,15.051424076093515,45094048
2018-10-15,14.221768379211426,14.488784185211204,14.06600865379475,14.298057916582602,37505783
2018-10-22,13.862567901611328,14.453817257198741,13.60508799148769,14.437922492452604,42118386
2018-10-29,14.135942459106445,14.339382852576048,13.878462529033756,13.891177856775705,35051985
2018-11-05,14.180445671081543,14.256735216515212,13.96746816382825,14.126406131515603,25546644
2018-11-12,13.735417366027832,14.269448975737713,13.665485492504144,14.237661870736067,33535197
2018-11-19,13.293570518493652,13.894355797057656,13.19820798758832,13.798993266152323,32000615
2018-11-26,13.678202629089355,13.843498279340055,13.369863762126087,13.40482910031322,35649073
2018-12-03,12.537027359008789,13.9865421654153,12.537027359008789,13.983363939376492,50198703
2018-12-10,12.20516300201416,12.537025033492986,11.990279311193811,12.467093160206074,50030512
2018-12-17,11.949590682983398,12.235679481636469,11.767766112124102,12.15176026237828,55519646
2018-12-24,11.939419746398926,12.069112207218437,11.696562567910883,11.883472790162687,19045690
2018-12-31,12.229321479797363,12.266195442572846,11.715633674188357,12.062755063646593,28043554
2019-01-07,12.43276309967041,12.526854829985485,12.103443862468296,12.258566984992765,32866182
2019-01-14,13.071056365966797,13.10284468279131,12.365372708866744,12.379358840709353,40579309
2019-01-21,12.97569465637207,13.074236625822165,12.826292589405883,13.010661200776955,26775270
2019-01-28,12.940727233886719,13.071056300715878,12.772253399658858,12.972515550552545,29278230
2019-02-04,12.7849702835083,13.140990985326107,12.674349595758493,12.90576226374978,32600898
2019-02-11,13.188673973083496,13.242712303658077,12.829473802591755,12.867618577856197,30789176
2019-02-18,13.754491806030273,13.868927336255881,13.134633492375203,13.223638365839362,35596818
2019-02-25,14.320308685302734,14.387062331567071,13.665485124156824,13.805350080034525,40958097
2019-03-04,13.977004051208496,14.4315666962798,13.90707096347434,14.39977837794593,37793423
2019-03-11,14.491962432861328,14.501498321897234,13.999255026867383,14.05329334820463,42112297
2019-03-18,14.19633674621582,14.628648136846705,14.110510113140549,14.498319074606533,31581640
2019-03-25,14.259912490844727,14.406135107902275,14.024683800821487,14.11368987378718,30525755
2019-04-01,14.781229972839355,14.898843721267177,14.29805843896783,14.364812089756562,32361325
2019-04-08,14.838448524475098,14.933811061051841,14.669974669436169,14.797124314005012,25752220
2019-04-15,15.089571952819824,15.188112722680996,14.80348310864102,14.838449657662933,26972580
2019-04-22,15.035531044006348,15.124537127776062,14.902023737252414,15.089570581930863,24855728
2019-04-29,15.543986320495605,16.052687076021652,15.17677895843904,15.965095621701591,33701266
2019-05-06,14.890427589416504,15.399127143236043,14.833156046796768,15.244159203410097,37311908
2019-05-13,15.230684280395508,15.311537849639402,14.6916647691825,14.94096081119706,36580066
2019-05-20,15.02855110168457,15.264372601194092,14.839893645052197,15.227314771755251,27524710
2019-05-27,14.87695026397705,15.153197879885752,14.701768629599195,15.102665531682169,30581774
2019-06-03,15.092558860778809,15.139722902402145,14.614179255600686,14.77251549746135,30650274
2019-06-10,15.234049797058105,15.355329475895358,15.089188101238449,15.17340995763948,21735158
2019-06-17,15.668636322021484,15.695587937612306,15.223944945763051,15.237420753558462,41010468
2019-06-24,15.564201354980469,15.773071226330519,15.365437696480415,15.62820951156995,26203395
2019-07-01,16.02910804748535,16.10659201914363,15.634948999779336,15.698957162856042,23895334
2019-07-08,15.938146591186523,16.086376614624392,15.843817226159057,15.92467078402207,21226868
2019-07-15,15.887613296508789,16.16049261436559,15.816867235068639,15.938146931893884,21467872
2019-07-22,15.810129165649414,16.049318962368158,15.736013510561014,15.874137322692485,26812065
2019-07-29,15.02518081665039,15.85729328813278,14.940958948204765,15.800023034449142,36168628
2019-08-05,14.590597152709961,15.008336906272739,14.368251468362356,14.863475187745266,36198606
2019-08-12,14.50300407409668,14.812941187996994,14.162748324233231,14.68155529166236,33374675
2019-08-19,14.317717552185059,14.728720679040313,14.317717552185057,14.63439131304767,25113204
2019-08-26,14.06168270111084,14.44236459358157,13.829229538583728,14.253708444427547,33561829
2019-09-02,14.52658748626709,14.533325389946732,13.997674256090445,14.081896124400403,26942526
2019-09-09,15.318275451660156,15.39912773418347,14.573753079775143,14.573753079775143,35447276
2019-09-16,15.759596824645996,15.759596824645996,15.075715611498108,15.220577339178275,38037652
2019-09-23,15.597888946533203,15.712430732910281,15.230681568305835,15.631578463187436,26541063
2019-09-30,15.213838577270508,15.864031517842665,14.964541276093739,15.537250250318406,35410358
2019-10-07,15.92803955078125,15.95162157143458,15.072346333238134,15.20710055338234,30653867
2019-10-14,16.123435974121094,16.231239871434887,15.638317151085182,15.810130495951675,33049956
2019-10-21,16.3760986328125,16.426630977642045,16.069531114401656,16.113326841352805,23550871
2019-10-28,16.056055068969727,16.43000032670062,15.816865299022004,16.37272879459952,23025162
2019-11-04,17.100406646728516,17.113882453355345,16.113327586101065,16.126802107604238,38000013
2019-11-11,17.002710342407227,17.130726650600334,16.837634923252157,17.016184863974523,24733664
2019-11-18,16.85784912109375,17.11388303001232,16.608551830591935,16.979128814574434,23724502
2019-11-25,16.638874053955078,16.965655352657517,16.598447912247973,16.867957665501798,22660629
2019-12-02,16.74330711364746,16.857848902099725,16.26829584376794,16.655715653883192,30662002
2019-12-09,16.696144104003906,16.962284238622882,16.41652687652448,16.719726124981236,26454577
2019-12-16,17.11725616455078,17.11725616455078,16.716359174284232,16.750048698954174,34587191
2019-12-23,16.985864639282227,17.140833843223813,16.97239011795466,17.053242386414617,8892423
2019-12-30,17.161046981811523,17.238530944444438,16.773627168646936,16.98586534602783,13829642
2020-01-06,17.08356475830078,17.21832027189068,16.78036678040924,16.97913045613624,23690572
2020-01-13,16.42326545715332,17.16104861196856,16.17396814424667,17.13072868587348,35313761
2020-01-20,16.379467010498047,16.652346300167828,16.211023290112067,16.416524834602736,23763073
2020-01-27,16.22450065612793,16.43000222037719,15.944884721666927,16.264926793072856,32852947
2020-02-03,16.71635627746582,16.84100556945788,16.113328669299566,16.30872273802906,29072883
2020-02-10,17.154308319091797,17.16778412550729,16.679297066496524,16.68940456386996,24446245
2020-02-17,16.258188247680664,17.25874441472238,16.130171938220613,17.18126045316803,40983667
2020-02-24,14.118952751159668,15.998785308804269,13.96061524096508,15.961727484280122,86069082
2020-03-02,13.475500106811523,14.479424710554122,13.32592197337799,14.358145003973005,84431435
2020-03-09,10.328970909118652,12.658885029978515,10.000168758962502,12.278876477406728,135393708
2020-03-16,9.244192123413086,9.865412556150318,7.980190095427648,9.749523315659575,112903572
2020-03-23,10.436774253845215,11.632051177775265,8.72808138275267,8.834537824124343,80049796
2020-03-30,9.408592224121094,10.931324244751327,9.288660635143305,10.450248509068555,58843281
2020-04-06,10.463724136352539,10.669899736168606,9.753565450484286,9.811510390693451,39524092
2020-04-13,10.055418014526367,10.725150661428295,9.732006321075833,10.463725630916722,37295749
2020-04-20,9.810165405273438,10.38961174025536,9.67675797085102,10.38961174025536,33408553
2020-04-27,10.912457466125488,11.454173049619332,9.970520978432747,10.066196503232383,39503528
2020-05-04,10.932671546936035,11.114591080572618,10.376133328850687,10.470462047317264,34349736
2020-05-11,10.187477111816406,11.103810807540194,9.886973418914573,11.083598381628654,33930374
2020-05-18,10.328970909118652,10.721107818036767,10.106625205991786,10.362659788317677,32344605
2020-05-25,11.036433219909668,11.692690654555832,10.133575318123917,10.338402838034398,58319972
2020-06-01,13.502449989318848,13.542876124611345,11.117286159959159,11.297857601730891,64941625
2020-06-08,12.320647239685059,13.630465798215385,11.95411456092457,13.280102544879368,52677219
2020-06-15,12.451358795166016,12.920306795468843,11.835528886567571,11.925815239895904,52291413
2020-06-22,12.482354164123535,12.92704681584438,12.249228862921862,12.433843313312023,34439891
2020-06-29,12.737041473388672,13.010594201436806,12.303131002936592,12.450014222747932,40164955
2020-07-06,12.802824020385742,13.731519137909016,12.260734984911613,13.578837474549777,34797498
2020-07-13,12.865857124328613,13.174020390932734,12.690763812726109,12.944298585947411,28911201
2020-07-20,12.542284965515137,13.245459513422272,12.484853845396549,12.816830085694995,28141050
2020-07-27,11.811094284057617,12.588508990836155,11.783078713862828,12.529676560598281,37258499
2020-08-03,11.927356719970703,12.490456065737728,11.669619347101118,11.874128204285036,35533171
2020-08-10,12.292951583862305,12.668351162445386,11.9665779201103,12.032412910862885,29004281
2020-08-17,12.050621032714844,12.367190824895394,11.920352374208939,12.278942849162357,24983303
2020-08-24,12.243926048278809,12.5759023023354,12.07163401663869,12.103850856546151,25400253
2020-08-31,12.0324125289917,12.407812095660772,11.735454423562862,12.312561559032495,34226164
2020-09-07,12.0884428024292,12.298554249120283,11.830705417654428,12.136067404656885,26801520
2020-09-14,11.665416717529297,12.221513505194729,11.584173967164887,12.200501827202032,38309352
2020-09-21,10.904810905456543,11.640203593620905,10.806759081376994,11.616390626099896,45713554
2020-09-28,10.969244956970215,11.27460758430968,10.822166556818901,11.074301338751404,32858211
2020-10-05,11.343244552612305,11.490323629680589,10.952436551831028,11.09111109112604,31173442
2020-10-12,10.6106538772583,11.497326885854251,10.422954102547063,11.365656914577054,41095696
2020-10-19,10.485989570617676,10.813763909310783,10.249263176946835,10.596648551291445,34614398
2020-10-26,9.66515064239502,10.413149134777939,9.345780221901926,10.322100535340699,47074304
2020-11-02,11.018272399902344,11.205972188258167,9.609121338451216,9.728184846385698,46308136
2020-11-09,12.851849555969238,12.914883256079777,11.124728711066815,11.205972131922,71590032
2020-11-16,13.167017936706543,13.386935918872242,12.927490922849746,12.927490922849746,39889167
2020-11-23,13.819764137268066,13.992056146384535,13.186625902999303,13.284679058736135,37326436
2020-11-30,14.007465362548828,14.084506849516766,13.605451523430746,13.76653705449462,35102739
2020-12-07,13.767938613891602,14.081004487158701,13.585841400616053,13.937428018056675,30232287
2020-12-14,13.926222801208496,14.32263406576795,13.675487970821834,13.867390366499931,38812205
2020-12-21,13.763736724853516,13.908013189994065,13.110988013272513,13.604051159730592,23475720
2020-12-28,13.665682792663574,13.944431859619582,13.64327113631005,13.91641762314168,9778898
2021-01-04,14.263100624084473,14.41368097493248,13.461172957634549,13.860386819606243,32487688
2021-01-11,13.948636054992676,14.277111063726696,13.780546609368422,14.17905922107659,25635714
2021-01-18,13.455571174621582,14.02847706460966,13.312694696395939,13.860387640284902,25957996
2021-01-25,12.816829681396484,13.58584053096502,12.753795983303064,13.52140551999702,36732272
2021-02-01,13.449968338012695,13.543817563479468,12.861654696169985,12.9499013416896,25821767
2021-02-08,13.38833236694336,13.637665834706349,13.223044263554339,13.501793274884282,21498277
2021-02-15,13.906611442565918,13.964041224361761,13.451367775783517,13.454169065644788,29452356
2021-02-22,14.567763328552246,14.952969424517379,13.709105826111957,13.87999787469907,36371601
2021-03-01,15.408211708068848,15.474746686809175,14.711339727131831,14.711339727131831,34030289
2021-03-08,16.063060760498047,16.070064653582342,15.478249714447587,15.527275630181636,30697070
2021-03-15,15.9965238571167,16.11208473947651,15.68135538548838,16.06305882963563,33007674
2021-03-22,15.779409408569336,15.958003995073845,15.527274617404446,15.856449555759552,23826284
2021-03-29,16.11208724975586,16.283679296789014,15.779410999474052,15.807425236952408,22188672
2021-04-05,16.458770751953125,16.535812234010624,16.112085418550276,16.112085418550276,17729171
2021-04-12,16.60234832763672,16.73191700866973,16.36772392317543,16.50779777579447,31320923
2021-04-19,16.234651565551758,16.66888221687388,16.070063430240225,16.60234724142211,28660578
2021-04-26,16.476282119750977,16.542818440235866,16.087574712613712,16.213642124210242,28621516
2021-05-03,16.9210147857666,17.98555753960906,16.81679429346797,17.564951178707467,35958191
2021-05-10,17.028959274291992,17.211346566684252,16.3999118909513,17.021514750123146,31161007
2021-05-17,16.783296585083008,17.066181419664783,16.381300777105988,17.01779413973627,24586300
2021-05-24,16.976848602294922,17.0326804023244,16.437132682623385,16.801905838427476,20926656
2021-05-31,16.999183654785156,17.069905934746153,16.798187152527706,16.988017576853633,16650487
2021-06-07,16.6790771484375,17.200181123371824,16.489245309219434,17.002906178994355,22903924
2021-06-14,16.4148006439209,17.218790850564005,16.251025360679897,16.708852979194926,35087509
2021-06-21,16.362693786621094,16.373861285905775,15.94208870421717,16.15425273194961,27706797
2021-06-28,16.19147300720215,16.377581892342405,15.79692165954149,16.340360683273598,26468894
2021-07-05,16.23986053466797,16.373859149414216,15.636866768309858,16.1654167020425,28842802
2021-07-12,16.094696044921875,16.36269185789538,15.964418981210203,16.21380561066522,18337931
2021-07-19,16.206357955932617,16.385022270048225,15.469367127744068,15.908584099073266,33047758
2021-07-26,16.28824806213379,16.418525126147816,15.90486423525126,16.072362506184703,20102630
2021-08-02,17.628231048583984,17.67661974866346,16.68279772034319,16.749797022023113,33901065
2021-08-09,18.197725296020508,18.197725296020508,17.583566869716588,17.628232601471886,18255019
2021-08-16,17.859006881713867,18.179114363270354,17.576122025860453,18.071170878578425,23853063
2021-08-23,17.914838790893555,18.067447995291534,17.75850661425047,18.041392869167332,14140622
2021-08-30,17.56123161315918,18.01161469999023,17.4793432628634,17.89994967134008,19301418
2021-09-06,17.289512634277344,17.758506316548665,17.181569159344996,17.620786163644066,18618703
2021-09-13,17.19273567199707,17.56123183304417,17.18156959496161,17.3825675009873,27251572
2021-09-20,17.497953414916992,17.53145306464144,16.49668831521619,16.935905313871046,27267629
2021-09-27,17.77339744567871,18.067449807021486,17.501678660352432,17.587288571901972,29305735
2021-10-04,18.007892608642578,18.127002158290576,17.434677013525434,17.68406218938286,26801035
2021-10-11,17.810617446899414,18.04883798192317,17.330457664179256,17.937171529297252,24116142
2021-10-18,17.82550621032715,17.93717124126202,17.535176845916894,17.78828500664816,16950008
2021-10-25,18.729995727539062,18.729995727539062,17.777117844489975,17.806895943912416,25397875
2021-11-01,18.983104705810547,19.615875146650495,18.61833149165528,18.644386619816512,27666121
2021-11-08,19.191547393798828,19.310656958299372,18.80071762663978,18.919828611038337,22559853
2021-11-15,18.733718872070312,19.39254299901987,18.45455557696025,19.154323881042952,27525547
2021-11-22,18.033946990966797,19.254820534513197,17.93344804636056,18.871436776121005,32094216
2021-11-29,18.614606857299805,18.923548234913678,17.810616668919984,18.216334025364763,44268746
2021-12-06,18.886329650878906,19.251102883045363,18.674164222678908,18.72999745429439,30997562
2021-12-13,18.89377212524414,19.29576797168879,18.71883075049702,18.923550226416936,33322720
2021-12-20,19.277156829833984,19.35532221338174,18.234947456169945,18.50666623223928,20972539
2021-12-27,19.4930419921875,19.772205287820864,19.180379044282216,19.180379044282216,11450051
2022-01-03,20.44964027404785,20.44964027404785,19.574929232155416,19.645650085192948,22901358
2022-01-10,21.060077667236328,21.19035329130601,20.382640162380547,20.457083984662283,23207983
2022-01-17,20.48314094543457,21.406240732733693,20.196533126894035,20.99308025083811,27895131
2022-01-24,20.792081832885742,21.1345214498891,19.656818083614493,20.352864814626376,34027423
2022-01-31,20.44964027404785,21.35412941399685,20.41614062368315,21.056355532920566,29202484
2022-02-07,21.156856536865234,21.65562836852556,20.449642258277393,20.565030269595876,31582970
2022-02-14,20.040205001831055,21.041470302371753,19.895040297206364,20.76975149783613,34255785
2022-02-21,18.439666748046875,20.323087559554267,17.93717195888936,20.200256446581072,43163543
2022-02-28,16.56740951538086,18.167946791550435,16.46318901177833,17.937170790862158,64725977
2022-03-07,17.940893173217773,18.53271936474167,15.621977105017255,15.979305751247352,65030938
2022-03-14,18.964492797851562,19.351599560892552,18.082337213914112,18.42849838136469,43928366
2022-03-21,19.143157958984375,19.552596893843234,18.87888371157733,18.968215171594775,24077971
2022-03-28,19.928537368774414,20.04392395497211,19.221323122197422,19.221323122197422,26308243
2022-04-04,19.18037986755371,19.969482506074197,18.886328929320918,19.94714893030165,28425466
2022-04-11,20.099756240844727,20.16675554190604,19.23621127149656,19.23621127149656,22058058
2022-04-18,19.82431411743164,20.39008519296628,19.697760042379183,20.09975584074505,20551036
2022-04-25,18.953323364257812,19.627037868408312,18.890047040942523,19.440929030566515,29136752
2022-05-02,18.098989486694336,20.34597955886235,17.904461406032997,20.024413287962265,36038738
2022-05-09,18.26572608947754,18.30939575023944,17.58686549330975,17.829032510687824,30017312
2022-05-16,18.35703468322754,18.837397882926165,18.06722723392671,18.349094607891878,26718947
2022-05-23,19.270122528076172,19.349521768596563,18.333214821647566,18.579351104287685,21330571
2022-05-30,18.6627197265625,19.321730851951077,18.547592417318832,19.29394134478041,25461212
2022-06-06,17.928279876708984,19.099414497904387,17.813151054839114,18.833427272012432,25373804
2022-06-13,17.856821060180664,18.51980298315846,17.451886292707282,17.721842804356204,41881733
2022-06-20,17.836971282958984,18.261755473916487,17.43600580382911,17.928279878598822,21525281
2022-06-27,17.249420166015625,17.97989048086526,16.93182470617113,17.852852296927466,23885735
2022-07-04,17.15414047241211,17.46379736548595,16.14577357983634,17.356608615700534,30187475
2022-07-11,16.634078979492188,17.269269910670534,16.372062531079287,16.84448569149227,22853710
2022-07-18,16.84051513671875,17.10650238410681,16.507041028900627,16.8325765750785,18951916
2022-07-25,17.825063705444336,17.936221743502237,16.792876514854232,16.836546176781177,22715279
2022-08-01,18.642871856689453,18.76594076619403,17.523346857297053,17.81315282379363,25002722
2022-08-08,19.385251998901367,19.52419953864431,18.66272024899427,18.75403036301346,23498055
2022-08-15,19.262182235717773,19.754454795455718,19.127203982677138,19.401129769253192,18930105
2022-08-22,18.603172302246094,19.194693570463063,18.53171313348752,19.178814933061428,21931908
2022-08-29,18.964435577392578,19.099413825838646,18.249845473907605,18.43246265874214,29377358
2022-09-05,19.758426666259766,19.821945758536803,18.460253798084096,18.579351906801715,26471686
2022-09-12,20.008533477783203,20.520655489623792,19.810036127862396,19.84973499208072,31230035
2022-09-19,19.079565048217773,20.151449482923706,18.964436226458695,19.92913342922566,25960387
2022-09-26,17.844911575317383,18.976345833321044,17.63450336032327,18.881067956023134,35505017
2022-10-03,18.35703468322754,18.9088570465326,17.289118024006115,17.55113445242487,28247582
2022-10-10,18.83342933654785,19.091476515313925,17.78536349774573,18.174418149154718,26659977
2022-10-17,19.23836326599121,19.496410433027037,18.821519123745716,18.85724870819045,20198192
2022-10-24,19.80209732055664,19.93707558772539,19.242334818501032,19.242334818501032,20632615
2022-10-31,20.576236724853516,20.78267264316083,19.69093718118283,19.75842706996436,24461689
2022-11-07,21.112178802490234,21.386104607246857,20.50874666145938,20.56432567856235,25474860
2022-11-14,21.501232147216797,21.62827032566655,20.84222102860326,21.227306358887247,20403340
2022-11-21,21.652090072631836,21.914106499184953,21.318614482981094,21.417863152348403,16609865
2022-11-28,21.74736976623535,21.862498595790992,21.267006529776534,21.477413241822294,26303877
2022-12-05,21.71561050415039,21.91410785516746,21.36625474232426,21.679880920390733,19571456
2022-12-12,20.667545318603516,21.973656774343215,20.58417527785935,21.675910739382388,29891074
2022-12-19,20.985139846801758,21.338464883496577,20.651664241999367,20.70327397645135,16260376
2022-12-26,20.687393188476562,21.199516693378378,20.687393188476562,20.98513920094303,9475584
2023-01-02,21.711639404296875,21.711639404296875,20.75488224640095,20.838252283612974,18876094
2023-01-09,22.080846786499023,22.263465515966377,21.600483519524406,21.78310073457703,18374926
2023-01-16,22.434171676635742,22.589000894484005,22.124516269768662,22.184066085434512,20342030
2023-01-23,22.73588752746582,22.83116541106773,22.140395454502592,22.465930999902653,14170230
2023-01-30,22.723976135253906,22.94232290623371,22.489749213624606,22.660457047070427,18375596
2023-02-06,22.569149017333984,22.989963961828202,22.398441168160883,22.644578982661194,17417481
2023-02-13,22.4897518157959,22.712067892953844,22.251554071736347,22.604879135289252,19551546
2023-02-20,22.557239532470703,23.09715258591623,21.91410851970866,22.64854813497772,23643661
2023-02-27,23.732341766357422,23.998328992597543,22.704125472424995,22.73985505462398,28633900
2023-03-06,23.347259521484375,24.08963920773006,23.081272277363738,23.819682682838057,23649001
2023-03-13,20.619905471801758,23.212282055915484,20.59211596220427,23.20831126059316,59637818
2023-03-20,21.147907257080078,22.104664396646058,19.532138994589992,20.290398789728055,39549778
2023-03-27,22.362712860107422,22.628698590302477,21.310676267248557,21.580632792636916,26698335
2023-04-03,22.787498474121094,22.910565873174235,22.315073768600495,22.374623584823762,14023290
2023-04-10,22.799406051635742,23.248010492761257,22.712066731837517,22.787496695086755,16130595
2023-04-17,23.236101150512695,23.442538592626285,22.370652514673488,22.835137138032746,21867627
2023-04-24,23.4782657623291,23.565605078883255,22.926443384641466,23.18449053932533,17335155
2023-05-01,22.914533615112305,23.55766457831479,22.243611630804807,23.478265338735767,19816908
2023-05-08,22.73314094543457,23.378560843189845,22.492690332184374,23.091708806902414,20936676
2023-05-15,23.424964904785156,23.60635770649984,22.960937780383155,22.97781190361358,20310894
2023-05-22,22.859695434570312,23.59370372822964,22.37035710853243,23.40387385838628,18834942
2023-05-29,22.99468421936035,23.104364410207413,22.27755168950549,23.01577767781898,27425365
2023-06-05,22.374576568603516,23.28153900413909,22.323954196893556,23.184515205502546,15752810
2023-06-12,22.273332595825195,22.70783241934965,21.961169361391473,22.5475314667133,35523655
2023-06-19,22.281770706176758,22.551750254352275,21.77977758436322,22.357702655251753,16926286
2023-06-26,22.800636291503906,22.9862484242604,21.889454578169513,22.399884724840025,19295273
2023-07-03,21.387460708618164,23.1549839758645,21.336839951179485,22.872349670193273,22877861
2023-07-10,22.22271156311035,22.602371285967283,21.269344529805142,21.31152983745866,15704355
2023-07-17,23.37012481689453,23.403871451838278,22.17630723201787,22.235365050073067,13825089
2023-07-24,23.775094985961914,24.011326267070665,23.07061565030068,23.25622778169174,14014919
2023-07-31,23.163421630859375,23.863681628667063,22.577059547112597,23.749783714606156,18589080
2023-08-07,23.48824119567871,24.00289067078358,22.914533900651303,23.09592669567335,15083005
2023-08-14,22.927186965942383,23.682286999276233,22.733139398141834,23.429181615988973,11822652
2023-08-21,23.11280059814453,23.386997846488327,22.87656771149944,22.91453368240303,9835370
2023-08-28,23.496679306030273,23.855245576828732,23.205606310266727,23.26044640658819,13184567
2023-09-04,23.374343872070312,23.678071649860794,22.931408602262493,23.559954397828417,11740155
2023-09-11,24.795955657958984,24.98156779224072,23.500896490152048,23.581047769666412,22438966
2023-09-18,24.315053939819336,24.897198297271505,24.171627115786336,24.715805501900213,14226234
2023-09-25,23.775094985961914,24.407860104711627,23.64010522269837,24.154753091688793,16286135
2023-10-02,23.59792137145996,23.884775038389538,22.72892491800126,23.81306242625965,18017861
2023-10-09,23.631668090820312,24.205375387580734,23.289974348401408,23.45027529525033,13682520
2023-10-16,22.914533615112305,24.00710809767947,22.88500470551899,23.779312272926884,13516847
2023-10-23,23.163421630859375,23.51355243436567,22.750015281233622,23.02843186809198,12421387
2023-10-30,23.76665687561035,24.23912102617945,23.003119753372427,23.26044448111247,16942752
2023-11-06,23.391216278076172,23.85102563716567,22.813291284829496,23.81727739357515,15069523
2023-11-13,23.948049545288086,23.998670301726094,23.41652597047209,23.43340009235304,15227380
2023-11-20,24.007108688354492,24.18006442417284,23.66963427812417,24.00289096225377,9618796
2023-11-27,24.378332138061523,24.60190864039369,23.77931363234207,23.977580558835864,16201476
2023-12-04,25.30638885498047,25.335917767255655,24.285526886078983,24.361458834559468,15324214
2023-12-11,24.61034393310547,25.46668551712352,24.55972317586232,25.268420214085832,21417800
2023-12-18,25.006877899169922,25.171396578632095,24.43317057956492,24.623000444023187,13270148
2023-12-25,24.880325317382812,25.108121155875207,24.808612706675007,25.006878024588037,4620890
2024-01-01,25.20514488220215,25.394974747089016,24.863451125405785,24.88032524877461,9191351
2024-01-08,24.82126808166504,25.281077495775822,24.614564087950733,25.205145547815874,9867515
2024-01-15,25.787288665771484,25.85056421312729,24.568161441780003,24.711588268673406,14452253
2024-01-22,26.0867977142334,26.289282367052724,25.67760907314988,25.985554583221248,14371027
2024-01-29,25.761978149414062,26.588790886263244,25.576367619469853,26.112108968841866,14490996
2024-02-05,25.302167892456055,25.956024865256932,25.17983291563646,25.72401130835403,12942303
2024-02-12,26.137418746948242,26.209132967412,25.369663826905647,25.39497501222315,15624994
2024-02-19,27.251083374023438,27.36919901271499,25.972898369253098,26.137417040060583,14692338
2024-02-26,27.301706314086914,27.938690771433006,27.09922005893238,27.09922005893238,19448279
2024-03-04,28.28038215637207,28.339439975388295,27.221554312450202,27.246863886768654,12308499
2024-03-11,28.959550857543945,29.13672431804361,27.748859107309944,27.900722992998176,24657114
2024-03-18,29.090322494506836,29.54169483506229,28.75706579919431,28.828778409747525,13565573
2024-03-25,29.372955322265625,29.482635509432605,28.508178267445768,28.92158300472088,14046696
2024-04-01,28.803468704223633,29.689339257967763,28.617856566300315,29.275934501478474,16406140
2024-04-08,28.39849853515625,29.10719560024647,27.934471422892262,28.78659370407451,17252036
2024-04-15,28.600984573364258,28.803467608477774,27.934471211095158,28.541926753255332,20565810
2024-04-22,28.55879783630371,29.512164852960517,28.39849849763445,29.01438949577615,20725085
2024-04-29,28.147125244140625,30.753174540043762,27.314263811983366,30.502421735953657,21759029
2024-05-06,30.197935104370117,30.3859997098064,28.18294669621115,28.281457703701804,18110065
2024-05-13,30.171064376831055,30.323309583175554,29.57104779293063,30.19793318750983,16769200
2024-05-20,30.090465545654297,30.547197760099866,29.517314341546694,30.206887951566983,13228612
2024-05-27,29.59791374206543,30.475551944424257,29.44567194911827,30.12628814530959,19635681
2024-06-03,29.714336395263672,30.04568879510669,29.12327378807717,29.884489591669404,15953756
2024-06-10,26.35602569580078,29.293427368003286,26.00676188919752,28.99789776866618,43436622
2024-06-17,27.367996215820312,27.905326335470818,26.391846982424077,26.391846982424077,28677862
2024-06-24,27.376951217651367,27.79786062621785,26.86648821486891,27.359039815558045,21038512
2024-07-01,28.62176513671875,29.024763150396875,27.466507011050364,28.46952334057962,20174283
2024-07-08,28.8814754486084,29.230739256270525,28.191901826396965,28.46056773916621,14597243
2024-07-15,28.60385513305664,29.006851434250684,28.371012028574924,28.684453026795182,12101083
2024-07-22,29.087451934814453,29.132228733622128,28.326234398206314,28.69341132255585,11549035
2024-07-29,28.89042854309082,29.50835995242693,28.263544849045704,29.27551514372762,17432492
2024-08-05,29.194915771484375,29.338203571707894,27.726214965130648,27.994880871643733,18844197
2024-08-12,29.87553596496582,29.911358769780097,28.800875734292454,29.374026946318065,11606658
2024-08-19,30.40390968322754,30.412863676100823,29.759112876331205,29.857623879190438,9689286
2024-08-26,30.806909561157227,30.851686360748133,30.26062372389603,30.278535126982554,12219841
2024-09-02,30.88750648498535,31.326323865625245,30.52033129422011,30.815860878860168,14661837
2024-09-09,32.311431884765625,32.365162675490964,30.92332724268259,30.9322846519706,18662903
2024-09-16,32.46367645263672,32.83085169103719,32.12336661189329,32.177100823458346,23320723
2024-09-23,31.818876266479492,32.58904947081459,31.54125807625448,32.47262706600215,20342839
2024-09-30,30.780038833618164,31.69349983670096,30.23375303034065,31.69349983670096,21407224
2024-10-07,31.424837112426758,31.424837112426758,30.475553260908672,31.003927686977576,15623322
2024-10-14,32.311431884765625,32.40098548014164,31.36214805902671,31.42483625904006,17504916
2024-10-21,31.2457275390625,32.17710001872451,31.165127931856155,32.00694681073373,16067645
2024-10-28,30.69944190979004,31.997989627880827,30.520334706950685,31.469615180502544,19701700
2024-11-04,30.323312759399414,31.684548685104243,30.242713151421793,30.663622594888352,15929463
2024-11-11,30.34122085571289,30.735261442734938,29.436713862974024,30.52033145572311,19210114
2024-11-18,30.52033042907715,30.815860005339992,30.009864040531447,30.457638817369432,16703551
2024-11-25,29.53522491455078,30.681527290585326,28.41578793287625,30.645707903522162,32639741
2024-12-02,30.448688507080078,30.68152991604267,28.69341198951331,28.988941601513943,28782564
2024-12-09,30.538240432739258,30.645708845985443,29.99195803853245,30.466598240159126,18403860
2024-12-16,30.00986671447754,30.511375739071813,29.562091897741823,30.394953330170317,24636165
2024-12-23,30.52033042907715,30.52033042907715,29.875533657230314,29.95613325371117,5463019
2024-12-30,30.511377334594727,31.003928975510732,30.35017811884026,30.368089522396414,8622081
2025-01-06,30.30539894104004,31.371101747159784,30.251664734586278,30.66362015156382,17269582
2025-01-13,31.666635513305664,31.82783472025977,29.70537963411433,30.108377651499584,20625527
2025-01-20,32.15023422241211,32.47262923098224,31.460660572934096,31.612902375626863,20430254
2025-01-27,32.821895599365234,33.135336606166504,32.186052760031465,32.221875565451825,21697940
2025-02-03,33.636844635009766,33.77117502697327,32.24874000429899,32.28456280865618,20311223
2025-02-10,33.60997772216797,34.28163996867813,33.42191311304533,33.69057732839922,16701455
2025-02-17,33.11742401123047,33.869685816722885,32.81293700862042,33.63684442237433,16732934
2025-02-24,33.52937698364258,34.28163881097995,33.054736772004375,33.242801374776036,22962982
2025-03-03,34.71150207519531,34.88165869090139,33.341312237671374,33.70848744847031,26136637
2025-03-10,34.774192810058594,35.105545207435675,33.66370979644938,34.92643460314379,23765322
2025-03-17,35.38316345214844,35.920495265836536,34.53239405891423,34.54134805182957,24696162
2025-03-24,35.81303024291992,36.054825630211205,35.38316342578942,35.58018543228668,19070041
2025-03-31,33.64579772949219,36.27871228692464,33.21593433743693,35.499585102340134,31945725
2025-04-07,33.25175857543945,34.07566259169562,30.44868728904483,31.34423691519321,45085407
2025-04-14,35.38316345214844,35.56227405671114,33.95028544814811,34.048796451470125,16786576
2025-04-21,36.33244705200195,36.57424585430676,35.383163244759075,35.383163244759075,15340869
2025-04-28,37.90861892700195,38.15041433004551,36.430960614508635,36.60111382086358,23469355
2025-05-05,39.31438446044922,39.38043065694172,38.00296202690675,38.04070168231628,23745723
2025-05-12,38.918128967285156,39.84272893268234,38.05957159948409,39.38043074950957,20445363
2025-05-19,38.65395736694336,39.521947821923085,38.12561300366122,39.05021294011631,17782068
2025-05-26,39.163429260253906,39.531385500250714,38.67282813836139,39.17286597358931,17659996
2025-06-02,40.29559326171875,40.4654181092914,39.03134361815102,39.153995696742726,20900052
2025-06-09,39.2672119140625,40.550331412871934,38.85208649935131,40.53146158505984,21397257
2025-06-16,40.191810607910156,40.45598458984991,39.05021305437003,39.24834084153619,29210953
2025-06-23,39.587989807128906,40.4465471348189,39.229473893800055,39.78611759066087,18651814
2025-06-30,38.68225860595703,39.77668333962693,38.32373910382597,39.72951057333238,17669923
2025-07-07,39.333251953125,39.804986820584624,38.710562072040354,38.74830172520946,14679975
2025-07-14,39.52194595336914,39.78611632299476,38.86151643025373,39.06908092013178,12825980
2025-07-21,39.88046646118164,40.210679431550496,39.05021207975951,39.52194695117299,14515924
2025-07-28,37.106666564941406,40.58806860642995,36.94627483779374,40.229549097851134,21448879
2025-08-04,39.05021286010742,39.50307791382788,37.380270950046764,37.61613839046689,17947382
2025-08-11,40.946590423583984,41.14471821618561,38.93699875834165,39.27664845940251,14954457
2025-08-18,40.182376861572266,40.9088490021356,40.16350703465551,40.75789398585305,12315393
2025-08-25,37.5406608581543,40.088029810807775,35.99337109997923,40.003117392417614,30756782
2025-09-01,37.2764892578125,37.87087622429356,36.5500206976209,37.55953306979024,17890391
2025-09-08,37.936920166015625,38.40865507063871,37.06892966905398,37.333100063946354,15743902
2025-09-15,37.635009765625,38.399221599679024,37.10666898074469,38.18222397745294,24383157
2025-09-22,38.361480712890625,38.46526296346228,37.33309851939661,37.56896596194981,13229539
2025-09-29,38.09730911254883,38.59734692309981,37.80483219746257,38.55017415590562,11718541
2025-10-06,37.323665618896484,37.98409158258411,36.18206445512594,37.69161825553718,22107512
2025-10-13,37.18214416503906,38.68226127046552,36.71984238578493,37.635009230953436,17237154
2025-10-20,37.17271041870117,37.5500961676873,36.63493293713098,37.33309855223367,14967741
2025-10-27,35.502769470214844,37.597269972280564,35.436726872346426,37.26705698293848,19817069
2025-11-03,35.389549255371094,36.09715157819741,35.06876939172777,35.597113755096636,22808321
2025-11-10,36.314151763916016,36.93684164642889,35.446157734292704,35.77637070265126,23136354
2025-11-17,35.98393630981445,36.33301911560113,35.29520381232115,36.248106692674476,18110755
2025-11-24,36.70097351074219,36.76701610315172,35.74806707903094,36.087716753737865,19282315
2025-12-01,36.370758056640625,36.69153791484376,35.97450249012283,36.69153791484376,13221613
2025-12-08,38.09730911254883,38.50300138871143,36.34245482013411,36.540582601780564,17547694
2025-12-15,38.87095642089844,38.984171788992384,38.21052684208903,38.484133947446765,23926194
2025-12-22,38.81434631347656,38.91812856549949,38.493566443156446,38.60678180943072,3568277
2025-12-29,38.63508605957031,39.05021144399714,38.219957076092086,38.80491089843842,7356291
2026-01-05,37.7293586730957,38.95586868637782,37.42744502766851,38.918129030817965,17361160
2026-01-12,37.05005645751953,37.60670373810302,36.51227900328395,37.53122443271139,17461853
2026-01-19,35.578243255615234,37.219882197133025,35.51220066132357,36.73871061123494,19423981
2026-01-26,36.25754165649414,36.37075701525022,35.417854180871444,35.75750385619104,14932292
2026-02-02,37.41801071166992,37.99352784379491,36.37075869735089,36.38019541046362,16686472
2026-02-09,35.342376708984375,37.568965941311696,35.17255186251524,37.41801092212263,17620095
2026-02-16,37.55009460449219,37.60670408405668,35.38954805497481,35.4650273610608,18928980
2026-02-23,39.11625671386719,39.25777862229262,37.248186957530365,37.66331237036578,22826185
2026-03-02,35.748069763183594,38.81434658033465,35.238595212869186,37.94635610117821,30813234
2026-03-09,36.134891510009766,36.43680154880998,34.99329395085571,35.28577087552848,24589011
2026-03-16,35.568809509277344,37.31422706860941,35.568809509277344,35.87071953468558,32716532
2026-03-23,35.80467987060547,36.427369798831144,34.4838207021017,35.10651063032738,22368624
2026-03-30,38.2199592590332,38.267135627342135,35.84241857718868,35.85185169141951,18675111
2026-04-06,38.786041259765625,39.422882609078286,37.95578688784132,38.21995726111439,20787484
2026-04-13,40.2106819152832,40.418246423222435,38.50300387867951,38.78604409920013,20576957
2026-04-20,38.71056365966797,40.44654818707899,38.40865362003576,39.74838257007383,17682136
2026-04-27,38.62565231323242,38.94643218916867,37.58783697293662,38.74830439495702,12563542
2026-05-04,38.720001220703125,39.88046863577172,37.58783674776617,38.6633917373882,22798793
2026-05-11,39.18000030517578,39.65999984741211,38.66999816894531,38.880001068115234,20329940
2026-05-18,40.119998931884766,40.72999954223633,38.79999923706055,38.93000030517578,18461656
2026-05-25,39.72999954223633,40.939998626708984,39.540000915527344,40.279998779296875,21305237
2026-06-01,39.52000045776367,39.86000061035156,38.98500061035156,39.459999084472656,14523973
2026-06-08,40.86000061035156,41.060001373291016,39.45000076293945,39.66999816894531,17131005
2026-06-15,42.5,42.66999816894531,41.11000061035156,41.11000061035156,24630030
2026-06-22,43.40999984741211,43.40999984741211,42.27000045776367,42.630001068115234,13268330
2026-06-29,43.709999084472656,44.13999938964844,43.13999938964844,43.34000015258789,17319389
2026-07-06,44.27000045776367,44.540000915527344,43.290000915527344,43.9900016784668,12443661
2026-07-13,44.79999923706055,44.79999923706055,43.630001068115234,44.349998474121094,9825360
2026-07-20,44.83000183105469,45.470001220703125,44.41999816894531,44.5,11393256
2026-07-27,44.939998626708984,45.65999984741211,44.25,45.27000045776367,16421186
2026-08-03,45.04999923706055,45.630001068115234,44.36000061035156,44.91999816894531,11771224
2026-08-10,45.04999923706055,45.04999923706055,44.540000915527344,44.93000030517578,7915808
2026-08-17,43.720001220703125,44.95000076293945,43.22999954223633,44.810001373291016,10082039
2026-08-24,43.61000061035156,44.38999938964844,42.43000030517578,43.72999954223633,14203213
2026-08-31,44.63999938964844,44.63999938964844,43.029998779296875,43.560001373291016,15064412
2026-09-07,43.189998626708984,44.400001525878906,42.7400016784668,44.290000915527344,11974442
2026-09-14,44.72999954223633,45.20000076293945,43.04999923706055,43.29999923706055,24883440
2026-09-21,44.0,44.91999816894531,43.0,44.72999954223633,13996938
2026-09-28,42.06999969482422,44.310001373291016,41.599998474121094,44.2400016784668,18178136
