Price,Close,High,Low,Open,Volume
Ticker,DG.PA,DG.PA,DG.PA,DG.PA,DG.PA
Date,,,,,
2000-01-03,4.320425987243652,4.342928519205505,3.870381992420605,4.185412893708538,1518894
2000-01-10,4.140410900115967,4.499546578029895,4.03420058101396,4.365433201234773,2311681
2000-01-17,4.140410900115967,4.374434289114998,4.140410900115967,4.311427723072028,2024104
2000-01-24,4.050400733947754,4.216916781147063,3.879383619788804,4.2079160460521035,1919285
2000-01-31,4.005395412445068,4.13140778323181,3.888384125117966,4.13140778323181,1472726
2000-02-07,4.140410900115967,4.392435765463047,3.987395553507954,4.041401381376899,7443234
2000-02-14,3.955890655517578,4.274521804283088,3.9243873881420477,4.266421213890827,3254426
2000-02-21,3.8703835010528564,4.140410143082454,3.6093575955515873,3.9153878831067668,4509578
2000-02-28,3.960391044616699,4.050400130690958,3.8433794075731766,4.050400130690958,3679471
2000-03-06,3.960391044616699,4.0368983306472845,3.87938304200288,3.9873935955859627,2854330
2000-03-13,3.9783928394317627,4.063901208441345,3.456341192258483,3.9603910223182677,5403370
2000-03-20,3.798374652862549,4.140408445726967,3.7173666584921867,4.041398985679629,1962232
2000-03-27,3.5922563076019287,3.879385037728479,3.5859560005563034,3.8253795583011394,2368342
2000-04-03,3.8703835010528564,4.050401378974633,3.6003565093171237,3.6813648866027524,2678464
2000-04-10,3.782174587249756,3.9153877928590037,3.635460277159211,3.8028764906114225,1289237
2000-04-17,3.7794723510742188,3.779472351074219,0.9448680877685548,3.6444592725202822,1521796
2000-04-24,3.8703835010528564,3.9693933513951403,0.9448685609112101,0.9448685609112101,609015
2000-05-01,3.9423909187316895,3.982894584116258,0.9675959063419214,0.9675959063419214,578062
2000-05-08,4.032397270202637,4.032397270202637,3.8703816425475184,3.9648910792434746,592516
2000-05-15,3.915386438369751,4.036898085196316,3.735368626872681,4.03239771859274,1120986
2000-05-22,4.1854143142700195,4.230419043762672,3.745270696616013,3.8721832434494647,2009662
2000-05-29,4.194415092468262,4.315926769098823,4.060301756785983,4.2709227423186205,3426458
2000-06-05,4.149410724639893,4.228618105691437,4.113406733787203,4.185414016080396,956187
2000-06-12,4.085502624511719,4.158410025131341,1.037352235774412,1.037352235774412,1281607
2000-06-19,4.095405101776123,4.225917858664571,3.9792932412499247,4.050400726966733,1544112
2000-06-26,4.058576583862305,4.268502965139581,4.011926357466277,4.245177851941568,2304674
2000-07-03,4.382330894470215,4.4504401274802365,4.058577684491809,4.067907587303091,2525857
2000-07-10,4.6043877601623535,4.606253886264318,1.1510968494167488,4.385131355509776,3401090
2000-07-17,4.375801086425781,4.473766544333885,1.1510968491353986,1.1510968491353986,6520041
2000-07-24,4.338481426239014,4.455107438635792,4.2918311662784685,4.421518975967684,2815379
2000-07-31,4.361805438995361,4.385130925496506,4.2666388170531,4.385130925496506,2605721
2000-08-07,4.484962463378906,4.515751728315658,4.329150375286627,4.361805403631899,2862282
2000-08-14,4.963594436645508,4.991584873409158,4.470033891659204,4.5157514358753605,5105841
2000-08-21,5.308806419372559,5.514067544004911,4.898283445117348,4.944933684238553,9989684
2000-08-28,5.5047383308410645,5.6446890657384365,5.201511376068126,5.448757819384936,4057515
2000-09-04,5.224837779998779,5.598040556247704,5.206177604936794,5.504739680937779,3443487
2000-09-11,5.486078262329102,5.598039287322452,5.1828513019198805,5.238831451921251,4411457
2000-09-18,5.29014778137207,5.551389486009792,5.0848862348736565,5.4207686336909315,3721303
2000-09-25,5.388113975524902,5.425433962707465,5.122206937188773,5.3181382292549095,2421565
2000-10-02,5.150195598602295,5.45342254053967,5.131535428906802,5.448757588739617,3454527
2000-10-09,5.224837779998779,5.453424108893474,5.0429013450159665,5.224837779998779,4339218
2000-10-16,5.327467918395996,5.458088774452181,5.112876460232926,5.308808106812571,3439971
2000-10-23,5.5047383308410645,5.52339850132644,5.308807084487564,5.402107574419146,3770482
2000-10-30,5.5047383308410645,5.537393357318998,5.327466892477641,5.4440928673874165,1871273
2000-11-06,5.411437034606934,5.52806262964423,5.252825790361917,5.5047375106367715,3173210
2000-11-13,5.336796283721924,5.45808682824201,5.2108404254741405,5.411436953422197,2441673
2000-11-20,5.271484851837158,5.4067709579876935,5.196844916538257,5.229499933543425,4129657
2000-11-27,5.691340446472168,5.859281278667787,5.299477538028129,5.3181377110488315,7268621
2000-12-04,5.6073689460754395,5.784640379975357,5.560718339788963,5.691339529897693,3406246
2000-12-11,5.784640789031982,5.877940920716719,5.551388828591225,5.598039438176566,4786149
2000-12-18,6.139183044433594,6.139183044433594,5.784640871498739,5.868611099960689,5776546
2000-12-25,6.1111931800842285,6.1578434322232685,6.008562770376481,6.139183621363936,1364574
2001-01-01,6.195164680480957,6.265139335693036,5.65868531561131,6.111193354248713,4184692
2001-01-08,5.691340446472168,6.1765038575243665,5.677345226082805,6.115858385830923,4353620
2001-01-15,5.924590587615967,6.036551235316569,5.607368450384877,5.696003978251824,1768658
2001-01-22,5.877941608428955,5.971242476020413,5.719330677266514,5.924592223472363,1348942
2001-01-29,5.8826069831848145,5.896602204088939,5.2528274799296115,5.793971429947866,15237209
2001-02-05,5.831291198730469,5.924592063807514,5.682010539597893,5.868611544761287,3068605
2001-02-12,6.0832037925720215,6.148513859100185,5.789306680718416,5.8312916199164135,3515029
2001-02-19,6.223153114318848,6.2418129218622145,5.966576048158776,6.083202382771852,3067508
2001-02-26,6.1111931800842285,6.223154220212351,5.901267045458546,6.1578434322232685,3511306
2001-03-05,6.307125091552734,6.587027341470535,5.821961650856014,5.980572949975793,9237189
2001-03-12,6.129853248596191,6.554370800692659,6.064542465586383,6.330449462498815,6060542
2001-03-19,6.251145839691162,6.344446361554274,6.045883894102387,6.148514685649063,4189565
2001-03-26,6.531045436859131,6.531045436859131,6.195163804382984,6.251143955630571,7958604
2001-04-02,6.2418131828308105,6.531045286779784,6.064542103794842,6.512385478456254,8768252
2001-04-09,6.344444274902344,6.521715353136967,1.5861107062302824,6.157842567557524,4056518
2001-04-16,5.971240043640137,6.428413202370732,1.5861102967526521,1.5861102967526521,6178285
2001-04-23,6.22782039642334,6.3817663947634635,5.9245929906074535,6.064543766372873,11354526
2001-04-30,6.391094207763672,6.428414547406487,1.5394605665609293,6.2278183561931035,6940821
2001-05-07,6.419081687927246,6.521712030943521,6.227815488449915,6.437741486661028,6317528
2001-05-14,6.577695846557617,6.857597303864365,6.409754682177343,6.437744392913678,4963497
2001-05-21,6.717647075653076,6.717647075653076,6.54970589876175,6.577696336573844,2914391
2001-05-28,6.610350131988525,6.717645823616258,6.405088651267975,6.712980509853558,4474413
2001-06-04,6.880921840667725,6.960227101835003,1.6525872149869778,1.6525872149869778,6002468
2001-06-11,6.78762149810791,6.871592074837061,6.535709767920459,6.84826695491177,12014431
2001-06-18,7.090849876403809,7.090849876403809,6.6523363941510825,6.764297422064878,7061911
2001-06-25,7.183464050292969,7.231193882865374,6.854122642193553,7.159598763116778,8477615
2001-07-02,7.154825687408447,7.245514227275215,7.064137147541681,7.221648197390271,4499317
2001-07-09,7.035499095916748,7.221648042428896,6.839803440943473,7.064136995960161,8533847
2001-07-16,7.064136028289795,7.11186659693717,6.89707903802398,7.030724778592609,4338484
2001-07-23,6.8636698722839355,7.045046236569688,6.6679741847003395,6.992542298404301,4079787
2001-07-30,6.615468502044678,7.0068597740025105,6.59160321676822,6.868440674331108,5555394
2001-08-06,6.858895301818848,6.968675771941712,6.639334361573121,6.663199648913744,6282752
2001-08-13,6.367269515991211,6.858895327160441,6.257489045462742,6.858895327160441,15986561
2001-08-20,6.658425807952881,6.701383767093443,6.2049846398509985,6.271807884587453,6027756
2001-08-27,6.663198471069336,6.663198471069336,6.515233419001057,6.644106541283684,3417176
2001-09-03,6.3004469871521,6.596377178559739,6.214531794220207,6.596377178559739,4069912
2001-09-10,5.990198135375977,6.486597010792127,5.675175993238643,6.252716710787105,9333784
2001-09-17,5.5367560386657715,6.095204328879898,5.288556098000655,5.870870416182342,8771560
2001-09-24,6.15725564956665,6.2049862330135115,5.474707045250345,5.474707045250345,9958702
2001-10-01,5.994969367980957,6.224076987854293,5.8040467223097885,6.204984315308237,8849039
2001-10-08,6.20498514175415,6.20498514175415,5.899509016349699,5.9901971831275835,6114205
2001-10-15,6.252714157104492,6.34817602517723,6.099976132501855,6.109522467665089,3323451
2001-10-22,6.023609161376953,6.281354340080982,6.01406245297052,6.224077798542306,5056722
2001-10-29,6.276578426361084,6.43886275995296,6.05701794547708,6.1333871309061605,4900379
2001-11-05,6.214530944824219,6.357723407992681,6.19066602881612,6.29090015961007,4437498
2001-11-12,6.114295959472656,6.381587802975409,6.06179240981297,6.300445245438753,4885113
2001-11-19,6.2336225509643555,6.395906919123667,6.171572667308732,6.204983914883347,4705752
2001-11-26,5.985422611236572,6.271806727324086,5.90428043264878,6.204983494917743,8969250
2001-12-03,6.057021141052246,6.309992995857484,5.918602383047097,5.918602383047097,6549614
2001-12-10,5.971105575561523,6.185893175015449,5.894736354599228,6.014062798740298,9631958
2001-12-17,6.20498514175415,6.20498514175415,5.928147658093237,5.932920641420495,4677987
2001-12-24,6.286125659942627,6.286125659942627,1.5285737445662912,6.157252555962062,1073000
2001-12-31,6.133387565612793,6.3099901140423444,1.5715312086566886,1.5715312086566886,1741905
2002-01-07,6.033153057098389,6.329082742509096,5.851776415444224,6.190664048598432,6063019
2002-01-14,6.290899753570557,6.453184139071023,6.061792865780435,6.061792865780435,6248280
2002-01-21,6.558193206787109,6.5581932067871085,6.252716310593191,6.29090092261743,3533929
2002-01-28,6.73956823348999,6.73956823348999,6.4627300361477875,6.539099245192527,6099069
2002-02-04,6.782524108886719,6.839801375235049,6.620239757199393,6.753886217492319,7039326
2002-02-11,6.9161696434021,6.9161696434021,6.6870628094432325,6.835027840607015,5764226
2002-02-18,6.8493499755859375,6.916172489674943,6.634561627659733,6.873215265157732,4458817
2002-02-25,6.639333248138428,6.849348186583811,6.639333248138428,6.815936196486237,4729641
2002-03-04,7.088001728057861,7.088001728057861,6.644107265263597,6.85412222468945,7305914
2002-03-11,6.9161696434021,7.140503866478753,6.710928089193537,7.11186523406649,8101613
2002-03-18,6.873214244842529,7.0068599949611405,6.777753100726369,6.9304907829562366,6104378
2002-03-25,7.0498175621032715,7.150051312772787,1.7624542050808432,6.873213861903838,8767621
2002-04-01,6.825482368469238,7.1118665189947565,1.7624541580193065,1.7624541580193065,16489388
2002-04-08,7.111865997314453,7.111865997314453,6.7443407980727885,6.86366720963046,7756413
2002-04-15,6.844573974609375,7.140504044306822,6.825481305265798,7.140504044306822,10313085
2002-04-22,6.873214244842529,6.963902776820845,6.720475820832721,6.844575604895705,16086463
2002-04-29,6.858895301818848,6.944810484601088,1.694438182859186,6.873214622579218,8262123
2002-05-06,6.706156253814697,6.873213991643763,6.687064322406759,6.873213991643763,7193757
2002-05-13,6.710927486419678,6.944807652033444,6.68228885657973,6.734792764026409,9026134
2002-05-20,6.577284812927246,6.844576341947507,6.520007526865747,6.725249898952751,7411685
2002-05-27,6.376813888549805,6.663198007885922,6.3195373613945005,6.62501340918912,9626857
2002-06-03,6.4579572677612305,6.601148974916593,6.2527149307026715,6.3959073796379275,9953214
2002-06-10,6.610696315765381,6.796846018864833,6.477050546258606,6.539100447291756,13963445
2002-06-17,6.577284812927246,6.682291934406627,6.43409308133354,6.639334711640523,7297908
2002-06-24,6.723508834838867,6.747993529912234,6.370928236440278,6.743096286484605,19138204
2002-07-01,6.542318820953369,6.747990784725021,6.488452970324858,6.703918655935142,10851936
2002-07-08,6.537424087524414,6.747992587968868,6.449279045357865,6.630465611402709,10207886
2002-07-15,6.150564670562744,6.561908703269593,6.0966988061629745,6.537424011897259,10663499
2002-07-22,5.572725296020508,6.356236543848098,5.42091952799988,6.258297400047069,14018021
2002-07-29,5.611898899078369,5.969376191676777,5.504166063290413,5.572723633759488,7748766
2002-08-05,5.842057228088379,5.881233268358202,5.460095877296591,5.631488722815648,8387837
2002-08-12,5.846954822540283,5.959584565717758,5.729427836212,5.8763367593804405,5538292
2002-08-19,6.17015266418457,6.258297707680295,5.797985040994753,5.846954425044346,8141361
2002-08-26,6.07711124420166,6.238710366571808,5.9497901585375566,6.219122536509342,7181585
2002-09-02,6.194638729095459,6.194638729095459,5.749016197411033,6.008554507174046,9372963
2002-09-09,6.312161922454834,6.439482196227114,6.1162840805919405,6.170150306359136,8451745
2002-09-16,6.3611345291137695,6.43458899506365,6.160359724515409,6.2876804436800855,8050395
2002-09-23,6.1015944480896,6.35623541574646,5.87633502810036,6.336647590462692,9544456
2002-09-30,5.7783966064453125,6.1407704671018974,5.758808778772509,6.067316398715967,7278997
2002-10-07,5.758809566497803,5.837160507390229,5.469889734706921,5.7343244931705,8466452
2002-10-14,5.851851463317871,5.993863137951516,5.641282572849974,5.641282572849974,7821226
2002-10-21,5.773499965667725,5.979171593331175,5.69025179000057,5.871438727264762,8067875
2002-10-28,5.6608686447143555,5.866540214503938,5.460093935523474,5.85184925219182,10838431
2002-11-04,5.744117736816406,5.900819975607429,5.567828051128095,5.680457773368015,8056946
2002-11-11,5.7783966064453125,5.856747536620416,5.631488089157344,5.685354710386579,5432446
2002-11-18,5.719484329223633,5.876586393117474,5.645843022887941,5.852038909519516,5112138
2002-11-25,5.670389175415039,5.842218849862911,5.596747504879979,5.778396628245284,7763619
2002-12-02,5.562378883361816,5.753846213455353,5.532922077589136,5.645838815755671,7251816
2002-12-09,5.248180389404297,5.606568282403929,5.169629346592351,5.5967495927954936,9718225
2002-12-16,5.262908458709717,5.410191092729419,5.125444132877432,5.262908458709717,14597929
2002-12-23,5.253087520599365,5.33654749156005,1.3206357988815434,5.262906206070286,3173591
2002-12-30,5.370913982391357,5.410189108164713,5.203993267282185,5.2530878420993385,3832315
2003-01-06,5.341456890106201,5.449464338844619,5.243268508427253,5.395460805218389,5796700
2003-01-13,5.63602352142334,5.704755859854922,5.32672952442535,5.341457937158693,11397163
2003-01-20,5.449465274810791,5.694937034140776,5.429827518804951,5.596748254111577,10151400
2003-01-27,5.729304313659668,5.778398907207615,5.3021840583439985,5.449466694529472,13089547
2003-02-03,5.483829498291016,5.783304694310313,5.483829498291016,5.645840451022667,8620254
2003-02-10,5.645843982696533,5.685119505346938,5.4298289896054355,5.498561344986706,6711053
2003-02-17,5.562378883361816,5.763664894389062,5.488737250415893,5.763664894389062,6215931
2003-02-24,5.405281066894531,5.567292477985346,5.233450967367215,5.557473408062776,11654312
2003-03-03,5.115624904632568,5.464194455123585,5.105806215992744,5.420009593272219,8214970
2003-03-10,5.361095428466797,5.390551868894388,4.983069138635112,5.125442379102121,9930767
2003-03-17,5.49855899810791,5.636022505740303,5.159808236690434,5.238358866978368,8686565
2003-03-24,5.297273635864258,5.53783570113965,5.130352879004817,5.478922807001319,11353417
2003-03-31,5.537834644317627,5.547653330971559,5.091076771843722,5.20399357579394,11966876
2003-04-07,5.793125629425049,5.852038517957293,5.321820232250878,5.586929756590122,14350072
2003-04-14,5.734213829040527,5.8078555308086734,1.433553266517065,5.753851590746291,8368560
2003-04-21,5.650751113891602,5.783306046277907,1.4335526771208513,1.4335526771208513,6121331
2003-04-28,5.645843982696533,5.773489240567285,1.4323259978677463,5.645843982696533,6195280
2003-05-05,5.724394798278809,5.910952951152509,5.650753100892992,5.753851248341469,6342449
2003-05-12,5.601655960083008,5.798033081244026,5.57710886762362,5.798033081244026,7231951
2003-05-19,5.596747875213623,5.753849531138588,5.547653297779699,5.6458420711615505,7730800
2003-05-26,5.739121437072754,5.744030780641782,5.58202015394774,5.660570414024229,9825133
2003-06-02,5.773488998413086,5.7931267589146325,5.640934401142228,5.744032166917711,11950812
2003-06-09,5.773488998413086,5.832401898431615,5.724394787902274,5.812764519416179,9288301
2003-06-16,6.033685207366943,6.141692634208774,5.748938042659123,5.778395237865609,12068872
2003-06-23,6.030121803283691,6.242592812338206,5.949180784720807,6.197063366554386,12781739
2003-06-30,5.898595333099365,6.111066047543286,5.842948381612343,6.060477838355954,15705470
2003-07-07,6.212240219116211,6.257769273561027,5.923886527237022,5.939063140781991,9757889
2003-07-14,6.0756516456604,6.232474942921594,5.98965149399811,6.222357463006045,7183533
2003-07-21,5.994711399078369,6.116123147137504,5.777181607665017,6.116123147137504,10643556
2003-07-28,5.939062118530273,6.040238869590104,5.79741506014149,5.989650690607679,9031630
2003-08-04,5.989652156829834,6.040240348195871,5.913769476685702,5.949181446498973,7031899
2003-08-11,6.020004749298096,6.050357584269806,5.939063331913456,6.025063489610871,4991998
2003-08-18,6.121180534362793,6.171769111870146,5.918827403618441,6.030121645182586,7879927
2003-08-25,5.979534149169922,6.1312991129740295,5.944122573242505,6.1211812390697204,7266669
2003-09-01,6.353884696960449,6.434826083563981,5.989649636529288,6.014943721569164,16511936
2003-09-08,6.318475246429443,6.379181306666717,6.156592812225086,6.343769339921214,11241013
2003-09-15,6.611888408660889,6.677652430091006,6.328593822520037,6.328593822520037,12812452
2003-09-22,6.384240627288818,6.611887868493747,6.37918149396589,6.576475507613461,8587873
2003-09-29,6.4752984046936035,6.4752984046936035,6.207180485535773,6.379180778760044,10328745
2003-10-06,6.41459321975708,6.510710852840837,6.262827873885821,6.475298886391538,7175819
2003-10-13,6.32353401184082,6.40447542581477,6.283063697948888,6.333651885135086,9720563
2003-10-20,6.207181930541992,6.3538877734252,6.131299638681206,6.333652810071737,6791200
2003-10-27,6.3083577156066895,6.358945902183944,6.207180949357142,6.222357562568334,7484903
2003-11-03,6.465179443359375,6.556238314295351,6.2881208333910426,6.333650268859031,11340783
2003-11-10,6.652357578277588,6.652357578277588,6.348828064044154,6.4803576643468235,8928074
2003-11-17,6.6270647048950195,6.743417713323395,6.4550647592989865,6.541064928644559,11634402
2003-11-24,6.772146701812744,6.81780122833384,6.640254621085777,6.685909147606873,14073011
2003-12-01,6.8330183029174805,6.929400412273861,6.716344683768419,6.797509146226003,7709460
2003-12-08,6.848237037658691,6.873600834741319,6.73156341340728,6.833018601737793,7701997
2003-12-15,6.594597339630127,6.939545876872894,6.508360599497682,6.888818289929516,18290027
2003-12-22,6.589524269104004,6.614888455250195,1.6473807716423334,6.589524269104004,4710451
2003-12-29,6.716343402862549,6.761997911565094,1.6651354896659942,6.569232941258889,3039561
2004-01-05,6.655471324920654,6.772144936949135,6.579379547465974,6.741708068295958,9623053
2004-01-12,6.746782302856445,6.797509900431683,6.503289282645645,6.645326319349312,9965155
2004-01-19,6.827947616577148,6.883747507779078,6.685909379817446,6.751855422471324,9692721
2004-01-26,6.853310585021973,6.919255831299103,6.782291475279174,6.827946786190258,7779301
2004-02-02,6.9750566482543945,7.0511480463224405,6.843164576260444,6.87867373768753,11179476
2004-02-09,7.228695869445801,7.2743503957183,6.96491170942822,7.010566235700718,10286396
2004-02-16,7.320003986358643,7.3758046505334205,7.142456633536134,7.248984887558331,8856860
2004-02-23,7.416385173797607,7.4874042638078615,7.279420855833001,7.345366872143794,10351896
2004-03-01,8.238175392150879,8.268611473553397,7.472186880614507,7.507696036429055,36747768
2004-03-08,8.055556297302246,8.527323914988804,7.710608465730042,8.217885245117412,39890109
2004-03-15,8.060626983642578,8.32441026313025,7.817134422439938,7.959171815504516,20538900
2004-03-22,7.979462623596191,8.106281585196083,7.852643661996301,8.040336355849306,12024665
2004-03-29,8.12657642364502,8.146867150476824,7.857719168804524,7.959175168033893,16602111
2004-04-05,8.273682594299316,8.283827952371198,2.068420254396646,8.126572143009762,10478762
2004-04-12,8.288900375366211,8.354847174823377,2.068420288867552,2.068420288867552,9965902
2004-04-19,8.258465766906738,8.41572160680915,8.22295582422415,8.26861112694897,14626108
2004-04-26,8.238175392150879,8.314265989835452,8.131647136350685,8.299048343312467,12653086
2004-05-03,8.522249221801758,8.674432778575866,8.268611274439134,8.273684348729,30728487
2004-05-10,8.631314277648926,8.880497814483066,8.435147725722146,8.875196527966725,25722689
2004-05-17,8.551785469055176,8.673726564336766,8.413938870224058,8.599501155755169,10475347
2004-05-24,8.345014572143555,8.477559045946766,8.12233919699537,8.466955652832207,16059633
2004-05-31,8.482864379882812,8.509374111246546,8.21777530573432,8.313207537217552,8893257
2004-06-07,8.61011028289795,8.61011028289795,8.435150468053353,8.461659381099675,7825858
2004-06-14,8.604802131652832,8.647217355559249,8.456352143774609,8.615406349603715,8231487
2004-06-21,8.557088851928711,8.657823183137,8.504071043066071,8.61010748474014,12422117
2004-06-28,8.885798454284668,8.917609463912921,8.551786148982613,8.588898444249807,14831009
2004-07-05,8.975931167602539,8.991835851646883,8.790368006280724,8.859291324951887,9210384
2004-07-12,9.013045310974121,9.103175442743758,8.875198645480099,8.93881986649696,11497480
2004-07-19,8.838082313537598,9.060756897745328,8.811572590898813,8.98123020167481,7495214
2004-07-26,8.965325355529785,9.007739761336074,8.721443140105126,8.864591862694937,7062824
2004-08-02,9.050154685974121,9.188001306759931,8.811573742629843,8.90700595517781,10911134
2004-08-09,9.00774097442627,9.119078701668265,8.848687549194151,9.023646481739238,8246903
2004-08-16,9.29934024810791,9.304642358815554,8.965327048298173,9.00244017535403,7434830
2004-08-23,9.41598129272461,9.468999115405431,9.256927824682144,9.331152446855693,6504719
2004-08-30,9.437183380126953,9.537916854548653,9.214507996334106,9.394768158125101,8142075
2004-09-06,9.564430236816406,9.914348978908944,9.341755572519963,9.437187806918127,18664467
2004-09-13,9.612147331237793,9.670467262340905,9.49020618144426,9.606845219701526,7070080
2004-09-20,9.62804889678955,9.72348027374755,9.522013301104113,9.63865229156837,7217643
2004-09-27,9.972668647766113,9.999177555302689,9.622749914754866,9.649258822291443,10829406
2004-10-04,9.956762313842773,10.009780952861284,9.797708868633904,9.972668647102324,11294030
2004-10-11,10.094608306884766,10.121117210533903,9.914347267701373,9.967365074999647,8323109
2004-10-18,9.866630554199219,10.131720409465666,9.765897051877992,10.126418299259813,7793413
2004-10-25,9.898442268371582,10.073401206218547,9.67576680713973,9.808311332183067,7568123
2004-11-01,9.77650260925293,10.179438355496696,9.686371659524161,9.893141644023832,10360868
2004-11-08,9.723481178283691,9.808309992302771,9.522014186898595,9.776499805007138,10654776
2004-11-15,9.585638046264648,9.75529489744825,9.532620228772965,9.75529489744825,8736735
2004-11-22,10.02231502532959,10.070242792212614,9.559009416610142,9.58563613768088,10175087
2004-11-29,10.102192878723145,10.12881959370581,9.851901095797631,10.011662213304197,10277092
2004-12-06,10.038289070129395,10.16609780041849,9.974384291179556,10.118169216206109,6569010
2004-12-13,10.416389465332031,10.682657464580307,10.038289750562331,10.064916467726094,14702813
2004-12-20,10.676496505737305,10.822972404341087,10.524594387260532,10.649370464998714,4769376
2004-12-27,10.719895362854004,10.784996506894682,10.616819956630147,10.703620919948165,3043431
2005-01-03,11.143050193786621,11.143050193786621,10.698196280038529,10.698196280038529,10669874
2005-01-10,11.370901107788086,11.381751016819088,10.904346588412167,11.077948505325333,10444987
2005-01-17,11.59875202178955,11.59875202178955,11.349199085382542,11.370899743946023,8244315
2005-01-24,11.826602935791016,11.848303593398992,11.381749150525174,11.577050853476234,8442067
2005-01-31,12.390809059143066,12.434210380215912,11.815754623043878,11.83745444047604,15576879
2005-02-07,12.45590591430664,12.477605724276666,12.293154810219542,12.445056009321627,7814936
2005-02-14,12.293159484863281,12.672913048577016,12.26060891442647,12.466760559949599,9789055
2005-02-21,12.011055946350098,12.347409006908972,11.587901932788116,12.260608053905862,17136908
2005-02-28,12.37995719909668,12.629509275753431,11.967653988038775,12.04360418018433,17915060
2005-03-07,12.2063570022583,12.531860136686584,12.162956528127584,12.423358529807699,10283040
2005-03-14,12.238908767700195,12.412510693190105,12.108708166687089,12.228058858133158,8140569
2005-03-21,12.076152801513672,12.347405491647677,3.01903798960242,12.282304373877281,7871829
2005-03-28,12.130404472351074,12.195505597105956,3.019038313505161,3.019038313505161,6064731
2005-04-04,12.282306671142578,12.336557893799645,12.076155060220662,12.108705625194071,7147558
2005-04-11,12.358259201049805,12.596961405776359,12.271458246039376,12.29315890634411,10028049
2005-04-18,12.31485652923584,12.369106905674753,12.065304460375199,12.271456059463889,10199824
2005-04-25,12.629509925842285,12.662060491639668,12.054455550782995,12.260607166923355,15339974
2005-05-02,13.256142616271973,13.411055708802087,12.890990388152494,12.91312046144779,12472197
2005-05-09,13.344663619995117,13.43318562612445,13.090163497238997,13.31146765274138,8789934
2005-05-16,13.709814071655273,13.75407506907393,13.211878925471416,13.32253098910764,7299117
2005-05-23,13.311468124389648,13.75407731089777,13.300403088186666,13.731947238491806,7586507
2005-05-30,13.964319229125977,14.019644417792367,13.300404927633895,13.311469965367174,10288508
2005-06-06,14.406927108764648,14.484384089807193,13.875796718094024,13.9532528393155,11485762
2005-06-13,14.307336807250977,14.517576768176339,14.130293670465415,14.40692384038688,6298153
2005-06-20,14.617165565490723,14.683557506046917,14.163491317521524,14.218818221258696,7292667
2005-06-27,15.513446807861328,15.646228942998796,14.395858534892351,14.6946204885038,15973548
2005-07-04,15.303207397460938,15.601969361743022,14.672489223658118,15.601969361743022,12363569
2005-07-11,14.904861450195312,15.45812360040502,14.86060130360671,15.347469794649454,8223810
2005-07-18,15.015508651733398,15.104030635756253,14.738878526437901,14.982312692769645,9270726
2005-07-25,14.783143043518066,15.292145032537036,14.783143043518066,15.037644897848542,9685554
2005-08-01,15.081905364990234,15.358535578240996,14.772079182220976,14.83846940161595,9157846
2005-08-08,15.535579681396484,16.044579964217057,15.09296961830771,15.09296961830771,10246010
2005-08-15,15.480253219604492,15.712623281483431,15.380665313238385,15.513449188393196,7050667
2005-08-22,15.62409782409668,16.254815932999964,15.469183910475579,15.557705901167408,11377190
2005-08-29,15.900725364685059,16.18842135738025,15.491313159419843,15.535573287692339,10174687
2005-09-05,15.723690032958984,16.155234258599556,15.657299804151231,15.956060132891773,9670933
2005-09-12,16.199495315551758,16.265885541018466,15.491320873078294,15.85647313189281,11267983
2005-09-19,15.59090518951416,16.243753505488744,15.524513252417773,16.122035527359355,9321596
2005-09-26,15.856466293334961,16.011378472255785,15.613030412685902,15.734748353010431,7560656
2005-10-03,15.325340270996094,16.099906621212575,15.126166164919974,15.911798412001499,17818491
2005-10-10,14.661422729492188,15.491314841673482,14.340530745925232,15.424922922413696,13282109
2005-10-17,14.130297660827637,14.816341191862444,13.942188576266961,14.772081040032749,17602697
2005-10-24,14.16348934173584,14.550773314765364,13.765141193251758,14.130294235909439,10327855
2005-10-31,14.849536895751953,14.893798766419682,14.218819425785002,14.252014539054146,14116588
2005-11-07,14.49544906616211,15.070841357555961,13.942188570315894,15.026581205745156,17696951
2005-11-14,14.384794235229492,14.71675130967555,13.70981505114739,14.495445446950308,17829570
2005-11-21,15.361318588256836,15.428204443445296,14.369186776397777,14.369186776397777,12556194
2005-11-28,15.104921340942383,15.640002851276005,14.80393853276556,15.450495285567241,16829353
2005-12-05,15.77377700805664,16.052465158040693,15.049186085663148,15.205250756680233,18468561
2005-12-12,16.476070404052734,16.676726205272416,15.305578519010401,15.829513592315916,29051611
2005-12-19,16.33062171936035,16.769556695994133,16.16180097813813,16.65700778608597,9882945
2005-12-26,16.353124618530273,16.600727928884503,8.165306897802026,8.165306897802026,4702966
2006-01-02,16.150541305541992,16.64574973205867,16.060503250803244,16.42065546975824,11688259
2006-01-09,16.915863037109375,17.591147608629626,15.93670154531545,16.25183387893344,24297538
2006-01-16,17.11844825744629,17.287270712380707,16.555712571308177,16.927118473977927,11516231
2006-01-23,17.107196807861328,17.411073767896944,16.837082594090507,16.94962974588838,12029523
2006-01-30,17.388566970825195,17.43358688691229,16.837084805138968,17.19723713746199,12455948
2006-02-06,16.735790252685547,17.489857541772224,16.657005849997816,17.47860212736165,9881370
2006-02-13,17.163467407226562,17.163467407226562,16.623240822465647,16.769552444247775,10480486
2006-02-20,17.45608901977539,17.534871655191484,16.758295465565784,17.208483952620888,10739586
2006-02-27,16.972143173217773,17.726208855859465,16.882105088179927,17.557388102323557,17456361
2006-03-06,16.8145751953125,17.1522166844764,16.431913791470713,17.107198518891902,11948793
2006-03-13,18.50278091430664,18.53654540350693,16.870844012671384,16.88209942543578,21154965
2006-03-20,19.08803367614746,19.245600775662332,18.322712511757935,18.50278869717675,14482999
2006-03-27,18.650068283081055,19.088028976140098,18.19890543456555,19.07677531050591,24384446
2006-04-03,18.01960563659668,18.67298794659091,17.882051742244105,18.67298794659091,28952026
2006-04-10,17.893524169921875,18.076928870321332,8.946762084960938,18.019614573491463,20762906
2006-04-17,18.501047134399414,18.501047134399414,8.946758611569209,8.946758611569209,8785774
2006-04-24,18.053997039794922,18.6729905243793,18.053997039794922,18.35203197627949,10229700
2006-05-01,18.959562301635742,18.971025856775505,18.053997416568834,18.053997416568834,10294564
2006-05-08,18.844940185546875,19.269067383332544,18.627146556219266,19.005421266871966,16431188
2006-05-15,17.8518123626709,19.239378983754722,17.397062337347148,19.239378983754722,24482258
2006-05-22,17.66524887084961,17.95675462779432,16.63914825056223,17.95675462779432,15962914
2006-05-29,17.54865074157715,17.863476678108885,16.440928601743373,17.688573182345657,24892420
2006-06-05,17.08223533630371,17.676907721811148,16.347640559856213,17.676907721811148,15738180
2006-06-12,18.35320472717285,19.08779970985606,16.86069643251455,17.140541292960425,46007258
2006-06-19,18.143321990966797,18.633051386879167,17.770193137690484,18.1783012641525,16906308
2006-06-26,18.784631729125977,19.052815602717153,18.14331906248457,18.14331906248457,12997390
2006-07-03,18.469806671142578,18.87791478881867,18.20162276003787,18.87791478881867,9201824
2006-07-10,17.95675277709961,18.749648710112194,17.781849340959027,18.423161940141156,8883814
2006-07-17,17.875133514404297,18.29490074023008,17.51366566122297,17.886792677249204,8624950
2006-07-24,18.6097354888916,18.644714769991527,17.816839165098283,17.956761627129897,8852976
2006-07-31,18.56308364868164,18.971191651293655,18.283238872860135,18.62138479191193,10148542
2006-08-07,18.95953369140625,19.05281410311699,18.21327794325169,18.41150148695172,9898704
2006-08-14,19.495908737182617,19.71745422622045,19.02949942873705,19.052819538317266,9741900
2006-08-21,19.28601837158203,19.740768377588775,19.23937816649867,19.4959028528767,9212196
2006-08-28,19.92733383178711,19.97397582276186,19.286021134367033,19.34432228867795,9782148
2006-09-04,19.670812606811523,20.125562758832984,19.309346453328686,20.008960429475227,11953934
2006-09-11,19.495908737182617,19.822395608936574,19.460927683207135,19.635831173874223,10607620
2006-09-18,20.043941497802734,20.160543837590325,19.47259074452774,19.565872972199912,10319948
2006-09-25,20.47536277770996,20.708567357049663,19.950652474195625,20.125555908700402,12390042
2006-10-02,20.382083892822266,20.615288509950187,20.28880169012909,20.556987355668205,10869462
2006-10-09,20.801849365234375,20.83683041066758,20.370421216117844,20.393741320003354,8039152
2006-10-16,20.75520896911621,20.860150325253638,20.44038312149406,20.813510117905864,6158186
2006-10-23,20.42872428894043,21.035055943103377,20.417065125504823,20.848493315243264,9450348
2006-10-30,20.743555068969727,20.84849823993945,20.19552444016273,20.40540900289171,10701328
2006-11-06,21.035051345825195,21.035051345825195,20.75520657559098,20.790187616672668,9145342
2006-11-13,21.548110961914062,21.688033402215314,20.801854981623446,21.011739531680508,9602316
2006-11-20,22.247446060180664,22.423454330307255,21.355670108693115,21.566880390934767,12253802
2006-11-27,22.165302276611328,22.517318734940453,21.87195522800372,22.188771472858573,13090064
2006-12-04,23.221355438232422,23.373896286472394,22.083169062124085,22.28264472961547,16320514
2006-12-11,23.33869743347168,23.58510974399142,23.104019724576244,23.233093180648265,17247366
2006-12-18,22.855064392089844,23.600722714858065,22.855064392089844,23.435021266689645,18411106
2006-12-25,22.914236068725586,23.07993746142939,11.427528370950705,11.427528370950705,3795788
2007-01-01,22.48814582824707,23.12728188201436,11.457118867382585,11.457118867382585,7144430
2007-01-08,22.902400970458984,22.985251672199244,22.275099704122997,22.28693629266154,10997802
2007-01-15,24.83164405822754,24.855315426002765,22.784039140502532,22.997085062498762,22068694
2007-01-22,24.665943145751953,25.68382830801258,24.50024175003965,24.97367637322882,17089866
2007-01-29,25.849529266357422,25.920545181038133,24.64227135885348,24.64227135885348,13006696
2007-02-05,25.63648796081543,26.038906705681075,25.470784743627863,25.87320529450344,9918608
2007-02-12,25.447111129760742,25.849529839176306,25.21039381692576,25.636485702432637,7589694
2007-02-19,25.627025604248047,25.967897423841876,25.328761181844353,25.449487558580913,7842730
2007-02-26,24.071781158447266,26.206970262872083,23.792454691428453,25.778512557279072,24718134
2007-03-05,25.198556900024414,25.26247158502121,23.567574780357415,23.671730974568636,15671862
2007-03-12,25.39739990234375,25.496820737127365,24.34637448888924,25.253002201630057,14954304
2007-03-19,27.33376121520996,28.335074906520294,25.60098974523044,25.612824532814095,19679210
2007-03-26,27.46394157409668,27.693557654281122,26.90529038275349,27.291138948768634,10441914
2007-04-02,27.93501091003418,27.991822560075907,13.96750545501709,27.46394215182509,8160572
2007-04-09,27.101764678955078,27.989454603336174,13.96750531633647,13.96750531633647,8476514
2007-04-16,28.394250869750977,28.465266810809965,26.865056711438278,27.300617658313293,18388482
2007-04-23,27.79534912109375,28.559946909956757,27.546797002244745,28.337432036502456,14015878
2007-04-30,29.21092414855957,29.35295421095894,14.031422626158426,27.864001720149552,19538920
2007-05-07,28.171733856201172,29.549428835637233,27.755110791935753,29.35295299104506,23256052
2007-05-14,28.952877044677734,29.10189633262048,27.89051888017672,28.36401384576181,17402039
2007-05-21,27.68861961364746,29.274948288031894,27.645356071005253,29.09708603842233,9411181
2007-05-28,28.847124099731445,28.847124099731445,27.020444335752245,27.73669603596462,12287376
2007-06-04,26.131139755249023,29.23649547636339,25.905207683037233,28.847123532843202,15186318
2007-06-11,27.352127075195312,27.578057276062488,25.23702342599494,26.51089296099548,21465919
2007-06-18,26.438785552978516,27.698232642235496,26.36667904069975,27.650162856546178,17386346
2007-06-25,26.669523239135742,26.727207347444644,25.549481120226243,26.284959460835157,12118372
2007-07-02,26.33783721923828,26.70317234873201,25.982114579637116,26.674331211564844,9484883
2007-07-09,27.544416427612305,28.08761399128141,25.794649231806066,26.539742164031857,15694670
2007-07-16,26.808929443359375,27.72226823058404,26.732016684079984,27.71265574020084,9436444
2007-07-23,25.410076141357422,27.12619348949725,24.9966693926188,26.765664604026785,13680844
2007-07-30,24.583267211914062,25.78022414094082,24.52558309296852,25.429309513925727,14529119
2007-08-06,23.54974937438965,24.626528032964938,23.448799885230503,24.48712308001483,17480954
2007-08-13,22.905603408813477,24.24196327190763,21.944193013207368,23.660310422664686,18388534
2007-08-20,24.775554656982422,25.25626001625451,22.617186787002755,23.218068486092868,15683006
2007-08-27,25.112041473388672,25.174531831627007,23.919890915339774,25.039934956966114,12675463
2007-09-03,24.16504669189453,26.020568755361733,24.13620372443975,25.27066810523801,15862043
2007-09-10,23.597824096679688,24.515971179258987,23.121925025763804,24.107372393102775,18456464
2007-09-17,26.04461669921875,26.246512071366052,23.126735294168824,23.727616997576888,29854857
2007-09-24,26.33783721923828,26.631067672069364,25.54948101842702,26.0446067664072,17102808
2007-10-01,26.376293182373047,27.39538950239849,26.116713774201255,26.34264396587402,12742382
2007-10-08,25.74656867980957,26.49646754562062,25.434109596558546,26.467626410009203,10727411
2007-10-15,25.414884567260742,25.91001219274199,24.852460337860602,25.74657234395355,11704302
2007-10-22,25.621591567993164,26.02538408459219,24.664989068621463,24.900533633619556,11010456
2007-10-29,27.630935668945312,27.703042185034587,25.520640058505126,25.74176401835308,17707959
2007-11-05,26.38590431213379,27.99626759909094,26.03498978701937,27.390578107938733,11446526
2007-11-12,26.438785552978516,26.57819049872024,25.539867357625784,26.083062904145283,9992293
2007-11-19,26.102291107177734,26.79931399026543,25.188952358428992,26.323415051572667,10868389
2007-11-26,26.184011459350586,26.486854399192225,24.91495009121976,26.217660674888545,15425824
2007-12-03,26.342649459838867,26.823354748645215,25.693698053448358,26.294579664456293,12251377
2007-12-10,26.357070922851562,27.231954370491373,25.96769899269513,26.251315176297823,11880856
2007-12-17,24.41277313232422,26.124335299063674,22.812730726114225,26.109788197916558,22838387
2007-12-24,24.674596786499023,24.926724940910503,24.29155582982007,24.44186353233446,3406952
2007-12-31,22.027250289916992,24.64065255319542,21.362990788115788,24.62125765616201,18083373
2008-01-07,22.492725372314453,23.03092194959896,20.71328450106918,22.03695621432572,27208143
2008-01-14,21.736339569091797,23.127891404879673,21.57633440368362,22.584847101820927,17994288
2008-01-21,21.469663619995117,22.473326636403048,19.20051196995991,21.3339030108886,27200967
2008-01-28,23.27334976196289,23.302442115021222,20.75206983449698,21.06723051903009,17165135
2008-02-04,21.619970321655273,23.71941926281076,21.241779014150936,23.510930558375943,13303019
2008-02-11,21.498760223388672,22.3327226433386,20.756922677493645,21.479365318366593,15550865
2008-02-18,21.823612213134766,22.4005985002351,21.493908141419745,21.712094305866533,9514205
2008-02-25,22.284225463867188,23.016367081033778,21.978764168905453,21.988459767501816,13465989
2008-03-03,21.304811477661133,22.434539545587185,21.03813804969908,21.843007983867988,12186210
2008-03-10,21.096323013305664,21.784827303861633,20.684191478885424,21.290268352797444,12286282
2008-03-17,21.028438568115234,21.673305123075025,20.335086612607864,20.470849063420143,15520961
2008-03-24,22.21634864807129,22.347261444770723,21.028437877664803,21.028437877664803,9027418
2008-03-31,23.239410400390625,23.316988161591023,21.72664313218302,22.05634907968464,10983040
2008-04-07,22.293928146362305,23.486686810463045,22.085437585206538,23.321833851632896,11008505
2008-04-14,23.57396697998047,23.695182362013934,21.731493542991775,22.036956823604093,10759949
2008-04-21,23.62729263305664,23.77275066363962,22.715752805351173,23.578807239395385,9926403
2008-04-28,23.278194427490234,23.966698560343495,22.589692144236384,23.627295218773543,7619645
2008-05-05,22.99212646484375,23.59820320863992,22.720605267366707,23.20546666240364,8426819
2008-05-12,24.340045928955078,24.80066469092847,22.924249488430508,23.07940500936475,11006974
2008-05-19,23.560380935668945,25.166093649827335,23.560380935668945,25.121490413849138,9712959
2008-05-26,24.00145721435547,24.031193336279323,23.178776746413362,23.560381803724788,8257592
2008-06-02,22.27184295654297,23.937027830028104,22.227239722770037,23.907293601198337,13629195
2008-06-09,21.369871139526367,22.26689101586485,20.91888366369399,22.07856601448132,13754747
2008-06-16,20.06646728515625,21.612709663547744,19.818671947377492,21.607752698096267,18318634
2008-06-23,19.253698348999023,20.294439975489677,19.080242356514844,19.967350182141992,15308270
2008-06-30,18.401283264160156,19.397419741699355,17.786749962864462,19.199184595544462,16806114
2008-07-07,16.87486457824707,19.010861381065894,16.85008541897196,18.57969795998729,16687556
2008-07-14,18.35172462463379,18.56482879555551,16.379273692603903,17.147438966831,18906724
2008-07-21,18.54500961303711,18.89192360323123,17.811535345771084,18.445892950578063,11128999
2008-07-28,17.8858699798584,18.56482876801675,17.593471366041076,18.54500468458166,11970106
2008-08-04,19.352819442749023,19.377598603466385,17.479486912690547,17.9949017739383,13708800
2008-08-11,18.981124877929688,19.67495266699883,18.475622098555647,19.367686938938444,8045400
2008-08-18,18.361637115478516,19.263612139359655,17.73719359530261,18.886963996964916,7589826
2008-08-25,19.253698348999023,19.268567355875188,17.662852621832034,18.36163544809884,9229554
2008-09-01,17.714889526367188,19.76911326088034,17.593470330896317,19.25369846506526,13015293
2008-09-08,18.212961196899414,19.35777658129489,17.27629492354348,18.46075658733342,14167000
2008-09-15,17.182126998901367,17.695065138673765,15.467383796556971,17.598423222239205,26466123
2008-09-22,16.743534088134766,17.54391401348424,16.280156037613622,17.21186721452305,14073155
2008-09-29,16.111658096313477,16.94177430281997,15.080830086139018,16.773273334071465,16906515
2008-10-06,12.657388687133789,15.412873096607857,12.027988183981117,15.264195298829732,28946372
2008-10-13,11.904088973999023,16.081918772966247,11.646381580253399,13.678303662031311,35051384
2008-10-20,11.827272415161133,13.502369577513273,10.91290787738153,12.620217755931927,20462750
2008-10-27,13.871585845947266,14.025218723374252,10.754320325177005,11.230087021182278,20161351
2008-11-03,13.93601131439209,14.927192743871165,13.182713201124566,14.273012206392986,13788256
2008-11-10,14.273009300231934,15.075866510554617,13.205012132394783,14.406818992829727,13435739
2008-11-17,12.622697830200195,14.206111292252695,12.340211214376065,14.206111292252695,17100930
2008-11-24,15.650754928588867,15.759784546894355,12.915093922291465,13.058815685082788,17920294
2008-12-01,13.782378196716309,15.759785133300676,13.708039774866313,15.660667552588787,16714655
2008-12-08,14.57284927368164,15.54420688523055,14.223457762502681,15.100652847947718,16697172
2008-12-15,14.870509147644043,15.347273402929309,14.116262383680226,14.984024675636112,19127232
2008-12-22,14.555191040039062,15.057180618781654,14.39879237836003,14.870511465679938,4127797
2008-12-29,15.597005844116211,15.597005844116211,14.287795169486511,14.610682891464998,4322276
2009-01-05,15.571781158447266,16.129267346021766,15.296821755164597,15.67268406254934,8515719
2009-01-12,14.522392272949219,15.63232016072257,13.677334218183558,15.443127972734922,12575341
2009-01-19,13.647064208984375,14.918436076775524,13.319131241143673,14.850326766470856,13085174
2009-01-26,13.541117668151855,14.18689411430105,13.223274205189462,13.520936703140299,15761818
2009-02-02,15.074832916259766,15.110149599200366,13.003809356734745,13.372103246870063,14366442
2009-02-09,14.75951862335205,15.518810776154472,14.12635560790179,15.135381008466203,12172134
2009-02-16,13.187959671020508,14.749426856691358,13.187959671020508,14.666181811914585,12043757
2009-02-23,12.988675117492676,13.899319398429887,12.643083351997193,13.846345815321094,13068406
2009-03-02,13.263631820678711,14.030489958320052,12.411005571919183,12.728847969209081,19913079
2009-03-09,14.161664962768555,14.676267916162358,12.741462081872578,13.470483413654387,16638190
2009-03-16,14.57536792755127,14.883120905043217,13.974998658461601,14.580413168755557,13846115
2009-03-23,14.290316581726074,15.110149373246715,14.212116799805951,14.605636886157091,11888208
2009-03-30,15.448174476623535,15.730701231018966,13.62183864914871,14.101125949494245,13611522
2009-04-06,15.685297012329102,15.786199918536923,14.555188889296074,15.639890800763725,9658855
2009-04-13,16.391611099243164,16.421880615911874,15.43808187065055,15.685292867017175,10126958
2009-04-20,17.0626163482666,17.120636145333187,15.170694057214897,16.14440355030787,14779234
2009-04-27,17.25432777404785,17.461177820736275,16.358817322476813,16.46224330810225,9720847
2009-05-04,17.700820922851562,18.361733002726066,17.178650552827857,17.178650552827857,12246110
2009-05-11,17.16351890563965,17.859746833437733,16.512697188884108,17.557038118299815,13598353
2009-05-18,18.470441818237305,19.523204161626136,17.94540820337746,18.225426816036876,10852295
2009-05-25,18.241579055786133,18.842003890179825,17.918481798250163,18.47043978439097,8944469
2009-06-01,18.125804901123047,19.488201350365465,18.039645482479308,18.788155817109768,13313727
2009-06-08,17.843090057373047,18.333122162117903,17.773091046673926,18.12580586452466,8920391
2009-06-15,17.26959800720215,17.84578961223124,16.628786312562575,17.843092443744915,11725439
2009-06-22,17.296518325805664,17.544228439130674,16.351456801664703,17.33959906001957,9185520
2009-06-29,16.941112518310547,17.80539982371872,16.7741787616043,17.210360976850264,8490145
2009-07-06,16.273372650146484,17.027268979036645,16.214138701580232,16.774174829985963,7446640
2009-07-13,17.797319412231445,17.861938455171842,16.157596561427155,16.273373459388303,8579074
2009-07-20,18.64276123046875,18.839313493620605,17.800014360916528,17.98579644006804,7682621
2009-07-27,19.22972297668457,19.29972814584225,18.115034606093168,18.831236438223307,9853661
2009-08-03,19.5662841796875,19.78976088403971,18.982015541834006,19.23241668008588,9797688
2009-08-10,19.245878219604492,19.859764296638904,18.965859612602355,19.466661844751997,7921728
2009-08-17,19.862451553344727,20.005159054349974,18.41928597520811,19.183950525944343,9169080
2009-08-24,20.409034729003906,20.64866570157424,19.81130280040723,19.924386664140982,8910497
2009-08-31,20.25017547607422,20.947530022806035,19.439737074478636,20.419801258369866,10499902
2009-09-07,21.216773986816406,21.346012063865018,20.45480054891786,20.570577438966765,9045690
2009-09-14,21.612565994262695,21.80912235614615,20.893677303195823,21.109076864196766,11892513
2009-09-21,20.527498245239258,21.76604052293385,20.403644222890033,21.717577781068908,9963802
2009-09-28,19.87053680419922,21.30293850288472,19.727829289088312,20.586736626440626,9037960
2009-10-05,21.13330841064453,21.31639742274458,19.92438355141764,20.040160456925058,8867848
2009-10-12,20.82636260986328,21.480636281434215,20.686354350547855,21.292163229624563,9509621
2009-10-19,20.403648376464844,21.378328560588518,20.355183570531562,21.014843543190285,8608452
2009-10-26,19.1866455078125,20.659434887586777,19.13010357868037,20.54096490986078,10524156
2009-11-02,20.36325454711914,20.559806771333566,18.7666115474616,19.197410605323004,9532866
2009-11-09,20.761743545532227,21.03368499497947,20.34710077786285,20.624426291268463,7883932
2009-11-16,20.41710662841797,21.27062356187979,20.161319416355017,20.98790781230101,8658253
2009-11-23,20.166709899902344,20.931374534031043,19.431660706264918,20.559812401782935,10558009
2009-11-30,21.146774291992188,21.42140681730517,19.797838932401188,20.19363449721912,11091464
2009-12-07,21.154850006103516,21.367556521791162,20.462881592320773,21.16292713069123,10678409
2009-12-14,21.059350967407227,21.8288166718185,21.026606992966556,21.348582122146205,11475448
2009-12-21,21.752405166625977,21.913391609075873,21.067525806360702,21.075711275399563,5191431
2009-12-28,21.53957748413086,21.864279595434514,21.517748175978078,21.785149914698735,2897233
2010-01-04,22.60918617248535,22.699230497619528,21.596875535474403,21.648717534568508,11400365
2010-01-11,22.341793060302734,23.029401949591637,21.976161381175316,22.71561229433922,9160296
2010-01-18,21.48500633239746,22.792006621886262,21.315834381924773,22.42637504218036,8233832
2010-01-25,21.179405212402344,21.65145209764789,20.685526934168937,21.422250575004256,8923874
2010-02-01,20.781030654907227,22.178073333047006,20.524541439948464,21.070261756536265,13579653
2010-02-08,20.35263442993164,21.14666266836786,20.093422270860785,20.87380250490505,10819320
2010-02-15,21.23124885559082,21.277636665958358,20.169822976126817,20.50544189636395,7522982
2010-02-22,20.982948303222656,21.397694861736067,20.42631328502136,21.392238574097906,9213633
2010-03-01,22.865684509277344,22.90388476892668,21.187593942437303,21.29946553662236,12971756
2010-03-08,23.220396041870117,23.41139937694996,22.385444731978964,22.92025032303897,10328810
2010-03-15,23.329544067382812,23.92165012479275,23.1385427849144,23.23677261068611,11321374
2010-03-22,23.727920532226562,23.897094589903013,22.96118410780118,23.294073853877915,7989182
2010-03-29,24.240894317626953,24.317296907013958,23.539639663717324,23.82887699694641,8634470
2010-04-05,24.44008445739746,24.502843210195213,23.547832649825253,24.240895624546862,6952387
2010-04-12,23.80978012084961,24.543768433064194,23.72246494567223,24.513757809948128,10282482
2010-04-19,23.733373641967773,24.224520598325917,23.419584094380436,23.61331452559341,11032029
2010-04-26,22.98846435546875,24.18086379016432,22.11531283283048,23.831601099351573,14543691
2010-05-03,20.816499710083008,23.05668114291509,19.564070622291187,22.92025107698068,25008752
2010-05-10,20.746082305908203,22.889712964837898,20.6815479751532,21.744946248575037,23816527
2010-05-17,19.83420181274414,21.178180332486694,19.20289678321518,20.63666082153118,21092463
2010-05-24,20.64507484436035,21.043497890666362,19.017710151220033,20.09513835636291,23132751
2010-05-31,20.291542053222656,21.26234843075246,20.095136942985906,20.701188526470137,15645797
2010-06-07,21.312854766845703,21.32407822278897,19.90995488376748,20.142836778115747,15800409
2010-06-14,21.60746192932129,22.07322351982559,21.427890937722633,21.520480691669853,13769904
2010-06-21,19.982906341552734,22.078839116139694,19.898731492034283,22.06761566016021,12522875
2010-06-28,18.793241500854492,20.476720798462715,18.523882929461106,20.1484407085316,15793621
2010-07-05,19.88750648498535,20.005351693251246,18.60245191506126,18.96159391577307,13930719
2010-07-12,19.643400192260742,20.619817084955443,19.5536147062583,20.010959191105922,10319542
2010-07-19,20.95651626586914,21.043495361687835,19.197278854865214,19.472248136146153,11897545
2010-07-26,20.847097396850586,21.60185623318558,20.617021854438022,21.04350256452383,10862162
2010-08-02,21.077165603637695,21.671993699086578,20.964933200890066,21.11644662350111,8325893
2010-08-09,19.938013076782227,21.587824760893113,19.8033358825622,21.40544734225873,10015553
2010-08-16,19.49469757080078,20.518812765235797,19.480667715813183,20.00535303878166,10725554
2010-08-23,19.735998153686523,19.81456235972384,18.728716880085088,19.50031195754178,10454777
2010-08-30,20.863922119140625,21.113638065876685,19.08785078867916,19.755632339386434,12500554
2010-09-06,20.85550880432129,21.01263289588523,20.243844409890702,20.99018598547461,8765873
2010-09-13,20.68435287475586,21.23989993987752,20.56089701999327,21.03788418752282,12719008
2010-09-20,20.746082305908203,21.340910433269286,20.142834981848964,20.762916417994226,9937616
2010-09-27,20.476726531982422,21.037886454977603,20.34204720857528,20.84709199553303,8809151
2010-10-04,21.293212890625,21.34091096983809,20.145641887264826,20.507583868835138,9674578
2010-10-11,22.098472595214844,22.306101113110806,21.07435557509832,21.29601394366691,11789596
2010-10-18,22.160205841064453,22.339776841443754,21.582209676729352,21.89365359878052,7016959
2010-10-25,21.537315368652344,22.3173272077339,21.41947017475235,22.311714410538467,7195881
2010-11-01,22.15178108215332,22.314522242102733,21.38019052997078,21.728111196162743,9798973
2010-11-08,22.21351432800293,22.82798510905217,21.716888753913988,22.16020559266783,10801073
2010-11-15,22.741012573242188,22.780293606682843,21.89646607295654,22.101284017349016,10543018
2010-11-22,21.983442306518555,22.973889352058514,21.722502824041992,22.889716637467828,9828951
2010-11-29,21.733720779418945,22.370638409277838,20.751691039849604,22.126533103377675,17666648
2010-12-06,22.60352325439453,22.721368476805942,21.478399038503944,21.730915035054323,11227288
2010-12-13,23.049793243408203,23.189081437426662,22.711542052562454,22.739966577053327,11342500
2010-12-20,23.069686889648438,23.41646940429742,22.78543743365169,22.96735691199751,5764859
2010-12-27,23.126548767089844,23.569977470933406,22.60352834966319,23.06969971175437,4084718
2011-01-03,22.737123489379883,23.865594678513403,22.60921204475837,23.274355026633785,9003057
2011-01-10,23.646713256835938,23.808735362190315,22.381801859422545,22.73142964921424,10901925
2011-01-17,24.149843215942383,24.300495141114066,23.21466187005636,23.6524064682574,11443480
2011-01-24,24.16121482849121,24.78656305070891,23.99066551049113,24.16405793157601,11353287
2011-01-31,24.2550106048584,24.269221778813563,23.413632336445815,24.084461336835183,10894751
2011-02-07,24.91731071472168,25.059435456187394,24.272063174022524,24.272063174022524,9955882
2011-02-14,25.36358642578125,25.36358642578125,24.860463545027972,25.127658796245008,8555721
2011-02-21,24.41987419128418,25.340841911463404,23.76325640910188,25.320944534345845,10291954
2011-02-28,24.76666259765625,25.40054005058649,24.166895871560367,24.422720901188086,11900876
2011-03-07,24.465362548828125,25.204411061914126,24.317553713671845,24.644439012918824,10053847
2011-03-14,23.501752853393555,24.525050798472193,22.86503446935715,24.368714847345323,17052589
2011-03-21,24.533578872680664,24.741082006051666,23.717784021986485,23.89401736155842,7898160
2011-03-28,25.559717178344727,25.565403383381113,24.363026919098544,24.44830264542989,8476552
2011-04-04,25.26978302001953,25.602354441342417,24.883203495376062,25.43464826378108,8672591
2011-04-11,24.328908920288086,25.269780561555454,24.169734234219035,25.13902605397812,8570029
2011-04-18,24.72118377685547,24.832040928160943,23.5472317442664,24.35165849340259,6373871
2011-04-25,25.639305114746094,25.826910833617482,24.53073375287579,24.721180405437952,6520483
2011-05-02,25.352216720581055,25.855337443323496,24.800771928713278,25.804172440277497,8345198
2011-05-09,24.934371948242188,25.7132151416061,24.86899359471598,25.269786518452523,8617567
2011-05-16,24.837717056274414,25.292517927601732,24.36017787630175,24.786552066682653,7767667
2011-05-23,24.931516647338867,25.178814426224378,24.2578447336755,24.530726088346203,8806737
2011-05-30,24.61600685119629,25.57108536738303,24.3147030680052,24.94857391631922,7949198
2011-06-06,24.478763580322266,24.910929448424334,24.3648818834697,24.58680393343784,8397783
2011-06-13,24.855453491210938,25.08029624417824,24.236402410752355,24.49920721980648,10992530
2011-06-20,24.379486083984375,25.20002128735408,24.096241002337994,24.359045832103728,8862115
2011-06-27,25.99135398864746,26.15487600222872,24.23056498671098,24.37948586572805,9085229
2011-07-04,24.7415771484375,25.98843714114812,24.656895456706515,25.98843714114812,9954065
2011-07-11,23.301984786987305,24.651045586732316,23.039180011770775,24.575125939974132,11579312
2011-07-18,24.189682006835938,24.385326960011337,22.682938058190736,23.138464935810394,9715876
2011-07-25,23.664081573486328,24.242250130770504,23.214393680142532,24.008647505901912,8622098
2011-08-01,20.606779098510742,24.163397729571315,19.79792676502445,23.967755043960317,17559849
2011-08-08,20.849145889282227,21.28423247433209,18.735031484885305,20.279730662562663,24640255
2011-08-15,19.374523162841797,21.3513974296964,18.717512188932027,21.114871964171005,11634305
2011-08-22,19.83297348022461,20.770308998926083,19.06792202147389,19.120482995785224,10831934
2011-08-29,20.50750160217285,21.34262896819978,20.19797494615803,20.262216369629414,11819150
2011-09-05,18.93359375,20.323537485142595,18.93359375,19.941011837567693,12955258
2011-09-12,19.359922409057617,19.914729840739103,17.701333661210576,18.67078967224145,18501878
2011-09-19,17.975820541381836,19.505926579513382,17.222447427722397,19.146759602315612,13006045
2011-09-26,18.93359375,19.5818448852755,17.520291319574692,17.59621209183906,12113573
2011-10-03,19.505918502807617,19.71616005479868,17.520285279951942,18.431339802614715,12603138
2011-10-10,20.773229598999023,21.021433332667957,19.50592932968056,19.686970952257074,10064976
2011-10-17,20.110376358032227,21.278395847273806,19.68112883928469,20.992230092168654,9178229
2011-10-24,21.640478134155273,22.309169462336737,20.014011319820117,20.2505345192683,11212358
2011-10-31,20.075336456298828,21.53244025311898,19.412486327364615,21.43315965854351,12375886
2011-11-07,19.435842514038086,20.294337504092088,18.530627905462776,19.865090009065085,12147328
2011-11-14,18.139339447021484,19.6490049739945,17.891135790926135,19.60520380460826,14951285
2011-11-21,17.16112518310547,18.02545927251932,16.620915541789234,17.993338560765746,12829417
2011-11-28,19.456281661987305,19.675285291703677,17.368447727037257,17.456048956141792,14157333
2011-12-05,19.313199996948242,20.016932732799773,18.688309815711015,19.759967047028862,10393664
2011-12-12,18.66586685180664,19.57154534860799,18.573813967595015,19.301325701349622,18093724
2011-12-19,19.58638572692871,19.681407521081553,18.478787018475934,18.487694957693655,6212436
2011-12-26,20.049617767333984,20.067435912224926,19.182543565921378,19.58638677914064,3786235
2012-01-02,20.034770965576172,20.714771603244337,19.966472988784904,20.049616775836334,8497432
2012-01-09,20.812763214111328,21.495733986105655,19.963507117424953,20.126824639076812,9905169
2012-01-16,21.837221145629883,21.887700987394847,20.492067706665857,20.61678340943765,9069364
2012-01-23,21.567001342773438,22.051020602387137,21.418529622008236,21.77189304238899,9571278
2012-01-30,22.06883430480957,22.09556038996764,20.92857268936334,21.439313455345435,10084811
2012-02-06,22.630062103271484,22.97154755481506,21.59373000320352,21.956001407510673,10721121
2012-02-13,22.659753799438477,22.95372944421509,22.08071498184585,22.80525772016583,7668501
2012-02-20,22.938879013061523,23.13783055916391,22.615211775267955,22.849795081568686,6867274
2012-02-27,23.405078887939453,23.514948762413397,22.543942567828584,22.823070091060657,7847512
2012-03-05,23.372421264648438,23.511985064076047,22.359845166129418,23.316001277943922,8864941
2012-03-12,24.224641799926758,24.257305753392444,23.173461949163155,23.256605734167355,9756651
2012-03-19,23.23285484313965,24.156349151871378,22.882461482281645,24.156349151871378,7320263
2012-03-26,23.220972061157227,23.710929105000336,22.728047214589573,23.425863724063934,7434432
2012-04-02,22.04804801940918,23.301149562251304,21.46603921223812,23.200187625584736,9804188
2012-04-09,20.68804931640625,22.048050841314065,20.676171306719436,22.048050841314065,8874950
2012-04-16,20.085256576538086,21.605607992351636,19.776435089005695,20.590059580572433,14662243
2012-04-23,21.115646362304688,21.284904017757132,19.14691234198961,19.85660692059708,14264165
2012-04-30,20.346567153930664,21.234429829613386,20.23966958065521,21.186917783269575,8941653
2012-05-07,20.886999130249023,21.02656290049554,19.794249516655984,19.924903081260343,9948996
2012-05-14,19.479488372802734,20.726652126443184,18.92717454967526,20.708833980270718,11719425
2012-05-21,20.432493209838867,21.2405413355641,19.43631292735545,19.75706362472847,21707890
2012-05-28,19.50416374206543,21.061659146915684,19.263599259005375,20.666888351241422,11523993
2012-06-04,20.120994567871094,20.842686913920183,19.2759381003953,19.337621337618547,12367645
2012-06-11,20.830347061157227,20.966050399001595,19.658370427057033,20.52809935950917,14036213
2012-06-18,21.533531188964844,21.875871963345386,20.595949481501123,21.055487086932402,11774193
2012-06-25,22.690086364746094,22.73326426681639,20.91053324936553,21.37315564556371,13608034
2012-07-02,22.073257446289062,23.408694718432645,22.073257446289062,22.649994238612365,13324726
2012-07-09,21.687742233276367,22.572894111074906,21.32689725586436,22.039335137373147,12473188
2012-07-16,21.397830963134766,22.17503804850749,21.289886188227335,21.62297493910136,8682237
2012-07-23,21.317642211914062,21.323809475591585,19.800238868136883,21.151097856389033,14678736
2012-07-30,20.836515426635742,22.08251223601988,19.766315062834387,21.589048735526056,12449824
2012-08-06,21.496524810791016,21.92213902171301,20.82109755292654,20.919790259962703,8322133
2012-08-13,21.83269500732422,21.863536032305824,21.157265501035987,21.502691098680348,6298560
2012-08-20,21.493438720703125,22.190454816844674,21.141845864272266,21.84811403247473,6270116
2012-08-27,21.33614730834961,21.75867665620986,21.009228199403683,21.51811100770044,5191361
2012-09-03,21.87587547302246,22.289150432783913,20.784086119162684,21.206615505219098,9441612
2012-09-10,22.585227966308594,22.79495022775241,21.632224541226467,21.632224541226467,12302336
2012-09-17,21.798768997192383,22.631488430040854,21.656898401011794,22.276813116099063,12974775
2012-09-24,20.4448299407959,21.712415736160143,20.4448299407959,21.650731326434848,9704222
2012-10-01,21.052404403686523,21.151097090086544,20.398563885649356,20.417068029030844,8331252
2012-10-08,20.706979751586914,21.252875535966705,20.42632336798921,20.876608916907042,8424611
2012-10-15,21.52736473083496,22.107183997279495,20.63912815736494,20.642212965750424,9944377
2012-10-22,21.175769805908203,21.635307383706074,20.592863434918723,21.52736263093733,8168112
2012-10-29,21.262126922607422,21.54278329715712,20.882775507402833,21.104834642837783,6209717
2012-11-05,20.219684600830078,21.268295965316028,19.93594339426902,21.06165850095218,13526828
2012-11-12,19.978153228759766,20.640015257742583,19.971879524591706,20.204002989049684,8819033
2012-11-19,21.1356258392334,21.14817324823125,20.156951869136655,20.156951869136655,5562457
2012-11-26,21.283050537109375,21.540266385861596,20.539635253599194,21.01642473183268,7497653
2012-12-03,21.643779754638672,21.86962827411649,21.27363965731069,21.358331655528385,7697961
2012-12-10,22.211538314819336,22.271137900368142,21.289326626302717,21.33010390457794,7837445
2012-12-17,22.597360610961914,23.020825379927338,22.029604267032052,22.1644858860686,9046569
2012-12-24,22.393470764160156,22.961227141217186,22.384060807683223,22.58481452310139,2574395
2012-12-31,23.287458419799805,23.303143280012353,22.189585213784053,22.346424243214873,5346023
2013-01-07,23.271774291992188,23.538400144362342,22.936138888689484,23.510167876629257,5909134
2013-01-14,23.645044326782227,23.77365344217032,23.149434956981946,23.422333257055175,6776676
2013-01-21,24.150070190429688,24.150070190429684,23.416064769291722,23.704647974533653,6432902
2013-01-28,23.826982498168945,24.15320793143669,23.525851881269503,24.081060932671164,6207289
2013-02-04,22.27113914489746,23.839529225524043,21.957461128772145,23.839529225524043,12158522
2013-02-11,21.960599899291992,22.635008153141477,21.960599899291992,22.296235300997527,7237115
2013-02-18,22.34015464782715,22.465626366366013,21.42421517088921,21.960604434298222,8346790
2013-02-25,22.19585609436035,22.907904105992408,21.725339091302015,22.42483969567173,10065149
2013-03-04,22.945547103881836,22.96122956861028,21.919818662343765,22.007650516150967,6094646
2013-03-11,22.700885772705078,23.023973844384727,22.537771814677605,22.78557780974599,8731121
2013-03-18,22.0358829498291,22.49699006492547,21.938643520421206,22.057840317539707,9846739
2013-03-25,22.048433303833008,22.622464784731573,21.806899833582747,22.224092268979444,9454258
2013-04-01,22.020193099975586,22.62245663659209,21.693970108823503,22.04842536244768,8358202
2013-04-08,22.49698829650879,22.901633235230946,22.07665849929474,22.136258089755856,8599398
2013-04-15,21.69397735595703,22.55659208368827,21.49322118123782,22.39975304228259,11175687
2013-04-22,23.86745834350586,24.056029202476456,21.620840494009766,22.63523270039657,13867553
2013-04-29,24.286874771118164,24.40717210362587,23.52608226315325,23.877218411680502,7573043
2013-05-06,24.51120948791504,24.68352559366989,24.065786691889627,24.286872115247494,5931368
2013-05-13,24.725788116455078,24.865592140243894,24.228344161687904,24.475440164770227,7826619
2013-05-20,24.381153106689453,25.10618384175629,23.899968902684964,24.859087842653743,8362293
2013-05-27,25.811708450317383,26.07505926261902,24.41366806789209,24.498201376727405,11182766
2013-06-03,25.87347984313965,26.227865337341832,25.076921127425386,25.710917143668567,11448442
2013-06-10,25.09642791748047,25.945005325312387,24.585981189595838,25.840965306906273,6743033
2013-06-17,23.935733795166016,25.678406207077312,23.935733795166016,25.132195414082577,9259808
2013-06-24,25.070425033569336,25.36953986877877,23.344009592414615,23.906475262915997,10235124
2013-07-01,24.972881317138672,25.600373441798993,24.621747768401313,25.12894260141858,7611412
2013-07-08,25.574371337890625,26.00353687043176,25.015155117804483,25.148455274167965,7404015
2013-07-15,25.81821060180664,25.81821060180664,25.294758481039043,25.577616006819614,6025890
2013-07-22,26.302650451660156,26.432701132956595,25.619887475491886,25.84422235820505,6790023
2013-07-29,26.533489227294922,26.660287959392665,25.89949556680622,26.33516249647324,8341884
2013-08-05,26.605022430419922,26.676550443135977,25.710927232491073,26.517237149173525,6198091
2013-08-12,27.115461349487305,27.199994655803295,26.474963855709163,26.660285251529878,5227924
2013-08-19,26.383928298950195,27.10895659563597,26.104320239628926,27.08294844725337,4931829
2013-08-26,25.405305862426758,26.426199713526785,25.112692422188704,26.41969829508179,6440042
2013-09-02,26.70254898071289,26.731811557423743,25.56461004782676,25.658896714212815,6725003
2013-09-09,27.317045211791992,27.40808244139709,26.50748335819162,26.50748335819162,6776641
2013-09-16,28.029064178466797,28.029064178466797,27.281277146936585,27.385317189606454,8876319
2013-09-23,28.110342025756836,28.285910040913357,27.55437788468284,27.99980057946012,6773655
2013-09-30,28.614290237426758,28.692319647307166,27.703938026951167,27.859999327222205,8225329
2013-10-07,29.58316421508789,29.60592289753221,28.155863677697536,28.409461133651487,7852001
2013-10-14,30.42198944091797,30.44800007325245,29.19626753815295,29.26129163847873,7590890
2013-10-21,31.28357696533203,31.439635821027288,30.21716568954158,30.448004503952617,7336445
2013-10-28,30.776376724243164,31.39736505268722,30.262677910633276,31.21204364277864,6490583
2013-11-04,30.483766555786133,31.179534904092943,29.976569105989213,30.94219220560014,6476904
2013-11-11,31.029884338378906,31.319390414290705,30.342306466854165,30.52324682306482,6541514
2013-11-18,30.3488826751709,31.24701331563052,29.697490918249247,30.947635598824743,7104656
2013-11-25,31.13844108581543,31.30951223820752,30.414672339646582,30.490340019138994,6606786
2013-12-02,29.832368850708008,31.237134117785,29.361920059165666,31.125280389005688,8939675
2013-12-09,29.815919876098633,30.312688099324937,29.69090643679148,29.94751442323929,7065625
2013-12-16,30.470600128173828,30.523236437722286,29.292832896286942,29.806048836680464,10716415
2013-12-23,31.36215591430664,31.36215591430664,30.41796760124744,30.47060643164238,2642651
2013-12-30,31.365447998046875,31.51678339994283,31.171347933373475,31.398348526259504,3784788
2014-01-06,31.618762969970703,32.102371542104805,31.1351543978366,31.243720099735587,7360000
2014-01-13,32.07276153564453,32.411615838180836,31.09896579390415,31.635213194190637,8195366
2014-01-20,31.434528350830078,32.39516427227911,31.286483544949096,32.04315030401045,7120017
2014-01-27,31.954320907592773,32.872189610447094,31.352280100093164,31.529929840039248,10291181
2014-02-03,33.59596633911133,33.674922076829716,31.029881018666195,31.898401663441362,13147685
2014-02-10,34.5960807800293,34.628978794180085,33.227501303729696,33.563065063999886,9832092
2014-02-17,34.879005432128906,34.90532484722313,33.68149965487517,34.49080284434066,6775351
2014-02-24,35.61592483520508,35.70145914732695,34.451317371357774,34.648707913883754,7045783
2014-03-03,35.04349899291992,35.92517934360707,34.4579057954407,34.95138354746804,8895296
2014-03-10,34.45789337158203,35.56328333836943,34.12890832217999,35.076386870830184,7292632
2014-03-17,34.91191101074219,35.615939151722,34.35263465382352,34.39869238192815,7463839
2014-03-24,35.72120666503906,35.85937981975292,34.385525306266224,34.9119035317698,6363577
2014-03-31,36.02386474609375,36.14229957071307,35.24088119218321,35.85937221300656,6694524
2014-04-07,35.37906265258789,36.05019264689086,34.74741177911126,35.80016323490565,6507606
2014-04-14,35.596187591552734,35.819897564825,34.51711684163612,35.214566172416035,5207447
2014-04-21,36.16790771484375,36.91509550528952,35.683244809077394,36.41696945571497,7012980
2014-04-28,36.41023635864258,37.17761752168038,36.1679049244555,36.22175749553348,6900688
2014-05-05,36.65929412841797,36.93528210586126,35.784210485390346,36.41696272035428,6906729
2014-05-12,35.878448486328125,37.02278977475035,35.41398168448243,36.84104122589816,8556832
2014-05-19,36.255409240722656,36.41023151020763,35.407249334009975,35.858255569319766,6293372
2014-05-26,36.55159378051758,36.74007520256113,36.26887549919995,36.349651784171876,4666163
2014-06-02,37.951725006103516,38.12674069631174,36.4506195114718,36.69294833610669,7582366
2014-06-09,37.82383728027344,38.328693636449266,37.5815083862881,37.98539244409588,7056414
2014-06-16,37.864219665527344,38.61140734444683,37.36609369030378,37.729590815372454,10482801
2014-06-23,37.04972457885742,38.02578068373449,36.76027340497321,37.92480838853502,6905858
2014-06-30,36.41023635864258,37.231470092758364,36.1679049244555,37.1708872342116,7270850
2014-07-07,34.88893508911133,36.36311446848987,34.39753939482004,36.28906847160127,8518691
2014-07-14,35.36685562133789,35.44763188370429,34.579278717814525,34.875462626209774,6169484
2014-07-21,35.63611602783203,36.34964706123108,34.80142186663383,35.373591209909506,6914582
2014-07-28,32.549766540527344,35.99288746007311,30.627947298404628,35.8246020353566,11996792
2014-08-04,31.489566802978516,32.88296986781913,30.671699563369312,32.529572028377935,11916831
2014-08-11,31.546791076660156,32.3882183130523,31.509768072832333,31.715076523938585,10539303
2014-08-18,32.2333869934082,32.64737024073979,31.731897179837116,32.03817786517025,6836023
2014-08-25,33.48880386352539,33.54602029907281,32.330999169552506,32.64401020284949,9020663
2014-09-01,32.23003005981445,33.650359666764786,32.18964062744897,33.57967751816716,11492532
2014-09-08,30.877010345458984,32.344459517977434,30.701994626018838,32.310802945142626,8949309
2014-09-15,31.055391311645508,31.59727058752617,30.146651040501144,30.843352599800305,10653527
2014-09-22,31.227035522460938,31.455903747987865,30.43946115592576,31.052019852507957,9487013
2014-09-29,30.523618698120117,31.274170439805392,30.106268892871533,31.156371126966047,10351057
2014-10-06,28.32916831970215,30.8635464533179,28.292145320133294,30.76257673726526,12652077
2014-10-13,29.48360824584961,29.59131082353602,26.908840528978043,28.157520739554148,17468636
2014-10-20,29.67545509338379,30.27118701346238,29.25810790401813,29.463416354685652,11808080
2014-10-27,30.611116409301758,30.68516240383834,28.90133851943452,30.075970014330117,11649533
2014-11-03,30.873640060424805,31.499659374798277,30.156742625863338,30.681794810576957,9993711
2014-11-10,29.84886932373047,31.868149624424902,29.587431296774966,31.50694868983962,9611242
2014-11-17,30.065584182739258,30.519663830943575,29.418862854577455,29.480782925901238,10662187
2014-11-24,29.91079330444336,30.340793223279583,29.673435133913394,30.13783452135427,9543554
2014-12-01,31.187030792236328,31.231749832402734,29.38791024130305,29.738788968749923,10969934
2014-12-08,29.23654556274414,31.152624559748322,29.198705370517896,30.95998548987689,11147160
2014-12-15,31.24207305908203,31.861273973402152,27.275754346856267,29.140233309015198,18708439
2014-12-22,31.637670516967773,31.923191057479382,31.01159081791838,31.37967059772471,2572753
2014-12-29,31.25238800048828,31.850947045858394,30.863669088034317,31.57918945520707,3100690
2015-01-05,32.036712646484375,32.60087232366775,29.859195076708478,30.935913916495156,11452923
2015-01-12,32.88294982910156,33.40927189106048,31.252391005839016,32.105511929432204,12738603
2015-01-19,33.91150665283203,34.26238535342784,32.64902780306126,32.8760663447384,13398772
2015-01-26,32.22591018676758,34.17982969038754,31.912869023347064,33.62943038468704,13323411
2015-02-02,33.99061965942383,34.331181353688876,32.02294036837774,32.28094022036084,11572918
2015-02-09,35.57646560668945,35.95486493539618,33.74638641967062,33.7807858814602,14094993
2015-02-16,36.27134704589844,36.47086497539313,35.43198652526238,35.47326745438752,9499914
2015-02-23,36.47774124145508,36.86990082644168,36.00302243450033,36.46398093370866,8641546
2015-03-02,37.255184173583984,37.64046231936939,35.65214363997947,36.33326448622379,8908898
2015-03-09,37.337745666503906,37.75742592177578,36.649745936421674,37.062544724666736,7415160
2015-03-16,38.16334533691406,38.294064338988434,37.01438443890535,37.29646421933685,9772604
2015-03-23,37.31710433959961,38.18398279419674,36.629104649614085,38.18398279419674,8051019
2015-03-30,37.33085632324219,37.599178365951424,36.27821779815029,37.379018708736254,7004233
2015-04-06,37.86751174926758,38.25967144733811,37.08319235312651,37.33087009045177,5035265
2015-04-13,38.390384674072266,39.271026119217815,37.716145248959876,37.908784334846075,10383249
2015-04-20,39.00271224975586,39.67007297315463,38.349114463408775,38.43855255815466,9336635
2015-04-27,38.54566955566406,39.79724279787881,37.441753288314985,39.171456176771436,8463633
2015-05-04,37.7370719909668,38.714427175980006,36.576906450886334,38.327702647052305,11880007
2015-05-11,37.687843322753906,38.10269097096548,36.55580398111006,37.59643816867409,8462687
2015-05-18,39.00271224975586,39.171462338365295,36.99175536522572,37.687854174649665,7861850
2015-05-25,38.025352478027344,39.712866454066734,38.025352478027344,38.855045173183925,6931214
2015-06-01,37.47690200805664,38.89722771716473,37.139399267610166,38.4472240632361,8232562
2015-06-08,36.773773193359375,37.65268747944461,36.2534574380477,37.32924766590129,8262749
2015-06-15,36.703460693359375,36.78783571280966,35.21282283264808,36.2956431819216,10536000
2015-06-22,38.70738983154297,38.911298617090495,37.448783760764115,37.49800543506343,11096647
2015-06-29,37.47690200805664,37.97612464399413,35.93001243600195,36.3026738912262,13182421
2015-07-06,38.21519470214844,38.3698844854036,35.93001740189294,36.464398826465114,10321533
2015-07-13,39.790218353271484,40.022250392352646,38.45426720673639,38.672238973829586,7557219
2015-07-20,39.34723663330078,40.14880608434035,39.164423630280794,39.78318007830038,6155775
2015-07-27,41.06287384033203,41.16834193844262,38.5315992521773,39.115199587542705,8039714
2015-08-03,41.62539291381836,41.96289577338839,40.95038719467829,40.99960619405928,8468571
2015-08-10,40.9433479309082,42.433985996573185,40.43006224514229,41.78710628812317,7129547
2015-08-17,39.501930236816406,41.50585405825136,39.333177486584745,41.12616506413956,8372273
2015-08-24,40.31755828857422,40.54256014267378,35.937049585862475,38.10972591882623,17502425
2015-08-31,40.03629684448242,40.61989713410347,39.073007676297685,40.0855158228561,8632697
2015-09-07,40.78162384033203,41.9628848833893,39.79723874370644,40.24724512191736,8555875
2015-09-14,40.8870964050293,41.68163304175418,40.28240290647144,40.781625610728746,9447468
2015-09-21,40.57772445678711,41.63242186886101,38.9394292047941,40.78163326685761,9624983
2015-09-28,39.69176483154297,40.80974377371632,39.1644163245222,40.528490163745296,10230725
2015-10-05,40.03629684448242,41.48474834554083,39.91676580621294,40.338643530054,10358605
2015-10-12,40.95038604736328,41.07694726920114,39.23474320649025,40.043345628924754,7805637
2015-10-19,42.27226638793945,42.63789510156171,40.49334449406565,40.781628311044024,10141370
2015-10-26,43.15821075439453,43.30586772064064,41.92069785439758,42.09648072342401,6666987
2015-11-02,43.74884033203125,44.016028355821604,42.07538670496202,42.57460939819699,7931570
2015-11-09,42.51656723022461,44.36171846048665,41.99140730378252,43.93591516340813,7561670
2015-11-16,43.637847900390625,44.368811127608836,42.019789619477386,42.246885043607136,9310667
2015-11-23,44.077842712402344,44.20558422040034,42.580430474241,43.66623058503307,5726323
2015-11-30,41.89914321899414,44.028164691009806,41.359789596723324,43.93590633587571,9704525
2015-12-07,40.89850616455078,43.01333398668563,40.62882933410135,42.275272507135064,7739611
2015-12-14,41.4449462890625,42.1971986989017,40.52946654146043,41.06172183092344,14263995
2015-12-21,42.069461822509766,42.069461822509766,40.777855728463635,41.3881756270726,3479608
2015-12-28,42.211402893066406,42.3462399583466,41.44495649523475,42.01269506903432,2000538
2016-01-04,40.35205078125,41.700429312781395,39.67786016188901,41.700429312781395,7833574
2016-01-11,40.73527526855469,42.84300451357912,40.174632343451144,40.58624172016663,11409292
2016-01-18,42.73655700683594,43.03461870271859,40.06818200876977,40.60753561159175,10372794
2016-01-25,44.2978401184082,44.688162899025095,42.85010753164971,43.13397544541824,10385997
2016-02-01,43.11268997192383,45.419130176183124,42.78624062350838,44.73074561814919,11295234
2016-02-08,41.608177185058594,43.87203571588137,40.77076185362893,43.65203585518686,12792572
2016-02-15,44.631385803222656,45.348157872576515,42.23268754991681,42.38881665555641,10022278
2016-02-22,45.000423431396484,45.80235572386582,43.79397721865304,44.844294301749926,8139247
2016-02-29,45.3907356262207,45.88751053515541,44.25525862839789,44.759126376982344,10126889
2016-03-07,46.37718963623047,47.150737025294994,44.38300765160725,45.419130926133796,9133199
2016-03-14,45.965576171875,46.78880049569547,45.49719421283198,46.41267419457763,9251680
2016-03-21,46.12879943847656,46.625568958984395,45.52557775946513,46.10751008965218,4806102
2016-03-28,46.327510833740234,47.328153621017705,45.312676950941615,46.128803010151486,6732728
2016-04-04,46.14299392700195,46.746221064766175,45.63203327448744,46.12880283153576,7185143
2016-04-11,46.80299758911133,47.00880369644017,45.419135470982965,46.10042185332176,9128362
2016-04-18,46.13589096069336,47.193303308265435,45.2913774846804,46.37717743133654,8502726
2016-04-25,47.214866638183594,47.77935988693184,45.666126768525245,47.05564946105514,8954982
2016-05-02,46.13653564453125,47.497109139338136,45.78915500155486,47.041173598345594,7285804
2016-05-09,47.10631561279297,47.37409049585818,46.11483572326881,46.22339064601668,7015013
2016-05-16,47.772125244140625,47.772125244140625,46.657610561034986,46.78787865442323,7162879
2016-05-23,49.342567443847656,49.342567443847656,47.88790822523072,47.91685729920239,8585403
2016-05-30,48.264244079589844,49.42217951301256,47.96028154212064,49.28467278228772,8820346
2016-06-06,46.80235290527344,48.82874434913683,46.766170696098456,48.141216117142385,7750586
2016-06-13,45.52138900756836,46.6359037777928,44.50819325995772,46.41878843135029,10619310
2016-06-20,43.415382385253906,47.30894459679053,42.50350585549681,46.56351834505814,15261005
2016-06-27,46.57075881958008,46.99051213783113,42.18507596891132,43.07523934712365,14397047
2016-07-04,46.027984619140625,46.96157178459834,44.64569773693232,46.83854233030235,7539614
2016-07-11,47.96028518676758,48.249770447490036,46.26680552197016,46.47668219795714,6544644
2016-07-18,48.162925720214844,48.387274160535526,47.27275956545848,47.96752083483019,5185652
2016-07-25,49.132694244384766,49.42941813230057,47.649085847749106,48.27147717811094,6507552
2016-08-01,48.51755142211914,49.27021098669355,48.126747098889766,49.21231282292487,7531232
2016-08-08,49.863651275634766,50.51499178710208,48.13398373608257,48.50307209135357,6097250
2016-08-15,48.50306701660156,50.13865401394274,48.22082041140856,49.81298655301912,5896175
2016-08-22,48.807029724121094,48.966246890928424,48.032659839489796,48.372799079565816,4808775
2016-08-29,50.1676025390625,50.24721112133985,48.394514344278406,48.67676094636286,5853739
2016-09-05,48.69124221801758,50.41367676515891,48.45965507573047,50.153140539901784,5896771
2016-09-12,47.8444938659668,48.8287404286493,47.518826402177574,47.996472383833236,7902441
2016-09-19,49.711669921875,50.07352512754543,48.19187364088138,48.32214173578163,5826420
2016-09-26,49.29915237426758,49.856406929518016,48.14121136550958,49.414943162260215,5139750
2016-10-03,48.0181884765625,49.74785605441135,47.95305718470998,49.24126093509387,4961674
2016-10-10,48.51755142211914,48.843218930740555,46.63590527141951,48.07608758596037,6693792
2016-10-17,48.76360321044922,49.205066982100035,48.133978716253985,48.38003759410684,5085470
2016-10-24,47.55501174926758,49.35704917609798,46.74445407897374,48.96625040232902,5742408
2016-10-31,45.485198974609375,48.061611834714114,45.36216952787071,47.43198177906607,6744608
2016-11-07,44.368167877197266,47.584310128519654,44.20005159757029,46.049333461788706,10105154
2016-11-14,44.65323257446289,45.13565402825224,43.571439095914705,44.806729676050054,7657057
2016-11-21,44.08310317993164,45.464582805312276,36.49592613343649,44.770187502707955,13637589
2016-11-28,44.10502624511719,45.33300863431519,43.681078682700985,44.08309888441344,8353603
2016-12-05,45.59614944458008,46.03471340136284,43.92960027449799,43.958838615169284,7442942
2016-12-12,46.97762680053711,47.47466744515095,45.325699567547574,45.844670362111984,10935358
2016-12-19,47.131134033203125,47.306558519805414,46.794895866969895,46.97763133370175,5301437
2016-12-26,47.291927337646484,47.35771499269621,46.78027036122767,47.13112484265971,2704509
2017-01-02,48.044803619384766,48.066730979593665,47.13112643306076,47.153053793269656,4540324
2017-01-09,48.03750228881836,48.527232020656456,47.28463302833564,48.059429653431394,6063471
2017-01-16,48.12520980834961,48.410282266766046,47.18960511159414,47.75973887513926,6235541
2017-01-23,47.92053985595703,49.33856865058861,47.68663871653107,48.24215601390886,6643979
2017-01-30,48.63686752319336,48.9219343760258,47.32117006654876,47.89861475159593,6062809
2017-02-06,50.25957107543945,50.4276846044704,47.43813464437539,48.658806387544736,8968675
2017-02-13,49.857540130615234,51.05628425143424,49.80637442704285,50.434984829014205,6776815
2017-02-20,49.33125305175781,50.42036018404955,49.09004653252559,50.14259877305104,5858692
2017-02-27,51.165916442871094,51.42174490975698,48.98040243055688,49.52860867815907,6406928
2017-03-06,51.4144401550293,51.80184396794032,50.932021498599894,51.18784999645208,5170200
2017-03-13,52.40851974487305,52.408519744873054,50.70542975434914,51.53870287937677,7229467
2017-03-20,54.35282516479492,54.440540176235636,52.18923840570742,52.21116576440695,7910322
2017-03-27,54.30897521972656,54.842559583778446,53.71690859959922,54.71830082246698,7264659
2017-04-03,54.484397888183594,54.66713332291322,53.92888060514551,54.382066490866436,6151487
2017-04-10,53.98004150390625,54.98143360477242,53.483000942572716,54.28703566855985,5511990
2017-04-17,53.59996795654297,54.28704951313728,52.50355516604491,53.980055270192345,8199855
2017-04-24,58.175960540771484,58.60799849590913,57.16290876882485,57.855657323419756,10975280
2017-05-01,59.218807220458984,59.218807220458984,57.36403107613292,58.17595916424048,6717445
2017-05-08,58.49626541137695,59.472070403952074,57.65454097132143,59.39758247101119,7089849
2017-05-15,57.09587478637695,58.60800203767388,56.87240529730053,58.4664709823878,7399093
2017-05-22,57.35658264160156,57.632194240458084,55.94128920603997,56.58934614672507,5293923
2017-05-29,58.16850662231445,58.33983396792036,56.529749508033426,57.20015221226276,5531598
2017-06-05,58.108924865722656,58.29514753997745,56.93199620049678,58.108924865722656,5000425
2017-06-12,59.28584671020508,59.28584671020508,57.68433628879843,57.87055895947965,8257553
2017-06-19,58.82401657104492,59.91155625714302,58.39942912042399,59.218807713175735,5660472
2017-06-26,55.66569519042969,59.427390537232554,55.32304040159772,59.03259929978639,8688201
2017-07-03,55.03996658325195,56.358426142234045,54.20568705619512,55.859345115629296,6285118
2017-07-10,58.019527435302734,58.49625695690059,54.89098923943377,55.1293540002327,6695407
2017-07-17,56.701087951660156,59.30075517032152,56.4478221324624,58.07168425251425,6447464
2017-07-24,56.11260986328125,58.25044223293181,55.55394191725033,56.909642572296136,6551601
2017-07-31,57.393836975097656,57.475775415689775,55.39007895472516,56.090278107761186,5834947
2017-08-07,56.3435173034668,57.87798992409469,56.112603065661425,57.356568844191095,4715195
2017-08-14,57.03628158569336,58.22810558817954,56.46271823805053,56.5372061726312,3731923
2017-08-21,56.984134674072266,57.53535216332153,56.365874071189296,56.835158817431264,3883880
2017-08-28,58.3696403503418,58.67504260644478,55.71038056710243,56.641494016178754,4906908
2017-09-04,58.876163482666016,60.038191193046295,57.8407658313779,57.91525376713416,5882266
2017-09-11,59.777469635009766,59.9860380901781,58.73462167610393,59.15920908357209,7940991
2017-09-18,59.72533416748047,60.2020637417914,59.45717307154747,59.94880364177957,4007985
2017-09-25,59.88921356201172,60.24675791636334,59.39758297094692,59.576360831187785,5050760
2017-10-02,59.51677703857422,60.55217481301187,59.34544965119855,59.822179316418804,4953095
2017-10-09,60.03073501586914,60.27655029537029,59.30074535822075,59.74022811575493,3868966
2017-10-16,60.395729064941406,60.60429751623677,59.777468524984386,60.12011750683592,4694233
2017-10-23,61.7886848449707,62.13133958777251,59.81472892290917,60.28400804499194,6456532
2017-10-30,63.9339714050293,63.9339714050293,61.72164507313549,61.788682509585534,5700487
2017-11-06,63.3189811706543,65.1512685188863,63.31898117065429,64.20508668981,6595654
2017-11-13,63.72449493408203,64.580562395878,62.32024110784827,63.536760741070765,6768560
2017-11-20,65.06866455078125,65.64688327427373,63.30396449637023,63.66441089488206,5162269
2017-11-27,63.76955795288086,65.691960245805,63.54428032824014,65.12875759041269,8148725
2017-12-04,65.9021987915039,66.66064064596634,64.05489541017336,64.32523304931361,5588397
2017-12-11,65.35401916503906,66.0824286704638,64.43037024537912,66.0824286704638,6660744
2017-12-18,64.52799224853516,65.9998275246997,64.21260020275543,65.74451179121873,5582176
2017-12-25,63.9422607421875,64.79081714525518,63.9422607421875,64.52799044777336,2413599
2018-01-01,66.26265716552734,66.26265716552734,63.30397026862428,63.94226535980122,5303611
2018-01-08,63.979793548583984,66.68316978715936,63.559270902223986,66.41283216330181,6310330
2018-01-15,65.9021987915039,66.0824219745335,63.318975008248984,64.05489541017336,6766397
2018-01-22,66.14250183105469,66.4278556969436,65.06115121641545,65.54175021643466,4809830
2018-01-29,63.73950958251953,66.27767947634943,63.73950958251953,66.15752684576192,6642645
2018-02-05,58.48295974731445,63.22888040461421,58.24266018476232,63.21386418847685,13538678
2018-02-12,62.34276580810547,62.778310493528366,59.083703097413974,59.233888154156446,9353187
2018-02-19,62.252655029296875,62.703215913977985,60.88595043255511,62.67317775777358,5526828
2018-02-26,59.2188720703125,62.417864202853465,58.97857254148081,61.78707435892484,7785156
2018-03-05,60.9760627746582,61.39659125717371,59.1137428134925,59.143780971471664,6391428
2018-03-12,61.63688278198242,61.71197530257551,60.285194494538565,61.441637645086736,7291064
2018-03-19,58.93352508544922,61.531765836191816,58.528018508740026,61.516743891206275,6345660
2018-03-26,59.999855041503906,60.31524714129322,58.46794319070712,59.18884187416558,5775327
2018-04-02,60.24014663696289,60.60059306643273,58.272690301364946,59.99984710758543,4349270
2018-04-09,62.042388916015625,62.29770463042116,59.99984028400312,60.75077694405524,5443539
2018-04-16,63.45415115356445,63.454151153564446,61.5918256166152,62.04239221999439,5926903
2018-04-23,63.46757888793945,65.0166882763872,62.60866321806799,64.8019608216404,6601504
2018-04-30,64.95531463623047,65.354099079523,63.42154091777513,63.43688193145383,5338905
2018-05-07,65.59951782226562,65.86025660632276,64.70992605125801,64.89398315270468,4202092
2018-05-14,66.67317199707031,66.67317199707031,64.97068155463674,65.55351743828173,6803896
2018-05-21,65.72222900390625,66.9799235113849,65.4154788125289,66.65783229990778,5867311
2018-05-28,65.1700668334961,66.47377253315754,64.05040654446982,66.13634034463543,7127186
2018-06-04,64.66392517089844,65.9522958352029,64.26514642163299,65.52284089739632,4931981
2018-06-11,65.21607971191406,66.13634189192454,63.9737205031041,64.66392006355407,7601394
2018-06-18,63.82034683227539,65.17006979685317,63.06879488299788,65.09337640442236,6798190
2018-06-25,63.16082763671875,63.897038616034415,62.455292846235174,63.48291884312846,6065188
2018-07-02,65.00135040283203,65.26208920106126,62.17920572031069,62.53197307426535,5792021
2018-07-09,65.6915512084961,66.47377346913008,65.13939156527954,65.24675529025119,5017043
2018-07-16,64.67926025390625,66.35107449642969,63.91237309404936,65.75290344788286,4970405
2018-07-23,66.9952621459961,66.9952621459961,63.927713534369474,64.63324831083128,6281512
2018-07-30,64.7559585571289,67.01060299933997,63.8356903850415,66.71918796283245,5444123
2018-08-06,63.77434158325195,65.33878630340836,63.39089798792471,64.78663244088048,4019943
2018-08-13,62.82339096069336,64.06575019141538,61.381645293012426,63.78967036236604,5741003
2018-08-20,63.72830581665039,64.14242548112566,62.62399256226626,62.946083684341495,3752344
2018-08-27,63.3141975402832,65.47681894315961,63.25285101853223,63.95838575118484,4570551
2018-09-03,61.535011291503906,63.298853733283366,60.73744810875305,63.03810911061314,6217593
2018-09-10,61.90312576293945,62.37859200589366,61.059551148806584,61.473670872301064,4409427
2018-09-17,63.6516227722168,63.66695793825503,61.519677788999594,61.6117004869963,7695947
2018-09-24,62.90007019042969,63.49824697491779,62.24055274249711,63.26817853081594,5326961
2018-10-01,61.995147705078125,63.283518212031396,61.85711364982841,63.16081932373699,4352722
2018-10-08,59.080989837646484,61.933811121454355,59.00430228880019,61.734418813746025,6962095
2018-10-15,59.54112243652344,60.660777059516505,58.88159896873662,59.08099128131719,6674175
2018-10-22,59.38774108886719,61.05955526262562,56.79565885060208,59.786519821200955,9510371
2018-10-29,59.77119445800781,61.12091181261274,57.51654405862632,57.60857263543888,6615572
2018-11-05,61.045799255371094,61.58781271185467,59.65206302606884,60.48830830811373,4397332
2018-11-12,59.69852828979492,61.4484479283801,58.97069031330031,61.23164487549063,5116184
2018-11-19,59.5126953125,60.89094829412501,58.53707571022168,60.13213764258399,4792458
2018-11-26,59.69852828979492,61.401991819172395,59.41977981966843,59.822419124268976,6126908
2018-12-03,56.276126861572266,60.65866199414812,54.95981916314274,60.6431785926995,9206343
2018-12-10,56.9265251159668,58.537070299362945,55.28501313562474,56.16771453456623,7639020
2018-12-17,55.30050277709961,57.06590577428303,54.2009982307752,56.74070120268398,7856025
2018-12-24,55.7186279296875,56.01285980638117,54.18551722028332,55.05272944946056,2481802
2018-12-31,56.19869613647461,56.5239007228478,54.35585833214603,56.27612495597676,3823901
2019-01-07,56.508419036865234,57.174311630744725,55.734119003464414,56.57035854988256,5153179
2019-01-14,58.39771270751953,58.815835474588866,56.2761320664116,56.44647903530366,5802025
2019-01-21,59.49721145629883,59.49721145629883,56.64779301768001,58.30479460891354,4819313
2019-01-28,59.80693435668945,59.99277062250894,59.125552437673086,59.698532822015046,5356687
2019-02-04,59.00165939331055,60.95289875955907,58.84680175167701,59.57464566372341,6238546
2019-02-11,62.346641540527344,62.346641540527344,59.32687587222743,59.528189645153454,6304078
2019-02-18,63.771339416503906,63.92619703153669,61.696215474892156,61.95947460193575,4739533
2019-02-25,64.39078521728516,65.04119432496375,63.26030211737579,63.69391409660118,5677367
2019-03-04,65.3199462890625,65.59869475233964,64.29787055952633,64.56112971515475,5273838
2019-03-11,66.80661010742188,67.67382832565048,64.28239018686283,65.52127504360105,8228953
2019-03-18,65.69160461425781,67.3331226272355,65.56771969470768,66.66722420076415,6477518
2019-03-25,67.14728546142578,67.14728546142578,64.48369202658202,65.22701919056279,5644889
2019-04-01,69.14498901367188,69.19144512104074,67.08534827786723,67.36409673696019,5807645
2019-04-08,69.4237289428711,69.4237289428711,68.13838832748634,68.91268819484414,5467808
2019-04-15,69.19145202636719,69.68700357922421,68.6804111645481,69.22242473685081,4984442
2019-04-22,70.67909240722656,71.32795978745939,69.30222865642126,70.7107452107934,5507371
2019-04-29,69.9352798461914,71.2330148521541,69.74536902601925,70.1251967035197,4617064
2019-05-06,67.92534637451172,69.57125563431494,67.41891368490363,68.98569396892194,5906232
2019-05-13,70.80570220947266,71.12221816451911,66.84919239984345,68.05196872562259,6445247
2019-05-20,71.24882507324219,71.35960685824884,69.25474086881356,70.4891759601304,5084357
2019-05-27,69.99858093261719,71.59701450726673,69.223108278788,71.21718685436161,4659153
2019-06-03,71.43872833251953,71.67612129666708,69.17560461302078,69.55543214822606,4923966
2019-06-10,70.88484191894531,71.9135310027362,70.42588526269799,71.45458038364464,4580083
2019-06-17,72.0401382446289,73.79682973446194,70.64744496771947,70.83735576638493,7747565
2019-06-24,71.26465606689453,72.84726006420264,70.28344327896694,72.16673986238774,5341088
2019-07-01,72.19839477539062,73.32204823453428,71.31214037479378,71.61283296968838,4439341
2019-07-08,72.26168823242188,72.54655739531765,70.88482463652853,71.83438448807823,4567292
2019-07-15,73.5910873413086,75.1420385651184,71.81857251940528,72.18257072158107,5616516
2019-07-22,72.76811981201172,74.22411840356227,71.61281979720047,73.4644632897029,5184516
2019-07-29,72.23004150390625,74.50899499863593,71.2171759672063,72.4357817026593,7630650
2019-08-05,74.38239288330078,74.39821626799134,69.96692598450241,71.70779412108575,6978103
2019-08-12,75.55350494384766,75.55350494384766,72.86307738767889,74.38237552393156,6354386
2019-08-19,75.60098266601562,78.03819391585368,75.60098266601562,75.77507004631181,6219330
2019-08-26,78.73454284667969,78.94028304100397,74.99959673263113,75.36359489972506,5569913
2019-09-02,79.01941680908203,80.47540956556406,78.16480921523994,78.52880740436045,4391240
2019-09-09,77.76915740966797,79.16976529113445,76.3131646683985,78.65541779815047,5534137
2019-09-16,78.05403900146484,78.84534110491616,76.48726421743858,77.32604251520706,6802293
2019-09-23,76.7721176147461,78.29142204755732,76.50307783177072,78.05402903198068,4688912
2019-09-30,76.72464752197266,78.76620829922946,74.68308674471585,76.80377652106631,5627471
2019-10-07,79.28844451904297,79.72366295998893,75.61680434559497,76.81958656212518,4897787
2019-10-14,76.39230346679688,79.32803345679929,76.31317446629107,78.97194993594529,5748084
2019-10-21,79.64454650878906,79.64454650878906,75.61681623997103,76.70881685005803,4814772
2019-10-28,80.51497650146484,81.10845298673362,77.97489786897306,79.28845601704737,4844256
2019-11-04,79.86503601074219,81.65930788579288,79.3466895855757,81.10108631865498,4719412
2019-11-11,81.38021850585938,81.61945115938805,79.71353575770193,79.74543466165785,3820551
2019-11-18,79.45834350585938,81.5795747985674,79.23505728222554,81.30046093493182,4290065
2019-11-25,78.93202209472656,80.26376919412803,78.35785407761881,79.8650420804802,4132424
2019-12-02,78.34191131591797,79.29886015798002,76.58751423161142,78.86823409166614,5272469
2019-12-09,78.35785675048828,79.45834143142156,77.16167536874175,78.3100053580351,4736119
2019-12-16,79.25100708007812,79.3945490991378,77.03408507334011,78.80443461371178,7628618
2019-12-23,79.37860107421875,79.72948291013223,78.5811467810288,79.0915170419429,1479932
2019-12-30,79.1234130859375,79.78530158556111,78.50139973317052,79.29885399755756,2561845
2020-01-06,79.28290557861328,80.14415768858349,77.64015165648358,78.4695048641482,4554589
2020-01-13,81.65931701660156,81.73906122536866,78.96391773798443,79.12341223961177,4517272
2020-01-20,81.65931701660156,82.09791320686718,80.22389692242125,81.22071474224282,4731645
2020-01-27,79.9049072265625,81.57956588911024,79.10745303833696,80.86185590288872,5699062
2020-02-03,82.65612030029297,83.85230147371517,79.90489995096665,80.10426347987035,6786026
2020-02-10,84.37064361572266,84.490256859766,82.01815044270471,82.21751396156597,4713728
2020-02-17,84.09154510498047,85.60670934051286,83.29409088460477,84.0516760444174,4964467
2020-02-24,72.5523910522461,82.41689632749421,71.94632411276699,82.37702726505977,13686714
2020-03-02,69.7931900024414,76.71509281044816,69.7931900024414,72.21745153858264,13393950
2020-03-09,53.73246383666992,67.12969733668656,50.36720905406382,64.3226611235889,26599201
2020-03-16,55.64635467529297,57.79948472660308,43.668591887716694,49.36241759196175,23143175
2020-03-23,57.12962341308594,60.49488140576493,49.36242052723809,51.35605620213387,12518096
2020-03-30,50.90948486328125,60.478933840332004,50.55860605105121,58.13442223283683,11045153
2020-04-06,61.00525665283203,61.08500086954639,52.83932596258743,53.34969625047186,7502753
2020-04-13,60.973358154296875,62.61611214907977,55.98129227842169,61.005257058013235,7591570
2020-04-20,55.773948669433594,61.403973371952276,55.10408397801135,61.403973371952276,7506728
2020-04-27,59.569828033447266,61.707005594773314,56.50760673703,57.41670406465968,5717144
2020-05-04,61.24448776245117,61.5156192823443,55.183830701179566,55.61445671873894,6498220
2020-05-11,58.21416091918945,61.5315735576888,57.145575132270416,61.403977955857364,6687213
2020-05-18,61.276390075683594,64.08343282876905,59.282754176540934,59.3784508899736,6305063
2020-05-25,66.22061157226562,68.10260437098172,61.78676722482974,62.1057441053492,8067355
2020-06-01,72.02606201171875,73.14249909165858,66.01325670453151,67.38487888124965,7819218
2020-06-08,66.17276000976562,72.67998388671381,64.91278076474627,70.97343218385204,7820358
2020-06-15,67.57627868652344,70.08028481325852,63.5411616958154,64.01963308029522,9217431
2020-06-22,65.81182861328125,69.7935560786946,64.58170368778133,68.19115642344566,7518702
2020-06-29,67.94834899902344,69.06517291535765,65.11581893601914,65.6985118226024,6921971
2020-07-06,65.148193359375,69.58312899052449,63.96662438223544,69.01661925665711,5982470
2020-07-13,66.73439025878906,68.72525298935116,64.64641001414199,65.89272365999123,7519187
2020-07-20,64.25797271728516,68.04547052770845,63.82095302672564,66.60492757054514,5314358
2020-07-27,58.91663360595703,64.90540710608343,58.91663360595703,63.999001347928676,7115484
2020-08-03,63.49723434448242,63.83713649167798,58.05877529164974,59.240344308871876,8103194
2020-08-10,65.05107879638672,67.38185051780337,63.44867941233877,63.93425479615857,5357620
2020-08-17,65.05107879638672,65.74707244381797,63.740025877515855,64.84066670720127,3837138
2020-08-24,65.95748901367188,67.57607770112395,65.4233517830883,65.73088758533672,4188226
2020-08-31,64.43602752685547,67.15525742324176,62.186183727610384,66.3945186503162,5259529
2020-09-07,62.671749114990234,66.32975643270942,61.991938729742316,64.95395866827758,4399906
2020-09-14,61.425445556640625,63.561982256486715,61.11790973620328,63.319191469238945,7212197
2020-09-21,57.476070404052734,61.05315540066972,56.45636417472708,61.03696605926317,7370222
2020-09-28,59.35364532470703,59.45076287057935,55.97080083157177,58.236821332092205,6785436
2020-10-05,60.81037902832031,62.20236634545809,59.49931991404323,59.887783931971065,5478994
2020-10-12,58.59291076660156,61.085538786553336,57.52464249725448,60.891303701635145,5197581
2020-10-19,58.94898986816406,61.24738873568227,56.65059717507094,58.91662353184382,5244834
2020-10-26,54.8863410949707,58.67383879815999,52.49083062428036,58.04259021003273,9902916
2020-11-02,59.5155029296875,60.81037256102502,54.28746254824479,55.37191393498201,6730565
2020-11-09,69.3888931274414,74.56837799983757,60.08200846628878,60.5675838224203,12263567
2020-11-16,69.56694030761719,72.22142473896498,68.69290094380489,69.90684244651338,6496062
2020-11-23,71.20172119140625,72.804120581873,69.6802438284033,70.27911993169913,5282351
2020-11-30,71.60636138916016,72.0110085335567,69.19466169180956,70.71613273194741,6030659
2020-12-07,68.45011138916016,71.63872664000417,67.68937279342373,71.23407950174868,4419526
2020-12-14,67.93218231201172,70.21439255524277,67.81888157595554,69.11375154118824,6195853
2020-12-21,66.65348052978516,67.44658550381047,63.8856954438651,66.36213408132771,3855616
2020-12-28,65.84417724609375,68.23968736045202,65.84417724609375,66.92862852091295,1885022
2021-01-04,69.32415771484375,69.64787051871237,65.32624160792156,66.97720284024054,5436704
2021-01-11,68.56342315673828,70.19819514231644,66.47544210457873,69.16229928914696,6542484
2021-01-18,65.11582946777344,69.51839316786725,64.4198357600549,68.04547754385447,5527116
2021-01-25,61.975765228271484,65.40717167760891,61.00460826564126,65.14819772245941,7687454
2021-02-01,69.59930419921875,69.84209493945114,62.39658427394948,62.720303202784336,6031942
2021-02-08,69.32415771484375,71.62255072932591,68.67671975825459,69.17848448333248,5058484
2021-02-15,68.80619812011719,70.58664927056289,68.06164885192149,69.59930924453467,4708173
2021-02-22,69.63168334960938,72.48039661127386,67.93216652919202,68.41774188153619,6290409
2021-03-01,70.0201416015625,72.3347238425157,69.87446837750161,70.40860559053341,4977126
2021-03-08,73.75907897949219,73.75907897949219,69.93920905242828,70.65139195881831,5718209
2021-03-15,71.78439331054688,74.76259622349417,71.39593555092426,73.85619066809157,7536696
2021-03-22,70.60282897949219,71.7520315125623,68.74145590022749,71.46068508721216,4642955
2021-03-29,72.7717514038086,73.54867329155009,70.34386818920659,70.651404014689,4003271
2021-04-05,73.038818359375,73.67816166544638,71.89771031103307,72.77174973004908,3424283
2021-04-12,73.3625259399414,73.98567980370059,72.02718917540008,72.99025132108947,4519011
2021-04-19,72.39280700683594,76.58889142789405,71.44103111385911,75.14881679903536,6437303
2021-04-26,75.64539337158203,75.89367861617164,72.27693907401809,72.50867449469506,4872050
2021-05-03,79.19593048095703,79.40283801690744,75.1074355499957,75.5047007973199,6125700
2021-05-10,78.96418762207031,79.45248633010225,75.16536233596783,79.45248633010225,4911013
2021-05-17,77.31720733642578,79.25386517685365,74.96674073403643,79.12971939110673,4439538
2021-05-24,77.3006591796875,78.08690531585556,76.77924813116269,77.58205040675662,4000823
2021-05-31,77.34203338623047,78.08690176863114,76.72131078661604,77.060642171944,3215489
2021-06-07,78.63314819335938,79.3862884026737,76.98615952552207,77.38342480549701,4089829
2021-06-14,77.90482330322266,80.23874006037464,77.58204805170396,78.84004940856593,6403540
2021-06-21,77.18480682373047,78.41797425508895,76.48132230171998,77.2510124516602,3634614
2021-06-28,75.79437255859375,77.06064570964863,73.70046923672474,77.03581781481493,4583428
2021-07-05,75.92680358886719,76.77099004906256,73.99015167603936,75.4798824595258,4219192
2021-07-12,73.81633758544922,76.50613566355013,72.68248196860327,76.0509365399908,4373149
2021-07-19,74.61087036132812,74.61087036132812,70.4727189970206,73.14596124234525,5057267
2021-07-26,73.8328857421875,76.12542481911679,73.11284523055207,74.07289924606599,4076906
2021-08-02,74.86742401123047,75.28123909396841,73.65080665769018,74.74327822354567,3268260
2021-08-09,75.69505310058594,75.97645063629211,73.94875297111277,74.99984680234179,2945143
2021-08-16,74.7101821899414,76.22474710951951,73.9239359539556,75.1074475004752,3745921
2021-08-23,75.22329711914062,76.10886104808394,74.44532282694723,75.06604538408459,2801919
2021-08-30,75.43021392822266,77.7475809526705,74.27980848578868,75.23158445348395,4145667
2021-09-06,72.77352142333984,76.17508194226723,72.43419002126309,75.44676966259216,4924029
2021-09-13,71.3086166381836,74.09772619795669,71.18447085302336,73.10457254530866,6065941
2021-09-20,73.87427520751953,74.59430945777886,69.71129621108011,70.38995273892864,4792641
2021-09-27,75.19019317626953,76.96959915068084,72.74868691173262,74.48670885549758,6071176
2021-10-04,74.7929458618164,76.2826764813214,72.9887117149947,75.19848290490017,5084616
2021-10-11,74.97500610351562,75.09088012417602,73.10456666435358,74.71016472982707,4516121
2021-10-18,75.12398529052734,77.30065660745323,73.70046674880734,74.52809689168303,4398595
2021-10-25,76.44819641113281,76.44819641113281,74.3625649739819,75.19019509347935,4306978
2021-11-01,79.08833312988281,79.57663818958093,76.43991924203182,76.7213104551024,4454368
2021-11-08,77.59033203125,79.32007613579432,76.8289137550195,79.10489682793617,4185947
2021-11-15,73.87686920166016,79.35200738276652,73.5768611075182,78.21864488445014,6932240
2021-11-22,70.01842498779297,76.61859582866751,69.69341732175616,74.0601984002818,9007469
2021-11-29,71.10179138183594,72.96850330606443,69.11841035971749,70.8351182498033,9925385
2021-12-06,71.20179748535156,73.92686340417647,71.06845773791605,71.47679958795636,6824813
2021-12-13,72.18514251708984,72.72681765637878,70.27676065135353,71.34345300156696,7434271
2021-12-20,74.83521270751953,75.33522397599532,69.81008133907139,70.83510984373675,4315636
2021-12-27,77.42694854736328,77.42694854736328,74.52687288014172,74.71021183745881,3276590
2022-01-03,78.3769760131836,79.32699942539283,76.54359270201628,77.31861247071213,5573606
2022-01-10,82.06039428710938,82.25206220477197,78.1519608070823,78.55197364592469,6140567
2022-01-17,81.91873168945312,82.62708158544761,80.72703476494895,82.11039962138669,5493549
2022-01-24,80.60202026367188,82.17705921301138,78.66030342712511,81.41037486520351,7124736
2022-01-31,81.82705688476562,84.01877630131855,79.54366163291706,81.25204041038201,7178394
2022-02-07,85.18548583984375,86.45218170140004,81.35205695898809,82.73542192524077,6613894
2022-02-14,84.1521224975586,86.40217663083477,81.82706316891245,83.80210884914696,6989054
2022-02-21,79.8353500366211,85.43548598146153,76.83526926154153,85.00214451283291,9621206
2022-02-28,71.86014556884766,79.31032884109786,71.80181102096388,77.95196359295342,10281196
2022-03-07,73.71852111816406,76.32691780609021,67.28502486097779,69.36008165989178,15164264
2022-03-14,77.16027069091797,79.11865835961227,74.43520495901511,74.71854872388545,8631499
2022-03-21,76.4519271850586,78.50197814713398,75.70190698966779,76.68526538851592,5010593
2022-03-28,78.0519790649414,79.93535550138503,76.71860688885316,76.71860688885316,5128254
2022-04-04,73.47684478759766,78.96865275753828,71.19345585785338,78.83531302190927,7607567
2022-04-11,74.97688293457031,76.36858300698454,73.44350780750031,74.42686607740731,4800526
2022-04-18,77.41861724853516,79.0853258809773,73.78519192117218,74.97688884768787,5846353
2022-04-25,79.26387786865234,81.30439092267244,77.4624320204901,79.4004839784352,6979925
2022-05-02,77.1721420288086,79.97250195091748,76.41228850776335,78.32472831807766,5015563
2022-05-09,79.01628875732422,79.33217897941462,75.86588045034308,76.70257005417665,5678096
2022-05-16,77.65878295898438,79.72490119177738,77.18067467734284,78.8369811589168,4508206
2022-05-23,79.16995239257812,79.3748549997291,73.9107355370571,76.83916162394121,5072723
2022-05-30,76.95870971679688,79.18704653389003,76.25008013599965,79.18704653389003,6624885
2022-06-06,75.28531646728516,78.53817279463401,75.25116494115639,76.83063557062096,4552443
2022-06-13,72.57886505126953,74.88403749240504,71.39212730762178,74.55960779375054,9309176
2022-06-20,74.91818237304688,75.26823056827796,70.66641257574616,72.57031910779469,5297061
2022-06-27,73.29603576660156,75.53291192775792,71.69949259328908,75.36215429308697,4843102
2022-07-04,75.28531646728516,75.34508000957611,70.7774192380887,73.42410063256142,5265716
2022-07-11,74.93526458740234,75.27677331844396,72.22028027191426,74.02173247726495,4904220
2022-07-18,76.4720458984375,77.5392565459616,74.3376246033893,75.23408415280429,4309979
2022-07-25,79.72489929199219,80.23716559724326,75.99393515757721,76.19029826268503,4701708
2022-08-01,78.46133422851562,79.88712620151935,77.62463814955223,79.47731441486152,3888735
2022-08-08,80.26278686523438,80.88603428742988,78.61501322813048,78.66623725906781,3434012
2022-08-15,80.07495880126953,81.62027790266639,79.6480744958019,80.68113373338508,3133486
2022-08-22,78.50401306152344,80.87749502631213,78.11128032270608,79.71636931427088,3524428
2022-08-29,80.05787658691406,80.12617963636049,77.09530509671974,77.52218938515398,4314913
2022-09-05,80.51038360595703,81.09094652907613,77.74416858264601,77.76124760276761,3542701
2022-09-12,78.29058074951172,82.85824813006882,78.29058074951172,81.06532879644489,6214640
2022-09-19,71.93855285644531,79.04190821648943,71.648268109806,77.9917698440347,5138022
2022-09-26,71.0079345703125,72.96306549198707,69.51383948513977,70.87133497824028,6868279
2022-10-03,69.30892944335938,73.3557904468907,69.01864475636206,70.37614010458766,5313504
2022-10-10,72.0068359375,73.1081981418741,69.08694907775681,69.2833187090933,5266913
2022-10-17,73.54363250732422,74.55107979566036,71.93854975715223,71.99831330333582,3976886
2022-10-24,79.63953399658203,79.63953399658203,73.8765959443547,74.27786822870779,5364887
2022-10-31,81.9617919921875,82.78140913046082,78.7430869852057,79.42609801023113,4604752
2022-11-07,81.3726806640625,82.24352825681285,79.42608935848494,81.19339004525797,5027467
2022-11-14,82.34922790527344,82.97047207018382,81.16713794798956,81.96957723051067,4895272
2022-11-21,83.7642822265625,83.99724549998102,82.19391793717138,82.34922898042672,3284438
2022-11-28,84.7738037109375,85.36053360808101,82.72025236239985,83.60034391665049,5155149
2022-12-05,85.09306335449219,85.18797603594618,83.91097323824776,84.98952045210699,3554783
2022-12-12,79.71758270263672,84.87735557110382,79.28616380865864,84.42867623492586,7808304
2022-12-19,81.27068328857422,81.76250050347937,79.27752376886038,80.01094106413167,3294548
2022-12-26,80.4941177368164,81.94368511848205,80.11446709928333,81.27067286680304,1836322
2023-01-02,84.97225952148438,85.01539745669079,80.58904242924406,80.96868654053495,3786103
2023-01-09,87.47447967529297,87.95767324169532,84.98950958223533,85.12756676775855,4455382
2023-01-16,89.45901489257812,90.20105585691661,86.81873358123804,87.66431085869299,5384495
2023-01-23,90.6324691772461,91.0638880100112,88.37183212370248,89.30369838237807,4147356
2023-01-30,90.89131164550781,90.97760067376956,89.21741114067363,90.27007408935215,4617389
2023-02-06,90.66698455810547,92.61699296581507,89.09662025137763,90.49441307317826,4405179
2023-02-13,94.51524353027344,94.5670116863289,90.70150243250418,90.73601673085092,4882495
2023-02-20,91.15017700195312,94.84312142220159,90.83955489343414,94.60152791178226,6045036
2023-02-27,93.77320098876953,93.80771528653312,91.68513534604101,91.90946840711058,4951288
2023-03-06,93.39354705810547,94.77408600613647,92.54796983246791,94.08381982358546,3825172
2023-03-13,89.26919555664062,92.91037202632752,86.02492367414726,92.91037202632752,9151333
2023-03-20,87.45723724365234,93.15196523184458,86.22337896429987,89.26919525131399,5552656
2023-03-27,91.21920013427734,91.77141572012738,87.5089954953515,88.40634746809005,4538679
2023-04-03,92.46168518066406,92.9793864509812,89.71786120676153,91.32273316986601,3715348
2023-04-10,93.46258544921875,94.84312454197604,92.46169707556834,92.46169707556834,3028363
2023-04-17,95.13648223876953,96.12011664457606,93.04841009845687,93.18646728386848,3943166
2023-04-24,99.49756622314453,99.6749278029093,94.95721803160636,97.81267519212044,5685143
2023-05-01,96.73080444335938,99.49757775174577,95.87948905880562,99.49757775174577,2811278
2023-05-08,96.87268829345703,97.91909806995693,95.84401806005984,96.87268829345703,3112788
2023-05-15,98.34475708007812,98.93003344273004,96.1987324742658,97.44022983917989,2880689
2023-05-22,96.09232330322266,98.8768363599086,94.4961026108819,97.8658988433107,3292590
2023-05-29,95.40061950683594,96.9436281638247,93.89307640300059,96.58891174141327,4731209
2023-06-05,94.6202392578125,95.9326879526644,94.28326238748362,95.75533312947084,3186503
2023-06-12,97.97230529785156,97.97230529785156,93.89307658087189,95.02817048786942,7053825
2023-06-19,92.22591400146484,95.6489148123868,91.72931509108122,95.18778145361397,4088047
2023-06-26,94.33647155761719,95.0104320930498,91.23271465804599,92.4742187710051,4087558
2023-07-03,90.80705261230469,95.22325112110457,89.5832813805521,94.31873073583976,3349844
2023-07-10,94.37195587158203,94.85082209454379,90.1331112782013,90.45235542684247,3213326
2023-07-17,95.79080200195312,96.41155743595326,93.14817851024351,94.07043850725421,2668505
2023-07-24,95.63117218017578,97.08551007836513,93.75118678553926,95.27646255031021,3372060
2023-07-31,90.43460845947266,95.77306719081407,89.21083715979438,95.68438977802724,4255172
2023-08-07,91.87120056152344,92.74025544841422,89.79612067698771,90.20404219021304,3191699
2023-08-14,89.5655517578125,92.45648136239794,87.3397128841019,91.95987568270083,2860558
2023-08-21,90.75384521484375,91.3213955375042,89.13989195604354,89.38819818218062,2440877
2023-08-28,91.09083557128906,92.50969456845098,90.77159145122096,91.44555201199289,3326935
2023-09-04,91.30366516113281,92.13724780413953,89.37046761174634,91.49875954699851,2461446
2023-09-11,95.31194305419922,95.96816404460618,91.09083179278988,91.74705278319685,5794736
2023-09-18,93.4142074584961,95.8262709400925,92.43874240022919,94.88627819957291,2811527
2023-09-25,93.13044738769531,94.23006907911528,91.51649393842486,93.05950950893731,3375738
2023-10-02,90.7361068725586,93.98175273289485,88.87385426751192,93.50288661748527,3918269
2023-10-09,91.26818084716797,94.21231549495879,89.67196717970701,90.41686553805826,3178556
2023-10-16,88.341796875,91.58743647719821,87.50821423646144,91.35686977098793,4191001
2023-10-23,90.45234680175781,91.71158373151569,87.57915650361433,88.65216882536463,3650554
2023-10-30,94.33647155761719,95.27647110498857,90.04442240686652,90.78932081525011,3395540
2023-11-06,94.49610137939453,94.69119576876632,92.38554894983014,94.49610137939453,2582142
2023-11-13,97.95719146728516,98.42289049233858,95.07346924505416,95.2167565224742,3829220
2023-11-20,98.94232177734375,99.10352423546809,97.18700308548357,97.95719184845102,2395623
2023-11-27,101.48572540283203,101.73648325056743,98.58408814203264,98.81693081056471,5658040
2023-12-04,103.74256134033203,103.90376380313693,101.23497582548204,101.23497582548204,3622961
2023-12-11,103.50971984863281,104.85307144331355,102.59623693797178,103.74256253887701,6059433
2023-12-18,102.4350357055664,102.99029016446423,100.7692791615126,102.99029016446423,3422601
2023-12-25,101.82604217529297,102.75743337959562,101.5573759716882,102.43502846915858,1365057
2024-01-01,101.98725891113281,102.79327130008615,100.71555427113984,101.82605643334215,2575101
2024-01-08,104.49484252929688,105.51578919019197,101.36035548870748,101.79023100349256,3335675
2024-01-15,104.548583984375,105.5695307388017,103.205232272483,104.44112022031332,2900435
2024-01-22,105.90984344482422,106.57256166303507,103.8142113683936,105.17547816717443,2834363
2024-01-29,104.78142547607422,106.10686873632103,104.27990972861632,105.99939814787736,4087861
2024-02-05,104.01123809814453,106.66211782229938,102.8290889396344,105.12174019671109,3429108
2024-02-12,101.4140853881836,104.36946155902073,101.28870645561614,104.01123310912541,3267221
2024-02-19,104.56649017333984,104.78142451561742,101.25288546941609,101.28870899856894,2810797
2024-02-26,105.05010223388672,106.82332259355593,103.63510351637785,104.31573693523424,3500558
2024-03-04,106.16060638427734,106.64421380959953,104.13662127073782,104.9426336462748,2578934
2024-03-11,104.78142547607422,107.89800421454453,104.70977841711178,105.8919275594337,4765882
2024-03-18,104.20826721191406,105.46206346784926,103.56345731842511,105.24712228159301,2762100
2024-03-25,106.35762786865234,108.0233844297234,103.24104909330143,104.38737471970738,2985771
2024-04-01,102.49771881103516,107.02033835315731,101.02003759695648,106.03521526622514,3675841
2024-04-08,101.24394226074219,104.24409301644106,100.6618218257224,102.72162366080158,4088480
2024-04-15,101.51260375976562,102.45295263647047,99.63191283899567,101.78127681957837,4027629
2024-04-22,102.61534881591797,105.38624036115468,101.09135705668946,105.29387871899512,5207059
2024-04-29,102.38443756103516,103.81606762740056,101.4146297825946,103.26189074732862,3605845
2024-05-06,106.77169036865234,108.01859020411625,102.014991617983,102.80008322433238,3860514
2024-05-13,106.26368713378906,107.9262177320561,105.66332592605048,106.86404129478647,3228499
2024-05-20,105.43241882324219,106.95641049744304,104.64733433857545,106.26368764978277,2577505
2024-05-27,105.70951080322266,107.00259494800731,104.09315738392725,105.75569514818491,4244227
2024-06-03,102.29207611083984,107.60295139424687,102.29207611083984,106.67932091017609,4367802
2024-06-10,90.64509582519531,98.78227819614507,90.05397287468031,98.0895553278783,11490611
2024-06-17,94.02558135986328,94.62593550686888,89.99855208846695,90.977598097298,7730198
2024-06-24,90.86676788330078,95.31866670109585,90.55273688941186,93.97940526781866,5431217
2024-07-01,97.16592407226562,97.72010799991135,92.178325097385,96.14993194948407,6291619
2024-07-08,97.6739273071289,99.15173472701373,94.99539739479549,96.61175080176925,5226814
2024-07-15,97.48919677734375,98.41282722697565,96.56556632771185,97.07355884696474,3300490
2024-07-22,99.79827880859375,100.21390971683331,95.59575719532026,98.6899179753857,4845838
2024-07-29,94.44122314453125,99.8906447646643,93.97940787243085,99.79828311959258,4684839
2024-08-05,95.54956817626953,96.10375208912868,91.45788496054102,92.27068427447247,4799657
2024-08-12,97.44302368164062,97.8586546132447,94.48740872042033,95.64194691570043,3649992
2024-08-19,98.6899185180664,98.78228015965624,97.11974947081445,97.58156472550522,2250373
2024-08-26,99.8906478881836,100.39864047533355,97.99720239466835,98.6437480238711,2729033
2024-09-02,100.76808166503906,102.56916528808885,98.78227476889035,99.75208956951263,3504466
2024-09-09,101.13754272460938,102.61535015872565,98.04338186795368,100.76808910439489,4585679
2024-09-16,101.46080780029297,103.67752238308812,100.49100001495479,100.6295389509021,5448217
2024-09-23,102.15353393554688,102.61534919479143,100.26009560068918,101.46081104668005,4431797
2024-09-30,96.88883972167969,100.8142693005873,93.84085628877251,100.67572331786582,7449869
2024-10-07,99.42881774902344,99.79827133241595,96.61174210323917,97.25828763586131,4018098
2024-10-14,100.08494567871094,100.92442226472147,98.63916779590708,99.99166417681691,5279372
2024-10-21,93.97537994384766,99.6185693775983,91.59684390765003,99.05890881634264,5143969
2024-10-28,96.26063537597656,98.07951798431147,94.20857035344353,95.00141333413222,5226027
2024-11-04,93.5090103149414,97.61314785179097,93.36909516052079,96.26064418089875,4412548
2024-11-11,93.78883361816406,94.95478129061075,91.18643755929746,93.74219286471427,4306502
2024-11-18,93.92874145507812,95.09468912515794,92.0818843308444,94.06865659876367,4092885
2024-11-25,93.14522552490234,95.70098075621273,89.78729774889797,95.14132731294194,6928639
2024-12-02,94.30184936523438,95.0014179912619,90.27233436397104,91.03719577710592,6642165
2024-12-09,94.3951187133789,95.04805366593351,93.41572695911653,94.58167460684294,4002717
2024-12-16,91.39163970947266,94.3484811119019,90.36560012949333,94.20856597677933,5918197
2024-12-23,92.39901733398438,92.4549876604704,90.75736816224216,91.29836246482236,1284293
2024-12-30,92.2684326171875,93.41572824960666,91.54088241357623,92.00726147910959,2113676
2025-01-06,92.39901733398438,95.28124363291379,91.54088156924917,93.27581224634149,4496096
2025-01-13,95.70098114013672,96.3072753379372,91.39164320492218,91.83936311478307,4474322
2025-01-20,95.4677963256836,97.5665021872875,95.09469163812246,95.88754176783237,3813309
2025-01-27,97.47322845458984,98.26607147328897,95.23460743044288,95.32788182386982,4175952
2025-02-03,102.46348571777344,104.42227649291527,95.32788414311797,95.84090399401761,6038318
2025-02-10,101.06433868408203,102.74330611017464,99.19882248459227,102.46347583369935,5701745
2025-02-17,101.25090026855469,103.06977581880516,100.27150136218602,101.0177107305031,4826137
2025-02-24,103.62942504882812,103.95588896547332,101.15761462329229,101.57736004444723,4810347
2025-03-03,109.13270568847656,110.99822202503171,102.04374503284298,103.20969274318995,7616139
2025-03-10,109.41253662109375,109.97219010203534,106.05460150268404,109.41253662109375,6401075
2025-03-17,110.29865264892578,112.02425382523128,108.94615616067067,109.13270494650584,6775505
2025-03-24,110.71839141845703,112.2108101766328,109.59908446620526,111.0448624695455,4444771
2025-03-31,104.74874114990234,110.3919235829709,104.23572133035984,109.97218526980325,6850355
2025-04-07,105.6348648071289,106.38107420419493,97.00685156681153,99.8051261312388,10070349
2025-04-14,111.6511459350586,112.02425061240845,106.52097619154266,106.98735525913501,4938047
2025-04-21,116.31932830810547,116.75246220026257,112.03616188255111,115.21244037486171,5081412
2025-04-28,120.84312438964844,121.18000139575227,116.31932332233083,116.55995080431471,5674448
2025-05-05,121.22811889648438,121.99812975337943,119.73623295838087,120.60249333654588,4643355
2025-05-12,122.47938537597656,122.86439080653925,117.76308537416128,121.90188090181644,4735721
2025-05-19,123.68252563476562,124.837534609961,121.66125625648975,122.47938822586713,4255170
2025-05-26,121.13187408447266,125.22254865947258,121.13187408447266,124.59690838847546,6179702
2025-06-02,121.85375213623047,123.4900233758083,121.13186970966113,121.22811923119683,4251626
2025-06-09,119.97686767578125,122.0943866450175,119.59186222409242,121.853759155633,4283752
2025-06-16,117.137451171875,121.03561918023564,116.03057066838014,120.26560832762661,5913926
2025-06-23,120.3137435913086,120.60249951327499,116.17494787442033,116.60808175736992,4509689
2025-06-30,119.59185791015625,121.70937680300902,119.06247451525908,120.9874943608954,3787109
2025-07-07,121.08374786376953,123.00876765592251,119.78435362937208,120.07310953554212,3991503
2025-07-14,120.1212387084961,121.27624765356387,117.8593345640727,120.40998727307915,4294414
2025-07-21,119.54373168945312,121.18000299455255,117.85933929334281,120.36187101368688,4180044
2025-07-28,114.29805755615234,120.65062181270486,114.29805755615234,120.45812275837862,4652520
2025-08-04,119.01435089111328,119.35122788825335,114.87555537377028,114.92368380623363,3744202
2025-08-11,124.74128723144531,125.12628531155596,119.11059851773116,119.54372502953947,3190338
2025-08-18,124.16378021240234,125.31878918400774,122.9606428072434,125.07816170297596,2705383
2025-08-25,111.55490112304688,123.73065307168442,109.29300428121333,123.49002559184324,8793906
2025-09-01,111.21802520751953,112.18053513629644,108.18611746319866,111.36239582214168,4706530
2025-09-08,114.05742645263672,114.87555842265292,111.5549021088474,112.0842781631553,3273836
2025-09-15,113.19116973876953,115.98245008925937,111.89178276245977,114.53868515038893,4552228
2025-09-22,112.37303161621094,113.76866804369041,110.01488528195449,112.66178752559115,3471032
2025-09-29,113.52804565429688,114.77931152652448,111.50677622816379,112.75804210039139,4090338
2025-10-06,113.04678344726562,114.77930418361059,109.24487232570065,110.6886371581989,5109206
2025-10-13,117.89466094970703,118.62300522154324,112.65058071066616,114.9327246139327,4752335
2025-10-20,116.92353820800781,119.78835611930297,114.93272751771711,118.04033426819282,3731895
2025-10-27,112.55347442626953,117.21487351949168,112.01935230715489,116.92354024378481,4294998
2025-11-03,112.26213073730469,114.25294140898328,110.5141089025368,112.40780107581064,3038379
2025-11-10,116.04952239990234,117.55477021475494,112.60202316413088,114.01015988975777,3039202
2025-11-17,115.75818634033203,116.48653065222783,112.06791293885419,116.00096777763063,4436227
2025-11-24,118.72012329101562,119.25424541874668,115.41829424936338,116.874982878701,3729503
2025-12-01,117.11775970458984,119.54557399120696,115.32117861431341,118.42877793754285,3399993
2025-12-08,115.85530090332031,118.38022628355512,113.23325702418701,117.16631913833633,3319474
2025-12-15,116.34086608886719,117.31199182447008,115.56396253674433,116.63219936408723,4786635
2025-12-22,116.1951904296875,116.72930511436752,115.36973507401764,116.00096084599392,813233
2025-12-29,117.65188598632812,117.94321926559982,115.41829379973773,116.6322009861235,1523177
2026-01-05,117.50621032714844,121.14793172158485,116.14663285807195,118.3316656947338,3602131
2026-01-12,114.0587158203125,119.06001489036062,111.48523852258323,117.55477443062671,4712233
2026-01-19,114.15583038330078,114.93272650726352,110.65977189361423,113.08758617306256,3860110
2026-01-26,117.65188598632812,118.38023029815957,113.28182011533939,114.39861620863458,3439396
2026-02-02,130.3250732421875,130.85919537060607,117.16632371902716,117.31199406396874,6008981
2026-02-09,131.393310546875,131.4418697956534,127.65447066397361,129.790944246402,4007682
2026-02-16,136.05471801757812,136.44316237463778,130.85918953724158,131.39331164185037,3847587
2026-02-23,136.68594360351562,139.01663937888787,135.90904007232407,136.0061585705489,4903804
2026-03-02,125.27521514892578,134.54946853638205,123.18729341462347,133.57834283755315,5475511
2026-03-09,125.61511993408203,127.80015284104223,120.85659493466926,121.87627992155791,4293007
2026-03-16,120.37103271484375,127.75159427872417,120.0311401870838,125.37233917530313,6317968
2026-03-23,122.45895385742188,125.857901343346,117.457654833991,118.5744509124816,5098184
2026-03-30,127.8001480102539,128.77127370997255,122.50750850132667,122.79884176578159,4251869
2026-04-06,131.7332000732422,134.25813291243895,126.63478996264324,127.80015269962806,4540926
2026-04-13,133.52978515625,134.01534801136364,128.7712751034173,131.00485238237815,4802123
2026-04-20,127.5999984741211,137.1999969482422,127.1500015258789,135.8000030517578,5278439
2026-04-27,128.5,129.60000610351562,124.30000305175781,127.6500015258789,3174261
2026-05-04,128.8000030517578,134.35000610351562,124.94999694824219,129.0,4301203
2026-05-11,124.6500015258789,129.39999389648438,124.5,127.94999694824219,3015540
2026-05-18,121.69999694824219,125.5999984741211,121.69999694824219,123.0999984741211,4624676
2026-05-25,125.05000305175781,126.80000305175781,123.1500015258789,123.1500015258789,5150304
2026-06-01,124.25,125.25,121.4000015258789,124.4000015258789,3589480
2026-06-08,125.9000015258789,127.30000305175781,121.5999984741211,122.80000305175781,4463312
2026-06-15,129.64999389648438,132.1999969482422,127.75,127.94999694824219,6418435
2026-06-22,130.10000610351562,132.10000610351562,127.44999694824219,129.85000610351562,4896780
2026-06-29,127.9000015258789,129.9499969482422,124.05000305175781,129.89999389648438,4828523
2026-07-06,119.0,127.75,117.69999694824219,127.75,4731128
2026-07-13,117.94999694824219,121.5,117.0999984741211,118.3499984741211,3228838
2026-07-20,118.3499984741211,120.05000305175781,117.4000015258789,118.19999694824219,3190153
2026-07-27,122.55000305175781,124.9000015258789,117.25,118.8499984741211,4280551
2026-08-03,125.3499984741211,127.75,124.25,124.4000015258789,4944299
2026-08-10,120.8499984741211,125.9000015258789,120.80000305175781,125.5999984741211,3451699
2026-08-17,119.30000305175781,121.5,118.75,121.1500015258789,3757695
2026-08-24,114.3499984741211,120.69999694824219,113.5999984741211,119.3499984741211,4428867
2026-08-31,113.94999694824219,115.0999984741211,111.5999984741211,114.69999694824219,4979578
2026-09-07,111.44999694824219,114.5,110.30000305175781,113.5999984741211,3568580
2026-09-14,110.80000305175781,113.30000305175781,109.5999984741211,111.0,6378503
2026-09-21,111.30000305175781,112.94999694824219,110.07499694824219,111.19999694824219,3037211
