Price,Close,High,Low,Open,Volume
Ticker,EL.PA,EL.PA,EL.PA,EL.PA,EL.PA
Date,,,,,
2000-01-03,9.76923656463623,9.794110511871388,9.02301814758151,9.215791693188503,3139652
2000-01-10,9.470748901367188,9.731925642184173,9.110076980769938,9.675959111145389,2962450
2000-01-17,8.736967086791992,9.421000256745106,8.736967086791992,9.190916724914892,2330856
2000-01-24,8.861339569091797,9.421002546674963,8.475793033041578,8.861339569091797,6014994
2000-01-31,8.332762718200684,8.923518519225194,8.270578184114502,8.861333985139012,3786288
2000-02-07,8.332762718200684,8.612594030657096,7.947217031147459,8.332762718200684,4783775
2000-02-14,7.312932968139648,8.55041063361361,7.2507484257841,8.488226091258062,3487967
2000-02-21,8.270583152770996,8.575288583126634,7.462180087717981,7.617642425397977,5364926
2000-02-28,7.822851657867432,8.749405785669598,7.773103760829218,8.488229629242012,4188643
2000-03-06,7.7109174728393555,7.804194607471504,7.15125345295461,7.7109174728393555,4004122
2000-03-13,8.550414085388184,9.016800462493807,7.710919091434905,7.710919091434905,6508873
2000-03-20,8.699655532836914,8.705873563748353,7.928563337549979,8.569067186962329,2143884
2000-03-27,8.693434715270996,8.693434715270996,8.258141146269983,8.668560779726773,2490318
2000-04-03,8.301671981811523,8.58150396212307,8.084025761413232,8.475789564176019,2220855
2000-04-10,8.612597465515137,8.768059771800335,7.847724421585962,8.457135765275908,1627073
2000-04-17,9.296632766723633,9.296632766723633,8.270583371461594,8.643692022085569,2231811
2000-04-24,9.097635269165039,9.389903846029059,8.76805609382914,9.296626743803643,4775435
2000-05-01,9.296632766723633,9.787893136494382,8.861339543011033,9.097641163166255,9270905
2000-05-08,10.123689651489258,10.123689651489258,9.172262249752036,9.296631377342324,1368485
2000-05-15,9.483184814453125,10.105033426220157,9.172261417638554,9.98066370386675,4271337
2000-05-22,9.669740676879883,9.7008332621176,9.05411064061241,9.190917652030752,2213131
2000-05-29,9.23444652557373,9.794110006461167,9.222009249574942,9.514277962994449,2836424
2000-06-05,9.972967147827148,10.004427786116189,9.048029655821233,9.280837398008158,1361739
2000-06-12,9.972967147827148,10.017012286719801,9.7275755182566,9.972967147827148,2645611
2000-06-19,9.519935607910156,10.017011701534273,9.425554311776699,9.9729665652147,3406090
2000-06-26,9.721282958984375,9.910046169499196,9.28083710303638,9.4381390630421,3020454
2000-07-03,10.161728858947754,10.287570167021377,9.375217310778181,9.444429600964744,3498840
2000-07-10,10.086225509643555,10.287572006495136,9.815665483789859,9.815665483789859,2648431
2000-07-17,10.035886764526367,10.476333174845648,9.8785842123181,10.130268050563371,5945707
2000-07-24,10.224650382995605,10.287571042386308,9.972966518992896,10.035887791603548,2443311
2000-07-31,9.941507339477539,10.41341385800052,9.941507339477539,10.287571915321058,2938250
2000-08-07,10.237232208251953,10.319028369548061,9.960380030178683,10.035885169653211,1220264
2000-08-14,10.193188667297363,10.306446700715263,9.910044810192385,10.224649300271212,1596905
2000-08-21,9.979256629943848,10.281277202012001,9.501057390835935,10.042177275848136,2888994
2000-08-28,9.740157127380371,9.979256435669681,9.68352811791508,9.878582913606854,1232690
2000-09-04,9.633193016052246,9.771619439340348,9.55139561198291,9.752742690787485,2207734
2000-09-11,9.53251838684082,9.78420220657268,9.280835180328802,9.752741575801236,1792218
2000-09-18,9.249370574951172,9.626895529100457,8.91588950380378,9.438133052025815,2722172
2000-09-25,9.123536109924316,9.299714850748055,8.494326934488182,9.249378067655558,2756183
2000-10-02,8.808929443359375,9.280837166250736,8.808929443359375,8.966232630876469,3090396
2000-10-09,8.494324684143066,8.859265958272157,8.274101469760689,8.808928575295136,5405311
2000-10-16,8.557246208190918,9.280837193580505,8.211181034294155,8.211181034294155,4866018
2000-10-23,8.903312683105469,9.28083918898755,8.557248048023792,8.613877085228115,5777131
2000-10-30,8.808929443359375,9.167579116526417,8.714548144069092,8.890727468800247,4637842
2000-11-06,10.224650382995605,10.413412974387661,8.859266493915818,8.871850380505979,21743924
2000-11-13,10.57071590423584,10.83498429241774,9.941507412647523,10.067349356253189,23134282
2000-11-20,10.287569999694824,10.665095757434955,10.224649346681412,10.381951285824885,12322183
2000-11-27,10.224650382995605,10.570714929474393,10.180605860100119,10.224650382995605,9278834
2000-12-04,10.287569999694824,10.539253224968357,9.759034552078528,10.161728693668001,9498672
2000-12-11,10.161728858947754,10.476333355571604,10.073639207432342,10.344199184908435,6761085
2000-12-18,10.872733116149902,10.94194723628843,9.91633526168006,10.1617274336995,6721230
2000-12-25,10.444870948791504,10.935654051909511,10.444870948791504,10.8727327953345,2824571
2001-01-01,10.407122611999512,11.26284662794769,10.350492969139966,10.444874889612509,8267738
2001-01-08,10.17431354522705,10.457458043727067,9.595440661717207,10.319030999579578,8298109
2001-01-15,9.991844177246094,10.507796483641165,9.972968037876042,10.224651940210213,4876239
2001-01-22,10.130270004272461,10.287571973597869,10.010719698134745,10.136561641527074,2485946
2001-01-29,10.381954193115234,10.539256176308461,10.086226366596758,10.161731539288729,8811568
2001-02-05,9.91004467010498,10.50779362205895,9.765326005758961,10.413411724471578,2301384
2001-02-12,9.979256629943848,10.287568837348557,9.759033449449106,10.054761772960886,2680397
2001-02-19,10.476333618164062,10.652511699171049,9.97925816990029,9.97925816990029,3705842
2001-02-26,10.539255142211914,10.558132506667791,10.306448622389418,10.38195317445293,5395215
2001-03-05,10.073639869689941,10.564423088389612,10.067348233126566,10.451166271609601,3925557
2001-03-12,10.31903076171875,10.539253982933602,9.752743004211933,10.067348131564518,4644137
2001-03-19,9.91004467010498,10.256109788265713,9.727573737299915,10.130267871369094,5835216
2001-03-26,10.023301124572754,10.256108801742977,9.941504346372792,9.941504346372792,8709374
2001-04-02,9.991844177246094,10.218360302566891,9.65836346656835,10.035889320069606,2064009
2001-04-09,10.381954193115234,10.381954193115234,9.840834095432811,10.035889584802112,3007537
2001-04-16,10.1113920211792,10.381951383582381,9.985550100747549,10.381951383582381,2113349
2001-04-23,10.212065696716309,10.381952148511076,9.72128247748255,9.947797950948885,8678430
2001-04-30,10.350492477416992,10.369368615326737,10.092516957397137,10.32532470235066,2847871
2001-05-07,10.545543670654297,10.677677808886143,10.350488280609285,10.350488280609285,2274283
2001-05-14,10.413411140441895,10.822396887503286,10.413411140441895,10.665094960119601,7270905
2001-05-21,10.190044403076172,10.725021439408222,10.190044403076172,10.527588743319056,5833624
2001-05-28,10.202781677246094,10.53395832276138,10.158200360907815,10.374738626474867,4155656
2001-06-04,10.336527824401855,10.43206003490556,10.132726768437225,10.20278384694535,2692211
2001-06-11,10.986140251159668,10.986140251159668,10.094511505938295,10.349262753342554,3709889
2001-06-18,10.693177223205566,10.947928484813863,10.030824563717566,10.731390843487164,4927498
2001-06-25,10.731393814086914,10.992512222609326,10.412953717887524,10.508485312261723,6252327
2001-07-02,10.986140251159668,10.986140251159668,10.387475130106425,10.731390245142478,3704166
2001-07-09,10.763233184814453,11.049828496511838,10.64222649612215,10.95429631215035,3319350
2001-07-16,10.699544906616211,10.98614021415402,10.572169904036665,10.667700845624557,3277940
2001-07-23,10.814183235168457,10.998878043357845,10.470269364037144,10.635857983984465,3164546
2001-07-30,10.540326118469238,10.941559807784031,10.47663799482173,10.74412712103159,2747844
2001-08-06,10.635859489440918,10.890610771039096,10.514852785855188,10.514852785855188,1929892
2001-08-13,10.629488945007324,10.986140706143798,10.559433745630315,10.699545385771456,2896188
2001-08-20,10.731393814086914,10.826924787767373,10.58491133259357,10.661336111537937,1737197
2001-08-27,10.667703628540039,10.833292292339413,10.291946217726423,10.693179380534122,6783487
2001-09-03,8.597850799560547,10.63585988717036,8.597850799560547,10.514853179059568,3184986
2001-09-10,9.553167343139648,10.190045579811391,7.960972682500765,8.279412111183461,5239187
2001-09-17,8.884443283081055,9.52132072865967,8.502316443317795,8.884443283081055,6443424
2001-09-24,9.58501148223877,9.807918090883373,8.78891414593161,9.075509509762886,3439507
2001-10-01,10.094511032104492,10.094511032104492,9.457633564182245,9.839759796658191,5266651
2001-10-08,9.553167343139648,10.190045579811391,9.489479829819299,9.998981798463044,5462393
2001-10-15,10.06266975402832,10.06266975402832,9.457635595093093,9.807917843183676,3229497
2001-10-22,9.616851806640625,10.412948884491552,9.585008370425875,10.126354234398077,2035519
2001-10-29,9.648696899414062,10.221886881831024,9.616852839087143,10.190043442197624,1896139
2001-11-05,10.317418098449707,10.444793094127544,9.521320961648984,9.871603751496782,4056045
2001-11-12,10.667703628540039,10.667703628540039,9.935295000214674,9.967139069513584,4630443
2001-11-19,10.508484840393066,10.731393332208869,10.190046620573916,10.635861121430667,2794993
2001-11-26,10.412949562072754,10.890608584697212,10.412949562072754,10.50848111832025,3938859
2001-12-03,10.412949562072754,10.986139520251212,10.285574567538424,10.44479300035959,4496697
2001-12-10,10.508484840393066,10.667703950302641,10.221890070139603,10.508484840393066,5594098
2001-12-17,10.635859489440918,10.635859489440918,10.253732567043652,10.508483227948211,4655330
2001-12-24,10.826920509338379,10.826920509338379,10.412949603045684,10.508481159669078,769479
2001-12-31,10.381107330322266,10.82692172508734,10.381107330322266,10.82692172508734,1302244
2002-01-07,10.221887588500977,10.572170414232646,10.221887588500977,10.381107280449394,2262592
2002-01-14,10.349265098571777,10.667703298947535,9.935294693250881,10.22188944600527,3083013
2002-01-21,10.826920509338379,10.826920509338379,10.190043051386766,10.2218864897989,3416943
2002-01-28,11.304579734802246,11.431954739095799,10.444793800619207,10.79507723485387,5892281
2002-02-04,11.591175079345703,11.877769150172586,11.336422587255878,11.368266648767106,7621754
2002-02-11,12.100675582885742,12.196207761447196,11.559330295198526,11.750393410934427,7830874
2002-02-18,12.228055000305176,12.228055000305176,11.623021436266127,12.100678729104958,5019438
2002-02-25,12.5146484375,12.514648437500002,11.941457788344845,12.228053112922423,9596597
2002-03-04,12.228055000305176,12.514650369118339,11.941459631492014,12.38727409791812,5080169
2002-03-11,12.450961112976074,12.705712391062475,12.100677640087069,12.196209834889675,5194348
2002-03-18,12.705709457397461,12.737552273592147,12.228051076447052,12.41911418054983,5535280
2002-03-25,13.024149894714355,13.15152490658069,12.546491427788078,12.57833549110145,5035803
2002-04-01,13.852090835571289,13.852090835571289,12.992306075504919,13.024150139416587,6081936
2002-04-08,14.011310577392578,14.074998702589825,13.438119933391604,13.724715255392091,5674337
2002-04-15,13.915780067443848,14.075000399634408,13.597341885837281,13.883936001005736,4330445
2002-04-22,14.425284385681152,14.425284385681152,13.53365538353695,13.53365538353695,3953763
2002-04-29,13.852090835571289,14.520812453554818,13.374433601057778,14.297906488947486,11389573
2002-05-06,14.106843948364258,14.170530837515953,13.533653256288366,13.692872341248455,3462169
2002-05-13,14.32974910736084,14.329749107360838,13.883934701721943,14.043155019012378,4179131
2002-05-20,14.043755531311035,14.526912425345285,13.689441145380332,14.462492426970536,4317712
2002-05-27,14.049309730529785,14.472089676091695,13.008619463480635,13.008619463480635,4530576
2002-06-03,13.366355895996094,13.984264888554513,12.943575992255875,13.659050163125745,4583471
2002-06-10,13.138703346252441,13.919219598466638,13.008616459013723,13.333832409305991,8406426
2002-06-17,13.268787384033203,13.951739657214258,12.878529304445278,12.878529304445278,4292752
2002-06-24,13.39887809753418,13.39887809753418,12.228102255277474,13.268791188503023,6536143
2002-07-01,13.724089622497559,13.75661134214392,12.520792334604433,13.496440120581925,4258495
2002-07-08,13.008620262145996,13.821659741670377,12.94357806731577,13.626530621569898,4251900
2002-07-15,12.618359565734863,12.911053822814017,11.415062080235812,12.846010372839839,8153918
2002-07-22,12.130538940429688,12.715927585553445,11.44758636632193,12.683405853290466,6603705
2002-07-29,12.488274574279785,12.65088193975286,11.740278664616088,12.0329729367114,7972673
2002-08-05,12.293142318725586,12.553314824046351,12.032971081209345,12.358185762006908,4098517
2002-08-12,12.74844741821289,12.976098242327321,12.195580587732952,12.68340396337884,4680035
2002-08-19,12.976095199584961,13.2037447025135,12.650879269478779,12.715922709060905,3729253
2002-08-26,13.041141510009766,13.333835813212337,12.846012397143001,13.268792352988466,4130845
2002-09-02,13.6265287399292,13.691572193582697,12.58583855269212,13.04114019265716,6668740
2002-09-09,13.821657180786133,13.821657180786133,13.398877287600502,13.594006371547357,3870148
2002-09-16,13.919220924377441,13.984264374192682,13.46391931128007,13.659049660725788,4236628
2002-09-23,13.366355895996094,14.01678661465833,12.878532540048242,13.951743162450697,9503238
2002-09-30,14.24443531036377,14.24443531036377,12.715923285521734,13.203745301089143,6705991
2002-10-07,12.976095199584961,14.374521543773971,12.618357549687715,14.016783893876728,12926462
2002-10-14,13.073660850524902,13.626527625765414,12.22810109338494,12.846010049156094,7981936
2002-10-21,13.333837509155273,13.984268390708332,12.94357923378444,13.268794040658461,5887985
2002-10-28,12.911051750183105,13.659047501395303,12.911051750183105,13.463917182797335,3123697
2002-11-04,13.008620262145996,13.56148715893477,12.228103781744078,12.976099798633333,8430955
2002-11-11,13.52896499633789,13.52896499633789,12.91105592441673,13.171228498858497,5614521
2002-11-18,12.81348991394043,13.561485859138237,12.81348991394043,13.431398946336126,6521786
2002-11-25,13.008620262145996,13.333836307516728,12.74844894721529,12.84601287336308,11234461
2002-12-02,13.008620262145996,13.366358038834292,12.878534604680643,12.878534604680643,4446585
2002-12-09,12.878530502319336,13.23626689724843,12.780966607249809,13.008616118346872,5058803
2002-12-16,12.911051750183105,13.00861564167764,12.358185049764424,12.976095189715762,8639998
2002-12-23,12.520792961120605,12.976095791147682,12.358185622556691,12.943574069873996,1055726
2002-12-30,12.553319931030273,12.976101216551651,12.325669054736473,12.358190789607736,1679377
2003-01-06,12.098013877868652,12.585837191917213,11.48010493838262,12.52079374529618,6264059
2003-01-13,11.64271354675293,12.325666006748452,11.284977087243014,12.00045127406757,5895261
2003-01-20,11.805323600769043,11.870367062250134,11.415064099687381,11.740280139287952,5405475
2003-01-27,11.219931602478027,11.675233160053315,10.76463004490274,11.447582381265672,9850931
2003-02-03,10.634542465209961,11.57766654946426,10.634542465209961,11.382537516018841,5470699
2003-02-10,10.406893730163574,10.797151848855801,10.179242949625692,10.797151848855801,6135264
2003-02-17,10.179245948791504,10.797155030079479,10.049159025696216,10.569504182467606,4937141
2003-02-24,11.707757949829102,11.772801408761742,10.1142020806132,10.146723810079521,12231872
2003-03-03,10.732110977172852,11.740279504389873,10.569503600068586,11.707757775408059,6792542
2003-03-10,12.032975196838379,12.09801739456151,10.179246571727548,10.699590492537375,7956965
2003-03-17,12.065495491027832,12.130537680995952,11.382541720021722,12.032973762141369,7976318
2003-03-24,11.350018501281738,11.967927396579823,11.18740989635764,11.87036350142986,5582338
2003-03-31,12.032975196838379,12.130539127325553,11.057328285136899,11.15489348342903,5467404
2003-04-07,12.488274574279785,12.520795033130625,12.0329729367114,12.0329729367114,9922727
2003-04-14,11.740278244018555,12.35818722492332,11.447583982409068,12.19557986527568,6010711
2003-04-21,11.837844848632812,12.06549568672566,11.35002144303317,11.740279660390954,5698745
2003-04-28,12.032975196838379,12.293146523340814,11.577672205946726,11.837846068059076,4050797
2003-05-05,11.675233840942383,12.293142771457735,11.480104771716722,12.130535425070446,6311905
2003-05-12,11.841401100158691,12.103814587419992,11.677391871417445,11.874202945906939,12513908
2003-05-19,11.549355506896973,11.98204008220478,11.249804148027655,11.98204008220478,9463980
2003-05-26,11.516070365905762,12.08188938084433,11.349653542838068,11.682487188973456,20442477
2003-06-02,11.782337188720703,11.915470377813847,11.449502269728981,11.615920377977798,5580985
2003-06-09,11.449503898620605,11.91547207299757,11.416221569741761,11.88218844661263,10972862
2003-06-16,11.982038497924805,12.081889370180896,11.316369908735538,11.482786731656352,14108695
2003-06-23,11.516070365905762,12.115173004959072,11.349653542838068,12.048605756729591,6165451
2003-06-30,11.349654197692871,11.815622367172752,11.349654197692871,11.64920423699702,6919244
2003-07-07,11.31636905670166,11.982037595771304,11.249801813542923,11.382936299860397,11089848
2003-07-14,10.983537673950195,11.482789563335158,10.850404442283825,11.482789563335158,9147503
2003-07-21,11.815621376037598,12.015321817990829,10.883684466498883,11.0501019339619,8843046
2003-07-28,12.11517333984375,12.215022917441981,11.51607068423019,11.848904339565683,6303657
2003-08-04,12.414729118347168,12.414729118347168,11.715776561510035,11.982044387567987,6194208
2003-08-11,12.714275360107422,12.714275360107422,12.248307180365394,12.314874433901716,5075685
2003-08-18,12.547860145568848,12.814126599116536,12.048608274530942,12.747560634482753,7053026
2003-08-25,12.314875602722168,12.714276566835528,12.248308342867864,12.547859714706,5680815
2003-09-01,12.647706985473633,12.780841480745185,12.314873342306747,12.448006540072301,8471931
2003-09-08,12.84740924835205,13.280095121689124,12.314875084448127,12.547859186626775,7951752
2003-09-15,13.047111511230469,13.28009562218983,12.680992881147914,12.847409732545676,5051249
2003-09-22,12.780841827392578,13.113675479586721,12.381439628251163,13.013825902930892,6930465
2003-09-29,12.84740924835205,12.980543762457668,12.248307827395319,12.814125619825647,4544405
2003-10-06,12.947258949279785,12.980542574760795,12.414723536595737,12.814124447355741,5582294
2003-10-13,13.246810913085938,13.313376869717647,12.714275474995517,12.814125058696144,6436116
2003-10-20,13.479791641235352,13.479791641235352,12.980539954800065,13.24680760739927,6435503
2003-10-27,13.779342651367188,13.812627570139304,13.280092224891577,13.37994179118434,4370705
2003-11-03,13.812630653381348,13.81263065338135,13.346661149146904,13.746062098483643,4829594
2003-11-10,14.1121826171875,14.112182617187502,13.546363448170327,13.546363448170327,3264814
2003-11-17,13.61292839050293,14.112180207930468,13.346660668041165,14.07889658043448,5058751
2003-11-24,13.845911979675293,14.01233011107595,13.413227433045767,13.612927893220464,7859423
2003-12-01,14.045608520507812,14.145459371485432,13.67949132860134,13.945758967035925,4440769
2003-12-08,13.712778091430664,14.112178991955897,13.646210842174447,14.045611742699682,3792232
2003-12-15,13.646212577819824,14.012331197789166,13.546361691235589,13.812630722126887,6115729
2003-12-22,13.546360969543457,13.912479570007566,13.479795012873174,13.81262998624908,1755028
2003-12-29,13.746060371398926,13.91247849396859,13.479793970299509,13.479793970299509,1075200
2004-01-05,13.379942893981934,14.112178729673204,13.379942893981934,13.812628708599597,5019819
2004-01-12,14.045608520507812,14.145459371485432,13.047106498260282,13.479790924151834,6223938
2004-01-19,14.24531364440918,14.544864999077236,13.879196331208568,14.145464057857268,5618088
2004-01-26,14.811129570007324,15.476798096045988,14.078893802113031,14.544861900090684,11765545
2004-02-02,15.410235404968262,15.443519035725027,14.910984836135599,14.97755080014286,7273685
2004-02-09,15.609933853149414,15.84291792114409,15.343666161511782,15.343666161511782,4719474
2004-02-16,15.177245140075684,15.676498101712998,15.04411196847661,15.643214484436793,5542022
2004-02-23,15.37695026397705,15.576650714547242,15.177248515900832,15.177248515900832,5238937
2004-03-01,15.876201629638672,16.075902075057712,15.376949867338071,15.376949867338071,6571770
2004-03-08,15.643218994140625,15.942769040970731,15.077399932339553,15.776352204119991,3661777
2004-03-15,15.210531234741211,15.609933409601862,15.04411441876108,15.576649786904644,4083499
2004-03-22,15.609933853149414,15.942767494566958,15.277098914225878,15.31038253786883,7761456
2004-03-29,16.30889129638672,16.57515907356323,15.576655233527912,15.643222502198642,9696680
2004-04-05,16.541868209838867,16.60843544941733,15.74306522741485,16.408735028187785,6467633
2004-04-12,16.408737182617188,16.708287205038815,16.14246818934284,16.541870381748353,5208362
2004-04-19,16.774852752685547,17.14096998630798,16.40873551906311,16.575152325481866,13534725
2004-04-26,16.242313385009766,16.907981743021505,16.109180232409642,16.575148212768415,10000472
2004-05-03,16.774852752685547,17.041120421459077,16.24231741513848,16.40873551906311,6303948
2004-05-10,16.541868209838867,16.841418192930263,16.308884168820093,16.64171777170072,9577966
2004-05-17,17.538957595825195,17.742111340959386,16.624763762806843,16.760200472858298,8248904
2004-05-24,17.20036506652832,18.182275816225406,16.99721134589148,17.53895548088494,11305604
2004-05-31,18.182275772094727,18.21613494544249,17.335801718171922,17.403518744924625,6214933
2004-06-07,17.74211311340332,18.283857367843623,17.50510016707858,18.182279825157394,4516964
2004-06-14,17.945268630981445,18.28385915305188,17.43738350784742,17.775974029917855,3793471
2004-06-21,17.911401748657227,18.24999212520525,17.775966390003624,17.911401748657227,11285214
2004-06-28,18.35157585144043,18.453153402106864,17.708255323716035,17.809832874382465,4238521
2004-07-05,17.979122161865234,18.41928877819145,17.674390919815224,18.38542960463669,4058412
2004-07-12,18.080699920654297,18.3515720124914,17.708251619342626,18.080699920654297,3396415
2004-07-19,17.403520584106445,18.080700162796727,16.624763474638286,18.080700162796727,5720826
2004-07-26,17.30194854736328,17.911409919234085,16.963358016361756,17.2680893622688,4085273
2004-08-02,16.997209548950195,17.64053113622167,16.929491209249473,17.20036324810967,5346342
2004-08-09,16.92949867248535,17.234230015534315,16.658627834156572,16.997217042039182,4358622
2004-08-16,16.76020622253418,17.53896361265785,16.45547484032171,16.963360037361344,7338276
2004-08-23,17.234230041503906,17.268089226331842,16.79406327862728,16.827922463455216,3094348
2004-08-30,16.82791519165039,17.23422259412248,16.794056021453933,17.09878723327935,3924454
2004-09-06,17.20036506652832,17.437377960595107,16.827916798684583,16.895635145544475,4298740
2004-09-13,16.7940616607666,17.33580592593795,16.7602024792005,17.09879297491838,5136458
2004-09-20,17.031068801879883,17.06492797189541,16.455465551501277,16.827915101729403,5873625
2004-09-27,17.268085479736328,17.87754671457671,16.86177798984274,16.929495024863012,6614696
2004-10-04,17.538957595825195,17.77597051847225,17.268085495665275,17.40352088577374,4243781
2004-10-11,17.74211311340332,17.945266878832655,17.268087220753838,17.471240986183172,4644637
2004-10-18,18.182275772094727,18.249994118790255,17.572814611663446,17.742109158459442,4713907
2004-10-25,18.012983322143555,18.182277888646695,17.471239125401937,18.046842499432778,4188193
2004-11-01,17.945268630981445,18.21614078464914,17.775974029917855,17.979127815182814,4388372
2004-11-08,17.775970458984375,18.216137125292594,17.505098359730937,17.809829636383927,3073950
2004-11-15,17.234230041503906,17.911409778232812,16.861781648283156,17.911409778232812,6933877
2004-11-22,17.1665096282959,17.437381754730698,16.7940612794125,17.20036880909314,5080727
2004-11-29,16.997209548950195,17.53895362667059,16.997209548950195,17.20036324810967,5629196
2004-12-06,17.30194854736328,17.403524782703442,16.861781781021598,16.963358016361756,5931417
2004-12-13,17.979122161865234,18.216135056805722,17.268083477043767,17.572814719093778,9716119
2004-12-20,18.14841651916504,18.419288584816535,17.94526279991212,18.012981146310697,4729926
2004-12-27,19.536640167236328,19.570498027679065,18.080702010360877,18.14842037113255,23603787
2005-01-03,18.317710876464844,20.146096970786253,18.249993850706872,20.146096970786253,14731267
2005-01-10,17.911401748657227,18.487004992806064,17.708248050705485,18.453145823156994,8169207
2005-01-17,18.21613883972168,18.41929260329602,17.84369049315924,18.012985076147338,6937511
2005-01-24,18.487009048461914,18.58858657969307,17.97912403219207,18.114559420557306,6866360
2005-01-31,18.62244415283203,18.656303329392728,18.216136673989595,18.55472711965359,5183294
2005-02-07,18.520872116088867,18.69016671709369,18.38543537933041,18.62244834871446,4475695
2005-02-14,18.554725646972656,18.724020196396342,18.385429777606127,18.52086647309935,4432259
2005-02-21,18.283857345581055,18.622446514236636,17.97912603783654,18.487011110763024,6319820
2005-02-28,18.080699920654297,18.24999580301683,17.843688325232648,18.24999580301683,7602862
2005-03-07,18.080699920654297,18.3515720124914,17.911405358234713,18.080699920654297,5589258
2005-03-14,18.249996185302734,18.52086828281384,18.114559476575693,18.148418653757453,4399504
2005-03-21,18.92717742919922,18.961036609350746,18.283856966149486,18.35157400650945,6025966
2005-03-28,18.85945701599121,19.062610754843423,18.588586244150225,18.927175368922928,5114671
2005-04-04,19.604358673095703,19.63821785601183,18.690166014133045,18.690166014133045,10571166
2005-04-11,19.672073364257812,19.8075087506803,19.435060448061247,19.604355011075093,7391293
2005-04-18,19.198049545288086,19.63821624725298,18.41929236184238,19.36734412605695,11638184
2005-04-25,18.724021911621094,19.231906926360093,18.52086816971409,19.198047749385097,9429364
2005-05-02,19.299625396728516,19.40120160832326,18.520868281434932,18.791740378925873,5783229
2005-05-09,19.198049545288086,19.333486265857648,18.893318243949665,19.062612824718524,11684727
2005-05-16,19.227399826049805,19.677771119899226,18.95024794894002,19.469907549702874,6951360
2005-05-23,19.365976333618164,19.504551605804696,19.22740106143163,19.331332177935522,6340054
2005-05-30,19.643129348754883,19.78170597938828,19.262044965057157,19.365977438032203,6607706
2005-06-06,19.781707763671875,19.954927217043668,19.469911667167256,19.608486959755844,5047043
2005-06-13,19.781707763671875,19.954927217043668,19.53919863818943,19.712418091561226,5476168
2005-06-20,19.643129348754883,19.920281259477562,19.504552718121484,19.747061821729933,5650684
2005-06-27,19.74706268310547,19.92028212840901,19.33133412361513,19.64313020559684,6246151
2005-07-04,19.92028045654297,20.23207516181225,19.504551931943826,19.81634798775717,7092836
2005-07-11,19.74706268310547,20.02421325537346,19.53919772808821,19.95492628757855,7052781
2005-07-18,20.89031410217285,21.340685490105322,19.573842748525127,19.85099468353224,9662859
2005-07-25,20.786378860473633,20.994242446496763,20.647803586639565,20.855667172662695,6017038
2005-08-01,20.751733779907227,20.95959734314224,20.50922471383182,20.85566488625278,6132288
2005-08-08,20.47458267211914,20.890311191987664,20.40529571092776,20.890311191987664,4158892
2005-08-15,20.89031410217285,20.95960242356069,20.197434939927188,20.43994271424038,4751105
2005-08-22,21.02888298034668,21.306034830819204,20.786375280001195,20.959596030636416,5912443
2005-08-29,22.241426467895508,22.44929141525449,20.890312413326885,21.028887694355415,8301734
2005-09-05,22.968948364257812,23.28074306564119,22.172138182340245,22.241425143456528,11791482
2005-09-12,23.661828994750977,23.938979542822224,23.03823688523053,23.03823688523053,9452844
2005-09-19,23.731117248535156,23.904335327744597,23.211457608730615,23.592540624297115,5957579
2005-09-26,23.869691848754883,24.320065890303482,23.696473764632064,23.765762078716467,6839701
2005-10-03,23.835046768188477,24.181488325187086,23.731117002176973,24.00826754668778,5912369
2005-10-10,23.627185821533203,24.00826885389285,23.24610278917356,24.00826885389285,6058886
2005-10-17,22.865022659301758,23.835053907265536,22.72644869608471,23.835053907265536,8439805
2005-10-24,23.350040435791016,23.696479387327795,22.795736492678873,22.795736492678873,5756639
2005-10-31,24.181489944458008,24.320066576536995,23.453965327131602,23.55789780119084,6110104
2005-11-07,24.181489944458008,24.389352191488225,23.800406907329062,24.216134102477756,4674586
2005-11-14,24.493284225463867,24.666505012450248,23.938980408195658,24.389351753272038,4948843
2005-11-21,24.735790252685547,24.839720010871115,23.97362158576818,24.493281181047514,4731750
2005-11-28,24.735790252685547,24.770434405776694,24.354704568682926,24.770434405776694,6105648
2005-12-05,24.562576293945312,24.909015219773142,24.423999643178732,24.735797107403542,4991757
2005-12-12,24.21613121032715,24.666502509707406,23.80040406482906,24.5625700480609,6656971
2005-12-19,23.869691848754883,24.250777576219082,23.661829607589866,24.112200948050283,6990652
2005-12-26,23.627185821533203,23.97362469630668,23.592541663947035,23.869692223548167,1490589
2006-01-02,23.488609313964844,23.938980663850945,23.107526279613253,23.904336506083688,10934545
2006-01-09,24.59721565246582,24.70114812024133,23.419319753186237,23.523252220961748,9564121
2006-01-16,24.631858825683594,24.874365206396703,24.11219920862637,24.458638052968524,7629166
2006-01-23,24.735790252685547,25.63653283087963,24.320063116679652,24.458637027956367,9208918
2006-01-30,25.324743270874023,25.4286757622317,24.70115372490539,24.805083515174353,6226334
2006-02-06,25.220809936523438,25.567248824611323,25.01294498301771,25.497960506776078,5579882
2006-02-13,25.49795913696289,25.60189160813225,25.15152026748656,25.255452738655915,6264922
2006-02-20,25.46331024169922,25.879037347930044,25.082227286078265,25.42866609108934,7225054
2006-02-27,25.18616485595703,25.532603731367516,24.943655752407928,25.497959573717644,5105555
2006-03-06,25.29009246826172,25.39402222014826,24.527923847538236,25.151515864296044,7545269
2006-03-13,25.220809936523438,25.359383871105596,24.909012506264848,25.359383871105596,6953829
2006-03-20,25.879045486450195,25.879045486450195,25.151523497024865,25.324741603460712,6075795
2006-03-27,25.49795913696289,25.879042163495676,25.394026665793536,25.879042163495676,6566739
2006-04-03,25.428667068481445,25.77510588680846,25.324734612657007,25.705820284013285,4925858
2006-04-10,25.29009246826172,25.53259882411393,24.80507435438187,25.428666371139677,7482748
2006-04-17,27.438020706176758,27.541953175749157,24.909010785355818,25.290096507121273,9554355
2006-04-24,27.541955947875977,27.680532587920393,27.056940408808945,27.403379307831564,6403071
2006-05-01,28.2001953125,28.30412510259516,27.472670575301628,27.54195890275754,5755409
2006-05-08,28.39584732055664,29.303955116617388,28.186282726154527,28.675264056585252,7714524
2006-05-15,27.223344802856445,28.74360955558518,26.657664574338227,28.708254369019993,10691359
2006-05-22,27.824378967285156,27.895086580712594,26.233403912937455,27.364761562596694,9827218
2006-05-29,28.071855545043945,28.42540455061553,27.258692005272128,27.965790016415287,8821021
2006-06-05,27.4708194732666,28.21327539463677,27.117270478412358,28.071854694085523,6519803
2006-06-12,26.869794845581055,27.506185492428095,26.410180144115124,27.506185492428095,8691515
2006-06-19,27.294048309326172,27.541534578014197,26.55159501631078,26.905144072197903,7260250
2006-06-26,27.824378967285156,28.036507320616735,26.55159782119714,27.435471932548765,6543406
2006-07-03,27.824378967285156,28.036507320616735,27.4708271175248,27.895086580712594,5508820
2006-07-10,26.728374481201172,27.859732161976705,26.657664109304317,27.68295898875928,5942630
2006-07-17,26.834436416625977,27.612247725868183,26.516242509882353,26.657663249112684,7720927
2006-07-24,27.859731674194336,27.895086859523744,26.940502368678988,26.940502368678988,4763690
2006-07-31,27.329402923583984,27.89508305518223,27.18798495807764,27.8243754506912,6364858
2006-08-07,27.40011215209961,27.506177689238687,26.834432043882018,27.18798383434562,3584562
2006-08-14,27.89508628845215,28.21328294990268,27.43547164510376,27.612247568131835,5231931
2006-08-21,27.89508628845215,28.56683203943422,27.71831312194868,27.89508628845215,5328365
2006-08-28,28.56682586669922,28.778956928495514,27.89508026086829,27.89508026086829,4040045
2006-09-04,28.602184295654297,29.097154072931666,27.29404811222704,28.602184295654297,9341789
2006-09-11,28.0364990234375,28.56682388460797,27.824370732883605,28.496113535582065,6804435
2006-09-18,27.965789794921875,28.4254043254819,27.68295114400953,28.14256567456955,5647210
2006-09-25,28.56682586669922,28.602181043665265,27.682951955596007,28.071856145698536,7248060
2006-10-02,28.602184295654297,28.955733348988325,27.895083432461913,28.602184295654297,5939217
2006-10-09,28.743602752685547,29.344638025518776,28.35469579251315,28.531471683500605,5502824
2006-10-16,28.920379638671875,29.167865918157982,28.602185750142773,28.849669273104418,6864259
2006-10-23,28.56682586669922,29.309281826462243,28.49611551276712,28.991085233767798,5598733
2006-10-30,29.238571166992188,29.486054646644362,28.460760038391104,28.4961152149877,6105828
2006-11-06,29.203224182128906,29.592128477258157,29.0618034360729,29.34464492818491,3932874
2006-11-13,29.839603424072266,30.193155187289207,29.20321576332969,29.238570939651385,4841042
2006-11-20,29.203224182128906,29.804259596342163,29.0618034360729,29.768904409828163,4824978
2006-11-27,28.248634338378906,29.34463940081957,28.10721361896095,29.309284220965083,7335021
2006-12-04,28.84967613220215,28.84967613220215,28.21328820384079,28.31935102088427,7070190
2006-12-11,29.627479553222656,29.662834734831442,28.743605526051812,28.885023495962574,7048652
2006-12-18,28.531475067138672,29.804256120143247,28.460764702357924,29.662835390581755,7341668
2006-12-25,28.77896499633789,28.88502780044548,28.460768314440774,28.531478688195687,2964458
2007-01-01,28.77896499633789,29.061803734832772,28.3547027538084,28.778964996337894,6206142
2007-01-08,29.132511138916016,29.344642238556823,28.70825169615891,28.84966967272828,7163669
2007-01-15,28.991086959838867,29.415346352167,28.566827567510735,29.273925635882897,6603688
2007-01-22,30.546701431274414,30.829540059743486,28.885016564012933,29.097147602757524,11086939
2007-01-29,31.077035903930664,31.2538118243428,30.33458255124882,30.51135571513639,6228365
2007-02-05,31.147737503051758,31.571996836074305,30.900251284149732,31.112382328922898,5958597
2007-02-12,31.04167938232422,31.71342509442159,30.829548286969956,31.006324199765174,5634816
2007-02-19,31.147737503051758,31.39522096543,30.82954093589201,31.077027154794038,5349371
2007-02-26,30.087093353271484,31.572002671570072,29.768899483823322,31.289163982785517,10926291
2007-03-05,30.47600555419922,30.794202263387184,29.41535536995603,29.733552079143998,7661115
2007-03-12,30.087093353271484,30.652773487364893,29.733544303159714,30.617418306701286,7838735
2007-03-19,30.405288696289062,30.82954812828946,30.051739629042803,30.299225905682288,6182995
2007-03-26,30.405288696289062,30.652774972928547,30.157805176174012,30.4759990610432,6304160
2007-04-02,30.688129425048828,30.90025775773899,30.334580366215647,30.440643154298545,5386631
2007-04-09,31.006328582763672,31.006328582763675,30.440648338379894,30.688134651277412,6213295
2007-04-16,31.183094024658203,31.748774078640245,30.829542268091984,31.112383673344958,10218585
2007-04-23,31.3598690032959,31.67806560304653,31.077030337819405,31.324516582069897,7070194
2007-04-30,31.501293182373047,31.748779453870085,31.253809667400386,31.324520030685253,6535738
2007-05-07,31.67806053161621,31.854833635542384,31.18309087888039,31.501284671166406,5699942
2007-05-14,31.546184539794922,32.19071572910928,31.1523054542417,32.19071572910928,7335556
2007-05-21,31.510385513305664,31.832649798151703,31.259733342591506,31.58200041922399,7106228
2007-05-28,32.047489166259766,32.154911507205384,31.152308575284895,31.510380253317646,5753504
2007-06-04,31.510385513305664,32.72783333034438,31.11650632254129,32.190724327743354,8482960
2007-06-11,32.08329391479492,32.19071624670551,31.22391805129593,31.761026919063145,7374664
2007-06-18,31.295536041259766,32.19071943745982,31.223921146220878,32.15491198994037,6997274
2007-06-25,31.65361785888672,31.76103743457627,30.86585662251442,31.259735844807235,8372759
2007-07-02,31.116504669189453,31.761033204634998,30.937467413906635,31.653613643251607,7527868
2007-07-09,33.085906982421875,33.40817128591336,31.08070066783792,31.18812303293062,11691786
2007-07-16,32.94267272949219,34.016890652297896,32.79944292864177,34.016890652297896,3534473
2007-07-23,31.868465423583984,33.300755533893295,31.65362344252053,32.942683704262755,4903234
2007-07-30,31.510385513305664,32.22652898891607,31.438770607387333,31.653615325142322,4185001
2007-08-06,31.00908660888672,32.08330470572471,30.865856784831873,31.29554346520973,5226247
2007-08-13,30.364551544189453,31.796841237291275,29.934864915437544,31.08069778663354,4890064
2007-08-20,32.01168441772461,32.79944273415848,30.364550093070072,30.651009693072364,3957212
2007-08-27,31.940065383911133,32.72782639017599,30.794232715772708,32.0832951653749,5646879
2007-09-03,30.4361629486084,32.0832971626214,30.36454805341835,32.0832971626214,4707661
2007-09-10,31.080698013305664,31.152312917251,30.22132195774805,30.436166669584043,3274014
2007-09-17,31.510385513305664,31.58200041922399,30.65101222585859,31.080698869582125,4451987
2007-09-24,31.510385513305664,31.86845725111087,31.152313775500456,31.438770607387333,3604748
2007-10-01,32.01168441772461,32.154914217725754,31.22392330950452,31.581997809507385,3745874
2007-10-08,32.441368103027344,32.65621278367191,31.940066639975996,32.01168153352418,2812008
2007-10-15,31.438770294189453,32.942674928132924,31.29554048377967,32.58460319389488,3727430
2007-10-22,31.581995010375977,32.44136815064366,30.722621870108295,31.940066686856518,5104489
2007-10-29,31.438770294189453,31.79684202842749,31.080698559951415,31.72522991500902,4412357
2007-11-05,29.720020294189453,31.581996446713404,29.505175603458493,31.438766652892763,4566852
2007-11-12,29.720020294189453,29.934862193134318,29.075489013782665,29.648402605493036,5184882
2007-11-19,30.14970588684082,30.221317989596894,29.07548805228165,29.648401625046272,4857016
2007-11-26,30.6510066986084,30.722621591612523,29.720018673126678,30.43616201959603,4107954
2007-12-03,31.00908660888672,31.223928553182304,30.292940280399165,30.57939992850886,3429879
2007-12-10,30.57939910888672,31.367157536500656,30.078097529917866,30.937470867639725,3301324
2007-12-17,31.438770294189453,31.582000104599235,30.078095470655768,30.364552299688917,4765602
2007-12-24,31.367155075073242,31.65361469302602,30.722626518252266,31.438769979561435,960973
2007-12-31,30.4361629486084,31.789676650699413,30.335904328771154,31.438765897697003,1835453
2008-01-07,29.218725204467773,31.54619891884843,28.803363138623375,30.343075531042878,5556275
2008-01-14,27.607397079467773,29.204399523826037,26.99151220292137,29.075494360753513,6828131
2008-01-21,27.020151138305664,28.022754117926066,25.065077282296162,27.249317693178106,8710775
2008-01-28,28.194639205932617,28.38799837230524,26.719380794613656,27.005837681474695,5406121
2008-02-04,27.12041473388672,28.538382557213424,26.318331727333184,28.538382557213424,4667221
2008-02-11,27.86520004272461,28.638636400366035,26.51884734761067,26.805306912239864,4425957
2008-02-18,28.208953857421875,28.502574394571834,27.421195526218956,27.807913760043345,4073540
2008-02-25,28.144500732421875,29.36194559566709,28.058561181684105,28.5670263876848,4430470
2008-03-03,28.803354263305664,29.16858688972179,27.406869348268174,27.786426629228888,5057227
2008-03-10,27.42835807800293,28.781871976331175,26.841119760805093,28.660127753571597,5223149
2008-03-17,28.531221389770508,28.559865117356964,26.790986516722757,26.790986516722757,5670058
2008-03-24,28.968067169189453,29.57679101166412,28.53121964062801,28.53121964062801,3385354
2008-03-31,28.982393264770508,29.949191739180645,28.66728990032823,28.9179420804533,4967834
2008-04-07,28.302051544189453,29.38343030549386,28.123014308554755,29.03251676529265,3637958
2008-04-14,28.158824920654297,28.645801789457924,27.786428545392216,28.18031050805978,3875311
2008-04-21,28.459606170654297,28.58135038690143,27.4283566107827,28.230439601793943,3910501
2008-04-28,27.994108200073242,28.91793527859419,27.879524931610504,28.602829196482244,3170395
2008-05-05,27.843719482421875,27.99411020755046,26.941375131650382,27.99411020755046,4234546
2008-05-12,28.36650848388672,28.445284325227767,27.843724116383367,27.98695114223019,2539016
2008-05-19,28.994226455688477,29.794567679346873,28.65226118904372,28.91419233332264,4121181
2008-05-26,29.416227340698242,29.576295593570393,28.921469117760864,29.059708592341487,3663142
2008-06-02,29.37984848022461,30.311153922495283,28.88509024809662,29.36529501563334,4147701
2008-06-09,28.97239875793457,29.387122848795975,28.572228131196177,29.23432991197228,3508691
2008-06-16,28.644994735717773,29.56902508554001,28.55040712051395,29.081544886960305,3575180
2008-06-23,28.785465240478516,29.928162485372805,28.364469513470322,29.687594335849347,4933626
2008-06-30,28.980926513671875,29.24404627221508,28.22915033227777,28.815533350604124,4826889
2008-07-07,26.605318069458008,29.46206124451119,26.304606410599142,29.101211942975496,7383650
2008-07-14,24.710844039916992,27.251844020284253,23.756090112322454,26.906026206333276,11757420
2008-07-21,23.553110122680664,24.733397749541567,23.21481099068366,24.733397749541567,9909772
2008-07-28,23.898929595947266,24.289852144336827,23.23736712030608,23.71850346622694,8028552
2008-08-04,25.868579864501953,26.236949311599595,23.553112047109813,23.756091249824205,7165258
2008-08-11,26.13921546936035,26.515105032851334,25.620490216290204,25.846023954384794,6174089
2008-08-18,25.853548049926758,26.274543887102336,25.1168089982258,26.0339756746263,4139816
2008-08-25,27.372127532958984,27.51496322029731,24.658220166688647,25.73325668162836,6102400
2008-09-01,27.21425437927246,28.387023346046224,26.875956709683873,27.14659367308106,5656605
2008-09-08,26.913543701171875,28.19907958087261,26.515105446746713,27.687874455639886,4574988
2008-09-15,27.57511329650879,27.66532563956694,25.530283579976185,26.913549275817548,7167011
2008-09-22,26.282054901123047,27.91340569271791,26.056521156064754,27.04134832599808,5168758
2008-09-29,27.80063819885254,27.830709950325087,25.188220363735848,26.23694815186006,6461265
2008-10-06,22.049560546875,27.58262519634985,21.553389824834746,26.966170396480045,13114414
2008-10-13,21.538354873657227,25.03410902084548,21.245163337196512,23.30502569413205,9630524
2008-10-20,23.925241470336914,23.936518744620482,20.200196293753958,22.267577397901523,12280102
2008-10-27,26.357234954833984,27.79312387002679,23.117083259483348,23.30502659693994,10159791
2008-11-03,25.793399810791016,26.308364980440167,24.583041900315237,26.308364980440167,5609166
2008-11-10,24.568010330200195,26.50007153722955,24.44772623856595,26.387307582503755,4476936
2008-11-17,22.778779983520508,24.624387064648836,22.553247726061198,24.624387064648836,5861779
2008-11-24,23.639564514160156,23.688429278185126,22.237504648931242,23.03438554098437,6085164
2008-12-01,22.76750373840332,23.726016180493396,21.583457577852514,23.695945897237166,7352681
2008-12-08,23.538074493408203,24.319919495750444,22.673532909425006,23.891408038926734,4442205
2008-12-15,24.76346778869629,25.319782009391535,22.917860545010065,23.695948440386445,5798370
2008-12-22,24.7333984375,25.128079548022804,24.383822023064738,24.590559817402497,1435365
2008-12-29,26.011415481567383,26.312127147291122,24.620632819648318,24.733399694294718,1344715
2009-01-05,24.94389533996582,26.308366275592434,24.744673281372307,26.304606207611975,4380322
2009-01-12,24.128215789794922,25.019070455830498,23.40275280942555,24.729636104921134,5086243
2009-01-19,22.553253173828125,24.703331007023884,21.880414841236867,24.507868986185436,4869574
2009-01-26,22.463037490844727,23.605734758622535,21.297785676423047,22.557008418711458,7161121
2009-02-02,22.222469329833984,22.553249809282566,21.699985461365223,22.184880372561707,6007221
2009-02-09,22.39913558959961,22.568284422518474,21.97062413828763,22.184879131272577,3000009
2009-02-16,21.681188583374023,22.741192078983296,21.35040814053136,22.28636750473263,3132602
2009-02-23,20.5986328125,21.59097410914534,20.230263428380088,21.444378368990183,3660769
2009-03-02,19.779199600219727,21.290267716622132,19.65139832225836,20.215229730846453,5229086
2009-03-09,20.5986328125,20.95948352703378,19.606290050512705,19.937070482727815,4281864
2009-03-16,21.079771041870117,21.590976146929336,20.688847077437853,20.767783590819672,3603556
2009-03-23,21.760128021240234,21.861617622169906,21.08728977290533,21.200055182081517,2778786
2009-03-30,22.27509307861328,22.553248711270136,21.372962544025636,21.519558297976722,3861542
2009-04-06,23.613250732421875,23.632045208917145,22.327714987650346,22.417927302554034,2707532
2009-04-13,23.23736572265625,23.613253836634083,22.62090945018736,23.613253836634083,2778411
2009-04-20,23.89140510559082,24.733394971215265,22.27884907040733,23.22984425642505,5442533
2009-04-27,24.613113403320312,25.2859458107286,24.01921312137799,24.022971724241028,2680875
2009-05-04,25.86105728149414,25.86105728149414,24.440204462266856,24.85367856876272,3479715
2009-05-11,25.67687225341797,26.22190916013344,24.958927915317236,25.936234865837918,3427116
2009-05-18,25.472488403320312,26.649675397356035,25.30377130232017,26.05916554385554,2245574
2009-05-25,24.93566131591797,25.84443585893679,24.885813623367515,25.614365446131277,2458384
2009-06-01,25.4763240814209,25.859771766085583,25.09287340712052,25.307603990947314,2063242
2009-06-08,26.557649612426758,26.887415413526956,25.154227853774103,25.553012387675754,2741228
2009-06-15,25.88277816772461,26.546145472157026,25.59902585193478,26.546145472157026,2705625
2009-06-22,26.07066535949707,26.457948727628317,25.430309342245764,25.890447139041,3216476
2009-06-29,26.772375106811523,27.608292074210087,25.84059548474071,26.074498568359846,3564484
2009-07-06,26.826061248779297,27.454916177596406,26.523136407863692,26.737869984213106,2822276
2009-07-13,27.577627182006836,27.76934956265528,26.580658246162848,26.82222384174012,3870823
2009-07-20,29.065404891967773,29.19960964863706,27.761678478560412,27.941899711385943,3716926
2009-07-27,29.83229637145996,29.83229637145996,28.85833888803007,29.134419770609053,3124222
2009-08-03,28.839162826538086,30.0623662011666,28.605259726378275,29.7747782168128,3565003
2009-08-10,28.71646499633789,29.157430292204058,28.609098207158095,28.72413341207164,3126674
2009-08-17,29.60223388671875,29.717269113338116,28.076108251216883,28.701130590806375,2298186
2009-08-24,28.574586868286133,30.518663161332842,28.45188325611228,29.678916388215256,3649364
2009-08-31,28.352188110351562,29.291636346387016,28.183470998150742,28.582258530426806,3794986
2009-09-07,28.68195152282715,28.758641656446176,28.160463397634793,28.379026690886246,3230893
2009-09-14,29.027055740356445,29.34915010071181,28.4173704030039,28.578419077999335,3518749
2009-09-21,29.402835845947266,29.908987130953825,29.042393420426418,29.042393420426418,2736545
2009-09-28,29.468021392822266,30.269429076184373,28.877508580048794,29.32614524841675,3588360
2009-10-05,30.87911033630371,30.944296347405448,29.16125983405268,29.40283433602777,2927951
2009-10-12,31.484960556030273,31.741868903049987,30.905951870379802,30.944296935242836,3441989
2009-10-19,29.64057159423828,31.623001940018774,29.556213046947764,31.44278072770822,3838100
2009-10-26,29.257129669189453,30.073874354205103,29.180439522113325,29.682758191680257,4268180
2009-11-02,29.836132049560547,29.93582742547145,28.935026005439465,29.25712335782166,3301049
2009-11-09,30.05086326599121,30.292434790642847,29.782447803368868,30.012509230995533,2450808
2009-11-16,29.912824630737305,30.52634279694285,29.75561162833453,30.169736016818767,2552646
2009-11-23,29.717260360717773,30.2195789085594,29.180432450908906,30.177401131670045,2353562
2009-11-30,30.537841796875,30.629868758968502,29.544711767481136,29.809288536091056,2533916
2009-12-07,30.936635971069336,31.03249865631477,30.062373662976167,30.522511562518034,3332357
2009-12-14,31.527137756347656,31.749536736772793,30.85610212316653,31.059331561146635,3841755
2009-12-21,32.06396484375,32.20967668175675,31.530972651053343,31.57315042676887,2297109
2009-12-28,32.01795196533203,32.20967728481599,31.772544752246723,32.05629702922882,1328578
2010-01-04,31.634510040283203,32.19817899399979,31.320081057360472,31.826235394459985,3173630
2010-01-11,32.06012725830078,32.539440519880706,31.51946668265493,31.672846926360506,2534960
2010-01-18,32.294044494628906,32.965080303281844,32.13299578096675,32.16366944860813,2475871
2010-01-25,32.29020309448242,32.53561033013429,31.603830573103636,32.11765029107966,2426736
2010-02-01,31.458118438720703,32.336213216305225,31.40443355612754,32.15982771827583,2246478
2010-02-08,33.126121520996094,33.24882813341413,31.4236046441436,31.592327731036303,3755314
2010-02-15,33.827842712402344,33.923705409828656,32.76568163320948,33.12996586270267,3594777
2010-02-22,33.969703674316406,34.011890428533285,33.168304825997836,33.82783647512048,3020640
2010-03-01,35.05870056152344,35.35395697555335,33.053264944820214,34.057899109605536,4034308
2010-03-08,35.52267837524414,36.0441695488688,35.0395322727523,35.12389083131728,3620312
2010-03-15,36.274234771728516,36.274234771728516,35.54951715704794,35.58786222584004,3128545
2010-03-22,36.331756591796875,36.485136884767506,35.92913631238511,36.26657056521159,2658667
2010-03-29,36.600154876708984,36.74203998667146,35.756575414270024,36.38926599037019,2661470
2010-04-05,36.427608489990234,36.780382461451694,35.98280756584675,36.600152299589695,2028687
2010-04-12,35.49200439453125,36.350929867131015,34.98585300500568,36.1898811541663,4985887
2010-04-19,35.91379165649414,36.040327978924886,35.27726537309065,35.41147310020793,3056076
2010-04-26,35.227413177490234,36.35091810133897,34.725097653807055,36.04416059808897,3712838
2010-05-03,34.932167053222656,36.17070442976622,34.1652686512028,35.005021489575604,5583794
2010-05-10,36.0364990234375,36.63851605700494,33.36003033285993,34.20745164218313,3528698
2010-05-17,35.10088348388672,36.78038912811265,34.65608247912044,35.82560109947871,3828291
2010-05-24,36.18073654174805,36.223587702802284,34.30314256455765,35.83793940191746,3521668
2010-05-31,36.698829650878906,37.189654494819784,35.67433183823573,36.227482055598,3113371
2010-06-07,37.81292724609375,38.292065181955984,36.13010251024636,36.29760443597319,3702797
2010-06-14,38.11286544799805,38.40892081179479,37.53244775012016,37.844083696369125,3028429
2010-06-21,38.14402770996094,38.9347923421754,37.898616844492494,38.334903502469814,2845388
2010-06-28,37.24418258666992,38.553048591546805,37.018248974335386,38.17129398202417,2655674
2010-07-05,38.198570251464844,38.31543070177075,36.8819137596576,37.32209713269049,2970093
2010-07-12,38.64265060424805,39.304874053469945,37.972636862616675,38.22973473503555,2548828
2010-07-19,38.116764068603516,38.75951020358162,37.47401793362541,38.46345786173999,2277543
2010-07-26,37.39610290527344,38.525777011715874,36.8001046905795,38.29984340528748,2904967
2010-08-02,37.44286346435547,38.08171613818469,37.12344016459238,37.47402767611211,2303462
2010-08-09,37.489593505859375,38.015470010403526,37.01824903540796,37.87134811601183,1749306
2010-08-16,37.875247955322266,38.954280825624785,37.42338065578892,37.676581845649764,2369551
2010-08-23,37.372737884521484,38.163508667958865,36.274227804740526,37.9999003960148,2739158
2010-08-30,37.45844268798828,37.73112115665643,36.998782007899514,37.49739718881961,3004202
2010-09-06,37.699947357177734,37.89861647573384,37.29871853041408,37.727217930542594,2617658
2010-09-13,37.92198944091797,38.32711495399281,37.69215914666118,37.99989842705933,2628207
2010-09-20,38.35438537597656,38.38554958020678,37.69995227289598,37.964843453126626,2834585
2010-09-27,39.18800354003906,39.86580745273255,38.175192816506225,38.38164919557504,2935717
2010-10-04,38.447872161865234,39.22695898818792,38.33101171949481,39.17242391260502,2204662
2010-10-11,38.35047912597656,38.6582275127928,37.29871997887321,38.45955838652157,2476711
2010-10-18,37.39610290527344,38.64264047868928,37.322090591050376,38.25309862592817,2474665
2010-10-25,37.380523681640625,37.99600220032538,36.43393503166048,37.357149772537255,3705270
2010-11-01,37.46233367919922,37.773969663917065,36.811797205681856,37.427275845778844,2983932
2010-11-08,37.39610290527344,37.61035259472468,37.154588718108684,37.42726710389639,2105951
2010-11-15,37.50518035888672,37.92198979404361,37.15848658218952,37.30650515321487,2721082
2010-11-22,37.32210159301758,37.657108474805945,36.874127874714176,37.63763122456879,2563071
2010-11-29,38.18299102783203,38.24531944318004,36.753367548381156,37.30262418038708,3926131
2010-12-06,38.25310516357422,38.55305417263869,37.914201658861096,38.0193781896823,2448761
2010-12-13,38.35047912597656,38.837416355696746,38.10507432766673,38.198566931797515,3149295
2010-12-20,38.447872161865234,38.68159912090721,38.20635794876921,38.35438259310867,1656655
2010-12-27,37.532447814941406,38.87637176115995,37.532447814941406,38.447872334327585,871969
2011-01-03,37.707740783691406,38.24920395689559,37.26755746485586,37.85966208381956,2300350
2011-01-10,37.972633361816406,38.40112977634361,37.43506375215921,37.668790725801735,2457355
2011-01-17,36.56249237060547,38.292064926139425,36.56249237060547,38.15962083757717,2407094
2011-01-24,37.719425201416016,38.428390208612186,36.30927940297376,36.62870560044471,2944333
2011-01-31,38.81794357299805,38.81794357299805,37.87524839229046,38.47124976533489,3152915
2011-02-07,39.655460357666016,39.80348805775203,38.56474048608288,38.74002661593298,2585184
2011-02-14,40.24756622314453,40.66827238446133,39.35161881653312,39.64767118793565,2102837
2011-02-21,40.37221145629883,40.80071085635143,39.76452625748304,40.216396529793734,3044482
2011-02-28,40.465702056884766,41.09676421843537,39.437310759558834,40.30988712638568,3841749
2011-03-07,40.50465774536133,40.769548905620915,39.82685381807315,40.39558759450493,3483008
2011-03-14,38.697181701660156,40.6059428542874,38.003797154233226,40.177446444399884,5510650
2011-03-21,40.099544525146484,40.45013200648569,38.71277214859972,38.954286416756084,3324196
2011-03-28,41.29153823852539,41.29153823852539,40.029419849192344,40.13849304612207,2210437
2011-04-04,41.930389404296875,42.03945956054369,40.81629570707119,41.25258240635986,2008308
2011-04-11,43.12239074707031,43.12239074707031,41.64991928273241,41.75898944326065,2265210
2011-04-18,43.24704360961914,43.84693859123089,41.50189070673852,43.16134432653175,2668536
2011-04-25,44.03392028808594,44.244273347610296,42.98215499046413,43.247043128487185,1822759
2011-05-02,44.11962127685547,44.166366065541204,43.16134551592074,44.07287648816973,2316872
2011-05-09,44.10404586791992,44.44684611069526,43.535314968721515,44.06509440105485,2415831
2011-05-16,44.14215850830078,44.616722952409994,43.240491614521865,44.0156086065415,2531492
2011-05-23,44.05515670776367,44.292435835594084,43.17721622641846,43.80996570621468,2369845
2011-05-30,43.69133377075195,44.66418610741581,43.35123104668856,44.03934528684478,2221120
2011-06-06,43.272125244140625,44.418983028349054,43.272125244140625,43.68341315181571,2034715
2011-06-13,42.900394439697266,44.142164160754945,42.48910951882601,43.35913827773597,2286757
2011-06-20,43.026939392089844,43.50150075885069,41.91962850853145,41.927537299363436,2049142
2011-06-27,44.34780502319336,44.41108151937048,43.019032520317204,43.03485010268679,1906194
2011-07-04,44.766998291015625,45.11500974274508,44.2607986945549,44.42689562985289,2237494
2011-07-11,45.083377838134766,45.11501300268761,43.548958273395144,44.33989597085427,2811357
2011-07-18,44.854000091552734,45.25737923439334,43.6596864104879,44.703723824296745,2309913
2011-07-25,44.22125244140625,45.652848393205595,44.06306737722312,44.75118150229988,2492202
2011-08-01,40.80440902709961,44.71163538470792,40.49594459974876,44.49808261448821,3796093
2011-08-08,41.26314926147461,41.26314926147461,37.083043770324444,40.41684704433454,6617415
2011-08-15,41.09705352783203,42.25182017930465,40.369392392429404,41.619070695617786,3809495
2011-08-22,41.89590072631836,43.10603201667245,40.83604570676323,40.83604570676323,3185428
2011-08-29,42.21227264404297,43.074392456393014,40.80440621576569,42.20436385371848,2698729
2011-09-05,43.6992301940918,44.45062072450832,41.55579399331047,41.83262013608571,3592413
2011-09-12,43.857421875,43.857421875,42.14109101742358,42.97948138678421,3843633
2011-09-19,41.864261627197266,43.89696876194282,40.915138944962,42.924116625144585,2882157
2011-09-26,42.702659606933594,43.43822960952715,41.0654195688841,41.16033123050597,2980295
2011-10-03,42.14109420776367,42.31509994382404,41.041692087491846,42.06990892179376,3155399
2011-10-10,40.47221374511719,42.51282971966171,39.78409962967295,42.47328268333222,3847771
2011-10-17,41.50835037231445,41.65071788044549,39.886930821314635,40.48804218900093,3394352
2011-10-24,42.15690612792969,42.70265271925389,41.27896569116041,41.52415668026024,2568898
2011-10-31,41.95917892456055,42.14109654509031,39.83946864344868,41.87217605170481,3197455
2011-11-07,41.50835037231445,42.172735160275735,40.58295386108829,41.80099418069219,1730965
2011-11-14,41.35807418823242,42.069917950656304,40.638321633081055,41.6902681495869,2007941
2011-11-21,40.622493743896484,41.32642545169348,39.78410026043789,41.32642545169348,2310816
2011-11-28,41.365962982177734,42.36254438443407,40.448478719005976,40.83603712543394,2629805
2011-12-05,41.8247184753418,42.623564964016516,40.725316339940356,41.603256906703585,2368516
2011-12-12,41.041690826416016,42.37046326247971,40.76486156542191,41.75353133084524,2523586
2011-12-19,42.43373489379883,42.43373489379883,40.764859857034544,40.82022447357343,1709143
2011-12-26,43.14558792114258,43.21677321756536,42.323014949583936,42.43374420696407,707711
2012-01-02,43.659690856933594,44.632543089708065,43.10603539045091,43.145582429724634,2061634
2012-01-09,44.88563537597656,45.43929074955668,43.47776903077847,43.68341298382518,2018502
2012-01-16,44.355712890625,45.478841304486004,44.09470430501008,44.790727199983195,2258823
2012-01-23,44.118431091308594,45.368109414493816,43.983972402001534,44.43480429653996,2253808
2012-01-30,44.86981964111328,45.30483393466595,43.90487632176546,43.92860269231433,3067694
2012-02-06,44.664180755615234,45.00428343892647,44.434807314147584,44.63254250793877,2112795
2012-02-13,45.87431716918945,46.66525494797535,44.64045620762726,44.917285509374715,2058231
2012-02-20,47.218910217285156,47.590651187174245,45.84268175785914,46.10369039096754,2348978
2012-02-27,48.081024169921875,48.87196184527123,45.90594941689775,47.05280735031221,2377140
2012-03-05,50.06627655029297,50.121641171104685,48.0019309979353,48.07311628422846,2305658
2012-03-12,51.11030960083008,51.14194784759523,49.44934327087476,49.92390463895496,2134697
2012-03-19,51.60068130493164,51.61649888347334,50.48546185067702,50.85719961319613,1617629
2012-03-26,52.858280181884766,53.23792679747143,51.41086358488939,51.59278118543202,1966592
2012-04-02,52.581451416015625,54.3136029907956,52.328351614373354,52.77918659959527,1934530
2012-04-09,51.5927848815918,52.73964285116121,51.5927848815918,52.58145469443456,2136315
2012-04-16,50.64365768432617,52.90573531558521,50.572475482362485,51.5215982309056,2673972
2012-04-23,53.28538513183594,53.55430250941963,50.31937285450445,50.61992847749479,3099504
2012-04-30,53.087650299072266,54.17123169034998,52.628909612749815,53.16674437143107,1443992
2012-05-07,54.97799301147461,55.07290467017292,52.51817709287351,52.59727116957187,1876203
2012-05-14,53.98141098022461,55.436733348259516,53.41193486518535,54.80398690564814,2110246
2012-05-21,55.374603271484375,55.71908914351188,54.23698351143473,54.717668444939996,4066289
2012-05-28,54.74971008300781,56.6083509452911,54.41323188817669,55.46272354934592,4580276
2012-06-04,58.29875564575195,58.33079881193051,54.10880872569204,54.64557235968573,3781677
2012-06-11,58.082454681396484,59.06785397522813,57.63381907721886,58.72336179504568,11543561
2012-06-18,59.03579330444336,60.501877338679925,57.99431553942407,58.2426719175221,5026477
2012-06-25,58.723358154296875,58.747393653048626,56.80063068632325,58.64324398927868,3786526
2012-07-02,58.93164825439453,60.47784015392819,58.60317773075885,58.78744153069519,3449730
2012-07-09,57.84210968017578,59.13194401364402,57.14512392680261,58.73938709611708,2872040
2012-07-16,58.38688659667969,59.52450662096701,57.20120806184837,57.7620010349638,3006818
2012-07-23,57.17716598510742,58.034380054911175,54.08477545709741,57.89818722369218,4548797
2012-07-30,55.46271896362305,57.94624501972446,55.00606957652065,57.41749539905907,3794298
2012-08-06,54.629547119140625,56.464152763771956,54.629547119140625,55.58290318978906,2607422
2012-08-13,54.47732925415039,55.438692932741226,54.236986772944896,54.47732925415039,2091624
2012-08-20,55.25444030761719,55.73511906683121,54.02068462546587,54.58949146750428,2413424
2012-08-27,55.590919494628906,56.94484020461976,54.50937821423499,54.90994905882533,3394502
2012-09-03,57.97829055786133,59.4603960868829,55.37459942110978,55.494764399899886,3605999
2012-09-10,58.57915115356445,59.588579526804324,57.537673370135025,58.16255879094652,3244828
2012-09-17,59.5645637512207,59.5645637512207,57.92222942531632,58.35484346777648,3533771
2012-09-24,58.37887954711914,59.88501479471919,58.37887954711914,59.18802896731931,2721235
2012-10-01,57.29732894897461,59.27613479618067,56.41607950783487,58.394885355040934,3381502
2012-10-08,55.70307922363281,57.31336409403534,55.70307922363281,56.99290740460772,2664770
2012-10-15,56.07960510253906,57.529661383052655,55.67903430848293,55.711077473515026,3039378
2012-10-22,55.847286224365234,56.3680221007025,54.42927286300106,56.11967191306252,3063055
2012-10-29,58.01035690307617,58.17859291948699,55.28648749977693,55.767172540205785,2247483
2012-11-05,57.000919342041016,58.290747478250665,56.10364189203132,57.81807637624244,2297792
2012-11-12,56.023521423339844,57.40147733601065,56.023521423339844,56.99289266417246,2223263
2012-11-19,59.46841812133789,59.548532290706575,55.895348653928906,56.12767724660537,2348764
2012-11-26,59.48443603515625,60.57397856295472,59.06784367313828,59.26812906316911,2189761
2012-12-03,61.64750289916992,62.01602425201621,59.34824046983842,59.62062608916961,2261335
2012-12-10,61.76768112182617,62.680973816750665,61.10273233318696,61.607452799080875,2302964
2012-12-17,60.54193878173828,62.10415866503484,60.301596300272486,61.78370202308044,3209651
2012-12-24,60.39773941040039,61.39916029242131,60.27756815501005,60.774274761377065,763362
2012-12-31,61.46324920654297,62.00001286597804,60.16540722132851,60.16540722132851,1452430
2013-01-07,60.33366012573242,61.847809375968964,60.053260497035716,61.206895938947916,1844437
2013-01-14,60.63808059692383,61.27898769877715,59.796888073793916,60.42978750653523,1948733
2013-01-21,62.136199951171875,62.92932761752513,60.64608660512837,60.87841516502512,1902549
2013-01-28,60.93450927734375,62.16825887966169,59.292174866797616,62.088144701282246,2774471
2013-02-04,58.57915115356445,61.2068779851071,57.978294982606634,61.0306280908723,2669620
2013-02-11,58.29072952270508,59.95709873961052,58.20260771105465,58.34680817488807,2321781
2013-02-18,60.67012023925781,60.72620515094061,57.601765253103956,58.10648573462937,2954253
2013-02-25,63.762508392333984,64.72387832342741,59.16398303868754,60.758246096360516,4636767
2013-03-04,63.6423454284668,64.98825851006626,63.209731401700104,63.786552186133015,2656171
2013-03-11,68.70552825927734,68.70552825927734,63.11358961559707,63.594274597739556,3604900
2013-03-18,70.72439575195312,71.02882456865456,67.37564129085004,68.16876274494093,4283218
2013-03-25,69.49866485595703,72.09434910002722,67.92042312519983,71.54957771435288,2654606
2013-04-01,66.20597839355469,71.5095096594839,65.87751407859838,69.49865419646717,2686255
2013-04-08,67.43973541259766,68.98592752164579,66.06978696739738,66.53445036395632,2272662
2013-04-15,66.48638153076172,67.96047343926877,64.01086879428023,67.3275740268632,3190449
2013-04-22,67.89637756347656,69.47461906038352,64.94018622101883,66.60654954844202,2877391
2013-04-29,68.54529571533203,68.89779551539327,66.87893245629427,68.09666017400237,2235458
2013-05-06,70.37191009521484,70.74043156448799,67.768211815308,68.36906190116133,1479935
2013-05-13,70.67633819580078,71.88605851668862,70.01940319585894,70.66031660970121,2362021
2013-05-20,69.91525268554688,72.08633041495426,69.75502434830629,70.87661646275865,2433321
2013-05-27,68.91390228271484,72.65385591725834,68.91390228271484,71.3019681883883,2682967
2013-06-03,67.5053482055664,69.4724658989111,65.98345917177805,69.42389228653909,2694361
2013-06-10,66.59058380126953,68.69531787281085,65.70011404585388,67.02772097476718,2298413
2013-06-17,64.05681610107422,68.43628637108692,64.05681610107422,66.80106735659028,3470703
2013-06-24,66.16964721679688,67.15725172502644,62.81016603615322,64.04871736847853,3481561
2013-07-01,66.72010040283203,68.2419890607187,63.71680529506311,66.4043909350135,2956680
2013-07-08,66.55821228027344,67.90200856821875,65.91060409790049,66.71202450950175,2497560
2013-07-15,65.80536651611328,67.3839205583326,65.57060878299073,66.8658314796635,2195624
2013-07-22,65.2791748046875,66.27487688410027,64.76917720819621,65.90249608373165,2085867
2013-07-29,70.19293212890625,70.41150075408784,66.82535323536702,66.82535323536702,3587017
2013-08-05,71.60149383544922,72.11958296144483,70.32246012223366,70.5572178768009,1987229
2013-08-12,71.77147674560547,71.90909355474079,70.75148776771466,71.60148173839346,1315678
2013-08-19,70.4114990234375,71.86052755391151,69.80436046200052,71.86052755391151,1393269
2013-08-26,66.12918090820312,71.36673095565915,65.46537723213049,70.4762672279086,3296664
2013-09-02,65.60297393798828,67.97485022684239,64.67203458499893,66.38010740145374,3258635
2013-09-09,66.70392608642578,66.96297061889737,64.03252895084124,65.16584799146196,4272712
2013-09-16,67.57011413574219,68.08011189141025,66.70393718912297,67.29488045759292,2576909
2013-09-23,65.40870666503906,67.6753448585914,64.6072862223457,67.5701062369397,3017370
2013-09-30,63.0206413269043,65.24680363342495,62.2677944908532,64.73681224423943,4206649
2013-10-07,64.4049072265625,64.75300129577967,61.571612616574264,62.99635447197038,3481555
2013-10-14,64.21062469482422,64.80157420428897,62.68874193963136,64.31586331621496,2526272
2013-10-21,62.462059020996094,65.07679058049798,62.219203641404334,64.74488570377383,3649259
2013-10-28,62.50254821777344,64.65585627657013,62.05731957198502,62.94778317510174,2758899
2013-11-04,61.72542190551758,63.02874242014369,60.87543410735136,62.73731334362796,3357576
2013-11-11,62.235416412353516,63.101593267372834,61.52303917116363,61.81446823259504,2531687
2013-11-18,62.77778625488281,63.49825489360317,61.854944387439716,62.21112985368657,1931593
2013-11-25,62.50254821777344,63.27158410525517,60.81066421608173,63.012545885748374,2856983
2013-12-02,60.83494186401367,62.54301470836532,59.98495429405751,62.203018418075075,3051331
2013-12-09,58.85973358154297,61.02113926881711,58.35783994868813,61.013041563447985,2645297
2013-12-16,60.770179748535156,60.802564255065526,58.284973404084816,58.70592149666783,3999609
2013-12-23,62.27589797973633,62.32446528669505,60.446396875266124,60.97257741412709,1066307
2013-12-30,62.2273063659668,63.06920255852872,61.53112467522417,62.3325449679218,1462690
2014-01-06,66.75250244140625,67.79677200837996,62.04922475815633,62.14636567288364,3935365
2014-01-13,64.25920104980469,66.62298025389144,62.33255913901851,66.62298025389144,3395011
2014-01-20,62.826358795166016,65.52203655307531,62.82635879516601,64.25919834188615,2287489
2014-01-27,60.333045959472656,63.29586556052665,59.84734144952736,62.88301514918832,3352268
2014-02-03,61.644466400146484,61.72541821527888,60.16305954399608,60.422104090111695,2965530
2014-02-10,62.41350173950195,62.648259452800076,61.102090053278424,61.70922228806804,2488142
2014-02-17,62.34874725341797,63.0934963946019,61.830658150185506,62.37303406078145,2044576
2014-02-24,61.247806549072266,64.29157846350707,60.227823751581006,62.30827156667361,3756454
2014-03-03,59.28877639770508,60.42209533377849,58.77877877397148,60.244002628604356,4015484
2014-03-10,57.564517974853516,59.78258238016891,57.07880712382927,59.19973062124776,3203994
2014-03-17,59.82305908203125,60.50305175791553,57.41070651721885,57.556421036776854,3311218
2014-03-24,59.944496154785156,59.98497206589583,58.64927331078442,59.564023852652994,2893626
2014-03-31,59.90401840209961,60.389723008955315,58.97307878671396,60.284490692535265,2612389
2014-04-07,58.40640640258789,60.098290319425026,57.85593916854924,59.54782308538638,2602464
2014-04-14,58.3740234375,59.10258332373156,57.89641034357711,58.09069213836699,2308731
2014-04-21,60.89162063598633,61.053524269089046,58.37403555124394,58.37403555124394,2344805
2014-04-28,61.8873176574707,65.31965292757258,60.964475863568794,60.964475863568794,3061242
2014-05-05,63.40110397338867,63.73300258013013,60.95637339812037,61.919691021627315,2525284
2014-05-12,63.39300537109375,64.50204379874842,62.543017759669006,63.376816272964184,2754971
2014-05-19,62.94586181640625,64.4785287169087,62.347550118321465,63.90480026869877,1909718
2014-05-26,63.158958435058594,63.8884106354447,62.806530350298104,63.1507661483428,1717643
2014-06-02,62.642608642578125,63.55237423412567,62.38033405015648,63.38025313803432,1897177
2014-06-09,63.839229583740234,64.50311791103137,62.4622928199873,62.74095836538114,2150200
2014-06-16,64.75718688964844,65.6669523483476,63.4458141190332,63.56055723951254,3921964
2014-06-23,63.82283401489258,66.30624688476144,63.59334776594698,65.08503394504778,3349171
2014-06-30,63.30648422241211,64.1506794831748,63.02781869423163,63.92938551782692,2249459
2014-07-07,60.454254150390625,63.28189650908252,60.101819696213674,63.273704222850746,2453761
2014-07-14,61.03618240356445,61.454180760192486,59.372374874056554,60.618177656696766,3428005
2014-07-21,60.21656036376953,61.42138873160871,60.069035315239574,61.01978140574185,2276310
2014-07-28,59.33958053588867,61.429578272221555,59.0445240617762,60.41326837900861,2527271
2014-08-04,58.60194396972656,60.37229583094445,58.3232720295163,59.43794061963982,2788264
2014-08-11,59.24943542480469,60.12641917034165,58.470810252048615,58.913398268603,2464595
2014-08-18,60.98699951171875,61.8557844932801,59.732998125770045,59.855939939313195,2280940
2014-08-25,66.15872192382812,66.3882145854828,61.54433017207128,61.54433017207128,3658430
2014-09-01,68.10120391845703,68.20775478158271,66.06037850445965,66.18332033339541,3660603
2014-09-08,68.85523986816406,68.98638037588772,67.0930864236482,68.09300563652064,2834198
2014-09-15,71.52715301513672,71.55173626461541,68.37985805796204,68.4618192635284,4316668
2014-09-22,70.47807312011719,72.04352233128449,70.0354850504552,71.28948671124441,3437329
2014-09-29,69.74040985107422,71.60092170934573,69.10931618215886,70.42888148101784,3197436
2014-10-06,68.31428527832031,70.41248183851133,67.90448565594716,70.10103438111729,3556821
2014-10-13,67.59303283691406,68.10938330847165,62.82291761652468,67.61762247609272,7320824
2014-10-20,68.92900848388672,69.67485174620316,65.92924446879073,67.34716206182742,3502336
2014-10-27,72.20744323730469,72.57626875086312,68.80607156076518,69.37979374717109,3205622
2014-11-03,70.45347595214844,72.98606225924554,70.28136122798456,72.27300732882946,3100216
2014-11-10,70.69115447998047,72.56805726015774,70.49445013024086,70.50264880741311,2222874
2014-11-17,72.37954711914062,72.75657125476475,69.9043325468515,70.15841486306424,2697461
2014-11-24,74.01055908203125,74.05973836108852,71.48617186266756,72.51068053413022,2922128
2014-12-01,75.86286926269531,75.8956575775915,73.28930286016067,73.63353863001905,3034874
2014-12-08,70.98622131347656,76.43661017901185,70.96163167084184,75.84649070697732,2616378
2014-12-15,74.42037963867188,75.55963166340962,67.82253969439657,71.37143627821082,4793823
2014-12-22,74.87114715576172,75.86286745046645,74.33839935625248,74.50232175610148,941197
2014-12-29,74.58430480957031,76.44481053446832,74.37940174972152,75.2317959225963,1110262
2015-01-05,74.95311737060547,77.01852579859316,72.7155878459792,74.33020962016417,3157295
2015-01-12,80.0264892578125,80.29695614168367,75.3137451904049,75.35472579586894,3568841
2015-01-19,81.41981506347656,81.46899434492137,78.94460061276509,80.14123042878288,4133749
2015-01-26,81.19852447509766,82.3705646994355,79.28883972989686,81.14115290450425,3426443
2015-02-02,78.65774536132812,81.94436694216505,77.31358404696344,81.55915691586925,3685336
2015-02-09,78.81346893310547,79.44456898308624,76.93656613764121,78.23974045307942,2799088
2015-02-16,81.3952407836914,82.78037642068064,77.14966758664468,78.96100666915673,3560649
2015-02-23,85.6080093383789,85.6080093383789,82.08369654615593,82.08369654615593,2622036
2015-03-02,86.22271728515625,87.86192865226072,83.72291324057083,85.56702762612315,2514930
2015-03-09,88.1078109741211,88.35369459262981,84.91134310422498,85.853890584936,2080982
2015-03-16,88.80449676513672,89.62410258000398,86.87841447337443,88.14880700105077,2650592
2015-03-23,87.1242904663086,88.84546955529746,84.09174474505345,88.64056652205598,2586902
2015-03-30,89.25525665283203,89.37819845545079,87.00133638529903,87.24721999053654,1968530
2015-04-06,92.6566390991211,92.6566390991211,89.25526796624945,89.25526796624945,1841789
2015-04-13,89.5421371459961,93.59919819964817,89.41919532101514,92.5337087733864,2490997
2015-04-20,93.43527221679688,94.13193614164997,89.66507556466094,89.7060561714311,3132036
2015-04-27,89.13230895996094,94.91054134999781,86.18172506281454,93.35329140021427,2261253
2015-05-04,91.42721557617188,92.00094398749881,85.56702161166875,89.0093729089143,3132398
2015-05-11,89.21427917480469,91.46819952123363,86.22271437708153,91.46819952123363,2380381
2015-05-18,93.80036163330078,93.80036163330078,88.38005203581285,90.03510534784122,2062354
2015-05-25,91.97978973388672,94.62787597903811,91.93841308386892,93.80034943067805,2415200
2015-06-01,89.99372100830078,93.3452169055832,89.49720763788592,92.18667710528689,2454493
2015-06-08,89.29033660888672,91.8970531296015,86.93188003338231,89.74547984177242,2566154
2015-06-15,87.92491912841797,89.4558491056179,85.23544911625532,88.33868573090378,3466733
2015-06-22,93.46934509277344,94.46238478735509,89.57996543031486,89.82821890196371,3282396
2015-06-29,88.66967010498047,92.26942573096076,88.13178010996904,88.79380005428985,3934854
2015-07-06,92.35218811035156,92.64182470745138,85.52507846212347,87.13876162253977,3941663
2015-07-13,98.60002899169922,99.4275556572805,93.51072612658109,93.96586934124907,2866359
2015-07-20,98.18626403808594,100.21371375730082,97.77250392452946,99.05517382574816,2307701
2015-07-27,96.48982238769531,99.26203868661354,95.37265924741563,97.81386878580386,3115285
2015-08-03,95.91056060791016,98.68278368666053,95.70368377761275,96.61396376771094,2483985
2015-08-10,94.00724029541016,97.40010651570617,92.02117383767505,96.44844994020795,2132705
2015-08-17,86.31121826171875,95.62091261071771,86.31121826171875,94.95888623098688,2810677
2015-08-24,88.42141723632812,88.6696706845737,78.62348070356178,83.62175163964237,6056229
2015-08-31,88.9179458618164,89.95235583854891,84.7803059548864,87.80078257078554,3723582
2015-09-07,88.79380798339844,92.6418173996211,87.92490471263734,89.86959452148275,2607965
2015-09-14,87.92491912841797,90.15924587784623,87.42840565743255,88.79382254164062,3946414
2015-09-21,90.15923309326172,90.98675972889247,85.89746349996727,88.13178993256791,3451059
2015-09-28,88.71105194091797,91.35914477700408,86.22847216558307,89.78684489782493,3775121
2015-10-05,88.87657165527344,92.35219159564734,88.29730489120973,90.20061826855834,2473916
2015-10-12,91.11090087890625,91.15227753836797,86.8905074218006,88.95932749089171,2715246
2015-10-19,96.36569213867188,96.44844544155067,90.82125310577341,90.9040064086522,2651729
2015-10-26,98.972412109375,100.04819863647721,95.70367587502611,96.07605930040998,3122140
2015-11-02,100.79296875,101.16535861559731,98.0621290916083,98.22762924654423,2473990
2015-11-09,98.972412109375,102.3239016498084,98.2276323546144,100.79297193924138,2288709
2015-11-16,100.91709899902344,101.78600223595082,97.81386946599923,98.10349957697754,2264970
2015-11-23,102.07564544677734,103.02730204939,97.73112252719969,101.08261218961644,2032577
2015-11-30,96.20018768310547,103.56519309195811,94.66925799762578,101.78600349229312,3441181
2015-12-07,94.21412658691406,100.13095594870086,93.84173669463482,97.52423960673951,2956676
2015-12-14,95.2071533203125,98.22762955017193,92.5176838533443,94.21412012764632,3630106
2015-12-21,94.75201416015625,96.48982715987096,92.43493446186764,95.28991065711448,1323127
2015-12-28,96.20018768310547,96.86221412093293,94.37962788307257,95.0002712165395,857142
2016-01-04,91.81430053710938,93.80036721042853,90.11786401681793,93.75899055256784,3200280
2016-01-11,89.16619873046875,93.8003581555253,88.29729545126979,91.60740840459638,3359326
2016-01-18,92.06255340576172,92.97283335671024,87.88353063913972,88.62831042336761,3061048
2016-01-25,94.62788391113281,94.62788391113281,91.02813441382634,92.72457075476242,2333355
2016-02-01,89.16619873046875,96.07606121418713,88.95931546113648,95.16578128112171,2749278
2016-02-08,86.14572143554688,89.62134096727519,84.49066175053491,89.33170439329871,3319469
2016-02-15,90.4902572631836,92.68320730639964,87.59390401048482,87.84216396677284,2760240
2016-02-22,90.20059204101562,91.89702808563999,86.55946652620815,90.77986508864187,2924136
2016-02-29,90.6143798828125,92.3521865317119,89.04207340600126,89.57996993427773,2763041
2016-03-07,92.6004409790039,96.40707375133385,90.11785466887552,90.2006079760129,3014044
2016-03-14,90.07646942138672,94.21411502750608,89.08343628247692,93.3452118374595,3062024
2016-03-21,87.34564208984375,90.77988513158968,87.30426543444935,89.6213452325429,1940751
2016-03-28,88.33867645263672,90.49024965558674,87.09738322755067,87.34564316296725,2173501
2016-04-04,88.9179458618164,90.03510915284727,87.46977576558915,88.29730245657574,2340088
2016-04-11,89.7041015625,91.9384281250054,86.72499517782813,88.87656842675948,2616035
2016-04-18,95.57954406738281,96.28294070350098,88.66967540294576,88.83518201191386,3275705
2016-04-25,93.5521011352539,96.4898307469369,92.93145775999506,95.70368075107656,2510869
2016-05-02,92.89007568359375,94.91751876364289,91.64878255352365,93.92448554998609,2043924
2016-05-09,93.51072692871094,96.07606671121479,91.77292027088376,93.55210358494477,1993975
2016-05-16,95.75334167480469,95.87872867119783,92.66048198244388,94.24871075275587,2013655
2016-05-23,98.84619903564453,99.26414913553842,94.54126543020067,95.83692442627272,2232344
2016-05-30,98.34465026855469,99.59851359236742,97.42515223571435,98.72081122089864,1881393
2016-06-06,97.04898071289062,100.35081804960889,96.79820677197537,98.42823087059143,2012424
2016-06-13,92.24252319335938,96.58925274907062,91.32302509175412,95.96231778161187,2793376
2016-06-20,96.1294937133789,100.39262512446828,89.02427035000743,94.24870197727095,3796778
2016-06-27,99.93287658691406,100.30903101328035,93.91433407438387,94.79203642568335,3703388
2016-07-04,99.1387710571289,100.64340849699343,97.09079648338805,100.30904317317145,1969620
2016-07-11,101.77186584472656,102.06443544815475,99.68209599776294,99.89107428592594,1876343
2016-07-18,102.10624694824219,102.5242035894169,100.14186376938942,101.68829030706748,1345360
2016-07-25,95.75334167480469,104.1124291463396,93.95614109450521,102.39881989696887,2734352
2016-08-01,95.2935791015625,96.96539239125079,92.57687435915248,96.54744232749533,2725562
2016-08-08,96.3384780883789,97.21618051934901,94.95922768694919,95.5861561326895,1408295
2016-08-15,93.74714660644531,97.34155366475159,92.9530356168505,96.42205570037865,1551225
2016-08-22,94.4158706665039,94.79203159101851,92.49328342031802,93.91432928448437,1493389
2016-08-29,97.341552734375,97.341552734375,93.45457610540429,94.24869360474231,1994499
2016-09-05,96.84001922607422,98.34465661521789,95.8369298057565,97.55054551524431,1935316
2016-09-12,94.8338394165039,97.80131850040313,94.49947410736955,95.6697461720057,2762496
2016-09-19,98.9715805053711,99.59850887894166,95.37717334952175,95.6697364479435,2038695
2016-09-26,95.96231842041016,98.59543226659642,94.29050486405978,98.51184093704548,2012457
2016-10-03,93.20381927490234,97.84311175560757,92.66047566093357,96.38027008148714,2303642
2016-10-10,92.95304107666016,94.66665013128065,91.28122116542033,93.62176513075589,2133434
2016-10-17,87.68681335449219,93.49637757124069,87.22706108947361,92.57687955853714,3468038
2016-10-24,86.140380859375,88.35554435713632,84.38497614623118,88.35554435713632,3654140
2016-10-31,84.42676544189453,86.14037436518589,83.63265446651559,85.68062864989625,2747143
2016-11-07,84.00881958007812,87.10168559565818,82.82183057618913,85.30447861082102,3744020
2016-11-14,85.22088623046875,86.18217994658542,84.09240986505633,84.67754913759146,2185674
2016-11-21,82.7633285522461,85.63885488242416,78.08223978380134,85.51346787784065,4904321
2016-11-28,81.89396667480469,84.2177936813252,81.08313867704771,82.58776942939406,3626142
2016-12-05,86.68372344970703,87.01808873115374,81.48437069601181,81.48437069601181,3595248
2016-12-12,87.9793701171875,88.2301440432677,85.17907431062389,86.72550700411915,4307981
2016-12-19,88.14656829833984,88.68990538344963,87.22706374035837,87.97938565143413,1943463
2016-12-26,89.73477172851562,89.73477172851562,87.89577603005785,88.14654994821095,1033439
2017-01-02,88.43913269042969,90.23633965328969,87.64502162349186,89.81838302998878,2001669
2017-01-09,85.34626770019531,88.77349223720215,84.80293064244226,88.77349223720215,2704553
2017-01-16,92.15892028808594,101.27032838264324,91.15583098348637,98.63721488473601,7658906
2017-01-23,91.32302856445312,91.69918955923248,87.72862083300947,91.32302856445312,3683192
2017-01-30,90.73787689208984,92.15892282833083,88.48092426519742,91.44840311887714,3771489
2017-02-06,90.73787689208984,91.69917708127265,88.9406765295892,90.6960877490242,2268230
2017-02-13,90.06916809082031,92.82766910948965,89.3586482610829,90.73789225308288,2938347
2017-02-20,90.9050521850586,91.61557835440802,89.35862590996423,91.61557835440802,2536681
2017-02-27,91.03044891357422,92.49329054876094,89.19145284221602,91.49020119008067,2640295
2017-03-06,93.49638366699219,94.8756340346383,89.9019761854097,90.61250245949037,2782691
2017-03-13,93.99793243408203,94.37409340595009,91.82457096462362,93.49638447159127,2793572
2017-03-20,94.91742706298828,95.12640537309329,92.40970037639583,93.57997239565005,2163124
2017-03-27,95.2099838256836,95.2099838256836,93.8307336827854,94.29048590286244,2356016
2017-04-03,93.99793243408203,95.29359148651571,92.66047771810744,95.25179582297481,2090090
2017-04-10,96.00410461425781,96.96539829192656,93.37099102783156,93.66356065239752,1881145
2017-04-17,94.24868774414062,96.2548661620004,94.16509643361873,96.00409223043472,2416495
2017-04-24,99.43133544921875,99.84929208185969,96.50565857273433,97.38336098394626,4051763
2017-05-01,100.51802062988281,100.72699895546141,98.09388508783985,99.43133985420849,2571338
2017-05-08,100.43441772460938,101.9390549780318,99.3895327344735,100.47621338490815,3035594
2017-05-15,100.53836059570312,102.78195265653514,99.35306630313183,102.2316409855167,2690152
2017-05-22,101.59664916992188,101.59664916992188,100.03037204715397,100.3266972437292,1826236
2017-05-29,100.91934204101562,101.59665018179709,99.48005481573733,101.55431801043615,2105894
2017-06-05,100.11503601074219,101.17333367923288,99.09907051303088,101.17333367923288,1987484
2017-06-12,102.23162841796875,102.78194002133623,98.71807814695315,100.1996974807772,3612490
2017-06-19,100.11503601074219,103.41692552855233,99.43772127827238,103.07826816231741,2357380
2017-06-26,94.31556701660156,100.96167860335713,93.89224528458129,100.41136035173078,3249593
2017-07-03,95.16219329833984,96.09349440423709,94.10389568695756,94.78120378188471,2197469
2017-07-10,97.10946655273438,97.32112740982507,94.3155630421178,95.3315285551596,1732714
2017-07-17,96.60148620605469,98.46408852929275,95.41619201826863,96.98246914431179,2390337
2017-07-24,94.48487854003906,99.26838717284525,93.25725225548722,96.94013110914275,4234898
2017-07-31,90.59033966064453,94.40021477643218,88.43140580767002,94.35788261066813,3917203
2017-08-07,88.8970718383789,91.05599938682371,88.64307880891634,90.88667070051532,2230674
2017-08-14,88.55841064453125,91.26765630657631,88.17742771777006,88.8124036630342,1997951
2017-08-21,88.93940734863281,90.463358981622,87.88110962047175,88.26209917896749,1841205
2017-08-28,90.16703796386719,91.14067139098754,87.28846325664746,88.55842190971569,2139230
2017-09-04,92.79161071777344,93.0456037442176,88.64307775549905,89.82837194457838,2236603
2017-09-11,89.828369140625,93.8499054641468,89.44738621384442,93.13025857835179,4265182
2017-09-18,87.92343139648438,90.37868394779662,87.28844887407965,90.0400266025141,2379613
2017-09-25,88.68540954589844,88.89707040036004,86.6534785450539,88.05043358350706,3201461
2017-10-02,88.8970718383789,90.63268427204629,88.68541098049343,88.93940400995601,2454716
2017-10-09,86.2724838256836,89.0663937347937,85.29885055462796,88.60073988294434,3562261
2017-10-16,85.55284881591797,86.65347865957953,85.17185927738355,86.27248912104511,3627204
2017-10-23,90.8443374633789,91.0559983187817,85.3411882278734,85.42585257003452,5399813
2017-10-30,91.43698120117188,92.96093264812286,90.67500877819286,91.14065602518276,3306804
2017-11-06,89.2357177734375,92.19894960104897,88.85472827807598,91.22531638056223,2757027
2017-11-13,90.25169372558594,90.75967317787632,88.9817351933698,89.27806039111871,3037840
2017-11-20,91.60630798339844,92.5376090591592,89.74369923088406,90.42101390488669,2442498
2017-11-27,91.18299865722656,92.15663203193071,89.70137920824524,91.39465952150871,4034415
2017-12-04,96.81314086914062,97.3634590948271,91.22532727483,91.43698813086326,3841166
2017-12-11,95.20453643798828,97.3211319046645,94.14623870465017,97.3211319046645,3738341
2017-12-18,97.57512664794922,97.91378404084625,95.45853114433062,95.67018541389733,3183624
2017-12-25,97.32112884521484,98.76041609366608,97.15180015704486,97.57512187746983,1430381
2018-01-01,96.81314086914062,97.3634590948271,95.07753505165486,97.32112692362045,2160859
2018-01-08,94.99286651611328,97.53278347440967,93.76524020630313,96.94013310367701,2869964
2018-01-15,94.86587524414062,95.5855221626077,92.87627637742462,95.2045326175369,2647334
2018-01-22,96.51683044433594,97.61746038791222,94.52722483014516,94.78121787889216,2700571
2018-01-29,94.01923370361328,97.49045180412256,93.76524068628483,96.34748982713771,2996491
2018-02-05,89.95537567138672,93.46892634930484,89.19340313194455,93.38426200036749,4908909
2018-02-12,93.9769058227539,94.3578953661333,90.04003367748082,90.5056875638334,2960260
2018-02-19,93.0032730102539,94.44255364702407,91.26766057039308,94.06157070246424,2376713
2018-02-26,95.24687194824219,97.91378576220372,90.5480269431643,93.13026980641908,4863749
2018-03-05,95.5431900024414,96.60148769343868,93.51125236281257,95.41619348740251,2980861
2018-03-12,94.40023040771484,96.00883977112585,93.63825129778925,95.88184325280491,3698994
2018-03-19,91.18299865722656,94.65421702847262,90.12470093680955,94.31556624661492,2878548
2018-03-26,92.79161071777344,92.91860723099552,89.3203924926835,91.35232350224993,2737798
2018-04-02,95.16219329833984,95.28918980382488,92.07195820018994,92.79160506460518,2471574
2018-04-09,96.00883483886719,96.09349918006501,93.89223951090823,95.2045301984812,2357133
2018-04-16,96.8978042602539,96.8978042602539,95.33152714297178,95.839506591471,2008469
2018-04-23,96.40677642822266,97.95203375413409,95.24783510710893,97.82326175253485,2862626
2018-04-30,97.69449615478516,98.16665349831945,95.4195373639678,95.80584670080862,2221548
2018-05-07,98.5100326538086,99.11096862214481,97.82325538327468,97.82325538327468,1573738
2018-05-14,101.81517028808594,102.07271429952836,98.33834621345198,98.51004222108025,2545618
2018-05-21,102.88827514648438,102.88827514648438,100.1411522825445,101.81517504863295,2387618
2018-05-28,100.7420883178711,103.2316673232525,99.9265388827566,103.01704728946439,3012701
2018-06-04,100.6562271118164,102.97410978637332,100.18406979264634,101.12839112426593,2138049
2018-06-11,104.13306427001953,104.86276564119957,100.78500536082204,100.78500536082204,3105767
2018-06-18,103.27458190917969,104.00428995749442,101.21424315932106,103.8755179489683,2581097
2018-06-25,103.7896728515625,104.43352621895477,101.55763802779211,103.01704077875588,3054921
2018-07-02,103.96136474609375,104.0042887484368,101.51470999909928,103.36042871329107,2969634
2018-07-09,106.06462860107422,106.79432995537806,103.78966983928493,103.96136585048106,2958827
2018-07-16,106.45094299316406,106.70848700600718,104.47644558797974,106.40801899102354,2743336
2018-07-23,108.25374603271484,109.54145950281274,104.6052256496508,106.27925516876212,3343838
2018-07-30,108.33959197998047,108.89760404014874,107.30942256218059,108.16789596146715,2525563
2018-08-06,105.93585968017578,108.72590655686932,105.76416366397557,108.25374251231875,2276699
2018-08-13,105.46369171142578,107.60988514079072,104.73399036300627,105.9358557384076,2171084
2018-08-20,106.75140380859375,108.25373718310745,104.90568511186402,105.59246244957566,1717725
2018-08-27,106.53679656982422,107.95327532799071,105.93586050842514,106.96602992040074,1562541
2018-09-03,102.58780670166016,107.13772432491723,102.02979465304794,106.32217494714847,2723583
2018-09-10,103.66089630126953,104.77691366429673,102.15856291875151,102.45903093391104,2514496
2018-09-17,105.59245300292969,105.67830099912334,103.31749449035567,103.57503847893665,3260668
2018-09-24,109.41268157958984,110.78624298642487,105.0773840367216,105.59246538098488,3563569
2018-10-01,105.6783218383789,111.21549191165725,105.59247382525643,109.6273103621718,3313464
2018-10-08,98.76759338378906,105.89293805659574,98.20958131859429,105.37784999641595,4305014
2018-10-15,100.61331939697266,101.47179955857041,97.26526684658302,98.72467642801867,3632386
2018-10-22,103.40336608886719,105.76417313650047,98.29543592255064,101.34302709649499,5613666
2018-10-29,103.48920440673828,105.76416322539751,101.81517494900795,103.91844444545885,3887393
2018-11-05,103.1887435913086,104.26183706982668,101.98687809217468,103.83260369438766,2840333
2018-11-12,100.99961853027344,103.87551320272657,99.54020919360649,103.61796919744192,3595876
2018-11-19,94.04596710205078,101.38593082409987,93.14456980985506,101.1283868282499,4314332
2018-11-26,96.27801513671875,96.83602720572277,91.98563468575894,94.3893655964468,8657837
2018-12-03,94.34645080566406,98.33835663286452,94.08890676693363,97.0077191260376,10011195
2018-12-10,94.47521209716797,95.89169076278057,93.65965606712975,94.38935740072652,5335631
2018-12-17,94.73274993896484,94.73274993896484,93.31626457221385,94.38935792441198,6004965
2018-12-24,94.2176742553711,94.60398360160883,92.75826479936197,94.34644626854366,1751722
2018-12-31,95.11907196044922,95.4195399921523,93.5308904861558,94.73275591968812,3044929
2019-01-07,96.36386108398438,96.66432911470675,94.68983160609687,95.41953968070834,4867044
2019-01-14,96.19216918945312,96.62140925174046,95.97754915830944,96.36386521436806,4533301
2019-01-21,95.41954040527344,96.87894987229836,95.41954040527344,95.7200084382774,3511362
2019-01-28,95.80584716796875,95.80584716796875,94.13182441584296,94.99029779368387,4013837
2019-02-04,91.3417739868164,95.89169141208869,91.21300198120159,95.591230092267,4229452
2019-02-11,90.82669067382812,94.26059761504983,89.71067326057904,91.25593071480083,3913192
2019-02-18,92.41487121582031,93.14457927823857,90.61207644817019,90.65500045184186,2705989
2019-02-25,91.59932708740234,93.65966599512686,90.86961898317642,92.6294965412646,2895337
2019-03-04,87.39279174804688,93.96013100788639,86.1909263084203,91.47055211913991,4918546
2019-03-11,91.3417739868164,91.7710140055325,85.52131146076815,86.70600855780091,8026402
2019-03-18,84.09624481201172,91.77101346441256,83.2034282556585,91.59931745793851,5287238
2019-03-25,83.59832763671875,85.22943305532331,81.98439717391571,83.30644709400924,4741526
2019-04-01,82.4994888305664,84.54265957826259,82.13892849941054,84.04474643648003,3863678
2019-04-08,86.70600891113281,86.92062892136545,82.36212399983084,82.43079704848162,4752591
2019-04-15,92.8441162109375,92.8441162109375,86.31970077080342,86.79186483640794,5324414
2019-04-22,92.58655548095703,94.60397001094867,90.09697697049633,92.84409947030379,3526385
2019-04-29,91.4276351928711,93.87429026629496,90.78377507182242,92.32903266905869,2889665
2019-05-06,94.6039810180664,95.67708109853248,85.84753790770147,90.13991145644665,4652550
2019-05-13,94.38936614990234,99.41144802726524,92.07148323623949,97.09356511360238,4927363
2019-05-20,92.86947631835938,96.50197658799836,92.03794224984148,96.2393847270556,3653865
2019-05-27,90.28732299804688,93.8760574141754,89.10566662718098,93.6134724174569,4082227
2019-06-03,93.6572494506836,94.09489571633651,89.23697371387107,89.76215742201536,4043889
2019-06-10,93.13206481933594,94.31372132647971,90.98757834793933,94.18242540074515,2242299
2019-06-17,97.33350372314453,99.12786753702301,92.60687136767466,93.00075910341378,5026546
2019-06-24,100.4408187866211,100.70341060771497,95.32030557315652,97.33350271040972,3882978
2019-07-01,99.95941925048828,101.66625264319424,97.98998718075495,101.31613017311413,2331862
2019-07-08,103.2855453491211,103.50437185712919,99.12786217036611,99.78434169439035,2578916
2019-07-15,104.24837493896484,104.55473204952692,99.17162726180085,103.28554513023592,3276451
2019-07-22,104.24837493896484,105.12367414467603,103.28554513023592,103.28554513023592,2908062
2019-07-29,107.79335021972656,113.43904714814246,103.41684710962214,104.1608504545106,4582656
2019-08-05,113.22022247314453,113.43904899710977,104.94862763852542,106.69922618131395,4273111
2019-08-12,111.38208770751953,115.36471683806225,110.0691353739172,112.91386656746671,4084225
2019-08-19,114.62068939208984,115.8023457023396,111.16325788837828,111.95102648705607,3224750
2019-08-26,117.50920104980469,118.51579628701586,114.62070443479261,114.88329627696953,3301441
2019-09-02,118.34073638916016,119.65369561480367,115.97742343193605,117.7717942158484,3347206
2019-09-09,114.09552001953125,118.34072722240688,111.81973785363367,118.34072722240688,4236926
2019-09-16,115.62730407714844,117.24659983438428,113.30774981448872,114.13928375710522,4255750
2019-09-23,114.22681427001953,117.3779024726986,110.4630186428824,116.85271883076325,3240116
2019-09-30,112.78257751464844,116.1087272685578,110.24420330351785,114.00799931228158,3543412
2019-10-07,117.55297088623047,117.55297088623047,112.1698655245699,112.65127706802829,2998733
2019-10-14,117.99063110351562,120.17888289603953,116.80897458959534,117.02779430927389,2557641
2019-10-21,117.77178955078125,118.25320108998088,114.6644733132437,118.25320108998088,2299119
2019-10-28,119.08474731445312,120.96663496764903,116.721434478824,117.15907388258728,3239761
2019-11-04,118.20945739746094,119.91629771225789,117.50921241724981,119.872525576527,2676364
2019-11-11,121.79816436767578,122.58593983293537,117.7717837319927,117.9030864673358,2741032
2019-11-18,121.27300262451172,123.59254340108693,120.00381555748233,122.27959785192118,2045925
2019-11-25,123.41748809814453,123.8551411851831,121.57935878151717,121.66688939892488,2487442
2019-12-02,121.44806671142578,124.55538308004832,117.77179451909232,123.50501569682898,2777612
2019-12-09,123.0673599243164,123.37372389551065,118.60332594130115,120.92288037062639,2522947
2019-12-16,120.35394287109375,124.9055076437974,120.35394287109375,123.41748715918713,3907229
2019-12-23,121.79816436767578,122.27958953202314,120.35392982143266,120.35392982143266,985914
2019-12-30,119.2597885131836,121.3167370421202,116.67764276025194,119.91626115754781,1739635
2020-01-06,123.41748809814453,124.29279427222166,117.50920554546045,118.51580082118184,2378655
2020-01-13,126.6561050415039,126.91869688905848,120.13510828290121,123.15489405637729,2591811
2020-01-20,121.66688537597656,126.349752779047,121.4042935324361,126.30598064732318,2858334
2020-01-27,117.50920104980469,121.7981738408263,117.50920104980469,119.65369426978252,3634767
2020-02-03,119.91629791259766,121.49183547176952,117.46545412669954,117.46545412669954,3109439
2020-02-10,121.97322082519531,122.5859350520568,119.08473819642757,119.65368029690414,2832166
2020-02-17,124.33654022216797,125.34314904534833,121.71064926252022,122.54218321959978,2711880
2020-02-24,107.74958801269531,121.44806033871332,104.24838405908329,121.40428820890891,6779373
2020-03-02,105.1236801147461,113.96422375033677,104.72979920326358,107.74958470547334,6931190
2020-03-09,87.6176528930664,102.67282737598556,85.49942056228817,99.17162384915632,13645776
2020-03-16,96.54573822021484,99.52176554859173,75.94114290444543,81.82317170272194,8839810
2020-03-23,89.76215362548828,98.4714019792487,83.31118283719238,89.63085770400542,6827026
2020-03-30,85.56945037841797,89.89343901618818,80.56272848849096,89.49955129788252,5218120
2020-04-06,93.3946533203125,96.89585740756145,86.84739614933868,87.74895601413245,3612642
2020-04-13,97.2459716796875,97.63985258514573,91.42521363533307,93.39464546049,3422233
2020-04-20,91.90663146972656,99.34669204751903,90.85627102013308,97.63985205163812,3216373
2020-04-27,98.60269927978516,100.8347163272766,92.43182500612033,93.70101210707175,3148550
2020-05-04,96.89585876464844,98.51516832216149,91.95040630133423,95.4953757452408,2795224
2020-05-11,94.22618865966797,100.39706291262398,91.77534508153605,97.24598123694027,2913458
2020-05-18,96.63326263427734,100.04694282842783,94.83889875030778,97.15844630244413,2747642
2020-05-25,101.31612396240234,105.82393001495191,97.0271512647056,97.85868525570527,4607676
2020-06-01,109.67524719238281,109.67524719238281,102.41024794535011,103.19801656358831,3807005
2020-06-08,99.69683074951172,109.10631785350219,98.07752109542095,107.74960006079925,4383136
2020-06-15,103.02295684814453,103.85449078081419,95.58289628372566,97.59609339758863,4430551
2020-06-22,100.834716796875,103.59191755048367,96.63326770449669,102.06013859576028,3085085
2020-06-29,103.54814910888672,103.85449943098675,99.08410830373995,100.61588721210796,3412049
2020-07-06,102.36649322509766,106.21781293413964,101.62248300785369,105.6926360758462,2213913
2020-07-13,103.32931518554688,107.09311081506941,102.41025063604404,103.76696139630388,2758739
2020-07-20,100.48458862304688,104.33591503275949,99.65305464320518,102.80413616507907,2177055
2020-07-27,98.20880126953125,104.77356262864156,98.20880126953125,100.6596446003369,2762545
2020-08-03,95.67042541503906,98.60268702238699,93.9635854485361,98.51515641772191,3023722
2020-08-10,96.23937225341797,99.30292991841243,95.23277707473692,96.28313755790265,2215561
2020-08-17,95.40784454345703,98.12127995034864,94.26995337677137,95.84549761697731,2086491
2020-08-24,99.30292510986328,100.0031699477102,96.50195940740818,96.50195940740818,2638202
2020-08-31,97.2459716796875,101.35988289436835,95.40783576450546,99.91564153357743,2705460
2020-09-07,97.63985443115234,98.51516051420042,95.67042939322735,97.3772694307045,2016759
2020-09-14,98.0775146484375,99.6968241960853,96.19562008113003,98.0775146484375,3871626
2020-09-21,94.83889770507812,97.94621390075177,92.73816988003014,97.28974114724517,3437736
2020-09-28,103.72320556640625,103.72320556640625,95.32030802229875,95.84549167798046,4077650
2020-10-05,106.34910583496094,106.83052419715443,102.14766379004867,104.55474195208248,3024487
2020-10-12,101.88507843017578,106.78676567701766,100.39706476785581,106.34911259266848,2850654
2020-10-19,101.2723617553711,103.85449424553772,96.37066812844132,101.9288344979129,2709997
2020-10-26,92.95700073242188,100.8347150879459,90.19980002554176,99.91565046047488,3616740
2020-11-02,98.29634094238281,99.25917087733525,91.20640211527802,93.39465382866094,4386693
2020-11-09,102.89166259765625,107.79334931560398,98.47139422054737,99.39045877404594,5424165
2020-11-16,100.96601104736328,105.64887162540484,99.17164027451912,102.97920153199786,4368350
2020-11-23,105.86769104003906,106.48039847587664,101.35988516977243,101.9725994300766,3998837
2020-11-30,110.98820495605469,111.77597361345103,105.12368144449677,105.47380388088031,3962052
2020-12-07,112.213623046875,114.3143439486227,110.2441912300784,110.81314017088772,3002403
2020-12-14,113.61410522460938,115.45224112069157,112.7825644700755,112.91386037868612,3753887
2020-12-21,113.647705078125,113.82438340201344,110.99755088231868,112.76432034618956,1669065
2020-12-28,112.67597198486328,114.75193523355458,112.67597198486328,114.39857861462734,1025647
2021-01-04,115.63533020019531,116.12118870701968,112.10178435848896,113.55936676646887,2610775
2021-01-11,109.5841293334961,115.45864906633544,108.74490730915714,115.01695326405179,3041704
2021-01-18,108.21488189697266,110.77670383824817,106.84563176370423,109.0540970544571,2329087
2021-01-25,103.35625457763672,108.39155925250873,102.8262196065947,108.21488092882805,3789490
2021-02-01,113.73604583740234,113.73604583740234,103.9304538239361,104.37214963986048,3388076
2021-02-08,120.9356460571289,121.15648706454164,113.38268937593134,113.51519811288284,3135602
2021-02-15,120.53811645507812,123.85082808744755,120.18477358797135,121.99570571631695,2945223
2021-02-22,119.2572021484375,122.34905890469646,117.35793091317562,119.83141356318019,2890277
2021-03-01,117.84378051757812,121.6423502519777,117.04872815514317,120.44976482081931,2837393
2021-03-08,123.45327758789062,126.14761471702472,118.28547186235589,118.8155067508752,2869645
2021-03-15,116.20951843261719,125.1758944964139,116.12117927718526,123.93916009537946,3850637
2021-03-22,120.05225372314453,121.77486040518436,113.91271672049902,115.98868003218935,3786765
2021-03-29,122.29605102539062,123.49746631367968,119.87557465746104,120.31727044175756,2108950
2021-04-05,121.1123275756836,123.37379905944672,119.8755793314323,122.29605579373671,1812716
2021-04-12,122.8614273071289,123.83315809927792,120.59996953133403,121.14766407644616,2186261
2021-04-19,124.46918487548828,126.41264635155285,121.81902391041318,122.7730813068397,2189054
2021-04-26,122.2607192993164,125.2112306369189,121.97804225964218,124.41619199251377,2060234
2021-05-03,124.29251861572266,125.12290402649415,121.02399700259689,122.26073155958694,2013194
2021-05-10,123.56815338134766,124.84023470390123,119.52223858636243,124.68121592919758,2225542
2021-05-17,125.88260650634766,126.27129603143686,120.26426107095374,123.67414141720273,2355471
2021-05-24,126.93614959716797,127.82643469518635,124.56800234244372,126.98956947955024,3804179
2021-05-31,127.96887969970703,128.6810938767618,125.36925561181553,126.68687196899974,2029332
2021-06-07,132.1353759765625,133.39957240921274,127.89764415672687,128.04009254023103,2255303
2021-06-14,133.07908630371094,135.37600237440645,131.08485050118287,132.11758397039551,2451977
2021-06-21,138.45639038085938,139.45350143258997,131.03145655532998,132.11759612324227,2616499
2021-06-28,135.71432495117188,140.57524282846694,135.19795125279984,138.1358782621308,2508465
2021-07-05,137.40585327148438,138.15368999732075,134.20084071540074,135.51845714270743,2476807
2021-07-12,135.53627014160156,140.75330215161966,134.57476775065894,137.08534961450562,2126494
2021-07-19,138.1002655029297,138.72346506740504,130.6397097490811,134.45011050779394,2317667
2021-07-26,141.69699096679688,144.1007466692916,135.55405201458547,137.10314519286197,2021604
2021-08-02,147.69747924804688,149.38900689913658,142.53385391050503,142.53385391050503,2290744
2021-08-09,146.82501220703125,148.40970017556236,144.6527194409179,147.87554302299844,1476611
2021-08-16,142.96119689941406,146.32645510694346,140.14790711864663,146.11278946166445,1929996
2021-08-23,144.26100158691406,145.8813121176461,141.80382584992415,144.31442146869767,1441076
2021-08-30,148.19602966308594,150.86687086806825,144.08293504036348,144.42125168094802,2528002
2021-09-06,151.6681365966797,154.19652957390366,148.51654406122984,148.51654406122984,1923227
2021-09-13,151.61473083496094,154.81974355038327,150.1724771953969,152.13109067829123,2511134
2021-09-20,150.8668670654297,155.15801858582503,148.24944580467087,148.48092268291958,2418545
2021-09-27,148.73020935058594,152.0776562668622,144.22539182893146,151.38323945663748,3377216
2021-10-04,145.70326232910156,149.99441445435775,144.67054268173965,147.12771854064226,2925298
2021-10-11,146.7537841796875,147.30576648061333,139.9876592397528,145.84570173034865,2577893
2021-10-18,152.62962341308594,153.11037453261585,145.91690511001758,146.3976562295475,2237550
2021-10-25,159.27113342285156,159.4491904469105,151.00933470703677,152.75428243680963,3020630
2021-11-01,167.24803161621094,169.88325030624853,160.01895329525226,160.2504301786525,2953042
2021-11-08,163.0102996826172,167.85341967964467,160.87361562149758,166.76728027807835,2373872
2021-11-15,172.14456176757812,173.6046124695695,161.58583470315787,163.29517352799243,3521965
2021-11-22,159.25332641601562,173.51561668159428,158.11376698463948,172.6431427934319,2854538
2021-11-29,157.57960510253906,163.5800962537531,155.8168461226631,160.39288108569258,4451148
2021-12-06,164.82647705078125,167.17681303832296,157.472761050399,158.91501457218675,2451728
2021-12-13,160.57093811035156,166.4111834934386,158.9506275257838,165.07575581700613,2970940
2021-12-20,164.61280822753906,166.48239300506512,155.51414472573867,156.56467556265898,1575347
2021-12-27,166.696044921875,167.94244392593998,162.44051592600638,163.9361752953783,984056
2022-01-03,157.7220458984375,171.28991944235955,156.6537175972468,167.58635819405396,2253456
2022-01-10,151.8996124267578,160.17920811209154,151.27641287291382,159.46699393306108,3006398
2022-01-17,154.55262756347656,157.91788539304994,151.75714935148983,152.52278333754157,2576319
2022-01-24,147.78651428222656,154.48140793409829,143.76244803644434,153.5199056255044,3387717
2022-01-31,153.0569610595703,159.03964036594493,147.0742817531957,148.74801205639432,3562400
2022-02-07,150.26148986816406,160.072381386989,149.58487043677715,153.78699376563836,2692210
2022-02-14,148.6589813232422,151.9708193727561,142.99679360656899,146.89622254349885,2997810
2022-02-21,142.2667694091797,150.33269897277546,135.96358475752604,149.7807305874206,3452691
2022-02-28,127.04298400878906,140.11229373147287,127.00737538286991,139.23981992518017,4529126
2022-03-07,135.44723510742188,144.42126161835108,118.94143560254284,120.90004891896442,5814135
2022-03-14,147.1455078125,148.28506716599014,135.62529102495785,137.13876178388742,5017993
2022-03-21,145.89910888671875,152.4159589896377,145.75666051027406,148.69458712661122,3080671
2022-03-28,147.51942443847656,153.76918926103565,145.1690747333438,146.82500766735942,2850355
2022-04-04,146.67367553710938,153.52882932579936,143.91380554270043,147.60846797352107,2852506
2022-04-11,148.89935302734375,149.74511682986534,140.75328004357357,146.05045493082082,2032014
2022-04-18,148.85484313964844,155.93257466872797,144.31441709330704,148.89936433395354,2308206
2022-04-25,145.82789611816406,148.09811621185585,140.93135576858927,144.89310369208687,2644071
2022-05-02,138.03793334960938,146.4510780532699,136.7470270343518,143.6467011128845,2480581
2022-05-09,133.18589782714844,139.06175095625196,124.77275331752554,136.83605237886525,3551075
2022-05-16,130.5150604248047,135.5896572109261,125.79657764227134,131.85048793826002,2894079
2022-05-23,135.94578552246094,136.52447778044967,128.28937528701266,131.67244479465452,2396798
2022-05-30,137.99676513671875,139.8983058713626,134.1484300675667,137.18183322727361,2830932
2022-06-06,128.5796661376953,139.49082431791098,127.7194523981309,138.54006102051412,2292121
2022-06-13,126.08956146240234,127.26670572454266,120.1586006716074,126.31594241881174,3582822
2022-06-20,132.69964599609375,133.6504092659532,123.32781645078302,126.67813587385905,2652864
2022-06-27,130.25482177734375,134.73700356873172,126.04428865085997,132.7449133594344,2508554
2022-07-04,130.07371520996094,132.02052347031525,124.14275499880792,131.2961270721022,2379061
2022-07-11,136.86489868164062,137.04599779389326,126.76868671215051,127.31196992922087,2290369
2022-07-18,140.26046752929688,141.39234389281958,133.24292726538158,137.3629103512478,2348626
2022-07-25,138.04202270507812,142.70528886376863,133.559841512446,140.03409852857502,2348329
2022-08-01,145.01429748535156,146.41780836265372,137.7703762978539,139.58135306480688,2018700
2022-08-08,147.50440979003906,148.3646234415621,142.79584738435256,145.64815110430254,1790500
2022-08-15,146.41781616210938,150.26615082168303,145.46705295582117,148.00242621248515,2070951
2022-08-22,137.5440216064453,145.51232573045402,136.41214514280122,145.05959208862072,2161626
2022-08-29,135.86886596679688,138.8117053241785,131.8846996672794,135.82358412946223,2000009
2022-09-05,138.63059997558594,139.2191649966383,131.5224955286006,132.33744148676388,1768953
2022-09-12,131.29612731933594,144.42574146323818,131.29612731933594,140.21520857022608,3474521
2022-09-19,125.54625701904297,133.24292584283688,124.05219661397945,130.61700320602048,2390324
2022-09-26,127.0855941772461,130.1642647497283,124.68605228787969,124.68605228787969,3267386
2022-10-03,135.2802734375,141.25651523663979,124.68604714947723,125.863177128286,3654275
2022-10-10,140.66795349121094,143.61079262578428,130.7075596760697,134.82754293628417,3155942
2022-10-17,138.947509765625,145.2859497896586,137.54401297254282,140.6226693182535,2513674
2022-10-24,146.1914520263672,151.1716490817455,139.35499623915206,140.3510271784157,2613292
2022-10-31,146.50836181640625,147.86660501762856,141.70926407812627,146.87056000339888,2048568
2022-11-07,154.74832153320312,158.32500729587275,145.6934096082144,146.50835549377845,2379324
2022-11-14,156.96678161621094,157.32897982786818,151.44330124749888,155.3369037834403,2497008
2022-11-21,158.64193725585938,159.59270047746728,155.6085484898069,156.15184579349332,1718968
2022-11-28,163.48629760742188,164.34651117619777,157.32895713668137,158.46081932502094,2817970
2022-12-05,162.7619171142578,163.21466485755224,159.59269703088327,162.9882980457482,2195270
2022-12-12,154.79359436035156,167.24409337378924,153.93338073478193,162.08279750068556,4110610
2022-12-19,153.97866821289062,157.91755242150512,152.75625635917186,154.92943141915117,1976487
2022-12-26,153.208984375,156.96676934770542,152.52986984106568,153.97866257445722,1094730
2023-01-02,159.45689392089844,159.45689392089844,153.2090027482546,154.8388947687813,2066819
2023-01-09,157.41952514648438,160.54347757815606,153.84283908210585,160.40764619259468,3028416
2023-01-16,157.96282958984375,161.31314898931532,154.7483415820736,158.23447825355933,2272433
2023-01-23,150.447265625,159.13998089227832,148.81738768974878,158.05338618898554,2595452
2023-01-30,161.76588439941406,161.8564339470658,149.043736492935,149.7228510404798,2793096
2023-02-06,152.75625610351562,160.72457405656144,151.76021106450247,159.41159853620093,2205781
2023-02-13,158.0986328125,159.9096237430044,152.6657023800449,152.6657023800449,2141643
2023-02-20,149.17958068847656,159.90963946830783,149.17958068847656,158.86832664070948,2943154
2023-02-27,148.27407836914062,150.85471940161486,146.32727007606843,149.58703980312404,2673693
2023-03-06,144.5162811279297,151.30745455037302,143.4749684346091,148.99846236419137,2691973
2023-03-13,144.652099609375,146.9611059348068,140.4868488008,144.7879309859987,3558806
2023-03-20,146.78001403808594,148.77208999546593,144.10880940368102,144.47100759951127,2253476
2023-03-27,150.31143188476562,150.99054644010275,142.75057986830743,148.13824271618864,2466668
2023-04-03,151.74209594726562,152.6838084356741,147.83037801055838,149.65947043387968,1682353
2023-04-10,158.9860382080078,159.65610207626784,151.7421022074096,151.7421022074096,2082161
2023-04-17,168.89208984375,170.48575058492733,155.4183934142242,157.17503769312177,3192557
2023-04-24,162.44500732421875,168.58423308435738,160.05451608655952,168.00471877343816,2877830
2023-05-01,166.48348999023438,166.84568819527286,162.4450054194915,162.4450054194915,1548787
2023-05-08,168.5480194091797,169.87003160337656,164.70873525871272,166.71892688805215,1560020
2023-05-15,166.0850830078125,170.59443111613774,166.0850830078125,168.9102206751104,1902654
2023-05-22,163.13516235351562,166.76817746446136,159.40995267773502,166.2702520464591,2126041
2023-05-29,157.97149658203125,163.46712393908606,152.5311974688351,162.711019201157,5668603
2023-06-05,154.74420166015625,157.9346051262354,152.88158968563386,157.7133065443093,1824296
2023-06-12,159.4099578857422,159.4099578857422,152.21768883211982,156.51459984797054,4161319
2023-06-19,154.50445556640625,158.13747057542946,152.71560499272508,158.13747057542946,2199164
2023-06-26,159.15176391601562,161.235674595546,153.39795731077749,155.1868079897928,2862632
2023-07-03,157.65797424316406,160.57176519061088,155.1867948266092,158.67227256443593,2229952
2023-07-10,162.37904357910156,163.94658110055965,156.73589412341252,156.90186445555514,1698333
2023-07-17,164.59205627441406,164.59205627441406,158.96733954721313,162.3421753349101,1656889
2023-07-24,166.3809051513672,167.52427877064397,154.0618595963495,162.80321835472097,2838857
2023-07-31,161.2172393798828,169.49755374917413,159.66813485619625,166.30713575685678,2164697
2023-08-07,161.64138793945312,165.51414922268793,160.33202955709407,160.44268604166137,1554391
2023-08-14,159.9816436767578,163.4486741532804,158.41409160013026,161.770479968897,1483211
2023-08-21,160.4795684814453,165.1453152336501,159.5759265686457,160.27670305035568,1582092
2023-08-28,160.608642578125,163.2089259574248,159.1517471344461,161.6413740386948,2120439
2023-09-04,159.8341064453125,163.4117934070775,156.66213596876034,161.36476344050465,1762733
2023-09-11,161.65982055664062,165.60634287965016,159.00420895658263,160.40579053232656,2482198
2023-09-18,154.873291015625,162.13930664052074,152.78938046302187,161.18033653498324,2217905
2023-09-25,152.29147338867188,154.54135455358218,149.24859236431263,154.43069806028512,2059050
2023-10-02,151.27716064453125,154.50445926751948,147.23842907541723,153.74834018437957,2043987
2023-10-09,151.3140411376953,155.57407128821168,149.50675736213577,150.41039924991554,2028022
2023-10-16,150.35507202148438,153.54548996010288,147.49660915476613,151.99638546248974,1796955
2023-10-23,154.92860412597656,156.25640998708582,150.07845413869774,151.1296188012002,2178799
2023-10-30,160.66397094726562,162.6741200109665,153.8036577063603,156.7543292950056,2097089
2023-11-06,161.27255249023438,162.41594052650987,158.3218950226945,161.16191038388337,1527230
2023-11-13,165.4034881591797,167.78247310554568,161.29099523729937,161.78892064718517,2595044
2023-11-20,164.16790771484375,165.5694750208385,162.1761916711237,165.08998276604697,1932601
2023-11-27,164.24168395996094,164.94246048706523,161.051265747834,164.31544536962167,2163286
2023-12-04,168.46481323242188,169.5713061344582,163.0613952272857,163.68841026817972,1732640
2023-12-11,170.80691528320312,174.1264229838338,168.18819845273163,168.4279302112446,2745086
2023-12-18,167.57962036132812,170.19833725168294,166.21493367121263,169.71885934525088,1596676
2023-12-25,167.4505157470703,168.39103831321415,166.14115741888403,167.57960538809704,577040
2024-01-01,167.1185760498047,168.2988448454738,162.80323174542895,167.45053114184978,1211999
2024-01-08,170.30899047851562,171.7290053863624,166.5468855714359,167.02636346868138,1846532
2024-01-15,163.8359375,169.34999727131208,159.35460916736247,169.23935517704683,2477081
2024-01-22,165.82765197753906,166.2149209054784,162.69256233928172,165.23751762655462,1599908
2024-01-29,166.63909912109375,170.40120413208516,163.96505396317556,165.07156135753155,1911677
2024-02-05,173.6284942626953,174.5874644139291,165.97519497162244,165.97519497162244,1550773
2024-02-12,172.8170623779297,178.66307788828556,167.339882649462,173.99733112859516,2778227
2024-02-19,179.17941284179688,179.89863677021802,171.10195054370791,171.95027848151096,1917573
2024-02-26,182.18544006347656,183.95584322313326,178.1282607640143,179.25321567153713,2322652
2024-03-04,189.35000610351562,190.64093119704654,182.18541640758278,182.72022248066963,1883170
2024-03-11,192.99224853515625,194.7442184053214,187.183128416773,188.1052034436823,2468803
2024-03-18,192.4390106201172,195.0669438761356,189.9954808680214,192.5312051828581,1851617
2024-03-25,193.361083984375,195.48187523480732,191.7935463762574,192.85394200147357,1422218
2024-04-01,187.45974731445312,195.85071805673013,184.97012021272712,193.36109095500413,2027080
2024-04-08,186.99871826171875,192.43901722117346,184.18635264842604,187.55195754934562,2245193
2024-04-15,187.45974731445312,190.13379230359894,179.34541778174707,186.9987169743449,2239027
2024-04-22,187.45974731445312,190.50262807843853,185.52337387498653,189.396135132361,2222849
2024-04-29,186.2610321044922,189.1194947766392,183.86361411792376,188.1051964683663,1494069
2024-05-06,197.9769287109375,198.26538759656904,188.36173033407547,190.765529928291,1712907
2024-05-13,200.5730438232422,201.53456366003314,196.53464877141752,198.45768844499943,1609914
2024-05-20,200.1884307861328,202.01532731278374,199.51536982226295,200.28458864024077,1321917
2024-05-27,197.4000244140625,202.39992460538045,194.13084818278008,200.66918597371662,2291035
2024-06-03,200.76535034179688,202.39993117467756,194.61161441521898,199.2269126922452,1796827
2024-06-10,193.26548767089844,201.72686518982067,192.59242671781303,198.55384678627127,1977752
2024-06-17,200.8614959716797,202.68839253672803,195.76545237267956,198.07309420348605,2335450
2024-06-24,193.45779418945312,202.39993188148836,192.59243217832633,200.9576520818578,2139576
2024-07-01,194.5154571533203,197.01539981336586,191.34243890054356,196.9192566369955,1834121
2024-07-08,195.57313537597656,196.2462110212012,188.21751425091423,194.22701342878506,2114772
2024-07-15,185.42910766601562,197.01541004153754,181.00611051777972,194.80392613904803,3081408
2024-07-22,199.13075256347656,201.14993530110428,182.9291383809298,187.06367637458774,2345415
2024-07-29,200.38072204589844,206.63060079563246,197.88077934898158,198.16923822560258,2736055
2024-08-05,200.4768829345703,202.39992257902662,195.38082494243548,196.6308036456577,2051270
2024-08-12,204.03451538085938,204.89989207490027,198.26539610710296,200.4768947630354,1303049
2024-08-19,206.63059997558594,207.39981875297985,202.49607655639582,203.93835626214897,1429724
2024-08-26,205.95753479003906,208.8420941419209,204.80371398361183,206.43829468201935,1992262
2024-09-02,200.76535034179688,210.57285001070966,199.6115294404475,205.47679180215212,1849296
2024-09-09,200.76535034179688,203.93836882422923,199.70767262377652,201.14995241837042,2236644
2024-09-16,195.57313537597656,201.63071348159613,195.57313537597656,199.99613263954103,3135648
2024-09-23,205.18832397460938,205.18832397460938,194.32316173239528,195.18852370282056,2230654
2024-09-30,201.91915893554688,209.2267153180559,199.0345995221819,204.80371834891181,2124655
2024-10-07,205.66908264160156,206.3421582496715,201.72686020151136,204.32296076871768,1887689
2024-10-14,208.55364990234375,209.51516975375452,202.01532665005342,205.2844882761986,2195159
2024-10-21,211.05360412597656,214.03432148797884,207.5921268456919,207.68828469799973,2285896
2024-10-28,208.64981079101562,212.49589025260116,203.64991042528018,211.14976830969775,3082229
2024-11-04,218.9380645751953,223.07260282041665,209.22672299676628,209.6113250640122,3173496
2024-11-11,220.18804931640625,223.26490995331412,215.28429213110113,220.6688092494115,2557006
2024-11-18,226.24562072753906,227.78404366476238,218.9380640929361,220.18804281617454,3216014
2024-11-25,220.95726013183594,228.7455619611472,218.45730270220324,227.39944006619314,2754935
2024-12-02,221.7264862060547,223.45721022160217,217.8804067552758,219.2265286943969,1881976
2024-12-09,222.3033905029297,224.41873127778194,217.78425005855692,222.11108946369382,1962523
2024-12-16,222.3033905029297,226.72638776349893,219.32268771570156,222.49569154216556,2969688
2024-12-23,225.47640991210938,225.47640991210938,221.14957048948892,221.14957048948892,844759
2024-12-30,221.3418731689453,226.5340893175251,220.66881218810045,224.41873384682833,1380709
2025-01-06,226.05332946777344,227.7840535130241,220.47651123410733,221.34187325673267,2188655
2025-01-13,234.70700073242188,235.47620487341078,223.84182351722518,225.09180225377497,2686686
2025-01-20,246.2452392578125,247.11060125347285,234.9954452844566,235.5723630626492,3074387
2025-01-27,255.475830078125,256.5334784144905,243.36067437471885,245.18755617956236,2756026
2025-02-03,259.5141906738281,262.3025922522803,250.9566702393001,251.4374301439731,2655220
2025-02-10,283.1675720214844,286.5328912135903,258.9372621010198,258.9372621010198,3662173
2025-02-17,279.70611572265625,284.89831699251664,278.64843802949326,282.7829909494474,3067492
2025-02-24,275.86004638671875,280.95611933235097,268.2640452396247,279.32152380684937,3897162
2025-03-03,261.5334167480469,278.3600152520572,256.3412150783183,275.28313978830596,3577613
2025-03-10,251.34127807617188,265.76407554813954,250.86051816043963,263.9371937370083,3863434
2025-03-17,257.11041259765625,257.11041259765625,251.14900688838648,251.91821106272505,3354702
2025-03-24,256.3411865234375,267.0140622543097,254.70659111354277,259.3219037950513,2865499
2025-03-31,234.03392028808594,259.12959366984666,230.38015667865227,255.37967220895288,4082729
2025-04-07,231.9185791015625,247.87979941050824,217.20732282913949,223.26490066738756,5525971
2025-04-14,237.7838592529297,242.11069853086627,235.47620283505313,236.6300383798056,2429860
2025-04-21,243.552978515625,249.12979652445338,236.34157971238872,237.783859473036,2517569
2025-04-28,247.5913543701172,247.97595643058455,239.70689475751092,243.7452750789309,2741362
2025-05-05,236.7057647705078,252.53173513211132,236.7057647705078,250.77330557476117,2682666
2025-05-12,254.6809539794922,258.00244860371737,240.12495716981556,240.32033657597708,3755180
2025-05-19,244.22799682617188,259.17473830673845,241.00418428676764,254.8763315251954,2600784
2025-05-26,239.05035400390625,250.57791813120178,238.4642157708873,249.11255018891404,5546277
2025-06-02,242.56724548339844,244.42337226648758,235.9242410964844,238.17114161203537,2167844
2025-06-09,236.41268920898438,246.1818085977854,234.84962414417893,241.78570487282494,2494857
2025-06-16,235.2404022216797,238.75727632290557,232.70042517093864,236.99884672553935,3994111
2025-06-23,228.89047241210938,241.29725117119182,225.617811423506,233.97041156073055,2686830
2025-06-30,228.01124572753906,232.40734955189902,226.44819553388498,229.08585484720226,2145318
2025-07-07,236.80345153808594,250.57791604342106,227.13202916216528,228.59739709224377,2447270
2025-07-14,238.171142578125,241.9810933194964,232.99350612733002,234.06811526284184,1596219
2025-07-21,243.93492126464844,245.40028925170859,235.82654875495012,238.2688287333837,1712567
2025-07-28,249.40562438964844,259.27242616343483,240.41803741028588,247.45180048515687,3072109
2025-08-04,247.06103515625,252.3363539150513,242.56724896710284,250.18716543486667,1685232
2025-08-11,261.3239440917969,262.6916148459417,245.20489707305052,248.7217860215561,1955166
2025-08-18,265.7200622558594,269.33464855732916,259.4678314594956,261.03089661183355,1564308
2025-08-25,254.1925048828125,265.62235697043957,253.11789576013288,265.2315981475526,2244850
2025-09-01,253.60635375976562,255.46248054298718,248.91717331534514,255.0717217169912,1734129
2025-09-08,258.588623046875,265.42700717173994,251.84790627340277,253.02021262000372,1797900
2025-09-15,267.3808288574219,271.38614424496353,258.9793796152584,258.9793796152584,2577984
2025-09-22,265.427001953125,269.7254087845019,257.4163116391589,269.7254087845019,1707250
2025-09-29,276.27069091796875,277.9314531785009,266.69696561592525,267.5761804190946,2040021
2025-10-06,267.0877380371094,276.56379647582776,266.30622035294215,276.56379647582776,1951135
2025-10-13,305.28497314453125,307.92264723769426,262.1054546177745,268.6507763671875,2549276
2025-10-20,306.1642150878906,310.5603190914873,302.54965857272634,303.8196322485701,1700363
2025-10-27,309.9741516113281,313.1491154672805,304.6988330132661,305.4803804656004,1423305
2025-11-03,301.2796325683594,311.63490496554846,300.107356142801,308.606472026797,1681370
2025-11-10,311.5372314453125,316.3240942920555,301.4750497508732,304.11269426822713,1709478
2025-11-17,298.93505859375,313.29567627491906,297.2742963430344,311.63491402420345,1959970
2025-11-24,301.5727233886719,309.68108044678445,296.6881637601737,304.2103677002693,2769000
2025-12-01,295.6135559082031,303.0380925369821,294.53894682286904,298.8373533512192,1820948
2025-12-08,275.5868835449219,296.19973288570833,274.903033213815,293.9528173784918,2287551
2025-12-15,268.45538330078125,280.08065898228017,265.52464754503916,276.66146726724776,3630589
2025-12-22,263.8639221191406,268.74848184066127,262.69161586078104,268.6507846836335,754811
2025-12-29,259.3701171875,266.1108035359903,258.29550810284536,265.7200447269303,1322635
2026-01-05,271.48382568359375,272.55843479412493,255.6578699381786,260.83549136211957,3322337
2026-01-12,264.7431335449219,279.49450967921035,263.6685244572345,269.62769320442226,3581954
2026-01-19,258.9793701171875,264.84084195772897,256.4393930236887,257.611699316992,2063369
2026-01-26,251.94558715820312,256.439388112486,246.08411542991774,253.9971082257004,2621317
2026-02-02,249.2102508544922,256.7324551762943,247.25642690394812,253.4109604229669,2022678
2026-02-09,252.3363494873047,269.62770325145135,242.37186529841298,249.11255191710183,4029549
2026-02-16,232.70042419433594,252.04328384262692,226.15511709134935,251.26176620551894,4699358
2026-02-23,220.0005645751953,235.04501730403794,220.0005645751953,231.43043122271987,4615897
2026-03-02,207.88687133789062,217.65599109148988,203.19769087486424,208.08225075166388,4589004
2026-03-09,199.973876953125,209.8406937967077,199.38773871597255,204.36998081098972,2984932
2026-03-16,190.25360107421875,201.53693700754425,190.00937308824416,200.75540447112687,4114002
2026-03-23,190.30245971679688,198.8992882590422,186.29711457239463,187.56710314792417,3240222
2026-03-30,186.83441162109375,197.43391230833882,182.4871563973526,192.45165536917892,3531690
2026-04-06,194.6497039794922,199.48541509956613,185.46673770917994,186.83440846212235,2553750
2026-04-13,210.71990966796875,212.38065704134667,190.49783480114587,190.88859362788406,3204086
2026-04-20,181.4125518798828,206.12842797904852,180.09372964950558,203.19769203621846,3917591
2026-04-27,177.06529235839844,184.34328346300356,173.74379766434174,181.51024474786658,3286963
2026-05-04,171.39999389648438,182.6999969482422,168.64999389648438,182.5,3902325
2026-05-11,173.25,175.02499389648438,162.5,171.75,3815066
2026-05-18,173.25,178.0500030517578,170.0,171.25,2717779
2026-05-25,175.14999389648438,178.85000610351562,172.0500030517578,174.9499969482422,2975197
2026-06-01,174.0500030517578,180.10000610351562,168.3000030517578,174.9499969482422,2996937
2026-06-08,182.6999969482422,187.8000030517578,171.3000030517578,172.0,3634812
2026-06-15,173.5500030517578,188.89999389648438,173.3000030517578,186.64999389648438,4836267
2026-06-22,168.64999389648438,173.85000610351562,160.89999389648438,173.5,4395712
2026-06-29,172.1999969482422,176.5,160.60000610351562,168.0,3089806
2026-07-06,171.39999389648438,177.9499969482422,167.1999969482422,173.10000610351562,3196890
2026-07-13,166.6999969482422,171.60000610351562,162.64999389648438,170.25,2505276
2026-07-20,163.5,169.35000610351562,160.8000030517578,165.25,2693767
2026-07-27,164.0500030517578,176.25,161.0500030517578,165.8000030517578,4362150
2026-08-03,172.3000030517578,176.60000610351562,162.60000610351562,164.6999969482422,4502204
2026-08-10,162.5500030517578,173.0500030517578,161.85000610351562,172.8000030517578,2936409
2026-08-17,163.1999969482422,164.5,159.1999969482422,162.8000030517578,2488123
2026-08-24,161.35000610351562,163.64999389648438,156.14999389648438,163.0500030517578,3178359
2026-08-31,149.8000030517578,162.5,148.9499969482422,161.35000610351562,4412115
2026-09-07,146.39999389648438,152.39999389648438,144.64999389648438,149.0,4109635
2026-09-14,139.0,148.60000610351562,138.3000030517578,147.35000610351562,4722304
2026-09-21,143.89999389648438,151.60000610351562,138.85000610351562,139.14999389648438,4616494
2026-09-28,142.8000030517578,148.35000610351562,142.75,145.0,3655426
