Price,Close,High,Low,Open,Volume
Ticker,ENGI.PA,ENGI.PA,ENGI.PA,ENGI.PA,ENGI.PA
Date,,,,,
2000-01-03,8.138313293457031,8.62978303592534,8.048474727543887,8.529374989796272,16061000
2000-01-10,7.852942943572998,8.217581903881088,7.773673867321932,8.185873970992365,17134500
2000-01-17,7.657412528991699,7.921643469293529,7.535866538363509,7.900505014228603,14026500
2000-01-24,8.011482238769531,8.244005754543409,7.229358876938665,7.921643676399698,27880500
2000-01-31,9.142389297485352,9.459466598522734,7.710258215479154,8.111889329065047,44789000
2000-02-07,8.983850479125977,9.23222715891825,8.740758538217907,9.16881230822957,19594500
2000-02-14,9.195235252380371,9.422473990964932,8.59278911415035,8.983850730892723,19941000
2000-02-21,9.184664726257324,9.29564221735031,8.88872642994402,9.063118766266602,14926000
2000-02-28,9.612720489501953,9.68670481945684,8.973281183020328,9.163527754859638,18817500
2000-03-06,10.040778160095215,10.178178403241347,9.517600892708767,9.713131271368088,20061000
2000-03-13,10.172887802124023,10.320857442111683,9.78182626211454,10.040772376122412,17878500
2000-03-20,9.565159797668457,10.141183301494461,9.390767425461751,10.014352576976947,20788000
2000-03-27,9.491175651550293,9.940368487611666,9.4647529585895,9.765976093371501,11924500
2000-04-03,9.565159797668457,9.750121648908541,9.1476744474991,9.750121648908541,12112000
2000-04-10,9.158243179321289,9.713127679808112,9.036697204237267,9.512312634363246,9276000
2000-04-17,8.973281860351562,9.39605193991082,8.672058770842666,8.719620417392594,9889500
2000-04-24,9.115967750549316,9.343206528213594,8.814744629631026,8.973282796021364,15316000
2000-05-01,9.512311935424805,9.575727791830408,9.115965604782104,9.115965604782104,8548000
2000-05-08,9.512311935424805,9.559873575738797,9.258650525724079,9.512311935424805,6769000
2000-05-15,9.512311935424805,9.697273757983567,9.285073211249255,9.512311935424805,9548500
2000-05-22,9.337921142578125,9.63385950309185,9.168813507998854,9.374913311647214,17581500
2000-05-29,10.040778160095215,10.141186223925327,9.274507844692906,9.300931549890983,11242500
2000-06-05,10.083050727844238,10.104189682877529,9.681419653859395,10.04077382573851,12831500
2000-06-12,9.966792106628418,10.305007411960593,9.839961367128852,10.083053365846073,10393500
2000-06-19,9.882235527038574,10.146466412703125,9.63914258808755,9.966789329814363,9412000
2000-06-26,9.697273254394531,10.11475751018483,9.649711616550462,9.882235067348041,11117000
2000-07-03,9.776542663574219,9.945650267292041,9.501742303552346,9.707843077549164,8929000
2000-07-10,9.380197525024414,9.67085112965769,9.258651545484023,9.544020410838026,8313500
2000-07-17,9.470037460327148,9.528168592930557,9.174099073180985,9.406621587672419,10515000
2000-07-24,9.105398178100586,9.470037166644703,9.010274876048983,9.470037166644703,6095000
2000-07-31,9.084259033203125,9.364343154717563,8.7671817373361,9.08954377239635,10586000
2000-08-07,9.702561378479004,9.818822640466204,9.0948293512865,9.105398831820192,9779000
2000-08-14,9.919228553771973,9.961505458842396,9.602151261763336,9.776543621173948,6589500
2000-08-21,9.12125015258789,9.898088581523844,8.98384997321866,9.781827356501028,12019000
2000-08-28,9.05783748626709,9.448899207699315,8.629783589666589,9.237514629622595,29145500
2000-09-04,9.094827651977539,9.40133648241862,8.994420629551275,9.200520421644185,14305000
2000-09-11,9.115967750549316,9.168814141999789,8.851736801258033,9.168814141999789,10259500
2000-09-18,9.110682487487793,9.221660003957748,8.888728462508904,9.031413408844124,12157500
2000-09-25,9.285076141357422,9.396053673098395,8.894014426003878,9.010275690148609,10015000
2000-10-02,9.644430160522461,9.660284381186589,8.909868405090505,9.19523732131686,21604000
2000-10-09,9.559876441955566,9.618007577092689,9.084260904178707,9.602153356247706,17119000
2000-10-16,9.501741409301758,9.618003631886433,9.300926400776634,9.359056504108239,11041500
2000-10-23,9.23751163482666,9.55458890312606,9.12653514530034,9.433042936132226,17427000
2000-10-30,9.702561378479004,9.73955355238579,9.142391005726976,9.142391005726976,9620000
2000-11-06,9.855813980102539,9.919229849975558,9.475321784747596,9.66028364658609,18491000
2000-11-13,9.723695755004883,9.982641885067665,9.644426696081302,9.802964813928467,16400500
2000-11-20,9.987927436828613,10.009066391842248,9.353773905832377,9.676134906103478,13316000
2000-11-27,10.553383827209473,10.585092267082894,9.839961065395975,9.855814277371598,22466500
2000-12-04,9.882235527038574,10.526958525194178,9.512311883923866,10.431835245081206,16265000
2000-12-11,9.728983879089355,10.146469280248214,9.448898698262738,10.09362288658795,37192000
2000-12-18,10.283865928649902,10.299720145183551,9.739550931152607,9.739550931152607,17755000
2000-12-25,10.278582572937012,10.336712686427079,10.135897642808747,10.283866304013547,4670000
2001-01-01,10.061914443969727,10.378990758193822,9.528167836683,10.278583729071334,12536000
2001-01-08,9.649712562561035,10.024919955713525,9.575728233310885,9.908658722897448,12869500
2001-01-15,9.031412124633789,9.718412052473195,8.999704699277123,9.649712462873605,17167500
2001-01-22,9.824106216430664,9.824106216430664,9.04726763257168,9.089544541734869,11807000
2001-01-29,9.232227325439453,9.723696962965285,9.158242995647916,9.596866251339408,16321000
2001-02-05,9.485891342163086,9.60743733512514,9.248083088140756,9.274505779493875,10342000
2001-02-12,9.618005752563477,9.802966587528926,9.364343306969088,9.512312982902403,11850000
2001-02-19,9.316781044006348,9.65499727973205,9.248081453851952,9.607435637332513,10278000
2001-02-26,9.507028579711914,9.56515970587663,9.295644040877937,9.30092878034391,12463000
2001-03-05,8.592788696289062,9.40661931643072,8.307419354167823,9.40661931643072,39108500
2001-03-12,8.825310707092285,8.86758760236144,8.217579455632567,8.687910545477356,21085500
2001-03-19,8.724905014038086,8.983851192150642,8.349697091147869,8.820028305581669,20470500
2001-03-26,8.825310707092285,8.994418288168907,8.381402298805458,8.740756916553973,16552500
2001-04-02,8.872873306274414,8.983849790452942,8.439534326616482,8.957427106018283,14485000
2001-04-09,9.094827651977539,9.216374639482467,8.825313004453406,8.88872785988463,13332500
2001-04-16,8.825310707092285,9.16881060714926,8.719617964939049,9.09482528445772,13084500
2001-04-23,8.809457778930664,9.184665153202724,8.640350173176449,8.724903976053556,18563000
2001-04-30,9.020841598510742,9.020841598510742,8.666772197966443,8.899295642134833,10911000
2001-05-07,9.073690414428711,9.168813712996586,8.909867515762391,9.02084402545089,7858000
2001-05-14,9.472675323486328,9.512310353142023,8.925717558817515,9.068402456025208,16553300
2001-05-21,9.67085075378418,9.736908480266205,9.306212829335257,9.512312613411684,12065500
2001-05-28,9.493817329406738,9.763332997084719,9.32735156243719,9.570444540483624,19808500
2001-06-04,9.562518119812012,9.744838128075074,9.493818513425538,9.493818513425538,7511500
2001-06-11,9.853172302246094,9.853172302246094,9.504387531189689,9.565160528332433,19771300
2001-06-18,9.921868324279785,9.987926037501301,9.61800344823723,9.723695184615233,13571100
2001-06-25,10.040778160095215,10.040778160095215,9.32735424712777,9.83203542485621,19550100
2001-07-02,9.911303520202637,10.088338799226024,9.821464947555212,10.040777142650258,10331800
2001-07-09,10.014352798461914,10.1570367367242,9.723698166381734,9.858456507135196,9618400
2001-07-16,9.610079765319824,10.225738388013559,9.562518111722834,10.164965387964322,11244100
2001-07-23,9.948295593261719,10.014353330247625,9.356417826365137,9.562517643213617,12396600
2001-07-30,9.929795265197754,10.305002567155112,9.789752237205228,10.014349051778584,11760300
2001-08-06,9.810894012451172,10.186101422433193,9.694631766459388,9.7897550557396,11200500
2001-08-13,10.064558029174805,10.233665694439951,9.71048847704046,9.935084405978008,8015200
2001-08-20,10.10154914855957,10.268014930129361,9.678780029608934,9.982645018866863,11219800
2001-08-27,9.908660888671875,10.212526892442256,9.644429931640625,10.064557193638757,10881000
2001-09-03,9.633858680725098,10.104190383206314,9.488531882661505,9.90865906743937,12771700
2001-09-10,9.010272979736328,9.750120280890288,7.979773109633352,9.512312075810678,20545500
2001-09-17,9.612720489501953,9.89016273479368,8.719619759208515,8.825312523110552,29971900
2001-09-24,9.602151870727539,9.802966930557421,9.200520743106788,9.578371047119699,17396900
2001-10-01,9.697273254394531,9.987926811920913,9.382837869985325,9.6444268781277,15571800
2001-10-08,9.168811798095703,9.736907589067988,9.12389202405966,9.517596481360412,17028700
2001-10-15,9.176740646362305,9.472679024063979,8.952144745134985,9.24808312283666,9689500
2001-10-22,8.983850479125977,9.615362160355504,8.931004098244825,9.208446337919776,11425100
2001-10-29,9.23751163482666,9.459465621840154,8.780392317945708,9.24543924690772,10555500
2001-11-05,8.983850479125977,9.44625454790452,8.89137006855462,9.353774137333163,12884800
2001-11-12,8.899297714233398,9.242797718213511,8.69319791343753,9.063120606969575,13414000
2001-11-19,9.00499153137207,9.393410354171529,8.613928826573595,8.957429878300934,26457300
2001-11-26,8.917791366577148,9.179380356832796,8.666771852444315,9.084257087648925,25807300
2001-12-03,8.524089813232422,8.936290448897754,8.495025256068477,8.878159318647743,19189600
2001-12-10,8.576935768127441,8.838524833008526,8.431608957842842,8.60071659220754,11747700
2001-12-17,8.624497413635254,8.904582562941277,8.455389779322564,8.693198020050415,12941200
2001-12-24,8.983850479125977,9.063119546467266,8.56372331346018,8.603358351111263,3546100
2001-12-31,8.63770866394043,9.221659780227622,8.600716495334932,8.983851542105146,6839200
2002-01-07,8.407827377319336,8.846450642475673,8.167377292347386,8.66677354513829,19594100
2002-01-14,8.722261428833008,8.83059605581714,8.138311390893207,8.45538866751728,18660300
2002-01-21,8.85702133178711,8.970640717932874,8.389332441644067,8.71962112044895,16532300
2002-01-28,8.798890113830566,9.115967443906479,8.65620516410225,8.798890113830566,16972400
2002-02-04,8.838522911071777,9.12917646843836,8.735473031786547,8.84909238791149,14895000
2002-02-11,8.838522911071777,8.975923086105679,8.682626655548772,8.851734253141023,9062400
2002-02-18,8.693196296691895,8.978565121032156,8.5293724264624,8.798888043204254,11042200
2002-02-25,8.645636558532715,8.833240281400474,8.455389961843702,8.603359649041938,19929100
2002-03-04,8.653562545776367,8.812100693048956,8.25985853928588,8.719620275133439,20461300
2002-03-11,8.606001853942871,8.783037112383163,8.402543904015285,8.746043933155454,15208500
2002-03-18,8.384045600891113,8.746041619920506,8.349695808654465,8.624495658488856,14562100
2002-03-25,8.434250831604004,8.502950930019495,8.32327382708367,8.32327382708367,9191600
2002-04-01,8.458033561706543,8.582222449778927,8.32327620006557,8.434253236225668,12793300
2002-04-08,8.635066032409668,8.703765624018892,8.296850293502128,8.458030802404398,12364700
2002-04-15,8.833240509033203,8.925720935939678,8.574294305734016,8.69319843172881,10767100
2002-04-22,8.661490440368652,8.931006137229248,8.53465970207445,8.931006137229248,21335600
2002-04-29,8.489738464355469,8.769822552315448,8.442176825275318,8.640349985455673,15132700
2002-05-06,8.389331817626953,8.645636135862597,8.36555099420343,8.545228102745389,13478700
2002-05-13,8.442177772521973,8.69848106970015,8.349696853264991,8.399900867258289,14619100
2002-05-20,8.25721549987793,8.481811358290258,8.25721549987793,8.465958149625454,10889600
2002-05-27,8.037904739379883,8.391974218349068,8.00355494096369,8.291566184860827,12538000
2002-06-03,7.424887180328369,8.177945223354586,7.335048648656168,7.985056314775823,17768500
2002-06-10,6.98891019821167,7.715545453058678,6.988910198211669,7.530583550232638,17539000
2002-06-17,7.002117156982422,7.636271062856463,6.949270788167784,7.094598050417877,20861100
2002-06-24,7.134232997894287,7.155371445876981,6.130155962745751,7.002117572007355,29916300
2002-07-01,7.086672782897949,7.2135034961893485,6.3679649035995665,7.0972422609957935,19229700
2002-07-08,6.029748916625977,7.121022790384185,5.852714197598831,7.121022790384185,22057200
2002-07-15,5.852714538574219,6.560853455938517,5.3110413762517705,6.090522256082112,34605000
2002-07-22,5.68096399307251,5.897633236822594,4.856563415117116,5.810437065460233,30696600
2002-07-29,5.6968183517456055,6.275484193201682,5.41937609426993,5.799868750677533,25378900
2002-08-05,6.333614349365234,6.333614349365234,5.112867901002386,5.781371740445706,24859900
2002-08-12,6.341543197631836,6.399673828843788,5.781373326756238,6.341543197631836,13702900
2002-08-19,6.624268531799316,6.8303688136590885,6.21735321097518,6.309833622084909,13834600
2002-08-26,6.185643672943115,6.788090145116579,5.855355136352901,6.621624440446136,14338500
2002-09-02,5.741736888885498,6.212068035689664,5.2846175884406765,6.185644846951379,23377800
2002-09-09,5.326894283294678,5.945194557603916,5.303113464745831,5.691533165056734,16114100
2002-09-16,4.550055503845215,5.733810211495531,4.491924892551028,5.400879247217042,23063800
2002-09-23,4.695383548736572,4.764083648112549,3.8313483231754764,4.568552828648837,30989000
2002-09-30,4.264686584472656,4.713879318144691,4.069155778044961,4.423225226002812,22173200
2002-10-07,4.151066780090332,4.354524409266021,3.4825627813842392,4.161636004307379,30705800
2002-10-14,4.721806049346924,5.1472174236200345,4.087651785884793,4.087651785884793,27807000
2002-10-21,4.2752556800842285,4.954328954860203,4.209197960686093,4.687455708014085,19574400
2002-10-28,4.698026657104492,4.843353483724829,4.227695366183569,4.478714980142942,19809800
2002-11-04,4.544771194458008,5.242340534414855,4.494567187724631,4.845994226897484,19142000
2002-11-11,4.716522693634033,4.967541800948558,4.386233996656587,4.560626388342234,14369700
2002-11-18,5.131363868713379,5.141932842170962,4.690098265285086,4.742944644514271,14214700
2002-11-25,4.861847877502441,5.1525019335228865,4.597617009116653,5.144574826038374,29353700
2002-12-02,4.61875581741333,5.311040968142167,4.452290579143423,4.896198553170411,28873300
2002-12-09,4.399445056915283,4.756156927255555,4.280541436122208,4.69538393191817,19028200
2002-12-16,4.40737247467041,4.890915109252275,4.304322561982973,4.462860734123474,23952000
2002-12-23,4.30696439743042,4.552699268072895,4.285825941030022,4.473430182566541,4973800
2002-12-30,4.544771194458008,4.6768866302971315,4.10086324940169,4.293751664771516,11063400
2003-01-06,4.967540264129639,5.033597983088705,4.365094189770408,4.557982608175586,34032500
2003-01-13,4.9543304443359375,5.231772747626528,4.898842185270041,4.967541790595278,28880500
2003-01-20,4.679528713226318,5.0283139034123705,4.653106028013491,4.909409804032988,26052000
2003-01-27,4.819572448730469,4.875061210083995,4.293752920758342,4.618756867035798,29417400
2003-02-03,4.412655353546143,4.946401282314318,4.357166613517659,4.893555415218047,19515100
2003-02-10,4.391518592834473,4.5579838689038725,4.240906528605301,4.460218196051309,18964300
2003-02-17,4.090294361114502,4.518348656570887,4.037448229573663,4.468144642614415,20914400
2003-02-24,3.2104053497314453,4.161636695128286,2.8986130575767737,4.090294230827922,61150100
2003-03-03,3.0835752487182617,3.361017800400549,2.8167019251005248,3.257967637778478,36891900
2003-03-10,3.0016629695892334,3.1469900167450375,2.3146627724739623,3.1417055297160363,53417500
2003-03-17,3.1971938610076904,3.250039988464385,2.7242205792874,2.7797090761144827,35140900
2003-03-24,3.065078020095825,3.2341856060938206,2.6872278166487393,3.0941433234416857,34238800
2003-03-31,3.3425209522247314,3.4614250647939455,2.7744245894639263,2.9593861783634745,34224100
2003-04-07,3.3821558952331543,3.699232955288396,3.329309760555655,3.598825173406024,40571700
2003-04-14,3.5089869499206543,3.728298618541303,3.324025335082673,3.4429292123363555,27117800
2003-04-21,3.532766819000244,3.9396823622361308,3.508985999591945,3.508985999591945,24694100
2003-04-28,3.820779323577881,3.937040823901286,3.5406944220861125,3.596182928419847,38825700
2003-05-05,3.754721164703369,3.95553671269081,3.6622402472909297,3.897405843117556,28985900
2003-05-12,3.9026904106140137,4.063871164629547,3.6490287432512387,3.8128518666744577,26431800
2003-05-19,3.6146788597106934,3.91061744296329,3.4772786682057943,3.91061744296329,28550700
2003-05-26,3.81813645362854,3.9106173694010513,3.5327671018605113,3.5935403398799335,15820100
2003-06-02,4.05330228805542,4.05330228805542,3.794355859577064,3.8841944112534277,20949300
2003-06-09,4.013668060302734,4.180133590728691,3.915902638050716,4.003098832275226,19066700
2003-06-16,4.082367897033691,4.269971871040585,3.926471605001028,4.013667793427729,27165400
2003-06-23,3.686021089553833,4.034806056945646,3.474636314283995,4.011025235079133,57224000
2003-06-30,3.5089869499206543,3.7679334122860446,3.508986949920654,3.6543140230041646,29185000
2003-07-07,3.638460397720337,3.7917143325737297,3.545979462002821,3.5539063201530925,22599000
2003-07-14,3.6463863849639893,3.746794154850283,3.5644746970074643,3.6463863849639893,19611100
2003-07-21,3.6463863849639893,3.7494362722758097,3.5354093894049385,3.691305657070758,17163100
2003-07-28,3.6278915405273438,3.918545743845756,3.577687760967417,3.7282993516375167,34952600
2003-08-04,3.5512638092041016,3.6965908801411356,3.4799215847017226,3.6093946879769683,22482800
2003-08-11,3.6463863849639893,3.678094061982258,3.4904901172981697,3.582971030927451,14331300
2003-08-18,3.7917137145996094,3.8445598469723428,3.6014673860675326,3.6754519713893594,23368500
2003-08-25,3.7969987392425537,3.9079757589273276,3.6754524915873383,3.7785026532918486,21946800
2003-09-01,3.96874737739563,4.169562626288872,3.844558810797973,3.868339626953925,34997000
2003-09-08,3.926471471786499,4.04273322040449,3.8630561099895475,3.9819599763563933,21303500
2003-09-15,3.8472015857696533,4.055943963407507,3.8472015857696538,3.9396822392604878,18021700
2003-09-22,3.6965904235839844,3.878909895220499,3.6384598039809597,3.839275106956361,26244800
2003-09-29,3.6675238609313965,3.7441507896775,3.5486200407378083,3.69923152951701,25999800
2003-10-06,3.70980167388916,3.754720945207543,3.5697593731854904,3.6807363667967645,19942100
2003-10-13,3.7230136394500732,3.8154943086743884,3.6992328167383173,3.7362252356221863,15828400
2003-10-20,3.596181869506836,3.7917128950065337,3.524839669222091,3.7177280736865694,23283500
2003-10-27,3.6463863849639893,3.7256557035047706,3.6014671128572204,3.61996319478699,18306400
2003-11-03,3.70980167388916,3.7600054319560643,3.6384594648477484,3.646386320965636,21370400
2003-11-10,3.7203714847564697,3.749436796422133,3.6278905581989704,3.699233030455942,15451100
2003-11-17,3.670168161392212,3.6913066182419207,3.5724027354647383,3.670168161392212,21108600
2003-11-24,3.81813645362854,3.900048143483355,3.656955695386112,3.6780941472215054,34270900
2003-12-01,4.024237155914307,4.042733493346536,3.807567862484672,3.870983228563063,29322400
2003-12-08,4.042733669281006,4.108791408151642,3.9449682459912965,3.9661067022706784,26383500
2003-12-15,4.158995151519775,4.158995151519775,3.997814360449842,4.100864523128158,24575300
2003-12-22,4.180132865905762,4.188059974544561,4.03480606872434,4.095579056347083,7264100
2003-12-29,4.269972801208496,4.280542282825945,4.16163813453276,4.180134223382673,10613300
2004-01-05,4.193345546722412,4.330745522809062,4.135214661613682,4.277899630150645,21959100
2004-01-12,4.211840629577637,4.211840629577637,4.055944603051977,4.180132950352575,19142400
2004-01-19,4.28054141998291,4.328102565732503,4.166922035401089,4.211841063269211,20661700
2004-01-26,4.425868034362793,4.661033398496968,4.195987157742183,4.280541225871438,46344600
2004-02-02,4.476071357727051,4.544771448683996,4.336028806470921,4.439078690916129,23878400
2004-02-09,4.5976176261901855,4.8512795559558155,4.449648461148832,4.491925365446361,26756800
2004-02-16,4.7006683349609375,4.81957194723665,4.610829781340807,4.645179579381216,17025800
2004-02-23,4.721806049346924,4.861848093258647,4.573836393618494,4.742944499596641,25397200
2004-03-01,4.581764221191406,4.906768133827425,4.518348860480512,4.756156589141489,43325200
2004-03-08,4.365095615386963,4.679530097458828,4.30960685126921,4.59761864031226,33718200
2004-03-15,4.232978343963623,4.420582005819341,4.201270420167262,4.3545242932255785,31073300
2004-03-22,4.328103065490723,4.370380484339592,4.11407612097243,4.201272320885852,27959700
2004-03-29,4.491925239562988,4.531559773233633,4.291109697787226,4.320175257669903,22625800
2004-04-05,4.491925239562988,4.608186975113259,4.454933075334446,4.531559773233633,17176200
2004-04-12,4.6372528076171875,4.645179917271047,4.444364341864658,4.491925991826767,19431600
2004-04-19,4.544771194458008,4.668959522713843,4.518348006494104,4.605544173988711,22199400
2004-04-26,4.417941093444824,4.616114296564343,4.359810468629418,4.571195017031364,37760500
2004-05-03,4.185417175292969,4.322817353709552,4.127286311194399,4.248832525951298,24195200
2004-05-10,4.206555366516113,4.285824423963351,4.024235929611013,4.108789977273022,29026100
2004-05-17,4.153711318969727,4.275257586954537,4.061230369767471,4.153711318969727,16196100
2004-05-24,4.203913688659668,4.320175428815703,4.1220022486313175,4.188059975359446,21483500
2004-05-31,4.232978343963623,4.26204339479824,4.124643483638104,4.201270420167262,17877500
2004-06-07,4.24090576171875,4.293752143539103,4.195986740355809,4.272613691607051,13484700
2004-06-14,4.447004795074463,4.447004795074463,4.137854707546065,4.222408491488823,27047700
2004-06-21,4.476071357727051,4.515705889899791,4.383590446670377,4.460217141673618,18712200
2004-06-28,4.436436653137207,4.579121064209886,4.423224806939477,4.476071183769595,22440700
2004-07-05,4.439079284667969,4.4972104100117445,4.362452579415474,4.444364024059309,14467000
2004-07-12,4.404728889465332,4.483997953667515,4.370379096039164,4.425867340184609,12813600
2004-07-19,4.320175647735596,4.45493347756733,4.28846771554793,4.3862333778111235,16235800
2004-07-26,4.3386712074279785,4.380948109251019,4.240905556974434,4.325459864600938,18876800
2004-08-02,4.185417175292969,4.362451884873457,4.095578635865235,4.291109426390184,23443900
2004-08-09,4.042733669281006,4.19598760330166,3.9978143866897504,4.185418375161969,22492700
2004-08-16,4.135212421417236,4.177489566223418,4.0057393741706235,4.0348049269742585,14900100
2004-08-23,4.2752556800842285,4.2884670223716945,4.135213133527236,4.174847916360238,13635000
2004-08-30,4.544771194458008,4.552697798060905,4.174847822914344,4.288466926382657,36760300
2004-09-06,4.526274681091309,4.576478688612132,4.494567258221609,4.557982607941407,17737000
2004-09-13,4.653107166290283,4.721807273406465,4.5315606678599485,4.55005675362574,23910100
2004-09-20,4.5738372802734375,4.6795295520108535,4.520991396394982,4.637252643315887,21278200
2004-09-27,4.671602725982666,4.676887465315069,4.486640881192393,4.54741387157359,28714500
2004-10-04,4.8116455078125,4.875061381295267,4.682172398747918,4.690099508928403,27210600
2004-10-11,4.753514289855957,4.856564189539959,4.682171819006804,4.81692965150615,20978300
2004-10-18,4.753514289855957,4.851279954054481,4.719164491288121,4.777295113472341,16894300
2004-10-25,4.8407111167907715,4.880345660078401,4.579122526315743,4.705953266428382,22935900
2004-11-01,4.83806848526001,5.025672719188213,4.798433944114216,4.798433944114216,29526700
2004-11-08,4.708595275878906,4.851280225562763,4.674245475388639,4.832784140377194,23795100
2004-11-15,4.7191643714904785,4.801075815211733,4.6663179861332615,4.729733346173633,18541900
2004-11-22,4.7191643714904785,4.777294992199033,4.655749011450107,4.690098809145961,12745800
2004-11-29,4.803718090057373,4.880344792934279,4.650464180323088,4.732375622427498,23531000
2004-12-06,4.930548191070557,4.962256118490033,4.748228742364488,4.748228742364488,20721900
2004-12-13,4.956972599029541,5.112868897223549,4.9384765134777995,4.954330229096359,25931700
2004-12-20,5.1049418449401855,5.186853297869574,4.938476569118457,4.943760805063825,12828900
2004-12-27,5.184210777282715,5.184210777282715,5.073233772754324,5.104941200345022,7145700
2005-01-03,5.21327543258667,5.268764182555321,5.107583175480234,5.218560171437101,20382200
2005-01-10,5.023031234741211,5.229131590604827,4.959615856932549,5.229131590604827,21967800
2005-01-17,5.284617900848389,5.313683460576795,4.9913214460775635,5.020387005805969,29328600
2005-01-24,5.334822177886963,5.453725784193465,5.2344141505378685,5.247625998336677,24049000
2005-01-31,5.699460983276367,5.717957067427338,5.3638875868843385,5.403522628899842,27439500
2005-02-07,5.673037052154541,5.786656415997866,5.548848714733927,5.707387350236695,19934500
2005-02-14,5.593768119812012,5.754949128548588,5.564702559815465,5.673037187463852,19389300
2005-02-21,5.342749118804932,5.617549522547786,5.263480042945528,5.588483959541774,30609300
2005-02-28,5.395595073699951,5.469579908168733,5.297829417579793,5.3665295130192785,27051800
2005-03-07,5.416735649108887,5.593770444141427,5.374458728263562,5.4273051313105425,30535600
2005-03-14,5.337464332580566,5.448441329720731,5.332179593673787,5.437871851907172,21730200
2005-03-21,5.480149269104004,5.496002983330591,5.28461844704114,5.363887522154562,18863600
2005-03-28,5.469579219818115,5.525067460701125,5.390309656296172,5.480148192566141,15023200
2005-04-04,5.667751789093018,5.712671052603055,5.390309101302674,5.482789997232789,26091300
2005-04-11,5.575273513793945,5.707388997514274,5.564704033185643,5.673038689517867,23644300
2005-04-18,5.477506160736084,5.5039293502041,5.377098645534129,5.469579556681974,22417900
2005-04-25,5.575273513793945,5.596411971029975,5.390311634993258,5.440515659921543,22882800
2005-05-02,5.7285261154174805,5.7285261154174805,5.577914579826265,5.591125923517248,17677300
2005-05-09,5.8553571701049805,5.860641909481257,5.641330265170646,5.720599339892848,37913600
2005-05-16,5.7655181884765625,5.807795092386273,5.554133668928012,5.625476133268316,23832900
2005-05-23,5.8104376792907715,5.8157224184723395,5.696818306789393,5.799868704908103,19629100
2005-05-30,6.024465084075928,6.024465084075928,5.7417380657801385,5.773445999561395,18634400
2005-06-06,5.921415328979492,6.040319453649974,5.879138418870104,5.976904088485891,20459600
2005-06-13,5.831576347351074,5.984830261411747,5.720599340342968,5.924057270521244,29097400
2005-06-20,5.828934192657471,5.8949919253611425,5.768161199525413,5.821007587280553,22026700
2005-06-27,5.961050987243652,5.979547075888007,5.752308767425142,5.813081774108198,20536200
2005-07-04,7.53058385848999,7.53058385848999,5.858001569026703,5.945197783018414,51615639
2005-07-11,7.250497341156006,7.475093747346984,7.2002933200120145,7.401108900607445,25056254
2005-07-18,7.054966449737549,7.2795623503330305,7.010047168822346,7.200293268238217,11278524
2005-07-25,7.155372142791748,7.28484521229364,7.028541442542596,7.028541442542596,5945966
2005-08-01,7.345617771148682,7.3667562199757715,7.002117851713383,7.060248459992785,5798389
2005-08-08,7.676389694213867,7.811063197621128,7.396268560532215,7.447444635673795,5439541
2005-08-15,7.563259124755859,7.743721525196938,7.549791988468236,7.676384816282183,3965380
2005-08-22,7.433976173400879,7.576729732921471,7.3262374925159355,7.57134318418114,5474978
2005-08-29,7.191564083099365,7.506700048847283,7.178096426770829,7.407041446970353,20393842
2005-09-05,7.2292704582214355,7.388185161991976,7.170014328272819,7.186174997579093,5090235
2005-09-12,7.2777533531188965,7.337009486106469,7.178094774185973,7.218496706392883,3687306
2005-09-19,7.393574237823486,7.46629752638869,7.218498303298462,7.234659490747223,6570914
2005-09-26,7.493231773376465,7.622518181016527,7.428588569556435,7.460910428335708,5933303
2005-10-03,7.245433330535889,7.5255544236216645,7.210418450769452,7.452830619023791,5059381
2005-10-10,7.0515031814575195,7.3558650066792985,6.935683911609182,7.24004573683096,7289318
2005-10-17,6.949148654937744,7.191561235478421,6.8791189247130555,7.062274354610608,7101024
2005-10-24,6.892587184906006,6.976084579729823,6.674416340613511,6.922215508185416,10081167
2005-10-31,6.720206260681152,6.941070666068254,6.679803809278406,6.868346870029522,5776086
2005-11-07,6.8441057205200195,6.8737340483865585,6.607080638803268,6.652869639261319,6504911
2005-11-14,6.814478397369385,7.01918216408431,6.801011253847303,6.801011253847303,4342478
2005-11-21,7.075741767883301,7.110756631819254,6.763299467615034,6.765992997723698,4551062
2005-11-28,6.8845062255859375,7.0972905109852205,6.792928243735413,7.024566728855966,5553711
2005-12-05,6.795622825622559,6.889894352552656,6.7148189532473275,6.844105354543094,4657233
2005-12-12,6.871040344238281,6.871040344238281,6.634014754754091,6.787542938590637,6512840
2005-12-19,6.75521993637085,6.854878511062506,6.437390526056034,6.74983287530894,10989444
2005-12-26,6.6690287590026855,6.755219677739651,6.652868090174104,6.755219677739651,1872303
2006-01-02,6.93298864364624,7.003018894237221,6.636706972296215,6.636706972296215,6010101
2006-01-09,6.903361797332764,6.9706985318565415,6.814477328310917,6.881814062834695,5517853
2006-01-16,6.827944278717041,7.0218738691833416,6.77946175266585,6.881813352532894,6112289
2006-01-23,7.105373382568359,7.175403661739338,6.774076707586839,6.8090921040416355,7843234
2006-01-30,7.153854846954346,7.159241909250691,6.9895535568240845,7.0568902943128,4822981
2006-02-06,7.116145133972168,7.153853535657592,6.9868587449891955,7.099984463783907,4491856
2006-02-13,7.366637229919434,7.366637229919434,7.0622749695128,7.07035556081384,7214847
2006-02-20,8.026535987854004,8.053470775814256,7.2238824918162745,7.231963082325855,14222080
2006-02-27,7.811061382293701,8.619102214944773,7.6359859713003395,8.619102214944773,34028645
2006-03-06,7.827223300933838,8.072329018084934,7.762580085681322,7.864932228468427,10925170
2006-03-13,8.338981628417969,8.338981628417969,7.703323152662337,7.829916038816452,13777910
2006-03-20,8.128890037536621,8.508669149420554,8.128890037536621,8.322819632837414,8143095
2006-03-27,8.037310600280762,8.274335618608525,7.956506745194529,8.120807985701653,7723923
2006-04-03,7.945732593536377,8.209692400465121,7.9214913343553315,8.080406027325129,5695110
2006-04-10,7.582113742828369,8.048083671142056,7.549792408444788,7.913410245820989,4612875
2006-04-17,7.864930629730225,7.910719628777022,7.5686489014120335,7.582116042533473,4206990
2006-04-24,7.670999526977539,7.9322663466678405,7.584808601869232,7.8299142377978965,4727096
2006-05-01,7.937653064727783,7.978055511261503,7.579421703463073,7.670999691792859,4092875
2006-05-08,7.544404983520508,7.945731709932928,7.501309530599598,7.929571043522167,4883638
2006-05-15,7.134998321533203,7.584807602177627,6.844103730763887,7.525551477410342,11368168
2006-05-22,7.442054748535156,7.442054748535155,6.906054469995049,7.137692972362358,7345063
2006-05-29,7.4401350021362305,7.6390541269820345,7.141756051389411,7.575510583525819,7207507
2006-06-05,7.246738433837891,7.45947164042311,7.10307440910844,7.324096107220526,7493068
2006-06-12,7.1610918045043945,7.293704488839151,6.989800025355027,7.1555661442514555,4045357
2006-06-19,7.10860013961792,7.29370556987916,7.003615214031506,7.216348422696342,5478227
2006-06-26,7.25226354598999,7.31304423171889,6.995326124619099,7.141752968775628,7408962
2006-07-03,7.2108235359191895,7.346199084981726,7.141754345971604,7.252264944496521,4108019
2006-07-10,7.13899040222168,7.252263813920722,6.992563552655495,7.13622757181975,7030961
2006-07-17,7.205298900604248,7.404218006283897,7.006379794924599,7.103076253060152,4715928
2006-07-24,7.705358028411865,7.705358028411865,7.199771620641804,7.199771620641804,5180622
2006-07-31,7.647341251373291,7.708121952447743,7.462235790196405,7.680494169429854,3795409
2006-08-07,7.909437656402588,7.988475231439595,7.649741613274352,7.677969549388897,3261433
2006-08-14,8.132439613342285,8.18607265389659,7.903794286520845,7.932022230939071,3529860
2006-08-21,8.11268138885498,8.191719536993674,7.960251328362982,8.101390532494216,2920371
2006-08-28,8.219944953918457,8.369552119643352,7.99694482163718,8.084450950495437,4336172
2006-09-04,8.123970031738281,8.327210223017298,7.996944575686926,8.219944701109716,3666191
2006-09-11,8.71957778930664,8.778856520941414,7.982831684725947,8.073160667785404,12899341
2006-09-18,8.716753959655762,8.942576930276747,8.64900722999041,8.719576807358878,10951140
2006-09-25,8.863540649414062,9.03290777793092,8.694173520897206,8.694173520897206,7174230
2006-10-02,8.674412727355957,8.925640800673165,8.524805560902958,8.897412860722524,7138839
2006-10-09,8.880475997924805,8.962336972008172,8.623602760854462,8.665944941051066,6100591
2006-10-16,8.891766548156738,8.965158971575297,8.781678182230468,8.84095636745134,6553099
2006-10-23,8.948224067687988,9.038553055131626,8.824021440751368,8.824021440751368,8755639
2006-10-30,8.90023422241211,9.00185403550167,8.798613870919464,8.91717076819319,6597644
2006-11-06,9.391401290893555,9.411160690210933,8.89459130610028,8.900237002591888,7405548
2006-11-13,9.357524871826172,9.521245704823343,9.222030357668768,9.371638569649116,10463360
2006-11-20,9.159934043884277,9.574882548263755,8.90023790147785,9.188161452386666,16530651
2006-11-27,8.956694602966309,9.281315233563289,8.905884398580577,8.993391100979732,10878534
2006-12-04,9.622872352600098,9.622872352600098,8.78450555436614,8.840960921025047,9701239
2006-12-11,9.611577987670898,9.752717168332165,9.391401210417401,9.59746428496607,8828285
2006-12-18,9.543830871582031,9.68214665239555,9.47043790164285,9.58334966610018,6674914
2006-12-25,9.837401390075684,9.87974357899401,9.484553405111612,9.543832684958588,2084910
2007-01-01,9.738603591918945,10.085805851631449,9.600286719282336,9.837400588940447,6107255
2007-01-08,10.128146171569824,10.71246219331363,9.68214592017935,10.71246219331363,14082241
2007-01-15,9.521247863769531,10.15919748736067,9.456323977617577,10.128146699025743,8011047
2007-01-22,9.275665283203125,9.56076589772313,9.20227232082345,9.476082621505743,7306272
2007-01-29,9.653922080993652,9.704732282220464,9.222035370565752,9.227681068125031,5586952
2007-02-05,9.820464134216309,9.924906823053691,9.563590876714771,9.59746397748243,7142782
2007-02-12,9.94466781616211,10.060401916081764,9.820465708894337,9.820465708894337,8878976
2007-02-19,9.843047142028809,10.14226262259994,9.789414635665088,9.922085823330704,7147785
2007-02-26,9.25590705871582,9.98983031450542,9.106298805775364,9.8599825360945,10771337
2007-03-05,9.515602111816406,9.577703688119596,8.982096247921135,9.089362313315819,9008544
2007-03-12,9.278489112854004,9.597463951573886,9.103476836419347,9.493021263018447,9702179
2007-03-19,9.814818382263184,9.851514869357027,9.289780477714551,9.315185572347756,11534433
2007-03-26,9.806350708007812,9.865628905221485,9.543831746854138,9.730135421530312,6204748
2007-04-02,10.020882606506348,10.133794390541725,9.752717927027257,9.752717927027257,6463844
2007-04-09,9.811994552612305,10.049108399544803,9.710375255475295,10.020880996474478,4743126
2007-04-16,9.882566452026367,9.96442744763472,9.6398079290602,9.811996851013646,6390887
2007-04-23,9.651095390319824,10.00394329094757,9.608754288328297,9.896678304457298,6361116
2007-04-30,9.936198234558105,10.063223708687538,9.60310969208824,9.60310969208824,5378413
2007-05-07,10.235414505004883,10.557212791646908,9.882566498289501,9.936200084466503,8837528
2007-05-14,10.500755310058594,10.591084299997492,10.009590485060151,10.235412959907396,6151435
2007-05-21,10.726579666137695,10.726579666137695,10.356794558417805,10.478174361837056,8028229
2007-05-28,10.892550468444824,11.037978375608235,10.59006015525848,11.026343876748712,8611735
2007-06-04,9.982172966003418,10.9041866135754,9.918184322142164,10.848923290412662,8927293
2007-06-11,10.47081184387207,10.569702889000837,9.976356618228237,10.0868821650256,7911875
2007-06-18,10.523165702819824,10.595879671960631,10.299206544722884,10.42427466040724,5379651
2007-06-25,10.90418529510498,10.95653832249291,10.339924288250982,10.389370355126962,7823589
2007-07-02,10.793662071228027,11.183409001557992,10.750033244661696,10.802387392730433,7259293
2007-07-09,10.761665344238281,10.904185184286247,10.357375931803363,10.793659661975186,7071544
2007-07-16,10.453360557556152,10.720948560231694,10.360286759110885,10.720948560231694,5560994
2007-07-23,9.926909446716309,10.601694860316687,9.862920811271254,10.363193176692082,6203056
2007-07-30,9.761123657226562,10.02580246161172,9.6360555410254,9.883282593314888,5777919
2007-08-06,9.701626777648926,10.027361024124918,9.625327818716114,9.686953125932453,6657885
2007-08-13,9.4639253616333,9.977471699086271,9.16166645866139,9.728035354385984,8044088
2007-08-20,9.977473258972168,9.992145789876304,9.393497125671809,9.5108796117896,4969150
2007-08-27,10.799148559570312,10.940006887630156,9.871830393594484,9.986277715177952,11570108
2007-09-03,9.813138008117676,11.004566100983391,9.766185237531174,11.004566100983391,12410903
2007-09-10,10.077248573303223,10.109528814677777,9.642935142632883,9.813138525186336,9811669
2007-09-17,10.23571491241455,10.47634802157349,9.951063087421135,10.097790647612802,10500771
2007-09-24,10.693504333496094,10.813820889760194,10.162351274608406,10.168220511431345,6961033
2007-10-01,10.719917297363281,10.843169054270776,10.576124886987648,10.623077670704154,5067504
2007-10-08,11.104341506958008,11.104341506958008,10.608402769600914,10.719914906404398,5884740
2007-10-15,11.462360382080078,11.556265955435714,11.022177587184506,11.104344684010004,7060131
2007-10-22,11.644301414489746,11.679515721988146,11.192380177063457,11.450621044084572,4956738
2007-10-29,11.518109321594238,11.747003874731854,11.295084003080923,11.650164302035956,6007577
2007-11-05,11.174774169921875,11.764618609129284,11.1219521461788,11.415407336110242,7083878
2007-11-12,11.394865036010742,11.44181781945319,10.878383298701177,11.10727797805277,5818302
2007-11-19,11.286283493041992,11.43594622909437,10.951744839902462,11.362582450092107,6163885
2007-11-26,11.22758960723877,11.474091891530998,10.887181797448754,11.28921601789345,8272787
2007-12-03,11.820369720458984,11.981770902588602,11.151292527057075,11.154226585167505,6785587
2007-12-10,11.521047592163086,11.899604968044912,11.368451913898697,11.72353234269834,5690762
2007-12-17,11.843851089477539,11.843851089477539,11.286285806970625,11.359649601014027,6593711
2007-12-24,11.92601490020752,11.961229198218343,11.670709280604948,11.95829513981842,1645246
2007-12-31,12.137303352355957,12.2781616687762,11.600279971526543,11.835044951669337,4696316
2008-01-07,11.958292007446289,12.756490016226126,11.88492825279938,12.055132700912397,11016333
2008-01-14,11.57093620300293,11.940689185034678,11.400731685305331,11.591477973146777,9679266
2008-01-21,10.611339569091797,11.444752349029612,9.786730086585418,11.28335221927799,18609522
2008-01-28,10.837297439575195,10.93120298641315,10.344292758954726,10.467543369388633,7475046
2008-02-04,10.540904998779297,11.324430574803985,10.446999471086462,11.051517285121001,7432808
2008-02-11,10.834362030029297,11.236396333245738,10.373637600875107,10.373637600875107,5569085
2008-02-18,10.532103538513184,11.295087483118776,10.517431007152812,10.878380651941416,7681202
2008-02-25,11.145423889160156,11.377253672796284,10.602532434792199,10.652419261440775,8165806
2008-03-03,10.81968879699707,11.107274649326104,10.69643819718848,10.93707128014629,8276019
2008-03-10,11.154227256774902,11.415403222018393,10.781540284987303,10.819688639931037,9666872
2008-03-17,11.221722602844238,11.221722602844238,10.784474046891845,10.799146576808685,9694512
2008-03-24,11.045650482177734,11.444749622482796,10.828494321356851,11.221724224958317,8537214
2008-03-31,11.85851764678955,11.92894734612398,10.907722862706253,10.928265744570453,8562074
2008-04-07,11.879063606262207,12.231209988468747,11.752877809976175,11.879063606262207,5558142
2008-04-14,12.562814712524414,12.600963074015612,11.65897236081833,11.796896632272277,5424285
2008-04-21,12.571614265441895,12.71247255374933,12.005245934852864,12.562810972248357,7578420
2008-04-28,12.325111389160156,12.812246699287371,12.266420158656684,12.603893894470056,6022285
2008-05-05,12.474774360656738,12.909088843360657,12.110890705775818,12.32217871147586,5681139
2008-05-12,12.295769691467285,12.909090922863426,12.151976193437484,12.47771154821644,6646686
2008-05-19,12.368645668029785,13.3414608972789,12.329371363699572,12.619402846742387,10619554
2008-05-26,13.229680061340332,13.35959023135216,12.36864745876313,12.416986046268729,9303241
2008-06-02,12.994026184082031,13.368651036606993,12.855052913178673,13.178317377119486,5744774
2008-06-09,12.764419555664062,13.525753120714025,12.477408707939562,13.006112476517362,9446901
2008-06-16,12.420003890991211,13.039342205824752,12.38072844103129,12.679824148063444,8525426
2008-06-23,12.26894760131836,12.67378363704274,12.223629678800107,12.420005806402344,5132038
2008-06-30,11.755351066589355,12.776504994036214,11.752330409170687,12.217588867993102,7821265
2008-07-07,11.604296684265137,12.33239752648079,11.540852485115812,11.81275668967714,6440325
2008-07-14,12.815779685974121,13.142066016117772,11.468340550342754,11.688885427947481,11724289
2008-07-21,12.628467559814453,13.46230961911053,12.565023381004458,13.262912805362827,90827454
2008-07-28,11.954751014709473,12.489497411769824,11.827862625144185,12.407925810270811,20542963
2008-08-04,11.359578132629395,11.839943337342,11.238732243335859,11.737223697576953,24639700
2008-08-11,11.181331634521484,11.610337682099393,10.858067057940689,11.359580423218814,25726700
2008-08-18,11.634506225585938,11.71003535264825,10.966829018951028,11.10882414662274,19753001
2008-08-25,11.903388977050781,12.117891386911777,11.474383004845954,11.55293392978393,18377159
2008-09-01,10.924534797668457,12.213061745701165,10.785561456229773,12.030281364627482,23236541
2008-09-08,11.092204093933105,11.416979466780754,10.226640067923572,11.143561025729337,29938156
2008-09-15,11.074077606201172,11.074077606201172,10.015160326525926,10.75987738826742,49946766
2008-09-22,11.114864349365234,11.27196503992846,10.345977393314252,11.01818717863137,29079013
2008-09-29,11.120905876159668,11.208518762396357,10.371657290090859,11.03933430416053,34250089
2008-10-06,7.339919090270996,10.688880199142638,6.6465618225507095,10.554438472657848,82836487
2008-10-13,8.879203796386719,10.113347123688463,7.885240805907106,8.021192885863222,68980149
2008-10-20,9.466818809509277,10.256853843812978,8.800652051487868,9.24778484135205,42759891
2008-10-27,10.469847679138184,11.045380436028573,8.971350009759615,8.997030213721306,48201967
2008-11-03,10.770452499389648,10.986465819190324,10.21757881210908,10.531780214088764,30728888
2008-11-10,10.5000581741333,11.169246197241259,9.666216652820061,10.98646587229305,26928797
2008-11-17,9.554434776306152,11.132993104441779,9.47135285002136,10.492506416045519,37156239
2008-11-24,9.749707221984863,10.538548604403523,9.379308328862734,9.834945364516443,36031289
2008-12-01,8.483529090881348,9.82254414239372,8.216965701316704,9.732656267793008,30785863
2008-12-08,9.137541770935059,9.5466853440819,8.771792033971465,9.122044141211521,28534250
2008-12-15,10.244088172912598,10.50755257820277,9.188683981415277,9.382407287190452,34799645
2008-12-22,10.161948204040527,10.585040362636432,9.962025639639654,10.172796660292061,10130648
2008-12-29,10.94769287109375,11.127468691193465,10.225492902414908,10.234791244008553,9232160
2009-01-05,10.292130470275879,11.158460367359748,10.17279627365153,11.009681037682112,22354991
2009-01-12,9.599374771118164,10.433159848077862,9.531184396397432,10.321575061083507,23541791
2009-01-19,9.633472442626953,10.104607068888244,9.218129631341254,9.851992306003662,23008115
2009-01-26,9.320415496826172,9.912433865879217,9.18868388673506,9.52188761451706,18547074
2009-02-02,9.455245018005371,10.03641541403705,9.135989450248337,9.374656658654478,22481200
2009-02-09,8.547073364257812,9.39170659114447,8.430839368866438,9.363810384954807,25658395
2009-02-16,8.117780685424805,8.756292466089578,8.089884485139768,8.449434854150732,24190474
2009-02-23,7.838818550109863,8.2588104505669,7.4870170267229925,8.232463778864828,27504240
2009-03-02,7.626499652862549,7.84191989386755,7.0375808680324035,7.682292064586914,38336957
2009-03-09,7.562957286834717,8.009295922177406,7.253000016134962,7.593953132144008,36085996
2009-03-16,8.10228443145752,8.22936688968828,7.578456968485534,7.722587174488147,29836654
2009-03-23,8.237114906311035,8.767141568365961,8.120880926962506,8.30685482096288,23887662
2009-03-30,7.6435465812683105,8.345599640816037,7.618750022179552,8.096084523633913,31606821
2009-04-06,7.383181095123291,7.978298998042868,7.342886915507394,7.748930719683806,28111797
2009-04-13,7.792325019836426,7.970550673784654,7.3180908091091466,7.383181547367191,28243496
2009-04-20,7.996896743774414,8.026343060633375,7.345986997408718,7.614099945376719,28809699
2009-04-27,8.461834907531738,8.61216440238666,7.671443949240212,7.686941579325657,29341172
2009-05-04,8.82565975189209,9.479955937724457,8.510748937204019,9.039407697215855,34093323
2009-05-11,8.603751182556152,8.859921993256368,8.4454798147929,8.825657250471378,25256473
2009-05-18,8.66412353515625,9.088355958307636,8.305158452589879,8.484640993873064,28020698
2009-05-25,9.057353973388672,9.248258719125387,8.458534418300856,8.669018930482766,27713000
2009-06-01,9.049193382263184,9.426107365048596,8.86318409443615,9.267836020438505,20516560
2009-06-08,8.892556190490723,9.029615797039504,8.647806937541437,8.93987452877734,18171602
2009-06-15,8.729391098022461,8.877872304886033,8.419375090429257,8.877872304886033,25198583
2009-06-22,8.726126670837402,8.970875925106165,8.455270854343821,8.776708407460914,18446021
2009-06-29,8.574382781982422,8.95782368503486,8.469956524575158,8.677177651430643,18122120
2009-07-06,7.76671028137207,8.598858211652399,7.740603716251292,8.510748320958669,22045637
2009-07-13,8.403058052062988,8.543381062812383,7.668810261106029,7.729181571859989,20700348
2009-07-20,8.582539558410645,8.753864520189817,8.398162250241585,8.548274815026605,21888473
2009-07-27,8.747340202331543,9.086725579352786,8.562962219506202,8.696758455558669,25807431
2009-08-03,8.970876693725586,9.001878044514505,8.556434438271557,8.74733919662116,19315229
2009-08-10,8.894189834594727,9.293947173641962,8.768552400613594,8.908874818394166,18154570
2009-08-17,9.626805305480957,9.664333454861616,8.664124525961011,8.89255744319851,22866553
2009-08-24,9.656174659729004,9.990665206928892,9.470165312624166,9.656174659729004,23481573
2009-08-31,9.706756591796875,9.736125932377766,9.338000666189453,9.65128006415813,22282252
2009-09-07,9.902555465698242,10.044510493681171,9.617014644193834,9.773654653608459,18271088
2009-09-14,9.993927955627441,10.214202037106187,9.718177351212113,9.822603600874022,28928802
2009-09-21,9.659439086914062,10.227257383662536,9.646385492252657,10.113040920093841,20496684
2009-09-28,9.586015701293945,10.044513016783737,9.571330716173497,9.643123630968052,18722442
2009-10-05,9.819339752197266,10.051035405199327,9.54848394615412,9.62680362980677,17021141
2009-10-12,9.641490936279297,9.922137003921458,9.5484862505941,9.851975487010918,21428362
2009-10-19,9.636595726013184,10.018404648210339,9.636595726013184,9.65943889378427,20169761
2009-10-26,9.302103042602539,9.775285182782344,9.300471654777716,9.680649128204106,19933045
2009-11-02,9.422847747802734,9.577855757317451,9.12425331261263,9.300473101727373,18404565
2009-11-09,9.680649757385254,9.789970799210236,9.44732207020971,9.538694732647407,14856110
2009-11-16,9.48974609375,9.789971924326533,9.382056427479593,9.744285587857165,23003654
2009-11-23,9.315156936645508,9.607224538682823,9.1568855480409,9.574591179263479,19619246
2009-11-30,9.620280265808105,9.6806522158846,9.062252087302431,9.316790994369692,29684618
2009-12-07,9.6610689163208,9.757336982913056,9.382054910960544,9.610487801242709,23831964
2009-12-14,9.609804153442383,10.052404942604978,9.593039223975127,10.025580671732731,25930576
2009-12-21,9.852900505065918,10.025581727010861,9.619864507420301,9.626570096188384,14933769
2009-12-28,10.15467357635498,10.221734579257564,9.948461855810043,9.99540417411718,9552168
2010-01-04,10.18484878540039,10.293822731924772,10.032285643990848,10.193231249085116,21420100
2010-01-11,9.507535934448242,10.315617772614207,9.455564272034158,10.260292996570014,28827860
2010-01-18,9.479035377502441,9.837810219982861,9.47400538731351,9.572920000482123,21411118
2010-01-25,9.19403076171875,9.517598998891254,9.130322856904446,9.45221485637662,22796769
2010-02-01,8.793339729309082,9.448858442363806,8.791662852652953,9.10349539842291,24449668
2010-02-08,8.924108505249023,9.034758708187313,8.72795613439796,8.893931119034846,23797800
2010-02-15,9.240970611572266,9.276177989242436,8.88890195119945,8.934168031454432,20728750
2010-02-22,9.043140411376953,9.448858214325769,8.890577255945121,9.240969642315946,22822613
2010-03-01,9.165528297424316,9.240971774006082,8.867108145102204,9.068290536139854,26309370
2010-03-08,9.452213287353516,9.559510389519664,9.085055256423582,9.210794167938507,23017004
2010-03-15,9.354973793029785,9.502507610997807,9.292942783019805,9.445505952206148,20410945
2010-03-22,9.479035377502441,9.599744269839322,9.19402711586906,9.321442235430498,21618231
2010-03-29,9.673511505126953,9.802603501463878,9.494124083610442,9.527654580243844,17504460
2010-04-05,9.629920959472656,9.748954245744768,9.489093395601424,9.673510793752861,14195611
2010-04-12,9.43712329864502,9.72045471018163,9.395210333885936,9.685247973273862,21561729
2010-04-19,9.22420597076416,9.510890515180012,9.142056273007114,9.406946534776939,19498177
2010-04-26,8.984465599060059,9.363358622309434,8.751429553837959,9.314740055994518,25250921
2010-05-03,8.731714248657227,9.603338343518198,8.11109024395414,9.163228084317286,52441907
2010-05-10,8.58386516571045,9.080708044502824,8.355213927614262,8.578707835947855,38465474
2010-05-17,8.649191856384277,8.932856065826762,8.360369662752543,8.468677493503268,37539424
2010-05-24,8.797041893005371,8.896754626802272,8.203925442537209,8.681857172048593,27654537
2010-05-31,8.619965553283691,8.982712517783915,8.487588658534351,8.791883496207786,24419967
2010-06-07,8.528850555419922,8.552918966173225,8.231432547454814,8.436014694672892,30296304
2010-06-14,8.886438369750977,8.993027968183092,8.573547761302324,8.595897277852918,26585103
2010-06-21,8.381002426147461,9.07383175018148,8.325988719097447,8.99646917551529,23380406
2010-06-28,8.001062393188477,8.413665123161076,7.784445386114735,8.351775205526438,28531006
2010-07-05,8.58386516571045,8.652632623015412,7.916823190786584,7.935734274336203,21643451
2010-07-12,8.362091064453125,8.869249274351372,8.346618418869276,8.568392786966067,20303925
2010-07-19,8.702486991882324,8.750624466859481,8.238308366569223,8.317391126954918,22383154
2010-07-26,8.764379501342773,9.092742852863749,8.595899941193201,8.76609904858748,19789152
2010-08-02,9.005064010620117,9.269817202417698,8.802200740975637,8.814234947156661,21914613
2010-08-09,8.853775024414062,9.45033056116256,8.75062450975659,9.146035690363542,18921960
2010-08-16,8.585583686828613,8.991310224640399,8.585583686828613,8.88815969894573,17337784
2010-08-23,8.475553512573242,8.657786747903101,8.286444058710336,8.623403031978528,18392389
2010-08-30,8.9225435256958,9.092741960573013,8.329426356794336,8.489310132475993,20579976
2010-09-06,9.151192665100098,9.283569569135565,8.970678943529897,8.989590023508528,17383062
2010-09-13,8.705925941467285,9.273255114275695,8.64919335209395,9.226837183434778,22097074
2010-09-20,8.963800430297852,9.023972097038188,8.681855140564352,8.748903025828437,19374343
2010-09-27,8.924262046813965,9.194173214820408,8.874405676719773,9.027412569381575,17887391
2010-10-04,9.300761222839355,9.39703551497142,8.743747408729085,8.931138008322685,20433959
2010-10-11,9.563796043395996,9.620528627659356,9.07039103916656,9.336864394712649,18849762
2010-10-18,9.687577247619629,9.778694216737472,9.397036117398779,9.501906182951483,13296278
2010-10-25,9.861215591430664,9.909352416720125,9.54144803871625,9.79588657438421,19124958
2010-11-01,9.871530532836914,9.978120157331842,9.620530428345784,9.929982674851363,17315225
2010-11-08,9.567219734191895,10.266396899459188,9.446855026869688,10.160193063693722,20229393
2010-11-15,9.871672630310059,9.921234334871967,9.452166562572632,9.526509119415495,17336985
2010-11-22,9.368973731994629,9.999118435563936,9.257459214249142,9.94601583410481,21748567
2010-11-29,9.29817008972168,9.50880868413452,8.94946703655176,9.399063945360867,29651959
2010-12-06,9.72475528717041,9.81325870481013,9.21851630546231,9.298168841156064,19987602
2010-12-13,9.622092247009277,9.86990142602585,9.615011811121724,9.777858460397786,19059522
2010-12-20,9.930085182189941,10.015049074377684,9.66457487597922,9.689356405083426,9996280
2010-12-27,9.505267143249512,9.935393804901523,9.505267143249512,9.91238272736359,7743148
2011-01-03,9.634483337402344,9.855741909958475,9.522968827770333,9.579610968326495,14877708
2011-01-10,10.062838554382324,10.105320492957777,9.422073984526177,9.600851270529008,22086700
2011-01-17,10.498276710510254,10.638111611420404,10.00088720974036,10.062839338293745,28230842
2011-01-24,10.275247573852539,10.636341712240519,10.169043733257274,10.45933486109671,22887871
2011-01-31,10.277018547058105,10.471725823201549,10.195594878187086,10.259317455900238,18251728
2011-02-07,10.52128791809082,10.57793006144097,10.269938491377978,10.282328918034098,16523306
2011-02-14,10.51420783996582,10.63811210279574,10.39030290190831,10.556689108585338,15401702
2011-02-21,10.289408683776855,10.577929371643325,9.928314537046258,10.514207470950485,18734177
2011-02-28,9.885833740234375,10.492967378055921,9.829191594014373,10.232767729866433,24868125
2011-03-07,9.643332481384277,9.954864895301775,9.491106492223171,9.848660387055013,22394841
2011-03-14,9.314101219177246,9.823881188851658,9.052131135168516,9.699976246018817,46593933
2011-03-21,9.830961227416992,9.887603368950026,9.404374719180806,9.484027941720258,21312644
2011-03-28,10.036290168762207,10.259318539077963,9.82742199764019,9.832731987934386,25647042
2011-04-04,9.70882511138916,10.043368613329552,9.561909782167845,9.99911690238388,27391682
2011-04-11,9.64156436920166,9.749538667313509,9.540670507903487,9.65395479601178,17785272
2011-04-18,9.613241195678711,9.682273751452161,9.282237936888231,9.595540107514061,14678034
2011-04-25,9.77962875366211,9.859281973579078,9.544209312043908,9.613242552790325,11968705
2011-05-02,9.69090747833252,10.157043153414515,9.542179401794728,10.157043153414515,17365938
2011-05-09,9.37894058227539,9.643749031431934,9.268301255628081,9.643749031431934,21273938
2011-05-16,9.465999603271484,9.647375342921862,9.275555215017297,9.322713294786777,17871693
2011-05-23,9.2229585647583,9.451492445636877,9.173987710749474,9.431540998206906,16303221
2011-05-30,8.927316665649414,9.311833149322583,8.813049723445513,9.206634858301335,17583420
2011-06-06,8.753195762634277,8.987170709594647,8.751382309076016,8.898296955470757,17303247
2011-06-13,8.86020565032959,8.943639026249805,8.640741145518648,8.765890863452162,25746388
2011-06-20,8.704225540161133,8.956337808655075,8.684274090097214,8.713294192400966,18404795
2011-06-27,9.183055877685547,9.221144625192796,8.622604693315706,8.709664984143856,20568123
2011-07-04,8.80942153930664,9.228399838288723,8.80942153930664,9.210261845234747,19683186
2011-07-11,8.296128273010254,8.794911655467335,8.274362681794136,8.71147827292623,24175384
2011-07-18,8.684274673461914,8.69334332631093,8.145588253125156,8.25441347110109,19624826
2011-07-25,8.281617164611816,8.722360316267702,8.165536789045323,8.575445701751201,15200767
2011-08-01,7.403759002685547,8.3795608557063,7.360229204601441,8.35598181147277,34726027
2011-08-08,7.528908729553223,7.690333763652843,6.645608827029212,7.407387282506083,56019969
2011-08-15,7.068216323852539,7.68308027748859,6.776201126546006,7.586951308894719,30714108
2011-08-22,7.566997051239014,7.828177900790089,7.001104172704578,7.015614565848674,29365696
2011-08-29,7.5851359367370605,7.969652440836257,7.461800336798753,7.690334233346581,23041276
2011-09-05,7.182480335235596,7.508957280204759,7.075468601472074,7.371111305241409,28322746
2011-09-12,7.5851359367370605,7.771952790219891,6.877770036614047,7.013801887261259,41495427
2011-09-19,7.322139739990234,7.762882922390048,7.053703679794628,7.459985714511066,26954349
2011-09-26,8.140143394470215,8.3940690150078,7.189734213658321,7.189734213658321,30750877
2011-10-03,8.637114524841309,8.66976222087619,7.869895051808963,7.924307647902534,25642928
2011-10-10,8.550054550170898,8.751381785896593,8.279805013051364,8.67701774036576,29129506
2011-10-17,7.799158096313477,8.682457900933176,7.572438384211341,8.599025212934066,31747073
2011-10-24,7.8934736251831055,8.152841032678047,7.532535536997825,7.849943135774772,25356841
2011-10-31,7.2822370529174805,7.697587018171892,7.117185138717618,7.664939325965888,36599233
2011-11-07,7.757126331329346,7.946324534532501,7.223587456035159,7.541440495155168,45799270
2011-11-14,7.308725357055664,7.819560549769472,7.238721515964487,7.772261008254003,22239832
2011-11-21,6.860324859619141,7.299265248133226,6.678694801999741,7.2841290491314306,23788822
2011-11-28,7.916051387786865,8.092005741983339,6.9227610045574925,6.95870839669784,29208028
2011-12-05,8.074976921081543,8.16579194446424,7.6757687179365535,8.008757858740092,23012325
2011-12-12,7.465759754180908,8.118493597197697,7.412784496547997,8.082546204051614,26385723
2011-12-19,7.747665882110596,7.802533529415879,7.361701408405149,7.395757139716442,15434145
2011-12-26,7.991732120513916,7.991732120513917,7.641715024702319,7.747666274338353,8694456
2012-01-02,7.821454048156738,8.26796194025531,7.783614261723422,8.01254392313084,14680748
2012-01-09,7.908481121063232,8.209306155004388,7.726851102537808,7.840369683682814,17232865
2012-01-16,7.993624687194824,8.226338408048283,7.806318134357984,7.832806491057255,18895159
2012-01-23,7.855509281158447,8.006867695473534,7.624687248244284,7.972811962035909,23953233
2012-01-30,8.158226013183594,8.169578164772993,7.732530071987967,7.808209639116282,24373196
2012-02-06,7.39764928817749,8.144982318167242,7.361701890211256,8.110926584627082,33994362
2012-02-13,7.486572265625,7.549008014299081,7.212234747791319,7.479004164864419,22413171
2012-02-20,7.444947719573975,7.539546804812443,7.344672920175996,7.518735612316324,19602791
2012-02-27,7.41657018661499,7.5244131116337485,7.34467466269118,7.410893749375008,20365852
2012-03-05,7.463869094848633,7.533872226392703,7.29359042705619,7.391973577143618,24484938
2012-03-12,7.569817543029785,7.651172803969048,7.3011565207530795,7.384403445599315,27054845
2012-03-19,7.391972064971924,7.5925223747083495,7.329537047376228,7.541438784820759,18280084
2012-03-26,7.329535961151123,7.562249577217682,7.208448550251211,7.450622650317436,23857104
2012-04-02,7.040063858032227,7.407108776287482,6.881137363528676,7.340888982566313,23469249
2012-04-09,6.795997142791748,7.057090789619071,6.727886415637092,7.040062927396992,21253894
2012-04-16,7.070334434509277,7.263316627869431,6.761941979641862,6.769509356879279,35331311
2012-04-23,6.958690643310547,7.241516070455576,6.7740685831337935,7.215983734491031,31077135
2012-04-30,6.713181972503662,6.990115426932173,6.650331879954794,6.962618605096068,21833714
2012-05-07,6.677828788757324,6.832990284547122,6.534451966435988,6.666044115288861,27251130
2012-05-14,6.379291534423828,6.618908023614281,6.188777110307763,6.589446709646415,28751128
2012-05-21,6.457854270935059,6.559985872758934,6.251626954796525,6.379291269768292,22657652
2012-05-28,6.265374183654785,6.548199960407863,6.133781668568347,6.524631364204488,26414264
2012-06-04,6.410717487335205,6.504992656356906,6.190742092951236,6.20645462112152,22244666
2012-06-11,6.719075679779053,6.760320923246379,6.389112233575647,6.481423658773146,33867733
2012-06-18,6.939051151275635,6.9960085419376625,6.501063419622674,6.760320281421145,29002280
2012-06-25,7.367217063903809,7.394714639009398,6.793709697883152,6.876200175502981,28159091
2012-07-02,7.0922465324401855,7.524341451260271,7.0922465324401855,7.345611372245,30007675
2012-07-09,7.084390640258789,7.145276995844907,6.862450827168447,7.104031013424783,27015446
2012-07-16,6.8978047370910645,7.176702707117934,6.850667537434197,7.035289609682772,21646057
2012-07-23,7.054929256439209,7.064750192150236,6.499098610029932,6.834953932538281,26143295
2012-07-30,7.5066657066345215,7.543982716835228,6.970475406050947,7.1393845700374925,27964053
2012-08-06,7.585228443145752,7.795383604818665,7.433995156377269,7.506666193017277,24854359
2012-08-13,7.871984958648682,7.889660851509034,7.467386678097261,7.563625591199682,16065391
2012-08-20,7.763956546783447,7.993752773476197,7.60486760061287,7.860196158646517,17006759
2012-08-27,7.689324378967285,7.852341587982026,7.502737821066918,7.744318027902532,18628595
2012-09-03,7.636294841766357,7.760030557929903,7.488989775563015,7.585228665912438,25421031
2012-09-10,7.813058376312256,7.856268090564637,7.542017666634895,7.542017666634895,29310075
2012-09-17,7.657898902893066,7.89358638475573,7.528270488175708,7.7384256340169975,32109944
2012-09-24,7.139382362365723,8.035908051499343,7.139382362365723,7.970258619681038,32933293
2012-10-01,7.3671040534973145,7.414289532949047,7.081939191861266,7.104506330425779,22628105
2012-10-08,7.108609676361084,7.326073127158075,7.081939349952843,7.326073127158075,19153754
2012-10-15,7.309660911560059,7.401980667058869,7.092196685563189,7.092196685563189,23022285
2012-10-22,7.213237762451172,7.412238031653804,7.083990108451314,7.285041579893918,20037991
2012-10-29,7.311712265014648,7.422495973903465,7.057320914162128,7.1681038404479915,23721621
2012-11-05,6.899352073669434,7.274784729273394,6.819341874078573,7.252217589367666,26330860
2012-11-12,6.622392177581787,6.934227354845513,6.5690523103011795,6.9301241677311705,26163605
2012-11-19,7.049114227294922,7.049114227294922,6.655216874008731,6.681887198878823,20324287
2012-11-26,7.096299648284912,7.180413026722401,6.831649951761016,7.036804609667371,23715703
2012-12-03,6.2408061027526855,7.235806494045145,5.970001956453213,7.137332330172891,62127476
2012-12-10,6.26747465133667,6.355691216968753,6.144382169460836,6.251062294333129,27444359
2012-12-17,6.335175514221191,6.343381888168158,6.230546985507499,6.281835648771698,35569491
2012-12-24,6.324918270111084,6.406980057381289,6.25926884029492,6.347485408348441,10932437
2012-12-31,6.562896251678467,6.562896251678467,6.29004062252952,6.306452976489555,12629885
2013-01-07,6.324918270111084,6.542382104202494,6.292093555203002,6.5403305106080545,21347019
2013-01-14,6.277732849121094,6.425444067566936,6.212083418700719,6.368001011599844,16927234
2013-01-21,6.285938739776611,6.409031615654262,6.136175929921178,6.298248301275403,21764450
2013-01-28,6.222341060638428,6.3721038742662,6.189516345084435,6.306454443158216,22436852
2013-02-04,6.056166172027588,6.2982487540184815,5.97615558173983,6.228496132383766,22531455
2013-02-11,5.982309818267822,6.189516070576111,5.957691478344902,6.0397532635903985,19946634
2013-02-18,6.0274434089660645,6.08078366460488,5.793567234574011,5.986412713991048,22467757
2013-02-25,5.8181867599487305,6.171052663217692,5.764846497018278,6.027444232920206,34024683
2013-03-04,6.035650253295898,6.080784138677596,5.7915160926507205,5.818186418200131,19897345
2013-03-11,5.992568016052246,6.045908279818011,5.92076419108054,6.027444327310573,24837378
2013-03-18,6.4418559074401855,6.48904138284985,5.8592166723338615,5.9022993521480975,30374218
2013-03-25,6.162846565246582,6.49724851009116,6.052062853992847,6.49314532271847,18864671
2013-04-01,6.329021453857422,6.437753175193251,6.162846285812962,6.162846285812962,19892404
2013-04-08,6.632650375366211,6.698299802393283,6.232598250079045,6.36389749543464,23509744
2013-04-15,6.42544412612915,6.761897655750779,6.246959784459716,6.644959557836017,29262712
2013-04-22,6.817634105682373,7.131899726550133,6.695776174229305,6.740671437680852,28496289
2013-04-29,7.153278827667236,7.1682437813023245,6.836875669265799,6.836875669265799,20029445
2013-05-06,7.116935729980469,7.1575547740743275,6.988663647976118,7.114797413406211,15164053
2013-05-13,7.099832057952881,7.163967687563293,6.84115122305791,7.140451915278204,27051773
2013-05-20,6.952320098876953,7.151141123557834,6.890321969561671,7.106246263927644,17519680
2013-05-27,6.73425817489624,7.067764587624316,6.73425817489624,6.973698237211162,18341395
2013-06-03,6.565367221832275,6.7513612030485595,6.5033694999364435,6.7299825235876405,21578615
2013-06-10,6.603849411010742,6.65943381995506,6.422131637181142,6.537575865169777,22169083
2013-06-17,6.338755130767822,6.849703973222913,6.338755130767822,6.62736632654105,33561051
2013-06-24,6.432820796966553,6.50123225198315,6.172002022774665,6.336616933496689,25951335
2013-07-01,6.43068265914917,6.561092245485861,6.283170209667046,6.473440020894964,21417037
2013-07-08,6.548264026641846,6.66370864519837,6.456336402836627,6.473439263982292,18658457
2013-07-15,6.710741996765137,6.732120677003109,6.522610507752685,6.57605700446541,13381101
2013-07-22,6.901010513305664,6.956595319484751,6.685087052992771,6.732119817298609,15921043
2013-07-29,7.2473464012146,7.2687246769941805,6.661572347824097,6.911702415195713,29365257
2013-08-05,7.324307918548584,7.4696824621510585,7.0549379204198,7.2601722823778125,26607027
2013-08-12,7.294376373291016,7.315755457571994,7.168242630383612,7.29010055643482,15787147
2013-08-19,7.1554179191589355,7.311481606490522,6.967286004548313,7.296516651234678,16821597
2013-08-26,7.012180328369141,7.1725198213144505,6.9266664214489415,7.1703823202412,20629164
2013-09-02,7.27086067199707,7.32003216405495,6.9758366128224525,7.069902148504809,22275185
2013-09-09,7.7540178298950195,7.766845282678168,7.151141413076972,7.283688496387562,30137893
2013-09-16,7.880150318145752,7.925045172321441,7.679191001405399,7.801049744284489,24074718
2013-09-23,8.055456161499023,8.14524588576779,7.856635125728087,7.914357440841794,22755489
2013-09-30,8.072556495666504,8.149519562263892,7.899390411350997,7.989180112028873,20742462
2013-10-07,8.222209930419922,8.326965436465649,7.963529048335172,8.036216325961266,24642211
2013-10-14,7.935734748840332,8.346204223459498,7.910080661529363,8.1708997983652,25790814
2013-10-21,7.882289409637451,7.984906589404394,7.7005716400451485,7.944287543932745,22532879
2013-10-28,7.826704978942871,7.933597970590758,7.700571216177212,7.912218882943897,19724900
2013-11-04,7.972078800201416,8.151659042738324,7.792498557664509,7.8138768278715585,23465894
2013-11-11,7.89147424697876,8.412947596963363,7.880284011289187,8.370424359838886,32584457
2013-11-18,7.74376106262207,7.978760285350881,7.609476524285841,7.873570189605996,23948491
2013-11-25,7.640809535980225,7.797475400077544,7.62066676982828,7.772856368807358,17633948
2013-12-02,7.376715183258057,7.723617586888566,7.3162868904305185,7.609475825165568,26508303
2013-12-09,7.345382213592529,7.6027618855103,7.325239449235832,7.6027618855103,22113941
2013-12-16,7.598287582397461,7.598287582397461,7.222289786510052,7.3520980818404755,37442983
2013-12-23,7.625142574310303,7.690047133963482,7.531143573786573,7.609476074223014,8346237
2013-12-30,7.495335102081299,7.725857216701813,7.477430040794887,7.656476384857438,11452715
2014-01-06,7.508762359619141,7.59604739103076,7.387905768236791,7.499809829792248,22760322
2014-01-13,7.7639031410217285,7.855664433300664,7.443857470784423,7.535618763063359,27712040
2014-01-20,7.419239521026611,7.813141436652947,7.3923819319137385,7.788522406846258,26291999
2014-01-27,7.334193229675293,7.446097305464491,7.1685748218527285,7.430430803154831,32158740
2014-02-03,7.602761268615723,7.607237532971803,7.2625728613947995,7.331952824513718,28615278
2014-02-10,7.8019514083862305,7.8019514083862305,7.52442895651219,7.609476283438787,21340431
2014-02-17,8.059330940246582,8.079473707483112,7.723618722144619,7.801952085291269,23363887
2014-02-24,8.321186065673828,8.42637615648779,7.848950790436982,8.05933011830467,43634952
2014-03-03,8.390565872192383,8.547230855964129,8.142138749697,8.204804743205699,32945461
2014-03-10,8.446517944335938,8.685992539482111,8.339089306620895,8.386089655781277,32124032
2014-03-17,8.735231399536133,8.885183296751427,8.430852193630729,8.484566522691805,36016986
2014-03-24,8.934419631958008,8.934419631958008,8.636755279932741,8.728516573866571,24124240
2014-03-31,8.775516510009766,8.94113490068685,8.717326772277968,8.925468399999048,26760666
2014-04-07,8.784467697143555,9.017228320008513,8.71956314492465,8.728515673594869,29038124
2014-04-14,8.925468444824219,8.950087475674477,8.699421755890262,8.739707287507,19426473
2014-04-21,8.536043167114258,8.972469254023808,8.502472455050682,8.925469744878573,23182208
2014-04-28,8.60512638092041,8.950816666664334,8.391679810217457,8.84177326179244,31029543
2014-05-05,8.960099220275879,8.967060023654648,8.51464674559197,8.632969782606322,28342489
2014-05-12,9.013461112976074,9.173546323214026,8.929939433545702,8.969380152857092,26853875
2014-05-19,9.414833068847656,9.449633545628405,9.013460666700267,9.03202162901165,29467332
2014-05-26,9.505313873291016,9.51227379041419,9.36378965821824,9.412510848150928,25365820
2014-06-02,9.730360984802246,9.744281705851904,9.46355380244894,9.542436118326298,24752825
2014-06-09,9.609715461730957,9.832442528637891,9.38930984208598,9.744279749758796,23166849
2014-06-16,9.554036140441895,9.762842528032406,9.509955185299605,9.554036140441895,25605836
2014-06-23,9.398591041564941,9.693239657207473,9.354510087112088,9.528515112370922,29942555
2014-06-30,9.333629608154297,9.42875232151965,9.270987691786576,9.393951846894476,24617845
2014-07-07,9.096981048583984,9.382349138019158,9.022738987187932,9.319707232772142,25167589
2014-07-14,9.175865173339844,9.280268369503833,9.015780862578632,9.150344293718051,24324334
2014-07-21,9.185144424438477,9.47515277216003,9.154983308465567,9.210665300643612,22073041
2014-07-28,8.744331359863281,9.28026710371554,8.702570087093742,9.23154591382949,30752279
2014-08-04,8.558725357055664,8.87425454930318,8.486803860464201,8.744330503955629,26337754
2014-08-11,8.788414001464844,8.953138545262677,8.528565861491431,8.632969052995453,22559541
2014-08-18,8.609769821166992,8.936899272377849,8.521607016681424,8.888178071886651,25709627
2014-08-25,8.697930335998535,8.806972867674041,8.577286762943865,8.697930335998535,25180949
2014-09-01,9.127143859863281,9.17122481544089,8.700251484934418,8.702571162581513,29899808
2014-09-08,8.985618591308594,9.152663683768754,8.918336441841557,9.115542650448191,19402008
2014-09-15,9.185144424438477,9.266346407786415,8.967058465564554,8.974018382698594,27279817
2014-09-22,9.066821098327637,9.247786017914178,8.890495533315182,9.187463788028523,25265843
2014-09-29,9.02738094329834,9.257067972881275,8.920658070376525,9.059861740706252,27801493
2014-10-06,8.586567878723145,9.08538265523116,8.544807485491068,9.07146193413023,30868899
2014-10-13,8.505495071411133,8.665256744027896,7.711458537352786,8.555570168567344,59276729
2014-10-20,8.66763973236084,8.722483922699755,8.305197260571546,8.46734209815479,31058099
2014-10-27,9.230381965637207,9.244689266258172,8.550801104366327,8.71056186804259,33597056
2014-11-03,8.882245063781738,9.192229273346868,8.813094481219727,9.165999679298327,31880304
2014-11-10,8.805940628051758,9.108771620097487,8.665255378355123,8.867937101485136,26065988
2014-11-17,8.975239753723145,9.006238445898873,8.679562859411165,8.741559334149894,27838778
2014-11-24,9.449753761291504,9.542748918997841,8.999084360337628,9.027698045105891,29396699
2014-12-01,9.785967826843262,9.807428318509647,9.342451605479763,9.371065291164053,23134569
2014-12-08,9.03246784210205,9.731124990666018,9.008622344942106,9.700126299164445,26722088
2014-12-15,9.297146797180176,9.45690753230132,8.519800885025616,8.863167852040778,52213772
2014-12-22,9.371066093444824,9.487906760212091,9.204151245039904,9.292378223673191,8218448
2014-12-29,9.208921432495117,9.516521572512996,9.13738674890355,9.371067200429525,13287358
2015-01-05,8.689101219177246,9.294763290625387,8.596106040807815,9.151693925382084,33316296
2015-01-12,8.796401023864746,8.932317152412075,8.345731659774911,8.727250457519595,38238553
2015-01-19,9.301916122436523,9.409218596981484,8.755867369063827,8.825017044114752,41615164
2015-01-26,9.406834602355957,9.57613355866251,9.156462765483715,9.270918436350659,32737692
2015-02-02,9.065850257873535,9.561824753558207,9.061081158636522,9.40444811718745,32673269
2015-02-09,8.92755126953125,9.05869925625857,8.820249694373103,9.013393257348081,29502769
2015-02-16,8.865554809570312,9.0515451773082,8.715331330451999,8.92278219520679,25093484
2015-02-23,9.478368759155273,9.478368759155273,8.86555354359652,8.963317813910214,33499433
2015-03-02,9.011009216308594,9.47360104169587,8.96331912172128,9.442602343772183,30981321
2015-03-09,8.693869590759277,9.034852489281587,8.650948602860472,8.975240107156885,34206673
2015-03-16,9.06108283996582,9.094465631206587,8.708177617457535,8.741560408698302,42450370
2015-03-23,8.951395988464355,9.087312154080777,8.820248922822014,9.025314764030556,25342291
2015-03-30,8.825017929077148,9.013393302211382,8.741560945846992,8.965703207674338,22679963
2015-04-06,9.187461853027344,9.409220031013515,8.8250183891103,8.8250183891103,26172042
2015-04-13,9.211305618286133,9.347221777907711,9.056313059609638,9.21368971336161,28093049
2015-04-20,9.199382781982422,9.34722122750155,8.927549569133246,9.225611464719313,22691471
2015-04-27,8.920003890991211,9.645167402704413,8.868556688067539,9.422228588814406,29709678
2015-05-04,9.076797485351562,9.076797485351562,8.67501765694474,8.922454915079195,41906101
2015-05-11,8.733813285827637,9.103744361219336,8.57212141516144,9.09639502809262,36373661
2015-05-18,9.174793243408203,9.204191517561567,8.608871092268824,8.753413930808097,28137270
2015-05-25,9.00329875946045,9.262986080526499,8.976349960583766,9.167440084176262,24843349
2015-06-01,8.64072036743164,9.076798380095472,8.626020762057651,9.049849570853665,26315516
2015-06-08,8.407979965209961,8.719114536877651,8.29283541735345,8.623569458679336,40139112
2015-06-15,8.363882064819336,8.491275813505405,8.158092306873248,8.329583927587347,37240246
2015-06-22,8.569672584533691,8.81221090224737,8.442278824523441,8.574572452367267,36532077
2015-06-29,8.192391395568848,8.403081045382434,8.133594849072281,8.25118887661967,43685678
2015-07-06,8.45207691192627,8.481475178640444,7.878805570952586,8.06499583954776,37412692
2015-07-13,8.652968406677246,8.795061769171431,8.49372597416538,8.594171862203547,26694288
2015-07-20,8.510875701904297,8.787711214358943,8.486376363708624,8.689716665238834,22436962
2015-07-27,8.56722354888916,8.75586426447778,8.084597290376012,8.466778589633327,40683604
2015-08-03,8.775461196899414,8.87590613778029,8.53047344503834,8.606419984554751,29234274
2015-08-10,8.4373779296875,8.819559163198937,8.412879528055816,8.809759428724616,22612442
2015-08-17,7.942503452301025,8.525574635756318,7.942503452301025,8.491276495768517,27125302
2015-08-24,7.942503452301025,7.942503452301025,7.205090638900626,7.741614012888823,46058048
2015-08-31,7.366781234741211,7.8886053803287774,7.337382967745224,7.8886053803287774,31995135
2015-09-07,7.48192834854126,7.8200113391234,7.388832714003744,7.415781524097844,30753836
2015-09-14,7.334933757781982,7.638718527941568,7.1291439994033805,7.491725776631555,35001647
2015-09-21,7.143843650817871,7.501526053773574,6.935603943680349,7.344733556311559,30235057
2015-09-28,6.874356746673584,7.1389435215574135,6.761662595925421,7.058097575545052,40204331
2015-10-05,7.435379505157471,7.533374527507015,6.9625529966341535,6.99195173697758,30434219
2015-10-12,7.672313690185547,7.801493848191585,7.317699938167627,7.755901107018944,35850043
2015-10-19,8.227029800415039,8.254892433179222,7.593791660300783,7.687511117611532,32779997
2015-10-26,8.082651138305664,8.224496821756848,7.96866808608995,8.211831286653695,23793261
2015-11-02,8.204233169555664,8.38660606268085,8.05478893018802,8.059854951246466,30812379
2015-11-09,8.130777359008789,8.341012886007832,7.963603011247158,8.176370582544854,30943780
2015-11-16,8.419535636901855,8.50312257789254,8.034526207449009,8.075053414102486,25506962
2015-11-23,8.252360343933105,8.43219975337556,8.143443300750825,8.429666259583541,22483902
2015-11-30,8.090250968933105,8.525918654554859,8.02946016278512,8.232096183278406,30480212
2015-12-07,8.02186107635498,8.22703010610106,7.864817799197659,8.18143688101918,30637335
2015-12-14,8.100381851196289,8.419534402255898,7.852152626063639,8.057321640051047,37862944
2015-12-21,8.346078872680664,8.42966580465564,7.9838665795514245,8.08771759578986,16966259
2015-12-28,8.323281288146973,8.419533744658583,8.242226893056543,8.36127499233302,8798527
2016-01-04,7.624186992645264,8.201700326799452,7.603923392312959,8.19156828507213,28737931
2016-01-11,7.241711616516113,7.877482785384275,7.175854790082344,7.598857899125209,36747567
2016-01-18,7.305035591125488,7.353161827473625,6.894697043079703,7.239178763260244,37522724
2016-01-25,7.444345951080322,7.484873145397833,7.044139544853205,7.310099801074418,31989842
2016-02-01,7.109997272491455,7.482341582551619,7.021343842328449,7.462077499659661,29781021
2016-02-08,6.762983798980713,7.203717504076187,6.659132778516271,7.12266309621344,47323935
2016-02-15,7.10239839553833,7.216380957791832,6.859234726444045,6.889630366251695,31357577
2016-02-22,7.2467780113220215,7.3455630145041155,6.608473798939874,7.1226633838792255,38516732
2016-02-29,7.198651313781738,7.343029534787592,7.056806103352417,7.2265139470012425,30214438
2016-03-07,7.107464790344238,7.19358521654607,6.8465709843113665,7.117596832543214,37793321
2016-03-14,7.0618720054626465,7.198651684913035,6.861768990823707,7.1581244798438215,27662217
2016-03-21,6.803511142730713,7.082135554704309,6.788313078602329,7.034009800998261,21421746
2016-03-28,6.8009772300720215,7.03400886812212,6.730054389579444,6.803510240424148,18955868
2016-04-04,6.752851963043213,6.927625837296034,6.5654135183452516,6.788313146787521,26788427
2016-04-11,7.02894401550293,7.084668803143211,6.707258894159365,6.750319111056711,25512814
2016-04-18,7.22144889831543,7.3177008975735305,6.904829780447106,6.963087582185493,22232371
2016-04-25,7.29490327835083,7.520336387767228,7.041608018920282,7.142926509190395,37803234
2016-05-02,7.030181407928467,7.6451580646489585,6.906660644022526,7.621505077754225,26866259
2016-05-09,7.017040252685547,7.114279852846525,6.848841198959939,7.053833560717136,22674957
2016-05-16,6.990760326385498,7.114281097291797,6.91191686517762,6.998644321616365,17743503
2016-05-23,7.298248291015625,7.369207252015435,6.909288840105337,6.990759961287736,18250268
2016-05-30,7.098511219024658,7.371833861185802,7.009155614538788,7.277222427996399,24784753
2016-06-06,7.419140815734863,7.561058736311838,7.0932558330007875,7.095883998337912,45096680
2016-06-13,7.4217681884765625,7.429652683645921,7.059089932296946,7.319272257631042,48828479
2016-06-20,7.082742214202881,7.815983149022662,6.4861623398686215,7.566313508671838,47490442
2016-06-27,7.5794548988342285,7.702975654007795,6.88037900536351,7.027552745759648,48535788
2016-07-04,7.642529010772705,7.716116128253408,7.3692063624909485,7.621504191674109,27458817
2016-07-11,7.897454261779785,7.981554031530846,7.647784621139039,7.6872060905800845,21635189
2016-07-18,7.9158525466918945,7.984182836144058,7.7266286642974356,7.9158525466918945,18780677
2016-07-25,7.739769458770752,7.992067299244821,7.655669677341478,7.923736508798615,21738685
2016-08-01,7.6845784187316895,7.850149302784781,7.413883442335244,7.810727329543713,24880427
2016-08-08,7.789702415466309,7.826496223288294,7.63201652952228,7.697719149089361,18044377
2016-08-15,7.526892185211182,7.855405293871184,7.4690740585446616,7.823868316151708,17206875
2016-08-22,7.532147407531738,7.600478184236429,7.437535485745067,7.526891078261112,14554699
2016-08-29,7.681950092315674,7.700346745430224,7.42176778125732,7.490098565162221,16944597
2016-09-05,7.6714372634887695,7.800214325307285,7.597850156190549,7.716115060549981,20383160
2016-09-12,7.137933254241943,7.589967141025494,7.053833973098144,7.5505456656482455,31101811
2016-09-19,7.282478332519531,7.366578109177452,7.098511292928933,7.190495063359843,25754516
2016-09-26,7.248311996459961,7.387601711680106,7.087997465854806,7.253568325623998,24234686
2016-10-03,6.872493267059326,7.266708947784768,6.872493267059326,7.2456841315302585,29824446
2016-10-10,7.188326835632324,7.33853914687192,6.7513463716316915,7.174671407756534,33258250
2016-10-17,7.262068271636963,7.330346461087538,7.128243082824383,7.144629702434573,18359229
2016-10-24,7.275722503662109,7.341269492235866,7.128241909601445,7.286647262218315,18871011
2016-10-31,6.961644172668457,7.256605931901961,6.857861553330533,7.245681692408034,26454599
2016-11-07,6.401762962341309,7.147360639751938,6.390838202373381,7.087276022692012,57074410
2016-11-14,6.147767543792725,6.497352021686021,6.12864973626096,6.450922837285514,37500987
2016-11-21,6.306173324584961,6.4399985071426915,6.17234814202723,6.2051213797158224,30542224
2016-11-28,6.300710678100586,6.423611616536321,6.259743872262407,6.325290865787733,32818335
2016-12-05,6.519201755523682,6.557437374906996,6.267937997602086,6.2925181874688585,33080648
2016-12-12,6.622983932495117,6.672144308949691,6.399031569465357,6.546512177907868,50073392
2016-12-19,6.579286575317383,6.745885529290004,6.546512814188523,6.6229845762083555,20964185
2016-12-26,6.620253086090088,6.647564465639849,6.546512517582102,6.579286277226064,12450929
2017-01-02,6.642102241516113,6.721305191978149,6.590210671245167,6.62025324154749,19043240
2017-01-09,6.374452114105225,6.672145076042438,6.267938300155288,6.6694138858230465,55751830
2017-01-16,6.3553338050842285,6.502814418916581,6.31163580684344,6.368989234189014,37950781
2017-01-23,6.136844158172607,6.409956946143426,6.136844158172607,6.363527751351534,26747822
2017-01-30,6.052178859710693,6.139574861581839,5.880118046142034,6.136843671408208,33690679
2017-02-06,6.101339340209961,6.205121963889284,5.964782954835381,6.084952719822967,27477203
2017-02-13,6.052178859710693,6.229702053626616,6.011212048948752,6.095876860646267,25462352
2017-02-20,6.131380081176758,6.205120111363938,6.022134588755086,6.098606329266033,25465494
2017-02-27,6.988955974578857,7.0572341685306474,6.128650834970569,6.134112694586539,56446575
2017-03-06,6.860592842102051,7.016267033808436,6.80870127122617,6.991686843442032,38152301
2017-03-13,6.816893577575684,6.904290089862541,6.702186729599157,6.887902950790581,46751779
2017-03-20,6.87151575088501,6.9097513636400905,6.745884154163373,6.797775194067794,25455418
2017-03-27,7.253874778747559,7.253874778747558,6.7786586376130185,6.849668017909616,33731660
2017-04-03,7.3467326164245605,7.387699423321779,7.1555540105971325,7.264799002630122,23751625
2017-04-10,7.191059112548828,7.363119926033673,7.163747731747083,7.360389256782634,17966110
2017-04-17,6.983492374420166,7.221100677081013,6.876978577152125,7.191058110294155,32605721
2017-04-24,7.073619842529297,7.425935526210878,7.035384225728336,7.289379156583204,38130134
2017-05-01,7.5542988777160645,7.597996877513889,7.068157978813708,7.073620359018748,30025962
2017-05-08,7.537911415100098,7.701779156478158,7.488751040594559,7.537911415100097,30258139
2017-05-15,7.637453079223633,7.900911311258013,7.5128066036846874,7.872582910663457,40252793
2017-05-22,7.5014753341674805,7.7139415954169115,7.458982189983523,7.682780244524486,23175140
2017-05-29,7.648784637451172,7.742269761406836,7.467480285617056,7.512806373575585,41799545
2017-06-05,7.89241361618042,7.974566956836775,7.569464529253983,7.645952513552059,31287511
2017-06-12,7.940571308135986,7.980231497553269,7.679946048401935,7.872582180422262,42561907
2017-06-19,7.883913516998291,8.039721868823214,7.736603468523724,8.017058826006323,26051686
2017-06-26,7.487310886383057,7.983065479643671,7.478812041694209,7.917909291351386,33046772
2017-07-03,7.419321537017822,7.643119037440972,7.34283355800134,7.543968013567339,22088260
2017-07-10,7.5439677238464355,7.631787492083641,7.365496319991657,7.4504825998597255,19593436
2017-07-17,7.688446521759033,7.753603260330497,7.4844790810471284,7.560967073937733,29102652
2017-07-24,7.7281060218811035,7.900911539892851,7.64028624844193,7.711108332636967,23511018
2017-07-31,7.8442535400390625,7.915075618305105,7.665781600224075,7.705442331477171,23849780
2017-08-07,7.682779312133789,7.86125071217878,7.648784476714488,7.847086512612992,20738832
2017-08-14,8.017058372497559,8.0822150896987,7.696942843276078,7.696942843276078,24966808
2017-08-21,8.119044303894043,8.257855534591434,7.940572875948729,7.9858989700405445,24970459
2017-08-28,7.988730430603027,8.12470868755323,7.881080571936946,8.073716706114514,21518308
2017-09-04,8.357006072998047,8.424995210108307,7.807426539278083,7.943405353828231,147226870
2017-09-11,8.158703804016113,8.51564716973714,8.130375402876515,8.385334795440215,40484265
2017-09-18,8.15303897857666,8.24085821654975,8.056720895510827,8.178534973525244,23699693
2017-09-25,8.141707420349121,8.189866463273445,8.019893338815264,8.133208575010828,22893531
2017-10-02,8.107711791992188,8.206862269721064,8.036889713426087,8.124708939555768,26027587
2017-10-09,8.379293441772461,8.437361669893463,8.184763742307963,8.344452061871902,22216991
2017-10-16,8.315418243408203,8.411231352499975,8.24573603259464,8.388003948895454,21466956
2017-10-23,8.419942855834961,8.53317639289187,8.231220109478429,8.30670931877805,28133707
2017-10-30,8.498333930969238,8.524464827401363,8.312514161475798,8.419941241672863,24357039
2017-11-06,8.556404113769531,8.80319566212961,8.478011960348741,8.507045804097515,29496941
2017-11-13,8.306708335876465,8.591244169255798,8.27767394284521,8.565113270906167,26690002
2017-11-20,8.393811225891113,8.489624338266312,8.297998113515913,8.30670859783548,19087799
2017-11-27,8.530272483825684,8.66963746934477,8.364777151918357,8.382198121223883,28722751
2017-12-04,8.602856636047363,8.748028031250074,8.51865751479795,8.553498339527044,25073107
2017-12-11,8.443169593811035,8.655119729804028,8.37058388528316,8.628988830431194,42223764
2017-12-18,8.457685470581055,8.591243445763551,8.335741473147012,8.454782529928881,24215672
2017-12-25,8.324128150939941,8.512850861379762,8.324128150939941,8.45768557397014,9718799
2018-01-01,8.475107192993164,8.492527607384412,8.187667863505121,8.324128791509043,21202577
2018-01-08,8.454782485961914,8.588339906664938,8.399617199513521,8.504140783566278,28544619
2018-01-15,8.373486518859863,8.579629644060269,8.312514241999283,8.466396127614127,27083686
2018-01-22,8.126696586608887,8.437363358266854,8.103469179955535,8.353164216817852,33714153
2018-01-29,7.882808685302734,8.210896433343091,7.842160861355636,8.120889746338706,33773385
2018-02-05,7.336963176727295,7.961200127474479,7.2730874020579686,7.897324906590132,55341878
2018-02-12,7.345673084259033,7.458907160012719,7.2411500462052185,7.392127890901835,33683366
2018-02-19,7.534397125244141,7.572141451809358,7.273088119080964,7.33406040511405,29083391
2018-02-26,7.125012397766113,7.6244018017838515,7.064040123338725,7.5692365161181066,42704728
2018-03-05,7.650533199310303,7.728925891380341,7.075654565033284,7.113398886890174,50259780
2018-03-12,7.862483501434326,7.882807410120125,7.595368086310295,7.731829011618504,41656428
2018-03-19,7.696988105773926,7.882807330492747,7.656340288812926,7.839256018922394,28255082
2018-03-26,7.871193885803223,7.946683084099321,7.612788404078321,7.7260224784149525,27046300
2018-04-02,8.158632278442383,8.225410985340682,7.839255107740422,7.871192990946089,24968720
2018-04-09,8.115082740783691,8.167343987714053,7.964104328447011,8.129599661522398,24312906
2018-04-16,8.207991600036621,8.25154291199166,8.027978809161485,8.112178492221542,21961231
2018-04-23,8.382197380065918,8.385100320908467,8.129598885320915,8.207991578909189,23713234
2018-04-30,8.536078453063965,8.602857166063018,8.344452243893231,8.358969716578867,19708992
2018-05-07,8.501237869262695,8.565113089550993,8.425748670493812,8.536078697134503,22141613
2018-05-14,8.486720085144043,8.585436683471396,8.2573495564081,8.495430568685263,32488738
2018-05-21,8.29952621459961,8.760611351035932,8.225157699115048,8.683268026845578,26793614
2018-05-28,8.067496299743652,8.394717293293828,8.00800126415996,8.341172442132558,33830820
2018-06-04,8.03179931640625,8.186485957932073,8.002051798053326,8.103193020021232,30553063
2018-06-11,8.281678199768066,8.373895003107275,7.9990776047581065,8.058572646040234,33355428
2018-06-18,7.874138832092285,8.222183534520711,7.770023356167073,8.222183534520711,37839072
2018-06-25,7.811668395996094,7.9336327075908,7.749198552255043,7.7967943534926505,26743919
2018-07-02,8.08237075805664,8.091295184695744,7.725401635907472,7.764073583956801,23328546
2018-07-09,8.046673774719238,8.11509324550381,7.945532540397828,8.100219200817255,20626548
2018-07-16,7.957430839538574,8.073445537504544,7.897935802568643,8.046672827606747,21912665
2018-07-23,8.4185152053833,8.492883716269679,7.930657955532409,7.945531430755,31571299
2018-07-30,8.002052307128906,8.373894891729568,7.9574313104541785,8.373894891729568,26284174
2018-08-06,7.78192138671875,8.05262273671083,7.755148675850369,8.022875217147437,24076473
2018-08-13,7.778947353363037,7.891987825493501,7.7194528756930865,7.728376735280839,20743654
2018-08-20,7.770022869110107,7.871163529756574,7.7135026375887765,7.799769821860198,15905865
2018-08-27,7.514194011688232,7.808693231177674,7.50229477822845,7.808693231177674,21737010
2018-09-03,7.291089057922363,7.5707148247239715,7.249442872347109,7.499320553185358,26930390
2018-09-10,7.377356052398682,7.457674180322517,7.249442690288924,7.261341356988727,26069632
2018-09-17,7.508244514465332,7.532042414377002,7.183997773552155,7.365457114995316,47170097
2018-09-24,7.535018444061279,7.535018444061278,7.255392649237538,7.469574350543715,36368309
2018-10-01,7.5409674644470215,7.654007356547093,7.43387662227778,7.535017847129456,31576517
2018-10-08,7.155676364898682,7.881658595147764,7.143423214285043,7.743814156318606,37867616
2018-10-15,7.189371585845947,7.339469179992167,7.143423438129741,7.29045774452656,37297986
2018-10-22,7.03008508682251,7.299647996228236,6.928998922762559,7.241446694417226,32027195
2018-10-29,7.296584606170654,7.397670768815496,6.990262830366597,6.996389406105659,39217829
2018-11-05,7.703991413116455,7.703991413116455,7.296583534504497,7.318025962179495,35237886
2018-11-12,7.4742512702941895,7.743814762263486,7.388481546336851,7.716245755487934,32192803
2018-11-19,7.406861782073975,7.5600226937487465,7.388482636266505,7.50182138371883,24073507
2018-11-26,7.609033107757568,7.802015573244113,7.4619987926952085,7.468124784292649,30850219
2018-12-03,7.428302764892578,7.771383397088845,7.376228041726959,7.722371377407324,27597046
2018-12-10,7.906165599822998,7.906165599822998,7.31496442445825,7.425240460892599,33425851
2018-12-17,7.664170742034912,8.001124802212459,7.5661478701859695,7.85102662239856,45068276
2018-12-24,7.520198822021484,7.658043844935271,7.299647369621805,7.602905835769756,13755067
2018-12-31,7.7897629737854,7.808142117027083,7.455872186205605,7.56308492626321,20628762
2019-01-07,8.163474082946777,8.289065946971933,7.780571915976831,7.7928250657657925,36968169
2019-01-14,8.475923538208008,8.509619120424317,8.102211183016573,8.16347518746337,29152742
2019-01-21,8.531062126159668,8.531062126159668,8.341142355771064,8.451418389174927,24592020
2019-01-28,8.632146835327148,8.632146835327148,8.445290384611399,8.469796100749337,28088813
2019-02-04,8.41772174835205,8.659716217006666,8.393216031144453,8.57700920233263,27323198
2019-02-11,8.650527000427246,8.659716864165267,8.429975529076597,8.429975529076597,25502961
2019-02-18,8.613767623901367,8.708727200127113,8.561692904500987,8.613767623901367,17451224
2019-02-25,8.172664642333984,8.665842862418328,8.077705060419802,8.619894131053101,33359554
2019-03-04,8.111400604248047,8.227803207979532,8.010314440093037,8.218613344233647,28206301
2019-03-11,8.279876708984375,8.29825584949447,8.093020263634319,8.120589266530633,32409716
2019-03-18,8.114463806152344,8.313572844436571,8.086894799469343,8.27068798260187,25548033
2019-03-25,8.135906219482422,8.181854369100622,8.031756768741209,8.083831494111815,24447999
2019-04-01,8.233929634094238,8.292130939031562,8.099148464282754,8.166539049188495,22220838
2019-04-08,8.086894035339355,8.368710067043807,8.068514894041472,8.304382780370036,25346172
2019-04-15,8.169601440429688,8.197170445833422,8.053199427595786,8.11446342962222,18468943
2019-04-22,8.037882804870605,8.19104368282377,7.933733361121463,8.169601253392308,18913425
2019-04-29,8.120588302612305,8.148157302236164,7.93373187944221,8.050134452134564,19087976
2019-05-06,8.037882804870605,8.157348102710111,7.930670073450914,8.050135955552802,28930482
2019-05-13,8.31969928741455,8.466733597868842,8.031756657911421,8.117526964474298,39490795
2019-05-20,8.184406280517578,8.891300430715921,8.1292814903145,8.8167200141127,34551406
2019-05-27,8.0741548538208,8.297896670951364,7.983361539059409,8.21034544444596,24388051
2019-06-03,8.570279121398926,8.62540390716039,7.986604810074639,8.048215010274665,29571387
2019-06-10,8.401662826538086,8.602706363168208,8.291413244915635,8.567037198971763,24896469
2019-06-17,8.755109786987305,8.832932910875874,8.294655840117533,8.382207086423376,41378772
2019-06-24,8.651344299316406,8.768079276546194,8.469757038001383,8.761593862592735,24767917
2019-07-01,8.926968574523926,9.069643976467164,8.615675495273928,8.745380687260118,23832108
2019-07-08,9.004792213439941,9.066401796664671,8.901028053816002,8.926969093721986,17414246
2019-07-15,8.917241096496582,9.050189005183876,8.884814641539958,8.969123177033907,20162452
2019-07-22,9.111799240112305,9.205835279488968,8.894542795159508,8.917241128164799,22713953
2019-07-29,8.862114906311035,9.332296882574486,8.806990127152444,9.076128609283659,36868721
2019-08-05,8.612432479858398,8.849145142552956,8.560550404921184,8.800505156126587,26022340
2019-08-12,8.732410430908203,8.784292507427033,8.524882124832887,8.635131073573046,23727708
2019-08-19,8.703227043151855,8.842660361456385,8.693498921473692,8.777807453901621,19699185
2019-08-26,8.965879440307617,9.008034012456372,8.661071788283738,8.696740946489129,22227249
2019-09-02,8.855630874633789,9.069644611004787,8.777807753997353,8.949667531954807,19646886
2019-09-09,8.865358352661133,9.040460206752845,8.605947969383358,8.832931900130626,33228274
2019-09-16,9.371209144592285,9.40039289075419,8.813476497299614,8.875086696806209,40086354
2019-09-23,9.484702110290527,9.62413543685211,9.238261912864996,9.338783368892779,29577372
2019-09-30,9.57873821258545,9.783023820171866,9.342025532705108,9.497672387300128,38075017
2019-10-07,9.747355461120605,9.7505981686168,9.358239838825469,9.578739000700986,29546293
2019-10-14,9.695472717285156,9.883545409862533,9.624135012681037,9.714928342452975,29752066
2019-10-21,9.679259300231934,9.82517740919032,9.5495541083301,9.727898669884729,21006782
2019-10-28,9.630620956420898,9.770053666015606,9.507400547126515,9.672774916348004,23475821
2019-11-04,9.199350357055664,9.685745321010003,9.072887245858974,9.659804281005098,34804478
2019-11-11,9.319326400756836,9.384179302812397,9.150709350198868,9.199349335982093,22309290
2019-11-18,9.105313301086426,9.3290551478664,9.07937226221941,9.309598904853775,25012979
2019-11-25,9.312841415405273,9.387422441746109,9.121526025868999,9.140982268470855,28684381
2019-12-02,9.468488693237305,9.468488693237305,9.105313521812064,9.397150370761308,30331463
2019-12-09,9.458760261535645,9.539826084614118,9.264202162450678,9.478215885899198,24770620
2019-12-16,9.565768241882324,9.604680113642937,9.358239908447644,9.491187824364637,36630390
2019-12-23,9.52685546875,9.575495458469558,9.426334019063692,9.546311712031088,6803021
2019-12-30,9.52685546875,9.55603921518847,9.338782779748282,9.510642551165589,13225950
2020-01-06,9.569009780883789,9.747354343340284,9.410120842690167,9.474973129727465,25427920
2020-01-13,9.854361534118652,9.903001524127461,9.507399900490384,9.565767393714422,23347299
2020-01-20,10.188353538513184,10.207809164536693,9.77329626628474,9.844634592509603,26070853
2020-01-27,10.09107494354248,10.321301607361447,10.074861406206717,10.113773277329342,39342638
2020-02-03,10.142956733703613,10.19483881471626,9.922457580158266,10.039191953195127,39345451
2020-02-10,10.463977813720703,10.496403651953292,10.068376155057623,10.14295719104895,30083023
2020-02-17,10.762298583984375,10.892004400003717,10.463976938892756,10.496402774414424,39337285
2020-02-24,9.747355461120605,10.632594816118875,9.617650253688893,10.558014399156042,79046105
2020-03-02,9.692229270935059,10.392637908399042,9.581979705919142,9.870574446570512,59427109
2020-03-09,6.799801349639893,9.312841987945912,6.673338857368787,9.144225537745498,116757152
2020-03-16,6.74791955947876,7.166219541844391,6.052050499964819,6.485266441762669,85007597
2020-03-23,6.38668966293335,7.072182381236835,6.24012276057161,6.579302636579478,55577440
2020-03-30,5.640884876251221,6.478781204786006,5.59419124851244,6.387987867937482,60688302
2020-04-06,6.41133451461792,6.415226011130919,5.771887172150683,5.771887172150683,40341072
2020-04-13,6.155814170837402,6.52093508261315,5.952177355252065,6.411333682804257,32746703
2020-04-20,5.996277809143066,6.2115885211831,5.825066806980721,6.210291561845997,28895387
2020-04-27,6.423007488250732,6.696036874080088,5.905483055123277,6.148031735953588,31255775
2020-05-04,6.354263782501221,6.354263782501221,6.100041229137425,6.144140933601928,30649000
2020-05-11,6.080585956573486,6.429492734957798,5.739460933707165,6.426898816451801,39963500
2020-05-18,6.369828224182129,6.498237084836098,6.167488357372016,6.188240942204731,34640807
2020-05-25,6.897080898284912,7.052727141947088,6.365937426918302,6.413928630364911,39306959
2020-06-01,7.581274509429932,7.655855526943245,6.867895730843233,6.971659871838893,40156049
2020-06-08,7.10460901260376,7.856899786491327,6.906808197260103,7.535879186521193,49456978
2020-06-15,7.295924186706543,7.370504596623586,6.835470279961737,6.948962557673803,41842641
2020-06-22,7.065698146820068,7.445085643229437,6.971661485722108,7.195403353090349,29315154
2020-06-29,7.383475303649902,7.467783833746476,6.945719735968257,7.098123260479478,37795463
2020-07-06,7.088397026062012,7.565063927716211,6.861412433760056,7.500211010349007,30168175
2020-07-13,7.227829456329346,7.351049241648242,7.042998850626232,7.137035507132194,25943990
2020-07-20,7.081911087036133,7.574791490833247,7.036514419325393,7.224587123605447,25103097
2020-07-27,7.321865558624268,7.587761375448983,6.932749336915833,7.059212449136826,39027931
2020-08-03,7.539121627807617,7.772590978143852,7.341320819443001,7.419143936221746,30505608
2020-08-10,7.620188236236572,7.91202510882133,7.480754905722588,7.5780342755729855,21482104
2020-08-17,7.25377082824707,7.665584779579598,7.185675208612376,7.597489778428112,18635657
2020-08-24,7.221343994140625,7.63315854239899,7.159733792645448,7.3478064859352505,19614637
2020-08-31,7.548848628997803,7.947692275226945,7.509936767141833,7.6785538043792645,34461318
2020-09-07,7.636401176452637,7.847172835803962,7.529394302259092,7.600732630710268,20879154
2020-09-14,7.51966667175293,7.808260832774659,7.51966667175293,7.7239522941483,29379482
2020-09-21,7.211615562438965,7.5002096953078405,7.146763274925823,7.4937248994947305,28699180
2020-09-28,7.432115077972412,7.571548400005211,7.244042383214567,7.34132112866466,25260324
2020-10-05,7.87311315536499,8.012545854993407,7.402931122451501,7.513180694052138,32184527
2020-10-12,7.613701343536377,7.973633767008433,7.506694490407265,7.873112327640625,24844197
2020-10-19,7.370504856109619,7.76286378113047,7.227829445632199,7.707738993928637,24028633
2020-10-26,6.734949111938477,7.3737476113885245,6.550119123789553,7.2570126216173385,33834549
2020-11-02,7.156490802764893,7.360777024425152,6.650640237078071,6.751161685086925,30620188
2020-11-09,7.976877689361572,8.093612062436879,7.237557106963068,7.250527936462098,51507828
2020-11-16,7.889327049255371,8.161708304741245,7.740166209504326,8.087127884865723,28615371
2020-11-23,8.11955451965332,8.246017027285195,7.9217536797300285,7.957422845875738,25167287
2020-11-30,8.106582641601562,8.32059637386119,8.002818482746369,8.142251803139224,30598630
2020-12-07,8.002819061279297,8.187649059912076,7.947694270592045,8.048215729439427,27026147
2020-12-14,8.187646865844727,8.330322865593118,8.032000658019056,8.080640020654197,29675473
2020-12-21,8.171436309814453,8.304384228018044,7.714225055800499,7.983363599783772,16606550
2020-12-28,8.11955451965332,8.391935162595068,8.113069104266236,8.236288904204569,9876173
2021-01-04,8.628645896911621,8.654586934025726,8.080640792082649,8.213588684602827,27766929
2021-01-11,8.829689025878906,8.991820666979068,8.4503009609652,8.570278647511897,30504358
2021-01-18,8.505426406860352,8.901028037819646,8.45678703443444,8.78753575650373,21853735
2021-01-25,8.31411075592041,8.547580726116292,8.074155989817097,8.52812448294453,30974672
2021-02-01,8.69025707244873,8.735654359613513,8.271957694709403,8.297898736596467,23305473
2021-02-08,8.466514587402344,8.712954758748266,8.401661682870158,8.699983930448575,19445135
2021-02-15,8.362751007080078,8.547580993613993,8.21358956384433,8.495698913831953,20540017
2021-02-22,7.83744478225708,8.408148322475533,7.792048113558039,8.3335679043319,31913565
2021-03-01,7.415902137756348,8.041729803654782,7.370504853996387,7.98012022034577,40584938
2021-03-08,7.902297496795654,7.944451456883239,7.338078767429335,7.487240218435145,31204676
2021-03-15,7.908782005310059,7.976877622644037,7.792047633211102,7.918510127352966,37595003
2021-03-22,7.805017471313477,7.94769349537863,7.652613944153235,7.876355792587632,27331597
2021-03-29,7.8614397048950195,7.937965867652036,7.769348794037729,7.814746079077393,22124359
2021-04-05,7.993739128112793,8.037838833658451,7.831607475720035,7.861439392992649,16934956
2021-04-12,8.043025970458984,8.131225367091464,7.857547227248292,8.01578735758792,25952603
2021-04-19,8.015788078308105,8.106582019581342,7.8043688991803295,8.070264690465297,23026731
2021-04-26,8.022274017333984,8.126038175017609,7.943153939872696,7.9885506042384895,22511913
2021-05-03,8.179217338562012,8.219425545226922,7.978173831304943,8.036541321104838,22128971
2021-05-10,8.225912094116211,8.225912094116211,7.816043268336297,8.179218466924562,28873115
2021-05-17,8.5242338180542,8.598166059591705,8.129929766820515,8.242773258705949,31994110
2021-05-24,8.289063453674316,8.598568805322108,8.27825118317117,8.56207698958034,22460194
2021-05-31,8.31879711151123,8.38772573137446,8.203915219112822,8.278250295883064,19218771
2021-06-07,8.322853088378906,8.444492914434239,8.195807448835717,8.333665359824517,18746692
2021-06-14,8.041728973388672,8.401241940370708,7.979557616193565,8.345828493504804,31850008
2021-06-21,7.859270095825195,8.083627439527312,7.788989373429624,8.082275986322752,28566109
2021-06-28,7.9430670738220215,7.990371809226934,7.691678698467537,7.844403887317628,23771056
2021-07-05,7.843052387237549,7.941715573154573,7.716006746928489,7.940364119774461,24408651
2021-07-12,7.853865146636963,7.898466333300798,7.714655772789199,7.852513693172898,21531217
2021-07-19,7.747092247009277,7.820075886603301,7.417313770961911,7.8187244331989545,32151430
2021-07-26,7.603826999664307,7.984964528039167,7.517327547040407,7.711950993209264,30184014
2021-08-02,7.872786521911621,7.903872528429711,7.610585868986036,7.636265417357962,25599398
2021-08-09,8.056596755981445,8.07146403075058,7.8471066783055585,7.871434125875251,17060556
2021-08-16,8.337719917297363,8.337719917297363,7.98226192073646,8.041729732733284,24530414
2021-08-23,8.132284164428711,8.383672522408169,8.116065435951999,8.3620473362826,22234717
2021-08-30,8.105253219604492,8.385024032063777,7.993074217278093,8.122823401494054,26335005
2021-09-06,7.945770740509033,8.18769830119138,7.932254917491292,8.129581293366952,23428476
2021-09-13,7.997128486633301,8.147150757647697,7.7727711289909,7.957933763386504,82755679
2021-09-20,7.9065752029418945,8.040378754546099,7.832240111318413,7.875489841807131,30630973
2021-09-27,7.855216026306152,8.0403786712263,7.57814810784355,7.92820030826387,36078003
2021-10-04,7.837645530700684,8.032268985877849,7.801153713413698,7.860622170403906,28432681
2021-10-11,7.875489711761475,7.92414525496416,7.70789725056131,7.863325342608387,27258434
2021-10-18,8.218783378601074,8.241760019148252,7.771420092605684,7.853864547857516,24669237
2021-10-25,8.30933666229248,8.412054844741089,8.144447762428996,8.207970577587542,21552562
2021-11-01,8.58910846710205,8.653982738208914,8.320149920428088,8.321501373757625,19670197
2021-11-08,8.893207550048828,8.939160186490284,8.51477354273222,8.664795176727306,28125007
2021-11-15,8.860771179199219,9.233798747277127,8.825630812315586,8.913481085054748,31815832
2021-11-22,8.647225379943848,8.939160585294163,8.552617196128873,8.889153586554794,33001332
2021-11-29,8.768864631652832,8.84590327150999,8.537749356551235,8.649928360785005,37817123
2021-12-06,8.829684257507324,9.014846891168395,8.608029807321277,8.825629897657818,28375326
2021-12-13,8.75670051574707,8.947268960174998,8.67425606626859,8.832387054423746,31456667
2021-12-20,8.695880889892578,8.79184116409123,8.459359159906596,8.631006619709911,19875092
2021-12-27,8.794544219970703,8.88509803799521,8.643170490662156,8.649928401798133,10678550
2022-01-03,8.954026222229004,9.039174216540866,8.826980601815245,8.829683508152193,21760022
2022-01-10,9.383821487426758,9.404095223166214,8.971598527773772,9.006738896358218,32924220
2022-01-17,9.154056549072266,9.39328118878946,9.070260642516299,9.386523922150179,29024559
2022-01-24,9.162165641784668,9.29056337117122,8.821574923410607,9.079721191001633,37152010
2022-01-31,9.531139373779297,9.614935277117732,9.105400657297748,9.235149838838069,30382962
2022-02-07,9.824426651000977,9.866324927672197,9.458156365761301,9.53384290997265,30474400
2022-02-14,9.78523063659668,9.87037863769642,9.359492564507523,9.758199637662925,35902295
2022-02-21,9.741982460021973,9.869028102380687,9.158112055380796,9.78793509803662,46696842
2022-02-28,7.252424240112305,9.73116873610346,7.1943072373647725,9.547358199302588,81268711
2022-03-07,7.480836391448975,7.724116042858629,6.615167673385397,6.951028647441741,73625178
2022-03-14,8.157964706420898,8.214730267504148,7.555173236269163,7.611938152882424,46899514
2022-03-21,7.972801208496094,8.39583638690921,7.883598844852573,8.182291295491698,29469920
2022-03-28,8.059300422668457,8.295822165677464,7.972801605818848,7.974153059203544,29875982
2022-04-04,7.848458766937256,8.183643047247593,7.745740577434642,8.143096868369115,38549148
2022-04-11,7.875489711761475,8.03362071052262,7.474079063577234,7.987668074034003,23780772
2022-04-18,8.162018775939941,8.385024700599237,7.801154291780401,7.875490029646776,27751577
2022-04-25,8.23034954071045,8.497861376302042,7.877060131676652,8.138756221306387,42408434
2022-05-02,8.096593856811523,8.403360773305176,7.542670555082126,8.198364907903466,28062134
2022-05-09,8.257973670959473,8.317582817949297,7.874152436629566,8.098048618827741,35282169
2022-05-16,9.18990421295166,9.312029344801001,8.199819288211872,8.247796944303547,43993877
2022-05-23,9.232065200805664,9.370183101982965,9.076501448184672,9.326566740227356,23338347
2022-05-30,9.067778587341309,9.352736981720268,8.986362299380795,9.300397345238297,25696162
2022-06-06,8.910761833190918,9.245151673146701,8.77555144057647,9.124480300784464,23592401
2022-06-13,8.18091869354248,8.974730983030975,8.002093331865632,8.766828276046287,48981008
2022-06-20,8.247797012329102,8.534209187914168,8.041348059728756,8.241981958972223,23800206
2022-06-27,8.137303352355957,8.441162073769103,7.83344463094281,8.361198850984335,28945477
2022-07-04,7.875606536865234,8.250705207607936,7.32313695387118,8.217265877871316,41121763
2022-07-11,8.019539833068848,8.115495149671506,7.683696224959544,7.789828578580141,26657631
2022-07-18,8.29868221282959,8.503677385393951,8.009361840872474,8.070424748956539,26393945
2022-07-25,8.766828536987305,8.986362743236352,8.23325857611128,8.288505741818165,31546884
2022-08-01,9.051785469055176,9.230611513841934,8.89040596911472,8.932568568036375,27813838
2022-08-08,9.37745189666748,9.437061039808311,9.076501427639917,9.121571552475602,22578841
2022-08-15,9.405076026916504,9.470500226599027,9.316390228495504,9.410891773230418,19572099
2022-08-22,9.269866943359375,9.586810233113868,9.194265702632425,9.451600535124093,20358626
2022-08-29,8.848244667053223,9.13465683358564,8.494954536220133,9.13465683358564,30606215
2022-09-05,9.287312507629395,9.406529409542468,8.585094271737427,8.683957102263319,27505660
2022-09-12,9.33674430847168,9.732196340164789,9.217527401635307,9.34837510785059,33725495
2022-09-19,9.083770751953125,9.483584041589365,8.934022055446603,9.33383603834138,21047326
2022-09-26,8.608355522155762,9.037246846959894,8.531300529331507,9.002353758413614,32250992
2022-10-03,8.689772605895996,9.021254178179637,8.550200943231248,8.6505175341633,23312412
2022-10-10,8.682502746582031,8.819166184146644,8.246341924949698,8.637432624009591,21662712
2022-10-17,8.883137702941895,8.98927004852402,8.699950357234957,8.699950357234957,20404634
2022-10-24,9.519930839538574,9.566454726343387,8.909305951770524,8.958738058115877,29436766
2022-10-31,9.84123706817627,9.937192377854169,9.471954155615979,9.487946938315163,26625256
2022-11-07,10.169811248779297,10.316652434670104,9.675496369065078,9.815067351916237,34874236
2022-11-14,10.453315734863281,10.50710913587787,10.152364551051893,10.297751971467845,25241754
2022-11-21,10.488208770751953,10.672849878594187,10.358814133653867,10.446046169483079,18769851
2022-11-28,10.507108688354492,10.64958718961917,10.389344855103076,10.428599235100691,25950060
2022-12-05,10.456222534179688,10.584163399786519,10.31519710667926,10.45767629736136,19713844
2022-12-12,10.098572731018066,10.591433883395586,10.062225872718983,10.419877322291532,35820383
2022-12-19,9.873222351074219,10.197435148862409,9.416708076096379,10.116018855207239,29683810
2022-12-26,9.732195854187012,9.983715604461235,9.697303457792632,9.873221282732644,11306767
2023-01-02,9.41089153289795,10.137825833902047,9.274228083967648,9.822336336174132,33820674
2023-01-09,9.685672760009766,9.832513242856633,9.409437646065891,9.44142251640896,32567584
2023-01-16,9.10267162322998,9.730742404401793,9.03288544167644,9.701665059840678,34731373
2023-01-23,9.447237968444824,9.599894192629137,9.1215714492861,9.159372064541587,27087916
2023-01-30,9.519930839538574,9.63042515735732,9.34692054710543,9.447237829678611,29125762
2023-02-06,9.599894523620605,9.599894523620605,9.290220081829206,9.518477544394505,25014579
2023-02-13,9.813612937927246,9.833967009357702,9.537377823890859,9.618794802871248,28030695
2023-02-20,10.191618919372559,10.457676299657797,9.806343252544343,9.822336034063346,37815365
2023-02-27,10.076763153076172,10.242503938655677,9.803435574590328,10.195980051258605,33401980
2023-03-06,10.251227378845215,10.329736136813585,10.130556022267442,10.148002566984534,30688961
2023-03-13,9.764182090759277,10.281759258922516,9.714750672514704,10.249774386707465,55649352
2023-03-20,9.867406845092773,10.175626845379485,9.549009115307351,9.711842388407746,32288850
2023-03-27,10.594341278076172,10.665580532454891,9.96336225197309,9.966269778567721,32086723
2023-04-03,10.951992988586426,11.05667157459819,10.594341557447095,10.613241867327812,22662508
2023-04-10,10.963623046875,11.20351131249538,10.902560831356569,10.951992247717952,18533499
2023-04-17,11.248581886291504,11.311098560790946,10.969439229133172,11.01160113772543,23687849
2023-04-24,11.606794357299805,12.422372734650217,11.107852838394132,12.353607960266359,38215362
2023-05-01,11.637177467346191,11.779504170767682,11.432483748009972,11.60679310636245,22985296
2023-05-08,11.8882474899292,12.073751766510341,11.601995792696513,11.699545100403668,23283746
2023-05-15,11.590802192687988,11.981000204840848,11.526835355452755,11.944218854030922,22022486
2023-05-22,11.111050605773926,11.630781370224588,10.885567609670009,11.586004734835704,21904210
2023-05-29,11.277364730834961,11.33813345765607,11.098257426156085,11.205401845130478,23619241
2023-06-05,11.37651252746582,11.448475409522352,11.199004288405,11.304549645409288,15946215
2023-06-12,11.478860855102539,11.517241265834778,11.17821608363814,11.403699852872668,25249858
2023-06-19,11.283761978149414,11.478860616036915,11.262972716526573,11.478860616036915,15257035
2023-06-26,12.176098823547363,12.320024588526987,11.261372136487784,11.357323154837434,31495453
2023-07-03,12.068954467773438,12.43356605163229,11.848268649590816,12.249660821874345,19349301
2023-07-10,12.003388404846191,12.102536772832803,11.870656799474668,12.065756184925538,16462309
2023-07-17,12.363203048706055,12.412777617970708,11.904240234568414,12.033773737321543,14294071
2023-07-24,11.988997459411621,12.438364421933176,11.771509733347841,12.31362884797946,18243549
2023-07-31,11.544425964355469,12.086545797384455,11.400500959052044,11.977801561935694,24379952
2023-08-07,11.589203834533691,11.761914152967814,11.403699537845647,11.514042071835247,17043331
2023-08-14,11.6643648147583,11.68515407620429,11.44048010878079,11.592401928018736,14449836
2023-08-21,11.829078674316406,11.944219136572451,11.614789840763839,11.689950838165934,13129116
2023-08-28,11.849867820739746,12.052963256224514,11.773107767491055,11.877054070090772,16240813
2023-09-04,11.8562650680542,11.928227953157116,11.45647193974455,11.867459226843998,16524010
2023-09-11,12.152112007141113,12.243265097478233,11.768310966333024,11.8914467141926,19334831
2023-09-18,11.960210800170898,12.265652711171068,11.747521030805121,12.15211130955905,16627340
2023-09-25,11.617987632751465,11.969805998686157,11.472462811731333,11.96180995342745,21934248
2023-10-02,11.299752235412598,11.798693704488436,11.053479995156508,11.673958909128098,23644612
2023-10-09,11.81468677520752,11.85626529796013,11.283761844337914,11.330137537002798,18562240
2023-10-16,11.744322776794434,12.072153021653198,11.638777414790248,11.833876810108983,19046649
2023-10-23,11.931426048278809,12.043368398551932,11.530033863971356,11.707542110277437,17964195
2023-10-30,12.11693000793457,12.388789449326413,11.945817992735913,11.96340913998728,21308300
2023-11-06,12.232070922851562,12.52791774873023,11.942620323451209,12.075351935959668,23157527
2023-11-13,12.473546028137207,12.527917766002238,12.142516905991908,12.225673950683678,17174748
2023-11-20,12.596681594848633,12.646256162135359,12.403182020587838,12.443161485736976,11513744
2023-11-27,12.830161094665527,12.830161094665527,12.56469862611921,12.627066410979145,15579912
2023-12-04,12.980483055114746,13.042851602323262,12.686236042593825,12.78538441786822,16012901
2023-12-11,12.964491844177246,13.212363151314744,12.77578868037023,13.033255089482486,24923737
2023-12-18,12.921313285827637,13.01566448486549,12.820565860611193,12.918115172738341,12712927
2023-12-25,12.727814674377441,12.932508415823415,12.705426355980608,12.921314256625,6011336
2024-01-01,13.068438529968262,13.068438529968262,12.559901893446161,12.727815048908353,15233596
2024-01-08,12.94849967956543,13.305114456991033,12.796577867951745,13.108416011446938,15969883
2024-01-15,12.435166358947754,13.092426709936193,12.240066951128737,12.974087362344282,23441069
2024-01-22,11.720335006713867,12.57269391958205,11.61478964827375,12.467148561141935,34673221
2024-01-29,11.717137336730957,11.899442754782743,11.597198939620796,11.753917926647551,30363794
2024-02-05,11.274166107177734,11.9106363657299,11.191009066354662,11.6739592207295,33757439
2024-02-12,11.451674461364746,11.635579704201167,11.234187503372512,11.314145674677338,33637235
2024-02-19,11.865860939025879,11.984199523561555,11.386108848953246,11.510844422873927,30336122
2024-02-26,11.750720024108887,11.963409809407214,11.638777670641131,11.857864445082864,31405981
2024-03-04,12.19209098815918,12.324821833016669,11.677157411765004,11.757116340026991,29328477
2024-03-11,12.297636032104492,12.383991184391443,12.092941547007452,12.185693687907996,32500298
2024-03-18,12.337615966796875,12.441562269835748,12.204884357713809,12.240065890071248,20397132
2024-03-25,12.401582717895508,12.548706597692536,12.294438302454273,12.321623789183917,19255654
2024-04-01,12.313628196716309,12.541510923162733,12.265653447760663,12.353607662542606,20079891
2024-04-08,12.697429656982422,12.725415053538953,12.329619953929026,12.337615999386568,25672011
2024-04-15,12.737408638000488,12.765394033494227,12.473545248281198,12.681437084468177,26204182
2024-04-22,12.87333869934082,12.957294888064872,12.617470585395205,12.777387680020679,26553778
2024-04-29,13.31609058380127,14.368052835423372,13.075016197229923,14.19272676884841,32264908
2024-05-06,13.885903358459473,13.964800669636446,13.329239739399327,13.355538564450127,24211104
2024-05-13,13.824540138244629,13.95165183172096,13.482652044161519,13.872754514930655,25693199
2024-05-20,13.55278205871582,13.868370472436421,13.434436090061375,13.850838200797572,19356112
2024-05-27,13.618529319763184,13.640445703987403,13.412520324202976,13.517716460405502,24114848
2024-06-03,13.149529457092285,13.719342065823122,12.991734836079315,13.67989341056988,25170105
2024-06-10,11.632951736450195,12.816408981818368,11.462007271167016,12.746278219249497,64076676
2024-06-17,12.031819343566895,12.075650437986452,11.457622643195867,11.615417258384795,50909348
2024-06-24,11.689931869506836,12.088800867897458,11.597884727403459,11.974838177496627,36052205
2024-07-01,12.527118682861328,12.553417508360802,11.983604885066194,12.356175063077863,38829872
2024-07-08,12.31234359741211,12.715595893155967,12.176465351809991,12.492053777860768,33856920
2024-07-15,12.452605247497559,12.478904074264685,12.080035051527318,12.246596238443251,27901553
2024-07-22,12.654231071472168,12.671763342944612,12.29919316887866,12.51396871956972,22196821
2024-07-29,13.079399108886719,13.298557940019506,12.592866236244062,12.658613718378978,28899858
2024-08-05,13.377455711364746,13.473885299398443,12.7155959183424,12.860240718405255,36173501
2024-08-12,13.644828796386719,13.671128458711664,13.346773480925533,13.399371133526195,25747210
2024-08-19,13.596613883972168,13.701810021044393,13.45635236787587,13.6711279189014,19659224
2024-08-26,13.964800834655762,13.964800834655762,13.552782002543134,13.557165279440826,21993965
2024-09-02,14.126977920532227,14.205875232757597,13.662361437012882,13.938501193777087,28020553
2024-09-09,13.903435707092285,14.131361924222782,13.82015595463113,14.048080499712468,24981046
2024-09-16,13.846454620361328,14.148893196704764,13.508949829459683,13.859604450820658,30358090
2024-09-23,13.701809883117676,13.925351985655126,13.583463916593512,13.780707194133784,21231426
2024-09-30,13.517716407775879,13.728108679361794,13.386221447040825,13.631679097224392,32259051
2024-10-07,13.855220794677734,13.855220794677734,13.338005848448232,13.526482566415716,24010175
2024-10-14,13.964800834655762,14.205875211856736,13.815772764232568,13.881520245648781,22981623
2024-10-21,13.719342231750488,13.96480071985591,13.605380377445673,13.938501058685958,19628290
2024-10-28,13.517716407775879,13.872753470580182,13.403753718327366,13.732491956189572,25179196
2024-11-04,13.311707496643066,13.530866323261312,12.917220939910562,13.47826783702212,30187296
2024-11-11,13.500184059143066,13.605381036872416,13.250343118091253,13.394987917438336,27827355
2024-11-18,13.49141788482666,13.657978227887666,13.381838469753092,13.565931920517672,19884143
2024-11-25,13.224043846130371,13.587847470777959,12.750660806395866,13.491417886470323,30552687
2024-12-02,13.368688583374023,13.513333377228562,12.912837817272091,12.9610530272318,28680812
2024-12-09,13.346773147583008,13.47388483488044,13.158296419084609,13.399370798870017,22563589
2024-12-16,13.070631980895996,13.324856180402792,12.87777198388322,13.302940632661944,32729012
2024-12-23,13.272259712219238,13.272259712219238,13.04433431692834,13.070633143762018,8596602
2024-12-30,13.69304370880127,13.741258919319014,13.259109322215354,13.316090250625292,15657843
2025-01-06,13.710577011108398,13.907819460886305,13.557165659486953,13.688660626005559,25000195
2025-01-13,14.096296310424805,14.183960179519394,13.666745191115469,13.69742729449119,27846457
2025-01-20,13.587847709655762,14.074380588722923,13.487034846649381,14.06999647569483,28245313
2025-01-27,13.951651573181152,14.008632503126767,13.434436582495627,13.63167987081625,28514436
2025-02-03,13.894669532775879,14.205874656116267,13.80262239357444,13.929734910561058,28448176
2025-02-10,13.63167953491211,14.214641995331272,13.552782221528004,13.890287023882413,29267210
2025-02-17,14.074379920959473,14.078762361730428,13.53086613868338,13.58784706497602,26099922
2025-02-24,15.113192558288574,15.463846348215968,14.157659935705698,14.175193043214358,49890891
2025-03-03,14.81075382232666,15.244687360285873,14.60474399138794,15.126341393919958,37028226
2025-03-10,15.108810424804688,15.240305389696406,14.762539068685445,14.819520833223228,31207072
2025-03-17,15.384949684143066,15.459464558167177,15.034295879454048,15.082511091108017,36445153
2025-03-24,15.83203411102295,15.849567219489959,15.327969782965782,15.428782648577215,27965660
2025-03-31,16.173921585083008,16.65168787957275,15.722453278882266,15.862714789920622,43443363
2025-04-07,15.83203411102295,16.03366151429507,15.157026155535558,15.626025938707956,52636547
2025-04-14,16.36678123474121,16.45006098689814,15.796968620082561,16.03366055406434,25895667
2025-04-21,16.587854385375977,18.068148202354205,16.430782383009472,17.773041962713183,30676525
2025-04-28,17.244705200195312,17.382739435890674,16.625933356782692,16.668771505249723,26069391
2025-05-05,17.13047218322754,17.52553351327054,17.09239302019406,17.22566645938238,21587813
2025-05-12,17.487455368041992,17.596930233196534,16.54025711151842,17.149509166540007,31191892
2025-05-19,18.058629989624023,18.058629989624023,17.463656655304003,17.611210695872597,26647307
2025-05-26,18.07291030883789,18.196663961575616,17.872998327382184,18.044350935568648,20408868
2025-06-02,18.225223541259766,18.42037472152359,18.00865237687279,18.153826015135277,20643500
2025-06-09,18.920150756835938,18.98678747527653,18.039591007646315,18.272819522188378,22843515
2025-06-16,18.610763549804688,19.067704410695093,18.35849545906019,18.858272653203635,28120983
2025-06-23,18.867794036865234,19.034387659456982,18.315658856724887,18.558408993276874,18816669
2025-06-30,18.88207244873047,19.172419719969938,18.477491316628754,19.039146277059157,20603451
2025-07-07,18.725000381469727,18.93443033624897,18.534608192968978,18.896352987977505,17315894
2025-07-14,18.53936767578125,18.86779227105144,18.325176932903148,18.810675344855394,17217395
2025-07-21,18.72024154663086,19.058185959049375,18.525088553181714,18.634565242677645,17296013
2025-07-28,18.220462799072266,18.810677145304446,17.1257122276741,18.705961257493612,21603823
2025-08-04,17.754003524780273,18.401334788151843,17.754003524780273,18.220462390276968,20722288
2025-08-11,18.00151252746582,18.00151252746582,17.62548895548464,17.79684156123376,17661064
2025-08-18,17.86823844909668,18.130026336015835,17.696885849450858,18.091947173554807,16380434
2025-08-25,16.840124130249023,17.82063892808469,16.716368671909116,17.81587994078593,25827554
2025-09-01,16.792526245117188,16.92580150223275,16.373666339081023,16.854403978216755,18923305
2025-09-08,17.32562255859375,17.363699904163624,16.76396763965189,16.80680578823947,18067760
2025-09-15,17.02099609375,17.563613291702897,16.940080593040356,17.40178047456912,22314518
2025-09-22,17.411298751831055,17.44461710989868,17.04003419438356,17.054314787637065,13639666
2025-09-29,17.815879821777344,17.834919402273893,17.2161457461364,17.439856277685013,19041935
2025-10-06,18.011032104492188,18.115747988031643,16.930560356153748,17.73496361723887,21958321
2025-10-13,18.710721969604492,18.810677053455215,17.987234181119923,18.087189264970647,19735743
2025-10-20,18.748798370361328,18.877312821261437,18.48701048106751,18.663122069761254,17474838
2025-10-27,19.324731826782227,19.48656463507689,18.52508757588088,18.667882618746003,23205868
2025-11-03,20.152935028076172,20.562276935540986,19.29617386736912,19.29617386736912,27830500
2025-11-10,20.752668380737305,21.000177496229735,20.000623059103855,20.152936081604665,22425519
2025-11-17,20.581317901611328,21.038256975982986,20.429003061106297,20.705071553360725,23014972
2025-11-24,20.847864151000977,20.885943313893932,20.33380816194701,20.60987483006326,24424352
2025-12-01,20.381404876708984,20.93354001719299,20.381404876708984,20.74314965382418,18651419
2025-12-08,20.657474517822266,20.695551866354023,20.257652371809108,20.43852295483532,14486976
2025-12-15,21.20960807800293,21.29528437533329,20.56227686071327,20.705070084359082,26379264
2025-12-22,21.095373153686523,21.266725754390805,20.857383833978222,20.990657271986258,4858035
2025-12-29,21.866458892822266,21.875978683867114,21.057296626869363,21.123933348468825,8032281
2026-01-05,22.66610336303711,22.789858831886235,21.51423587320086,21.87597885719896,22713599
2026-01-12,22.69466209411621,22.87553448885364,22.256760793548928,22.656582930712773,17101933
2026-01-19,22.942171096801758,23.132561465743706,22.25676068461031,22.846975004473563,21871154
2026-01-26,23.894128799438477,24.055961614464277,23.037367585184317,23.065925142373626,24692029
2026-02-02,24.465303421020508,24.90320290899422,23.684696907116763,23.894128675899374,29878228
2026-02-09,24.836565017700195,25.493416034417034,24.398663734650842,24.47482024269668,19370769
2026-02-16,25.036476135253906,25.6933271772837,24.646173789513675,24.798486811475012,17577521
2026-02-23,27.540124893188477,28.454003026780942,25.074555348659764,25.226868370925175,34402734
2026-03-02,25.084074020385742,27.225977843110464,24.760408408583523,26.588166409937195,45485335
2026-03-09,26.31209945678711,26.63576508731407,24.227314256040152,24.49386114067567,25617806
2026-03-16,25.236387252807617,26.978468970971463,25.236387252807617,26.01699191773036,30961174
2026-03-23,25.541013717651367,25.969395219398407,24.65569315785043,24.87464289620362,20974308
2026-03-30,27.578201293945312,27.578201293945312,25.541013329310495,25.569572700897535,19245425
2026-04-06,27.730514526367188,28.03514237851854,27.283095262314717,27.578201508148712,17351883
2026-04-13,26.626245498657227,27.949467403765567,26.274022308222573,27.74003563200114,21745909
2026-04-20,26.92135238647461,27.416368789454754,26.616724533321836,26.769039367755425,17910045
2026-04-27,28.06999969482422,28.729999542236328,27.0,28.18000030517578,19042161
2026-05-04,26.989999771118164,28.100000381469727,26.610000610351562,28.100000381469727,27082670
2026-05-11,26.600000381469727,27.649999618530273,26.56999969482422,27.059999465942383,16141856
2026-05-18,27.170000076293945,27.3700008392334,26.420000076293945,26.5,16271990
2026-05-25,26.469999313354492,27.579999923706055,26.360000610351562,27.40999984741211,17153533
2026-06-01,26.940000534057617,27.06999969482422,26.399999618530273,26.43000030517578,13099590
2026-06-08,27.510000228881836,27.610000610351562,26.600000381469727,27.030000686645508,15188130
2026-06-15,26.829999923706055,27.549999237060547,26.479999542236328,27.31999969482422,18773613
2026-06-22,27.309999465942383,27.399999618530273,26.43000030517578,26.959999084472656,13748938
2026-06-29,27.729999542236328,27.809999465942383,26.459999084472656,27.209999084472656,13873975
2026-07-06,26.8799991607666,27.780000686645508,26.709999084472656,27.75,11217746
2026-07-13,26.860000610351562,27.600000381469727,26.479999542236328,26.8799991607666,11520035
2026-07-20,27.790000915527344,27.8700008392334,26.760000228881836,26.790000915527344,13577584
2026-07-27,27.110000610351562,27.93000030517578,25.940000534057617,27.90999984741211,20211892
2026-08-03,26.719999313354492,27.40999984741211,26.360000610351562,27.190000534057617,14762504
2026-08-10,25.719999313354492,26.81999969482422,25.579999923706055,26.739999771118164,14700167
2026-08-17,25.290000915527344,25.93000030517578,25.239999771118164,25.84000015258789,13034834
2026-08-24,24.5,25.43000030517578,23.90999984741211,25.25,15566096
2026-08-31,24.010000228881836,24.93000030517578,23.399999618530273,24.510000228881836,20279645
2026-09-07,23.979999542236328,24.719999313354492,23.850000381469727,24.010000228881836,16892648
2026-09-14,24.030000686645508,24.325000762939453,23.3700008392334,24.079999923706055,75117267
2026-09-21,23.350000381469727,24.100000381469727,23.170000076293945,23.899999618530273,24256953
2026-09-28,22.780000686645508,23.59000015258789,22.270000457763672,23.530000686645508,21602891
