Price,Close,High,Low,Open,Volume
Ticker,ERF.PA,ERF.PA,ERF.PA,ERF.PA,ERF.PA
Date,,,,,
1997-10-27,0.16896606981754303,0.16896606981754303,0.14297128612107105,0.15190699755601922,146897000
1997-11-03,0.18683749437332153,0.19577319436305937,0.18033879796952887,0.18033879796952887,36017000
1997-11-10,0.17384009063243866,0.18683748262258107,0.17384009063243866,0.18683748262258107,8028000
1997-11-17,0.1965855211019516,0.1965855211019516,0.18440046759087036,0.18440046759087036,7190000
1997-11-24,0.19333620369434357,0.19658554606095413,0.19008684922296884,0.19658554606095413,3407000
1997-12-01,0.18440046906471252,0.18764982314951176,0.17302775397744063,0.18764982314951176,8026000
1997-12-08,0.18927450478076935,0.18927450478076935,0.18927450478076935,0.18927450478076935,15102000
1997-12-15,0.2136446237564087,0.222580311859055,0.20227189569416126,0.20227189569416126,7844000
1997-12-22,0.2136446237564087,0.2136446237564087,0.2136446237564087,0.2136446237564087,9425000
1997-12-29,0.2136446237564087,0.2136446237564087,0.2136446237564087,0.2136446237564087,3109000
1998-01-05,0.20389655232429504,0.21364461492147457,0.19008683329258014,0.21364461492147457,5892000
1998-01-12,0.23639003932476044,0.2380147163791282,0.2022718817068514,0.2022718817068514,5147000
1998-01-19,0.22582967579364777,0.2380147429573019,0.22582967579364777,0.2380147429573019,12250000
1998-01-26,0.22582967579364777,0.22582967579364777,0.21364463283952195,0.22582967579364777,6424000
1998-02-02,0.22339265048503876,0.22339265048503876,0.22258029984078023,0.22339265048503876,12711000
1998-02-09,0.24288873374462128,0.24288873374462128,0.22014330242749502,0.22014330242749502,21342000
1998-02-16,0.24288873374462128,0.2493874422406726,0.23151601808605815,0.2493874422406726,3005000
1998-02-23,0.24695035815238953,0.24938738538760075,0.2339529683328405,0.24288867837306566,7414000
1998-03-02,0.3623022735118866,0.3623022735118866,0.2615724851815682,0.2615724851815682,14132000
1998-03-09,0.3582405745983124,0.3623022551100952,0.33305811669001845,0.3623022551100952,12183000
1998-03-16,0.4622196555137634,0.4695306896097465,0.36880091340900667,0.380173627733975,14547000
1998-03-23,0.40454375743865967,0.44109890588868134,0.40454375743865967,0.44109890588868134,9592000
1998-03-30,0.45165935158729553,0.458158060530452,0.36961333275140806,0.38017369846974475,22471000
1998-04-06,0.4386618733406067,0.4419112270064097,0.4337878186323798,0.4419112270064097,4616000
1998-04-13,0.4995870888233185,0.558887680411931,0.43866184471733755,0.43866184471733755,13182000
1998-04-20,0.510960042476654,0.5353301322351055,0.510960042476654,0.5207080590124089,8518000
1998-04-27,0.5231448411941528,0.5231448411941528,0.4752169624517443,0.49958708916208683,4806000
1998-05-04,0.5946304798126221,0.5946304798126221,0.53370523486164,0.53370523486164,18019000
1998-05-11,0.5824456214904785,0.6133144166928542,0.5824456214904785,0.612502090170488,12209000
1998-05-18,0.6181883215904236,0.6181883215904236,0.5572630678252203,0.5800084971887375,5753000
1998-05-25,0.6661162376403809,0.6661162376403809,0.6311857656480205,0.6311857656480205,6647000
1998-06-01,0.8310205340385437,0.8310205340385437,0.6661161590392649,0.6661161590392649,6750000
1998-06-08,0.8423932194709778,0.9374367094050622,0.8423932194709778,0.9025061438668953,16398000
1998-06-15,0.8529536724090576,0.8667634634614167,0.7863420837273907,0.8358946725578331,12060000
1998-06-22,0.8423932194709778,0.8643263697781101,0.8350822339273293,0.8643263697781101,6774000
1998-06-29,0.7181057333946228,0.8432055877219562,0.6238746673739105,0.8423932129620085,10215000
1998-07-06,0.6937355399131775,0.7554731592213388,0.6937355399131775,0.7554731592213388,6334000
1998-07-13,0.6937355399131775,0.6937355399131775,0.6685531351657955,0.6937355399131775,4553000
1998-07-20,0.6872369647026062,0.7107947197753905,0.6872369647026062,0.694547998817477,6425000
1998-07-27,0.7124192714691162,0.7124192714691162,0.6807381604103523,0.6807381604103523,3545000
1998-08-03,0.7181057333946228,0.7254167673008274,0.7107946994884182,0.7254167673008274,4808000
1998-08-10,0.7246045470237732,0.7367895891780152,0.7181058385072228,0.7181058385072228,10351000
1998-08-17,0.7181057333946228,0.7343524538888346,0.7059206930239639,0.7059206930239639,3758000
1998-08-24,0.6563681960105896,0.7343524977789374,0.6401214261263094,0.7197304290926099,5651000
1998-08-31,0.6068156361579895,0.6319980943168007,0.5637618029371686,0.6319980943168007,6596000
1998-09-07,0.5946304798126221,0.6190006068444401,0.5946304798126221,0.5995044858513688,5013000
1998-09-14,0.5637616515159607,0.6133141796785496,0.5637616515159607,0.6068154731729201,4443000
1998-09-21,0.49308833479881287,0.5572629262263831,0.49308833479881287,0.5572629262263831,7160000
1998-09-28,0.3777366280555725,0.49308844934332635,0.3777366280555725,0.49308844934332635,5876000
1998-10-05,0.47684165835380554,0.47684165835380554,0.36555150944258064,0.3712378658257404,5770000
1998-10-12,0.5637616515159607,0.5767590161081814,0.5596999720547018,0.5767590161081814,10888000
1998-10-19,0.6206254363059998,0.6206254363059998,0.580820905121873,0.580820905121873,13871000
1998-10-26,0.6490570902824402,0.7172933710344657,0.6254992886459445,0.630373343284692,15705000
1998-11-02,0.6872369647026062,0.6872369647026062,0.6190006785765116,0.6612421821185157,13661000
1998-11-09,0.6677408218383789,0.6872368946853815,0.6677408218383789,0.6872368946853815,6062000
1998-11-16,0.6214377284049988,0.6555558753516034,0.6206254019484482,0.6555558753516034,3933000
1998-11-23,0.5783838629722595,0.6214376954992862,0.5783838629722595,0.6214376954992862,7865000
1998-11-30,0.567823588848114,0.5735099233086478,0.5483275088963315,0.5629495809649335,6102000
1998-12-07,0.531268298625946,0.570260498871452,0.5304559722168637,0.570260498871452,6635000
1998-12-14,0.45084697008132935,0.5304559754578517,0.4419112826887276,0.5288313226297608,16620000
1998-12-21,0.4865897297859192,0.49877481871408186,0.4581579685979825,0.4581579685979825,4755000
1998-12-28,0.48740214109420776,0.49958718251680034,0.48740214109420776,0.49958718251680034,5665000
1999-01-04,0.519895613193512,0.5231449674335912,0.49715018193201027,0.5231449674335912,7578000
1999-01-11,0.5580754280090332,0.5913812476837951,0.5337053443947503,0.5337053443947503,7752000
1999-01-18,0.5475149750709534,0.5597000143760946,0.5215201955018933,0.5523889811092014,9622000
1999-01-25,0.5434534549713135,0.5515768168947497,0.5377670725734743,0.5475151359330316,5189000
1999-02-01,0.5052736401557922,0.5507645113968884,0.5052736401557922,0.5475152049531494,2946000
1999-02-08,0.47927865386009216,0.5052734337231087,0.4638442608819015,0.5052734337231087,11695000
1999-02-15,0.5215203166007996,0.5353300116523374,0.48658979469507524,0.48658979469507524,10244000
1999-02-22,0.52476966381073,0.558887810380998,0.52476966381073,0.527206643153501,3052000
1999-03-01,0.5272067189216614,0.5483275001087251,0.5036489580415932,0.5483275001087251,2278000
1999-03-08,0.5190833806991577,0.5198957073014561,0.5077106630097958,0.5077106630097958,1677000
1999-03-15,0.48740214109420776,0.5117722239393929,0.48740214109420776,0.49715015486466163,5036000
1999-03-22,0.48740214109420776,0.4955255020426028,0.4792787317267622,0.48577743985309846,3086000
1999-03-29,0.455720990896225,0.47927874813698446,0.455720990896225,0.47927874813698446,5004000
1999-04-05,0.3151867389678955,0.4557210104104016,0.3143743882847412,0.4557210104104016,13531000
1999-04-12,0.3395567834377289,0.3964203520822339,0.3314333991959978,0.34280611292489876,42100000
1999-04-19,0.3314334452152252,0.3501171952511444,0.3314334452152252,0.3428061605232172,6525000
1999-04-26,0.2997523248195648,0.327371788686487,0.2997523248195648,0.327371788686487,13072000
1999-05-03,0.35174185037612915,0.35174185037612915,0.30056463468366046,0.30787566895537377,15634000
1999-05-10,0.3558034896850586,0.3558034896850586,0.35174180982668346,0.35174180982668346,13886000
1999-05-17,0.33549508452415466,0.35336650592940727,0.33549508452415466,0.35336650592940727,5352000
1999-05-24,0.3249347507953644,0.33549511512578434,0.3249347507953644,0.33549511512578434,3534000
1999-05-31,0.3598652780056,0.3598652780056,0.3249348013280302,0.3249348013280302,3895000
1999-06-07,0.47927865386009216,0.5353298934004364,0.40210668896913887,0.439474181996035,26594000
1999-06-14,0.48009106516838074,0.48009106516838074,0.46871835113725474,0.4776540377263372,10395000
1999-06-21,0.5832579731941223,0.5832579731941223,0.4760295118787476,0.4760295118787476,15775000
1999-06-28,0.5117721557617188,0.5913811502372459,0.4727800090362895,0.5678233969414259,11283000
1999-07-05,0.5767590999603271,0.5873194874625379,0.5198955308165523,0.5272065645935409,10823000
1999-07-12,0.5767590999603271,0.598692201291293,0.5767590999603271,0.5767590999603271,6809000
1999-07-19,0.5605124235153198,0.5775715197998655,0.5564507431464374,0.5775715197998655,5434000
1999-07-26,0.5995046496391296,0.5995046496391296,0.5597001673463307,0.5678235291032669,8122000
1999-08-02,0.6872369647026062,0.7262291143692181,0.5995045553241579,0.5995045553241579,17594000
1999-08-09,0.6596174836158752,0.679113606946394,0.6011292588814628,0.6653038650253719,8973000
1999-08-16,0.678301215171814,0.6912986303999703,0.6547434605945891,0.6677408758227453,6973000
1999-08-23,0.6311857104301453,0.670990185901802,0.6311857104301453,0.670990185901802,5342000
1999-08-30,0.6141268014907837,0.6384969384076968,0.612502148291885,0.6238748659413613,3908000
1999-09-06,0.5751343965530396,0.6238746012920782,0.5678233634212317,0.6125018884669372,10512000
1999-09-13,0.593005895614624,0.6417461068763609,0.5840701603582262,0.5848825351408425,10267000
1999-09-20,0.5686358213424683,0.6011293148319716,0.5661988420136159,0.6011293148319716,10355000
1999-09-27,0.588131844997406,0.6238746894524446,0.5605124094960021,0.5767591305651752,9702000
1999-10-04,0.5532015562057495,0.5986924288083606,0.5532015562057495,0.5767593191423023,7878000
1999-10-11,0.5921934843063354,0.5970675390252176,0.5442656507833371,0.5588877181018942,4753000
1999-10-18,0.5726974606513977,0.5726974606513977,0.5402040179256185,0.5458903510350103,3947000
1999-10-25,0.6027538776397705,0.6246869788359805,0.5653863826578673,0.5653863826578673,8336000
1999-11-01,0.6254993677139282,0.6336227285799715,0.6027539379213872,0.6027539379213872,1514000
1999-11-08,0.6328103542327881,0.6328103542327881,0.6011292395717048,0.623874667640956,5322000
1999-11-15,0.68804931640625,0.6904863440073072,0.6198130277671416,0.6336227217223341,17961000
1999-11-22,0.6986097693443298,0.6986097693443298,0.6661162748100399,0.6880493799892565,7793000
1999-11-29,0.7798434495925903,0.8285836682183181,0.7034837914992702,0.7148565075646381,16959000
1999-12-06,0.8488919734954834,0.8675757225972524,0.7806557334782589,0.7871543930300117,9703000
1999-12-13,0.7952776551246643,0.9341872423583945,0.7351647348997641,0.872449669551867,10525000
1999-12-20,0.816398561000824,0.816398561000824,0.757097957493149,0.761972012862993,3433000
1999-12-27,0.8034011125564575,0.8123367991414521,0.7351647799818719,0.8123367991414521,1797000
2000-01-03,0.7993395924568176,0.8692005916983719,0.7774064863547346,0.8082752808306783,5798000
2000-01-10,0.8326451778411865,0.9016938349393738,0.8123367777646874,0.8935704749087742,8223000
2000-01-17,0.8732622265815735,0.9325627844773983,0.861077087580137,0.9098173530715619,9980000
2000-01-24,0.9325627088546753,0.9341873616437526,0.8935705577263239,0.8935705577263239,6136000
2000-01-31,1.080407977104187,1.1908857150998622,0.9098172183935015,0.9293133410717285,31686000
2000-02-07,1.0479148626327515,1.0641615896754093,1.0072980450261069,1.0154214085474358,7595000
2000-02-14,1.2185052633285522,1.246937025691551,1.0479144954743635,1.0479144954743635,21288000
2000-02-21,1.4703295230865479,1.5028230600871415,1.2022584480697134,1.218505168150965,6562000
2000-02-28,1.567810297012329,1.6246739270684958,1.4540831337381077,1.4622064956264014,15217000
2000-03-06,1.6124886274337769,1.6124886274337769,1.5036354405254433,1.5353166049471654,7373000
2000-03-13,1.949608564376831,2.7294517964513614,1.6124886976660326,1.6124886976660326,25150000
2000-03-20,1.5840567350387573,2.0665846632783516,1.5840567350387573,2.0227185584115444,18795000
2000-03-27,1.3403558731079102,1.6368589478467421,1.2672455245854846,1.584057002569961,18537000
2000-04-03,1.4256508350372314,1.5702467388874477,1.1778881962398424,1.4215891556090143,13224000
2000-04-10,1.5028233528137207,1.5669979677377348,1.2176930305993003,1.510946714436651,12327000
2000-04-17,1.5637487173080444,1.5678103985151517,1.284304798479962,1.2997392451698404,4067000
2000-04-24,1.624673843383789,1.6652906507331409,1.5434401318469781,1.563748535521654,4788000
2000-05-01,1.6254860162734985,1.6896606258368152,1.5921802945044767,1.624673738281923,2904000
2000-05-08,1.5020108222961426,1.6409204272294824,1.4622062963649787,1.6262984552936457,1159000
2000-05-15,1.4622063636779785,1.502823266292319,1.3622890021008152,1.5020108914415529,3117000
2000-05-22,1.3809727430343628,1.608427047560132,1.3484792017891793,1.462206354052064,466370
2000-05-29,1.5028233528137207,1.5434401609283717,1.380972831631659,1.389096193254589,191150
2000-06-05,1.4622063636779785,1.5353167109133086,1.3890961132807522,1.5271933497580612,294600
2000-06-12,1.5434402227401733,1.5596869466366836,1.462206506419509,1.462206506419509,161660
2000-06-19,1.51094651222229,1.543439954365319,1.5028231516865327,1.543439954365319,123780
2000-06-26,1.3809727430343628,1.527193339704328,1.3809727430343628,1.4946998952972474,496650
2000-07-03,1.3241090774536133,1.4134661436422744,1.2347520112649524,1.3809727002420704,242470
2000-07-10,1.2339396476745605,1.3241089855895998,1.2339396476745605,1.267245366746226,156740
2000-07-17,1.2266286611557007,1.2428753829980648,1.1453949551057794,1.2266286611557007,325040
2000-07-24,1.3403558731079102,1.372849415139047,1.2266287180941953,1.2591221632872267,356620
2000-07-31,1.2672452926635742,1.3647257072406251,1.2185051337940926,1.3403556278058844,244440
2000-08-07,1.2672452926635742,1.2672452926635742,1.2185051337940926,1.2428752132288334,79420
2000-08-14,1.2997390031814575,1.3403558076903999,1.2347520191290495,1.2672454627362033,152520
2000-08-21,1.3809727430343628,1.3809727430343628,1.2509987717298348,1.2509987717298348,282820
2000-08-28,1.7708948850631714,1.8683752415022672,1.3647262490429766,1.380973071954285,628390
2000-09-04,1.990224838256836,2.0227182733832905,1.7465238811322776,1.8033873926035728,2331330
2000-09-11,2.4288876056671143,2.4288876056671143,1.9496088517207117,1.9496088517207117,4081760
2000-09-18,2.29891300201416,2.591354348294938,2.1201988889928356,2.428886955214081,2650340
2000-09-25,3.1681134700775146,3.411814267866643,2.3395299828897667,2.3557767027423755,2602060
2000-10-02,2.656341791152954,3.6473926923109703,2.583231535922805,3.1274971566552456,3116100
2000-10-09,2.8431787490844727,3.0543863055551292,2.274542960532342,2.274542960532342,2362900
2000-10-16,2.8431787490844727,3.249347141810826,2.8025619485470736,3.086879745985048,2633520
2000-10-23,3.5092949867248535,3.5824050326435426,2.9325356552161845,2.9325356552161845,2471190
2000-10-30,3.0868804454803467,3.606776191197354,2.989400102101285,3.598652635572873,762570
2000-11-06,2.8594257831573486,3.0868800848089326,2.477627428846267,3.0868800848089326,2050580
2000-11-13,2.656341791152954,2.8513026654429057,2.5994782593072823,2.802562495289473,786970
2000-11-20,3.054387092590332,3.0950039035936148,2.038965849127107,2.6725886818070115,3481000
2000-11-27,3.57428240776062,4.540963357207742,3.2493475729910335,3.704256186727488,5488190
2000-12-04,3.216853380203247,3.8992163358076706,3.0868794377842703,3.6311448979971286,2241690
2000-12-11,3.346827745437622,3.7042560076716007,3.013769759258132,3.330581023852096,2275940
2000-12-18,3.0868804454803467,3.4036919488147492,2.5994783412325857,3.2980880498112066,1394130
2000-12-25,2.96502947807312,3.241223927857883,2.883795679659114,3.086879885179843,535810
2001-01-01,2.924412727355957,3.046263338360875,2.225803086976061,2.9650297268084014,1256200
2001-01-08,2.924412727355957,3.0787567829818645,2.7619455042510097,2.997523171429391,1180420
2001-01-15,2.8025624752044678,3.0462635179013304,2.7619456670343605,2.9162895380807683,708890
2001-01-22,2.745698928833008,2.8919194374501305,2.510121055375209,2.7863157367822087,1165690
2001-01-29,2.7050814628601074,2.8106853390765507,2.65634130168768,2.7944386186857417,423900
2001-02-05,2.908165693283081,2.965029408950092,2.640094610221577,2.705081492496806,610750
2001-02-12,2.867549180984497,2.9812764301089936,2.818809014363801,2.8919192642948452,360770
2001-02-19,2.501997470855713,2.835055653715885,2.4370105839273672,2.835055653715885,1034090
2001-02-26,2.34765362739563,2.66446489660113,2.1608161327662523,2.599478009313069,619320
2001-03-05,2.501997470855713,2.501997470855713,2.1283224836653245,2.2745431729303025,447690
2001-03-12,2.2826666831970215,2.583231442265003,2.120199261566454,2.518244357407048,719780
2001-03-19,1.8196346759796143,2.3557771033072883,1.7871412307493695,2.3557771033072883,572900
2001-03-26,1.8521281480789185,1.9414853174346187,1.827758063802695,1.8927449552059579,604660
2001-04-02,1.6977839469909668,1.9008681595166124,1.665290503975055,1.8683747165007007,542280
2001-04-09,1.6490436792373657,1.6896604804646533,1.4622061999156566,1.6490436792373657,837010
2001-04-16,1.941484808921814,2.0389651204947103,1.6327967682553166,1.6490434868507993,656940
2001-04-23,1.8927446603775024,1.941485015013991,1.8277577790970956,1.941485015013991,303530
2001-04-30,1.9577316045761108,2.193309227159409,1.9252379724299917,1.9577316045761108,777820
2001-05-07,2.0714590549468994,2.1120758611858172,1.9821020812212804,1.9821020812212804,478460
2001-05-14,2.201432943344116,2.274543191743205,2.095829057535897,2.1364460558782596,651190
2001-05-21,2.136446475982666,2.225803463819108,2.1201995572452548,2.2095567387579367,562810
2001-05-28,1.6084266901016235,2.144568984694219,1.4622060290897951,2.144568984694219,3298290
2001-06-04,1.6409205198287964,1.6652906035478923,1.608427074870002,1.608427074870002,805410
2001-06-11,1.616550326347351,1.6815372118523875,1.600303604971092,1.6490437690998692,468030
2001-06-18,1.4622063636779785,1.6571672250801228,1.2997390437349274,1.6246737804591334,977430
2001-06-25,1.5190699100494385,1.543439992254967,1.2997389765234824,1.4946998278439096,1018130
2001-07-02,1.4215893745422363,1.5840567703680142,1.3647257569517868,1.5840567703680142,389910
2001-07-09,1.3078625202178955,1.4540831307442306,1.3078625202178955,1.4540831307442306,285550
2001-07-16,1.2997390031814575,1.3566025294939767,1.2997390031814575,1.324109085886823,278130
2001-07-23,0.9504342079162598,1.2916157929411571,0.9016940368201956,1.2916157929411571,1242880
2001-07-30,0.9748042821884155,1.0966547932524422,0.9341873806083393,0.9829276431368106,1263000
2001-08-06,0.7879669070243835,0.974804431044404,0.7635967720387444,0.974804431044404,1314600
2001-08-13,0.8367069363594055,0.8854471979540841,0.8123368539811159,0.8204602147738791,628250
2001-08-20,0.8773237466812134,0.893570466591184,0.8285834901132124,0.844830210023183,467440
2001-08-27,0.8367069363594055,1.0397911498546846,0.8285835755666423,0.8935705587468473,1215130
2001-09-03,0.9098173379898071,0.9666809639808412,0.8123369054609669,0.8773238927595622,913850
2001-09-10,0.861077070236206,1.0154211282057741,0.8285836251218149,0.9341874185816912,1081320
2001-09-17,0.8285836577415466,0.9260640937604409,0.7879668497495528,0.8204602961431479,916510
2001-09-24,1.0154211521148682,1.0154211521148682,0.7960901987521538,0.8204602831617649,764320
2001-10-01,1.2266286611557007,1.2347520220768828,1.0235444444499475,1.0479145272134938,777130
2001-10-08,1.186011791229248,1.2834922137527218,1.0966547291795559,1.129148171074682,933360
2001-10-15,1.3322324752807617,1.3890960996475108,1.1697651569322411,1.2022586012343248,852550
2001-10-22,1.2997390031814575,1.44595959625175,1.2834922813778806,1.324109085886823,866390
2001-10-29,1.2185052633285522,1.3403557702937878,1.1453949204141716,1.3159856882683603,582230
2001-11-05,1.2266286611557007,1.29973900628444,1.2022585783921544,1.2185053002345185,480120
2001-11-12,1.405342698097229,1.413466058457714,1.2185052161298848,1.24287529721134,863320
2001-11-19,1.6815369129180908,1.7059069906501023,1.3484788933996903,1.3484788933996903,2356520
2001-11-26,1.6003036499023438,1.770894422818887,1.470329681566834,1.7059073418130315,1425600
2001-12-03,1.6003036499023438,1.73840097915406,1.5840569280699301,1.6327970935671707,715480
2001-12-10,1.4378362894058228,1.665290596883309,1.4215895669914458,1.6246737908473665,554390
2001-12-17,1.3241090774536133,1.4622063087425805,1.2428753721150034,1.4459595870424784,730400
2001-12-24,1.3322324752807617,1.437836266100636,1.2997390309786783,1.2997390309786783,337410
2001-12-31,1.4784531593322754,1.5028232424107493,1.3159857451329127,1.3322324671852286,221910
2002-01-07,1.4784531593322754,1.5028232424107493,1.421589535311068,1.5028232424107493,330690
2002-01-14,1.4297128915786743,1.470329696574278,1.405342808581312,1.4622063355751573,243900
2002-01-21,1.2997390031814575,1.429712874448173,1.2916156422796692,1.429712874448173,303140
2002-01-28,1.3647260665893555,1.397219611229704,1.2997391709848847,1.2997391709848847,603160
2002-02-04,1.1535181999206543,1.372849213230312,1.1453948398171216,1.372849213230312,589240
2002-02-11,1.2266286611557007,1.267245465761611,1.104778150499869,1.1535183160269613,1169510
2002-02-18,1.3322324752807617,1.3890960996475108,1.2347520455364083,1.2997390309786783,713830
2002-02-25,1.3241090774536133,1.3809727002420704,1.2834922732033582,1.3403557991537154,1046470
2002-03-04,1.4622063636779785,1.4946999051370717,1.3403558495111643,1.3484792106664116,721480
2002-03-11,1.6003036499023438,1.6165503717347571,1.4378362379020069,1.4540829597344205,1069180
2002-03-18,1.3809727430343628,1.600303686458362,1.332232479585639,1.5596867841114084,1189030
2002-03-25,1.445959448814392,1.4946997060934193,1.4215893685939236,1.4378360887409025,756280
2002-04-01,1.4784531593322754,1.5353166865153811,1.4459596183895418,1.4459596183895418,875520
2002-04-08,1.4215893745422363,1.4784529921326859,1.4215893745422363,1.4784529921326859,538470
2002-04-15,1.3890959024429321,1.454082781821163,1.3566023659157276,1.4134659822097686,317630
2002-04-22,1.2591220140457153,1.421589414430108,1.2266285727040742,1.421589414430108,479130
2002-04-29,1.2672452926635742,1.299738828747983,1.2266284936056728,1.2916154689364026,264440
2002-05-06,1.3647260665893555,1.3647260665893555,1.2672456263445364,1.2672456263445364,313790
2002-05-13,1.3322324752807617,1.4134661828740733,1.3241091142052408,1.3809727385719899,469110
2002-05-20,1.1778885126113892,1.3484791912538874,1.1047781664285459,1.3322324691772782,795460
2002-05-27,1.0966547727584839,1.1941351991556404,1.0641612327340324,1.177888477562464,373100
2002-06-03,1.0885316133499146,1.1697653331828546,1.0885316133499146,1.129148424847326,294450
2002-06-10,0.9098173379898071,1.1210249256626101,0.9098173379898071,1.1047782030474878,471510
2002-06-17,0.893570601940155,1.0560379224868444,0.8285836156186169,0.926064046681872,627260
2002-06-24,0.9179406762123108,0.9179406762123108,0.8204602461349811,0.8529536905480567,623080
2002-07-01,0.8367069363594055,0.917940641125137,0.7960901323955895,0.917940641125137,225960
2002-07-08,0.8204602599143982,0.8367069823937955,0.7960901761953023,0.8123368986746996,313390
2002-07-15,0.7311031818389893,0.820460251384814,0.7229798206837419,0.8123368902295667,332360
2002-07-22,0.6498695015907288,0.7311031590276634,0.5930059268591594,0.7311031590276634,599120
2002-07-29,0.7717201113700867,0.8285836934269292,0.6579929472564016,0.6579929472564016,606570
2002-08-05,0.7148564457893372,0.7635966602031125,0.690486362791975,0.7635966602031125,343200
2002-08-12,0.6904863715171814,0.7554733087503939,0.6742396008945897,0.731103177026032,339040
2002-08-19,0.7392265796661377,0.7392265796661377,0.6742395946187723,0.6742395946187723,433810
2002-08-26,0.9016939401626587,0.9585574670125525,0.7148564439796616,0.7392265753343812,1010750
2002-09-02,0.9016939401626587,0.9748042858077666,0.8529536774532196,0.9341873840768837,485490
2002-09-09,0.9016939401626587,0.9585574670125525,0.8854472182055462,0.9016939401626587,758070
2002-09-16,0.9016939401626587,0.9341873840768837,0.8854472182055462,0.9341873840768837,365590
2002-09-23,0.7798434495925903,0.9016940203664374,0.755473364489254,0.9016940203664374,590780
2002-09-30,0.6904863715171814,0.7798433920557042,0.6823629619963597,0.7798433920557042,238520
2002-10-07,0.5523890852928162,0.7067330908585258,0.5198955925982794,0.6904863687207831,611010
2002-10-14,0.6254993677139282,0.6336227285799715,0.5523890715004892,0.5523890715004892,1302650
2002-10-21,0.6498695015907288,0.7635966510538675,0.6498695015907288,0.6498695015907288,433940
2002-10-28,0.763596773147583,0.7717201353482396,0.6498696055002757,0.6498696055002757,301380
2002-11-04,0.755473256111145,0.8285835493520083,0.755473256111145,0.7717199771826595,578710
2002-11-11,0.7392265796661377,0.7960901552682943,0.706733087142455,0.7960901552682943,315000
2002-11-18,0.8529536724090576,0.8773238520387086,0.7311031616132067,0.7473499318932905,633430
2002-11-25,0.9504342079162598,1.0397912850971562,0.8610771307353635,0.8610771307353635,828430
2002-12-02,0.9748042821884155,1.056037891672366,0.9748042821884155,1.0154210869303908,854280
2002-12-09,0.9423105716705322,0.9991741848956371,0.9423105716705322,0.9748041064440566,489480
2002-12-16,0.9585573077201843,0.9910508430727584,0.9016937903198292,0.94231058846294,486860
2002-12-23,0.9748042821884155,0.9991743650336007,0.8935705758663641,0.9016939368147592,300060
2002-12-30,0.9423105716705322,0.9666807469601965,0.8935704147673713,0.9423105716705322,167160
2003-01-06,0.8773237466812134,0.974804162979126,0.8773237466812134,0.9504339862760809,397890
2003-01-13,0.8123369216918945,0.9016939946985758,0.7717200659234891,0.9016939946985758,369840
2003-01-20,0.9341874122619629,0.9748043152182857,0.7960901746219159,0.8123368970692033,549040
2003-01-27,0.8854474425315857,0.9423109837877248,0.8529538935470945,0.9423109837877248,368900
2003-02-03,0.844830334186554,0.9260640425132849,0.844830334186554,0.9260640425132849,211530
2003-02-10,0.893570601940155,0.9016939631255843,0.8123368932477584,0.8448303379894755,385510
2003-02-17,0.9341874122619629,0.9341874122619629,0.8935706061437445,0.9341874122619629,295210
2003-02-24,0.844830334186554,0.9585574871087359,0.8042135284422403,0.9341874036621477,703060
2003-03-03,0.7717201113700867,0.8773239619545731,0.7554733874735764,0.8448304173234394,773010
2003-03-10,0.8123369216918945,0.8123369216918945,0.7635967044536187,0.7798434273933594,463230
2003-03-17,0.8285836577415466,0.8692005625716495,0.8123369345447491,0.8123369345447491,348570
2003-03-24,0.7717201113700867,0.8448304173234394,0.7717201113700867,0.8448304173234394,132870
2003-03-31,0.7717201113700867,0.8123369695304189,0.739226663577066,0.8123369695304189,221840
2003-04-07,0.9016939401626587,0.909817301141215,0.7798433802271625,0.804213511581882,474270
2003-04-14,1.0194826126098633,1.0235442924673492,0.8773237207597651,0.8935704401897092,466780
2003-04-21,1.0316678285598755,1.1129015364356827,1.0154211063523346,1.0194827869042198,1343140
2003-04-28,1.0154211521148682,1.0397912365244792,0.9423108020479276,1.0316678750546089,346000
2003-05-05,0.9666810631752014,1.0560380467275925,0.9504342420548332,0.9748044253163278,148190
2003-05-12,0.893570601940155,0.9666809494471224,0.8854472407547257,0.9504341302381599,556040
2003-05-19,0.9179406762123108,0.9260640373155796,0.8854472317992352,0.909817315109042,243030
2003-05-26,0.9098173379898071,0.9260640606049296,0.8935706153746847,0.9179406992973684,284610
2003-06-02,1.080407977104187,1.1047780578234012,0.9098172183935015,0.9098172183935015,732200
2003-06-09,1.0316678285598755,1.0885314531243715,1.0154211063523346,1.0885314531243715,182990
2003-06-16,1.1372716426849365,1.1616417264877748,0.9991744042974151,1.0479145719030916,1446180
2003-06-23,1.0722849369049072,1.1372718382191842,1.0722849369049072,1.1372718382191842,220090
2003-06-30,1.1129014492034912,1.1616416120057296,1.0722846468682925,1.0966547282694117,663200
2003-07-07,1.0966547727584839,1.1210248551482482,0.9991743463613276,1.1047781335550722,407930
2003-07-14,1.0966547727584839,1.0966547727584839,1.0641612327340324,1.0722846903687198,140360
2003-07-21,1.080407977104187,1.1210247783028775,1.0722846168644489,1.1210247783028775,191830
2003-07-28,1.0479148626327515,1.088531777077528,1.0479148626327515,1.0722850500348702,180590
2003-08-04,1.0072977542877197,1.0560379213477205,0.9991743931110529,1.0560379213477205,273760
2003-08-11,0.999174177646637,1.0072975370715622,0.999174177646637,1.0072975370715622,204030
2003-08-18,0.999174177646637,1.0072975370715622,0.999174177646637,1.0072975370715622,266460
2003-08-25,0.8042133450508118,1.1047779295328128,0.8042133450508118,0.9991741618411952,4910200
2003-09-01,0.8204602599143982,0.8448303436334941,0.7717200440571542,0.7960901761953023,3505680
2003-09-08,0.8123369216918945,0.8529537290412463,0.8042135602220242,0.8285836446316353,2482890
2003-09-15,0.8042133450508118,0.8367067822365152,0.8042133450508118,0.8123367043472376,1086050
2003-09-22,0.8204602599143982,0.8204602599143982,0.7879668149556037,0.8123368986746996,769340
2003-09-29,0.7960901856422424,0.8204602696505301,0.7717200532149019,0.8123369083144342,813790
2003-10-06,0.7960901856422424,0.8123369083144342,0.7798434145509978,0.7879668243061465,279500
2003-10-13,0.7960901856422424,0.8123369083144342,0.7554733305427102,0.7960901856422424,1080630
2003-10-20,0.7879669070243835,0.7960902692132439,0.7554734098498841,0.7960902692132439,450120
2003-10-27,0.8042133450508118,0.8042133450508118,0.7635965001496418,0.7635965001496418,311710
2003-11-03,0.7960901856422424,0.8204602696505301,0.7960901856422424,0.8042135469783382,217040
2003-11-10,0.8529536724090576,0.9016939348302586,0.7879667849649242,0.8042135068259576,1758040
2003-11-17,0.8285836577415466,0.8692005625716495,0.8285836577415466,0.852953742536743,404210
2003-11-24,0.7960901856422424,0.8367069923227218,0.7960901856422424,0.8285836309866259,466680
2003-12-01,0.7879669070243835,0.820460355779825,0.7798434964164652,0.8042136314021043,567680
2003-12-08,0.763596773147583,0.7879669081686106,0.763596773147583,0.7798434975488961,736390
2003-12-15,0.8042133450508118,0.8123367043472376,0.7635965001496418,0.7635965001496418,590430
2003-12-22,0.8456426858901978,0.8610770329153348,0.7960901455032195,0.8123368673562483,483470
2003-12-29,0.8529536724090576,0.8854472129692252,0.7473499318932905,0.8773238520387086,948420
2004-01-05,0.8367069363594055,0.8610770187376952,0.8123368539811159,0.8529536579449319,362680
2004-01-12,0.8285836577415466,0.8367070193399454,0.8123369345447491,0.8367070193399454,332120
2004-01-19,0.9016939401626587,0.9016939401626587,0.8123368725604383,0.8285835945175508,1135250
2004-01-26,0.9585573077201843,0.9585573077201843,0.893570430691207,0.893570430691207,948610
2004-02-02,0.9341874122619629,0.958557495932894,0.8529537031874217,0.9504341347092503,609850
2004-02-09,0.9260640740394592,0.942310796890275,0.8935706283378277,0.942310796890275,544210
2004-02-16,0.9666810631752014,1.0072978738808336,0.9504342420548332,0.9504342420548332,1417950
2004-02-23,1.0479148626327515,1.0641615896754093,0.966681227419462,0.966681227419462,784170
2004-03-01,1.0641611814498901,1.0804079990981976,1.0560378210447836,1.0641611814498901,396050
2004-03-08,1.1129014492034912,1.1210248096705309,1.0641611895631575,1.088531367802372,970510
2004-03-15,1.0885316133499146,1.1210250625478437,1.0560380673138683,1.1210250625478437,488040
2004-03-22,1.0641611814498901,1.088531359503304,1.0154210190192514,1.0560378210447836,800970
2004-03-29,1.0722849369049072,1.0804082995691917,1.039791389409647,1.0722849369049072,471170
2004-04-05,1.0641611814498901,1.0804079990981976,1.0397911002345708,1.0397911002345708,177940
2004-04-12,1.0885316133499146,1.0885316133499146,1.047914705014386,1.0641614296133506,198420
2004-04-19,1.0966547727584839,1.1047781335550722,1.0804080511653078,1.0885314119618958,603670
2004-04-26,1.0722849369049072,1.1535185635477534,1.0722849369049072,1.0966550248977611,990360
2004-05-03,1.1047781705856323,1.1291482537922464,1.0560379073343018,1.072284726310147,432950
2004-05-10,1.1047781705856323,1.1291482537922464,1.0560379073343018,1.0885314484478896,286790
2004-05-17,1.1047781705856323,1.1291482537922464,1.0885314484478896,1.1129015316545037,234520
2004-05-24,1.1129014492034912,1.1291481701375707,1.0804080073353324,1.1129014492034912,440220
2004-05-31,1.080407977104187,1.1210247783028775,1.064161159786618,1.1210247783028775,203360
2004-06-07,1.0885316133499146,1.0966549756493968,1.0804082510504323,1.0804082510504323,256310
2004-06-14,1.0641611814498901,1.088531359503304,1.0397911002345708,1.0804079990981976,382830
2004-06-21,1.0641611814498901,1.0804079990981976,1.0397911002345708,1.0641611814498901,374500
2004-06-28,1.0722849369049072,1.0722849369049072,1.0479147520739318,1.064161477402501,421890
2004-07-05,1.1453949213027954,1.1535182819842402,1.0479144962873599,1.072284675169792,719180
2004-07-12,1.1047781705856323,1.145394975929989,1.1047781705856323,1.1291482537922464,99920
2004-07-19,1.0966547727584839,1.1210248551482482,1.0804080511653078,1.1047781335550722,158770
2004-07-26,1.0560380220413208,1.088531566684363,1.0560380220413208,1.088531566684363,243470
2004-08-02,1.0316678285598755,1.0722847309168306,1.023544467456105,1.0722847309168306,154900
2004-08-09,0.9504342079162598,1.0397912850971562,0.8610771307353635,1.023544561398468,187970
2004-08-16,1.0154211521148682,1.0479145979943496,0.9098173561684462,0.9260640791081869,237160
2004-08-23,1.0641611814498901,1.0966547199084105,0.991050937803932,1.023544379424358,209320
2004-08-30,1.039791226387024,1.0966548529598312,1.039791226387024,1.0966548529598312,247550
2004-09-06,1.080407977104187,1.096654697583663,1.064161159786618,1.080407977104187,274040
2004-09-13,1.0560380220413208,1.0804082047331307,1.0560380220413208,1.0804082047331307,153220
2004-09-20,1.080407977104187,1.096654697583663,1.064161159786618,1.0722846168644489,377920
2004-09-27,1.0641611814498901,1.0804079990981976,1.047914460639677,1.0641611814498901,766050
2004-10-04,1.0641611814498901,1.0804079990981976,1.047914460639677,1.047914460639677,579810
2004-10-11,1.1129014492034912,1.1210248096705309,1.0641611895631575,1.0641611895631575,571180
2004-10-18,1.202258586883545,1.202258586883545,1.129148241238437,1.1372716022169933,544270
2004-10-25,1.186011791229248,1.2022585121768112,1.1778884307554667,1.2022585121768112,435260
2004-11-01,1.202258586883545,1.202258586883545,1.1778885039478761,1.1778885039478761,309640
2004-11-08,1.2185052633285522,1.2266286240036948,1.1941351813031247,1.2022585419782672,366330
2004-11-15,1.3403558731079102,1.348479234406168,1.202258634199422,1.242875440690711,1039500
2004-11-22,1.2591220140457153,1.3403557142379117,1.250998653710305,1.324108993567091,303130
2004-11-29,1.3241090774536133,1.3241090774536133,1.2591220938151053,1.2591220938151053,362710
2004-12-06,1.2834922075271606,1.3159856492646778,1.2834922075271606,1.2997389283959193,196280
2004-12-13,1.2672452926635742,1.2916154689364026,1.259121932851994,1.2916154689364026,294800
2004-12-20,1.2997390031814575,1.3159857249850344,1.2672454627362033,1.2672454627362033,613220
2004-12-27,1.3647260665893555,1.397219611229704,1.283492447083767,1.283492447083767,709000
2005-01-03,1.4622063636779785,1.4946999051370717,1.3809727521255049,1.3809727521255049,600940
2005-01-10,1.6084266901016235,1.6165500493980494,1.4459593104969435,1.4622060290897951,1240040
2005-01-17,1.567810297012329,1.6084272032919087,1.502823401905981,1.6084272032919087,640270
2005-01-24,1.5190699100494385,1.5759335320337708,1.502823188579086,1.5515633529901434,372220
2005-01-31,1.5434402227401733,1.584057129319562,1.527193498843663,1.5515635846884284,878190
2005-02-07,1.4622063636779785,1.5596867943790507,1.4378362802122364,1.5596867943790507,1110040
2005-02-14,1.7790178060531616,1.7952645280893929,1.5596867680497333,1.6003036699784134,3685450
2005-02-21,1.722154140472412,1.7871412243774045,1.7059074179152165,1.7871412243774045,654120
2005-02-28,1.7952649593353271,1.7952649593353271,1.6815376840867373,1.7140311359645486,642490
2005-03-07,1.6977839469909668,1.827757912730811,1.673413864729033,1.7871411089609215,1343120
2005-03-14,1.6815369129180908,1.72215370913811,1.6246733982100638,1.72215370913811,512330
2005-03-21,1.7018457651138306,1.714030709699592,1.6977839878011087,1.6977839878011087,205400
2005-03-28,1.673413872718811,1.7059073158898639,1.665290511926048,1.7018457323315817,292460
2005-04-04,1.78714120388031,1.78714120388031,1.6571672312372339,1.6734139536080923,342700
2005-04-11,1.6815369129180908,1.819634213742318,1.6815369129180908,1.7952641360103063,435270
2005-04-18,1.73027765750885,1.73027765750885,1.5840569640222502,1.6246737695251374,751330
2005-04-25,1.722154140472412,1.73027769542722,1.6734139728008255,1.722154140472412,352770
2005-05-02,1.9008684158325195,1.9089917776818637,1.6652907285253187,1.6896608140733507,560800
2005-05-09,1.9252381324768066,1.9252381324768066,1.7952643677921736,1.8927446913056483,437270
2005-05-16,1.9089916944503784,1.9252384174407142,1.884621609964875,1.9089916944503784,1054770
2005-05-23,1.8927446603775024,1.917114740857655,1.8846213002174517,1.9089913806976042,536850
2005-05-30,2.1283223628997803,2.144569277386182,1.9008680778806106,1.9008680778806106,1266870
2005-06-06,2.1851859092712402,2.3557766581723207,2.0958287580963053,2.10395211786892,1925010
2005-06-13,2.201432943344116,2.2339263870770445,2.071458974736201,2.1445694168114917,1342430
2005-06-20,2.1120760440826416,2.2339266670273514,2.0714592343264804,2.201433219222422,639020
2005-06-27,2.2095563411712646,2.2095563411712646,2.0389655650487613,2.103952453599732,1242270
2005-07-04,2.1933095455169678,2.1933095455169678,2.1039523830783002,2.1933095455169678,865910
2005-07-11,2.258296251296997,2.2826663317379214,2.1445692092393505,2.193309370121199,1713530
2005-07-18,2.1283223628997803,2.2420496022474596,2.112075642089567,2.2420496022474596,496730
2005-07-25,2.1851859092712402,2.209555988589084,2.1283221971867636,2.1283221971867636,1082440
2005-08-01,2.290789842605591,2.290789842605591,2.152692711021029,2.152692711021029,934210
2005-08-08,2.290789842605591,2.3395302003704557,2.274543121242701,2.290789842605591,903920
2005-08-15,2.1933095455169678,2.290789875076025,2.1608161023306156,2.290789875076025,813930
2005-08-22,2.2664196491241455,2.2907897299702324,2.1933094065858842,2.1933094065858842,496360
2005-08-29,2.599478006362915,2.640094810871857,2.2339263784300334,2.2664198220371867,4609590
2005-09-05,2.6076011657714844,2.6238478863196533,2.5751077246751475,2.5751077246751475,1038340
2005-09-12,2.583230972290039,2.6076010520494703,2.5426141726909868,2.59947769212966,692590
2005-09-19,2.713204860687256,2.74569849559574,2.575107735449992,2.575107735449992,815770
2005-09-26,2.851301670074463,2.851301670074463,2.7132043758389326,2.721327734695367,677270
2005-10-03,2.96502947807312,3.0462630828109356,2.8431788772902067,2.8594255982377694,1340570
2005-10-10,2.9162890911102295,3.2087304524658635,2.648218004597722,2.9893995282872323,2539440
2005-10-17,2.729452133178711,2.891919565866114,2.6969586853764755,2.8675494800144374,1741140
2005-10-24,2.826931953430176,2.916288912227879,2.680711281721394,2.680711281721394,1278450
2005-10-31,2.8756725788116455,2.916289384847588,2.818809050361326,2.818809050361326,394300
2005-11-07,2.826931953430176,2.924412272118579,2.8188085935394755,2.8594253929929767,535760
2005-11-14,3.02189302444458,3.086879908730638,2.867548980589,2.908165783267786,1408370
2005-11-21,3.2006072998046875,3.208730660720894,3.0787566923853844,3.095003414217798,1170610
2005-11-28,3.2006072998046875,3.249347465301928,3.1518671343074467,3.2006072998046875,1511660
2005-12-05,3.1681134700775146,3.200606909782732,3.1031263969909024,3.1924835498564277,545420
2005-12-12,3.0868804454803467,3.2249777922769103,3.0300169118425604,3.1437439791181325,1042420
2005-12-19,3.038139820098877,3.1193734274506393,3.005646377158172,3.0462631808340532,1066670
2005-12-26,3.0625100135803223,3.0625100135803223,2.956906320185934,3.0381399304893093,330990
2006-01-02,3.1762373447418213,3.208730789712895,3.0950035386379273,3.0950035386379273,531720
2006-01-09,3.452432155609131,3.4605557113162133,3.184361014914697,3.2087311010072614,1252550
2006-01-16,4.045438289642334,4.094178463330499,3.4036920883861326,3.4686789866370185,3369490
2006-01-23,4.061684608459473,4.094178054338954,3.8179833770109326,4.037314330373647,1922780
2006-01-30,4.045438289642334,4.248522540352587,4.0210680091220175,4.061685014205056,1283150
2006-02-06,4.045438289642334,4.167288917538979,4.037314733684739,4.118548743850814,1033340
2006-02-13,4.516592502593994,4.711553533473754,4.0698075008342,4.183534542891846,2412300
2006-02-20,4.59782600402832,4.792787030666291,4.410988531036762,4.549085844206917,1863770
2006-02-27,4.5084686279296875,4.6953060756377285,4.4759751924458815,4.6953060756377285,1096680
2006-03-06,4.419112682342529,4.614073347995442,4.102301406980342,4.581579903719956,2528950
2006-03-13,3.980449676513672,4.4678515907627885,3.899216088697536,4.4678515907627885,3909500
2006-03-20,3.923586845397949,4.061684169124566,3.874846681850741,3.9804505632125524,2716450
2006-03-27,3.8098602294921875,4.061684630074516,3.6961331683087817,3.9235872906755933,2071920
2006-04-03,3.8585991859436035,3.8585991859436035,3.696132006739534,3.736748607864396,1246180
2006-04-10,3.880532741546631,3.964203562785925,3.8423529688250424,3.8423529688250424,925390
2006-04-17,3.980449676513672,4.012943111640126,3.874845818676545,3.8805321504560593,674950
2006-04-24,4.053560733795166,4.053560733795166,3.9073402388631964,3.964203958346273,450930
2006-05-01,4.3703718185424805,4.38661853808771,4.053560206381989,4.053560206381989,871320
2006-05-08,4.670936584472656,4.768416907184038,4.289138460176891,4.378495228986139,1447600
2006-05-15,4.264767646789551,4.646565722829022,4.069807026008285,4.54908541243839,1560590
2006-05-22,4.224152088165283,4.264769091597671,3.8261071588786777,4.126671744750497,989880
2006-05-29,4.281015396118164,4.362249007672582,3.980450839690611,4.305385673260696,829820
2006-06-05,4.110424995422363,4.272892620794492,3.9804512050066205,4.2403987858381065,784260
2006-06-12,4.061684608459473,4.102301609485039,3.501172086009774,3.988574161554425,1750350
2006-06-19,4.021068572998047,4.102302594555601,3.744874216700938,4.061685583776824,732670
2006-06-26,4.13479471206665,4.13479471206665,3.8667236121417408,3.9723271088059438,410790
2006-07-03,4.077930450439453,4.386618506960739,3.9479566949998994,4.13479416212043,1042410
2006-07-10,3.996696710586548,4.094177023685651,3.8992163974874448,3.996696710586548,969960
2006-07-17,3.980449676513672,4.004819559182362,3.834228831092326,3.9479562413872173,1416230
2006-07-24,4.102302074432373,4.126671967927808,3.882971096211091,3.882971096211091,341230
2006-07-31,4.061684608459473,4.216028670063224,3.9560807156749433,4.102301609485039,277070
2006-08-07,4.061684608459473,4.1347950553645205,3.8829706561223247,4.021067607433906,465840
2006-08-14,4.443482398986816,4.48409939642706,3.964203920894872,4.061684249928583,871100
2006-08-21,4.354126453399658,4.46785352559241,4.321633004201729,4.443483245017729,575000
2006-08-28,4.053560733795166,4.451605995471903,3.866723628391626,4.362248832670612,1655650
2006-09-04,3.899217128753662,4.094177791515143,3.899217128753662,4.061684347721563,605810
2006-09-11,3.842353343963623,3.939833673708634,3.6961328493461068,3.8586000655877912,777420
2006-09-18,3.7529964447021484,3.8504767812873517,3.7529964447021484,3.8342300585231515,470060
2006-09-25,4.061684608459473,4.061684608459473,3.785489931131451,3.8179833770109326,1125520
2006-10-02,3.9642043113708496,4.0698082052356,3.9642043113708496,3.980451034476778,1432090
2006-10-09,3.8910932540893555,3.980450410848339,3.826106371847321,3.964203690287831,715510
2006-10-16,4.183535099029541,4.216028543936952,3.842353540149309,3.842353540149309,956380
2006-10-23,4.021068572998047,4.216029682442646,4.00482184615704,4.207906125345882,506530
2006-10-30,4.0373148918151855,4.126672074086262,3.964204822095654,4.0291917228918965,348700
2006-11-06,3.8098602294921875,4.029191184022114,3.7448733373873844,3.9723274597541955,925410
2006-11-13,3.817983388900757,3.980451006156544,3.7123798831397905,3.7936134980914686,876990
2006-11-20,3.8667242527008057,3.8829709769830587,3.7448736269076783,3.8667242527008057,604810
2006-11-27,3.956080675125122,3.9804509529611525,3.809860170166216,3.858600338485851,974940
2006-12-04,3.923586845397949,3.9560802877627546,3.842353239485935,3.9560802877627546,888490
2006-12-11,4.272892951965332,4.37037330233236,3.923587782121429,3.923587782121429,1466530
2006-12-18,4.289139747619629,4.297262916607671,4.053561649326645,4.224152458952866,1024400
2006-12-25,4.394741535186768,4.467851964005051,4.216027627061592,4.289138055879876,792640
2007-01-01,4.337879180908203,4.435359516189812,4.305385735814333,4.394742516146264,340180
2007-01-08,4.224152088165283,4.362249435012457,4.207905364262819,4.305386095030058,490690
2007-01-15,4.23227596282959,4.305386419578109,4.20790568146259,4.224152406589763,418380
2007-01-22,4.329755783081055,4.362249229354079,4.232275444261981,4.232275444261981,556140
2007-01-29,4.378494739532471,4.378494739532471,4.232274271810773,4.272891262076297,725850
2007-02-05,4.662813663482666,4.695307496149416,4.362249100648924,4.362249100648924,1271950
2007-02-12,5.101475715637207,5.377669988124312,4.549086395958187,4.66281344933523,2267570
2007-02-19,5.15833854675293,5.15833854675293,4.97150106927909,4.97150106927909,1199690
2007-02-26,5.036488056182861,5.158338654890203,4.8821444034862544,5.101475326218519,2360820
2007-03-05,5.255819797515869,5.2639433527927215,4.99587222629557,5.036488840622524,1131850
2007-03-12,5.255819797515869,5.255819797515869,4.95525522461618,5.198956459987646,500990
2007-03-19,5.247696399688721,5.3126832896467056,5.158339232320282,5.182709509730736,688590
2007-03-26,5.458904266357422,5.523891549314345,5.22332657611499,5.247696855642892,515030
2007-04-02,5.410162925720215,5.450779920373422,5.280189162593742,5.426409646111024,453730
2007-04-09,5.548260688781738,6.092526446659724,5.353300028417778,5.410163360681067,1040820
2007-04-16,5.361423492431641,5.548260995967781,5.125845821105953,5.523891105749218,731820
2007-04-23,5.426409721374512,5.564507040287962,5.280189235829174,5.402039834126476,1000100
2007-04-30,5.483273506164551,5.605124105994238,5.280189302232531,5.426409789616729,445320
2007-05-07,5.4182868003845215,5.629494177969691,5.28018947521033,5.483273685795343,919470
2007-05-14,5.483273506164551,5.597000551907816,5.385793181241752,5.402039902062218,891230
2007-05-21,5.263942241668701,5.515766591808969,5.052734497281948,5.4751495987031005,814280
2007-05-28,5.2395734786987305,5.483274732878773,5.190833305333215,5.215203585692206,1087350
2007-06-04,4.995870590209961,5.312681782559185,4.94713043656795,5.198954757394493,1098350
2007-06-11,4.97150182723999,5.198956333893568,4.930885213898141,5.00399527285444,878200
2007-06-18,5.077104568481445,5.215201874720515,4.963377534606116,5.036487576992659,676120
2007-06-25,5.0933518409729,5.198955720435193,5.028364957412222,5.077105120082731,639530
2007-07-02,5.255819797515869,5.353300524075917,5.003995394219986,5.044612395899376,936830
2007-07-09,5.954429626464844,5.98692307263049,5.247696591333401,5.3370537619651435,1166830
2007-07-16,6.060032844543457,6.076279565814925,5.718851310490237,5.86507180193345,1411470
2007-07-23,5.336456775665283,6.0604576688475875,5.303917435830091,5.9140306395892255,801470
2007-07-30,5.547961711883545,5.694388710510001,5.287646659759287,5.287646659759287,1562510
2007-08-06,5.604907035827637,5.848952494809212,5.491019335989365,5.547963379858283,1689780
2007-08-13,5.344590663909912,5.775737018658984,4.96225292059717,5.466612968299628,1460490
2007-08-20,5.3689961433410645,5.613041581270012,5.30391746333322,5.45034449335087,575030
2007-08-27,5.523557186126709,5.531692213580833,5.092410816444059,5.368995155593479,680270
2007-09-03,5.775737285614014,5.832681314754098,5.336455883388969,5.336455883388969,608760
2007-09-10,5.547961711883545,5.832681069829155,5.40966935256439,5.694388710510001,461810
2007-09-17,5.425940036773682,5.596771761162322,5.344591688945643,5.450344347172333,328490
2007-09-24,5.230703830718994,5.596771992955337,5.116816139043027,5.5154236417582165,967520
2007-10-01,5.857086658477783,5.857086658477783,5.230703778646411,5.230703778646411,884100
2007-10-08,5.9791083335876465,6.0360523628616205,5.661849628545709,5.857085635371681,590710
2007-10-15,6.068593502044678,6.507875035938564,5.914031423393188,5.93030109546705,981830
2007-10-22,5.9791083335876465,6.060456669765135,5.857085635371681,5.938434359448634,921090
2007-10-29,6.044187545776367,6.1824799236574375,5.889625499197494,5.979108870985157,638240
2007-11-05,6.361446857452393,6.426525534189581,5.995378718956438,6.027918057325033,1065760
2007-11-12,6.402120590209961,6.873941366305811,6.223154236066516,6.2312888763960155,1073710
2007-11-19,5.946569442749023,6.491603917648642,5.865221100502699,6.304502536532348,627870
2007-11-26,6.5892229080200195,6.5892229080200195,5.53169320014286,5.938435335803379,1211020
2007-12-03,6.507874488830566,6.686841254497153,6.239424728230233,6.263829040339601,668090
2007-12-10,6.34517765045166,6.507874354145482,6.101132207011389,6.499739325011022,979500
2007-12-17,5.987245082855225,6.345178252863374,5.865222349550241,6.22315551955839,618490
2007-12-24,6.426526069641113,6.434660710961277,6.068592929864443,6.1011322709441815,115930
2007-12-31,5.883930683135986,6.5078731862321755,5.873355379898772,6.426524848984167,371130
2008-01-07,6.34517765045166,6.406188817361959,5.679747240174991,5.836749966534045,833760
2008-01-14,5.694389820098877,6.344363570071177,5.287647690091815,6.22396809198725,1181320
2008-01-21,5.68950891494751,5.878237162011177,4.856500891094802,5.692763004063936,1313950
2008-01-28,5.901828289031982,5.954704811491137,5.473122132370317,5.694389713515188,729890
2008-02-04,5.430006504058838,6.009207094385261,5.287646631886725,5.857085344776286,946040
2008-02-11,5.403975486755371,5.775737575420908,5.287647147113413,5.368995487181414,920980
2008-02-18,5.956332683563232,6.060458507871358,5.3689968587967085,5.525185789208687,1064780
2008-02-25,6.263828754425049,6.406188657529971,5.871729436775992,5.955518450432552,1268570
2008-03-03,5.5316925048828125,6.2556933067494125,5.4503437776555375,6.2556933067494125,1572560
2008-03-10,5.288460731506348,5.602465760309492,5.245346090577626,5.572366699023614,1227520
2008-03-17,4.980964183807373,5.347031941378035,4.649062615804807,5.267310444486294,1731720
2008-03-24,5.1216959953308105,5.160743118064499,4.81663945195639,4.9809633581389825,771360
2008-03-31,5.061497211456299,5.230701633283034,5.009434133402208,5.1249490151035895,973640
2008-04-07,5.246973037719727,5.3559801678095535,5.039534857456018,5.039534857456018,633700
2008-04-14,5.256734848022461,5.44220938027758,5.206298991760721,5.283579820592314,511190
2008-04-21,5.213621139526367,5.303917952123522,5.013504141270218,5.22663710946716,533190
2008-04-28,5.370622634887695,5.409669759881552,5.131458170013933,5.2876470578888375,784240
2008-05-05,5.344590663909912,5.396653363795072,5.287646637401785,5.388518724522165,220630
2008-05-12,5.194910526275635,5.442209656571169,5.194097100989721,5.368995950245702,1511010
2008-05-19,4.8483662605285645,5.172132806274636,4.8483662605285645,5.143660981068192,1248100
2008-05-26,5.0436015129089355,5.218500727139148,4.8548732948318225,4.856500145190408,1858430
2008-06-02,4.6067609786987305,5.026518646226554,4.57178097912167,4.994792735412297,1641020
2008-06-09,4.3171610832214355,4.775965921883604,4.285435169262408,4.563646791426483,1635500
2008-06-16,4.249640464782715,4.474162070962935,4.239065163305399,4.392813747252581,1586130
2008-06-23,4.471724033355713,4.498569013007719,4.246388501471102,4.296011333479052,1465200
2008-06-30,4.1691060066223145,4.632792082612402,4.108094854368108,4.632792082612402,1361880
2008-07-07,4.403624057769775,4.640001465724333,4.329208909204679,4.488544525667754,1103200
2008-07-14,4.582220077514648,4.6400012092101575,4.192634934061809,4.360725461043513,962480
2008-07-21,5.229556560516357,5.2453453357760855,4.5629242625458675,4.736599535632526,982170
2008-07-28,5.251485347747803,5.251485347747803,4.925186083514045,5.115527216419541,1672490
2008-08-04,5.083949089050293,5.526908866498955,5.032197351018641,5.1444720883422645,834000
2008-08-11,5.226047039031982,5.482174050039249,5.02781135435223,5.131314827185399,541000
2008-08-18,5.352357387542725,5.364637406198782,5.1541216653979935,5.1541216653979935,333370
2008-08-25,5.633920669555664,5.745318740633786,5.324287744483833,5.379547819616808,608850
2008-09-01,5.292710781097412,5.928642975742267,5.27078199819447,5.517260698240321,1006420
2008-09-08,5.236572742462158,5.525154396204361,5.190961430084189,5.394459631045803,364180
2008-09-15,5.0944743156433105,5.438315996581869,5.008513790844509,5.157628978388213,1033530
2008-09-22,5.112894535064697,5.2970956069651445,5.005882312484089,5.105000358764297,1003390
2008-09-29,4.849750518798828,5.196223919021316,4.517311722402464,5.105000876306693,1043490
2008-10-06,4.245395660400391,4.793613057941487,4.190135169387415,4.710283779291498,910750
2008-10-13,4.298024654388428,4.8208045382415445,4.065580585531869,4.473454061401548,1087060
2008-10-20,4.30767297744751,4.604149217487593,4.083123504944174,4.429596895681132,682240
2008-10-27,3.837522029876709,4.298901841430779,3.701563922499554,4.143646624297981,989830
2008-11-03,3.742790460586548,3.947165758064884,3.6401640605334062,3.9462886736936706,1307010
2008-11-10,3.1331727504730225,3.7717366528339973,3.084052466378208,3.7717366528339973,1716390
2008-11-17,2.771787166595459,3.113874696828721,2.6779322518204003,3.0700173479691153,1501470
2008-11-24,2.7656476497650146,2.9103770312655315,2.7191586216775896,2.894588257395454,832970
2008-12-01,2.6621439456939697,2.855993592670733,2.6095149128768593,2.781435987880819,659830
2008-12-08,2.7200355529785156,2.9375681384581145,2.7182811752948988,2.763015819507854,1286600
2008-12-15,2.8288021087646484,2.894149705892562,2.616093877426726,2.7200359064545587,1348650
2008-12-22,2.957742691040039,3.157732346359335,2.855116505849598,2.855116505849598,429170
2008-12-29,3.1577322483062744,3.201589809108365,2.939322574232537,2.943708204835737,780620
2009-01-05,3.403334379196167,3.59542967292904,3.1577327523621412,3.2279047353697408,1648170
2009-01-12,3.2279045581817627,3.471751584503683,3.1665040502794968,3.4208771348852327,946590
2009-01-19,2.8156445026397705,3.3217587035199023,2.7735413224491787,3.3217587035199023,1420080
2009-01-26,3.1134369373321533,3.2279048243885344,2.7805593353149147,2.811259382669524,1045450
2009-02-02,3.1051034927368164,3.144575214651924,2.8994123730524266,3.0296688044182565,946290
2009-02-09,2.6709156036376953,3.1397502494291865,2.6709156036376953,3.0875608007549493,1998350
2009-02-16,2.616532325744629,2.7573146128380577,2.5796920639497234,2.7077555821792,1227580
2009-02-23,2.631443738937378,2.8244163048881887,2.543729031290809,2.6805640170451284,808690
2009-03-02,2.7051243782043457,3.0612463576774083,2.328827785054764,2.6095150708483703,2780170
2009-03-09,2.885817289352417,3.026161064228332,2.6753017316027483,2.73801787756679,1203050
2009-03-16,2.832310676574707,2.9244112236884656,2.7709101724132963,2.9244112236884656,997850
2009-03-23,2.790207624435425,2.850730838015449,2.7630161266509363,2.8323108113674116,912400
2009-03-30,3.1116812229156494,3.1485223194650165,2.7502971792575037,2.8024874605049512,1781440
2009-04-06,3.1577322483062744,3.390176525869628,2.9910743119460568,3.113874896632533,872650
2009-04-13,3.274393320083618,3.3243906844501763,3.038001096883108,3.157732524390493,1115390
2009-04-20,3.294567823410034,3.3884225461016926,3.078789376879294,3.2722004982345925,1076380
2009-04-27,3.691476821899414,3.8857650096430607,3.3200048453574436,3.3200048453574436,2313430
2009-05-04,3.4349112510681152,3.9296228051634854,3.322636504980808,3.7717363258435035,1956660
2009-05-11,3.0248444080352783,3.521748639478338,2.7893303315215388,3.4796456648224643,3752760
2009-05-18,2.995460033416748,3.175275285297971,2.9647599908780156,3.112120822448998,1327510
2009-05-25,3.210361957550049,3.3156196238000213,3.0090564303493252,3.0261608324842046,1127820
2009-06-01,3.4778919219970703,3.5919210590628743,3.203344615789713,3.2805336955882147,1080090
2009-06-08,3.4392969608306885,3.5261345839043226,3.4164910950786203,3.49631162521086,703840
2009-06-15,3.464733600616455,3.6401631897226645,3.2454466665157717,3.4134204128651784,1284610
2009-06-22,3.6594603061676025,3.815592580256877,3.4647336102020785,3.4998194862947267,1610290
2009-06-29,3.65682315826416,3.74167123439458,3.5214179969786428,3.695510526886443,1013000
2009-07-06,3.621213436126709,3.8511386107814425,3.587801638242691,3.6563836172904236,1015430
2009-07-13,3.748265504837036,3.7803583044542752,3.5258140961662363,3.6049467912535893,878030
2009-07-20,3.6137399673461914,3.8247610712073326,3.6058264034313168,3.7803587453811756,988080
2009-07-27,3.4989967346191406,3.694632012022965,3.318750039583632,3.63264416592566,1605450
2009-08-03,3.52669358253479,3.5675787209070844,3.4308545618458566,3.5249347799109216,937350
2009-08-10,3.5433993339538574,3.6480306863362455,3.508228942980808,3.5548296638531647,807370
2009-08-17,3.579887866973877,3.603188330753467,3.4383279589036198,3.5258140205409694,822570
2009-08-24,3.446681261062622,3.63132492999538,3.446681261062622,3.5653805229413096,947980
2009-08-31,2.8883540630340576,3.356997184293357,2.813617320530206,3.350842423329156,8807860
2009-09-07,2.972323417663574,2.976279990444007,2.877362945732045,2.9415493983385566,2917420
2009-09-14,2.932316780090332,3.051016250201102,2.9191278569087697,2.971883340004196,2756920
2009-09-21,2.854063034057617,2.961771768750911,2.8487874648358327,2.945505465255545,1912070
2009-09-28,2.655350923538208,2.8984649962344293,2.6377658347437136,2.8575796543056895,3342440
2009-10-05,2.901542901992798,2.9296791330140226,2.65710999768455,2.6720573049049405,3449640
2009-10-12,2.835599422454834,2.985072951884693,2.835599422454834,2.9235251143204097,2232810
2009-10-19,2.8465895652770996,2.87824277419305,2.7960324759650192,2.8672520388027767,1032510
2009-10-26,2.725691795349121,2.8663727420008125,2.7168992492853175,2.848787649873205,2041920
2009-11-02,2.751190185546875,2.764379109188213,2.655351372522581,2.7256917395941738,1730690
2009-11-09,3.1248741149902344,3.189939130875631,2.7270110988736684,2.7393206228195233,5757540
2009-11-16,3.0703608989715576,3.1468560485654415,3.017165803329017,3.130150143830399,1704270
2009-11-23,3.039146661758423,3.09497932189579,2.8259271457815114,3.081790606879974,2986260
2009-11-30,3.0422239303588867,3.095418803604837,2.976279728819613,3.051016476588734,1763710
2009-12-07,3.276545763015747,3.31479333161675,3.044422356741133,3.051016714520065,5764880
2009-12-14,3.4181056022644043,3.445802028179591,3.2901739829812753,3.2901739829812753,3074680
2009-12-21,3.394805669784546,3.4537157134070258,3.317431130819022,3.4396475963559436,3364620
2009-12-28,3.357876777648926,3.4290965523543986,3.357876777648926,3.357876777648926,736800
2010-01-04,3.517021656036377,3.6884766127023454,3.3631520005109508,3.390848425304881,2407850
2010-01-11,3.3319385051727295,3.5508721264213823,3.3288611245334296,3.5346068700315127,2426030
2010-01-18,3.3235857486724854,3.4422852322096866,3.3029232747098662,3.3587559349604197,1061260
2010-01-25,3.121356725692749,3.429096251095647,3.0602485003143642,3.328861060247837,3306140
2010-02-01,2.6878840923309326,3.147734737203921,2.6597480679206456,3.1125645494679213,4498910
2010-02-08,2.6861250400543213,2.807901879109687,2.555995252046362,2.660626597403899,4605450
2010-02-15,2.7714130878448486,2.788998179776464,2.613147050829481,2.6861254129395986,799390
2010-02-22,2.796032428741455,2.810100544647701,2.7256918492102256,2.7837226963042165,675930
2010-03-01,2.872527837753296,2.8918715251983342,2.726571514173152,2.8136177932295374,1516470
2010-03-08,2.8817596435546875,2.9270413710543064,2.857580194300781,2.9015429245946263,1079920
2010-03-15,2.884397268295288,2.9367129458868657,2.8610970120508177,2.8610970120508177,719850
2010-03-22,2.9173696041107178,2.9542981714098318,2.8637349269468886,2.865493519993393,718610
2010-03-29,2.893630027770996,2.938911762430215,2.8127385073880427,2.9015433833643374,761830
2010-04-05,2.9877102375030518,3.0756357050287577,2.8874750368190667,2.893629798582781,1269940
2010-04-12,2.9841930866241455,3.0721185490200966,2.9666079941449555,2.9978213970354735,592790
2010-04-19,2.8883540630340576,3.0176044625439244,2.8883540630340576,2.9806758967587186,621800
2010-04-26,2.941988945007324,2.985072487488966,2.8017477912160524,2.8927506406898553,884950
2010-05-03,2.800868511199951,2.9384720955671053,2.6817294227715234,2.9213257584874146,1033610
2010-05-10,2.750750780105591,2.9015430677501888,2.669419672641576,2.717778783166152,1066140
2010-05-17,2.723933696746826,2.8342802347568945,2.6861257237559433,2.6997540353198604,712640
2010-05-24,2.821530342102051,2.856700520400741,2.6729360662700463,2.7520691770728978,772310
2010-05-31,2.698434829711914,2.784601902581569,2.6834875231183664,2.784162306745115,668780
2010-06-07,2.4232282638549805,2.7208562791994058,2.3695935812369844,2.6830483067168918,1102510
2010-06-14,2.5278594493865967,2.5586334659766656,2.4359772051136686,2.4610360561783318,922070
2010-06-21,2.4970855712890625,2.686125639978361,2.4970855712890625,2.558633607882757,1216380
2010-06-28,2.494447708129883,2.592045120282139,2.34321582562318,2.497085493022985,601240
2010-07-05,2.7382540702819824,2.770899759070636,2.466502218789112,2.4894423415662255,422360
2010-07-12,3.3360204696655273,3.5407168846534534,2.651346776288129,2.7351662032033732,5199380
2010-07-19,3.2808756828308105,3.317932819821645,3.1079418860347863,3.2954338212529795,1168400
2010-07-26,3.1886746883392334,3.3174921211008694,3.1847041525774435,3.229261031587353,807580
2010-08-02,3.2914633750915527,3.3245499756103825,3.169263241614995,3.223966592231834,586460
2010-08-09,3.2279367446899414,3.2936690287577957,3.1648514137654518,3.264993878337573,824590
2010-08-16,3.1802918910980225,3.2879347468765325,3.1648521339595406,3.2292610612923474,253780
2010-08-23,3.1586754322052,3.216025736174384,3.123383002180926,3.1794097243264874,880230
2010-08-30,3.2755818367004395,3.3086684369259087,3.141911643628763,3.2601412409503427,736290
2010-09-06,3.1988205909729004,3.2755818143031443,3.0898552256307616,3.2557297701598147,469740
2010-09-13,3.195291757583618,3.315727197376873,3.145882308629553,3.229260819476881,441400
2010-09-20,3.283963918685913,3.319256562033147,3.1498525891887037,3.1498525891887037,834020
2010-09-27,3.477710723876953,3.5166369412039957,3.1857635666086606,3.2857332996305453,1101860
2010-10-04,3.848395824432373,3.8678592528902627,3.412244472029051,3.4945204651211785,2153720
2010-10-11,3.925363302230835,3.9722517763528966,3.813007973611399,3.813007973611399,1193440
2010-10-18,3.9558844566345215,3.9810981491167876,3.8227389993749843,3.87670488176362,747430
2010-10-25,3.936864137649536,3.9642896059965347,3.824508812654106,3.946595850707078,765480
2010-11-01,3.9218242168426514,3.9766747252390977,3.786466983690691,3.92890163375633,544690
2010-11-08,4.367707252502441,4.500410621196429,4.016486038443432,4.016486038443432,2574400
2010-11-15,4.541990280151367,4.680001797811822,4.298258774383193,4.360629218069326,1128350
2010-11-22,4.5411057472229,4.735737443509973,4.432289360895205,4.501294699261803,965740
2010-11-29,4.828630447387695,4.965756941497817,4.334974140515999,4.515450608050095,1179860
2010-12-06,4.827744483947754,4.945408373851378,4.700349726818143,4.795011275835157,808830
2010-12-13,4.910906791687012,4.945409679346575,4.704774090256426,4.8206683403151,905550
2010-12-20,4.7684712409973145,4.882596231099248,4.564992854439235,4.872864518529389,867930
2010-12-27,4.7684712409973145,4.806513044982085,4.604803907308569,4.75520103065833,329000
2011-01-03,4.865787029266357,5.1135000090985985,4.733083662279527,4.764048048416291,699960
2011-01-10,4.890558242797852,5.0073371055070695,4.802089471329108,4.829514938132751,301570
2011-01-17,4.780856609344482,4.947178230644104,4.777318111736373,4.865786879724529,343940
2011-01-24,4.270391464233398,4.81093618538444,4.270391464233398,4.81093618538444,1654810
2011-01-31,4.171750068664551,4.381863834469802,4.131496902401833,4.326128259330454,1501600
2011-02-07,4.465023040771484,4.542875896227219,4.2000579870793056,4.2000579870793056,2013260
2011-02-14,4.65700101852417,4.665848107549278,4.41680795120351,4.465023573944531,1480070
2011-02-21,4.889673233032227,4.892327527985926,4.535797753191892,4.556145801044991,1469010
2011-02-28,5.398369789123535,5.516917900631214,4.989643348048168,4.994066892081894,2375000
2011-03-07,5.223200798034668,5.485068600725972,5.132078158115767,5.405446921577183,1046810
2011-03-14,5.127655029296875,5.209931010125563,4.874634293729749,5.161273289938298,1391960
2011-03-21,5.32582426071167,5.32582426071167,5.108191075199686,5.127654075282971,627110
2011-03-28,5.653160095214844,5.731897580555575,5.271859520601279,5.3461734616510075,1393230
2011-04-04,5.613348960876465,5.740744166058493,5.569999408624717,5.6920864451031274,1052780
2011-04-11,6.188396453857422,6.352063788895446,5.564691078702352,5.613348798248018,1771570
2011-04-18,6.298982620239258,6.3210999192216875,6.072502305489862,6.3210999192216875,927250
2011-04-25,6.4369940757751465,6.51573113601425,6.197243553548208,6.298982536928431,1258130
2011-05-02,6.230860710144043,6.511306860418468,6.214051582991191,6.413991016531754,607950
2011-05-09,6.169817924499512,6.803254996867682,6.117621286575206,6.369757388211827,1277540
2011-05-16,5.941567897796631,6.1839722677623365,5.817711628814398,6.169817434333875,887980
2011-05-23,5.9451069831848145,5.986687706929382,5.706241087026773,5.944222358739591,650140
2011-05-30,5.81771183013916,5.989341195197195,5.794709908632662,5.945106600960896,473720
2011-06-06,5.500993251800537,5.822135115674431,5.494800459055729,5.807980281358404,491940
2011-06-13,5.405189037322998,5.555184957055721,5.298682530418673,5.518795441945374,718880
2011-06-20,5.414063453674316,5.725594269222453,5.369686137618597,5.422939170815953,816270
2011-06-27,5.604887962341309,5.709619069959855,5.13892332448062,5.414951735176004,1142770
2011-07-04,5.571162223815918,5.811688663918983,5.571162223815918,5.618202442300693,332930
2011-07-11,5.699856281280518,5.699856281280518,5.3199842223784275,5.620864412796403,653520
2011-07-18,5.76908540725708,5.813463156599937,5.508145104484951,5.679442844516906,309760
2011-07-25,5.585362911224365,6.123219181192487,5.502820239433532,5.769085912368351,592720
2011-08-01,4.622368335723877,5.754884060534065,4.307287538939384,5.644827611128611,993090
2011-08-08,4.735087871551514,4.970288929618338,4.131552929320906,4.542489165477385,1357000
2011-08-15,4.557578086853027,4.9303494375152885,4.349890810588194,4.849582586629919,813650
2011-08-22,4.707573413848877,4.835380886639601,4.455508840429558,4.492785843652866,358230
2011-08-29,5.408738613128662,5.414063959267454,4.718223668003049,4.784789859911665,1120930
2011-09-05,5.176200866699219,5.545422666736851,5.142474233456822,5.391875938079819,695800
2011-09-12,5.433591365814209,5.501045057244621,5.005791161267803,5.23655479220301,779510
2011-09-19,5.062594890594482,5.402527100090138,4.934787398465295,5.376788273477267,675960
2011-09-26,5.057269096374512,5.3696874769161305,4.934786962506081,5.023542039972134,623730
2011-10-03,5.082120418548584,5.378562757313492,4.482135842703372,4.993365341342273,996710
2011-10-10,5.857840538024902,5.9377203183091,5.105196729158331,5.159337685439943,1048430
2011-10-17,5.377676010131836,5.892455951993105,5.286258035258175,5.857841403636145,771400
2011-10-24,5.739795684814453,5.742458146386419,5.414064185661444,5.414064185661444,630800
2011-10-31,5.706956386566162,5.781510815898773,5.358148934477724,5.706068899333968,562710
2011-11-07,5.785948753356934,6.015824455082226,5.511695303682574,5.671454434507587,784000
2011-11-14,5.369687557220459,5.854290752971761,5.369687557220459,5.813463374405039,433120
2011-11-21,5.0253167152404785,5.34838532005358,4.928573419620666,5.325308960908535,500730
2011-11-28,5.285369873046875,5.5383219514068465,5.037743141694043,5.037743141694043,1014460
2011-12-05,5.370574951171875,5.454004681465692,5.161112714929872,5.363474629635344,806040
2011-12-12,4.854019641876221,5.392763781596962,4.8407064862033575,5.392763781596962,1010900
2011-12-19,4.860231876373291,4.917035287621064,4.71289842521582,4.8637822482828525,899960
2011-12-26,4.99957799911499,5.031530079712,4.843368814815068,4.860232342371671,359370
2012-01-02,4.939224720001221,5.28181977747194,4.8424814124732105,4.912597985703462,1043750
2012-01-09,5.0856709480285645,5.205490200154098,4.857570202114026,4.916148597201532,815910
2012-01-16,5.192176342010498,5.209927355600271,4.956975306141614,5.017328667703334,619440
2012-01-23,5.2720561027526855,5.316433425017163,5.115846929588317,5.21347771571824,714500
2012-01-30,5.709619998931885,5.724708130236657,5.217916459374153,5.281820203627162,1329690
2012-02-06,5.785948753356934,5.813462974014057,5.55252267943739,5.713169297506573,1235920
2012-02-13,5.864053726196289,5.864053726196289,5.682105702981066,5.688318537536653,811400
2012-02-20,5.907543182373047,5.946595159027104,5.7291451329221585,5.871153244138848,1014310
2012-02-27,6.08860445022583,6.166708836459245,5.90399354412444,5.90931889127872,700780
2012-03-05,6.6317853927612305,6.653974266498753,6.001623748633958,6.180909289785953,3644060
2012-03-12,6.554568767547607,6.7453920737131625,6.52971700787978,6.665512717520579,1396240
2012-03-19,6.647761344909668,6.700126903357196,6.550130972685616,6.557231294139033,975890
2012-03-26,7.260172367095947,7.277035894915448,6.630010273306036,6.66551272670649,1780490
2012-04-02,7.310838222503662,7.630843714789523,7.135148547100535,7.3520710687986615,1664550
2012-04-09,7.619189262390137,7.619189262390137,7.17548363733883,7.310836314163573,1273660
2012-04-16,7.833422660827637,7.833422660827637,7.453358936884422,7.595882940219371,1085170
2012-04-23,8.201833724975586,8.235000199503267,7.62367209592818,7.75364607104577,1260780
2012-04-30,8.482400894165039,8.81316296019803,7.969673700872134,8.169565892069095,1326830
2012-05-07,8.246652603149414,8.50660140640048,7.529552190951616,8.327326517063556,1270520
2012-05-14,7.7993621826171875,8.27802612462867,7.798465444802586,8.245757240905533,787580
2012-05-21,7.804738998413086,8.19197324481771,7.71779049091216,7.858521888823468,836950
2012-05-28,8.083513259887695,8.331809635334412,7.873762080852456,7.879139943585315,1125340
2012-06-04,8.695735931396484,8.874114061225637,7.892583841215981,8.072754591492412,1594200
2012-06-11,8.613271713256836,8.83826145436096,8.461783704422745,8.739660464558181,1189580
2012-06-18,8.702011108398438,8.954788560104795,8.638368376617747,8.693943888424839,1146730
2012-06-25,8.757588386535645,9.577771873143057,8.515566609413673,8.6948415249576,2010940
2012-07-02,9.053390502929688,9.281965442845031,8.812265509186181,8.829296687063607,2107030
2012-07-09,9.353675842285156,9.40745787703048,8.91893331136865,9.053390107932016,1441810
2012-07-16,9.61362361907959,9.7973804524924,9.053389162369822,9.32230101771056,1248030
2012-07-23,9.703262329101562,9.757045222557016,9.071317818962967,9.45675946665179,916200
2012-07-30,9.69878101348877,9.792900869761244,9.402977216375538,9.725672889480991,499460
2012-08-06,9.510541915893555,9.766009602274663,9.286448084045308,9.698780768840086,690060
2012-08-13,9.510541915893555,9.64948070713156,9.178883147340164,9.627070811036658,491640
2012-08-20,9.174400329589844,9.676370843184353,8.614165801174122,9.465722968246059,936900
2012-08-27,9.277484893798828,9.49261476519964,8.972717148555951,9.223701998523564,1221740
2012-09-03,10.039402961730957,10.111112915719387,9.00857173200973,9.23266555193609,1085580
2012-09-10,9.501577377319336,10.075256953106164,9.411939516177645,9.940801016243626,1019510
2012-09-17,9.60466194152832,9.65844398341748,9.192329249360814,9.62707098317378,1512230
2012-09-24,9.895981788635254,9.909427723857915,9.290928381215101,9.64499698176207,1018380
2012-10-01,10.85062313079834,11.20469180207188,9.891501786093032,9.891501786093032,1696120
2012-10-08,10.890958786010742,11.155389549274917,10.675828934326342,10.886477662094435,950550
2012-10-15,10.626527786254883,11.056788334898345,10.536890777472928,10.93577747545018,805020
2012-10-22,10.393471717834473,10.61308356111074,10.084222003696423,10.608601582082642,872760
2012-10-29,10.774430274963379,10.93577722907589,10.344169736013344,10.344169736013344,656500
2012-11-05,10.456216812133789,10.846140405426185,10.397952799497004,10.846140405426185,1224930
2012-11-12,10.227642059326172,10.675829710338538,10.18730510234705,10.626528795175144,892000
2012-11-19,10.648937225341797,10.662383160768044,10.196267657524638,10.232122630477978,460310
2012-11-26,10.604120254516602,10.846142007801918,10.48759135717739,10.581711212849505,875290
2012-12-03,10.774430274963379,10.778911398679002,10.451734657038351,10.604118508869615,1217390
2012-12-10,11.025416374206543,11.115053391404096,10.657902637541342,10.684793657215598,841900
2012-12-17,10.805804252624512,11.061271070144281,10.765467296716118,10.87751420649497,767440
2012-12-24,10.881994247436523,10.926812319486114,10.756501423087858,10.756501423087858,269510
2012-12-31,11.617024421691895,11.733553318284306,10.774431979596942,10.801323000395147,725130
2013-01-07,11.971092224121094,12.289305913512461,11.576687451684759,11.773890265327994,946900
2013-01-14,11.68425178527832,12.320678276293082,11.61254183036258,12.11899434866135,1161280
2013-01-21,11.80077838897705,12.002463132376459,11.634948616087545,11.684249521107384,516680
2013-01-28,12.298269271850586,12.504435179122634,11.639432883720138,11.74699781640774,837690
2013-02-04,12.795755386352539,12.907802284148445,12.226557795235326,12.482024585433994,767360
2013-02-11,13.723505020141602,13.723505020141602,12.77334690902078,12.77334690902078,978270
2013-02-18,13.535266876220703,14.575062049362943,13.154307216703055,14.091019439284656,1475930
2013-02-25,13.795214653015137,14.14031845576114,13.266353147577096,13.893815617392566,1509300
2013-03-04,14.256847381591797,15.094958573543977,13.665239883672617,14.436122251438517,1882670
2013-03-11,14.749856948852539,15.050143593033503,14.40923505350287,14.601955898799515,1163850
2013-03-18,14.350967407226562,14.848455925447198,14.256847565064541,14.745372980815,883060
2013-03-25,14.682624816894531,15.238378185333513,14.597469789586134,14.63332561773703,908800
2013-04-01,13.723505020141602,14.84845602593912,13.342545379955187,14.682625378943232,1203410
2013-04-08,13.938636779785156,14.203067574835575,13.427702252054607,13.580086129027734,1128920
2013-04-15,13.584567070007324,14.010345668097045,13.315654316205926,13.983454649171929,857140
2013-04-22,14.619878768920898,14.664698553930453,13.544228719341278,13.544228719341278,813890
2013-04-29,14.521280288696289,14.790192190090593,14.149283725077321,14.463015416504126,881260
2013-05-06,14.310629844665527,14.700552568137569,13.580083596332877,14.5212785584688,1054380
2013-05-13,13.589048385620117,14.279257724856116,13.580084428132627,14.131355845712694,692110
2013-05-20,13.580084800720215,13.925189479806617,13.445628854119049,13.589048758453641,884490
2013-05-27,13.5576753616333,13.786251147998213,13.060186835142018,13.468037496641164,696820
2013-06-03,13.593531608581543,13.678687502806946,13.176716950612605,13.580085671119601,701020
2013-06-10,13.26635456085205,13.893817097511587,12.72852904094382,13.687651189618494,776550
2013-06-17,13.315654754638672,14.01931008762349,13.234981695207072,13.369437649109845,732400
2013-06-24,14.548171043395996,14.597471959582343,13.060188147936529,13.266354916202063,1305760
2013-07-01,13.894698143005371,14.535298773327513,13.317256678645036,14.33680283972582,1164100
2013-07-08,14.386425018310547,14.602965549993588,13.984922674924627,13.984922674924627,653580
2013-07-15,14.2962007522583,14.508229923097796,13.858607443725406,14.309733998200974,614330
2013-07-22,14.2962007522583,14.842064330610658,14.21950920357923,14.233042449521902,657660
2013-07-29,15.532286643981934,15.532286643981934,14.345823382237391,14.354846119392276,957450
2013-08-05,16.172887802124023,17.31423926190963,15.347327025098531,15.50973287524424,1916840
2013-08-12,16.240556716918945,16.772886213646416,15.956346492517696,16.240556716918945,821220
2013-08-19,16.655590057373047,16.66461279415508,16.014991234048427,16.24055449086601,406160
2013-08-26,15.816497802734375,16.917245988882975,15.663114703598719,16.628525266018507,1439140
2013-09-02,16.348827362060547,16.448074035468622,15.775896421881999,15.84356437362688,1062530
2013-09-09,16.29469108581543,16.87213426064801,16.150330722335106,16.375894005387025,816810
2013-09-16,16.66912841796875,16.691684404062222,16.312737986593003,16.416496899352126,778190
2013-09-23,16.962356567382812,16.962356567382812,16.105217206686934,16.691681342091716,832530
2013-09-30,16.67363739013672,17.08416249448402,16.556345240713746,16.82702049071215,963260
2013-10-07,16.948823928833008,16.948823928833008,16.362359772444105,16.43002772073253,1091420
2013-10-14,17.584911346435547,17.602956820052405,16.768371734839054,16.867620118820696,600600
2013-10-21,17.90070152282715,18.045061880195817,17.47664318817058,17.503709679607702,776190
2013-10-28,18.202957153320312,18.419499430151276,17.720251841411987,17.900703165134004,557000
2013-11-04,17.070629119873047,18.61348113090079,16.786418904874314,18.401452817664122,1325410
2013-11-11,17.039051055908203,17.521756356648236,16.78190904414618,16.78190904414618,667960
2013-11-18,16.817996978759766,17.142808640535172,16.709727572108758,17.052582987718537,514380
2013-11-25,17.002962112426758,17.138301478532114,16.70070809552426,16.903715423770766,550090
2013-12-02,15.87965202331543,17.01197870118919,14.977399087001041,16.953333499384605,1137900
2013-12-09,15.920257568359375,16.060105708068647,15.473641492830605,15.789430445931504,672140
2013-12-16,17.372880935668945,17.42250512652278,15.76235945185273,15.789427661657832,942970
2013-12-23,17.368370056152344,17.368370056152344,16.98942373154531,17.187918769801943,247230
2013-12-30,17.80596351623535,17.954834366449774,17.3232582986224,17.3232582986224,396160
2014-01-06,17.887170791625977,18.126267344458363,17.60296054520445,17.684163472753458,651120
2014-01-13,17.675140380859375,18.085665519304687,17.611982932008008,17.864612727413483,423990
2014-01-20,17.10220718383789,18.027016253213613,17.07513897171792,17.607468430365643,508160
2014-01-27,17.03453826904297,17.666116145880505,16.547322475666206,17.07513972856697,633410
2014-02-03,17.593935012817383,17.981904111522734,16.87213323911755,17.02551633114266,651550
2014-02-10,18.17588996887207,18.19844595325255,17.639048247695705,17.76987536637829,468890
2014-02-17,19.127765655517578,19.849567418743803,18.01348257018289,18.19844437956656,606750
2014-02-24,19.109724044799805,19.655586846158744,18.789424555167187,19.060099840874177,604200
2014-03-03,19.443553924560547,19.840545776702793,18.947315400066167,19.21799064598833,548000
2014-03-10,18.766864776611328,19.35333069912087,18.33378367889983,19.082653722367702,587120
2014-03-17,19.384910583496094,19.551826943906146,18.41949993330779,18.50972387672204,810960
2014-03-24,19.48866844177246,19.551825887113285,18.59543802714227,19.32175209038438,436360
2014-03-31,19.105209350585938,19.750320476587035,19.03754139834303,19.542802669584084,623770
2014-04-07,18.658597946166992,19.389422614861328,18.405966410399476,19.03754438936249,715860
2014-04-14,18.189422607421875,18.7443080650114,17.59844619930072,18.7443080650114,453360
2014-04-21,18.17137908935547,19.208971657050558,17.95935075533437,18.189424566564924,569520
2014-04-28,18.261606216430664,18.568372469903967,17.702210145446337,18.126268568348106,473720
2014-05-05,19.308216094970703,19.308216094970703,18.13528774731188,18.26611486050241,516270
2014-05-12,18.554838180541992,19.339797527935755,18.392432323588398,19.22250536508675,522600
2014-05-19,19.596935272216797,20.03001803628038,18.351826842925604,18.46460847213684,627840
2014-05-26,20.30069923400879,20.39543541741538,19.39844593471951,19.416491413724078,560840
2014-06-02,20.69768714904785,20.69768714904785,19.99392909271028,20.3006952925822,353380
2014-06-09,20.30069923400879,21.108216349891478,19.92175277947083,20.52626255883111,619110
2014-06-16,21.5638484954834,22.03302051505548,19.633027434589856,20.142800912027045,874040
2014-06-23,20.227123260498047,21.769102011679816,20.145488989550024,21.769102011679816,563030
2014-06-30,20.594478607177734,21.08428425967954,20.09106781879073,20.431210056343797,416270
2014-07-07,19.60126495361328,20.798565417572743,19.501489338265667,20.653438193459657,376210
2014-07-14,20.816707611083984,21.088820734998226,19.51056081017892,19.60126576150135,450160
2014-07-21,21.2475528717041,21.279299344814497,20.381323969578254,20.771354044995142,337800
2014-07-28,20.0321102142334,21.406286089906818,19.5014891310919,21.05253697109286,464730
2014-08-04,19.320077896118164,20.272477174410255,19.04796480520776,19.986757217917344,452020
2014-08-11,19.782670974731445,20.2906179341302,19.2293741415351,19.261120610240923,379810
2014-08-18,21.016254425048828,21.31557951499343,19.955010609781084,19.955010609781084,340920
2014-08-25,19.60580062866211,22.086572187932315,18.744107898733976,21.283836207015852,1093270
2014-09-01,18.413036346435547,19.84616920929065,18.272445298942493,19.59219739185636,1045240
2014-09-08,17.59669303894043,18.744107469601403,17.54227076030904,18.281513776101992,1078120
2014-09-15,17.782638549804688,17.964048463606286,16.957226729108413,17.77810408048357,2231090
2014-09-22,17.986722946166992,18.730500423902264,17.69193229045466,17.778102771690616,1330470
2014-09-29,17.43796157836914,18.648867288656177,17.41982024119815,18.013936058149646,967870
2014-10-06,16.535451889038086,17.778105950142177,16.231592241025727,17.596696017262357,1839960
2014-10-13,16.33589744567871,16.48555912485646,14.784848002069914,16.163558234154884,2380400
2014-10-20,17.2384090423584,17.569482365820953,16.254264930037923,16.508238441307565,1297940
2014-10-27,18.290584564208984,18.331399975910504,16.91640861184025,17.41981945012902,788900
2014-11-03,17.533199310302734,18.272442293129178,16.852914802561987,18.231625153462613,1513380
2014-11-10,16.920944213867188,17.896017652403426,16.86198573784591,17.48784797931372,720630
2014-11-17,17.07060432434082,17.424351687538376,16.657898490592725,16.84837903773568,937940
2014-11-24,17.705535888671875,17.787170155795934,17.143166685156434,17.147702883359273,652550
2014-12-01,17.923229217529297,17.950441220424153,17.33818413068702,17.73728485621349,844200
2014-12-08,18.48105812072754,19.029820412903398,17.97764742639747,17.97764742639747,1290080
2014-12-15,19.038894653320312,19.13867026337849,17.329112796697924,18.390356648047927,1388770
2014-12-22,19.329153060913086,19.342759929661813,18.78946122200207,19.038898568387726,306340
2014-12-29,19.55137825012207,19.773603567697442,19.079713880090353,19.22937731156416,283690
2015-01-05,19.40625,20.009434703264876,18.707824149859206,19.60579950144609,919200
2015-01-12,20.49470329284668,20.58994443557558,19.360895817981348,19.36543201671044,933850
2015-01-19,20.961830139160156,20.989040407416123,20.195375288967384,20.58994147920553,1342310
2015-01-26,20.726001739501953,21.24755215885562,20.417605956730668,20.862058295418,819400
2015-02-02,21.379072189331055,21.583157868599205,20.5763363375782,20.75321001625966,957550
2015-02-09,20.771350860595703,21.45163528875966,20.689716590811805,21.45163528875966,572990
2015-02-16,21.057069778442383,21.093350713215226,20.65796911562501,21.084281777061527,579080
2015-02-23,21.9913330078125,22.181811854507394,20.875665012695606,21.13870920676353,927090
2015-03-02,22.61265754699707,22.91198266428361,21.043468348193493,22.222627481733674,1419110
2015-03-09,23.34736442565918,23.551450126855666,22.22716203357746,22.7124332475571,769670
2015-03-16,22.739643096923828,23.687506242534017,22.304261429193122,23.31561751842408,851910
2015-03-23,22.222627639770508,22.943729299732528,21.324652281524916,22.730572929978994,550530
2015-03-30,23.206769943237305,23.274799081927387,22.177274306093942,22.222625911852088,557350
2015-04-06,24.268016815185547,24.268016815185547,22.78953248391978,23.206772845239698,654590
2015-04-13,23.49249267578125,24.730610343647697,23.46528240113669,24.118354943402146,674050
2015-04-20,24.104747772216797,24.36779020855378,23.370039277850246,23.370039277850246,486730
2015-04-27,22.83034896850586,24.21813003693221,22.272515859740675,24.10474928157214,484280
2015-05-04,23.592267990112305,23.719253883613778,22.372291674543455,23.270267057274683,778960
2015-05-11,24.36779022216797,24.5446639127448,23.374575489669585,24.268014610025993,627920
2015-05-18,25.338327407836914,25.49706148260187,24.19091486735328,24.490239953133916,512930
2015-05-25,25.13424301147461,25.92790823564143,24.970976190033294,25.397287173338142,425230
2015-06-01,24.621761322021484,25.769173829635516,24.553732187634914,25.56055368826074,600080
2015-06-08,24.517452239990234,24.98911481123699,23.855307392758856,24.74874819213653,904460
2015-06-15,23.106996536254883,24.417677692023574,22.81674210135076,24.181845531150746,1080660
2015-06-22,25.21134376525879,25.220414432910495,23.220378062112438,23.40632242384004,1141880
2015-06-29,25.117473602294922,26.639468654725135,22.72056011264678,24.124075540260975,1105520
2015-07-06,26.703262329101562,26.985789571726915,24.242553127514945,24.807604136149124,1137990
2015-07-13,28.193361282348633,28.243487143064016,26.593900275595256,26.67136625065838,803890
2015-07-20,28.248043060302734,28.899673990216883,27.901719903521503,28.175133196502728,618790
2015-07-27,27.2546443939209,28.097664781544278,27.209074643749656,28.097664781544278,684410
2015-08-03,27.26375961303711,28.38019160042306,27.14072388930999,27.30932762702124,620930
2015-08-10,27.555400848388672,27.956404264527368,26.484535067740225,27.523502888884646,406770
2015-08-17,26.088083267211914,28.475884142463826,26.019729515293353,27.960957296052847,727510
2015-08-24,26.634912490844727,26.976677830577614,24.01015370824344,25.97416581969946,1116150
2015-08-31,26.065303802490234,27.373125359738665,25.801004436567215,26.42985315349748,1139030
2015-09-07,26.411623001098633,27.11338152844049,25.709864473756777,26.64858049364166,663240
2015-09-14,26.315929412841797,26.949334188978273,26.0425178545252,26.45719303634674,537910
2015-09-21,25.646068572998047,26.880981893762048,24.885071975867564,26.42073696472041,790580
2015-09-28,25.532146453857422,26.31137267926044,24.3336906889017,25.691637974328373,981910
2015-10-05,25.053678512573242,26.32048819357996,24.944314573456307,25.64151533482929,654590
2015-10-12,26.101755142211914,26.61212591862428,24.534192227452277,24.971651402970096,950650
2015-10-19,28.343734741210938,28.690056132932487,27.250085130380956,27.341222887668145,1135150
2015-10-26,30.006996154785156,30.398887356089798,28.576138876204695,28.617150786534445,1157200
2015-11-02,30.53103256225586,30.658624380884287,29.533076803300723,29.747250274548293,861500
2015-11-09,28.671831130981445,30.840902672697904,27.742230779982705,30.29407955033687,1192970
2015-11-16,28.70828628540039,29.136631518470942,27.97918764649131,28.16601928135603,700040
2015-11-23,31.743162155151367,31.898094086222887,28.27538162448308,28.61714691826404,1123790
2015-11-30,31.374048233032227,32.95984047110449,31.328480229839254,31.788725058304586,954770
2015-12-07,27.90627670288086,31.861638838811366,27.61463552029282,31.49709127176978,1145210
2015-12-14,29.765483856201172,29.938643717879945,27.259204585319935,27.883495480613067,1362250
2015-12-21,29.209543228149414,29.934087545168317,28.54424046081503,29.934087545168317,470460
2015-12-28,29.988765716552734,30.24850721390457,29.191313324045932,29.259667081584105,266590
2016-01-04,28.11589241027832,29.619659385252575,27.528055676053953,29.218656017464916,664300
2016-01-11,26.890092849731445,28.981696540530585,26.621237412759594,28.507783315649718,1027070
2016-01-18,27.332111358642578,27.76501444036355,25.450123196479453,26.680478683046527,1065310
2016-01-25,27.582738876342773,27.751344350460055,26.366055185948895,26.839970174593493,972130
2016-02-01,26.165552139282227,27.979188305622024,26.133654181722772,27.605525027089865,965780
2016-02-08,25.463796615600586,27.341227053193524,24.721026127262476,26.8855399356403,1289440
2016-02-15,27.68754768371582,27.68754768371582,26.01517684584811,26.0698588116206,856970
2016-02-22,28.99081039428711,29.07283420450207,26.616681218741686,27.68298901322798,747130
2016-02-29,29.100177764892578,30.918368275501717,28.762968554371337,29.61966076792376,1335200
2016-03-07,28.434873580932617,29.501179645367092,27.78779704403855,29.21409804570006,820050
2016-03-14,28.14322853088379,29.16396818211326,27.705769425346002,28.617143431037043,1683170
2016-03-21,28.453102111816406,28.89967526457199,27.915391190714956,28.125008579402962,435150
2016-03-28,29.38726043701172,29.8429475421515,28.275384526261664,28.45310221913684,737140
2016-04-04,29.856618881225586,29.893074685590356,28.963474272298296,29.519411382393606,565260
2016-04-11,29.163972854614258,29.88851363644517,28.822207547724247,29.71079595499168,590760
2016-04-18,28.813095092773438,29.883960819582896,28.553353585123237,29.018154635210003,517210
2016-04-25,29.5330810546875,30.49458115341247,29.150305543700384,29.874846393761775,839220
2016-05-02,29.1594181060791,29.715355182449393,28.708287115128563,29.52852528049318,437640
2016-05-09,29.469282150268555,29.760921598599424,28.986254965836142,29.200428446213973,508600
2016-05-16,30.10268783569336,30.10724568001312,29.173085761606398,29.469283063292668,452260
2016-05-23,31.342159271240234,31.77961848525295,29.947757809286152,30.12091766172344,698010
2016-05-30,31.38317108154297,32.06214387092816,30.963936317293683,31.06874587751015,591420
2016-06-06,29.988765716552734,31.551772544930724,29.8930718466459,31.36494264938401,474810
2016-06-13,28.753854751586914,29.619660919955074,27.947290130093286,29.619660919955074,856300
2016-06-20,29.35991859436035,31.638353985893467,25.70530801774425,29.168530855859533,1013540
2016-06-27,31.27972984313965,31.380440783639393,28.09361825877613,29.869783661227203,927070
2016-07-04,30.551864624023438,31.275149065036235,29.618004363324964,31.211060923938064,527780
2016-07-11,30.574752807617188,31.325502549432013,30.126132355780754,30.67088501318038,649900
2016-07-18,31.133237838745117,31.838210831966897,30.396220777310596,30.840262502931065,542230
2016-07-25,30.71208381652832,31.659680208128194,30.48777533115864,31.24310381418574,576760
2016-08-01,35.39969253540039,35.70640052218878,30.542706236248076,30.767014697514384,1421800
2016-08-08,34.85036849975586,35.610275782333076,34.2461063502242,35.454630649287516,695790
2016-08-15,33.760868072509766,34.99228254761547,33.42669116368367,34.6077501663287,523090
2016-08-22,33.61437225341797,34.51618832446781,33.051308239512394,33.737969797058014,445740
2016-08-29,33.98059844970703,33.98059844970703,32.9460272303383,33.4221130702908,590160
2016-09-05,34.49788284301758,34.836634958219896,33.73340034947026,34.00348559864108,982200
2016-09-12,35.486671447753906,35.724716101615485,33.48619947062061,34.301037378175664,1467350
2016-09-19,37.432212829589844,37.98612295186145,35.24863038040515,35.66520677950267,1391130
2016-09-26,37.02021789550781,37.313193239307694,36.41137709032866,37.249105101135314,891050
2016-10-03,37.633636474609375,37.981546028597265,36.960707485760594,37.07057586652003,947260
2016-10-10,38.26079177856445,38.45305622146165,36.99275451639029,37.537507263807804,1156510
2016-10-17,38.974918365478516,39.043585234961,38.19670315812255,38.35234480257692,916750
2016-10-24,37.560394287109375,39.52882228820096,37.03395298136632,38.9108274912599,1136940
2016-10-31,36.53040313720703,37.944924535689,36.09093658418888,37.44595205300127,1099370
2016-11-07,37.07973098754883,37.949503153666384,35.09756675210313,36.69520212039438,1240750
2016-11-14,38.63158416748047,38.69567230877347,36.55786654232716,37.413905990371816,1324080
2016-11-21,39.4738883972168,39.58833199822717,38.46220389084853,38.70024853677337,1048750
2016-11-28,37.633636474609375,40.009486947269316,36.16418093423473,39.478466917890856,8356590
2016-12-05,36.62195587158203,37.81216873890007,35.66978418071085,37.542083490767254,1404130
2016-12-12,37.37269973754883,37.51918739801162,36.40679552581126,36.62195004110939,1602950
2016-12-19,36.7043571472168,37.44595304599083,36.38849164527826,37.40475152756569,930530
2016-12-26,37.07973098754883,37.32692961323752,36.38849058011611,36.70435607280865,587140
2017-01-02,37.871681213378906,38.37065367992462,37.171283381719306,37.171283381719306,872890
2017-01-09,37.812164306640625,38.47593927453192,37.024791788889004,37.9952747630431,928450
2017-01-16,37.54664993286133,38.25162283749603,37.25825335518665,37.761804432056856,674050
2017-01-23,38.95660400390625,39.27246948397163,37.26741870137392,37.49172719824698,1041320
2017-01-30,37.80301284790039,39.098515308627036,37.47341470315309,38.727715649515474,1166630
2017-02-06,38.30656051635742,38.498824919043706,37.5374994130709,37.89914159481398,650410
2017-02-13,38.00901412963867,38.585810946493496,37.857947714562535,38.21958996919537,595180
2017-02-20,37.629058837890625,38.526299843936016,37.35897358561738,37.95865700459433,826120
2017-02-27,37.44594955444336,37.82132444517066,35.13418729929703,37.54208176508236,2365860
2017-03-06,37.20332336425781,37.57412299733526,36.71350490368822,37.44136800432499,1151600
2017-03-13,37.25368118286133,37.49172583798291,36.71350722552132,37.171281647248726,950660
2017-03-20,36.882877349853516,37.294874942250246,36.164171796882925,37.120918462937766,784160
2017-03-27,37.34066390991211,37.3589753080779,36.30151738493364,36.43884763236394,851800
2017-04-03,37.903724670410156,37.92203257440015,37.22163824663326,37.36355069661906,630570
2017-04-10,38.649898529052734,38.71856539786083,37.67484016811229,37.99528089916069,597450
2017-04-17,38.42558670043945,38.89251508145379,37.670258193834094,38.64989519281112,792490
2017-04-24,41.3919563293457,41.749019767339526,39.08477316168425,39.30908511020132,1235560
2017-05-01,42.83395767211914,42.90720326485752,41.39196737109672,41.39196737109672,704010
2017-05-08,42.2067985534668,43.122347359334114,42.02369158632656,42.89346015786729,842540
2017-05-15,42.24800491333008,42.70577936878815,41.77191906054866,42.29836038283382,711250
2017-05-22,42.673728942871094,42.673728942871094,41.77649156286894,42.29835408498712,640750
2017-05-29,45.06789016723633,45.218956563762255,42.499775396462155,42.74697400190231,949810
2017-06-05,44.976341247558594,45.4661597860746,44.32172362201458,45.3013606990466,662870
2017-06-12,45.145721435546875,45.30136308563848,43.94635101511095,45.045010488997164,872300
2017-06-19,46.2169075012207,46.679260668113486,45.109094183654314,45.39749082639675,759540
2017-06-26,45.33080291748047,47.155433840418205,44.65518706395514,46.6866386656142,1109890
2017-07-03,45.73525619506836,46.04319044538614,44.788468304270886,45.739849716532255,777080
2017-07-10,47.03133773803711,47.04052828681904,45.0412490555521,45.76282810934514,736270
2017-07-17,45.25267028808594,47.43119519657561,45.1193845280247,47.11866391593323,567410
2017-07-24,43.16147232055664,45.22049909140115,43.05116468509691,45.22049909140115,926480
2017-07-31,42.761619567871094,43.400469788365875,42.2744397323441,43.166070421279784,928860
2017-08-07,42.554786682128906,43.07414210539045,41.869976834873384,42.876511994322854,573300
2017-08-14,44.59083938598633,44.92175527859558,42.63751972047812,42.75242087727272,636120
2017-08-21,44.411590576171875,44.98150279639248,44.13123149381466,44.55407038447941,560960
2017-08-28,44.40700149536133,45.09640845406066,41.548260078913955,44.4207890734945,1126250
2017-09-04,45.082611083984375,45.082611083984375,43.86925528636058,44.38861070033525,570720
2017-09-11,46.11212921142578,48.060851685083634,45.11019106811262,45.11019106811262,1436670
2017-09-18,49.104156494140625,49.49941675250122,45.81798622776629,46.13051751329548,1152650
2017-09-25,49.140926361083984,50.09690483621705,48.86056725533337,49.32476891499497,1130540
2017-10-02,50.05094909667969,50.662224147293806,48.27687479590066,48.71809485684236,838930
2017-10-09,49.706241607666016,50.42782073900076,49.29719376607209,50.14286460507367,684090
2017-10-16,49.17769241333008,50.096901617317556,48.90652738127609,49.706238406923845,639500
2017-10-23,50.65302276611328,50.65302276611328,47.98272115054985,49.29719059280254,1111300
2017-10-30,49.02602005004883,51.46192574369348,48.54803086272402,50.657617723066146,1430190
2017-11-06,47.13245391845703,49.60972247324097,46.93022676900369,49.04440726295316,1062710
2017-11-13,47.08648681640625,48.15736630657925,46.4890029790234,47.38063346082649,957450
2017-11-20,46.8842658996582,47.60584497634737,46.833709113491686,47.02674220257941,654280
2017-11-27,46.80154037475586,47.52311950452527,46.31435708190478,46.94861371628513,979240
2017-12-04,46.76016616821289,47.47255462686493,45.55140745803052,47.20138611763122,977690
2017-12-11,46.750980377197266,47.32548612601948,46.36031716929912,46.792343107990156,924800
2017-12-18,46.28218460083008,47.63342332817574,45.94207815819727,46.879672019365174,916140
2017-12-25,46.659061431884766,46.83371343895588,46.28218576797543,46.28218576797543,478880
2018-01-01,47.47715377807617,47.66099280201275,46.60390438835898,46.659054692938106,662050
2018-01-08,46.78775405883789,49.13173703677854,46.60391150034143,47.56908054931639,977690
2018-01-15,48.94788360595703,49.63729041730854,46.64986090145201,46.97158267748096,942550
2018-01-22,48.94788360595703,50.14285471099877,48.48827906505603,48.90192385316781,959280
2018-01-29,46.420066833496094,48.9938520160325,46.32814731167532,48.9938520160325,1125290
2018-02-05,43.07414627075195,46.2821846085793,42.15493701531638,46.236224847108524,1922580
2018-02-12,45.11479187011719,45.66631601992342,43.46021240768842,43.46021240768842,1190730
2018-02-19,43.60728454589844,45.44570300324415,43.0925296220048,45.26186396271352,1021960
2018-02-26,41.713714599609375,44.250730456154365,41.6217915754381,43.570517609811105,1424890
2018-03-05,46.05237579345703,46.098339054944155,41.309256845260855,41.36441065514268,1923540
2018-03-12,44.563262939453125,46.60390854708996,44.21396245109526,46.28218321348235,1479100
2018-03-19,42.00786209106445,44.361035452104694,41.47471905988821,44.361035452104694,1420770
2018-03-26,39.43407440185547,42.265236793804064,39.43407440185547,42.19170188432075,1494670
2018-04-02,38.84578323364258,39.43408012744965,37.3934343720542,39.43408012744965,1697760
2018-04-09,40.55550765991211,40.72096559128271,38.29425393985347,38.900931852710784,1689860
2018-04-16,40.02237319946289,40.97835169955003,39.61791886900017,40.720970714754166,1188810
2018-04-23,39.893680572509766,40.18782723517764,35.13217664912941,40.11428881625827,3050120
2018-04-30,41.21733856201172,42.5409984800296,39.893678643993844,40.242975597460934,1387030
2018-05-07,40.959964752197266,41.548258101244166,40.62904886673215,41.41956936945327,943320
2018-05-14,41.56664276123047,41.603408465715404,40.24297921763398,41.2173422698364,1067410
2018-05-21,41.676944732666016,42.26523805206504,40.94157808341724,41.60340631448875,887650
2018-05-28,40.66581726074219,42.265239333019686,40.11428962721159,41.89755775050417,1425020
2018-06-04,38.84578323364258,41.0335023358635,38.643559573323294,40.72097103554623,1022120
2018-06-11,38.0001106262207,39.26862037607853,38.0001106262207,38.99285479521442,2193530
2018-06-18,39.13992691040039,39.470839255726105,36.970592776405766,38.05525984340308,2068650
2018-06-25,44.0088996887207,45.33914578039322,38.5585971958224,39.371521447463685,2886490
2018-07-02,42.40152359008789,42.93731441264195,40.57243521848646,42.530852287809815,2315150
2018-07-09,43.15902328491211,43.713290139340806,41.86572925932152,42.62322893821401,1096230
2018-07-16,43.251399993896484,43.60243754840926,42.456948250287816,43.214447930486145,929100
2018-07-23,43.52853012084961,44.526214613618684,42.86341064961269,43.34377334175062,1194830
2018-07-30,42.73408126831055,44.24908413812639,41.4777428398874,43.473108433661764,1371830
2018-08-06,41.311458587646484,43.214443862904055,40.29529808316514,42.84493383540916,1363140
2018-08-13,41.23756408691406,41.23756408691406,39.96274591342618,41.05280726809879,1065710
2018-08-20,43.97195053100586,44.43384078248257,40.97890367484482,41.36688979459264,1386490
2018-08-27,44.932682037353516,45.39457227790845,43.99042552374829,44.1567062922635,1429200
2018-09-03,43.19597625732422,44.95116068304628,41.97658623328641,44.95116068304628,1460390
2018-09-10,44.34145736694336,44.93267623467182,42.844934167512896,43.066639480939855,1386310
2018-09-17,44.286033630371094,44.858780048239296,43.80566737213135,44.19365699468539,1306010
2018-09-24,45.17286682128906,45.4869523250276,43.971949379737524,44.008901444634496,1237920
2018-10-01,40.997379302978516,45.45000100133444,40.81262249942348,45.43152496858465,1897270
2018-10-08,38.79877471923828,41.108225595383416,36.56322796262213,40.92346882050333,2816050
2018-10-15,38.059757232666016,40.05512296792711,36.9142678643018,38.61402412203851,1857410
2018-10-22,39.00201416015625,40.05512337503318,36.784939532246824,38.05975761949189,2162560
2018-10-29,40.83110046386719,42.42000059214731,37.87500203896428,38.05975885126004,1434420
2018-11-05,40.42462921142578,41.73639922673663,40.16597182415714,40.960423540988096,812460
2018-11-12,36.11981201171875,40.99737489046622,34.90042217301752,40.62786132312658,1893740
2018-11-19,32.461647033691406,36.230673261265196,31.722623319640576,36.08286851845503,2079040
2018-11-26,35.380794525146484,36.877318036418764,33.79189436802082,34.25378464517402,2462040
2018-12-03,30.09676742553711,36.341521441673386,30.05981536342005,36.19371671714775,2474620
2018-12-10,30.484756469726562,32.4616461739325,29.81963338272533,30.318475697976254,2228630
2018-12-17,29.22841453552246,31.13140363930842,28.08292692384911,30.50323261568754,2401280
2018-12-24,29.41316795349121,29.94895875079201,28.637192279790792,28.858899363423586,698970
2018-12-31,30.152193069458008,30.392377957836985,28.932803167674244,29.579450182000233,1251750
2019-01-07,31.59328842163086,33.366944987926175,29.89353245029334,30.484751305725112,1579070
2019-01-14,33.23762130737305,33.25609733987946,30.133718325153435,31.40853637655282,1877400
2019-01-21,35.029754638671875,35.0482306714238,31.925855139149103,33.237621749049794,1894070
2019-01-28,31.870426177978516,35.43621935186725,31.334631814508345,35.19603445653827,2561340
2019-02-04,29.265363693237305,33.42237554143644,28.932802181550556,32.05518095645739,3613500
2019-02-11,31.50091552734375,32.31384340274257,27.547135878172075,29.46859936278986,3667900
2019-02-18,33.274574279785156,34.124450654598995,31.408537233065182,31.427013266075438,1811370
2019-02-25,35.28841781616211,35.28841781616211,33.21914782768271,33.348476541223334,2164590
2019-03-04,34.54938888549805,36.80341182653772,31.888900307065438,35.63945005569118,4491730
2019-03-11,33.69950866699219,35.473168872593135,33.07133771125254,34.84499791685349,2470440
2019-03-18,33.25609588623047,34.88194791235583,33.10829115658271,33.53322931382718,2112450
2019-03-25,34.08750534057617,34.08750534057617,31.70414971569647,32.886587748784706,1936660
2019-04-01,33.60712814331055,35.32536005709425,33.18218652910463,34.21682299749746,2022370
2019-04-08,34.1983528137207,34.34615754533284,33.23762029627046,33.60713388727217,1388940
2019-04-15,34.17987823486328,34.67872054674002,33.570183250550464,34.364635038218694,1157850
2019-04-22,35.95353698730469,36.6186601049134,34.179880038938926,34.179880038938926,2001940
2019-04-29,36.84035873413086,38.68791930320945,35.58401698332668,35.58401698332668,2214680
2019-05-06,36.67408752441406,37.597868048837874,35.39926941400515,36.00896441916714,1561350
2019-05-13,38.42926025390625,38.42926025390625,35.78725147465331,36.48932297374003,1904900
2019-05-20,38.650978088378906,38.85421093564951,37.4870161538816,38.3368925625712,1600600
2019-05-27,37.616336822509766,38.74334644852058,37.283775334068345,38.632493793687566,1628030
2019-06-03,34.0505485534668,37.5239615564054,33.1452441193176,37.13597545203124,3233250
2019-06-10,33.25609588623047,34.38310915225884,31.92585331940063,34.36463312056003,2525650
2019-06-17,34.7341423034668,35.417741363247636,33.16371841219073,33.2745710756348,2718220
2019-06-24,35.93505859375,36.06438728456661,32.72029973430212,33.25609405219094,2704310
2019-07-01,37.42417526245117,38.50353966514595,36.56812567436912,36.75422371956304,1982180
2019-07-08,36.40064239501953,37.36834951286785,35.56320640995979,37.21947176777776,1415440
2019-07-15,35.91678237915039,37.219465076642805,34.55827275573888,36.30758860820803,1906220
2019-07-22,37.68471145629883,38.48493058848005,35.89817869103151,36.1959341519094,1453110
2019-07-29,35.284053802490234,37.55444361203648,34.91186125386917,37.05197994439673,1608590
2019-08-05,34.83741760253906,36.21453736737987,33.55334862895255,34.98629531902118,2252000
2019-08-12,35.079349517822266,35.544592870712414,33.6650092990932,35.09795967788088,1415390
2019-08-19,35.674861907958984,36.6983959065781,35.15378805347503,35.15378805347503,1203350
2019-08-26,38.745460510253906,38.78268082523124,34.22329517672132,35.470147332265185,2749510
2019-09-02,39.11766052246094,39.26653824792266,37.945245328615535,38.61519686795577,1386900
2019-09-09,41.555538177490234,42.169659291462004,37.38695795696594,39.08044356063127,2447370
2019-09-16,40.42033767700195,41.25777705858322,39.936484206479975,41.0530688654134,1607340
2019-09-23,40.04814529418945,40.69948664325827,39.37819378663012,40.2342433295698,1119970
2019-09-30,41.276390075683594,41.276390075683594,38.98739367353244,39.824829563587116,1566530
2019-10-07,42.61628723144531,42.93265282975947,40.64365655641133,40.941411996057035,1999510
2019-10-14,39.4154167175293,44.94250637286024,37.48000270046222,42.37436467277895,4795920
2019-10-21,41.07168197631836,41.07168197631836,38.03829692519071,38.987393776034644,2220900
2019-10-28,42.392974853515625,44.10507050426009,41.12751238780993,41.220559636954455,2276630
2019-11-04,42.37436294555664,43.02570431127123,41.22055793633153,42.63489807203252,1347920
2019-11-11,43.230411529541016,43.71426504283534,41.816071309801856,42.18826741218983,1189190
2019-11-18,43.714263916015625,44.45865255207842,42.61628934675113,43.26763073437795,1262620
2019-11-25,44.34699249267578,44.81223580609014,43.732871460949816,43.732871460949816,1444720
2019-12-02,45.686893463134766,45.686893463134766,42.78377608562114,44.29116347689409,1285290
2019-12-09,45.79855728149414,46.431288532116845,45.12860571035831,45.59384906819705,1536540
2019-12-16,46.152137756347656,46.803479140109715,45.72411473684187,45.947433101098135,1563810
2019-12-23,46.570858001708984,47.408297440309255,46.133531672239975,46.24518908087834,463860
2019-12-30,46.66390609741211,47.17567303601525,45.98464773126498,46.57085530433211,742180
2020-01-06,45.50080108642578,46.71043308749419,44.83084952603863,46.375457307300614,1562970
2020-01-13,44.626136779785156,46.37545259324219,44.17950363476895,45.50079646127603,2396550
2020-01-20,44.60752868652344,45.296090368748686,43.91897055382306,44.68196932223422,1477000
2020-01-27,45.22165298461914,45.947435036885835,43.956194032269146,44.365606909541924,1262550
2020-02-03,43.900360107421875,45.538015037561614,43.342069541346355,45.277479913329685,1598360
2020-02-10,43.825923919677734,45.463582565532846,43.08153523952778,43.658436022953346,1265190
2020-02-17,44.06785202026367,44.97972858805572,43.65843558811508,43.78870671167838,942340
2020-02-24,42.318538665771484,43.77009933197079,40.88558816126357,43.379293035502535,2522310
2020-03-02,41.29500198364258,48.710978792329385,40.029539465603754,42.78377932867345,4204540
2020-03-09,41.927730560302734,42.98848479446529,36.56812536202618,38.95017251120742,4361550
2020-03-16,41.7602424621582,45.575236363649346,37.96385517035976,40.085367177345624,4104760
2020-03-23,39.99231719970703,43.639826841936255,38.615197335143705,40.75531599562016,2070510
2020-03-30,38.72685241699219,44.346992495249815,38.38257335891252,40.438947952437395,2150050
2020-04-06,43.732872009277344,43.91897004688136,39.192096219553505,39.73178017365268,1455990
2020-04-13,44.291168212890625,45.1286077139913,41.406660686033256,43.73287757850703,1478310
2020-04-20,41.18334197998047,44.802938417919044,41.18334197998047,44.421438992522596,1256080
2020-04-27,46.98957824707031,48.08755283462723,40.64365925093292,42.24409750727522,1632340
2020-05-04,52.405006408691406,53.48437075114717,46.05908791346489,46.05908791346489,1558740
2020-05-11,53.44715118408203,53.9682249789491,50.469596783484015,53.01912818268667,1418170
2020-05-18,53.63325119018555,54.135714844801925,49.408840848677464,53.67047150894046,3410970
2020-05-25,56.55498123168945,57.70878631660894,52.38640118697489,54.11710703959156,4143990
2020-06-01,54.76844787597656,57.48546734345008,54.26598420475061,57.00161383221677,2239670
2020-06-08,53.09357452392578,55.9222515085182,52.014210050318425,54.4334741482064,2387970
2020-06-15,54.22876739501953,55.55006044382403,51.95838097183085,52.7586001556874,2324910
2020-06-22,51.36286163330078,55.159245160146746,50.97205541095687,54.135711307932446,2502480
2020-06-29,52.01420593261719,53.0377398431129,50.879011066793815,51.288423921087116,1715620
2020-07-06,49.874080657958984,52.83302834877367,49.79964357523755,52.57249323496159,1697350
2020-07-13,52.01420593261719,52.665543757737225,49.70659588252788,49.911304084437,1974450
2020-07-20,51.62339782714844,53.59602848967215,50.804568598553296,52.01420405765798,1298480
2020-07-27,51.34425354003906,53.48437212134426,50.80456958022282,51.53035157961448,1230570
2020-08-03,61.39350891113281,64.11052807580063,51.23259340669465,51.32564064676284,3030660
2020-08-10,60.96548843383789,62.621760803820024,60.239709908288106,61.07714939894189,1790680
2020-08-17,65.07823181152344,65.37598722462674,60.53745288788672,60.92826263556214,1663980
2020-08-24,61.41212463378906,67.9255317919182,59.94195388575352,65.5807083385739,1948990
2020-08-31,60.25831604003906,63.924428528406196,59.68141177480077,61.858754176658536,1502120
2020-09-07,62.324005126953125,63.27309848057961,60.369977288753674,60.48163825349522,1243310
2020-09-14,62.24956512451172,62.714808500481084,60.500245487474544,62.24956512451171,1471080
2020-09-21,62.0634651184082,62.30539366789784,59.5883739858013,62.21234641010974,1331620
2020-09-28,65.20851135253906,65.48765311044092,61.67265896004629,62.34261053749126,1428560
2020-10-05,65.37600708007812,66.30649391600673,64.42690653196229,65.50627466918404,1206430
2020-10-12,66.38092803955078,69.20960889703224,63.403372978544624,65.48766152124892,1403590
2020-10-19,64.65021514892578,68.80018472929419,64.07331087398589,67.19974656576069,1567730
2020-10-26,63.626678466796875,66.86477533062674,62.52870386861292,64.66882613425882,1993950
2020-11-02,68.2977294921875,68.61409158252617,63.94305117854256,64.50134181381999,1577980
2020-11-09,66.23204040527344,70.15869522631296,57.05744141649906,68.89323280723718,2649110
2020-11-16,65.29224395751953,67.67429451514118,64.39897766055496,67.050863088895,1391752
2020-11-23,62.817161560058594,65.76680281057872,61.970415222417884,65.61792152521535,1427280
2020-11-30,58.58344268798828,64.86422801032234,57.79253040054145,62.882293864266124,2095158
2020-12-07,60.88174057006836,61.272543251443395,57.69947444526176,58.68579155227108,1690170
2020-12-14,65.13406372070312,65.13406372070312,60.66772508309223,60.965480518996316,2118569
2020-12-21,65.00379943847656,66.48326983860764,63.98026551964343,64.77117777060313,677150
2020-12-28,63.85929870605469,65.96220060419917,63.85929870605469,65.32016251914774,675706
2021-01-04,67.20905303955078,69.07002631702466,64.55716043991077,64.55716043991077,1391406
2021-01-11,69.55387878417969,70.43783828362287,67.0787808272589,67.0787808272589,1329538
2021-01-18,72.57796478271484,73.6294122296781,69.302654623795,69.78650459876427,1238043
2021-01-25,73.67593383789062,77.30483322259477,71.67538610410053,73.5084459555489,1981137
2021-02-01,74.94139862060547,77.41648951644478,74.04813225299841,74.34588770886744,1359923
2021-02-08,75.78814697265625,76.40227166781396,73.94578708528488,75.341517284406,1051099
2021-02-15,75.47177124023438,76.48599826090926,74.58781178003059,76.29990377425044,1088520
2021-02-22,68.52104949951172,74.88558309950909,67.93484535307229,74.88558309950909,1544058
2021-03-01,68.86531829833984,71.70329829438022,67.54402187264645,71.64747136760785,1911100
2021-03-08,70.66116333007812,72.2802082246404,68.40008033118501,69.70276315054384,1496135
2021-03-15,73.6666259765625,74.67155325687555,70.47505650043747,70.856559432409,1992263
2021-03-22,74.82972717285156,77.13733695664237,73.74105960547624,73.88994086206554,2246832
2021-03-29,77.57467651367188,78.07714016917221,74.0202177053991,74.9413975242914,1531461
2021-04-05,80.33821105957031,80.94302878009395,76.70931893452749,77.57467177181836,1528716
2021-04-12,82.07823181152344,82.62722266175771,79.3146851478404,80.58014764096832,1573355
2021-04-19,80.32891845703125,83.23203241555238,80.05907646233919,82.45042699565828,1704047
2021-04-26,76.62557220458984,80.98955675070508,76.19754920866494,80.58014036371188,2111483
2021-05-03,76.88611602783203,77.73286236059678,76.13242404740873,76.79306877454094,1513793
2021-05-10,76.83959197998047,77.16526089919533,73.99229790286626,76.96055269310312,1519992
2021-05-17,78.97041320800781,79.92881342684242,76.50462189508204,76.96055841588625,1408914
2021-05-24,81.77116394042969,82.30154104498351,79.09136495411293,79.20302590735312,2537863
2021-05-31,78.42141723632812,82.8505358763113,75.30428823911406,81.88282886511035,1585504
2021-06-07,80.4405746459961,80.91512486412539,77.08151699625513,78.35628636689641,1426705
2021-06-14,85.95835876464844,86.44221582397189,80.31961163602995,80.82207530576576,1677222
2021-06-21,89.46630096435547,89.73614296931399,84.61846592828435,85.3535513006092,1446357
2021-06-28,90.18620300292969,92.45398291816082,88.70559534522714,90.11124068507726,1794403
2021-07-05,95.19031524658203,96.27734405194235,89.34282480232513,90.31740654303462,1505757
2021-07-12,95.60262298583984,98.18901244234338,92.34152976412328,95.02162748111624,1540925
2021-07-19,96.42728424072266,98.3014782700876,93.38171894300463,95.71508850770878,1661711
2021-07-26,94.4968490600586,96.63343602239986,92.36026924719937,96.2211110937842,1416428
2021-08-02,105.6483154296875,106.36051116267603,94.08454170066902,94.83421502269863,1880639
2021-08-09,106.6041488647461,108.74072872335525,104.44882306380826,105.83572966736067,1155970
2021-08-16,112.00182342529297,112.4516331034791,106.60415018395322,106.64163491959225,1032891
2021-08-23,111.38334655761719,112.78899201427619,109.52789140905502,112.45163653271942,871577
2021-08-30,114.9817886352539,116.48114941915965,111.17717744737594,111.40207870516898,1046836
2021-09-06,117.41824340820312,119.51733844408514,114.36330553892746,115.22543296355092,1269791
2021-09-13,117.60565948486328,118.18666212943863,111.25214372593278,117.60565948486328,3435104
2021-09-20,112.3954086303711,119.64853690274681,111.38334222506782,117.13711683189176,1343832
2021-09-27,99.21981811523438,113.01388575464436,99.21981811523438,112.54533730031376,2154628
2021-10-04,99.14485931396484,101.80621119724026,97.47682075179834,99.12611337141654,1593080
2021-10-11,101.7125015258789,104.03649790595821,97.64549713651684,99.14485794241828,1465069
2021-10-18,96.42728424072266,106.00441687469475,95.77131204075523,98.78876557195004,2148630
2021-10-25,95.52765655517578,98.5638483911293,95.2277858448283,96.8208476530215,1844390
2021-11-01,93.57849884033203,99.05114141185823,90.40174085901816,96.25859659882722,2105764
2021-11-08,99.31352996826172,99.65087826577242,93.55974857765973,93.76591103409756,1696527
2021-11-15,103.28681945800781,106.39798081966764,98.2452336581532,99.33226947281452,1800434
2021-11-22,106.5666732788086,109.04060881691076,95.84628118071066,103.54921975822629,1965512
2021-11-29,98.32020568847656,110.68988914074154,95.71507743300273,107.84111368778625,3795166
2021-12-06,101.1502456665039,103.13688659725345,95.34024036747833,98.77001858861216,1793309
2021-12-13,99.7820816040039,103.73662453808721,95.54639958910684,101.0190492327961,1909012
2021-12-20,101.86244201660156,103.11815572636912,98.99492745694968,99.80083145663323,1107938
2021-12-27,101.9561538696289,105.70454177440229,101.6187983862407,101.7687301847007,687783
2022-01-03,92.55706787109375,102.89325382316159,91.62934383967266,102.23728163115537,1911206
2022-01-10,86.60649871826172,92.16348393796137,86.60649871826172,92.1166333799803,2542345
2022-01-17,83.81394958496094,87.36554771767639,83.42973642163732,86.76579912013773,2141347
2022-01-24,82.10843658447266,84.13256226029384,79.02538678913386,83.72023731821744,2586360
2022-01-31,84.69481658935547,87.421772043289,81.70548229266616,82.76439923262093,1627898
2022-02-07,81.20882415771484,85.74436991028902,81.20882415771484,84.80727297137877,1600013
2022-02-14,80.12178802490234,82.34271033695008,78.27570591713656,80.59033649288423,1935729
2022-02-21,83.6171646118164,84.2356448856533,77.25427541638619,80.12178981672952,3044874
2022-02-28,82.71753692626953,85.83807119499319,81.86478249892741,82.55823217548321,2348337
2022-03-07,78.21949005126953,83.42037426566273,72.53131137872928,80.59971735972474,2834206
2022-03-14,87.97466278076172,88.03089346176733,76.5233435771994,77.95710082689638,2324546
2022-03-21,82.73629760742188,88.54629633157705,81.03078129940344,87.98403954367218,1799611
2022-03-28,85.21959686279297,87.68415920796049,82.69880384033542,83.02678633501822,1556556
2022-04-04,93.46604919433594,93.89711293986954,84.73230577519692,85.46324026325316,2543761
2022-04-11,89.69892120361328,94.17824348098056,88.93050199054377,93.14743826581156,1386660
2022-04-18,83.5703125,90.0175374215042,81.26505468955388,89.69892786656875,2241112
2022-04-25,83.13923645019531,86.40032959330524,81.43372041226311,82.93307399239882,2101727
2022-05-02,79.22217559814453,82.83937033259657,76.46710832644213,82.65194665624955,1672972
2022-05-09,78.88481140136719,80.02807067739128,74.44297443093713,78.99726559473201,2181618
2022-05-16,80.12178802490234,81.43372516514806,76.67327101457637,78.62243435725676,1411164
2022-05-23,82.25836944580078,82.25836944580078,78.24759562817783,80.87146995813723,1180687
2022-05-30,79.82191467285156,83.38288577249075,79.5032980073452,82.5394971278939,1342842
2022-06-06,78.1726303100586,81.15259906693782,77.7415665464198,80.04682431691388,1304706
2022-06-13,69.00782012939453,77.77904831901562,68.14569263498727,77.21679156829272,2208220
2022-06-20,73.84324645996094,74.12437127027194,65.72798300819078,68.68921295994922,1839339
2022-06-27,70.50717163085938,75.09894805810166,68.59549301892446,74.03065812047366,1747303
2022-07-04,73.77765655517578,74.34751341902013,69.23778648710594,71.82114533239836,1293654
2022-07-11,74.89837646484375,74.95535997607563,70.60543988100808,73.0938237325632,1291371
2022-07-18,78.92536926269531,79.02034419218549,73.07482810185326,75.22128904359728,1694161
2022-07-25,72.20104217529297,78.73542187334145,66.95834909409216,78.18455712044822,3350434
2022-08-01,71.3842544555664,73.22679139749765,69.61769311459376,72.18205261155502,1837401
2022-08-08,71.84013366699219,72.90387173773658,69.52270766285606,71.61219238259082,1364053
2022-08-15,71.11831665039062,74.21454892482231,71.11831665039062,72.37200468081645,1079896
2022-08-22,67.47122955322266,70.98535314871528,66.54045772599224,70.81439535375964,1170557
2022-08-29,64.1280517578125,67.28126743984367,62.70340598738655,66.76840133907866,1995371
2022-09-05,65.53369903564453,66.88236182745364,61.981584624076035,62.6844077732252,1461212
2022-09-12,62.912349700927734,68.21203324332622,62.608425586280646,65.72364957294396,1904740
2022-09-19,57.57468032836914,62.81737691972511,56.700899374673824,62.494460707059645,1939810
2022-09-26,58.049564361572266,58.39147992057118,55.14328935620449,57.00482559624135,2508242
2022-10-03,57.726646423339844,62.45647364852026,56.83386969658318,58.790384558312184,2468966
2022-10-10,59.47420883178711,60.5379469087368,56.207022626170975,56.985828661364714,1944588
2022-10-17,58.733394622802734,61.63967320883696,57.27075747422634,59.62617130700656,2491684
2022-10-24,62.038578033447266,62.49446789649944,58.80937930468806,59.17029060332862,1903315
2022-10-31,61.6966552734375,62.64641906874188,58.94234244089162,62.49446062947698,1749943
2022-11-07,68.2690200805664,68.2690200805664,61.37374003451136,61.46871496632348,2738523
2022-11-14,62.93135452270508,68.99084525714912,62.2095319701673,68.3640048861971,2535379
2022-11-21,64.83087921142578,65.24877035731612,61.77263860687054,62.68441098807139,1418265
2022-11-28,65.3057632446289,65.87562009571595,63.026328594157725,65.02083119602388,3070590
2022-12-05,62.855369567871094,65.53370323638269,60.49995574138877,65.49571181424714,1983025
2022-12-12,59.58818435668945,64.83088113906975,59.018323884198985,62.66542076356583,2768482
2022-12-19,62.855369567871094,63.786141294884786,59.58818334850427,59.91110319053354,2088150
2022-12-26,63.691165924072266,65.26777750365959,62.285519385429815,62.855376286126045,1264137
2023-01-02,62.83638381958008,64.69792021529953,61.69666277889309,64.07107255600316,1446220
2023-01-09,61.221778869628906,65.87562333346577,59.77813733645119,63.34924793310851,2415319
2023-01-16,60.63291931152344,63.7861383658099,60.51894867341179,61.259763255729375,1896909
2023-01-23,62.380489349365234,62.380489349365234,59.83512196634866,60.87986074193331,2130094
2023-01-30,67.58519744873047,67.60418953698796,61.22177545627082,62.11455577295535,2654161
2023-02-06,64.09007263183594,68.49697664933088,63.31126650579908,66.86338154444292,2610521
2023-02-13,64.5079574584961,65.62867906537764,63.501210119578474,64.29900825695705,1749157
2023-02-20,64.10906219482422,66.29352202731943,63.178290399849516,64.77389401543229,1925802
2023-02-27,59.607177734375,65.38174006831501,53.81361968863492,64.29900985714261,5747437
2023-03-06,60.2340202331543,60.59493150225429,56.624918411338804,58.73339526889471,2365868
2023-03-13,58.258514404296875,60.27201274148415,56.112049708483305,59.265265384421284,3206002
2023-03-20,57.40372085571289,58.99932427641195,56.28299931919662,58.31549682687039,2058050
2023-03-27,58.54344177246094,59.79712973545247,57.7456400120971,57.954589213616174,2075161
2023-04-03,58.3914794921875,59.09430631642476,55.846112152826656,58.90435282692322,1815836
2023-04-10,58.90435028076172,59.778131222413265,58.39147696819513,58.39147696819513,1550555
2023-04-17,58.06855773925781,59.493203429124044,56.529941408659454,58.8853551811376,1684343
2023-04-24,60.08205795288086,60.57593557646351,56.70090105590483,58.39147950439284,2741016
2023-05-01,61.734649658203125,61.734649658203125,58.99932878196705,60.082058980898,1700964
2023-05-08,56.98583221435547,61.96259286549466,56.94784079001111,61.73465156555176,2351829
2023-05-15,57.441715240478516,57.93559286028438,56.58692997867184,57.118795397646274,1620469
2023-05-22,58.41047286987305,59.68315648870818,57.02381861111484,57.46070908337105,1602874
2023-05-29,58.50545120239258,60.84186938355551,57.78363227681191,58.79038325336591,2108242
2023-06-05,56.81487274169922,59.36024012824321,56.81487274169922,58.54344264438874,1884059
2023-06-12,58.41047286987305,58.92334618411884,55.846109921705384,56.85286083969958,2075018
2023-06-19,53.73763656616211,57.935590746777194,53.73763656616211,57.935590746777194,2043296
2023-06-26,55.23826217651367,55.35223281746523,52.540932853584366,53.75662935189796,2181941
2023-07-03,54.8310661315918,56.821758042498764,54.07730560023924,56.14530779594433,1497827
2023-07-10,57.01502990722656,57.92340363289715,54.231922330422584,54.792410834555284,1513740
2023-07-17,59.04438018798828,59.6048687228125,56.39656546420876,57.01503302928551,1716931
2023-07-24,60.22333526611328,61.59556337840827,55.584824920379226,58.79312812454947,2508814
2023-07-31,56.93772506713867,61.1896952803273,56.08733397358704,60.30064904078942,1875493
2023-08-07,55.662132263183594,57.45955592161487,55.662132263183594,56.87974350305654,1113017
2023-08-14,52.125267028808594,55.97136536391087,51.66141636233146,55.66213158625945,1306041
2023-08-21,53.980674743652344,55.23693745786644,51.661417666366695,52.163923489323835,1177963
2023-08-28,54.73442840576172,55.14030002920252,54.01932670146487,54.30923289743271,1602810
2023-09-04,52.35719299316406,55.50751341244246,52.35719299316406,55.08231789960432,964152
2023-09-11,53.497493743896484,54.34788845338126,51.004292329619744,52.5697924351989,1654804
2023-09-18,53.01431655883789,54.734429896608866,52.39584900756551,53.4395120787483,1613833
2023-09-25,51.7000732421875,53.09162528834645,50.92698877209919,52.840374217951826,2015653
2023-10-02,51.15890884399414,52.06728626107954,49.63206757861223,51.81603152115312,1601856
2023-10-09,47.97959899902344,51.21689161727025,46.92627032585548,50.965640563409146,2150963
2023-10-16,44.44273376464844,48.78167206385665,44.2784512549127,47.76699855129588,2006161
2023-10-23,44.72297668457031,47.21617817073855,43.321762738602295,44.68432522702805,2478511
2023-10-30,49.76736068725586,50.463138559993666,44.63600624852969,44.935578096260144,1996809
2023-11-06,47.998924255371094,50.211881463769984,47.70901805067666,49.69004808350557,1458844
2023-11-13,50.86900329589844,52.260558952952664,47.83464461137771,48.308160897204736,1649934
2023-11-20,51.564781188964844,51.70007050326838,49.148890043952306,50.733714045263355,1528565
2023-11-27,52.028629302978516,52.04795687355665,50.50178440452024,51.448816931063085,1875663
2023-12-04,53.14960861206055,54.09663755951253,51.83536315474511,52.02863519606048,1644020
2023-12-11,56.04867935180664,56.203296250840076,52.3571976618204,52.99499283112804,2157051
2023-12-18,57.07301330566406,57.65282570154351,54.753756349431654,55.19827943202972,1590893
2023-12-25,56.99570846557617,57.61417606329847,56.74445738638561,57.07301875847029,550770
2024-01-01,55.52684020996094,58.09734819532716,54.96635539113894,56.99570244250696,1172264
2024-01-08,55.56549835205078,56.53185484512993,54.405869823084316,55.41088146061242,1200578
2024-01-15,53.362205505371094,55.75876911095872,53.07229561500085,55.68145882383135,1376373
2024-01-22,55.14030456542969,55.60415525440929,53.53615288365781,53.6327870614778,1533533
2024-01-29,51.60343933105469,55.23693820232486,51.60343933105469,54.83107023582639,1476456
2024-02-05,52.337867736816406,53.05297316668594,51.236221919911515,51.75805531308462,1288145
2024-02-12,55.89405822753906,56.12598540173583,51.912670613627334,52.27988341709927,1606396
2024-02-19,56.06800079345703,56.493196297710746,55.043661645407376,55.62347771814308,1352366
2024-02-26,53.671443939208984,56.841092259371145,49.59341809825081,55.79742909707582,3228961
2024-03-04,54.05797576904297,54.48317494494181,51.98997365979466,53.690762990675765,1353546
2024-03-11,54.21259689331055,56.783104975062855,53.57480176584892,53.57480176584892,2061227
2024-03-18,54.077308654785156,54.947030976103704,53.884036618230205,54.3092358359226,1044446
2024-03-25,57.092342376708984,57.11166626223622,53.96134577218779,54.61846847083597,1502817
2024-04-01,56.53185272216797,59.70150072080218,56.319253122039996,56.72512475079727,1722060
2024-04-08,57.788116455078125,60.010735609820095,56.26127514181822,56.377236886612764,1518721
2024-04-15,57.517539978027344,59.45025300005908,56.47387317667859,57.71081201750203,1293972
2024-04-22,54.73442840576172,59.87544439362996,53.82605467536722,58.56119903979466,2287310
2024-04-29,54.7730827331543,56.995701784308494,54.59913828089067,55.08231649576581,1376884
2024-05-06,55.720115661621094,56.01002187444884,54.11596401852623,54.88904848151938,1149627
2024-05-13,56.299922943115234,58.155329171126624,55.21760479381694,55.73943814104113,1394597
2024-05-20,55.06298828125,58.56119748388007,54.50250347545136,55.72011094070854,1549789
2024-05-27,53.497493743896484,55.50751324607459,53.28489414493596,55.17895190511619,2136873
2024-06-03,53.072296142578125,54.36721397397488,52.70508333414492,53.729418844263485,1252804
2024-06-10,50.36650085449219,53.74874867880825,50.1152497809689,52.647102834419655,2261061
2024-06-17,50.965641021728516,51.661415162100845,49.96062942453176,50.385824937334704,2255486
2024-06-24,44.98389434814453,51.02362247454303,38.14209224346621,50.984967329808285,5860270
2024-07-01,46.8415412902832,47.2031377879859,42.72714853643869,45.93266068486908,3304152
2024-07-08,47.90678787231445,48.0436079661437,45.04332598379785,46.69494583198631,2107285
2024-07-15,47.25199890136719,48.06315188682427,46.030385654402494,47.73087293452716,1866594
2024-07-22,52.42186737060547,52.695507546579535,46.66562631299122,47.31063796212137,2426646
2024-07-29,53.14506530761719,54.49372368784351,52.10913590152629,52.773693825725296,1691080
2024-08-05,51.64003372192383,53.24278965570162,50.780016978896356,52.53913925430936,1707075
2024-08-12,50.72138214111328,52.26549930515432,49.72454531103064,51.73776150192216,1516214
2024-08-19,51.01456832885742,51.444574836113745,50.35001044523642,50.81910946989813,1407063
2024-08-26,50.467288970947266,51.69867728746031,49.90046232803383,51.483672149768324,2062300
2024-09-02,51.54230880737305,52.597780735679265,48.73748205093521,50.48683315099898,1368309
2024-09-09,51.38594436645508,52.636875210341664,50.79956773733225,51.5423107219409,1499156
2024-09-16,51.30775451660156,53.242789382430985,50.85820175271614,51.385939551051706,2192570
2024-09-23,56.58512878417969,56.81967644689878,51.11229903713975,51.24911912840387,2115312
2024-09-30,53.75098419189453,56.917407446457815,53.26233888105913,56.29193831701149,1418791
2024-10-07,54.47418212890625,55.412380252272094,53.49689148504984,54.845549889362765,1889718
2024-10-14,55.138736724853516,55.37328812137921,53.360068038765846,54.571910086024026,1454021
2024-10-21,45.66878890991211,55.11919087172368,45.30719243478555,54.865093230124025,3319473
2024-10-28,44.83809280395508,46.51903006458319,43.68488962260344,46.333346196695885,2157504
2024-11-04,44.5449104309082,45.71765624989569,44.07580762963156,44.34945155172094,1863648
2024-11-11,44.4080810546875,45.756743051618,43.50897554211222,45.03355013551485,2210115
2024-11-18,45.8935661315918,46.245391347534905,44.20285382436991,44.7208166544707,2108092
2024-11-25,45.7274284362793,46.66562652508398,45.141051834725516,46.18675248688511,1947443
2024-12-02,46.0401611328125,46.812221607758794,44.84786539824064,45.346285695967616,1813769
2024-12-09,46.88063049316406,47.28131948335915,45.74697356519251,46.079252512773884,1471878
2024-12-16,46.87085723876953,47.28132123774998,45.942430404189516,46.79267592776764,2040993
2024-12-23,47.98496627807617,48.81566551295973,46.90994812477712,47.01745068572057,674723
2024-12-30,47.46700668334961,48.64952747788095,47.437689156762744,47.6331480328338,1095829
2025-01-06,47.955650329589844,49.47045004195762,46.47016814278193,47.79928397982416,1963379
2025-01-13,46.001068115234375,48.66907099841223,44.52536095370711,47.535414054702215,2448683
2025-01-20,47.25199890136719,48.1120156710893,45.932658085872426,45.932658085872426,1966035
2025-01-27,50.682289123535156,51.28820822789773,46.2649353375199,46.880629435216825,2433494
2025-02-03,49.84182357788086,51.444579661149284,49.74409600326908,50.66274788005103,1729029
2025-02-10,48.75702667236328,50.467285195524134,48.75702667236328,50.017732421315245,1494346
2025-02-17,47.69178009033203,48.79611950190859,46.80244580173526,48.56156811974266,2058102
2025-02-24,47.21290969848633,48.82543693355689,46.81222070610383,47.65268748109883,2091333
2025-03-03,50.19364547729492,50.70183703326932,46.99790478926812,47.01745104850572,2522260
2025-03-10,48.09246826171875,51.776854173826464,47.83837435277615,50.662743515727605,2305748
2025-03-17,50.252281188964844,51.503215700176966,47.88723971107414,48.16087988787,2638405
2025-03-24,48.776573181152344,51.014569526225806,47.93610267754797,50.68229057661635,2045193
2025-03-31,46.665626525878906,50.15455369773584,46.16720995621412,48.375885089654574,2446601
2025-04-07,46.42130661010742,47.22268465755225,44.525364061188576,45.93266127736945,2730471
2025-04-14,48.444297790527344,49.9004625164587,47.28132324548962,47.28132324548962,1551028
2025-04-21,52.63687515258789,54.45463636315861,47.35950413661276,48.44429735763516,2353359
2025-04-28,55.91802978515625,56.15521973320027,52.71593532603195,53.07172401816424,1632208
2025-05-05,55.68083572387695,57.103986713568744,55.04832417290282,56.17498584433377,1483800
2025-05-12,55.463409423828125,56.036625383104976,53.46704245024265,55.54247525410064,1805350
2025-05-19,55.740135192871094,56.51100817570839,54.83089700920869,55.700602278349635,1534918
2025-05-26,58.052757263183594,58.15158577831741,55.58200668417634,56.01685742885779,3026650
2025-06-02,57.67720413208008,58.32948215689521,55.680837142175264,57.4795433248493,1655287
2025-06-09,59.61427307128906,60.009594694520494,57.440011683649,57.815566848712216,1501145
2025-06-16,58.80386734008789,60.78046792294799,58.112056382073575,59.45614538162907,2296626
2025-06-23,60.147953033447266,60.44444235056566,58.34924690352068,58.34924690352068,1505094
2025-06-30,60.12818908691406,60.760700661861094,59.436378138040865,60.48397779033836,1035004
2025-07-07,59.890995025634766,60.345616016388234,58.21088757787226,60.306083100659,1188882
2025-07-14,60.64210510253906,60.68163801811074,59.080588868054896,59.79216626807971,1083104
2025-07-21,67.95552825927734,68.54850690961068,60.286316099919325,60.66187125583247,2145663
2025-07-28,65.14875030517578,68.5880384735551,64.61506726835145,67.36254828166172,1847276
2025-08-04,65.68243408203125,66.49283999001389,63.646537968347864,65.04992252166103,1398887
2025-08-11,66.86840057373047,67.20441904971533,65.34641723749452,66.01846172959698,829240
2025-08-18,67.5602035522461,68.31131382968071,66.2161146516293,67.20441487031033,735882
2025-08-25,64.0616226196289,67.50091084573981,63.270979394736194,67.26371335419243,1638397
2025-09-01,63.09309005737305,64.67437276819909,60.56303998209119,64.35811698004716,956752
2025-09-08,63.07332229614258,64.002326953452,62.085022036071315,63.29074955977947,1022977
2025-09-15,61.82806396484375,63.60700363112648,61.15601950445998,62.69776545587412,1457208
2025-09-22,60.24678421020508,62.262917687767775,59.752634069825966,61.65017256931626,987661
2025-09-29,62.16408920288086,63.07332365206086,59.55497329334759,59.989827829969656,1243091
2025-10-06,61.19554901123047,62.55940439715892,60.95835906502235,61.98619221876745,1597666
2025-10-13,61.78853225708008,62.73729959494628,60.40491039514217,61.27461567321932,1517573
2025-10-20,62.1838493347168,63.4093470620704,56.82726383979726,62.341980992491116,2101162
2025-10-27,60.424678802490234,62.28268439331847,59.594506412551354,62.26291793521678,1217986
2025-11-03,57.59813690185547,60.819997802265206,56.60983665977797,60.622336999836456,1232241
2025-11-10,58.27018356323242,59.71310106620738,57.32141619991188,57.83533279756043,1023677
2025-11-17,57.10398864746094,58.70503780641008,54.218153655892785,58.5073769975201,1025485
2025-11-24,57.95392608642578,58.74456553281685,57.10398726778054,57.34118098673099,1389496
2025-12-01,58.13182067871094,59.59450460323036,57.558608491430626,57.855097813821565,1309542
2025-12-08,57.00516128540039,57.97369512155204,55.68083874003661,57.914395746661214,1344995
2025-12-15,61.03742218017578,61.926893919016806,57.14352052694499,57.22258635709365,2084910
2025-12-22,61.41297912597656,61.590873478937745,60.18748888342887,61.136256252510904,422636
2025-12-29,61.27461624145508,61.98619363648674,60.72116673753419,61.19555041086653,685959
2026-01-05,68.46944427490234,69.2205546217892,63.19192046835101,63.19192046835101,1958009
2026-01-12,71.27621459960938,73.45047206812878,68.80546404895901,68.92405524970556,2126983
2026-01-19,69.89259338378906,71.53316784264918,68.94382606900267,70.5448676138968,1248201
2026-01-26,67.34278106689453,70.54487189095438,64.97085886605534,70.16932049570687,1648576
2026-02-02,67.20441436767578,68.17295189239752,66.51260723582612,67.57996573351814,1377494
2026-02-09,64.69413757324219,67.61950559441236,62.144324726567234,67.54043975975378,1628743
2026-02-16,66.74980163574219,67.91599626459791,62.717534694600424,64.49647820984907,1642264
2026-02-23,67.362548828125,67.89622432914618,65.10921791876514,66.65097143992004,1608614
2026-03-02,63.824432373046875,67.67880488134156,63.824432373046875,66.17658426901922,1593229
2026-03-09,60.76070022583008,64.06162328270487,59.614272061948995,62.38151206751716,1616295
2026-03-16,60.36538314819336,62.38151286203041,60.36538314819336,60.76070099970009,1806172
2026-03-23,61.35368347167969,61.877481416045896,58.803866928025855,59.19918854985427,1718768
2026-03-30,66.1172866821289,66.1172866821289,60.661868977687405,61.21531469186295,1324524
2026-04-06,63.40934753417969,67.5009099578979,62.302448541915496,66.11728810260078,1196587
2026-04-13,69.02288818359375,69.75423582231345,62.26291786340237,62.737301547096514,1476029
2026-04-20,61.07695388793945,69.77399521886446,60.365380280998615,68.11365051922549,2161760
2026-04-27,59.02000045776367,63.29999923706055,56.84000015258789,62.31999969482422,1520425
2026-05-04,59.34000015258789,60.68000030517578,57.08000183105469,59.119998931884766,1680186
2026-05-11,59.279998779296875,59.959999084472656,57.599998474121094,57.7400016784668,1676962
2026-05-18,62.58000183105469,63.380001068115234,58.560001373291016,58.720001220703125,1228451
2026-05-25,62.459999084472656,63.2400016784668,60.7599983215332,63.0,2324321
2026-06-01,64.91999816894531,65.95999908447266,61.18000030517578,62.0,1375487
2026-06-08,64.08000183105469,66.13999938964844,63.63999938964844,64.4800033569336,1632168
2026-06-15,62.52000045776367,65.05999755859375,61.439998626708984,64.5999984741211,1812106
2026-06-22,68.95999908447266,68.95999908447266,62.15999984741211,63.0,1407935
2026-06-29,69.36000061035156,69.54000091552734,67.4800033569336,68.62000274658203,1148616
2026-07-06,68.95999908447266,70.27999877929688,66.5999984741211,69.5199966430664,1190299
2026-07-13,70.27999877929688,70.83999633789062,68.12000274658203,68.91999816894531,1093590
2026-07-20,66.4000015258789,71.27999877929688,64.55999755859375,70.5,1481142
2026-07-27,68.16000366210938,69.26000213623047,66.4000015258789,67.13999938964844,1148457
2026-08-03,69.80000305175781,70.9000015258789,67.44000244140625,68.5,961606
2026-08-10,70.44000244140625,70.9800033569336,69.18000030517578,69.9800033569336,710675
2026-08-17,72.83999633789062,73.0,68.62000274658203,69.81999969482422,1123845
2026-08-24,72.36000061035156,74.62000274658203,72.0,72.55999755859375,1007912
2026-08-31,72.72000122070312,74.77999877929688,71.0999984741211,72.27999877929688,1470624
2026-09-07,70.69999694824219,72.36000061035156,68.37999725341797,72.36000061035156,2058136
2026-09-14,76.44000244140625,77.86000061035156,70.81999969482422,70.81999969482422,2534803
2026-09-21,77.36000061035156,79.22000122070312,75.80000305175781,76.91999816894531,1427108
2026-09-28,74.86000061035156,78.91999816894531,73.30000305175781,77.26000213623047,2062377
