Price,Close,High,Low,Open,Volume
Ticker,FGR.PA,FGR.PA,FGR.PA,FGR.PA,FGR.PA
Date,,,,,
2000-01-03,4.714156150817871,5.177457977324495,4.69549445102337,5.148247855603608,350538
2000-01-10,4.746610641479492,4.987592356794966,4.662226068493626,4.841542705739789,301698
2000-01-17,4.607863903045654,4.965685174271734,4.607863903045654,4.783123215921456,249378
2000-01-24,4.600561618804932,4.775821409721112,4.549444489307116,4.673586686446375,192120
2000-01-31,4.542140960693359,4.637073019474338,4.5056286661067535,4.549443605322287,191244
2000-02-07,4.143750190734863,4.6330162486540285,4.038270174750417,4.564048528038082,616710
2000-02-14,3.83380126953125,4.267892929681,3.7242641368296945,4.177017726994578,434694
2000-02-21,3.6585404872894287,4.103991746146354,3.6585404872894287,3.833799979943017,393030
2000-02-28,4.1259002685546875,4.308462219122965,3.6439365983418828,3.7972886646759787,799338
2000-03-06,4.454511642456055,4.739308318893676,4.308462445742668,4.486967071090038,1315884
2000-03-13,4.162412166595459,4.505628563603602,4.125899872839509,4.454510980922067,273768
2000-03-20,3.9287326335906982,4.264646848938908,3.896277209919253,4.169714328455804,254856
2000-03-27,4.11859655380249,4.36688085352352,3.87031225408146,3.896276588880083,225984
2000-04-03,4.086141109466553,4.177016280687108,3.936034625756574,4.162411458524964,150042
2000-04-10,4.133201599121094,4.194866665456352,3.9433375067291485,4.074781842671345,215904
2000-04-17,4.082085609436035,4.111295263557882,3.8411036415353887,4.016363191243257,242340
2000-04-24,4.038271427154541,4.20622859507365,4.038271427154541,4.082086380896845,110352
2000-05-01,4.0893874168396,4.177017299749275,4.016362823934229,4.038270294661649,130422
2000-05-08,4.114539623260498,4.144561294556056,4.089386845565245,4.1405044248812715,114168
2000-05-15,4.194867134094238,4.235436762148095,4.1185972361956384,4.147807349823255,221946
2000-05-22,4.1551103591918945,4.24274025328268,3.9433387341779613,4.194867971199038,242892
2000-05-29,4.323067665100098,4.330370311310489,4.147808334562744,4.147808334562744,111942
2000-06-05,4.20947265625,4.323067355055278,4.129956970649112,4.323067355055278,97230
2000-06-12,4.454511642456055,4.527536705091821,4.209472575920641,4.209472575920641,532464
2000-06-19,4.36688232421875,4.524291040878377,4.308462551247015,4.520234170234669,161508
2000-06-26,4.3864264488220215,4.630940025646106,4.3864264488220215,4.630940025646106,211488
2000-07-03,4.430883407592773,4.512387930609938,4.349378884575609,4.512387930609938,210180
2000-07-10,4.971776962280273,5.060691160768724,4.39795194256051,4.445702387085288,756300
2000-07-17,4.823586940765381,4.964367431678236,4.749491623227768,4.964367431678236,259812
2000-07-24,4.934730052947998,4.934730052947998,4.77913066039571,4.816178089947814,365940
2000-07-31,5.0639848709106445,5.0648083251376095,4.823588055838702,4.897682919421348,270744
2000-08-07,5.034346580505371,5.038463380505581,4.897682858791135,4.967661392539972,156900
2000-08-14,4.919910907745361,5.02364398749929,4.675397320700443,4.897682357006405,147072
2000-08-21,5.0606913566589355,5.260747839918197,4.779130345324894,4.8902726266539975,537174
2000-08-28,5.149605751037598,5.175127176798349,5.060691545784582,5.060691545784582,206790
2000-09-04,4.971776962280273,5.183359439652283,4.946255538461184,5.130669683832038,644814
2000-09-11,4.98659610748291,5.119966928731097,4.967660432824584,4.975893089067218,318456
2000-09-18,4.779129505157471,5.0755093410153185,4.593891931089999,5.038461920418526,334182
2000-09-25,4.779129505157471,4.779129505157471,4.667986772283583,4.779129505157471,186720
2000-10-02,4.779129505157471,4.779129505157471,4.460520651641334,4.738788739731613,239772
2000-10-09,4.742083549499512,4.779130981541109,4.467931704441111,4.579074471649559,189084
2000-10-16,4.686099052429199,4.7898321245352244,4.460521158391943,4.7494918256099,194502
2000-10-23,4.779129505157471,4.816176925754262,4.546141493111379,4.660577570814332,122940
2000-10-30,4.6350555419921875,4.853224202464575,4.57166324897635,4.783245691069384,131346
2000-11-06,4.6350555419921875,4.83099565654882,4.6350555419921875,4.742081943969301,160212
2000-11-13,4.593893527984619,4.779131166443002,4.579074648811377,4.667988394934502,222066
2000-11-20,4.620238304138184,4.656462282507454,4.341970125781056,4.593893421293745,766584
2000-11-27,4.667987823486328,4.667987823486328,4.297512591922594,4.571664414026515,327348
2000-12-04,4.697625160217285,4.816177098820512,4.564253875976008,4.7791296768924445,319464
2000-12-11,4.66057825088501,4.768427183583616,4.638349701066646,4.742082776524481,136632
2000-12-18,5.068100452423096,5.075509654349751,4.667987060459781,4.667987060459781,545874
2000-12-25,5.245930194854736,5.245930194854736,4.897683450316737,5.068102220330132,324534
2001-01-01,5.094913005828857,5.375854723759002,5.02995018175431,5.375854723759002,144624
2001-01-08,5.1632490158081055,5.261958518285492,5.018981838438221,5.038386006480352,1581066
2001-01-15,5.20121431350708,5.20121431350708,5.079726207315133,5.163249340665949,175860
2001-01-22,5.216400146484375,5.235804313729872,5.1632488038323885,5.1632488038323885,119892
2001-01-29,5.189403533935547,5.239180460441125,5.163250021988555,5.163250021988555,132906
2001-02-05,4.984392166137695,5.205433171382142,4.783599180852644,5.170843105670806,123618
2001-02-12,4.882308006286621,4.9843914573461126,4.8257817488434025,4.935458870090284,183684
2001-02-19,5.011388778686523,5.0113887786865225,4.749851772528838,4.93545883585068,316542
2001-02-26,5.550494194030762,5.747912280469027,5.011389843947253,5.011389843947253,1682520
2001-03-05,5.732725620269775,5.732725620269775,5.550493453392954,5.558086158626879,566058
2001-03-12,5.4290056228637695,5.747911810700439,5.409600486287631,5.732725916696518,256896
2001-03-19,5.466970920562744,5.618831317779939,5.418037841617233,5.466970920562745,314592
2001-03-26,5.345481872558594,5.493967332622474,5.284737337963469,5.451784083973847,572448
2001-04-02,5.618830680847168,5.618830680847168,5.326920902893929,5.451784407669356,852528
2001-04-09,6.066817283630371,6.287014875596654,5.5547109209052765,5.576646150441888,1748160
2001-04-16,5.766471862792969,6.066817688838413,5.76647186279297,6.066817688838413,288660
2001-04-23,5.964734077453613,6.013667149770964,5.767316022288056,5.767316022288056,526176
2001-04-30,5.934878349304199,6.080754967243645,5.934878349304199,6.02274533211861,186006
2001-05-07,6.080753326416016,6.0884312209175775,5.83506607186439,5.8734550562359855,170328
2001-05-14,5.98094367980957,6.103787074133728,5.835066599896343,6.027009586578936,502506
2001-05-21,6.073074817657471,6.276960995083466,5.93914148136269,5.988619939227276,827298
2001-05-28,6.003976345062256,6.142175528764867,5.988621042918495,6.04236533262604,1264350
2001-06-04,6.065397262573242,6.169472771553896,5.911842808811359,6.0039750905595675,1034310
2001-06-11,5.9271979331970215,6.123406206283909,5.927197933197021,5.969851757044042,460032
2001-06-18,6.065397262573242,6.103785753979675,5.904164915275612,5.9502313002177925,386328
2001-06-25,6.357151031494141,6.357151031494141,6.003975703002132,6.1268195714241624,1107096
2001-07-02,6.560182571411133,6.824637644403353,6.440751767753112,6.824637644403353,554028
2001-07-09,6.611367225646973,6.6540215352715055,6.142173724866005,6.491936427852171,406656
2001-07-16,6.568714618682861,6.645491609184945,6.415160149542493,6.568714618682861,493020
2001-07-23,6.227482318878174,6.628430059390413,6.0142126907303,6.568714407305429,335412
2001-07-30,6.312790393829346,6.4834061921048916,6.142174595553801,6.236013406639396,166008
2001-08-06,6.312790393829346,6.530325841715779,6.248809408458994,6.312790393829346,236016
2001-08-13,6.312790393829346,6.398098537035208,6.278667234174237,6.278667234174237,51720
2001-08-20,6.312790393829346,6.4834061921048916,6.287197902053969,6.312790393829346,126498
2001-08-27,6.355444431304932,6.462079735868811,6.2914634438210815,6.295729266038041,186384
2001-09-03,6.270136833190918,6.398098809378487,6.15923619348905,6.389567652999435,223170
2001-09-10,5.707103729248047,6.265870776570615,4.69193862596061,6.265870776570615,450090
2001-09-17,5.451180458068848,5.843597088545308,5.310422467439408,5.630327435357445,724164
2001-09-24,5.630327224731445,5.886251189491966,5.161133126625084,5.161133126625084,661062
2001-10-01,5.92037296295166,5.954496608652779,5.715634017561847,5.886250293522841,242760
2001-10-08,5.877720355987549,6.014213502667146,5.715635201933262,5.963028511645265,258516
2001-10-15,5.809473514556885,6.14217443450476,5.800942358764662,5.971558152566627,568632
2001-10-22,5.65165376663208,5.920373728207438,5.596203933506764,5.920373728207438,600810
2001-10-29,5.715635776519775,5.826536438837153,5.65592059850615,5.800943940753427,181464
2001-11-05,5.5023651123046875,5.800942901423103,5.331748814405982,5.732696577518106,286032
2001-11-12,5.220849990844727,5.600470203311215,5.118480478894112,5.600470203311215,537786
2001-11-19,5.732697010040283,5.7838820008989575,5.293360717601453,5.391464876633704,932646
2001-11-26,5.873455047607422,6.056866860048401,5.800942901340212,5.843596731746173,474246
2001-12-03,5.92037296295166,5.920372962951659,5.715634017561847,5.8180034902567535,226788
2001-12-10,5.715635776519775,5.916109938062043,5.647389440387374,5.886252104987079,299628
2001-12-17,5.570611953735352,5.864924435969197,5.52795811936612,5.8606591013459,229032
2001-12-24,5.835066318511963,5.839331652925499,5.587673017436998,5.630327337844827,98598
2001-12-31,5.971558094024658,6.04833507844882,5.835065460321187,5.835065460321187,167904
2002-01-07,6.43222188949585,6.43222188949585,6.099520925603386,6.129379242615734,957516
2002-01-14,6.359711647033691,6.654024156320612,6.172033977539808,6.4322228304312015,855702
2002-01-21,6.564449787139893,6.611368954230855,6.227482996057338,6.436487801082053,1212294
2002-01-28,6.867294788360596,6.905683296959449,6.590044068818375,6.611370746853087,980820
2002-02-04,6.611367225646973,6.909945440474256,6.6113672256469735,6.828902642696534,983280
2002-02-11,6.875822067260742,6.884352733660246,6.500466888049421,6.568713195517644,690648
2002-02-18,6.679615497589111,6.909946965477794,6.67108434089974,6.850231309333281,633846
2002-02-25,6.526059627532959,6.764921712900711,6.406628340781027,6.662552247743103,409272
2002-03-04,6.8800883293151855,7.037908619026509,6.568714548379344,6.568714548379344,461094
2002-03-11,7.225583553314209,7.242645372554633,6.918475200211001,7.037906470485827,583110
2002-03-18,7.165871620178223,7.3364874484227585,6.931274307188687,7.238383286165117,781362
2002-03-25,7.263974189758301,7.336486332855451,6.999520062293687,7.080562385335654,589488
2002-04-01,7.293832778930664,7.336486609077838,7.251178460647281,7.26397446325057,473670
2002-04-08,7.165871620178223,7.323691444355518,6.999521126622767,7.293833613395691,1133622
2002-04-15,7.77155876159668,7.77155876159668,7.165871934583511,7.174402604335958,570606
2002-04-22,7.8483357429504395,7.8483357429504395,7.592411746026661,7.635065582801863,1442892
2002-04-29,8.076762199401855,8.251395235892435,7.788618138857755,8.033104190093297,924120
2002-05-06,8.295053482055664,8.295053482055664,8.041836421281927,8.085494431837084,397602
2002-05-13,8.124787330627441,8.50461370111832,8.07676306557244,8.295054134781612,823806
2002-05-20,7.985081195831299,8.260128047066464,7.963252437531228,8.11168999248472,231498
2002-05-27,8.212100982666016,8.277588230534759,7.958882991378012,7.958882991378012,660702
2002-06-03,8.03310489654541,8.19900594606151,7.823545833881354,8.146616430209603,609822
2002-06-10,8.120421409606934,8.329980471939052,7.989446870742305,7.989446870742305,505788
2002-06-17,8.159714698791504,8.25139698746679,7.86720482518651,7.884668332393923,574116
2002-06-24,8.072396278381348,8.190273550547886,7.290914880488923,7.871568740313154,1189464
2002-07-01,7.875935077667236,8.050567623854784,7.483011474024107,7.945788096142255,278532
2002-07-08,7.688205242156982,7.897764296608432,7.613985973197422,7.779887515840065,354006
2002-07-15,7.552865028381348,7.675108069199978,7.483012004950198,7.483012004950198,346326
2002-07-22,6.836871147155762,7.535401866664629,6.666604343606327,7.535401866664629,569310
2002-07-29,6.701530456542969,7.221062877535171,6.666604444647809,6.810676242228268,485574
2002-08-05,6.9678449630737305,6.9678449630737305,5.8501952287055605,6.697163906507318,719952
2002-08-12,6.70589542388916,6.876162197423544,6.404654132308613,6.73209042742402,302988
2002-08-19,7.024600028991699,7.024600028991699,6.557457693851589,6.557457693851589,611832
2002-08-26,7.028966426849365,7.421890034547586,6.989674166005184,7.015869173110707,379944
2002-09-02,6.84123420715332,7.142475433325538,6.505065984099542,7.085719687928039,173526
2002-09-09,7.072625160217285,7.190502446072195,6.636043027118394,6.880529101594288,329022
2002-09-16,6.78011417388916,7.151209001552973,6.6360423934923585,7.072624484905293,268686
2002-09-23,6.858700752258301,6.897993019531093,6.513801351095888,6.727726194930137,469716
2002-09-30,6.2431206703186035,6.858701232817684,6.164536130266942,6.854335480551294,512994
2002-10-07,6.360997676849365,6.705897585367235,6.112145812499238,6.247486624448377,442962
2002-10-14,6.286777973175049,6.627311580204074,6.120876921080367,6.120876921080367,787032
2002-10-21,6.41775369644165,6.618581296515913,6.312974144180511,6.374095174944938,432174
2002-10-28,6.526897430419922,6.810675753352335,6.395922896701609,6.53126318159344,343512
2002-11-04,6.732090473175049,6.7495534758982085,6.461409434312808,6.679700465749288,368946
2002-11-11,6.286777973175049,6.636043083043735,6.2518514621881796,6.461410528109392,864456
2002-11-18,6.5923848152160645,6.592384815216065,6.304240735955271,6.374093755237609,555144
2002-11-25,6.636042594909668,6.688432607350378,6.426483544403202,6.631676843810973,886938
2002-12-02,6.570554256439209,6.758284520802645,6.505067001394114,6.6797000145997725,432924
2002-12-09,6.443946361541748,6.636041887549065,6.435214360646948,6.592383881587602,459372
2002-12-16,6.016097068786621,6.409020703885504,5.9375125416181405,6.37409419185193,538182
2002-12-23,6.138338565826416,6.1819970696016275,5.954974049078002,6.055388307984119,198882
2002-12-30,6.378459453582764,6.417751711071857,6.112144153649662,6.120876155024696,211362
2003-01-06,6.422117710113525,6.5443602381780295,6.112144389839674,6.374093449393608,1027398
2003-01-13,6.186363697052002,6.548726531838521,6.1689001931406136,6.548726531838521,414984
2003-01-20,6.2955098152160645,6.330436328084769,6.186364524954891,6.28677831190595,290310
2003-01-27,6.1732659339904785,6.461410000839937,6.16016868079976,6.221290194946147,864942
2003-02-03,5.9375104904174805,6.2431174900418585,5.858925990397175,6.177630240148916,576414
2003-02-10,5.985536098480225,6.085949371500287,5.806537308349762,5.954974841991433,246414
2003-02-17,5.762880325317383,6.11214546649353,5.762880325317383,6.11214546649353,166590
2003-02-24,5.675563812255859,5.850196383522291,5.5096627446456825,5.736685337106178,487194
2003-03-03,5.679929733276367,5.8196357944510435,5.6362717140663525,5.684295984862826,1456278
2003-03-10,5.789074420928955,5.832732431769357,5.605709876068524,5.762879414573438,1358034
2003-03-17,6.103414058685303,6.147072077110617,5.610076601854629,5.841464948876864,595176
2003-03-24,5.941877365112305,6.112144147135689,5.819634342273705,6.112144147135689,524442
2003-03-31,6.064120769500732,6.094681527133242,5.850195466073169,6.024828509581276,504300
2003-04-07,6.347899913787842,6.513801489583764,6.099048549350552,6.099048549350552,568944
2003-04-14,6.426483154296875,6.500701917725763,6.330435137071428,6.374093145036392,277878
2003-04-21,6.697165012359619,6.740823028860076,6.4264844107259345,6.4264844107259345,684402
2003-04-28,6.955578327178955,7.112538164181035,6.834494555119928,7.112538164181035,2353116
2003-05-05,7.085631847381592,7.1663540341265275,6.861403322770484,6.897279394017881,722610
2003-05-12,7.354705810546875,7.354705810546874,7.094600725409871,7.130477306574254,1167516
2003-05-19,7.4174909591674805,7.41749095916748,7.224654501783326,7.3816143731504855,465534
2003-05-26,7.525121688842773,7.525121688842773,7.309862144947052,7.426461449471661,300132
2003-06-02,7.9690937995910645,7.9735777951882785,7.471305622689057,7.525120241704405,568332
2003-06-09,7.4713053703308105,7.991516586962537,7.47130537033081,7.9825470564136625,315048
2003-06-16,7.552024841308594,7.7762537865806625,7.543055827199012,7.713469661375726,463902
2003-06-23,7.256045341491699,7.623780696388566,7.256045341491699,7.552027531513926,451140
2003-06-30,7.803164005279541,7.95563935005665,7.278468289292065,7.399552073971979,1159416
2003-07-07,7.874916076660156,7.969092283544782,7.659656101892577,7.659656101892577,779886
2003-07-14,7.848008632659912,7.991515455717376,7.771770456491586,7.870431686029307,937236
2003-07-21,7.72244119644165,7.848008966278627,7.2919217354059755,7.843524458057921,441960
2003-07-28,8.02739429473877,8.02739429473877,7.708989495571338,7.71347400515154,654906
2003-08-04,7.731410026550293,8.027392200602726,7.538573598811407,7.892854895416992,366036
2003-08-11,7.480273246765137,7.789709429637516,6.995939199761567,7.789709429637516,909558
2003-08-18,7.444398403167725,7.534090123328016,7.354706683007433,7.525120592058575,387924
2003-08-25,7.453367710113525,7.623781100816583,7.390583045993703,7.480274763454548,562638
2003-09-01,7.502697467803955,7.722442513858707,7.4443983377701155,7.5161515079803465,541290
2003-09-08,7.377130031585693,7.605843593400105,7.278469289493579,7.605843593400105,1037802
2003-09-15,7.489243507385254,7.6192963133213025,7.354706192723015,7.426459871999452,748416
2003-09-22,7.41300630569458,7.587905236492719,7.41300630569458,7.587905236492719,553476
2003-09-29,7.534088611602783,7.5609961735737485,7.39955131496702,7.525119082133091,315246
2003-10-06,7.910793781280518,8.009454510192594,7.516150865632212,7.534089413261277,688938
2003-10-13,8.000484466552734,8.188836895089462,7.91527778213308,7.937700836926237,1912326
2003-10-20,8.07223892211914,8.161930123552157,7.937701606750489,8.027392808183505,4435278
2003-10-27,8.018423080444336,8.188836963935442,7.991516030329226,8.027392097149372,2183388
2003-11-03,8.06326961517334,8.099146712605167,7.987031937873781,8.018424013212272,883758
2003-11-10,8.161928176879883,8.161928176879883,7.7852238863378735,8.067751975939629,421506
2003-11-17,7.906309604644775,8.16193072806544,7.807649378405015,8.027393402732283,615180
2003-11-24,8.09017562866211,8.139506243247096,7.910792742032709,8.04084501407712,488634
2003-12-01,8.417551040649414,8.511726748735637,8.0677537205466,8.117084342133781,1304736
2003-12-08,8.413064956665039,8.457910547985925,8.296465700724108,8.431002987905785,335130
2003-12-15,8.345799446105957,8.51172835024902,8.25610771657469,8.431006152924331,806442
2003-12-22,8.305436134338379,8.431003906359724,8.251621008315606,8.426519398061005,110538
2003-12-29,8.583478927612305,8.60141695907889,8.251620213290233,8.305435334128038,231726
2004-01-05,8.897400856018066,8.915338891030501,8.570027098068957,8.59693466380674,658074
2004-01-12,9.327920913696289,9.327920913696289,8.78977159073541,8.816679672746481,809100
2004-01-19,8.839102745056152,9.238230251766055,8.700080896780877,9.085754874903838,594798
2004-01-26,8.879463195800781,8.96915440108701,8.74941038359468,8.789770964076247,602502
2004-02-02,8.839102745056152,8.942248517099582,8.753896037567083,8.879464357255415,2361342
2004-02-09,8.879463195800781,8.96915440108701,8.762863910421869,8.830132570996119,1133400
2004-02-16,9.01400089263916,9.14853821939497,8.834617448151969,8.834617448151969,2586012
2004-02-23,10.305559158325195,10.359374295015545,8.969154891633574,9.014001009948592,9225504
2004-03-01,10.287619590759277,10.70020053326195,9.955760828061353,10.242773479117437,15764508
2004-03-08,10.395249366760254,11.023090856914015,10.072359604172357,10.71813912934815,18224532
2004-03-15,10.780924797058105,11.005154372173484,10.054422985503557,10.386281812350983,6068934
2004-03-22,10.511849403381348,10.852677225506504,10.054422292349644,10.780924053819016,7653852
2004-03-29,11.211440086364746,11.390823480841274,10.547723682321514,10.574630729595867,8144748
2004-04-05,11.139694213867188,11.390829875390425,10.843711395501087,11.229385448237013,6705828
2004-04-12,11.650930404663086,11.72268356554843,11.139689261659795,11.139689261659795,4846296
2004-04-19,11.65989875793457,11.7854670389477,11.310101990219776,11.65989875793457,6296040
2004-04-26,12.645386695861816,12.645386695861815,11.86987528448761,11.951987974930189,27435636
2004-05-03,11.970237731933594,13.27492057826507,11.942866135197336,12.590646321653468,5925861
2004-05-10,11.933743476867676,12.253071834317407,11.194728061815018,12.024979702944858,11882097
2004-05-17,11.714776992797852,12.134465133390755,11.577922118947129,12.024980816662246,2201616
2004-05-24,11.62353801727295,11.787763409519172,11.13085975229512,11.660032084830075,3233286
2004-05-31,11.45931339263916,11.641786891632817,11.285964456096968,11.623539854969374,1177947
2004-06-07,11.577920913696289,11.65091010254391,11.40457093760836,11.495808206757676,1241667
2004-06-14,11.495806694030762,11.678279120078512,11.431941031678173,11.678279120078512,1448226
2004-06-21,12.052350044250488,12.052350044250488,11.495807139415374,11.559672804242323,2977353
2004-06-28,12.17095947265625,12.472039758159418,11.87900270560836,12.11621731780483,2476647
2004-07-05,12.307812690734863,12.326059725203658,11.7968873726516,12.298688129380844,2207049
2004-07-12,12.44466781616211,12.554151069546156,12.225699221154734,12.353430553535823,1742517
2004-07-19,12.66363525390625,12.800490102503305,12.426420670260514,12.444667704974886,2105073
2004-07-26,12.773119926452637,12.773119926452637,12.417297489363182,12.60889450752512,2710134
2004-08-02,12.846108436584473,13.293168121930771,12.618017357027208,12.73662517780965,2209185
2004-08-09,13.338786125183105,13.338786125183104,12.435543279284149,12.846107829558347,3202884
2004-08-16,13.211057662963867,13.47564390317749,13.119820380333042,13.156315502209345,1244673
2004-08-23,13.776721000671387,13.794969079403764,13.156312426761238,13.156312426761238,1687554
2004-08-30,13.630741119384766,13.922697817192976,13.41177359602861,13.794967544991518,2285532
2004-09-06,12.61801815032959,14.415378434364442,11.95199086144042,13.621620842894114,8511543
2004-09-13,12.508535385131836,12.809615682887387,11.76951887486299,12.590648098690641,7761411
2004-09-20,12.344306945800781,12.709252861277491,12.20745209698206,12.554150977714844,3326391
2004-09-27,12.773119926452637,12.773119926452637,12.271319107178778,12.353431816642537,2074122
2004-10-04,13.320538520812988,13.420899304653409,12.68188287900186,12.773119100940683,7141707
2004-10-11,13.87707805633545,13.913572115770316,13.338782326716391,13.384400945129322,7947396
2004-10-18,13.776721000671387,14.04130717903477,13.603372083611006,13.895328813893515,3795669
2004-10-25,14.223779678344727,14.415375616828237,13.667235763892133,13.731101424759823,3293154
2004-11-01,14.232902526855469,14.597848397452953,14.17816038523597,14.232902526855469,3269538
2004-11-08,14.169042587280273,14.296773954568662,14.05955825985596,14.232908270924467,1550745
2004-11-15,13.80409049987793,14.178160945630115,13.347908404630278,14.178160945630115,3924918
2004-11-22,14.023063659667969,14.105176380128661,13.576003890751032,13.822343096253,6266574
2004-11-29,14.298194885253906,14.38197315660159,13.944462512366318,14.177181234808074,3429618
2004-12-06,15.201141357421875,15.452477262869742,14.18649128681087,14.298196370409618,4188123
2004-12-13,15.647956848144531,16.08546636688392,15.04288974446567,15.173211955430247,3375729
2004-12-20,15.415239334106445,15.992379645138532,15.415239334106445,15.638648383670635,1800270
2004-12-27,15.824825286865234,15.880677826973418,15.359389938327116,15.359389938327116,632196
2005-01-03,16.06685447692871,16.290263598084056,15.638653395056286,15.82482713003638,1150875
2005-01-10,15.83413314819336,16.05754221816906,15.452475054848705,16.010998262437194,2750832
2005-01-17,16.001689910888672,16.085468180153313,15.647958612094705,15.824823728842443,3928392
2005-01-24,17.314220428466797,17.537629511258274,16.197173949210875,16.327496180497207,6445575
2005-01-31,18.012371063232422,18.226470461515927,16.90463337260109,17.33283429976477,5375709
2005-02-07,17.649337768554688,18.3102565575124,17.230445263281865,18.152008561822328,4902381
2005-02-14,17.64002799987793,17.854128541170297,17.5283239717638,17.854128541170297,3034962
2005-02-21,17.984451293945312,18.058919933476922,16.699847021349967,17.649337089559626,6536115
2005-02-28,17.40730857849121,18.347488938192853,17.40730857849121,18.24509243513012,4323258
2005-03-07,17.211824417114258,17.807583053278737,17.100120405226182,17.58417396420402,5579829
2005-03-14,16.839473724365234,17.45384943762948,16.774312615444856,17.15596962600842,5040540
2005-03-21,16.979106903076172,17.295602849143147,16.50436191867713,16.941871521910222,10989099
2005-03-28,16.75569725036621,17.025650292550804,16.522978522800987,16.979106333978052,4761441
2005-04-04,17.453847885131836,17.55624329558539,16.662606070806973,16.765002546558858,10590858
2005-04-11,17.06288719177246,17.891363601129466,16.969800325825158,17.463162526353674,5273028
2005-04-18,17.06288719177246,17.128048317525188,16.32749871366147,16.94187352033187,4453227
2005-04-25,17.034908294677734,17.615219167298957,16.866431601072385,17.15658650180865,6424698
2005-05-02,18.083213806152344,18.532485759747292,17.114470018117608,18.532485759747292,3718112
2005-05-09,17.774335861206055,18.47632492901491,17.73221722409565,18.20956820490563,2200268
2005-05-16,17.85857582092285,17.970894339001116,17.268906278883886,17.914735079961982,2902420
2005-05-23,17.970895767211914,18.055135198039807,17.844537692118934,17.970895767211914,2076964
2005-05-30,18.743078231811523,19.192350090556555,17.872613603812304,17.872613603812304,3663564
2005-06-06,19.964540481567383,20.04877990772704,18.785201369117743,18.813280463738433,3510376
2005-06-13,19.64162826538086,20.23130004579287,19.557390969820496,20.034742071556234,2868996
2005-06-20,19.697782516479492,20.104934674922383,19.473145513154098,19.529305835134064,3098172
2005-06-27,20.30149269104004,20.582287875467717,19.136192247205727,19.655662909937483,4707832
2005-07-04,20.835002899169922,21.003481732329277,19.964538211135114,20.273412501431675,4940408
2005-07-11,20.778844833374023,21.045599416883526,20.610368141562898,20.835003016545276,3372216
2005-07-18,21.298316955566406,21.565073699281427,20.73672651696322,20.933284455852842,2742162
2005-07-25,21.27023696899414,21.565072793800155,21.045599946065995,21.312356678580347,1704740
2005-08-01,21.4808349609375,21.78970928355029,21.03156302420094,21.25619792142043,2697980
2005-08-08,21.621227264404297,21.98626182838449,21.494870299648028,21.607186649521577,1927052
2005-08-15,21.129840850830078,21.607191880242098,20.76480619848143,21.480834884897025,1537916
2005-08-22,21.31235694885254,21.396594226795784,20.792886236828142,21.200038435964103,2175000
2005-08-29,20.94732093811035,21.97222381949179,20.778844251020992,21.08771853440103,1926096
2005-09-05,21.045597076416016,21.228114364871008,20.49804735334817,20.93328072256414,2304280
2005-09-12,22.168777465820312,22.168777465820312,20.77884225310573,21.17195591338066,3703160
2005-09-19,21.845869064331055,22.238980660137983,21.46679380190684,22.15474337916401,1967704
2005-09-26,21.85990333557129,21.873943950848535,21.29831300123524,21.7616254555219,2686348
2005-10-03,21.452754974365234,22.04242450070158,21.0175215317636,21.902026892416853,3796856
2005-10-10,20.203214645385742,21.84586834933465,19.922419433400965,21.62123132282785,3950228
2005-10-17,19.094070434570312,20.498046201818127,18.462281339308795,20.357648625093347,8058704
2005-10-24,19.75394058227539,19.894338172970023,19.150230513829026,19.206390835485212,3584100
2005-10-31,20.231292724609375,20.441889100747723,19.82413844536363,19.964536029455864,2890604
2005-11-07,19.585466384887695,20.30149504512517,19.529308198409165,20.30149504512517,2824188
2005-11-14,19.78202247619629,19.978580416410583,19.108115659168778,19.58546667827952,3054420
2005-11-21,19.936460494995117,20.090898721945774,19.374870058516382,20.0768581041148,2334728
2005-11-28,20.526132583618164,20.708649926685798,19.38891309336188,20.076860606888605,3781228
2005-12-05,21.85990333557129,21.972221830897922,20.512087818543037,20.722684193919058,7186344
2005-12-12,23.586795806884766,23.713152784645597,21.256194888095102,21.859904971135535,11007500
2005-12-19,24.667861938476562,24.75210136921558,23.502561238841327,23.58680066958034,4552168
2005-12-26,25.6366024017334,25.959515165185078,24.667857684486314,24.667857684486314,3151828
2006-01-02,25.538326263427734,25.945480647481467,25.383890166550255,25.552366882370084,5054884
2006-01-09,24.28878402709961,25.833157577955657,23.656994847203958,25.55236238689092,8130012
2006-01-16,24.780174255371094,24.85037304929566,24.03606661131128,24.443220901452058,3879116
2006-01-23,25.060970306396484,25.41196428827879,24.54149964167013,24.69593570831999,4671856
2006-01-30,23.993946075439453,24.709974605588414,23.586793941698033,24.695933990370943,6487724
2006-02-06,24.415143966674805,24.850377422519305,24.148389359736274,24.148389359736274,4001996
2006-02-13,23.92374610900879,24.429178239855638,23.79738914744558,24.429178239855638,4771784
2006-02-20,24.709980010986328,24.94865552581475,23.50255967625774,23.727196715094827,4848660
2006-02-27,27.911039352416992,28.613027252918943,24.429178937467903,24.527456815078764,18328424
2006-03-06,32.65648651123047,33.077679361458046,27.433693454570427,28.360318581990143,20335200
2006-03-13,35.43635559082031,36.47529703862901,31.4771434526148,32.99343805554175,13742748
2006-03-20,38.24430847167969,39.9290798077413,34.81860761194008,34.81860761194008,11561440
2006-03-27,38.07583236694336,39.22709016254138,35.660991835873055,39.22709016254138,13527472
2006-04-03,33.976219177246094,41.61384775521222,33.41462877762219,38.047749574519386,27287480
2006-04-10,33.976219177246094,36.475294741734565,33.41462877762219,33.69542397743414,5737204
2006-04-17,34.11661911010742,34.95900476714711,33.94814240715898,33.97622150060081,2902304
2006-04-24,34.03450012207031,35.399293009422074,33.97763465563003,34.40413216176764,3192916
2006-05-01,35.93952941894531,36.59349106568264,33.807041544038896,34.03450561579494,1175045
2006-05-08,35.683631896972656,36.96312467415495,35.342434690768954,36.33759573968851,1439156
2006-05-15,31.646116256713867,35.683625169090824,31.162751108234765,35.54145933176377,1933736
2006-05-22,32.78343963623047,33.266802566493844,28.234133302350966,31.049014861016264,2291472
2006-05-29,34.46099853515625,34.57473164030855,31.333350074499943,33.238373620285,1618954
2006-06-05,34.091365814208984,34.85906041377832,31.56081365487254,34.63159639170662,1979985
2006-06-12,36.47975540161133,36.47975540161133,31.845148151183082,34.091368856416885,2183682
2006-06-19,36.45132064819336,36.963118541869136,34.11980173095613,36.47975555172535,1755574
2006-06-26,37.6455078125,37.95827435534494,35.82578703201096,36.47975067887803,1829932
2006-07-03,38.21417999267578,39.0956100268868,37.44648524531388,37.61708600630878,1097972
2006-07-10,36.820945739746094,38.92499804659477,36.820945739746094,38.441635147838326,1413122
2006-07-17,36.39445495605469,37.61708204494607,34.83063071966171,36.82095247507095,1980611
2006-07-24,38.0435791015625,38.44164171238326,36.53662035164323,36.53662035164323,1776598
2006-07-31,38.100440979003906,38.89657046418696,37.53177768080982,38.100440979003906,836322
2006-08-07,37.958274841308594,38.384772311435654,37.105279901054466,38.10044066468428,641125
2006-08-14,38.128875732421875,38.49850340397849,37.81610918419758,38.0435753703101,495970
2006-08-21,38.072017669677734,38.61225057056974,37.8161208430054,38.100452578667095,394580
2006-08-28,38.69754409790039,39.01030634854068,37.81611413820359,38.100445823453235,577771
2006-09-04,38.89657211303711,39.237769238705795,38.58380555034933,38.72597138092435,1007822
2006-09-11,39.80643081665039,40.26136318997763,38.072006024216535,38.782835145942435,1077436
2006-09-18,42.9625129699707,43.6449071773867,39.80642999891946,39.80642999891946,1689452
2006-09-25,45.578369140625,46.37449871179343,42.507586131007976,42.507586131007976,1959983
2006-10-02,44.298885345458984,45.49307776918859,43.87238774137284,44.75381352001608,1203093
2006-10-09,44.355735778808594,45.26559615784208,43.84393795980334,44.04296923981747,598196
2006-10-16,43.50274658203125,45.86270036889861,42.30855440631436,44.128275403734655,1064489
2006-10-23,42.166385650634766,44.6400702017463,41.22809031371473,43.10468098755481,1361269
2006-10-30,40.57413101196289,42.64975320218046,39.86330179192655,41.05749401387616,1457231
2006-11-06,41.99578857421875,42.536021373288506,40.4035337577538,40.4035337577538,632308
2006-11-13,42.848785400390625,43.16155199908438,41.88205937661285,41.99579031874294,763329
2006-11-20,44.83910369873047,44.9244040678365,42.28011865689168,42.47914995910108,946654
2006-11-27,43.44587707519531,44.92440079046118,43.24684578750587,44.611634239408716,1237871
2006-12-04,42.30855178833008,43.61647481849469,41.42712190872779,43.360578060445924,1124347
2006-12-11,40.488826751708984,41.93891995682534,38.98187242071598,41.93891995682534,2176999
2006-12-18,39.920162200927734,40.318229116817385,39.20933307100697,39.8348661761826,904055
2006-12-25,40.97219467163086,41.114360504164544,39.692702178827695,39.92016404003607,851550
2007-01-01,41.000614166259766,41.65457768707863,40.88688326635897,40.97218361056243,809375
2007-01-08,40.943756103515625,41.51241938273112,40.232927004496254,40.943756103515625,943339
2007-01-15,41.31339645385742,41.483992868972734,40.63099777772402,40.68786758798651,881255
2007-01-22,42.73505401611328,42.82035439110698,41.455561406879696,41.4839919728394,979271
2007-01-29,43.787071228027344,43.986102502261645,42.536013785506256,42.649744702624034,1177459
2007-02-05,44.725372314453125,45.123434914856404,43.01938230377004,43.24684850623917,1115834
2007-02-12,45.06657028198242,45.49306779253747,44.128274891049934,44.128274891049934,716747
2007-02-19,44.95851516723633,45.373641248798734,44.78791879532998,44.78791879532998,563289
2007-02-26,41.76264190673828,45.22011211640452,40.54570256551438,44.91872120552535,1608728
2007-03-05,42.484840393066406,42.649753293093234,40.61962520988429,40.90395689850491,1246812
2007-03-12,42.50758743286133,43.10468571416389,41.23378268311409,42.058342844382146,1145304
2007-03-19,59.652774810791016,59.68120536968925,42.56444269415263,43.14448162919637,4499275
2007-03-26,62.26862335205078,69.37691368904288,56.593362438031605,58.293668610400516,4741482
2007-04-02,73.3575668334961,73.41443663522016,59.044312392586164,59.709647422613095,2639421
2007-04-09,63.59361267089844,73.52816040226584,59.82337252406639,73.35755969081816,2354980
2007-04-16,60.85266876220703,63.4059660922935,58.73724032038467,62.46767065909071,2337497
2007-04-23,56.731483459472656,62.50224389935742,56.27211748278791,61.439965006717415,1287328
2007-04-30,58.21294021606445,59.332643342661164,55.98502490465326,56.731493655717735,332261
2007-05-07,55.98501968383789,59.43025166438176,55.12371168870192,58.56894366924579,285743
2007-05-14,58.00621795654297,58.56319780306804,55.52565121533063,55.98501721145244,345419
2007-05-21,59.659934997558594,61.2964193210632,57.914350258874,58.00622083415265,303598
2007-05-28,59.70587158203125,60.22839614940334,57.42053246245634,59.63122208609312,265740
2007-06-04,54.11884689331055,61.15286147626072,54.11884689331054,59.89535052854251,542931
2007-06-11,56.73723220825195,57.42053801246894,53.544651696627284,55.19836161428421,416856
2007-06-18,54.98590850830078,57.70764078746249,54.790676400734576,57.34589297455371,403430
2007-06-25,60.808353424072266,62.5883893080413,54.836616320348114,55.39933954628341,1123559
2007-07-02,61.46868896484375,61.899343008836105,60.119302788996144,60.32027818086416,705881
2007-07-09,60.578670501708984,61.686887113608904,59.71736239031028,61.43423533239661,628759
2007-07-16,57.707645416259766,60.57292927049166,56.62239750964505,60.377701528105405,658803
2007-07-23,55.69792556762695,57.788032939491345,55.410822858515466,57.707644531407304,734007
2007-07-30,54.26240158081055,57.351624559314494,54.204981926204965,56.30083217559981,468869
2007-08-06,51.50623321533203,54.29113348247027,50.242982827992954,54.26242145423239,1051383
2007-08-13,50.903289794921875,53.97528661435877,48.40549815223348,50.817158142242036,447799
2007-08-20,51.67848587036133,53.688204765319824,50.53581835386285,51.96558856964111,317942
2007-08-27,49.38166046142578,52.155073373625875,49.32998408235036,51.896678335731174,640770
2007-09-03,45.93643569946289,50.58749893786553,45.93643569946289,49.680253281399565,1417000
2007-09-10,43.00797653198242,47.67626390123262,42.669193137298386,46.2292685170172,1315197
2007-09-17,43.46733856201172,45.98809942660386,40.274758561663845,43.065396612629314,1024373
2007-09-24,45.63784408569336,45.82158962624489,43.52476817893115,44.19658740086899,519098
2007-10-01,45.38519287109375,45.93642949938566,43.92671070878754,45.91920403925768,653942
2007-10-08,44.874141693115234,45.58041170567866,44.627233257468546,45.58041170567866,622991
2007-10-15,44.27122497558594,45.13253287153446,43.197463935706764,45.13253287153446,393964
2007-10-22,44.788021087646484,45.01770412323822,43.06540489196777,43.52477096315124,474074
2007-10-29,44.31717300415039,45.0693806772478,43.98413282032118,45.04641193551756,690684
2007-11-05,44.29994583129883,44.92582759111541,43.52476944642423,43.926711459073466,708197
2007-11-12,44.357357025146484,45.21866492854739,43.926703073446035,44.208062428588875,1240171
2007-11-19,43.37547302246094,44.96028102816737,40.871937325344675,44.500914992042865,996156
2007-11-26,43.78315353393555,45.103827458442204,42.85293938339131,44.127675833116804,1485518
2007-12-03,43.93245315551758,44.49517195293779,43.1802411577672,43.1802411577672,648911
2007-12-10,43.34675979614258,44.5009137536794,42.95056109137071,43.63960574554367,555918
2007-12-17,39.65461730957031,43.06539825308292,39.09763745789623,43.06539825308292,826151
2007-12-24,38.87944412231445,40.21160037276978,38.414339185903685,39.62016955712666,142360
2007-12-31,35.07246017456055,39.78094180156209,35.04374815771691,39.103379383936144,588843
2008-01-07,33.321136474609375,35.60073246396186,33.1718440441903,35.31362978280088,1506407
2008-01-14,31.788002014160156,37.31759682472754,31.788002014160153,34.4523139418639,2532582
2008-01-21,31.92581558227539,33.30390925521053,27.36088494531921,31.54684015078115,2655224
2008-01-28,35.06097412109375,35.43994950677338,31.121925669394383,31.95452373820517,787724
2008-02-04,34.079078674316406,36.28402679013635,32.87324859756042,35.77298449865006,826770
2008-02-11,35.22749710083008,35.893575214571364,33.64843239933465,34.48103058911615,737177
2008-02-18,34.42361068725586,35.8820927814786,34.11928036654353,35.830414213087415,452858
2008-02-25,33.48765182495117,35.31362479443347,32.247368505153695,34.73367842419557,969151
2008-03-03,33.59101104736328,34.710711853692615,32.511504437993814,32.79860709651829,1079213
2008-03-10,33.78049850463867,34.21115247523068,32.84454326190128,33.61397844364245,1213229
2008-03-17,32.15550231933594,33.76327699721878,31.696138438572234,33.30391311645508,756491
2008-03-24,34.77961349487305,35.916539681862766,32.15549555103136,32.15549555103136,703839
2008-03-31,34.56716537475586,35.88209626100442,33.06848893650276,35.25621228998278,1151549
2008-04-07,33.3785514831543,35.60072516652141,32.87325025457017,35.020778833238325,1039543
2008-04-14,34.45232391357422,34.68200694916595,32.78712738158356,33.30391311645508,1081657
2008-04-21,34.021663665771484,34.63032206589575,33.13164589825289,34.63032206589575,1201108
2008-04-28,33.90682601928711,34.423611718683304,33.30391083027129,34.02740861900635,673361
2008-05-05,33.395782470703125,34.073344946810444,33.14887399938845,33.878115043687664,755355
2008-05-12,33.395782470703125,33.84366193475322,33.16035836903326,33.44746103889502,647668
2008-05-19,32.6435661315918,34.067597015699626,32.60911521999537,33.430228866136474,523623
2008-05-26,32.230140686035156,33.26945076700351,31.58128815249383,32.844540116677415,1315652
2008-06-02,29.646228790283203,32.15550606062509,29.04905458059936,32.15550606062509,872098
2008-06-09,29.743837356567383,30.28933288934086,28.41742437029609,29.789774836995292,715084
2008-06-16,26.913002014160156,29.852934750909775,26.534026600728602,29.784028537253562,1058030
2008-06-23,26.04021453857422,27.685789183119354,24.836996879157336,27.40857892576994,1371692
2008-06-30,24.907772064208984,26.217156032642034,24.023053653095904,25.916350512888634,1201239
2008-07-07,23.651472091674805,25.46809503734672,23.651472091674805,25.03163294976472,855602
2008-07-14,25.302947998046875,25.904554550487738,23.616084498183042,23.916887774403474,996350
2008-07-21,25.061124801635742,25.45040081697273,24.49490330209125,25.202678489055398,795633
2008-07-28,23.480430603027344,25.061127890417815,22.77855246238455,25.061127890417815,759033
2008-08-04,25.432710647583008,25.52118340961625,23.480432998297793,23.533516205526578,734200
2008-08-11,27.11367416381836,27.544236904787322,25.603753753742758,25.603753753742758,734400
2008-08-18,26.052013397216797,26.97212157836741,24.772121531406267,26.895445334115905,425236
2008-08-25,26.801069259643555,27.892223330321194,25.255761712200933,25.827880345204644,712308
2008-09-01,23.032167434692383,26.960316848202282,22.471845358825576,26.429487184187778,924135
2008-09-08,23.415546417236328,24.3769410000351,22.53672518818313,23.9522754665377,659534
2008-09-15,25.3265380859375,25.951739902667473,21.652007910622622,23.061658877161037,1318587
2008-09-22,23.763538360595703,25.61554864236765,23.238605767986442,24.577477723314267,606991
2008-09-29,21.445571899414062,23.88149690942923,20.77318635305537,23.88149690942923,977301
2008-10-06,18.378549575805664,20.838067822367787,17.10455520886753,20.838067822367787,1220546
2008-10-13,17.6530818939209,21.82305457451405,16.26112453944553,19.345842524172742,1133971
2008-10-20,15.883645057678223,18.372652502066778,14.774797328914582,18.178014492493475,955905
2008-10-27,17.69437026977539,17.69437026977539,14.267560875855997,15.1109927053784,1000038
2008-11-03,16.349597930908203,18.579089018068416,16.2670245619319,17.69437049339849,915312
2008-11-10,17.865415573120117,17.953887195432912,16.644503135283742,17.01608552396629,1105132
2008-11-17,18.20160675048828,18.31367027019313,16.721177839076724,17.653081167278618,964380
2008-11-24,21.056299209594727,21.056299209594727,18.343162449748302,18.57908714082676,1090115
2008-12-01,20.566755294799805,21.056300608147335,19.157104187622,20.973727242029796,919293
2008-12-08,20.761390686035156,21.55763628658323,20.3426245479678,21.233240014136054,786258
2008-12-15,21.489810943603516,21.528147931305508,20.537263134196944,20.879355331987995,809768
2008-12-22,21.82305335998535,21.970506423228496,20.894098611562505,21.510453585895547,869831
2008-12-29,22.43940544128418,22.53083238608908,21.823057110880228,21.823057110880228,235802
2009-01-05,23.23860740661621,23.734049868837086,22.43646225350093,22.477748937856372,596109
2009-01-12,21.280426025390625,23.29758274234428,20.684714421877363,23.061656953832184,656823
2009-01-19,20.628679275512695,21.89973078003192,19.77640520328362,21.764074224427038,578065
2009-01-26,22.79034423828125,23.03806654519567,20.19222208157441,20.82037129739704,629290
2009-02-02,22.412870407104492,22.92600654696377,20.997319797199832,22.92600654696377,671736
2009-02-09,22.023590087890625,22.914205618982027,21.29222188855342,22.11795996039008,616423
2009-02-16,19.971046447753906,21.976407079422263,19.835389877813988,21.722789839938446,435734
2009-02-23,17.098655700683594,20.643427190370172,16.4705053868972,20.12734151061092,745200
2009-03-02,16.20804214477539,16.880428948800915,15.79812276588299,16.756567777673432,752018
2009-03-09,18.932971954345703,19.269164750267265,15.812865797919901,16.373187874440877,607245
2009-03-16,20.348527908325195,21.59008274693991,19.210189790268803,19.210189790268803,609759
2009-03-23,20.71715545654297,21.026807790395083,19.79410008746663,20.348522797173874,516760
2009-03-30,21.94101905822754,22.08257275701529,20.053619158065565,20.63753435294259,656080
2009-04-06,21.793567657470703,22.743165939088566,20.714209933657415,22.035390640681317,567437
2009-04-13,23.002681732177734,23.297587908231293,21.646113772322465,21.793566860349248,549599
2009-04-20,23.504024505615234,23.73405324396419,21.551746796464585,22.926008592486085,511430
2009-04-27,23.923625946044922,24.446613562608714,23.087454478118584,23.279012924729518,624987
2009-05-04,25.808813095092773,26.34396351510657,23.905384331766204,24.32498956665883,648096
2009-05-11,25.687191009521484,25.979090617380475,24.270259198239206,25.976049344018186,809060
2009-05-18,26.429092407226562,27.88250971171061,25.194600312086074,25.541231120276368,665818
2009-05-25,26.14935874938965,26.757483371468474,25.26757758341308,26.565924950645726,988692
2009-06-01,26.739240646362305,27.651427588732872,26.36220170658496,26.593289714866014,648270
2009-06-08,26.696672439575195,27.234861721541805,25.845297021529664,26.699711392490002,521440
2009-06-15,25.02433204650879,26.654106409440146,24.537830436227736,26.654106409440146,749339
2009-06-22,25.085140228271484,25.74191592230292,24.346268732391763,24.923987577368756,890406
2009-06-29,25.35879898071289,26.441260141486303,24.933111251481396,25.106426688119964,698548
2009-07-06,25.19156837463379,25.893954068185035,24.875343212826785,25.340558295163845,633152
2009-07-13,25.51082992553711,26.41085414306273,24.82060713803059,25.173320553988567,624916
2009-07-20,26.909515380859375,27.02809950034266,25.580762204322124,25.602046473977804,657071
2009-07-27,28.445035934448242,28.521051527731306,26.775731835687598,27.073713982074413,565898
2009-08-03,28.15313148498535,28.806870739797066,26.593296868678326,28.460239794034624,657953
2009-08-10,28.144012451171875,28.429831823609977,27.243988107112013,28.162257770990603,358256
2009-08-17,28.68524169921875,28.733892789938842,27.30480063730571,28.144011073922048,440780
2009-08-24,29.798107147216797,30.394069011783767,28.691320495905085,28.691320495905085,480535
2009-08-31,26.760534286499023,30.375836281840705,25.541243330348095,29.411958965295586,986060
2009-09-07,28.338607788085938,28.52104703910254,26.80613571011343,27.043303952661283,377802
2009-09-14,28.54537582397461,29.39371015517381,27.250071736167214,28.3234115823668,628258
2009-09-21,26.605459213256836,28.460239334447213,26.237543998513804,28.417670785290955,492966
2009-09-28,25.413532257080078,27.259190664179624,25.413532257080078,26.2405822361093,502555
2009-10-05,25.62941551208496,26.575049597027235,25.23717480599986,25.413531524049585,341749
2009-10-12,25.599010467529297,26.550724805693726,25.285826612342767,25.571643649215503,444114
2009-10-19,24.47701644897461,26.10679064905025,24.416204913671894,25.91827117791363,396244
2009-10-26,22.585752487182617,24.48006207423712,21.932017927293256,24.477020800987837,614870
2009-11-02,23.148265838623047,23.835447398227927,22.05060057104342,22.698254860334693,541607
2009-11-09,23.291175842285156,23.874975004955882,22.500614186192088,22.683051134550233,517174
2009-11-16,22.461084365844727,23.990517461027743,22.318174704578315,23.364147505685846,480429
2009-11-23,22.28472900390625,23.01751803131314,21.679645601552778,22.58270415607449,1190270
2009-11-30,25.480424880981445,25.811851716264652,21.837757046927603,22.20263092501335,2330253
2009-12-07,24.255046844482422,25.723673121445568,23.753350486338565,25.61117154198072,1145592
2009-12-14,23.397592544555664,24.613841959089964,23.321581595770585,24.27633720059508,952575
2009-12-21,23.61956214904785,23.80808163086998,23.15738842304107,23.33982535910134,534014
2009-12-28,23.990516662597656,23.993557935237178,23.473609345011496,23.625640499628958,364593
2010-01-04,25.54123878479004,25.550360284614726,23.77767613124888,23.99660140628839,795655
2010-01-11,25.456100463867188,26.289230658251974,24.659456267018957,25.54123755120133,702729
2010-01-18,24.750675201416016,26.149361516228723,24.477018628562934,26.021655888834477,503442
2010-01-25,23.01751708984375,24.933110666539005,22.987111321285866,24.738510963994834,578121
2010-02-01,21.99890899658203,24.23680791927277,21.591466590020637,23.078331190366082,615388
2010-02-08,22.03235626220703,23.047925655723358,21.49112568330455,22.226955968782946,502667
2010-02-15,22.579666137695312,22.880687153018464,21.9867432847005,22.16005869592427,292285
2010-02-22,20.797868728637695,22.65264891401037,20.390423904284788,22.65264891401037,618870
2010-03-01,21.56714630126953,21.7830303286586,20.296165366077023,21.108011423965216,631873
2010-03-08,22.32122039794922,22.494535861513242,21.016792511204468,21.783028687010717,587314
2010-03-15,22.58270835876465,22.768191244450914,22.153986228833272,22.36074874969889,362964
2010-03-22,23.31549835205078,23.35198666489689,22.41243290745899,22.594869832066813,541852
2010-03-29,23.783756256103516,23.91754442607515,22.86548670371707,23.3215802070078,411251
2010-04-05,24.85101318359375,24.993920518159808,23.716859766357384,23.783753844560508,510810
2010-04-12,24.483102798461914,25.191568729020652,24.324991375240113,25.00609048419949,480051
2010-04-19,24.90493392944336,25.52842061529556,24.65741951084786,25.177513643927604,754150
2010-04-26,24.35664939880371,25.327907156017815,23.122213138110176,25.108591736451622,768668
2010-05-03,23.08460807800293,24.607290066115514,22.367130154356623,24.438102912952107,1034750
2010-05-10,23.7425594329834,25.002063152925746,23.278863377458286,23.61723533487773,715961
2010-05-17,23.63290023803711,24.09973002362492,23.310192319464388,23.59217092464965,1371568
2010-05-24,22.520658493041992,23.905486608306617,22.213616896661048,23.758230940704813,1128563
2010-05-31,21.5650634765625,22.71490716923644,21.445999721542922,22.43292853320181,658700
2010-06-07,21.953563690185547,22.298203145956915,20.850716953645517,21.211020426740284,680896
2010-06-14,24.895536422729492,25.84799620613806,22.038157072503783,22.094552796204233,1454622
2010-06-21,23.52010726928711,25.691338802743005,23.354053876555938,25.18377734635504,887367
2010-06-28,23.125337600708008,23.95246842723554,21.74991121796181,23.52010762837007,701150
2010-07-05,24.594758987426758,24.75141350327024,22.38592457717394,23.188002104452583,707979
2010-07-12,23.84282112121582,25.114857644072412,23.730029658295365,24.629227601478288,627333
2010-07-19,24.73261833190918,24.87360645487838,23.10654352122932,23.80522378725608,504095
2010-07-26,24.26265525817871,25.252710680981465,23.886682938220876,24.73261886535712,530403
2010-08-02,24.619821548461914,25.186910067898918,24.438101756586008,24.895532605186844,427494
2010-08-09,23.028215408325195,24.945667674282106,22.620912683055007,24.66682280818548,309322
2010-08-16,22.652244567871094,23.89921320955644,22.35146578569386,23.028214460055214,317895
2010-08-23,22.937355041503906,23.006283414293655,21.74364833747988,22.611513345816746,256303
2010-08-30,23.166072845458984,23.46684925860681,21.90030394615453,22.968686606260594,398966
2010-09-06,23.047014236450195,23.479382279355804,22.498723368418812,23.216201419714327,288803
2010-09-13,23.285125732421875,23.93054153378494,22.965551591168165,23.241262661864663,447301
2010-09-20,22.238679885864258,23.41045519345252,21.931635931071465,23.26633330131994,399463
2010-09-27,21.815710067749023,22.542582246618007,21.706052369389635,22.335804280480048,359489
2010-10-04,22.169750213623047,22.542581596576852,21.32381429990441,21.812578069061335,361460
2010-10-11,23.294530868530273,23.385390793443456,21.643392980185986,22.219880570913976,444011
2010-10-18,22.761903762817383,23.097144362518637,22.244943334025386,23.09401060260785,268866
2010-10-25,22.24494171142578,23.090875158393033,22.122751377760693,22.83709560237451,241269
2010-11-01,23.714365005493164,23.7331627853589,22.24494465690405,22.382801416875665,347600
2010-11-08,22.746238708496094,23.62350508781294,22.17601627904772,23.567109357851734,456228
2010-11-15,21.44287109375,23.119073950851778,21.348877427223147,22.564515620988182,895087
2010-11-22,21.02930450439453,21.555663809211698,20.69406391319516,21.524330991615304,692511
2010-11-29,21.806312561035156,21.93163667726268,20.28676392646798,21.12016726757614,813159
2010-12-06,22.37966537475586,22.602114511799048,21.414672934070616,21.897169154413238,741181
2010-12-13,21.800045013427734,22.58958279449769,21.73738176708349,22.545719717235936,472141
2010-12-20,21.643388748168945,22.19481092964561,21.49299935935643,21.80630839488745,391454
2010-12-27,20.681533813476562,21.555666466207366,20.681533813476562,21.54939894577219,289169
2011-01-03,21.477336883544922,22.06949081197765,20.74419244478729,20.935311161409327,445766
2011-01-10,20.991710662841797,21.474206985815847,20.584407858016252,21.474206985815847,559368
2011-01-17,23.35405731201172,23.623503291295734,20.991706743846308,20.991706743846308,1624199
2011-01-24,23.466848373413086,24.093466474757317,22.978084628920904,23.35719068374952,654965
2011-01-31,23.874149322509766,23.93994632836792,23.197402998542195,23.529509835928977,408063
2011-02-07,23.8647518157959,24.21252508241286,23.319594691244404,23.849087796164717,454771
2011-02-14,26.045381546020508,26.045381546020508,23.70183109343887,23.999473747138172,1938464
2011-02-21,27.436473846435547,27.533598888555638,24.898670979404972,26.010916690265617,1278702
2011-02-28,26.70646095275879,27.539864116961756,26.40568457187328,27.358144306523158,997279
2011-03-07,25.76027488708496,27.082439687074938,25.660016069521486,26.690803307474056,1206418
2011-03-14,25.450098037719727,26.08298133794572,24.38797803996354,25.59421993004132,1382499
2011-03-21,26.30228614807129,26.499677138634596,25.443824894517636,25.9106546589106,1057838
2011-03-28,27.470937728881836,27.66832157078164,26.03911545925857,26.317960323842037,1108010
2011-04-04,27.467805862426758,27.975367421330446,27.019773792321242,27.470939622457852,727734
2011-04-11,26.919511795043945,27.45213859037203,26.693928906703416,27.320546978601225,684845
2011-04-18,27.242218017578125,27.41454374368458,26.192637887322935,26.938315006980606,583894
2011-04-25,30.08405303955078,30.158158249603467,27.29700048474873,28.015505879689325,771833
2011-05-02,29.14644432067871,30.799337710970605,27.625647790001175,30.08405498361316,938835
2011-05-09,29.07233238220215,29.964832217165554,28.676022229330478,28.93700546523989,624993
2011-05-16,29.500858306884766,30.02927017787061,28.514919503886023,28.95311507370987,558627
2011-05-23,29.639404296875,29.864947499049695,28.80490108599494,29.130326266467005,565200
2011-05-30,30.013166427612305,30.834781411480833,29.32043049031984,29.510523888346228,613037
2011-06-06,28.821008682250977,29.98416485894848,28.743685684402372,29.98416485894848,614540
2011-06-13,28.096054077148438,29.31720171937029,27.213220007814314,28.772681222923886,895116
2011-06-20,27.715858459472656,28.66313461288422,27.5869794237571,27.773855008828672,514147
2011-06-27,29.645854949951172,29.67162436723579,27.635304511932603,27.715860059430156,533672
2011-07-04,28.42470932006836,29.84240103000244,28.08961837348682,29.642634564287377,454519
2011-07-11,25.766536712646484,28.363488317338746,25.618323843859134,28.363488317338746,670738
2011-07-18,26.530149459838867,27.180999807681797,24.37139395433816,25.618318363412506,789406
2011-07-25,24.593717575073242,26.54948666447672,24.010529374693945,26.494712829090545,684299
2011-08-01,21.020492553710938,24.783818235526084,20.111881509450942,24.59049720746847,936771
2011-08-08,20.624183654785156,21.42968994155622,18.452538164844142,20.61773945699838,1286573
2011-08-15,19.193605422973633,21.642344262570372,18.497647977996284,20.943165332963453,1024842
2011-08-22,19.773571014404297,20.93672369655189,18.948733236946634,19.00995128164693,661592
2011-08-29,16.954296112060547,23.70121638020676,16.947851914223506,20.10543756628098,2393465
2011-09-05,14.508779525756836,16.883413055694735,14.49911384317502,16.870524659515574,2479049
2011-09-12,14.78587532043457,14.795541003946191,12.565899872882214,14.234909236378066,2504473
2011-09-19,13.761271476745605,14.589331983740255,13.081423857041417,14.205911367722253,1693955
2011-09-26,15.00497055053711,15.459276033150884,13.371403949493637,13.381069631324245,1190678
2011-10-03,15.352952003479004,15.555938725080608,14.041587722936981,14.608663670290888,1474350
2011-10-10,16.216455459594727,17.01229494822145,15.146741827980398,15.356173983943087,966661
2011-10-17,15.642931938171387,16.69009011732639,15.246622990168408,16.36788760066331,1178471
2011-10-24,16.89630126953125,17.772692598326692,15.130631444067923,15.66871034138445,1321355
2011-10-31,15.320730209350586,16.677202579271192,14.437895956594351,16.62565022311831,1015453
2011-11-07,14.196240425109863,15.53660257130994,13.64849601291408,15.465717638818482,701976
2011-11-14,12.040708541870117,14.499114259322452,11.953713708821564,14.328347306915191,1118261
2011-11-21,10.8453369140625,12.092260338412403,10.53602278585409,12.092260338412403,804207
2011-11-28,11.399524688720703,11.947269179475878,10.967773293549563,10.987104656743579,1612958
2011-12-05,11.354416847229004,12.630338475440006,10.954885199159339,11.534849463882065,1369148
2011-12-12,10.671346664428711,11.347972665116785,10.188043519534748,11.312530192767241,1063697
2011-12-19,11.927936553955078,11.953712114510305,10.600462614078934,10.60368409823397,1090281
2011-12-26,12.053597450256348,12.095484126266928,11.50585286471291,11.927938651329805,487724
2012-01-02,12.269471168518066,13.07497737771894,12.037484986954636,12.24369437985327,982603
2012-01-09,13.825711250305176,14.328347666382951,12.008489080870014,12.430574860152932,1446590
2012-01-16,15.217622756958008,15.758923013649241,13.506727171083405,13.600166183881216,879008
2012-01-23,15.124186515808105,15.942581247820312,14.698879268909897,15.462500160067925,619274
2012-01-30,16.63531494140625,16.690088774862822,14.292902686184478,15.004969895749698,1139964
2012-02-06,16.757753372192383,17.44404511866228,16.174567568115428,16.435550835891696,1008865
2012-02-13,17.18305778503418,17.363490376041355,15.752478075735349,16.963960013864178,787324
2012-02-20,19.016389846801758,19.058276511874713,16.274446150351196,17.26683034374194,2058291
2012-02-27,19.660799026489258,19.92500500945841,18.352656279050308,18.84884848281389,1709592
2012-03-05,19.944334030151367,20.034550331357707,18.149666312494343,19.7800100768342,1368929
2012-03-12,20.66606903076172,21.00115993997386,19.65757481879472,19.94433608841793,1609398
2012-03-19,19.045392990112305,20.685402795092457,18.539535083268582,20.685402795092457,1315773
2012-03-26,18.694189071655273,19.76067978195414,18.355876694753576,19.267709124481105,1281558
2012-04-02,17.398937225341797,19.08727908208864,17.112177160321693,18.87462545405422,1123109
2012-04-09,16.59343147277832,17.775914251838824,16.522546517833373,17.398937854952027,1465692
2012-04-16,15.833032608032227,17.58581521105163,15.49794167167791,16.499991767044193,1634425
2012-04-23,17.176652908325195,17.186856445348084,14.833145422096212,16.55761324394394,2969502
2012-04-30,17.013391494750977,17.97256299383232,16.897746639666714,17.210667249012513,1309046
2012-05-07,19.006559371948242,19.38750650488473,16.407953444507463,16.666452960339505,1749497
2012-05-14,15.771905899047852,19.0371708595302,15.625649170429924,18.836493113112535,2274934
2012-05-21,17.13923454284668,17.601813818924594,15.652859516992866,15.809319772872351,2256360
2012-05-28,16.56441307067871,17.632426337967956,16.333123424546077,17.248077176379994,3717998
2012-06-04,16.962369918823242,17.482772375850264,16.373942150158392,16.43516596863216,1099638
2012-06-11,16.97256851196289,17.7310618757882,15.884147058525535,17.31270013506837,1163074
2012-06-18,16.901142120361328,17.44875431358836,16.326320068386647,17.009984150350625,885079
2012-06-25,17.32291030883789,17.65283852491913,16.05421902403537,16.81951546937869,934263
2012-07-02,16.75489044189453,18.020181043200722,16.75489044189453,17.47937147627144,948065
2012-07-09,15.867147445678711,17.254884380000284,15.510008052416067,16.75489026743236,1305727
2012-07-16,15.51000690460205,16.234487877820193,15.462388668357601,15.850138646347707,767045
2012-07-23,14.982799530029297,15.343339560736341,13.962404538687924,15.339937517498912,1037945
2012-07-30,14.856955528259277,15.16987612776946,14.234513778473143,15.135863470431294,565658
2012-08-06,15.455584526062012,15.850137260079014,14.873959609946342,14.890965936046308,392242
2012-08-13,16.56441307067871,16.56441307067871,15.071235203513211,15.390958515520374,398809
2012-08-20,15.805916786193848,16.54400177830833,15.652857297794784,16.54400177830833,348756
2012-08-27,16.805906295776367,16.945360232998983,15.30932638131464,15.850135805665646,937332
2012-09-03,16.938560485839844,17.05420532997709,16.129046576879134,16.870533877965062,1281635
2012-09-10,19.200437545776367,19.346694302067018,16.921554561421658,17.02019308031529,2706367
2012-09-17,19.50995445251465,19.686823091606417,18.70724343567487,19.203835404567457,1845470
2012-09-24,17.373924255371094,19.455529464337125,17.346713102215062,19.401108455524263,920001
2012-10-01,18.288883209228516,18.435139956380112,17.27869155971621,17.302500676926975,648989
2012-10-08,17.669841766357422,18.367111479697915,17.669841766357422,18.163032982256606,408448
2012-10-15,18.59499740600586,19.08478783145719,17.57800445954661,17.66984016431873,521192
2012-10-22,18.040586471557617,18.945336781385002,17.761678569110796,18.489560231471987,415699
2012-10-29,18.63921546936035,18.76846586873621,17.62562323688503,18.040584294223684,458600
2012-11-05,18.12561798095703,18.87730870070225,17.809295407037204,18.560986126782424,483860
2012-11-12,17.210664749145508,18.265073874112645,17.142639442211774,18.125619918899197,485366
2012-11-19,18.220855712890625,18.220855712890625,17.28549350464162,17.390934802489518,372461
2012-11-26,20.918100357055664,21.360271324615475,17.70385540854477,18.176638282185618,1763867
2012-12-03,21.49632453918457,21.56094909760911,20.76504083661954,20.788849952749608,772938
2012-12-10,22.958890914916992,23.196982078997987,20.962318097912227,21.492922746435053,1106533
2012-12-17,22.952089309692383,23.809220091175103,22.788824944410457,22.958890802204564,885903
2012-12-24,22.924877166748047,23.61874614819846,22.666376347384418,22.792226010955947,221815
2012-12-31,23.812620162963867,24.050711306159233,22.7207977577414,22.887461557978156,558099
2013-01-07,24.904447555541992,25.679947542964058,23.537116445087843,23.809222887516345,1078092
2013-01-14,24.890836715698242,25.543888925569266,24.387440682048407,25.01328432942391,597620
2013-01-21,23.690176010131836,25.037097377768294,23.196983434293234,24.965670024370816,951486
2013-01-28,23.15276336669922,24.05411283820115,22.353454437253657,23.690172044198334,672760
2013-02-04,22.305837631225586,23.299021577876943,21.57795469933104,23.047324845095204,729713
2013-02-11,22.261613845825195,22.918073329729705,21.836454404925068,22.353456049296536,412873
2013-02-18,22.278627395629883,22.438489717332725,20.754837463811935,22.244614743033313,529500
2013-02-25,22.8908634185791,23.86364024443246,21.36026953991167,22.397670918759005,1007640
2013-03-04,23.713985443115234,23.843234570742926,22.652773474964043,22.846648463905204,717786
2013-03-11,24.407854080200195,24.856827867519968,23.588135351571356,23.608545020312622,1353557
2013-03-18,23.5609188079834,24.622135938910475,23.469089571891395,24.282004205984514,621370
2013-03-25,22.455493927001953,23.843231900312308,22.29903365476583,23.775206597600587,498405
2013-04-01,21.159591674804688,22.61535486193498,21.023539780189363,22.45549255582509,488088
2013-04-08,22.2412109375,22.48610616879512,21.03034295498396,21.32965790712308,487780
2013-04-15,21.084766387939453,22.278628182224494,20.877285826276054,22.214002323509916,635034
2013-04-22,23.433401107788086,23.609857437376082,21.919405476821876,21.919405476821876,817464
2013-04-29,24.10040283203125,24.319209622912332,23.316936394935606,23.419281376516615,563524
2013-05-06,24.41802406311035,24.66859169019089,23.881595394352708,24.05805169729755,386498
2013-05-13,24.845048904418945,25.02150521383597,24.068639527478275,24.280389252786385,547128
2013-05-20,24.456844329833984,25.34618289977819,24.248624495109006,24.848577532401286,570857
2013-05-27,25.64263343811035,26.080244353085618,24.28039044700872,24.35097189724321,821907
2013-06-03,25.617918014526367,25.797909572829088,24.957978585019358,25.564988665499232,738013
2013-06-10,25.692039489746094,25.939077243634017,24.753290639952837,25.790854591301265,860600
2013-06-17,24.92621612548828,26.92723262638233,24.92621612548828,25.727329240332768,717782
2013-06-24,25.434406280517578,25.713207506167457,23.9627616563039,24.91562442345445,673609
2013-07-01,26.680192947387695,27.2801460037137,25.06385253709315,25.437941736981696,683426
2013-07-08,26.962522506713867,27.44248384615609,26.65548758306043,26.821356931729206,453527
2013-07-15,27.964797973632812,28.388294774310907,26.831948676398447,26.870769283773352,564876
2013-07-22,28.963542938232422,29.11529549518043,27.89774785147689,27.89774785147689,451769
2013-07-29,29.291746139526367,29.29174613952637,28.021261303301824,29.034113368817014,600284
2013-08-05,30.773971557617188,31.162177494859225,29.22115857868475,29.291740007723885,477722
2013-08-12,31.511571884155273,31.66332443637637,30.632820110484705,30.791629731234952,344602
2013-08-19,30.964548110961914,31.755074205680895,30.311660395531696,31.539797322767424,595133
2013-08-26,28.32476043701172,31.232758932907622,28.32476043701172,31.056302667749954,770398
2013-09-02,31.102188110351562,31.186889077429115,28.51886784969753,28.55063138547901,995955
2013-09-09,28.82590103149414,31.091599258097407,28.71296910815125,30.971610267518468,1890849
2013-09-16,28.94236183166504,29.4682008290838,28.86825051196248,28.949418898656518,778172
2013-09-23,28.52945327758789,29.461145018239147,28.381230631862937,28.938833185791434,528630
2013-09-30,28.829431533813477,28.96706723421835,28.021261346110037,28.342410416218243,786838
2013-10-07,29.372915267944336,29.397619040885882,28.05655015760662,28.684734120271038,636933
2013-10-14,30.569293975830078,30.59752494084246,28.727089556410775,29.22469498081738,804406
2013-10-21,30.491653442382812,31.03513924548372,29.9764012974323,30.66810976705805,442940
2013-10-28,30.802209854125977,31.021016625178365,30.315191458246023,30.526938469823858,486517
2013-11-04,30.96102523803711,31.33511175243464,30.562232255509564,30.841033547516826,522168
2013-11-11,30.699867248535156,31.40216528238115,30.361071465390292,30.922203916465207,437067
2013-11-18,28.924718856811523,30.699868956451173,28.86825423606754,30.699868956451173,779700
2013-11-25,29.118824005126953,29.538788234927498,28.762381468607092,29.10117729532017,549973
2013-12-02,28.091842651367188,29.079999016456828,27.138979700573913,29.079999016456828,1035476
2013-12-09,27.749523162841797,28.310655726244907,27.629534143598036,28.127139624153166,594605
2013-12-16,28.314180374145508,28.338884149571896,27.470716744565486,27.668349640486177,713201
2013-12-23,29.129409790039062,29.25645855654352,28.303592807760065,28.338886225963353,349639
2013-12-30,29.30586051940918,29.83169950168793,28.903540399744998,29.1294042321,368935
2014-01-06,29.0552978515625,29.85640834736554,28.691798268741792,29.32703939548846,614960
2014-01-13,30.56222915649414,31.08806815138534,28.804726000545553,29.079997384548875,809611
2014-01-20,30.156383514404297,31.126893258422697,30.156383514404293,30.713986122624473,1361554
2014-01-27,30.417539596557617,31.37393247419584,29.83170335462261,30.138738303499228,765449
2014-02-03,31.797422409057617,31.797422409057614,29.79287887913596,30.399888937793182,949776
2014-02-10,33.01850128173828,33.01850128173828,31.338639280602592,31.832714755931086,886076
2014-02-17,34.05606460571289,34.15487969915595,32.96909319282054,32.96909319282054,544331
2014-02-24,36.604095458984375,36.653503007794434,33.91137058628897,34.02077532366221,1041032
2014-03-03,38.24866485595703,38.79215055801092,35.665344850713076,36.2582380990892,1550080
2014-03-10,36.949947357177734,38.64392887815543,36.34999702694073,38.28395921851511,1082678
2014-03-17,37.03465270996094,38.02280647062627,36.77349542193728,37.00641905301086,1012754
2014-03-24,37.599308013916016,37.66988945557344,36.34999711051186,36.985240855466316,679727
2014-03-31,39.02507781982422,39.34975678114346,37.549902973602045,37.72635928203767,925149
2014-04-07,37.33109664916992,39.138010239474085,37.062882303087434,38.74980689455789,594199
2014-04-14,37.994571685791016,38.29101697642981,36.2794162399253,37.267569901230715,575826
2014-04-21,38.0510368347168,38.6439301168121,37.691067163538335,37.99457221821269,385244
2014-04-28,38.763919830322266,38.855677862920395,37.726358586749356,38.14985264218611,368866
2014-05-05,38.0580940246582,38.749805099755015,37.196989099503526,38.69333779055956,464310
2014-05-12,35.514347076416016,39.809273680546156,34.5759604221861,38.95750661269163,1671579
2014-05-19,36.81365203857422,36.99411111719468,34.72032562514205,35.434944788057365,1192970
2014-05-26,37.62932205200195,37.65819340741042,36.84252048019942,36.849737630654886,443530
2014-06-02,39.54219436645508,39.65768807229583,37.636546843289125,37.64376674879694,1103519
2014-06-09,39.14519119262695,40.17020040547612,38.27176973025546,39.53498354484795,644088
2014-06-16,38.00469207763672,39.88146583922396,38.00469207763672,39.10188111286184,1126488
2014-06-23,36.553794860839844,38.365605767117096,36.23618783608425,38.076870105639394,846912
2014-06-30,36.192874908447266,36.66928679930805,35.22561406899208,36.57544730083309,772344
2014-07-07,35.09568405151367,36.272278122820545,34.316102192381116,36.14956725984831,916394
2014-07-14,36.055721282958984,36.48882193206171,34.77807078844313,35.120941906183894,752337
2014-07-21,36.351680755615234,36.99411469709819,35.78503930405683,36.12791048518039,603933
2014-07-28,32.702796936035156,36.70537828264622,32.507900785866205,36.524919190295776,1575227
2014-08-04,30.82241439819336,32.90130397202522,30.40014077097999,32.84355573911366,937448
2014-08-11,31.248294830322266,31.832980484918778,30.97760621139069,30.988433315574028,603727
2014-08-18,32.91934585571289,33.41741193751525,31.522591550745677,31.6525223118397,540983
2014-08-25,35.58653259277344,36.402208464227044,33.103416464113344,33.103416464113344,1064896
2014-09-01,35.70563888549805,35.824742556526495,34.792516248121494,35.73090305023856,663520
2014-09-08,34.17173767089844,35.74173139974667,33.727807042339265,35.70564012794542,539091
2014-09-15,32.57647705078125,33.8180337691067,32.41045501151643,33.8180337691067,1074132
2014-09-22,31.692224502563477,32.51872746513947,30.93068692252669,32.47902624505511,771361
2014-09-29,31.475675582885742,31.980961608647842,31.161675760673713,31.688618750662815,790626
2014-10-06,28.483661651611328,31.78606349679304,27.003897687869355,31.56590319020845,1383828
2014-10-13,29.447315216064453,29.450925169142437,26.99668301130655,28.15162017339551,1022565
2014-10-20,30.970394134521484,31.03896948313229,28.729092133670015,29.422054512432382,942719
2014-10-27,30.59502601623535,31.075047748383046,29.349859677113695,31.075047748383046,905282
2014-11-03,30.782711029052734,31.544248587528156,29.963425241694292,30.584204934251233,929303
2014-11-10,27.76543426513672,31.327697509252484,27.28541244963991,30.782710314563726,1399782
2014-11-17,28.963682174682617,29.154968357816877,27.527226694503245,27.635503243320045,1099886
2014-11-24,28.249059677124023,29.537537238791806,28.079430475920798,28.963678757101686,919964
2014-12-01,29.786577224731445,29.80823143457976,27.718517576600945,28.15161829509053,1844081
2014-12-08,27.974767684936523,29.73965728801594,26.859529125422554,29.526714139220978,2285058
2014-12-15,29.18745994567871,29.79019276390541,26.419214868159784,27.974774402197173,1615148
2014-12-22,30.389314651489258,30.566166571351847,29.19828611380039,29.19828611380039,385292
2014-12-29,30.649169921875,30.87655012820186,29.90567938285758,30.32073582347309,425855
2015-01-05,31.320476531982422,31.710268793792366,28.833750705473882,30.60225018642319,1521644
2015-01-12,33.00957107543945,33.45710877527792,31.83297722786469,31.83297722786469,1584873
2015-01-19,33.7133674621582,33.98405608870062,32.36353152855063,33.09619497048484,1369937
2015-01-26,31.204986572265625,34.720328993861926,30.493977292941818,33.56539188006867,1967730
2015-02-02,32.71001052856445,32.912126562441486,30.548111608473835,31.363787388138377,1314710
2015-02-09,34.96214294433594,35.17508333575855,32.71362160921612,32.73166861854452,1872500
2015-02-16,35.68758773803711,35.911357995228386,34.846650492784605,34.846650492784605,1046769
2015-02-23,35.943843841552734,37.44887489633218,34.90440036984361,35.788651651979244,1264516
2015-03-02,37.694297790527344,38.7337412180315,35.42412197599119,35.947452265963754,1739606
2015-03-09,38.14183807373047,39.58551097167093,37.46331280298996,37.64377191523252,1947293
2015-03-16,39.65768814086914,39.989734955124206,37.67985808072797,38.14905005682294,2521032
2015-03-23,40.141319274902344,40.754879061962,39.12353014648436,39.48444831618701,1402028
2015-03-30,40.77654266357422,40.91369059909947,39.05857112507546,40.206291201738225,1152279
2015-04-06,40.6466064453125,41.686049812994476,40.13410053670353,40.77653721047115,1238877
2015-04-13,39.62159729003906,41.2024206779505,39.426701142751874,40.70435182813197,2019631
2015-04-20,39.55663299560547,40.88481204234082,38.697648696383666,39.60716132181926,1629619
2015-04-27,39.29677200317383,40.8270671295529,38.85645411915145,39.41226571520364,924491
2015-05-04,38.85645294189453,40.011390027200804,36.59710434307773,39.376173253488744,1802161
2015-05-11,38.26454544067383,39.008038787397645,36.75590729047738,38.61824647982445,1624404
2015-05-18,39.364994049072266,40.25864522058166,37.887883557044304,38.34578702071086,1318710
2015-05-25,39.261600494384766,40.066625901694046,38.36794923799844,39.36499778786881,1249503
2015-06-01,37.828800201416016,39.79335702229476,37.31181097121326,39.43885084604949,1502112
2015-06-08,37.009002685546875,38.18330560313633,36.4772420232831,37.66631638342039,1228904
2015-06-15,37.09024429321289,37.79925663289545,35.177386148172836,36.706195238210356,2072270
2015-06-22,38.64859390258789,39.150808832763815,37.61461552415437,37.64415840750719,1109766
2015-06-29,36.64341735839844,38.131605630371254,36.2962955140661,37.636772183087,1414505
2015-07-06,37.24534606933594,37.49645499795245,35.30294473378366,36.263066113541484,1517764
2015-07-13,38.81846237182617,39.59394476926373,37.34135197009197,37.34135197009197,984607
2015-07-20,38.44180679321289,39.38715959118371,38.27932652614953,38.77415727619618,974207
2015-07-27,40.46543502807617,40.50974653142624,37.73278056604407,38.40486560137354,1446709
2015-08-03,40.4949836730957,41.15229736175704,39.638256921515605,40.17740470617951,1230713
2015-08-10,40.82733154296875,41.35170788886215,39.80812737079387,40.61315267098,1070146
2015-08-17,38.390098571777344,41.69882549641345,38.390098571777344,40.89380022381605,1044208
2015-08-24,42.22319793701172,42.81404432998803,35.63898070328256,37.828796906460134,2494453
2015-08-31,40.856876373291016,42.2527453507756,40.45805586047693,41.802226195637246,1811677
2015-09-07,42.01640701293945,43.26456716749742,41.38863618797531,41.38863618797531,1438997
2015-09-14,41.787452697753906,42.33398194356485,40.67961994734513,41.994247242940276,926559
2015-09-21,41.83177185058594,42.503857062648436,40.4949885572046,41.83915898132959,1319840
2015-09-28,40.627925872802734,42.06072496001261,40.199565263205734,41.80961604495061,1427649
2015-10-05,40.48759841918945,42.69587984758019,40.30295960742104,40.97504476956349,1659972
2015-10-12,41.1449089050293,41.691440984556316,39.43884822146934,40.435896599722184,1320411
2015-10-19,41.65451431274414,42.83620150312595,39.65302758407348,41.093210784289404,2695423
2015-10-26,41.91301345825195,42.06072508237076,41.07844517674089,41.6914474307562,1132466
2015-11-02,42.67372131347656,42.76973428454626,41.4772626009826,41.65451710008322,1219847
2015-11-09,40.42112731933594,42.8288189420663,39.963223866509736,42.7254188434859,1672719
2015-11-16,41.87608337402344,42.79927743951176,39.9558380273889,40.177406856997855,1063441
2015-11-23,43.124244689941406,43.27934063099511,41.15230333760589,41.87608721322145,921653
2015-11-30,42.09764862060547,44.12129121499081,41.6249737184507,43.0946970662529,1428887
2015-12-07,41.595436096191406,42.97653377894419,41.159688337372295,42.245365577578305,982097
2015-12-14,43.22025680541992,43.37535274336958,40.790409174749,41.52896448006916,1720116
2015-12-21,43.16116714477539,43.375348840212546,42.31921462325239,43.05776986211322,520853
2015-12-28,44.1434440612793,44.27638422091933,42.791886710727056,43.12423710982715,410172
2016-01-04,42.16412353515625,43.83325732677794,41.70622002340667,43.57476409047535,1152532
2016-01-11,41.52157974243164,43.50829247919334,41.100603448089444,41.94994035011104,1298182
2016-01-18,44.37240219116211,45.20696762184512,41.21138370427916,41.39602252268307,2219271
2016-01-25,46.75054931640625,46.75054931640625,44.291161664532375,44.49795624427682,1474136
2016-02-01,45.310359954833984,47.629422809626796,45.17003548244236,46.98688058070322,1840722
2016-02-08,43.55260467529297,45.753499016634905,42.06810702184869,45.753499016634905,1920542
2016-02-15,45.89381790161133,47.37831537390094,44.04004566097329,44.04004566097329,1296934
2016-02-22,47.599884033203125,48.00609167821828,45.288208108585366,46.03415049546346,2167855
2016-02-29,47.38570785522461,48.41229920867429,46.18924631388071,47.34139070831818,2218266
2016-03-07,48.57477951049805,48.700338193656876,46.20402049548266,47.42263504777524,1968593
2016-03-14,49.37980270385742,49.66783879030166,47.681123435576254,48.5969359699043,1628612
2016-03-21,49.19516372680664,49.815547407842445,48.44922137579335,49.26163099203369,886482
2016-03-28,49.667842864990234,50.59103697028745,48.094722138066444,49.195167933856425,1238579
2016-04-04,49.8894157409668,50.14052185325572,48.7224969451145,49.62353536634906,1633118
2016-04-11,50.66489028930664,50.87168486291829,48.83327637897812,49.845093490539355,1363328
2016-04-18,49.79339599609375,50.642735701365,48.427069844864164,50.29561381562313,1878343
2016-04-25,51.27789306640625,51.721025105305216,49.38719336191488,49.79339538310161,1286347
2016-05-02,50.33254623413086,51.33698192109078,50.007580089899726,51.255740385033,1198317
2016-05-09,51.32219696044922,51.75794743889674,49.859860885711925,50.450701638282915,1655601
2016-05-16,50.6109504699707,52.958103654916066,49.69775026176241,52.399618766836554,2223890
2016-05-23,50.799625396728516,51.44113472980995,50.41472670646929,50.6411366846233,2558236
2016-05-30,50.67887878417969,51.36566326054737,50.0373751556188,50.792086661688515,5791048
2016-06-06,48.784549713134766,51.237362028493145,48.69398226245992,50.56566927046511,1738703
2016-06-13,47.42606735229492,48.58077782167362,46.27890560960912,48.452472499859994,2247956
2016-06-20,46.20344543457031,49.70530682531399,45.81854090332261,48.06003529412896,2245968
2016-06-27,49.16946029663086,49.57700523836995,44.2110054757938,46.16570569255046,2728361
2016-07-04,47.84115982055664,49.486431062282,46.92041090206929,49.33549107085426,1511257
2016-07-11,49.16946029663086,49.88643399017652,47.93927962241672,48.029844205360014,1229463
2016-07-18,50.18832015991211,50.89775088894062,48.814745312171056,49.0788932140458,1263889
2016-07-25,51.87131881713867,52.37697409039358,50.16566938297494,50.26377979543013,1382174
2016-08-01,51.53169631958008,52.037351603616685,50.88264401905884,51.83358204786762,919147
2016-08-08,53.4335823059082,53.93923768390269,51.29019841898803,51.62227335760765,1072500
2016-08-15,52.414710998535156,54.00715271283402,52.082641856334384,53.584516118401176,719761
2016-08-22,52.595848083496094,53.010935967953536,52.241132745037845,52.34679189802643,890569
2016-08-29,53.88640213012695,54.920353197681465,52.18075253173415,52.37697913352952,1780327
2016-09-05,52.105281829833984,54.52035628857821,52.029811832621675,53.96187139961705,1352009
2016-09-12,51.373207092285156,52.35433425987695,50.95811350030603,51.705281965868465,1377562
2016-09-19,52.81471633911133,53.071315500023644,51.697740721395306,51.697740721395306,1256199
2016-09-26,52.19585418701172,52.973206171543694,51.19208643157097,52.61094208968812,1235447
2016-10-03,50.2562370300293,52.88263563626914,50.19586448489111,52.067545817988645,1070577
2016-10-10,50.15057373046875,50.93547433226311,49.010963582605804,50.263781599975985,1516070
2016-10-17,50.920379638671875,51.350564911078095,49.89397166275684,49.99208207295787,1069304
2016-10-24,50.06001281738281,51.80339445765266,49.77321877578586,51.12415298806976,1119980
2016-10-31,48.6939811706543,51.12415300835311,48.6939811706543,50.06001283724397,1220098
2016-11-07,46.42985534667969,51.07887842409775,45.667595061632824,49.23738038188276,2409355
2016-11-14,47.584556579589844,47.72795359834891,45.343065519836586,46.7468264053505,2156997
2016-11-21,47.071353912353516,48.1128565544751,45.90910042832928,47.72795496879745,1766967
2016-11-28,45.90910339355469,47.55437186743908,45.70533093656535,47.04117067972031,1590989
2016-12-05,48.0902214050293,48.23361556463452,45.85627300494106,45.85627300494106,1585573
2016-12-12,49.40341567993164,49.69775271371097,47.52418559703469,48.12795424055588,1748319
2016-12-19,50.30906677246094,50.30906677246094,49.19964004721175,49.252469617081175,962948
2016-12-26,49.9996337890625,50.422270360420335,49.69774805609629,50.30906824880051,440755
2017-01-02,50.91283416748047,50.94302331670119,49.85623697672097,50.06001229446299,836047
2017-01-09,51.44867706298828,51.69773321807355,50.58830648904942,51.010943049442886,1179386
2017-01-16,51.629817962646484,51.65245838701847,50.452464073375616,51.32793220237211,1170780
2017-01-23,51.048683166503906,51.93169420096319,50.64868701027833,51.58452761710719,877054
2017-01-30,51.493961334228516,51.75810917252111,50.21849722619866,50.99584904659874,1076005
2017-02-06,52.46753692626953,52.82980095202821,50.62604492280438,51.56943422551917,1163223
2017-02-13,51.69773864746094,53.18452124954983,51.48642034507119,52.452450160562556,1156517
2017-02-20,50.14303207397461,52.90527306908731,49.916616329034674,51.924151609661266,1726527
2017-02-27,52.112831115722656,52.18830111374418,49.60718917866237,50.3241627968545,1830170
2017-03-06,52.02981948852539,52.46000486972587,51.23737000621224,52.067551613687776,1042909
2017-03-13,53.267539978027344,53.28263167477334,51.58453077025017,52.029813557147584,1557407
2017-03-20,54.67884826660156,54.71658614645111,53.19961435277379,53.19961435277379,1366818
2017-03-27,55.41091537475586,55.448653251881055,54.3392264571032,54.46752602654226,1179183
2017-04-03,55.69770812988281,55.999588107916104,55.13167453408316,55.546762382874675,1044757
2017-04-10,54.75432586669922,55.78073404679226,54.54300179362764,55.471299544003045,1250075
2017-04-17,54.120361328125,54.75432198642844,53.267539400422436,54.75432198642844,1896097
2017-04-24,58.686363220214844,59.07126190908131,56.226002312169584,56.558077188516805,2175269
2017-05-01,59.47126388549805,60.22597532689781,58.56560670102352,58.686363295483325,1424780
2017-05-08,59.093910217285156,60.256160810376436,58.37693086825799,59.622205941417555,1692792
2017-05-15,59.586368560791016,60.017259829741555,58.94002578691195,59.778731573065826,2368605
2017-05-22,60.971370697021484,61.09448582648077,59.2401038145545,59.70946997232619,1571710
2017-05-29,62.83344650268555,64.21076027124444,60.57125598302506,60.979064560688535,2652998
2017-06-05,62.92578887939453,62.941181208134466,61.77161078294062,62.8257622243984,1216884
2017-06-12,64.41851806640625,64.48007563119361,62.01012971055974,62.86422184301389,1735876
2017-06-19,64.91865539550781,65.52652306799445,64.32617417718777,64.63395609458568,1615646
2017-06-26,61.217594146728516,65.37263577502306,61.009844707017365,65.01868858893404,1923016
2017-07-03,60.78670883178711,62.033223202207076,60.217315987722515,61.54077438510478,1544255
2017-07-10,63.01811599731445,63.41822842906598,60.47892220936984,60.94059220614545,1142398
2017-07-17,62.202491760253906,64.78785073783565,61.94088091952895,63.08736266176623,1157724
2017-07-24,62.58721923828125,62.98733754256736,61.61001783786206,62.27944315246429,1141350
2017-07-31,63.864524841308594,64.14922423408498,62.58723152666465,62.71804284631816,1271103
2017-08-07,63.3797607421875,64.60318655396634,63.24894944603259,64.07226281729488,1290357
2017-08-14,64.70320892333984,65.53421840313017,63.50286581061087,63.687532627080195,971973
2017-08-21,64.17999267578125,64.72630287888182,63.51056733766789,64.55702250346562,1166552
2017-08-28,67.1039047241211,67.36552144314464,63.00272436859733,63.86451267712141,1695064
2017-09-04,66.89616394042969,67.00388675913784,65.91126624341038,66.83460636675264,1291753
2017-09-11,67.48863220214844,68.4735297934934,66.86537797928699,67.05774097354819,1227217
2017-09-18,66.92693328857422,68.53508504852951,66.64993011654659,67.71177169568418,1209873
2017-09-25,67.40399932861328,67.8887578838393,66.55760323611749,66.93463310205179,1344569
2017-10-02,67.35783386230469,69.12757007344662,67.09621710994689,67.39630294293299,1293297
2017-10-09,66.94232940673828,67.95800589395341,66.51143813048137,67.40399946993546,1515301
2017-10-16,69.21989440917969,69.23528673511977,66.70378919958662,67.09620545427441,1558836
2017-10-23,68.6658935546875,69.63540470031927,67.61943838458238,69.1737346830265,1296426
2017-10-30,69.48152160644531,70.38177908493599,68.59665058576549,68.66589845159406,1390456
2017-11-06,70.9588623046875,71.28203072633052,69.11217638458746,69.5584599404484,1754096
2017-11-13,69.49690246582031,71.1743080138292,68.61972767993474,71.1743080138292,2007901
2017-11-20,70.93577575683594,71.35128050613541,68.94289219281363,69.2506741408635,1199785
2017-11-27,70.15863037109375,71.93606253087746,69.55845877794354,70.78958074728405,1582904
2017-12-04,71.36666870117188,72.46698522971155,69.92010114167006,70.28173862870612,1605577
2017-12-11,70.5510482788086,71.4897805585578,70.12784737549468,71.39744421498415,1503300
2017-12-18,69.84315490722656,72.1745993800549,69.65848807240698,70.78958344277596,1400098
2017-12-25,70.28173828125,70.54335499683344,69.45842492973132,69.84315090465505,661005
2018-01-01,72.14381408691406,72.2207581052758,69.404561243708,70.28173596802695,979031
2018-01-08,71.17430114746094,73.4210992990993,70.48179325950332,72.02069706809708,1670831
2018-01-15,74.52910614013672,74.66760770698751,70.63568168487232,71.17429562793004,1558821
2018-01-22,75.86796569824219,75.86796569824219,73.86739168097307,74.46756329910852,979302
2018-01-29,73.28260803222656,76.16036278591686,73.22105633276624,75.79102323689006,1220761
2018-02-05,68.17344665527344,75.09851471920432,66.94232461799854,73.08255421768321,2165864
2018-02-12,70.9588623046875,71.37436707699396,68.01955598544049,68.78900796294445,1904575
2018-02-19,71.22047424316406,72.08226258444749,70.55874506280323,71.15892254557102,1372756
2018-02-26,68.65050506591797,71.63597656846386,68.01955469118833,71.35897339219693,2350510
2018-03-05,70.6972427368164,71.14352627473136,68.1426625090464,68.4658367881466,1699987
2018-03-12,72.12842559814453,72.77476830176316,70.62030045030454,71.06658399917781,1685825
2018-03-19,71.32820129394531,72.35927007344664,70.32791717075048,71.92837881240598,1677148
2018-03-26,71.15892028808594,72.09764675396679,70.32791075718885,71.4666963776455,1004880
2018-04-02,71.66675567626953,71.9899240932282,69.98935015480686,71.15892043111342,1148947
2018-04-09,72.79016876220703,73.0979507816944,71.57443301398153,72.06688776743356,1219847
2018-04-16,74.71378326416016,74.99078643614209,72.40542741127908,72.6362653447482,1186942
2018-04-23,75.8371810913086,76.09879780272783,73.928943573514,74.72917429307226,1242253
2018-04-30,76.94519805908203,77.2529800254089,75.71407606422727,75.88335643922969,1143980
2018-05-07,77.25298309326172,77.67617817712086,76.4835310821146,76.72975549086357,907132
2018-05-14,77.94548797607422,78.13785097120721,76.79131000527619,77.1760359955422,1267430
2018-05-21,76.94921112060547,79.83814327837753,76.38399034157572,79.75964089151353,1468939
2018-05-28,76.27408599853516,77.56154431233483,74.75111453418872,77.09051801124131,2050407
2018-06-04,75.48904418945312,77.35742720725494,75.30063128815128,76.46248688878832,1143610
2018-06-11,75.0494155883789,76.16416490236307,73.7933596015413,74.59409342147922,1769653
2018-06-18,73.71485900878906,75.20642814958453,73.33803920894749,74.90811072781692,1363249
2018-06-25,73.14964294433594,74.18589005795245,72.39600922437378,73.47935657381655,1253033
2018-07-02,74.18588256835938,74.65690284711432,72.25469523292064,72.8513241136624,1032957
2018-07-09,74.73542022705078,75.4262556979238,73.88758595088235,74.42141063776195,1030883
2018-07-16,74.21727752685547,75.88155540581764,73.7933575202515,74.89240872374172,943120
2018-07-23,75.96006774902344,76.16417275023899,73.82476935670692,74.09167866107248,1094960
2018-07-30,75.26923370361328,76.14847599497836,73.5892574958616,75.91296284873917,1273467
2018-08-06,75.59894561767578,75.97575942611813,74.92381438909013,75.1279193731016,864948
2018-08-13,74.02886962890625,75.56753889721543,72.28608939958598,75.3477298573637,1215411
2018-08-20,75.75595092773438,76.1955690372523,74.02887464947322,74.10737702769464,1001256
2018-08-27,76.11707305908203,78.4250803068073,75.59895252777825,75.9914704412364,1592105
2018-09-03,76.4153823852539,76.61949337157516,74.40569264100733,75.99146832117205,1768372
2018-09-10,76.55669403076172,77.45164041667302,75.86586463374677,76.13277993920936,1211527
2018-09-17,76.06996154785156,77.20040889825313,75.06511679667366,76.46247940311463,1643975
2018-09-24,75.48904418945312,76.61949165052543,74.92381746424309,75.97576254444685,1406455
2018-10-01,74.15447235107422,76.30546851664901,73.47934116220779,75.52043280767384,1330331
2018-10-08,69.93099212646484,74.24868912679733,69.50707206589226,74.1073824399398,1653214
2018-10-15,69.711181640625,71.59526277468417,69.3657639710185,70.00949308933654,1353728
2018-10-22,66.52393341064453,70.43341441197789,63.66640351784182,69.86818766582387,2009972
2018-10-29,68.04690551757812,68.92614779731707,65.72320019542664,65.94300926802438,1420426
2018-11-05,69.88388061523438,70.44910731988354,67.76428646214754,67.98409551632275,1328501
2018-11-12,68.83193969726562,70.18220224163828,68.1411103442752,70.15080009068218,1205256
2018-11-19,67.48167419433594,69.89958580781726,66.93215155006638,69.24015264534617,1227235
2018-11-26,65.95870208740234,68.5807246469222,65.86450162914552,67.74858865580005,1887511
2018-12-03,60.840267181396484,66.72803497314453,60.494849554356186,66.5710302277701,2299043
2018-12-10,58.01414108276367,60.636157520671944,57.48031655196207,60.46344870344977,2430303
2018-12-17,56.71098327636719,58.3281610618032,55.86314918278896,58.108346011551966,2833426
2018-12-24,56.616783142089844,56.80519005404393,55.392123241018865,56.52257669143892,584575
2018-12-31,57.84143829345703,58.029845209449014,55.76894424950156,56.522577902817375,979301
2019-01-07,58.37526321411133,59.41151024202197,57.16630734999093,57.96704123955228,1529890
2019-01-14,61.562503814697266,61.75091671234398,57.276209217470395,58.202551668183375,1717531
2019-01-21,62.95987319946289,63.148286117066064,61.10718810180285,62.17483734416112,1196989
2019-01-28,64.42003631591797,64.9224587525489,62.64585970690466,62.94417115698307,1396943
2019-02-04,62.441749572753906,64.70265056845703,62.441749572753906,64.12172574117494,1054446
2019-02-11,64.73404693603516,64.73404693603516,62.70865327267287,62.72435734163703,1110442
2019-02-18,66.38262939453125,66.53964015775021,64.60845269026856,64.74975938249153,901048
2019-02-25,67.65438079833984,68.32951201873315,66.00580693037725,66.52392740803525,1365193
2019-03-04,68.09400177001953,68.58072610899727,67.56017720090925,67.79569033026732,1335278
2019-03-11,68.42372131347656,69.02034419267133,67.40317240591823,68.23530841434884,1246755
2019-03-18,66.79084777832031,68.92614612786168,66.79084777832031,68.39232154047633,1108054
2019-03-25,67.24616241455078,67.35606693581805,65.88019595420519,66.7280359662789,1411975
2019-04-01,69.36576843261719,70.08799997975025,67.5130833408597,67.5130833408597,1702989
2019-04-08,69.0831527709961,69.75828406131504,68.37661932887767,69.31866591481825,1344949
2019-04-15,69.06743621826172,69.78966754845113,68.61211412296325,69.31864737612527,779985
2019-04-22,72.01918029785156,72.14478889669722,68.78483673909531,69.0674500971504,1377669
2019-04-29,71.72086334228516,73.35373906557925,71.53245644785805,71.7051592739637,1440642
2019-05-06,69.0831527709961,71.45395833305123,68.58073032090033,71.04574233835393,1470000
2019-05-13,72.33319854736328,72.39600284916666,66.869350066774,69.02034649408307,1918338
2019-05-20,71.39250183105469,74.21402129014645,70.79595372467982,74.16565435326923,1313429
2019-05-27,68.99018859863281,71.98906193717397,68.40976070724746,71.50536792740296,1225342
2019-06-03,70.74758911132812,70.90881633983017,68.0228034365021,68.76446467871527,1608418
2019-06-10,68.89344024658203,71.73108600612385,68.5064924660053,71.03779790296443,1058165
2019-06-17,71.55372619628906,73.45623671264744,68.667713751085,69.03854123811438,1909622
2019-06-24,70.08654022216797,72.13415778981674,68.99017796310525,71.45698997078442,1460512
2019-07-01,71.69883728027344,73.66583510115154,70.50573499839585,70.61859527703541,1124213
2019-07-08,72.1502685546875,72.26312881793473,70.24775818791552,71.34412030267983,1039276
2019-07-15,72.87581634521484,74.79444731661535,72.24702157939554,72.24702157939554,1341963
2019-07-22,73.14990234375,74.14953076413904,72.23089368177148,72.87581484651123,1077120
2019-07-29,71.3118896484375,73.68196800970328,70.5057412154001,72.84357290129346,1067629
2019-08-05,72.00517272949219,72.45661385211204,69.16753315092963,70.87656377251852,1131417
2019-08-12,71.65046691894531,72.63396894196885,69.0546742611727,72.21477448401042,1235728
2019-08-19,74.00442504882812,75.21364764014608,71.61822038958745,71.66659347552859,1254392
2019-08-26,75.9714126586914,76.90654762152427,72.6339592507194,73.74644782032561,1550880
2019-09-02,74.9718017578125,76.51960522122681,74.68158783961928,76.0681640820037,1109820
2019-09-09,75.93917846679688,78.08353620950724,74.48811500558077,74.9879230881491,1438907
2019-09-16,75.72958374023438,76.48735906471373,74.60097473411228,75.6167234546646,1019367
2019-09-23,76.10041046142578,76.87431219013428,74.74608089857986,75.6973362599886,840063
2019-09-30,75.02017211914062,77.72883137899373,73.26276826781242,76.10041423071782,1192044
2019-10-07,76.66471099853516,76.66471099853516,73.8270713593512,74.84281390694551,1090579
2019-10-14,76.71308135986328,77.77719695556671,75.61671909151141,76.18102048679961,1027365
2019-10-21,77.39024353027344,77.39024353027344,74.10115670413506,76.61634183302158,1284622
2019-10-28,78.88967895507812,79.06703257824128,76.4389872040735,77.2290153025938,1088492
2019-11-04,78.6639633178711,80.24401346329904,77.87393516994499,78.98642391193123,1192411
2019-11-11,79.88929748535156,80.48584552155205,78.55109446896412,78.59946140015174,1000436
2019-11-18,80.34075164794922,81.70313824727641,79.08315597493873,79.67970406252148,1108210
2019-11-25,79.88929748535156,81.70313120997045,79.4539766533922,80.4536050010427,1215144
2019-12-02,79.98604583740234,80.21176640704273,77.53535394480461,79.80869220399227,1277553
2019-12-09,81.34037017822266,82.22713213785991,79.19601260360052,79.80868707498168,1136921
2019-12-16,81.90467071533203,82.99296975223855,81.05821864237087,81.66282990181047,1085111
2019-12-23,82.58989715576172,82.87205400255839,81.7434450666434,81.98528588478125,278534
2019-12-30,82.75113677978516,83.35574809651457,82.1062155817707,82.54959967420868,538643
2020-01-06,84.3231201171875,84.4440436054185,81.4209871517639,82.67051961277744,1275517
2020-01-13,84.28282165527344,85.00835032915282,82.8317520066657,84.44404888270786,1314095
2020-01-20,84.524658203125,85.0889657713313,83.31543560751398,84.44404459350243,860446
2020-01-27,84.44404602050781,86.0160329611972,82.87205907981843,83.96035820417448,1312686
2020-02-03,86.45941162109375,87.1446364970969,84.52465432676073,84.80680502271215,1293242
2020-02-10,89.07939910888672,89.5227831935803,85.81449559540488,86.17726606936078,1167272
2020-02-17,88.71662902832031,90.08707877320171,88.19263136689254,89.2809304172894,953894
2020-02-24,77.72882843017578,87.30587550362404,77.519234271304,87.30587550362404,2697434
2020-03-02,73.42399597167969,80.17951718608371,73.06928871612574,77.71270510990158,2497441
2020-03-09,54.011940002441406,70.77982831411515,53.4153919394585,69.36100548148457,3934589
2020-03-16,48.659114837646484,52.20616880332924,35.99452501291447,51.22266683348199,3672690
2020-03-23,56.12405776977539,58.65536343178702,43.435279708185874,46.93396413328287,2317013
2020-03-30,50.11018753051758,55.73710334266347,49.2717924044411,55.640363314507674,1884749
2020-04-06,59.380889892578125,60.622352928320566,51.62574061941926,52.10942839509374,1266745
2020-04-13,59.461509704589844,60.86420624561498,55.43076756911865,59.3808960919653,1343557
2020-04-20,56.57548904418945,60.590110362728325,55.366266570589296,60.283770066478546,1074419
2020-04-27,60.21927261352539,62.07341607328631,57.26877317761259,57.54286063404478,991266
2020-05-04,62.589359283447266,62.589359283447266,58.01043627178459,59.91294692700934,1233639
2020-05-11,58.25227737426758,63.18590099115399,55.96281302392864,62.87956685396657,1020694
2020-05-18,61.34788131713867,63.94367969676562,59.05842321238889,59.05842321238889,1526115
2020-05-25,66.10417175292969,68.49037038547232,61.73484870585011,62.073429572873,2140570
2020-06-01,70.48961639404297,72.21477343713532,66.21702751510267,67.39400341316598,1708176
2020-06-08,65.1851577758789,71.84394504294642,63.056926568316605,70.05429467512721,1951862
2020-06-15,66.16865539550781,69.24814172322542,62.75058210002104,63.218149600407,1831327
2020-06-22,64.95944213867188,67.86157526432355,63.75021949044831,65.63660386947333,1507811
2020-06-29,66.29763793945312,67.57135379621245,64.07267294331831,64.73371433789583,1430071
2020-07-06,63.97593307495117,68.42586922785875,62.08954275168008,67.08766617497476,1558431
2020-07-13,64.44349670410156,66.18477382399105,63.331008120149406,64.45961696382369,1396186
2020-07-20,62.71834945678711,66.12029061852482,62.37976244649315,64.33064629474642,1070795
2020-07-27,59.654972076416016,63.28263929727915,59.654972076416016,62.60547770158784,1464820
2020-08-03,62.702213287353516,63.63734826006135,58.9294390275766,59.687220391638235,1390442
2020-08-10,63.86307907104492,66.73296548954934,62.895697272934044,63.28265122226327,1050665
2020-08-17,62.91181945800781,64.13716227276353,61.960564136522514,63.84694836787487,852263
2020-08-24,64.33064270019531,68.10341733622882,63.36326096121873,63.36326096121873,1384850
2020-08-31,63.12142562866211,65.23353061578058,60.99319422842507,64.8949497453848,1685284
2020-09-07,61.89606857299805,65.81394999818302,61.89606857299805,63.524491664347515,1326553
2020-09-14,60.46112823486328,63.331014486942436,59.8968268315075,62.60548586846329,1728910
2020-09-21,55.55974197387695,60.1547911903192,54.47950615325719,60.074171436187456,1930985
2020-09-28,56.62385559082031,57.655724443890385,54.30215067141264,56.349768117533856,1447351
2020-10-05,58.54249954223633,60.29990331586583,57.1559232978503,57.22041664652506,1349574
2020-10-12,56.41426467895508,59.49375115394378,55.68872992821452,59.49375115394378,1594790
2020-10-19,56.57548904418945,62.18628058364334,54.30215103983811,56.59160930431776,1700720
2020-10-26,50.23916244506836,56.26915451148125,49.01381664455307,55.511373131766454,2376576
2020-11-02,54.75359344482422,56.55937014378408,49.56199927376793,50.384270944609376,1963027
2020-11-09,65.6365966796875,67.68421421110244,55.49524903802662,55.75322241246356,3034259
2020-11-16,66.2009048461914,68.92568406039113,65.57210396560025,66.81357316508974,1687238
2020-11-23,67.86157989501953,70.0220580866213,66.73297078291266,66.81358440154354,1412614
2020-11-30,68.00667572021484,68.36138296455246,65.42700344436994,67.71646182037931,1718611
2020-12-07,64.91106414794922,68.2485240633701,63.46000076992934,68.10341711052571,1371116
2020-12-14,63.73408126831055,66.45886640037185,63.25039352872828,65.63659170770102,1602360
2020-12-21,63.298770904541016,64.10491932036791,60.332144488281074,62.07342801867084,804919
2020-12-28,63.71797561645508,64.84658470116761,63.10530105896689,63.91144952655803,454014
2021-01-04,65.78170776367188,66.29764224413799,62.508747250010394,64.49187156250657,1547267
2021-01-11,64.57247924804688,66.00742227460425,63.62122398375034,65.8461950706585,1381077
2021-01-18,61.670345306396484,65.95905404116425,60.412755919264306,64.36287769175354,1418188
2021-01-25,60.41276168823242,61.99281177819581,58.57474436216122,61.83157841161339,2084157
2021-02-01,66.82969665527344,67.36175134584239,60.78358428266891,61.00930482717838,1550774
2021-02-08,65.71721649169922,68.15178816431781,65.29802201948921,66.92643912168975,1142273
2021-02-15,66.42662048339844,67.11990850647418,65.57209911168685,65.94293273833762,1047903
2021-02-22,68.65159606933594,71.45698886802512,65.86231738094988,66.42662491317212,1910548
2021-03-01,69.39325714111328,71.10228784714916,68.95793625832368,69.2965171170186,1394063
2021-03-08,72.39212799072266,73.74645753397046,69.42550166505718,69.92530973133522,1870626
2021-03-15,70.5057373046875,73.97217783464647,69.94143589303097,72.45661492832762,1616865
2021-03-22,69.76408386230469,70.79595283893758,67.47461918877924,70.23165141434905,1237233
2021-03-29,70.69920349121094,71.19901765165592,68.6515922203851,69.78019492070692,1173824
2021-04-05,71.16677856445312,72.19864751493564,69.94143572336115,70.6992110242582,962094
2021-04-12,70.6669692993164,71.60209821337806,70.08654148693553,71.32801071887819,1237378
2021-04-19,70.63472747802734,72.1019173710226,69.65122541176443,70.74758776591742,1198802
2021-04-26,73.45625305175781,74.16566151294607,70.40900657541245,70.53799328676936,1230725
2021-05-03,76.0520248413086,76.27775152326916,73.24663230588244,73.7625667066602,1266540
2021-05-10,76.21326446533203,76.98716613026606,73.00479138010415,76.18101779382349,1603009
2021-05-17,75.21418762207031,76.5962535060253,73.11611912525893,76.5962535060253,1122625
2021-05-24,75.41400146484375,75.96349297259158,74.93111056119426,75.3140910307128,961701
2021-05-31,75.16423034667969,76.62955165557422,75.08097482558105,75.33074774086606,920249
2021-06-07,75.09762573242188,76.44638808346853,74.31501618728652,75.29744661168091,1159242
2021-06-14,73.86543273925781,77.07914567359538,73.63231471948032,75.18089168170472,1332061
2021-06-21,72.45005798339844,74.03193831009045,72.38345737696098,73.38253634540375,1227855
2021-06-28,72.53331756591797,73.2493264664108,70.06891734989175,72.46671060959562,1710694
2021-07-05,72.35015106201172,73.4324855100715,70.41859380727028,72.26689554323619,1409161
2021-07-12,71.08464813232422,72.98290836323311,68.50368879954773,72.35015495293014,1619388
2021-07-19,71.53423309326172,72.05042748266631,67.82098098777327,70.35198818900085,1730855
2021-07-26,71.55088806152344,73.34923144015536,70.85152771561893,71.11794919215659,995338
2021-08-02,72.84969329833984,73.09946621615839,70.9347845337021,72.16698785522354,1029734
2021-08-09,72.74978637695312,73.18272527516483,71.40103034111463,72.71648289616842,1134731
2021-08-16,71.06800079345703,72.61657769021335,69.53607246084256,72.23359719505707,1315918
2021-08-23,72.9496078491211,73.16607094798064,71.20121002978638,71.63414893148452,1286210
2021-08-30,75.91354370117188,76.99588454511758,72.71647956421741,73.21602540110877,1578245
2021-09-06,72.53331756591797,75.96349324066239,72.15033709504792,75.93018976250121,1247877
2021-09-13,70.91813659667969,73.54904795486408,70.73497063559302,72.76643841929724,1354010
2021-09-20,72.83303833007812,73.38252980817384,67.0217119408305,69.93569941651879,1524943
2021-09-27,73.04950714111328,74.88116036675027,71.06799778856772,73.14941757770809,1210679
2021-10-04,72.5832748413086,73.88207882330926,71.03469793108192,73.03286230092176,987019
2021-10-11,72.6498794555664,72.78308702152492,70.63506023453681,72.36680305592208,851052
2021-10-18,73.5490493774414,74.41492080442376,71.76735447930116,72.48336342176755,767148
2021-10-25,74.06523132324219,74.51481870110757,72.79973105190827,73.71555436889852,808673
2021-11-01,77.12908935546875,77.59532534446043,74.13184620111416,74.28170867643134,1166568
2021-11-08,75.56385803222656,78.34463153557772,74.19844729913378,77.6785810827455,906055
2021-11-15,70.86817932128906,76.17996004068891,70.10221205402424,75.24748174036016,1357166
2021-11-22,68.07075500488281,73.06616253127659,67.62116756526868,70.90148720690378,2034275
2021-11-29,69.73588562011719,71.56753236837893,67.32143755959856,68.57028934759212,1971937
2021-12-06,70.06892395019531,72.20029593736824,70.00231698759876,70.15217947744621,1514494
2021-12-13,71.00138854980469,71.40102393135591,69.26964581639753,70.16882066089612,1312617
2021-12-20,73.71556854248047,74.06524556405789,68.96992732054159,69.55272870849346,901855
2021-12-27,75.31409454345703,75.91354447222392,73.41584067035473,73.53239967294948,669789
2022-01-03,75.91354370117188,77.3455615493502,75.36404582138705,75.58051526057403,941056
2022-01-10,78.82752990722656,79.16055834134701,75.84693526743163,76.16331513824113,1032788
2022-01-17,78.74427795410156,79.32707297622333,77.79515100265222,78.91078900271083,1178079
2022-01-24,77.49542236328125,78.51115622686358,75.08097416086225,78.21143127197078,1407891
2022-01-31,78.19477081298828,80.45935637741023,76.71280105885619,78.12816386062562,1370817
2022-02-07,81.65826416015625,82.54078413398197,77.77849455448994,78.7775798824332,1326083
2022-02-14,80.575927734375,82.92376917358902,78.49450779351187,80.52597568843095,1438057
2022-02-21,77.7285385131836,81.74151547830088,73.26597412641553,80.97555454600206,1903736
2022-02-28,70.88483428955078,76.81272034135614,70.66836484541467,76.19661548896792,2563974
2022-03-07,74.14849853515625,75.24748795937768,65.12346513503324,68.35382644817155,2493153
2022-03-14,77.71188354492188,78.87747985743907,74.7312953361566,74.93110985053448,1444940
2022-03-21,76.8127212524414,78.66102312755034,75.81363589595554,77.44546832436079,1004579
2022-03-28,78.11151885986328,79.04399717948928,76.41307960910997,76.84601846721768,1144298
2022-04-04,73.68226623535156,78.87748865237181,72.13368928427992,78.82753660620484,1613482
2022-04-11,77.36221313476562,77.67859302408657,74.03194130268457,74.63139124877746,896610
2022-04-18,78.64436340332031,80.74243807727947,76.6461991644984,77.36220806967616,878214
2022-04-25,78.62771606445312,79.90987141806198,76.6295517945174,78.21143210621607,1150352
2022-05-02,77.66194152832031,79.3603809997257,72.18364259878572,77.9450179495494,942573
2022-05-09,78.87747955322266,78.87747955322266,75.48060741394445,77.06248131198583,1717325
2022-05-16,78.10282897949219,80.20301740661564,77.55196096038847,78.9807793996583,970799
2022-05-23,81.44246673583984,81.83840268012446,77.7241046429232,79.1701347105499,770327
2022-05-30,79.1701431274414,82.1310571488051,78.30941100917634,81.85562313363486,1059200
2022-06-06,79.42835235595703,82.54420473446353,79.15291836321191,79.60050270571297,981755
2022-06-13,76.278076171875,78.41268796546858,74.86647614379605,78.41268796546858,1350311
2022-06-20,76.57071685791016,77.25930507499685,74.16067123183454,76.26085281690753,1058585
2022-06-27,74.5910415649414,77.48309517109719,72.88678924028645,76.62236313309988,1260314
2022-07-04,75.84771728515625,76.12315130272162,72.11213644463172,75.05583873864892,1141684
2022-07-11,75.3656997680664,75.69278216535955,73.1277976453886,74.55661606819298,963457
2022-07-18,75.03861999511719,77.55195599212242,74.09181605836747,75.84771021934581,776206
2022-07-25,78.7225570678711,79.06685122119985,74.69433057771357,74.83205086579099,950720
2022-08-01,77.89625549316406,79.97922561096686,76.9494514911505,78.65369738140195,767727
2022-08-08,79.9620132446289,80.85717541487557,78.30940919195727,78.39548108841345,768380
2022-08-15,78.30940246582031,81.0809540680981,78.18889394089466,80.13415015467339,658274
2022-08-22,75.48619079589844,78.15446514414653,75.36568884600044,78.12003507748085,771909
2022-08-29,75.77885437011719,76.72565836047326,73.43766202292527,74.67711834011268,1203728
2022-09-05,76.76009368896484,77.00109764117471,73.57538734870852,74.2983992053381,1012013
2022-09-12,75.96822357177734,79.58329607848727,75.9510052508401,77.39703556689715,1005050
2022-09-19,70.39067077636719,77.0699537764739,70.08080669198469,75.77885561383513,892706
2022-09-26,71.02760314941406,71.11368160460052,68.68641757947198,69.71929337306807,1561479
2022-10-03,69.82259368896484,73.57538635159875,69.39222761817531,70.61446568316995,1071130
2022-10-10,71.37190246582031,72.40478490147987,68.99628665421905,69.30614416136584,1282409
2022-10-17,72.14656066894531,74.09181695416534,71.19975672074838,71.5612626082094,1160897
2022-10-24,78.5504150390625,78.72255883616124,72.71465232142528,72.71465232142528,1026475
2022-10-31,79.3594970703125,79.99644355307362,77.75853483740877,78.48155321688051,1013536
2022-11-07,79.9964370727539,80.37515470097459,78.12004098225968,79.10127497237586,853112
2022-11-14,80.22023010253906,80.58174257990464,79.06685222612302,79.99644448186616,716308
2022-11-21,81.68347930908203,81.70069106202094,80.08251704430165,80.2202307684077,644003
2022-11-28,82.30320739746094,82.4753511941272,80.66781506167172,81.47690535310599,917475
2022-12-05,82.71634674072266,83.16393107361023,81.66625261379133,82.35484086429639,946993
2022-12-12,79.01521301269531,82.49256507654724,78.27498284756489,82.47535332318226,1156442
2022-12-19,80.8399429321289,81.13259520904428,78.53318105018359,79.15290910307391,633980
2022-12-26,79.11849975585938,81.45969231681443,79.08406968092,80.83996410163628,335110
2023-01-02,81.8211898803711,82.0966238848348,79.10127990715011,79.46278580672161,584379
2023-01-09,81.78675842285156,83.23278856349518,81.30475056492521,81.90726695419771,852156
2023-01-16,83.93859100341797,84.30010347408538,81.8556209098524,82.18270330870078,699759
2023-01-23,84.7476806640625,85.90106507767223,83.42215245946132,84.17960090029896,792012
2023-01-30,85.41905212402344,86.1162495934196,84.0418820716125,84.76490045341875,770787
2023-02-06,86.00434875488281,87.57949005376463,84.47224668719589,85.17804673748532,801574
2023-02-13,88.87059020996094,89.60221118887335,86.15928275458916,86.46053767921606,1226874
2023-02-20,88.22504425048828,90.20473079700136,88.05290044942848,88.87059335476015,1042285
2023-02-27,89.5161361694336,91.19456109586463,88.35414917676098,88.61236486020789,1247922
2023-03-06,89.77436828613281,91.2376103537391,88.9997080169261,89.90347285861282,896408
2023-03-13,85.90106964111328,90.24776297977736,85.04033750670078,89.68828577903624,1558475
2023-03-20,82.32041931152344,89.73132337927616,81.37361529427577,85.72891771373402,1150774
2023-03-27,85.84941864013672,86.24535462191717,82.92292815864543,83.42215435748965,1069951
2023-04-03,86.93394470214844,87.02001660135183,85.55677461429929,86.07321257638459,649840
2023-04-10,87.75163269042969,89.17184193193738,86.93393984340096,86.93393984340096,623241
2023-04-17,89.68828582763672,90.85027946321529,87.5794947239294,87.75163852415916,928374
2023-04-24,92.87299346923828,92.87299346923828,89.51613701770154,89.7313200393787,781183
2023-05-01,90.41990661621094,92.87299170331376,89.30095229802005,92.87299170331376,697438
2023-05-08,91.45278930664062,92.44263257486197,89.64525313724708,90.50598527189783,904833
2023-05-15,91.67552185058594,92.83371190871294,90.91824242850882,92.52189176987757,751229
2023-05-22,90.3391342163086,92.521881748914,89.2700279740208,91.5418727913599,914452
2023-05-29,89.31458282470703,91.00732939478365,87.89802562159967,90.82914161009882,1488839
2023-06-05,87.98711395263672,89.84913037593441,87.84456372839273,89.76003988436631,814117
2023-06-12,89.98277282714844,90.25005110886897,88.20093574146233,88.37911673116332,1176832
2023-06-19,84.4056167602539,88.20093147226783,84.22743577917743,88.16529391661878,1323456
2023-06-26,85.15399932861328,85.7063644968631,83.49689022952519,84.42344636643665,952529
2023-07-03,82.6416015625,86.25872847986751,81.80413600146666,85.17180682759071,908846
2023-07-10,84.7798080444336,85.40344827793321,82.23178058098873,82.58814254460636,670615
2023-07-17,85.01144409179688,85.01144409179688,82.39214824828838,84.63725994231979,709535
2023-07-24,84.90453338623047,85.4390831117959,84.22743344202438,84.45907414873119,915568
2023-07-31,82.1783218383789,84.8510773807115,81.23395038851542,84.77980906543095,1265202
2023-08-07,83.24742889404297,83.4790628158661,81.82195382070941,81.96450404691032,883224
2023-08-14,80.34303283691406,83.71070377305082,79.25611114913048,83.28306668756906,718499
2023-08-21,81.92886352539062,82.71286934961614,79.95102339002793,80.25393921115804,827945
2023-08-28,81.69722747802734,83.76415822093662,81.18049989017682,82.40996502958325,1268673
2023-09-04,80.9844970703125,82.67724366462717,79.89757535826301,81.80414050009213,923343
2023-09-11,83.05142211914062,83.47905918480478,80.89540102039827,81.39431319606265,1227198
2023-09-18,81.28739929199219,83.0514208531814,80.34302788897442,82.85541770225275,875531
2023-09-25,80.21830749511719,81.41213509598636,79.34520432060147,80.82413238430772,1229224
2023-10-02,76.67244720458984,80.69940280273319,73.76805766469411,80.43212452246766,1361858
2023-10-09,76.4764404296875,79.41647418518923,75.81716264589191,76.12007846904255,999551
2023-10-16,75.49642944335938,77.59899758186849,74.92624216483168,76.77935421863097,795029
2023-10-23,74.2669677734375,75.83498625922886,73.21568365640915,75.51425505083587,863035
2023-10-30,78.8462905883789,79.29174985723981,74.60551644561583,74.60551644561583,942904
2023-11-06,76.76154327392578,79.13138301272684,75.78152746000201,78.84628935699509,778372
2023-11-13,80.84194946289062,81.34086848616714,76.49426927083081,77.13573173135113,1076091
2023-11-20,81.4121322631836,81.78632320905241,80.28957981708385,80.94885762153163,688771
2023-11-27,83.63943481445312,83.76416287332763,80.71722292567402,81.19831978011976,1324153
2023-12-04,85.77764129638672,86.24092277251127,83.01579500947459,83.47906968842969,692398
2023-12-11,86.16963958740234,87.34565175161784,85.08271791497296,85.79545544359942,1254386
2023-12-18,85.99144744873047,86.15181304468587,84.20961051463424,85.97363207014364,714015
2023-12-25,86.4369125366211,86.56164738385112,85.61726912274287,85.99145327292611,358563
2024-01-01,86.56165313720703,87.41693416468775,85.42127163673003,86.43691828168646,524098
2024-01-08,87.61292266845703,88.27220725724275,85.68854222890333,86.36564219706517,693652
2024-01-15,85.99144744873047,87.88019704585314,85.08271360309551,87.47037536667122,954453
2024-01-22,87.63075256347656,88.45039603034752,86.70419641942573,86.70419641942573,892808
2024-01-29,85.99144744873047,87.8623816672663,85.3143543077352,87.73765362565305,1281548
2024-02-05,85.27871704101562,87.47037566168567,84.81543563017372,86.11618257795932,866883
2024-02-12,86.11619567871094,87.27438578767273,85.13617977482927,85.61727663750676,796961
2024-02-19,87.84455871582031,87.8980184454457,85.49253452735574,85.86671864889138,765766
2024-02-26,89.09185028076172,91.40823702862778,85.68854187192338,87.80892546162475,1317604
2024-03-04,91.89824676513672,93.01189491595716,88.7354832979391,89.35913034069989,1015848
2024-03-11,91.58642578125,92.70007392159998,91.09641788062848,91.4082380004927,1100978
2024-03-18,92.47734069824219,94.03644803411797,91.58642222059888,91.63096406617991,906336
2024-03-25,93.68009185791016,94.08100250779476,91.98734516374392,92.61098546293542,695834
2024-04-01,88.93148803710938,94.21463523017773,88.12965999486555,93.36826533941253,750777
2024-04-08,87.7554702758789,90.11640560720176,86.93582690563787,88.93148239753694,1187164
2024-04-15,88.04056549072266,89.98276808362225,86.75764068156515,89.62639932583753,886910
2024-04-22,89.67095184326172,90.3391407440354,88.07620685108826,88.4682131813029,848556
2024-04-29,90.69551086425781,90.7846013595837,89.05621720215112,89.98277330731244,1034242
2024-05-06,93.54644775390625,94.43736630394345,90.38368418240653,90.87369210379464,820406
2024-05-13,92.96734619140625,95.9964705184764,92.61097742401525,93.63553508132604,1029491
2024-05-20,93.43102264404297,95.05389400510575,92.7169623582447,93.29191796949176,770683
2024-05-27,93.98743438720703,95.10026470988116,93.01371581441953,93.57012743817776,929463
2024-06-03,92.36456298828125,97.0940724011302,92.36456298828125,95.70303980469477,1085542
2024-06-10,78.7880859375,88.61804826937407,78.71389583382513,86.83752823212336,2529477
2024-06-17,83.0353775024414,83.74016936796858,78.41714593578641,78.60262120311356,1964749
2024-06-24,79.52997589111328,83.96273216685537,79.45578578457716,82.9797380183048,1783857
2024-07-01,84.79735565185547,85.94727403608762,81.14357416265229,83.25794273452237,1252107
2024-07-08,85.9101791381836,87.20847774218193,83.0539236244189,84.48205138130125,1421107
2024-07-15,84.90863037109375,86.02146073198331,84.07401644437397,85.31666887760238,857973
2024-07-22,86.8004379272461,87.31976160621338,83.59179005698856,85.13120295422021,961819
2024-07-29,83.68452453613281,86.81898938812651,82.42332099955988,86.78189433409105,1131020
2024-08-05,83.99982452392578,84.55623615477117,80.69843564061537,81.05083509777172,1143801
2024-08-12,85.37230682373047,85.37230682373047,83.33212846768542,84.11110334266915,823983
2024-08-19,86.63350677490234,86.80043096633435,84.61187248985141,85.31666430647071,560572
2024-08-26,87.91326141357422,88.85916044982116,86.05855131687566,86.59641186779852,929927
2024-09-02,88.84062194824219,91.06626854159838,86.6520633329717,88.0987350336848,1250360
2024-09-09,85.35376739501953,90.04618210970384,83.85144953066009,88.89626372441782,1279160
2024-09-16,85.87307739257812,88.54386450130445,84.81589318709317,85.26102673026676,1222776
2024-09-23,85.07555389404297,86.24402328736763,84.42640816172808,85.83598478410806,1553176
2024-09-30,80.47587585449219,84.38931557701187,77.4897912482034,84.38931557701187,1939697
2024-10-07,82.10802459716797,82.64589227412988,79.60416148466845,80.55006768555434,1670287
2024-10-14,83.3321304321289,83.96273218752516,81.6814394746629,81.94109777244525,1161652
2024-10-21,79.17757415771484,83.10956478975574,78.89937187889956,83.01682362165953,1268595
2024-10-28,79.90091705322266,81.36613270184894,78.38004821355614,79.6227076992837,1190511
2024-11-04,77.63816833496094,80.43877756007673,77.06320563900519,79.77108077126562,1273658
2024-11-11,80.5315170288086,80.79118241135846,76.63662826761768,78.06475603342987,1613392
2024-11-18,78.52842712402344,81.14356812221303,77.24867968240986,80.82827079644238,1113598
2024-11-25,79.19612121582031,80.62424881534523,75.69072032387615,78.99210197657997,1479179
2024-12-02,81.05083465576172,81.38468304747987,76.41405929874054,77.43414846225366,1295054
2024-12-09,80.79118347167969,81.8112727248882,80.45733505060659,81.36613913840463,1001276
2024-12-16,76.0987548828125,80.51296700301177,75.2641409788127,80.51296700301177,1730138
2024-12-23,77.32286071777344,77.60107005994304,75.67216987796608,76.08020835977284,303317
2024-12-30,77.32286071777344,78.806634442468,76.39550567741807,77.34141178066874,524002
2025-01-06,76.89628601074219,78.84373037704724,76.3398743453919,77.63817294798135,1273654
2025-01-13,79.78963470458984,80.21621720719295,76.19149941622582,76.52534074748033,997158
2025-01-20,78.52842712402344,80.71698564167517,78.0647495918965,79.93800370861995,887171
2025-01-27,80.0492935180664,80.92100959320373,78.08329812047343,78.3058684429498,842399
2025-02-03,83.61033630371094,84.55623535973858,78.17603504072913,78.73244666634291,1144288
2025-02-10,83.8514404296875,84.29657395882963,81.7741671357249,83.70306730341173,1020507
2025-02-17,83.59178924560547,84.7602586679925,82.97973855065095,83.68452334179155,729442
2025-02-24,89.56395721435547,90.4171222079205,83.48050295007927,83.86999746901803,1871850
2025-03-03,98.90242004394531,102.19452631111176,88.63659965914032,89.34138442117279,2168100
2025-03-10,99.9225082397461,101.45264551181319,94.03380499285292,99.08788726633153,1982606
2025-03-17,101.49901580810547,103.77104011408214,99.69067614073218,99.69067614073218,1489721
2025-03-24,102.05542755126953,104.1419764437976,102.05542755126953,102.47273449971209,867400
2025-03-31,96.63040161132812,103.12188751430067,95.65668297097713,101.31354784282158,1426082
2025-04-07,96.76950073242188,101.17443734191305,88.91480210936712,90.54694902361223,1567484
2025-04-14,105.30117797851562,105.53301676131714,98.25327332122275,99.13426494096345,1013028
2025-04-21,107.10951232910156,107.29498051605852,103.2146238017428,105.30117274321881,900429
2025-04-28,113.50826263427734,114.34288361709746,107.38772055219269,107.57318873719372,1046713
2025-05-05,114.43562316894531,115.59481706839745,111.79266249322609,113.50826804938362,769129
2025-05-12,116.6612777709961,116.6612777709961,111.93176096461555,114.66746283352404,1103446
2025-05-19,119.58575439453125,123.14829746660794,116.40835945267575,121.2707388980143,1056584
2025-05-26,116.6009292602539,120.69303459138634,116.16765045769034,120.40418450499384,1100847
2025-06-02,115.54179382324219,118.7191960917611,115.54179382324219,116.69720882309484,915120
2025-06-09,113.80867004394531,115.92694078451956,113.37539123239252,115.49365462701695,775529
2025-06-16,108.9462890625,114.6270956293526,108.2241528212717,113.80866867920075,1327763
2025-06-23,114.62709045410156,114.8196571713551,108.32043129373123,108.32043129373123,1049505
2025-06-30,112.41253662109375,115.49364817682533,111.73854576388665,115.25293610697288,701913
2025-07-07,112.89396667480469,115.01223006209275,111.64226090762098,112.55697122854747,1203207
2025-07-14,112.94210815429688,113.80866574466705,110.14984662435539,112.2199719316887,969615
2025-07-21,112.55696868896484,114.33823658980558,110.72755543433804,113.18282155843582,847474
2025-07-28,111.40154266357422,114.38637819777587,110.67940645612853,113.95309206573883,940446
2025-08-04,116.55278778076172,116.79349985189427,112.1236797951632,112.60510393742831,660649
2025-08-11,121.27074432373047,122.13730929062505,115.78251177664767,116.98607219012632,637592
2025-08-18,121.22260284423828,122.1373057939148,120.50046661682536,122.04102243278301,632657
2025-08-25,103.50619506835938,120.98189365839326,100.85836217126182,120.98189365839326,1965291
2025-09-01,103.84318542480469,104.90231706255402,100.18436637203885,103.31362327890471,1208286
2025-09-08,107.694580078125,108.75371173099184,104.37275640641775,104.46903976650574,912105
2025-09-15,107.40573120117188,109.42771116947065,105.52817260164835,107.8871553529549,1296255
2025-09-22,104.61347198486328,107.50201695998541,102.73591334346405,107.02059279746506,1158358
2025-09-29,104.85417938232422,106.0577397348625,102.44705867724767,104.37275524130891,993551
2025-10-06,104.85417938232422,107.11687137590629,99.22151840163498,101.00278625420175,1317888
2025-10-13,108.41671752929688,110.63127156622484,104.22832887731967,105.23932253460191,934090
2025-10-20,106.34659576416016,108.89814532354234,103.89133691512998,108.80186195914015,835894
2025-10-27,102.73590850830078,106.491018268419,102.15820100965553,106.29845155085371,889354
2025-11-03,103.65061950683594,104.95046322436988,102.06191836498355,102.68777122037382,773516
2025-11-10,108.07971954345703,108.89813911312629,104.08389770807253,104.95046263017208,816556
2025-11-17,108.27228546142578,109.71655787227246,105.67259806028152,107.88715202862616,958932
2025-11-24,114.57894897460938,115.15665649184605,108.70557574846218,108.85000446425876,1487229
2025-12-01,115.20480346679688,118.38219852928222,113.6642476171722,114.0975264247089,1059711
2025-12-08,116.31208038330078,119.10433464387768,114.62709581766659,115.2529413509995,960016
2025-12-15,116.98606872558594,118.382195825495,116.31207785237804,116.93792337209271,2445382
2025-12-22,116.88978576660156,117.61192199578656,115.54179666959965,116.98606912796964,374243
2025-12-29,118.9117660522461,118.9117660522461,116.26393320492886,117.27492686682983,508565
2026-01-05,120.93374633789062,123.96671998536323,117.61192260481803,119.5376192259499,1015407
2026-01-12,115.25293731689453,121.55959655161557,114.33823438023246,121.22260111947425,1135539
2026-01-19,116.79350280761719,117.75635111651444,111.78668719378167,114.1938079660248,908129
2026-01-26,120.30789184570312,121.46331421038289,116.2639319341978,117.51563765944682,1006272
2026-02-02,129.31053161621094,129.50309834079135,119.58575775995683,120.06718191735754,1086425
2026-02-09,130.36965942382812,133.06563771554372,127.57740511320468,129.0216776239202,1073006
2026-02-16,136.2911834716797,137.44659852439807,130.4659481615127,130.4659481615127,1030191
2026-02-23,140.76841735839844,142.02012307643494,133.3544884480423,137.2058816162168,1620379
2026-03-02,130.12893676757812,140.1907128617061,126.71083719007662,136.91701995488555,1474067
2026-03-09,129.1179656982422,131.81392924300863,125.02586033477239,126.80712091314311,1132321
2026-03-16,123.53343963623047,132.2472196760565,123.53343963623047,128.82910527799336,1842842
2026-03-23,124.54443359375,129.5993871732954,121.22260254819328,122.18545084905907,1504220
2026-03-30,130.65850830078125,131.28436849621127,123.43714622050338,124.3518491456255,819699
2026-04-06,136.2430419921875,139.0352963400024,129.21424607470524,130.6585186046578,1208894
2026-04-13,137.39845275878906,137.63916483954793,132.34349906285257,135.13576801479525,1389468
2026-04-20,130.22523498535156,136.86888250155982,129.88823219735428,135.95417953800933,1197994
2026-04-27,131.91021728515625,132.24722006738892,127.96253337285542,130.65851155501946,931071
2026-05-04,133.83590698242188,138.79456960177384,128.6846629592168,132.43977995587701,962666
2026-05-11,125.74799346923828,133.5470558600642,125.45913604174864,133.25819843257457,1278946
2026-05-18,121.0,132.10000610351562,121.0,129.64999389648438,1613321
2026-05-25,124.75,127.0,121.4000015258789,122.69999694824219,1687589
2026-06-01,124.94999694824219,125.05000305175781,121.25,124.44999694824219,969036
2026-06-08,126.5,127.8499984741211,122.3499984741211,123.55000305175781,1072648
2026-06-15,130.85000610351562,131.5,128.39999389648438,128.64999389648438,1323315
2026-06-22,130.1999969482422,131.85000610351562,127.5,130.5,848879
2026-06-29,129.60000610351562,130.39999389648438,125.4000015258789,129.35000610351562,1063242
2026-07-06,121.30000305175781,129.60000610351562,118.69999694824219,129.60000610351562,1184635
2026-07-13,121.3499984741211,122.8499984741211,118.30000305175781,120.5999984741211,744859
2026-07-20,122.0,123.69999694824219,120.5,120.94999694824219,834422
2026-07-27,123.25,124.5999984741211,119.0,123.0999984741211,902498
2026-08-03,123.55000305175781,126.30000305175781,123.19999694824219,124.30000305175781,828557
2026-08-10,120.80000305175781,124.05000305175781,120.19999694824219,123.80000305175781,729528
2026-08-17,118.0,120.94999694824219,117.4000015258789,120.80000305175781,983101
2026-08-24,109.69999694824219,119.3499984741211,108.3499984741211,118.30000305175781,1734868
2026-08-31,108.9000015258789,110.4000015258789,107.19999694824219,110.0,1738798
2026-09-07,107.4000015258789,110.1500015258789,106.25,109.0,1641379
2026-09-14,106.30000305175781,108.75,105.5,107.1500015258789,1950795
2026-09-21,106.05000305175781,108.80000305175781,104.9000015258789,106.5999984741211,940436
