Price,Close,High,Low,Open,Volume
Ticker,HO.PA,HO.PA,HO.PA,HO.PA,HO.PA
Date,,,,,
2000-01-03,19.407869338989258,19.90621776693101,17.719025174499276,18.466545704139502,2152320
2000-01-10,20.709104537963867,21.70579894565657,18.57728377278635,19.65703692789998,2617628
2000-01-17,20.542987823486328,22.370263437985784,20.376872434605954,21.705799770192506,2460627
2000-01-24,21.539684295654297,21.73348522986541,19.391252552832782,20.321501261589653,1382657
2000-01-31,27.685970306396484,28.793409118652345,20.68141897396941,21.345882683777308,3517098
2000-02-07,25.465553283691406,29.125636333516063,24.086791202689646,28.128941947583236,2218213
2000-02-14,21.877450942993164,25.742413927312434,21.67811374807688,25.465554247833914,1627868
2000-02-21,23.27836036682129,24.474393995397325,20.487614529386686,21.428937781569573,1761552
2000-02-28,23.455551147460938,24.16984958982283,21.262823108475764,23.27836113091294,1417519
2000-03-06,26.22968864440918,27.741342425427945,23.26175218011822,23.4777045307826,2019341
2000-03-13,26.800018310546875,27.409108771675402,24.446710991766665,26.085719817430718,1930916
2000-03-20,25.471092224121094,26.79448124301954,24.790017620296567,26.744646412872775,1058149
2000-03-27,23.53306770324707,25.747944663552676,23.533067703247067,25.747944663552676,795698
2000-04-03,23.8099308013916,25.44340322068557,21.124392939631644,24.75125406948233,1231859
2000-04-10,21.871917724609375,24.086795468873614,21.478777431947755,23.034727695439294,492756
2000-04-17,21.511999130249023,23.167621164557893,20.487619023959834,20.93059414796943,958296
2000-04-24,21.650419235229492,22.53637119640851,20.709098312866427,21.51198943932068,1005691
2000-05-01,21.811012268066406,22.27060049858587,21.262831108213142,21.65043309507003,849328
2000-05-08,21.7058048248291,22.121094449874537,20.93059667983539,21.595060502362536,632597
2000-05-15,21.091175079345703,22.97382215640229,21.01919095550384,21.87191946171607,1022972
2000-05-22,21.23513412475586,21.927283243714935,20.41009355782867,20.847532307955962,1170509
2000-05-29,23.78224754333496,24.031421684168738,21.102245687829836,21.37356699830412,2634728
2000-06-05,24.3636474609375,24.91736672141335,22.935050755019553,23.422324295674283,880006
2000-06-12,24.2252254486084,24.862003648166343,23.17315766993145,24.363655308314733,652787
2000-06-19,23.959436416625977,25.050264206983513,22.840923081351438,23.809931939348164,672516
2000-06-26,22.846454620361328,24.14215770985557,21.92728077822584,24.0591010922822,2550855
2000-07-03,24.502077102661133,24.52976264303473,22.46992844498603,22.78554825224199,879686
2000-07-10,24.6086483001709,24.704094911543937,23.805765044202733,23.918054671279872,497637
2000-07-17,26.332317352294922,26.332317352294922,24.59180047796256,24.676019830931928,778060
2000-07-24,26.05720329284668,26.949919460652275,25.27677888448457,25.978599703772392,1229015
2000-07-31,25.383460998535156,26.74780117154884,24.0022778071692,25.82701237730487,839334
2000-08-07,27.09027671813965,27.23064084621291,24.507577618306268,25.417136568520757,734271
2000-08-14,27.6910400390625,28.067217084279413,26.19195190731121,27.230645786793694,886152
2000-08-21,27.511367797851562,28.578135977340008,26.961140698908913,27.342931280507734,1248490
2000-08-28,27.455238342285156,27.63490434671683,25.66418978178706,27.51138316549966,3212391
2000-09-04,28.634288787841797,29.420328944615047,27.090283019869936,27.70788447034383,1255139
2000-09-11,28.241270065307617,30.262515361854987,27.354169640667376,28.634290162562987,1293841
2000-09-18,25.265546798706055,28.578141569028954,24.76585077137311,27.623664928276003,1157150
2000-09-25,26.80394744873047,27.05660128468986,25.040971371666565,25.26555493895006,657618
2000-10-02,26.613052368164062,27.988619772941743,25.68664781959476,26.573750564701136,809781
2000-10-09,26.152658462524414,27.79211127106232,22.458271734191776,27.371018676046226,1290372
2000-10-16,27.511367797851562,28.072824283522003,25.720322379606007,26.85446473767468,3673481
2000-10-23,29.195749282836914,29.75720599981455,27.006067229909185,27.2306507734152,911858
2000-10-30,29.476482391357422,30.48710421641784,28.353568776448565,28.353568776448565,625450
2000-11-06,31.104700088500977,32.42412239414526,28.690434716286372,29.476474903768413,1404493
2000-11-13,27.921245574951172,30.767831294781818,27.09028979272762,30.767831294781818,1116964
2000-11-20,28.21320152282715,29.39225983423029,27.06782924548337,27.65174477610422,862688
2000-11-27,30.767833709716797,30.7678337097168,27.118364332025497,28.522006400368305,2416446
2000-12-04,28.100906372070312,30.880117363107434,28.100906372070312,29.30803908934305,1005953
2000-12-11,29.58875846862793,30.206359772146637,28.100897862260208,29.44839434130217,1042631
2000-12-18,29.08346176147461,30.599395547217224,28.662369162200974,29.58877373731805,1082688
2000-12-25,28.662363052368164,30.23444132618567,28.100906373019964,29.083455561879312,348160
2001-01-01,28.634288787841797,30.880115359437234,27.93808160826088,28.662361191629316,1276865
2001-01-08,25.87192726135254,28.493929174038602,25.08027121242092,28.072836624668575,2019101
2001-01-15,26.820783615112305,28.04475924638103,26.248097592444523,26.66919006718962,738489
2001-01-22,24.87253189086914,27.505765238524415,24.87253189086914,27.101515720876083,785742
2001-01-29,24.142635345458984,26.10773357125216,24.00227118647376,25.25431922760753,1656242
2001-02-05,25.70909881591797,26.051587692435564,24.311070907563053,24.311070907563053,1778104
2001-02-12,24.86691665649414,26.214411391785678,24.788313064658873,26.079662989150147,967148
2001-02-19,24.50197410583496,26.15265844813389,23.850684311573282,25.153263900096643,976971
2001-02-26,24.50758171081543,26.27616873480205,24.103332269087296,24.76023547010853,2770423
2001-03-05,25.6024227142334,26.9499195483666,24.42336459070723,24.816384679145013,1151655
2001-03-12,24.984832763671875,26.214422638750413,23.97421074316188,25.546289679709442,995507
2001-03-19,25.153257369995117,26.00667173088225,24.428977780969,25.26554912780948,1491073
2001-03-26,26.7534122467041,26.949921232308093,24.760239275468138,25.209406342769785,1182603
2001-04-02,25.37784194946289,27.23064853481447,24.428978805031715,27.23064853481447,1134060
2001-04-09,26.186342239379883,27.006068572902684,24.647951957759005,24.647951957759005,1006108
2001-04-16,25.71471405029297,27.511375752267888,25.293621564288866,26.186337720289046,1026243
2001-04-23,26.94991683959961,26.94991683959961,25.265547037124634,25.714711889427235,1478529
2001-04-30,25.37784194946289,26.826399046451495,24.591801753598713,26.579358882333693,963758
2001-05-07,25.827009201049805,26.00106155583948,24.816387530235776,25.686645020609316,901128
2001-05-14,26.500755310058594,26.961149609118053,24.98482186940045,26.001059215356545,2426426
2001-05-21,26.613052368164062,28.746587714985985,25.99544862185531,26.50076058321814,1210885
2001-05-28,26.94991683959961,27.651737590630848,26.10773193836212,26.92184443791575,2469115
2001-06-04,26.674802780151367,27.764029981703793,26.276169098368808,26.949917463308932,1368156
2001-06-11,25.713397979736328,27.300575030485515,25.457401331211166,26.964935462442927,1934272
2001-06-18,24.78043556213379,26.509830646872782,24.365153054179913,26.02628308599541,1867470
2001-06-25,24.33101463317871,25.525662588676184,23.813333563115613,25.178645202240368,1788359
2001-07-02,24.211559295654297,25.42896344140822,23.8929853760681,24.33102370170889,1043849
2001-07-09,23.318418502807617,24.74630796136314,22.92588947041379,24.211560938379254,2067029
2001-07-16,24.547195434570312,26.09454898139942,22.86899745776198,23.60285385323008,3272824
2001-07-23,25.713397979736328,25.884061688717498,24.035200139523393,24.035200139523393,1239315
2001-07-30,25.11039161682129,26.441572428497587,24.660975381188283,25.94095684741136,1440401
2001-08-06,24.348085403442383,25.258295521860326,22.874684795165415,25.15020683604988,1430758
2001-08-13,23.966930389404297,25.74183652089477,23.966930389404297,24.68940871349742,1246763
2001-08-20,24.541501998901367,25.03073952779813,23.89297864017094,23.983999424376847,705879
2001-08-27,23.170503616333008,25.34362705699327,23.124994302605003,24.404975489019883,972340
2001-09-03,23.779197692871094,24.120527197713216,22.75521351855727,23.585778291159105,1304295
2001-09-10,24.17742156982422,25.940950275109806,21.048578778435203,23.779204780535142,3332836
2001-09-17,22.817798614501953,25.400516765182367,21.90190060559626,24.17742274643743,2249468
2001-09-24,22.75522232055664,23.88729558585146,21.56057401677026,23.181882739067078,1964604
2001-10-01,23.255826950073242,23.847460804612112,22.203397107561432,22.812098846536472,1296141
2001-10-08,24.274141311645508,25.77029833805172,22.595944783325294,23.324111471412923,2410322
2001-10-15,24.587013244628906,25.144515813905855,23.892978415274886,23.892978415274886,1176400
2001-10-22,25.08193588256836,25.61099480623495,23.437871941970503,24.57563269478357,2185691
2001-10-29,24.131908416748047,24.979541269120126,23.466319310678237,24.860076891636844,881248
2001-11-05,24.888526916503906,25.02505921900738,23.574411914073863,23.574411914073863,1039331
2001-11-12,22.413894653320312,25.03074432873627,22.413894653320312,24.888524190504814,1673173
2001-11-19,22.357009887695312,23.278595965082534,21.424045936499905,22.613006623110522,4467658
2001-11-26,22.75522232055664,23.21032633294635,21.63452692683495,22.470782041549683,3989345
2001-12-03,22.75522232055664,23.466323018074036,22.07256521691852,22.89744246006012,2126876
2001-12-10,21.29888343811035,22.925881885416565,21.29888343811035,22.925881885416565,6270849
2001-12-17,21.60039520263672,22.243228662394774,21.333020649396683,21.61746092472197,1910927
2001-12-24,22.04412269592285,22.04412269592285,21.42404277070422,21.6003965335102,498505
2001-12-31,21.617460250854492,22.17496291270053,21.480927968107274,22.04412065054241,1012680
2002-01-07,22.009984970092773,22.271671639937722,21.56625889052751,21.901898460228796,2393507
2002-01-14,21.87914276123047,22.04980647137491,21.276130840712987,22.04980647137491,1656876
2002-01-21,20.889293670654297,22.049808297829653,20.67880631293757,21.67434723636854,2231714
2002-01-28,21.805194854736328,21.987236476593104,20.70725510222731,21.042894749420853,2756301
2002-02-04,22.118070602416992,22.47077584346947,21.05995270915303,21.90189544236898,2495721
2002-02-11,22.18634033203125,22.271673278274157,21.44679608831827,22.21478392407656,2440179
2002-02-18,21.2761287689209,22.220470187877538,20.849468450053017,22.220470187877538,1921726
2002-02-25,21.543498992919922,21.65158765203107,21.048573678910465,21.61745404861075,2550016
2002-03-04,23.033977508544922,23.301349927172673,21.623151645944283,21.623151645944283,2089180
2002-03-11,22.68126678466797,23.7621406912201,22.311495731452705,23.039662136645767,3087720
2002-03-18,22.652820587158203,23.67680501926894,22.413891826711986,22.75521924737996,1444075
2002-03-25,23.130678176879883,23.437874129638313,22.641440660288293,22.868993700133046,1781927
2002-04-01,23.3241024017334,23.693875624925656,22.56749023339163,23.13068292915864,1792806
2002-04-08,24.37084197998047,25.150207698065994,22.863307708181438,23.324101718492617,2969075
2002-04-15,23.949871063232422,24.860081274798862,22.777978481116982,24.860081274798862,2437056
2002-04-22,23.25014305114746,24.14897519093588,23.039657895289494,24.06364225661436,2034344
2002-04-29,23.892974853515625,24.23430219766617,23.20463014641843,23.2103179951082,3953215
2002-05-06,23.54596519470215,24.376530261970252,23.43787867338053,23.89298267119134,2072108
2002-05-13,25.54273796081543,26.05472916172433,23.466323052936954,23.466323052936954,2777129
2002-05-20,26.196945190429688,26.253834539452384,25.144517189737666,25.457401013988797,2615873
2002-05-27,25.864347457885742,26.70241055390508,25.430866774234026,26.38452516018651,3785225
2002-06-03,25.309490203857422,26.164891736919774,24.40784967748527,26.008838441694024,1878621
2002-06-10,23.407962799072266,25.430873164424188,22.92246422319591,25.367295628745556,2922803
2002-06-17,23.616029739379883,24.7199605402832,23.22300704750674,23.691167014095996,2365831
2002-06-24,24.85289192199707,24.951146482921146,22.928236675316732,23.540890153632315,3077085
2002-07-01,24.737300872802734,25.71985767435551,23.303924799571607,24.454094685906316,2312999
2002-07-08,23.147865295410156,24.563902466809036,23.061170491934615,24.39051065506145,2323719
2002-07-15,22.535219192504883,23.696946579075718,21.685596255963954,22.97447869556731,2324554
2002-07-22,21.88210678100586,22.367605268556435,20.05570812875312,22.33870699526828,3257925
2002-07-29,22.02082633972168,23.061182145527056,21.645144258556513,22.263576762675473,1894807
2002-08-05,22.783750534057617,22.829989545871012,21.240559893943285,22.020824477516104,1643150
2002-08-12,22.77219009399414,22.97448023299473,21.951465376912136,22.78374764068233,1137431
2002-08-19,23.30970573425293,23.58135216947384,22.361825983176544,22.361825983176544,1187429
2002-08-26,22.136415481567383,23.552452972401213,21.963023630705425,23.552452972401213,3136323
2002-09-02,21.73183250427246,22.535218622440354,21.159639189694676,21.96302310306562,1282692
2002-09-09,20.656803131103516,22.240451530472015,20.46607054753155,21.57000140862608,3055403
2002-09-16,19.680025100708008,21.56422261339247,19.448836696224507,20.882212741291596,3434931
2002-09-23,17.246753692626953,19.62222848621982,16.21217913693616,19.50663318195991,19803063
2002-09-30,15.8191556930542,17.10803800479709,15.056228757738905,16.89418704743783,4320737
2002-10-07,15.553282737731934,16.056120683156983,14.160365263289952,15.605300494237907,3253326
2002-10-14,16.680335998535156,17.4548215255811,15.298976891545161,15.894290722751615,3678314
2002-10-21,15.900077819824219,17.397031786995374,15.836500275285278,16.755479771808073,1996992
2002-10-28,15.443472862243652,16.992444158927075,15.3336585392329,16.35667220996617,2171131
2002-11-04,15.7440185546875,16.940425084692848,15.027330611650441,15.524388823110984,3512813
2002-11-11,14.356881141662598,15.605305492902957,13.322306655759627,15.605305492902957,3899096
2002-11-18,16.050344467163086,16.5878606719374,14.449355601897265,14.449355601897265,4647762
2002-11-25,16.426027297973633,16.460705442336323,15.316316756782513,16.293093492584706,4556412
2002-12-02,15.8191556930542,16.992442713943696,15.616864485259955,16.241076630591817,2379957
2002-12-09,14.622748374938965,16.31043326260894,14.495594434272846,16.31043326260894,2414427
2002-12-16,14.524491310119629,15.218060798202307,13.998534870909618,14.67476473595082,2487102
2002-12-23,14.45513916015625,14.796144127454193,14.218169756088002,14.449359284154752,849543
2002-12-30,15.44925308227539,15.530170235518767,14.316423960853236,14.697886918262615,1741872
2003-01-06,15.327880859375,16.050348836128364,14.744126601870448,15.316321107171273,2207092
2003-01-13,15.657320022583008,16.293091816625967,15.1371435010563,15.535944876201118,2639413
2003-01-20,15.547510147094727,16.2410798237824,15.027333440778277,15.715123241547047,3667710
2003-01-27,15.050450325012207,15.749798653502738,14.50715420957762,15.553287316056153,3824722
2003-02-03,14.507155418395996,15.570628238227954,14.449357766848896,15.449253059739197,1787944
2003-02-10,13.547717094421387,14.674766250909473,13.351205755924267,14.611189831324,2783865
2003-02-17,13.143135070800781,14.443577208309549,12.859927804253354,13.697990956051722,2484137
2003-02-24,12.287735939025879,13.40900658942243,11.47857199537423,13.270291762603348,4380459
2003-03-03,11.686638832092285,12.438006011713433,11.651960686078505,12.357088867816765,2073506
2003-03-10,12.154801368713379,12.172139894236535,10.472896044252717,11.6635229349159,3150548
2003-03-17,13.420559883117676,13.66908895357512,11.623060957005976,11.78489301970515,2967217
2003-03-24,12.310853004455566,13.328087975425573,12.19525879786264,13.328087975425573,3271653
2003-03-31,12.744332313537598,13.004421178058138,11.70975893528594,12.131679891153977,2780972
2003-04-07,12.438005447387695,13.489918348732495,12.357088307162325,13.044877935887131,3923279
2003-04-14,12.93506145477295,13.530375247437167,12.374426906076295,12.432224543623986,2201231
2003-04-21,13.039093971252441,13.697985123326038,12.715428819074706,12.935058468167243,1391387
2003-04-28,13.917621612548828,14.027437042265372,13.050660130614977,13.062219881616409,1846266
2003-05-05,13.836706161499023,14.304865073411808,13.69799245065074,13.917622217227544,2803099
2003-05-12,13.530379295349121,14.15459154233495,13.351207557506509,14.044776108380445,1651783
2003-05-19,13.565053939819336,13.78468475093909,12.78478965963649,13.686429093837788,2501320
2003-05-26,13.917621612548828,13.986979016158891,13.16047556033152,13.61707470090278,2437787
2003-06-02,14.602192878723145,15.41772439470541,13.530690100213455,13.989055158763636,4711189
2003-06-09,15.816559791564941,16.465413866997228,14.620049096558736,14.620049096558736,5428008
2003-06-16,16.102296829223633,16.251116582304828,15.417726192131049,15.81656317580484,3883071
2003-06-23,15.632022857666016,16.084434923399577,14.971262965746636,15.929662284958809,3949731
2003-06-30,15.31057071685791,15.798700299018728,14.643859079718657,14.971261973888298,3239814
2003-07-07,15.852279663085938,16.46541745701913,15.310575850500198,15.310575850500198,2437908
2003-07-14,16.13801383972168,16.679717631719154,15.57845126921494,15.57845126921494,2038869
2003-07-21,16.1261043548584,16.3046875581056,15.655833512020822,16.3046875581056,1677428
2003-07-28,16.71543312072754,16.983309106398057,15.905853373282874,16.28683267905922,3015835
2003-08-04,16.007047653198242,16.876155350493196,15.792748042753633,16.626138192137585,1280660
2003-08-11,16.477317810058594,16.667806849531416,15.810605036499473,16.114197368935873,1515956
2003-08-18,16.251113891601562,16.584470900800714,15.810607631664567,16.584470900800714,1928127
2003-08-25,15.542734146118164,16.364218618591053,15.447489602509846,16.364218618591053,1743189
2003-09-01,15.899900436401367,16.513038172396612,15.58440331505802,15.596309166724998,2605063
2003-09-08,15.286766052246094,16.346362025339236,14.911739618192597,15.751082980534667,3322139
2003-09-15,15.399866104125977,15.834419441652882,14.858161244318543,14.941501064891304,4532613
2003-09-22,14.28669261932373,15.53677845059542,14.209306867213627,15.477250337600708,2672098
2003-09-29,14.35217571258545,14.554570644510592,13.280672931439781,14.286694665373055,5438856
2003-10-06,14.262880325317383,14.810536898308117,13.995005531115867,14.5426621041066,3189206
2003-10-13,14.703387260437012,14.941498560583295,14.173588340281764,14.274785784769463,2594271
2003-10-20,14.262880325317383,14.804585109120673,13.989052606524153,14.655765400540629,2075126
2003-10-27,14.762917518615723,15.012934723248296,14.239072541740304,14.256931319001378,2494442
2003-11-03,15.304620742797852,15.393913490606783,14.733153515085638,14.84625682968035,3006690
2003-11-10,15.048651695251465,15.334385307941218,14.649814768428683,15.239140770377967,2981085
2003-11-17,15.084365844726562,15.173657443339634,14.59028445463633,14.881970948987982,3121043
2003-11-24,15.483203887939453,15.774890404452504,14.983169535230118,15.090319915868456,4768448
2003-12-01,15.495109558105469,15.887993525612632,15.292714649340642,15.376053328689329,3179282
2003-12-08,16.01300621032715,16.09039312261708,15.262954471434194,15.280813251671413,3052142
2003-12-15,15.923710823059082,16.328500663029587,15.19151803715006,16.15586923434623,3477042
2003-12-22,15.804655075073242,16.04276755445872,15.77489158285228,15.780844508377363,748792
2003-12-29,16.001100540161133,16.072534526523746,15.637981087748194,15.792753778696616,1138961
2004-01-05,16.024911880493164,16.23921269926945,15.685603007700486,16.042770660526077,2728932
2004-01-12,17.013071060180664,17.013071060180664,15.578448989904254,15.94752241059731,4452203
2004-01-19,17.47739028930664,17.79884033104984,16.834489070415756,17.036884003715155,2840104
2004-01-26,17.388097763061523,17.798840560692636,16.840442213426048,17.20356160457981,3931255
2004-02-02,17.274991989135742,17.798836862081714,17.066644170710177,17.45952810927072,3018547
2004-02-09,18.096479415893555,18.453647004348944,17.263089133100625,17.411908867006662,4506417
2004-02-16,18.453645706176758,19.00130233384076,17.9774230453404,18.156006259302938,3488157
2004-02-23,18.227441787719727,18.751286759518784,17.92980231534641,18.51317540870103,3166740
2004-03-01,18.596513748168945,19.048925873923157,18.364355327409935,18.531032702147908,2281262
2004-03-08,17.715499877929688,18.73937915855547,17.05473994762226,18.596512361403338,3259111
2004-03-15,17.858366012573242,18.281013463210062,17.00711705097589,17.917894126362686,4145957
2004-03-22,18.81676483154297,18.84057539515768,17.572631942907194,17.852412593954764,3713639
2004-03-29,19.132261276245117,19.257269285834475,18.364352174214417,18.781046674916542,3215626
2004-04-05,19.138216018676758,19.626344496125277,18.49531376790537,19.257269972545284,2988001
2004-04-12,18.745330810546875,19.465618807931463,18.66794505978868,19.13821589528666,1988647
2004-04-19,18.79295539855957,19.01320909942618,18.239345819061203,18.816767100449773,3186821
2004-04-26,18.447694778442383,19.346566141576474,18.275064470974044,18.72152368962581,2962298
2004-05-03,18.031002044677734,18.69771391065522,17.858370584037814,18.453649603505742,1790850
2004-05-10,17.03093147277832,18.025047385121436,16.96545042360339,17.828605373001157,2913966
2004-05-17,17.03093147277832,17.590492879784865,16.56661347349197,16.786867189095684,3341310
2004-05-24,17.185707092285156,17.67978867042099,16.89997227840773,17.25713994420098,2639893
2004-05-31,17.73388671875,17.83918752851415,17.126859077259123,17.387013949532747,2642772
2004-06-07,18.229419708251953,18.23561401228101,17.634779517331847,17.80202218178838,1877896
2004-06-14,18.204639434814453,18.446212525606768,17.733883040649868,18.285164192226055,2937693
2004-06-21,18.904582977294922,19.13996061681875,18.204641999699614,18.334720017905866,2692102
2004-06-28,18.681596755981445,19.121382972581518,18.54532558623759,18.90458701687404,3134808
2004-07-05,18.23560905456543,18.706365399805186,17.85776488161615,18.675393888080112,1815145
2004-07-12,17.67814064025879,18.390469103484644,17.585227256037488,18.130314226839065,1588026
2004-07-19,17.579030990600586,18.080758956230557,17.34365335772338,17.59141959797376,1681043
2004-07-26,17.919710159301758,17.95687479905491,17.34365292663624,17.57903055366299,2059538
2004-08-02,17.095888137817383,17.950682013059037,17.077305225648523,17.795827955979973,2153189
2004-08-09,16.82334327697754,17.275516802753476,16.495052277766774,17.133051365554362,2474650
2004-08-16,16.866703033447266,17.238352993944247,16.662295732390323,16.773790838683684,1345428
2004-08-23,17.473730087280273,17.628584134199563,16.848120777395845,17.002974824315135,1342661
2004-08-30,17.387008666992188,17.455144811856833,16.978194160689082,17.387008666992188,2650247
2004-09-06,17.721494674682617,17.832989759672575,17.349844785196908,17.436562659548017,1321164
2004-09-13,17.28790855407715,17.975461013827772,17.040142274441777,17.839188673946204,2703601
2004-09-20,16.705652236938477,17.411787413140047,16.488857541314182,17.29409802019937,2372182
2004-09-27,16.84811782836914,17.145437262866356,16.48266224709208,16.699456929678124,2310080
2004-10-04,16.87909507751465,17.244550808570764,16.507445041354188,16.978201596298383,3045066
2004-10-11,16.885290145874023,17.058727152306773,16.16676726149155,16.916260491352787,3428598
2004-10-18,17.194995880126953,17.312685302800066,16.755209711949934,16.978199948289987,2101196
2004-10-25,17.51089859008789,17.87015998668565,16.618938812470326,16.972005904469853,3267130
2004-11-01,18.58248519897461,19.0904062720491,17.46753655961317,17.49850689570109,7010799
2004-11-08,20.620363235473633,20.97343023541782,18.179863387895264,18.582483630262452,18271503
2004-11-15,19.877063751220703,21.14686634801876,19.387724440320344,20.52745021661629,17027398
2004-11-22,20.044309616088867,20.28588156815176,19.691242553399196,19.716018588292535,5627178
2004-11-29,20.205354690551758,20.546033109565403,19.8584831495423,20.025725798051216,5308001
2004-12-06,21.214998245239258,21.214998245239258,20.192960888270992,20.192960888270992,7954062
2004-12-13,21.078733444213867,21.190228554081042,20.595589543379713,21.122092391063838,6583923
2004-12-20,21.753896713256836,22.144129588593792,20.874326826020727,20.930074379640292,3409559
2004-12-27,21.87778091430664,22.02024636274702,21.679567911008252,21.679567911008252,944116
2005-01-03,21.76009178161621,22.26801287691237,21.580460516408102,21.86539140149906,2747419
2005-01-10,21.605241775512695,21.890172713936064,21.369862913695865,21.74151175834498,2339371
2005-01-17,21.623830795288086,21.914957318189423,21.48136527807094,21.611442181240527,2734431
2005-01-24,21.586654663085938,21.722926989763437,21.202617262223008,21.52471398526093,2120052
2005-01-31,21.444190979003906,21.76009460541776,21.2335893490232,21.679569827308363,3180989
2005-02-07,21.091121673583984,21.512324889322286,20.88671555108809,21.431800119667376,3651314
2005-02-14,21.64240264892578,21.83442253462078,20.96723885050294,20.99821155291714,3805800
2005-02-21,21.221200942993164,21.6671814255473,20.930076895001978,21.6671814255473,1884792
2005-02-28,20.967235565185547,21.555681375571204,20.316849085447746,21.21500296836427,3770785
2005-03-07,19.945207595825195,21.060156589764976,19.734605935412105,21.022990756908808,6912104
2005-03-14,19.908039093017578,20.360212699138007,19.759379325859197,20.062893164821244,3414882
2005-03-21,19.821319580078125,20.39737686940498,19.69743586012555,20.03811431783106,3366279
2005-03-28,19.895645141601562,20.180578353006737,19.672656141459562,19.821315868701728,3255408
2005-04-04,20.688501358032227,20.992013963029393,19.771764513696937,19.926617377260904,4145209
2005-04-11,20.143415451049805,20.713277230582662,20.131026843292307,20.688502377952993,3147689
2005-04-18,20.069087982177734,20.366407506587375,19.635496122998266,19.852290871145232,3376982
2005-04-25,19.437280654907227,20.143415956032232,19.19570870479332,20.09386152375995,3278006
2005-05-02,19.821319580078125,20.06289153439866,19.480641122372617,19.511611461639404,1733723
2005-05-09,19.945207595825195,20.06909134245982,19.44967379072965,19.920430373921082,1919210
2005-05-16,20.453123092651367,20.502675159672663,19.82131828865428,19.82131828865428,1775361
2005-05-23,20.781414031982422,21.02918146899422,20.168193287850585,20.564619296761144,2095161
2005-05-30,21.26660919189453,21.526964703589115,20.536342491529624,21.215806934790734,3128752
2005-06-06,21.45075798034668,21.558711548702956,20.847497016604414,21.266605882960555,2254149
2005-06-13,21.92702293395996,22.073075798590818,21.399962807021232,21.399962807021232,3485241
2005-06-20,22.12388038635254,22.219133423143035,21.622218914375257,21.850824264764164,3404911
2005-06-27,21.40631103515625,22.09847605824614,21.266609669751638,21.914321505684377,3172541
2005-07-04,21.158655166625977,21.584115582673064,20.587141898020906,21.40631010889321,2716518
2005-07-11,21.101505279541016,21.552364431989282,21.01895281902434,21.330110602580998,1719729
2005-07-18,20.784000396728516,21.203109387938625,20.701447928379242,21.203109387938625,2645810
2005-07-25,21.272966384887695,22.08578342980351,20.650653032075795,20.860206366674333,4250355
2005-08-01,22.384231567382812,22.631886507780784,21.3364580569769,21.590464490525264,5810983
2005-08-08,22.377880096435547,23.095443712834015,22.231824838260497,22.542982564864193,2922124
2005-08-15,22.37153434753418,22.63188989076566,21.914323667757827,22.466787379949334,2612037
2005-08-22,22.66998863220215,22.923992648213492,22.377882923715887,22.504883720529097,2660156
2005-08-29,23.197050094604492,23.476457677854498,22.555687312152102,22.619187714317068,3146595
2005-09-05,23.882869720458984,24.054323739405724,23.08910245999377,23.108152099081597,3876611
2005-09-12,24.409929275512695,24.448030975065038,22.98749973895381,23.920968365325148,6089022
2005-09-19,24.51787757873535,24.771881587010256,23.692360312668423,24.19401925852492,4161217
2005-09-26,24.530580520629883,24.613130559570013,23.9336660774269,24.600432416952366,2907283
2005-10-03,24.21942138671875,24.905237324404386,24.17497062287449,24.53692822696915,2921078
2005-10-10,23.53360939025879,24.371827308826973,23.254201802479326,24.219422949821347,2717630
2005-10-17,22.873197555541992,23.876518108185635,22.79699657718074,23.686014451089797,2390860
2005-10-24,22.339786529541016,23.101803603071563,21.90797693528656,22.854148599210873,3268745
2005-10-31,22.68268585205078,23.114495280227988,22.44138001339068,22.542982089292106,2598283
2005-11-07,23.012895584106445,23.273251081926436,22.46043196827625,22.765238227500763,2272229
2005-11-14,23.355804443359375,23.444705978849882,22.63188917163932,23.089099836887844,2227564
2005-11-21,23.91461944580078,24.219425777007633,23.705066152889675,24.16227443850726,3384771
2005-11-28,24.20037078857422,24.289272312725494,23.755860745432994,24.060667009259443,1976168
2005-12-05,23.946369171142578,24.225776785937683,23.55266130402306,24.225776785937683,2612259
2005-12-12,24.162273406982422,24.359128547276406,23.71776328455473,24.073371866973943,3434466
2005-12-19,24.829036712646484,24.981441078843403,23.813015679284437,24.162272758103565,3548594
2005-12-26,24.321027755737305,24.87984057111719,24.16862580215167,24.82903830499839,1032531
2006-01-02,24.968738555908203,25.083041215999764,24.257523888304625,24.276573524191544,2196642
2006-01-09,25.019542694091797,25.12749386873962,24.30832555068119,24.91794059108817,2775977
2006-01-16,24.86079216003418,25.273549691895397,24.543285248270706,24.86079216003418,2180842
2006-01-23,25.597400665283203,25.71805238465888,24.40992341599795,24.625828150196654,2483007
2006-01-30,24.936986923217773,25.48944813367683,24.511526507891453,25.387846044139707,4855038
2006-02-06,24.47342872619629,25.121142994768334,24.390876266433224,24.93063694571741,2521557
2006-02-13,24.575029373168945,24.784582623432375,23.83206212387067,24.486127847458103,3174354
2006-02-20,24.58138084411621,24.96873960600804,24.27657454518128,24.644883670385028,2764090
2006-02-27,24.124170303344727,24.702032644093993,24.0225682134015,24.702032644093993,2205300
2006-03-06,24.16862678527832,24.956042563066998,23.813018175137493,24.40993029200217,4357653
2006-03-13,23.17800521850586,24.34643078395062,22.923998712910475,24.181328250983515,7544357
2006-03-20,23.908275604248047,24.016226810373986,22.63824773517534,23.400262518710228,6279302
2006-03-27,23.298656463623047,23.971771992967817,22.955750837716764,23.920969724012508,4496851
2006-04-03,22.83509063720703,24.09876888673193,22.70808742070236,23.673308474799022,6373458
2006-04-10,22.142929077148438,22.923995709294502,21.53966552219116,22.904946071705773,3591749
2006-04-17,22.092130661010742,22.142930505318912,21.43171572830672,22.142930505318912,3331113
2006-04-24,21.62856674194336,22.066725307648156,21.52061315705714,22.047675672473797,3660486
2006-05-01,21.476167678833008,21.86987557776869,21.01260787055371,21.628572064890502,3733448
2006-05-08,20.70779800415039,21.850822227119664,20.66334723709607,21.48251552547168,4775328
2006-05-15,19.755277633666992,20.91735150614938,19.37426915138826,20.644295406996413,5380685
2006-05-22,19.85053253173828,19.926733513302946,18.745608609508555,19.793381189968404,5293647
2006-05-29,19.95992088317871,20.489137371882965,18.947224879468674,20.436869215165757,4796930
2006-06-05,19.22817039489746,19.959924729966087,18.698955050371044,19.927257593036227,4707956
2006-06-12,18.659748077392578,19.456838968783483,17.457579311577405,19.221631657071928,6038679
2006-06-19,19.790054321289062,19.861922272490855,18.731622375434345,18.731622375434345,3092016
2006-06-26,19.95339012145996,20.155929089893576,19.077897488654965,19.933789093738802,3134982
2006-07-03,19.97951889038086,20.162458034334772,19.626709197391627,20.01871969045278,2408786
2006-07-10,19.384973526000977,20.116729055553044,19.352306391378576,20.077526998600593,2751687
2006-07-17,19.58098030090332,19.907656656417583,18.96682964977991,19.313105789075333,2977993
2006-07-24,20.05792808532715,20.672078716801913,19.50257804948604,19.678983574901103,7884135
2006-07-31,20.626340866088867,20.913815105646698,20.005656659334722,20.05792481617898,4577536
2006-08-07,20.293134689331055,20.724347375382706,19.992593042882916,20.515274708954195,2819206
2006-08-14,21.168628692626953,21.299297240084144,20.365003916348467,20.41727208303418,2389729
2006-08-21,21.410367965698242,21.501836943588845,21.168628168081263,21.207827734409964,3598162
2006-08-28,22.240121841430664,22.749736042992474,21.162089115604434,21.318894827346195,2830767
2006-09-04,21.985321044921875,22.508002746702548,21.593307899329155,22.351196989996872,2817164
2006-09-11,22.161724090576172,22.455733326636313,21.815447930518094,21.815447930518094,2991141
2006-09-18,22.318527221679688,22.475332959912613,21.952648827364637,22.279325164035793,2103856
2006-09-25,22.860801696777344,23.063339346778605,22.279315964052593,22.279315964052593,2067252
2006-10-02,22.900012969970703,23.030684016048067,22.38386370875371,22.8477460469455,3050714
2006-10-09,23.775503158569336,23.90617419046652,22.67133804834053,22.76280702296577,2464282
2006-10-16,23.821239471435547,24.20018524374383,23.23322352134925,23.80817211801014,2270513
2006-10-23,24.121776580810547,24.356983913490215,23.579495223658963,23.80816763468511,1929851
2006-10-30,23.775503158569336,24.206715819190197,23.429227042533036,24.043377652404377,2290570
2006-11-06,24.3765869140625,24.52685771613039,23.631762840886875,23.72323430037129,2023790
2006-11-13,24.618324279785156,24.80126219620889,24.213246396700242,24.35044983401804,2047388
2006-11-20,23.821239471435547,24.742466703012624,23.429228838044683,24.363523423047162,2135968
2006-11-27,23.461898803710938,23.906178904360296,23.082955478064793,23.690571285364378,2242258
2006-12-04,24.08258056640625,24.08911299667931,23.39002581735361,23.45536258179785,2384051
2006-12-11,24.108713150024414,24.278583737941215,23.612163753327614,24.115245579722465,3073813
2006-12-18,24.337385177612305,24.337385177612305,23.925772327759216,23.938839679284666,1444657
2006-12-25,24.683671951293945,24.794743241153334,24.317795919624288,24.337395709222722,651081
2007-01-01,24.585670471191406,25.075685149108,24.513801252988674,24.683671911368602,1688611
2007-01-08,25.715965270996094,25.794366905067555,24.69673405869506,24.788203047168935,3023741
2007-01-15,26.199434280395508,26.36277240556591,25.559149128808578,25.807423776923343,2770064
2007-01-22,25.872766494750977,26.643722897173554,25.794364866874577,26.14064100797626,2264990
2007-01-29,26.486921310424805,27.003070585515765,25.748631998734126,25.813966277357526,2067074
2007-02-05,26.35624122619629,26.722119541159863,26.023032531688585,26.46077753156558,1825875
2007-02-12,26.591449737548828,26.62411686713822,25.872760424871046,26.134102446270646,2148933
2007-02-19,26.179840087890625,26.70905662358403,26.00996949810526,26.58491802687306,1235382
2007-02-26,25.00381088256836,26.460787264991676,23.586034071364008,26.14064331009294,3632266
2007-03-05,25.435020446777344,26.264778662996545,24.252451179439547,24.696731208475697,4324679
2007-03-12,25.578760147094727,25.97077078464276,24.840470870958317,25.742098328130215,4211408
2007-03-19,27.72174835205078,27.87201913652175,25.552618127991472,25.552618127991472,4853863
2007-03-26,28.394710540771484,28.597250794965483,27.493085520446467,27.708690636665754,3780131
2007-04-02,28.99579429626465,29.185264690131387,28.172568476623084,28.172568476623084,2693426
2007-04-09,28.58418083190918,29.17219926310271,28.107233656537886,28.99579373374465,2201135
2007-04-16,28.86511993408203,29.041525446571185,28.30323626297048,28.571110746600112,2223463
2007-04-23,29.074193954467773,29.270199257939474,28.577647019516622,28.858586376009043,2032760
2007-04-30,29.420473098754883,29.71448233036442,28.9108587588603,29.263669836791742,2912582
2007-05-07,29.1525936126709,29.67527521748392,28.786717735473026,29.668742787823597,2039976
2007-05-14,29.028459548950195,29.30286647611922,27.97656134345027,29.270199340838523,4310485
2007-05-21,29.84514617919922,30.099953287695172,28.904319357289012,28.904319357289012,3669451
2007-05-28,30.44561767578125,30.652097296853732,29.759576335394385,30.23914059552734,2937231
2007-06-04,28.833759307861328,30.638782631346217,28.374175942266884,30.245806839441837,3504486
2007-06-11,29.806211471557617,30.072636724502697,28.92701169398617,29.026921799045457,2825183
2007-06-18,30.418977737426758,31.404749381194694,29.519797199298917,29.892791943989998,4490212
2007-06-25,30.185853958129883,30.305745020818385,29.60638218234782,30.032660387098694,1816040
2007-07-02,29.87947654724121,30.25913085579476,29.626372827932393,29.97272461729726,2098159
2007-07-09,29.639686584472656,30.172534374456742,29.260032375307826,29.739596656702847,2158397
2007-07-16,28.91368865966797,29.639694767977037,28.653925449131407,29.446536596771097,1639753
2007-07-23,28.00783920288086,29.020251311840653,27.541596416530865,28.64059708858308,2348721
2007-07-30,28.487407684326172,29.140146664717548,27.554921974727552,28.01450534253535,3310921
2007-08-06,26.189495086669922,28.460760980425768,25.809840856688652,28.10774977660921,4333472
2007-08-13,25.456825256347656,27.281829039522933,25.123795109261238,26.549163732260165,3088375
2007-08-20,27.31513214111328,27.70144833974204,25.61001937700963,25.83647998359445,3196588
2007-08-27,27.741416931152344,27.961215543945585,26.89551991048392,27.53493729056092,2541294
2007-09-03,26.4559268951416,27.90793915427153,26.382659825241184,27.90793915427153,2087010
2007-09-10,26.276084899902344,26.689041661803277,25.98301667980192,26.529188578856633,1725914
2007-09-17,26.835573196411133,27.408385527104166,25.816499091947534,26.269420351527202,2562353
2007-09-24,27.381742477416992,27.488312035996888,26.6224340549329,26.808930147243043,2052602
2007-10-01,28.90702247619629,29.10017806184133,27.08201585593094,27.108658881819494,2574992
2007-10-08,29.1867618560791,29.53977299855014,28.560666094922876,28.9802822504124,1433258
2007-10-15,28.940326690673828,29.633030159614457,28.72718755266424,29.17344682886589,1199772
2007-10-22,28.767148971557617,29.106841212707206,28.141053083912123,28.520707324618918,1742384
2007-10-29,27.90793228149414,29.10684051503204,27.514956536748063,29.10684051503204,1555581
2007-11-05,26.962120056152344,27.76805239193082,26.549163390510053,27.614858831141234,1984618
2007-11-12,26.316038131713867,28.107741746742096,26.149523076982955,26.642408756946423,2828094
2007-11-19,25.816497802734375,26.549165705263807,24.990584399440525,26.202814021656568,2650573
2007-11-26,27.235206604003906,27.681468348243932,25.09049151914148,26.062941536135217,2518566
2007-12-03,27.201900482177734,27.381737053058956,26.409289706058168,27.18191948790811,2192719
2007-12-10,26.709012985229492,27.76804880413092,26.669050999380623,26.935473554705837,2504759
2007-12-17,27.088672637939453,27.415043320448195,26.309383264630636,26.36266931108861,1927610
2007-12-24,27.082014083862305,27.295153195386742,26.642414348740825,26.642414348740825,407288
2007-12-31,26.975444793701172,27.248529441831824,26.32936542632093,26.842232212482127,1246064
2008-01-07,26.109567642211914,27.02873168642143,25.64332486379731,27.015410173801726,2574787
2008-01-14,24.63091278076172,26.582469915908874,24.177991514806962,25.84980450729786,2940655
2008-01-21,25.163772583007812,25.636677613851244,22.86586518695964,24.1047359620592,4412620
2008-01-28,26.395977020263672,26.529189621835677,24.49770316470543,24.790771396327653,2520618
2008-02-04,24.844053268432617,26.762307998001248,24.617592622991747,26.575811892633073,3007292
2008-02-11,25.816497802734375,26.569146702511997,24.604268180518332,24.644232715833287,2957921
2008-02-18,26.36932945251465,27.02873031933498,25.983013228539008,26.149528316635003,1632134
2008-02-25,27.0353946685791,27.84132723015491,26.395977225055436,26.642418888343276,2411303
2008-03-03,26.322704315185547,28.427454837857155,26.04295765781821,26.26275878437958,2748371
2008-03-10,26.695701599121094,27.701451668114128,26.07626523435457,26.189494280842403,3388247
2008-03-17,26.535846710205078,27.30847668050867,25.523434586907477,25.923069814684958,3893774
2008-03-24,27.008750915527344,27.568241798809932,26.535848602738927,26.535848602738927,2057444
2008-03-31,28.43412208557129,29.05355855939779,26.695706299252834,26.92216443209945,3341373
2008-04-07,27.20856475830078,28.940323223159982,26.90883962819969,28.67389806216052,3348938
2008-04-14,27.788043975830078,28.134395729545226,26.935484835600832,27.22855307226239,2196803
2008-04-21,27.421710968017578,27.974542430887908,26.90218456450612,27.788046294410833,2072006
2008-04-28,28.454103469848633,28.807114698174587,27.42836975866042,27.42836975866042,1806292
2008-05-05,27.36842918395996,28.5673377132307,27.115325453516537,28.5673377132307,1780543
2008-05-12,27.088672637939453,27.967874618766245,26.862214562948687,27.375078785604714,2547362
2008-05-19,26.216140747070312,27.415049095943356,26.142873688164787,27.28183649255322,2982497
2008-05-26,27.42612075805664,27.501317420650874,25.74445989684868,26.98178087286386,2251892
2008-06-02,27.10483169555664,27.651713003062948,26.817717379280968,27.48081243148374,2503555
2008-06-09,26.742507934570312,27.10481874648802,26.11359538332897,27.097981266559362,1911622
2008-06-16,25.744457244873047,27.139006277323574,25.39582129062806,26.653649369512504,2204274
2008-06-23,24.691707611083984,25.853831725657713,24.384086138441656,25.587227318612733,3490190
2008-06-30,23.60478401184082,24.86261221105965,23.037395520703082,24.725891244413692,3370400
2008-07-07,24.131160736083984,25.546217292431024,23.21513354720725,23.686820804480153,3507548
2008-07-14,26.07942008972168,26.202468671299663,23.775679229527732,24.507133237944103,2624538
2008-07-21,25.99055290222168,27.00228372638327,25.293278427245088,25.990552902221683,1814324
2008-07-28,24.719057083129883,26.414390338366694,23.454393972552595,25.990557676491395,3803224
2008-08-04,26.393875122070312,26.585282858363186,24.274707238212077,24.623345738156758,2276700
2008-08-11,26.70833969116211,27.344089992097224,26.02473744135968,26.414390515128215,1806100
2008-08-18,26.01106834411621,26.906588342402312,25.18391014402139,26.68783580366213,1617795
2008-08-25,26.387039184570312,26.592121894289363,25.19073554730574,26.0999275633396,1534514
2008-09-01,25.737621307373047,27.576510103273915,25.6692595295466,26.21614071348225,2665389
2008-09-08,26.373376846313477,27.535498619918076,26.01106586970591,26.28450782098682,2632522
2008-09-15,26.188798904418945,27.344085581450557,24.34990748011586,25.6897696554857,4341654
2008-09-22,25.14288902282715,26.339192917614515,24.390927617769304,26.065753592018726,2110370
2008-09-29,24.30206298828125,25.532546695079795,23.31767654438962,25.17707576836538,3445040
2008-10-06,21.29420280456543,23.748335480946594,20.398684517462296,23.61844942732814,3945793
2008-10-13,21.143814086914062,24.090140205635763,19.721921708843933,22.011989104835333,3833368
2008-10-20,21.533466339111328,22.14187179621686,19.831297251626633,21.403581573887745,3000621
2008-10-27,21.396745681762695,23.50224144805044,20.316654392025086,20.65161927197062,3967892
2008-11-03,21.389911651611328,23.235637956780558,21.116469751684324,21.711204188997666,2776711
2008-11-10,21.191667556762695,22.374299013937662,20.65845738755501,21.957301267357252,2501338
2008-11-17,20.1184139251709,22.90067480477383,19.790285166269573,20.877212821014528,2752910
2008-11-24,20.091064453125,22.26491924792117,19.318594686455484,20.50806213374882,3390550
2008-12-01,19.3254337310791,20.67896571981123,18.9221083449618,20.501228998482617,2066899
2008-12-08,19.742429733276367,20.658456728560523,19.216057062984017,20.015871639348017,2886957
2008-12-15,19.920164108276367,20.132081690949406,18.812729473605764,19.82104279804203,2770347
2008-12-22,20.4397029876709,20.56616901392451,19.701412755266404,19.995361873478227,1202265
2008-12-29,20.843029022216797,21.184830091070204,19.687741044409343,20.64820251727976,1163181
2009-01-05,22.13503646850586,22.552034161851786,21.003674536885242,21.18482867402256,3395007
2009-01-12,22.19997215270996,22.511017578388117,21.041273310008755,22.182888880156618,3461291
2009-01-19,22.24099349975586,23.153601647879093,21.383073465708918,22.504179152339105,3396955
2009-01-26,23.758594512939453,23.912403960454544,22.244415578854657,22.329865851415345,2892463
2009-02-02,23.56034278869629,23.72440841438919,22.49050660863366,23.72440841438919,2489180
2009-02-09,22.538360595703125,23.386025683867874,21.984641992175018,23.28690307293004,2923677
2009-02-16,22.449495315551758,23.386029556135014,21.677024135059927,23.286906928784422,3390600
2009-02-23,21.912870407104492,22.627233509077783,20.388437697333565,22.62039863395815,3584465
2009-03-02,20.063724517822266,21.8239993730451,19.838135847495675,21.471944662774074,3287120
2009-03-09,20.026124954223633,21.136978443415032,19.325433014122584,20.33716387904252,2790238
2009-03-16,19.4621524810791,20.63453025697469,19.024647528162127,20.39868798776806,2965956
2009-03-23,19.414302825927734,20.371345675061992,19.216058859743782,19.588622122541178,1945135
2009-03-30,19.677492141723633,20.733657749553913,18.60765417493689,19.294675218018096,3129335
2009-04-06,20.64820098876953,20.94215009484231,19.516839065222964,19.76977241115251,2680258
2009-04-13,20.75416374206543,20.935317912478585,19.735596594379583,20.64820492895274,2813492
2009-04-20,21.191667556762695,21.646263631820705,20.15259193137383,21.092544927843143,2937569
2009-04-27,21.567646026611328,21.786399796833468,20.644784222161352,21.007092505610807,1720596
2009-05-04,21.40016746520996,22.05300622195047,21.003678234220676,21.837672463855316,3624739
2009-05-11,21.67019271850586,21.92312483101729,21.123310114179873,21.465111252933163,3241404
2009-05-18,21.389911651611328,22.43582209452196,21.19166640455101,21.424091237168398,2291318
2009-05-25,23.442031860351562,24.138365267968545,21.773660034269422,22.233170183516894,4181446
2009-06-01,23.01433753967285,24.152506703806424,22.84820688945135,23.68592832499867,3037796
2009-06-08,23.484451293945312,24.29742733982103,22.798721444890603,22.819928694902266,2903893
2009-06-15,23.32892417907715,23.710670858318654,22.84820673782881,23.318320554112272,3287310
2009-06-22,22.469993591308594,23.328922198297768,22.204892202691575,23.258229573366876,2390779
2009-06-29,21.52623176574707,22.713886118115916,21.01016674113719,22.480595618266406,3606679
2009-07-06,20.93593978881836,21.586321904363153,20.720323780914192,21.547440152331205,2519035
2009-07-13,20.875844955444336,21.653474385279136,20.769803352853238,20.85463636525112,2289976
2009-07-20,20.783950805664062,21.7347820834656,20.727395890686594,20.960685083515585,2099456
2009-07-27,20.967748641967773,21.98573816987581,19.363001532716073,20.26081173199347,5197923
2009-08-03,20.670835494995117,21.33535658106931,20.405734148507428,21.261128527662798,2327748
2009-08-10,21.123273849487305,21.29293989101944,20.472891851531198,20.73092500502272,2648859
2009-08-17,21.614599227905273,21.73831266306037,20.437548480392586,21.102069635280007,2500652
2009-08-24,22.646728515625,22.844670028646576,21.459074043993823,21.70296819164602,2737770
2009-08-31,23.201677322387695,23.502125075350193,22.169549718368916,22.611385442358248,3311084
2009-09-07,24.035863876342773,24.35398614346816,23.08149977171792,23.20167779665901,3023281
2009-09-14,23.724811553955078,24.131292861374043,23.22641957235411,23.823782322762057,2648823
2009-09-21,23.788427352905273,23.92981257306353,23.33245273666932,23.53392964182007,1501009
2009-09-28,23.16632843017578,24.389329254699895,22.890623400515846,23.647045860211392,1901126
2009-10-05,25.333084106445312,25.379036732574505,23.290036820942166,23.399611181557276,2778046
2009-10-12,24.580204010009766,25.44973634484863,24.276220832372875,25.329558328771817,1785699
2009-10-19,23.943952560424805,24.880644512324537,23.79196101580145,24.636750413643956,1711926
2009-10-26,23.343061447143555,24.219661868918937,23.20874438001287,24.01111673599886,1868913
2009-11-02,23.505661010742188,23.92628949178957,23.053221651338937,23.328926717428338,2345182
2009-11-09,22.706811904907227,23.91920876594957,22.2190264269391,23.558672142538377,2822345
2009-11-16,22.735095977783203,23.44910122922617,22.512410424025987,22.657332468895664,2664574
2009-11-23,23.321861267089844,23.763697052186068,22.763380187507828,22.763380187507828,2853048
2009-11-30,24.03232192993164,24.2938905547354,23.053215397168014,23.26176051226095,3803918
2009-12-07,23.972232818603516,25.07858282495728,23.010798096943418,23.972232818603516,8325455
2009-12-14,24.573129653930664,24.944272668513086,24.106551328120297,24.283285583302263,5108285
2009-12-21,24.7357234954834,24.951331377023415,24.477690338557363,24.498897582749816,1282458
2009-12-28,25.410852432250977,25.410852432250977,24.693311747088718,24.73572894156292,1029012
2010-01-04,25.032644271850586,25.340162901680696,24.177250971048792,25.322488394302074,3201163
2010-01-11,23.50919532775879,25.096268450751175,23.36427191972938,25.096268450751175,3460209
2010-01-18,23.25469207763672,23.710666749364954,23.07442239422078,23.17339313907642,2045873
2010-01-25,23.212278366088867,23.675323987110133,22.76337450702349,23.106239422178223,2052329
2010-02-01,22.692678451538086,23.505657145807717,22.420508871157004,23.16632768204977,1665821
2010-02-08,23.321861267089844,23.781368865538948,22.78812288360315,22.94011450154632,2325979
2010-02-15,20.939476013183594,24.07120601188349,19.652849449615932,23.371339842600772,7370727
2010-02-22,20.74506950378418,21.335362705910043,20.045201909947487,21.1374198249598,5890292
2010-03-01,21.395444869995117,21.395444869995117,20.31383227479373,20.829895888737862,3323629
2010-03-08,20.7910213470459,21.413126790348613,20.61428706062193,21.39191819056252,3232737
2010-03-15,20.960683822631836,21.1656962198274,20.69558242180165,20.819297217881008,3035357
2010-03-22,20.709718704223633,21.087929877388067,20.578935741597913,20.950077383218353,2383577
2010-03-29,21.020776748657227,21.39898801895061,20.642565478363842,20.702654489356426,2835598
2010-04-05,20.568334579467773,21.031378868543325,20.32444176371834,21.020775243451116,2719456
2010-04-12,20.50824546813965,21.06672507694661,20.501175935322408,20.667306585588804,2944445
2010-04-19,20.38099479675293,21.00309879828584,20.289093574894522,20.501174147414165,2915240
2010-04-26,19.83664894104004,20.59660664423467,19.62103297183714,20.465823695908774,2767877
2010-05-03,19.32765769958496,20.084080074303397,18.63839385449212,19.723542042279828,3678469
2010-05-10,19.907350540161133,20.68498169452498,19.15799751973355,19.426633050249823,3523219
2010-05-17,19.5821533203125,20.532982997005544,19.320586065332257,19.794233858012568,2850595
2010-05-24,19.789268493652344,20.250405201723076,18.931841224574505,20.063068070495394,2814859
2010-05-31,20.055862426757812,20.58545005419255,19.681189542537915,19.789268285568575,2222939
2010-06-07,20.174753189086914,20.59626076569683,19.652370912010287,19.918966469556317,1877164
2010-06-14,20.214378356933594,20.859250133303735,20.153132868047493,20.27202044243454,1822120
2010-06-21,19.79286766052246,20.592652725428046,19.454220611294488,20.376495268354123,2477105
2010-06-28,18.971467971801758,19.850510051786205,18.64723040681393,19.80007340263157,2809941
2010-07-05,18.96065902709961,19.238061950034616,18.35541653602242,19.09395607147509,2352952
2010-07-12,19.0399169921875,19.241664957576617,18.834566998084103,18.957056588803283,1755311
2010-07-19,19.407386779785156,19.486645158602077,18.315789240931558,18.924633823373792,1899997
2010-07-26,18.658042907714844,19.774858963353505,18.51754039337985,19.447019305139893,2490414
2010-08-02,19.00389289855957,19.15880625867158,18.733695369196163,18.845377509412824,1730269
2010-08-09,18.62922477722168,19.216454651958774,18.477914770765825,19.216454651958774,1380060
2010-08-16,18.52474021911621,18.80574655786604,18.013166937746096,18.618409456798013,1887797
2010-08-23,18.236534118652344,18.712081727882136,18.01317118081311,18.495924223430737,1704275
2010-08-30,18.272560119628906,18.708478504557842,18.005964598473998,18.413062625986512,1508870
2010-09-06,19.515474319458008,19.601938169394607,18.272566268480315,18.33020837700596,2302129
2010-09-13,19.382171630859375,19.9189647288492,19.2921057762789,19.68479295722161,1893732
2010-09-20,19.378568649291992,19.760446974402065,18.90662309973059,19.40378697739187,1930065
2010-09-27,19.101163864135742,19.630751452870257,19.0615346739181,19.44701636627859,1168479
2010-10-04,20.0306453704834,20.095492895276642,18.96786939321874,19.126384801437855,1428323
2010-10-11,21.42486572265625,21.543751934932622,19.67038190270025,20.07387791685827,2187895
2010-10-18,20.985342025756836,21.421260388649735,20.77999200772313,21.266347024267013,1624109
2010-10-25,21.107830047607422,21.147459236588254,20.823221667013847,20.98534045180105,1733621
2010-11-01,20.816020965576172,21.687859198398872,20.62147975391632,21.25554279881796,1590396
2010-11-08,20.736764907836914,21.313185884542147,20.56023521067943,20.715148605849464,1337288
2010-11-15,19.652366638183594,20.895275544573394,19.46863292343004,20.72234929118896,2049473
2010-11-22,19.65957260131836,19.76404931169297,18.881403752930726,19.720818090753582,1641290
2010-11-29,20.484577178955078,20.553026730325765,19.454223633303876,19.717215750838598,1839225
2010-12-06,20.36929702758789,20.585454560972643,19.933378556494194,19.994622687044643,1586357
2010-12-13,18.885005950927734,20.459357930277157,18.885005950927734,20.401715843743947,2286604
2010-12-20,19.093961715698242,19.292106326568003,18.848982474307874,18.971472095003058,882447
2010-12-27,18.866992950439453,19.302912687584055,18.866992950439453,19.0795484010155,652445
2011-01-03,19.11918067932129,19.468636656416273,18.97147272367322,18.97147272367322,906571
2011-01-10,18.791337966918945,19.15520337837356,18.575180487244328,19.101164695602776,1752930
2011-01-17,18.885005950927734,19.580314392775975,18.755312286949817,18.845378133051447,2340215
2011-01-24,19.735225677490234,19.778458268554296,18.733694014198083,18.949851472335975,1993180
2011-01-31,19.818082809448242,20.001817855389056,19.465024953170172,19.609130817661185,1414930
2011-02-07,18.971467971801758,20.00182137354573,18.89941502688273,19.850510051786205,2839825
2011-02-14,19.85051155090332,20.174749140377678,18.12124761373009,18.625616891957822,3999078
2011-02-21,19.764053344726562,19.976608837971373,19.02551353745087,19.756847910717042,2090293
2011-02-28,19.684791564941406,20.09188958365448,19.274091516990065,19.818088635489733,2526774
2011-03-07,19.846912384033203,20.174752049871785,19.454225190947792,19.68479356591612,1953114
2011-03-14,19.1588077545166,19.810885004371723,18.193301730931427,19.77125581041702,3457641
2011-03-21,19.60913848876953,19.81448853271031,19.220053327010636,19.277695420497594,1930812
2011-03-28,20.855649948120117,20.855649948120117,19.551496703484613,19.580317063534444,2093609
2011-04-04,20.74757194519043,21.197901253451814,20.25761343791468,20.77999571035709,1948747
2011-04-11,20.53501319885254,20.751170682806364,20.24680276214885,20.57824442078415,1271885
2011-04-18,20.761981964111328,20.76558399373993,20.254010580130796,20.5422210507765,798534
2011-04-25,21.489713668823242,21.72388406851089,20.657504669380454,20.761981391575933,1280652
2011-05-02,21.442874908447266,21.976064505299718,20.99614774660028,21.511324450684562,1968999
2011-05-09,21.34200096130371,21.893203434183057,20.679116357780757,21.237524262407646,1834608
2011-05-16,21.338397979736328,21.615800923165764,20.945710874660328,21.11143168524032,1932941
2011-05-23,21.201547622680664,21.60109274859449,20.93762749597156,21.531447781067044,1930667
2011-05-30,21.469131469726562,21.832021623405904,21.212542627541815,21.278522655483513,1988987
2011-06-06,20.959625244140625,21.722059289239102,20.90097647144074,21.48746419843957,1466863
2011-06-13,20.655376434326172,21.2565278887458,20.24117023608072,20.95961779592067,1534923
2011-06-20,20.820329666137695,20.988944678699056,20.41711961030892,20.673708463243937,1215741
2011-06-27,21.7147216796875,21.84668032252552,20.640715276149223,20.80566392927088,1477349
2011-07-04,21.051259994506836,21.91999521019015,20.952289947409227,21.714725244325574,1475557
2011-07-11,20.31448745727539,20.933966607997373,19.999251176224668,20.88631404295021,2107793
2011-07-18,21.062259674072266,21.260199800913426,20.087222980513978,20.087222980513978,1624708
2011-07-25,21.8503475189209,21.985972500644312,20.453772226158396,20.900969850263802,2239142
2011-08-01,19.797637939453125,21.91999204715565,18.650321622097376,21.850347089972267,3089622
2011-08-08,18.694311141967773,20.076224113787283,17.858565914840668,19.786645233055765,3244838
2011-08-15,17.946533203125,19.47506834315675,17.440688289076764,18.87758327704006,1829692
2011-08-22,18.177467346191406,18.818938767001132,17.711942204436742,17.711942204436742,1734358
2011-08-29,18.657651901245117,19.145169372259865,18.144474291264494,18.327751809358077,1791114
2011-09-05,18.1957950592041,19.21848413047983,18.107822617675268,18.327755119794098,1744951
2011-09-12,17.455354690551758,19.46407661115955,17.455354690551758,18.708973947290136,3011370
2011-09-19,17.832908630371094,19.280800356145814,17.63496851351841,19.23314919335667,1990851
2011-09-26,17.264747619628906,18.327758151749148,17.162112621434144,17.587316554622845,1512266
2011-10-03,17.52866554260254,17.89155572284522,16.20906768376821,16.894525359452384,2580919
2011-10-10,18.624664306640625,18.822602989138005,17.543326530039767,17.689947724545355,1439187
2011-10-17,18.327754974365234,18.91424257422623,18.045507379964402,18.664984994711123,2116826
2011-10-24,18.892250061035156,19.22581514383348,18.298429796302273,18.375407429483985,988223
2011-10-31,18.547687530517578,18.947232646092164,17.82190859914568,18.774952699656815,1336188
2011-11-07,18.221450805664062,18.664982070976514,17.741264595463306,18.41939086397254,1536851
2011-11-14,17.27574348449707,18.40106760975257,17.19143597329027,18.40106760975257,1060496
2011-11-21,16.271379470825195,17.25008224309501,16.124758280566386,17.154777141044985,692969
2011-11-28,17.01181983947754,17.25741245045135,16.22372592150496,16.43266358674372,1348502
2011-12-05,16.3850154876709,17.25375080180743,16.066112898635424,17.14011820189965,1382133
2011-12-12,16.32636833190918,16.641606015826056,15.84251559790093,16.348360748175057,1535192
2011-12-19,17.165725708007812,17.165725708007812,16.183238999874543,16.379736058641377,932391
2011-12-26,18.092601776123047,18.092601776123047,17.13977428083284,17.165726670642364,421443
2012-01-02,17.669946670532227,18.20011933549653,17.40300619186512,17.877567199973214,772578
2012-01-09,18.30393409729004,18.537507082533843,17.22134436253385,17.669951694499275,1122663
2012-01-16,19.023181915283203,19.056549469936474,18.107429015364826,18.21123855681992,926459
2012-01-23,18.95273780822754,19.07137768384251,18.42627353697347,18.759947656778493,1166174
2012-01-30,20.432031631469727,20.443153678298085,18.511546621231957,18.8526359240917,2364689
2012-02-06,19.831417083740234,20.59145426107805,19.72760612745338,20.535841198270845,1461728
2012-02-13,20.317100524902344,20.380128762843693,19.80917340071203,20.001963578092813,829581
2012-02-20,20.41349983215332,20.580336236045376,20.183633765178858,20.391254318294703,827938
2012-02-27,20.242950439453125,20.346761406331233,19.538526253054034,20.135434008981598,1319020
2012-03-05,20.758296966552734,20.83986101993438,19.442133091371097,20.217000791442008,1777361
2012-03-12,21.284757614135742,21.433058181044743,20.654482326221014,20.654482326221014,2110027
2012-03-19,20.86581039428711,21.429350586874914,20.617408563068963,21.38856785893186,1485227
2012-03-26,20.806488037109375,21.002986484034874,20.46169044993134,20.906590699286767,1483445
2012-04-02,19.979717254638672,21.13274997982578,19.74243748115303,20.917714301167535,1683627
2012-04-09,19.601552963256836,20.04274638774851,19.353151131231332,19.9797181495501,1672915
2012-04-16,19.227096557617188,20.14284957360176,19.141824221428614,19.527403173259756,2042443
2012-04-23,19.58672332763672,19.61638259242651,18.537500140803697,19.06396446593899,1687110
2012-04-30,18.94532585144043,19.649751469852916,18.81927078543922,19.649751469852916,984017
2012-05-07,18.759952545166016,19.11958055737733,18.166753012517788,18.61165336915358,1622507
2012-05-14,18.044403076171875,18.637603966009955,17.558721447542815,18.637603966009955,2046121
2012-05-21,18.0369930267334,18.533798219949944,17.72926976323163,18.0444067841894,1316987
2012-05-28,17.673137664794922,18.548644933146303,17.521533936056866,18.158267283476217,3732039
2012-06-04,18.11279296875,18.514540530130585,17.51017018087832,17.51017018087832,786477
2012-06-11,18.17722511291504,18.817749620947467,17.487430601034678,18.715417277431026,1144268
2012-06-18,19.25360679626465,19.40521057998203,18.21133475915996,18.3818886543918,1278601
2012-06-25,19.72357177734375,19.746311326393915,18.658559040881578,19.299081881602,1350502
2012-07-02,20.193546295166016,20.63698641835354,19.590923501880955,19.723577172763054,1312557
2012-07-09,19.93581771850586,20.394418439731798,19.53027932508998,20.091210921162403,985767
2012-07-16,20.40578842163086,20.85301792565454,19.825906711244482,19.950978584986363,917039
2012-07-23,19.46205711364746,20.14048167229728,19.189172380370866,20.14048167229728,1242393
2012-07-30,19.977514266967773,19.98509460157714,19.086845914481756,19.617456324928387,1138229
2012-08-06,20.004043579101562,20.27314038214762,19.66672666004766,19.977513132376036,629425
2012-08-13,20.504331588745117,20.515702811538638,19.48101117697394,20.0305716033693,638428
2012-08-20,20.02678108215332,20.61045369972562,19.882757649523647,20.44368926853316,658688
2012-08-27,20.02678108215332,20.352728165883324,19.84106654172553,19.89791831523217,836833
2012-09-03,20.489171981811523,20.671095639270586,19.731156019498417,20.026781782144305,611473
2012-09-10,20.504331588745117,21.050104017210533,20.07226271341049,20.455061591242565,830327
2012-09-17,20.504331588745117,20.64835502912357,19.882758719260163,20.242816597305932,1166263
2012-09-24,20.257970809936523,20.504325056366643,19.932023812511794,20.3148211225895,778253
2012-10-01,21.671676635742188,21.88392162722107,20.15564470009489,20.15564470009489,947201
2012-10-08,21.493539810180664,21.766425988110413,21.088001432313146,21.474589702446774,648785
2012-10-15,21.14864158630371,21.573130050664517,20.94018752006049,21.398786754955673,1012032
2012-10-22,20.845436096191406,21.288874679162504,20.781005442241966,21.114531378804664,727119
2012-10-29,20.614242553710938,20.879548412820085,20.371677692514215,20.735524984309297,628507
2012-11-05,20.26176643371582,20.9136606274386,19.860018896859362,20.57255286425791,668802
2012-11-12,19.68946647644043,20.466432610454945,19.68946647644043,20.273139160841897,672935
2012-11-19,20.398208618164062,20.436108836450693,19.685673237130352,19.742525010360946,630945
2012-11-26,20.96293067932129,21.205495541134635,20.239025537309324,20.276925754792426,867589
2012-12-03,21.14864158630371,21.41015797566745,20.868176535954785,20.955348183809207,952948
2012-12-10,20.919897079467773,21.359711218846055,20.77456649218843,21.33676528222276,820222
2012-12-17,20.296506881713867,21.623601361844894,20.208544053022802,20.843407413120573,1549396
2012-12-24,19.914064407348633,20.23914457748503,19.891117005404144,20.212373338011357,364230
2012-12-31,20.28885841369629,20.28885841369629,19.787852657412905,19.95612918838188,706746
2013-01-07,20.16265296936035,20.449488883185822,20.00202409897818,20.2697379103332,1228147
2013-01-14,20.80516242980957,21.237327425088395,19.696063144878412,20.11675517217082,1682303
2013-01-21,20.648359298706055,21.00785973917962,20.51832697616494,20.805162853041864,1071329
2013-01-28,20.831933975219727,20.973439265236053,20.26973519264396,20.728672885016664,1214193
2013-02-04,20.323278427124023,20.900775495107464,20.25061386115246,20.835758602250582,947060
2013-02-11,20.98491668701172,21.076704828535483,20.262090361107994,20.38064973996723,1097706
2013-02-18,20.64071273803711,21.294698268639006,20.3462276926901,21.03080975425304,783408
2013-02-25,23.17633819580078,24.048320250854417,20.116755518656245,20.644533938962038,3285623
2013-03-04,24.576099395751953,24.897354185758072,23.145743810088867,23.520542524018758,2837744
2013-03-11,25.493968963623047,26.266512151379125,24.29690561296848,24.522551307598587,2415920
2013-03-18,25.233915328979492,25.949091079993693,24.99297126925077,25.249210678246808,2141512
2013-03-25,25.237735748291016,25.471029197430546,24.717606378194283,25.363944253795196,923483
2013-04-01,24.26249122619629,25.895543730688747,24.128635061452144,25.237732957836883,1081575
2013-04-08,24.970022201538086,25.34481365074362,24.170706081465458,24.43077075414421,1170821
2013-04-15,24.476661682128906,25.03120404553556,23.63527614502118,24.901179016605965,1064561
2013-04-22,24.518733978271484,25.59723689010951,24.28544053654005,24.56845115256748,1083734
2013-04-29,25.279800415039062,25.36776469782716,24.220421233442522,24.453713179039035,930255
2013-05-06,26.951099395751953,27.115552081494087,24.92794999872724,25.138297475087676,1533668
2013-05-13,27.666269302368164,27.815426611808128,26.656607458718824,26.782815918636196,1343229
2013-05-20,28.855682373046875,29.3949410608607,27.69304934897107,27.69304934897107,1840680
2013-05-27,29.23017120361328,29.83313706649623,28.568856294824702,29.782563936169076,1550496
2013-06-03,29.47523307800293,29.564712475870536,28.70889303873142,28.942298069959726,1355553
2013-06-10,29.31186294555664,29.626962634160574,28.553295666875677,29.416897164393525,1214958
2013-06-17,28.05535888671875,29.79034044778431,28.05535888671875,29.448010277663236,1259326
2013-06-24,27.911428451538086,28.52995206161811,27.343475002261854,27.814176087595445,1572710
2013-07-01,28.292654037475586,28.724451726802236,27.289009106182935,27.94643295238736,1456935
2013-07-08,29.798128128051758,29.910941243068407,28.261541737532454,28.261541737532454,1247362
2013-07-15,29.93039321899414,30.109337240852327,28.985099972979818,29.650305891596254,885096
2013-07-22,30.07431983947754,30.33495842840396,28.592194774372814,29.953727858866756,1205201
2013-07-29,30.381637573242188,30.443880510086924,29.69698010748303,29.879815024581205,1081905
2013-08-05,30.537250518798828,30.731755299173344,29.73200084676463,30.24938427485862,947883
2013-08-12,30.117109298706055,31.077963063769722,29.731990794781932,30.611152935856023,867759
2013-08-19,30.52556800842285,30.65394182236522,29.747549210575066,30.117106952390294,619001
2013-08-26,29.004547119140625,30.34274073728441,28.864503462920606,30.222148743058753,898632
2013-09-02,31.431970596313477,31.474761881208998,28.759474109044326,29.129031968152432,1609174
2013-09-09,31.73928451538086,32.16331243996223,30.980722951537228,31.081866274127595,1119584
2013-09-16,32.03492736816406,32.16330119797683,31.42418265506563,31.595347761482646,1342750
2013-09-23,32.1282844543457,32.209984989822274,31.439744940836256,31.704271496579196,909009
2013-09-30,32.63011932373047,33.108602366404824,31.358059426910348,31.548673271530156,1620101
2013-10-07,34.260066986083984,34.462344686987684,32.48229366697879,32.575655117163336,1577632
2013-10-14,34.1239128112793,34.46234323105169,33.260311271812746,34.22894406731127,1296057
2013-10-21,34.43511199951172,34.58293747619778,33.58707135881454,34.085005901459304,1451382
2013-10-28,35.04197311401367,35.21313525943344,34.1589199716141,34.36509451199004,1183046
2013-11-04,35.049747467041016,35.78108706188361,34.66073805460348,34.69575044503412,1064684
2013-11-11,35.18201446533203,35.644933677624074,34.598500309279366,34.9719490130043,864191
2013-11-18,34.228946685791016,35.53601890477222,34.088903021763954,34.789121341899275,977560
2013-11-25,34.9525032043457,35.1119985249583,34.01110092063911,34.232836218337056,955431
2013-12-02,33.61431121826172,35.115879172776296,33.299211515408864,35.010853852910294,1003970
2013-12-09,34.3455810546875,34.52564643222909,33.50788417431748,33.727096666263975,948868
2013-12-16,35.18328094482422,35.52775646742034,34.228151599049156,34.25946511214407,1091624
2013-12-23,36.013145446777344,36.16189432021992,35.093245046253124,35.15587505056907,503885
2013-12-30,37.31666946411133,37.62199786094715,35.97008988165006,36.01314932084544,733285
2014-01-06,37.363651275634766,37.44977017718929,36.60815771177892,37.312764191310045,900214
2014-01-13,38.322689056396484,38.35400555535119,36.75689994672967,37.49673506212678,1288893
2014-01-20,37.28143310546875,39.06643449343336,37.195314237590395,38.361828289433475,994218
2014-01-27,37.8333854675293,38.20525924061144,36.62381165123514,37.19141207802585,1161645
2014-02-03,37.9429817199707,38.35791484554905,36.46722691483447,37.83729227748573,1178835
2014-02-10,38.1191291809082,38.75327475199178,37.18748587312343,37.88034613796035,1208919
2014-02-17,37.383216857910156,38.31094802680355,35.974007186222046,37.95081424387294,1774018
2014-02-24,37.657230377197266,38.561475702520895,37.379303142896305,37.379303142896305,1627537
2014-03-03,36.40459060668945,38.056498314210174,36.37718942139194,37.254030337417625,1306581
2014-03-10,36.73340606689453,37.136599216281816,36.01314460825204,36.22452646759416,1308255
2014-03-17,36.98394012451172,37.363641475353006,36.54943340718738,36.6433799176477,1008393
2014-03-24,37.61417007446289,37.93124442208855,36.185389801536836,36.901736099381196,856203
2014-03-31,39.035118103027344,39.14472284916415,37.52021625362277,37.6650528033066,1463776
2014-04-07,36.07969284057617,38.94900194157624,35.62170026817525,38.729792434069246,2244937
2014-04-14,35.84090805053711,36.24409822665436,34.5217327737075,35.758704489178726,1220427
2014-04-21,35.24591064453125,36.09143514905711,34.76051689218297,35.84090914871571,1262026
2014-04-28,35.68433380126953,36.18929814061272,34.670483840734356,35.230253544287145,1054619
2014-05-05,35.34376907348633,35.899623396878475,35.23024902380677,35.6530127288537,844405
2014-05-12,34.12245178222656,35.711729448542656,33.899326997196425,35.49251698523743,1301390
2014-05-19,34.83880615234375,34.995385653700346,33.82104387328426,33.899332130709766,1170593
2014-05-26,35.04032516479492,35.894188461610256,35.04032516479492,35.56700722679448,1051149
2014-06-02,37.498172760009766,37.63782271510167,35.17997132892135,35.18795306586415,1272203
2014-06-09,36.5325813293457,37.42634700255718,36.30914143311298,37.218864489649405,843951
2014-06-16,36.20540237426758,36.847795159069136,35.61089087476803,36.257274527713214,870104
2014-06-23,35.41937255859375,36.18944580892951,34.314139407788105,36.18944580892951,1306474
2014-06-30,35.36750411987305,35.7824661789644,34.98047205302145,35.120122014220264,762648
2014-07-07,35.53907012939453,35.84630000242804,34.2463058799939,35.12809899460121,880891
2014-07-14,35.403411865234375,36.06575291130024,35.04829765509087,35.44729923883721,621582
2014-07-21,34.429847717285156,35.35952215665317,34.078727412436976,35.255780890439176,1117993
2014-07-28,33.2767333984375,35.084210124048035,32.83783225584391,34.47373817504216,1207031
2014-08-04,32.813899993896484,33.51614386047559,32.47075827750792,33.23684387929489,850148
2014-08-11,33.09318923950195,33.508151213142064,32.359024811018614,33.03732926652542,807178
2014-08-18,33.631839752197266,33.83533138741709,33.021367890677915,33.244807776164706,646898
2014-08-25,33.9111442565918,34.52161620177658,33.44032225897534,33.85129340930808,617661
2014-09-01,34.330101013183594,34.64531266987788,33.86326983120154,33.99095023253358,845354
2014-09-08,34.09867858886719,34.48171978448765,33.3246144603883,34.3141398321801,904111
2014-09-15,34.5974235534668,34.99642509791108,33.54805058746881,33.9151312777639,965671
2014-09-22,32.5026741027832,34.597432769090844,31.920132058021235,34.525612350194656,1213280
2014-09-29,33.11714172363281,34.11464599241693,32.43085829964671,32.442827863809484,1370147
2014-10-06,30.998430252075195,33.5719889371451,30.40790664040014,33.037328341021855,1374916
2014-10-13,30.675233840942383,31.56101764694035,29.047310054823228,30.683215575561004,1508139
2014-10-20,30.324119567871094,30.63134943986063,29.805416304975022,30.48372080600376,1256029
2014-10-27,31.592947006225586,31.69269740684588,29.92512018608862,30.60342169265037,1388218
2014-11-03,32.23932647705078,32.59443761323319,31.177980892224973,31.529101160545714,1080327
2014-11-10,32.64231872558594,33.11314071809669,31.975986808599693,32.13558805157869,890162
2014-11-17,33.83134841918945,33.85528754275555,32.54656268936794,32.69419438768747,1835775
2014-11-24,34.05079650878906,34.457779862551426,33.71164574341426,33.74755747187129,951365
2014-12-01,35.455284118652344,35.551043654882044,33.759527237386706,33.91513762531276,2009998
2014-12-08,33.94093322753906,36.45433167347481,33.884633347799166,35.56559435116553,1819932
2014-12-15,36.27336120605469,36.305533439016706,33.05219231652917,33.900715785196205,2020139
2014-12-22,36.30150604248047,36.52268627787713,35.62992688134891,36.19695090221348,742150
2014-12-29,36.217063903808594,36.361835894303375,35.593742953507444,36.19293626143054,612455
2015-01-05,37.616519927978516,38.2036493284314,35.46907109662489,35.99588139999678,1692828
2015-01-12,38.473087310791016,38.73045903513573,36.85244867939405,37.72912207422854,1662922
2015-01-19,38.296146392822266,40.08568465356084,37.801508285499736,38.44493760014097,2331316
2015-01-26,37.64065170288086,39.02000478976785,37.52402965552154,38.179525884882096,1779844
2015-02-02,39.34573745727539,39.46235949643924,37.339041287927664,37.64869364973479,1981074
2015-02-09,40.5200080871582,41.18756516580251,38.75861636910921,39.06424650064375,2281538
2015-02-16,41.662086486816406,41.99184419635405,39.96906188691227,40.463699985275206,1429323
2015-02-23,41.348419189453125,42.30552018533094,39.98112986097535,41.78273516463664,2119970
2015-03-02,42.20899963378906,42.34573007829942,40.2384950185505,41.30015407193134,1794680
2015-03-09,43.21435546875,43.53607161009828,41.645994648873994,41.98379690410094,1831453
2015-03-16,42.836334228515625,43.528021700215234,41.8711920586309,43.10979199481286,1534203
2015-03-23,41.75054931640625,42.78808056279901,40.49586015322578,42.63526402796011,1941304
2015-03-30,42.08031463623047,42.538758188230936,41.2036412868043,41.951628780723546,1026981
2015-04-06,43.96234130859375,44.38057105006189,42.07226748344943,42.080309006043336,1356806
2015-04-13,43.21435546875,44.44491403339905,43.09371421682877,44.3805726459969,1842198
2015-04-20,44.276023864746094,44.847067222488704,43.32696442066897,43.33500901337699,1927043
2015-04-27,43.62455368041992,44.919453928647755,42.2170506092863,44.27602456689503,1592739
2015-05-04,43.9945182800293,45.40202113041708,41.605783889289384,43.873873951322395,2177246
2015-05-11,44.308189392089844,44.87119114001182,42.65135637805952,43.72910152930008,1989872
2015-05-18,46.334999084472656,46.76931503068839,43.938222924112075,44.380580394614896,2194982
2015-05-25,46.181854248046875,47.69026768345339,46.181854248046875,46.883062285978916,2737400
2015-06-01,45.20341491699219,46.671060783081025,45.0566503303833,46.29599400044623,2374107
2015-06-08,45.0240478515625,45.937247496403735,44.46960443246615,45.00774032625468,2075967
2015-06-15,44.37991714477539,44.75498091734766,43.51563691592648,44.73052118315373,2468209
2015-06-22,45.88016891479492,46.516146797438374,44.49406048180341,44.83651226423292,2297702
2015-06-29,43.94778060913086,45.529573403472185,43.87439829282755,44.08638992306892,2159462
2015-07-06,45.27680206298828,45.423566665327144,42.46382110895821,43.21394853394167,2245791
2015-07-13,47.2825927734375,47.60058176790038,45.83940932058525,46.05140094677961,1666473
2015-07-20,49.7368049621582,51.179988036760214,46.10846365022747,47.290732586970094,2850677
2015-07-27,50.250484466552734,50.65000790668348,48.43223758329021,48.92145084762968,2626639
2015-08-03,50.27495193481445,51.57952291407615,49.93250321913671,50.24233688274727,1664419
2015-08-10,51.03322982788086,51.5795179003635,48.733921756468945,50.55216874284973,1735143
2015-08-17,49.12529754638672,51.489835933835295,49.12529754638672,51.20445889516113,1856515
2015-08-24,49.76942825317383,49.76942825317383,45.82309737626361,48.13055774846515,2664419
2015-08-31,49.15790939331055,50.59293736989871,48.73392307718755,49.4922058777076,1668419
2015-09-07,50.030338287353516,50.54401439957119,49.13344314264973,49.51666217513585,1889657
2015-09-14,50.37278747558594,51.37567686957054,49.320978620160524,49.90803392984532,1647734
2015-09-21,51.36752700805664,51.970892979559025,49.068218905094824,50.08741586954039,2456114
2015-09-28,51.05768585205078,51.93827344627305,48.92145006989449,50.89461372974939,2233457
2015-10-05,50.15264129638672,53.193924570361006,50.022184213413155,51.97904356835884,2364654
2015-10-12,51.11476135253906,51.28598879406972,48.46484943620708,50.168946762200406,2282508
2015-10-19,54.50664520263672,54.62895006632495,50.079253926046015,50.959841479780735,1991604
2015-10-26,53.75651931762695,54.30280734045373,53.09608174437918,54.14789364813034,1447521
2015-11-02,54.78386688232422,55.03662569117611,53.242841860625965,53.33253167422181,1488706
2015-11-09,53.43852996826172,55.33831438900655,53.11238573223126,54.8001754664537,1326469
2015-11-16,56.545040130615234,57.588696712229854,53.49560488983178,54.531106154835186,2051566
2015-11-23,57.12394332885742,57.653926937505474,55.721527461302784,56.54504026179641,1705691
2015-11-30,57.02610397338867,58.19206541517229,56.463505323231495,56.9608738822172,2336016
2015-12-07,55.62470626831055,58.73044722607438,55.40345575900469,57.575016785108986,1585229
2015-12-14,56.837501525878906,58.55835887055701,55.09206148729861,55.723040221296436,1965578
2015-12-21,56.24748611450195,57.280002916542514,55.42802972442826,56.95221911012182,644226
2015-12-28,56.7801399230957,57.157089151494404,55.56734158880517,56.403190694697,390446
2016-01-04,56.74736404418945,57.47667984727229,54.72330543825685,55.97707291429909,1852151
2016-01-11,56.05902099609375,60.598804409634965,55.37887061481754,56.82930583868865,2583352
2016-01-18,57.312782287597656,57.70611785624409,54.493850287154956,55.895119972875634,2081298
2016-01-25,57.50126266479492,58.238774785198295,55.550958392579005,57.66515772041629,2377596
2016-02-01,51.97813415527344,57.95197372261185,51.80604901365767,57.64057620277177,2426068
2016-02-08,50.208106994628906,51.8388239020345,48.9789220765733,51.8388239020345,2581642
2016-02-15,54.19066619873047,54.19886251580671,50.83089517265626,50.8882568882737,1759520
2016-02-22,59.1156005859375,59.70561035783363,54.256222536572544,55.12484456077634,2638363
2016-02-29,59.41059875488281,61.16423523866347,58.533780512992486,58.853368061310455,2033541
2016-03-07,58.96809387207031,60.55784161432082,57.70613000735028,59.41060116894285,1381978
2016-03-14,61.328128814697266,61.35271776429027,58.419061641960724,59.36143798037982,1889257
2016-03-21,63.10636901855469,63.60623815958252,60.74632946695857,61.05772704777147,1668287
2016-03-28,62.385223388671875,63.54885641295474,60.92659176534008,63.106349136445566,1465614
2016-04-04,62.68842315673828,63.26204021425242,61.860770329219,62.1393887942666,1440228
2016-04-11,62.41801834106445,63.01622451170208,61.426476436602684,62.53274178442639,1440843
2016-04-18,62.06562423706055,63.229257043767646,61.147837096166604,61.74603675021983,1350122
2016-04-25,61.86896514892578,64.92554061509135,61.68048740489584,61.87716146439409,1662989
2016-05-02,61.85259246826172,63.024415761475744,61.147859228876605,61.852592468261726,1578247
2016-05-09,62.93426513671875,63.75372168145749,61.81980373571747,62.09841595998915,1389822
2016-05-16,63.327606201171875,63.778309840164326,61.54938684725222,62.61468294743921,1418590
2016-05-23,63.69635009765625,64.00774128567296,62.72119495998293,63.3030082663058,1079259
2016-05-30,63.45558166503906,64.80887779764484,62.93252995754997,63.82918912263666,1283047
2016-06-06,61.33845138549805,63.87900344885248,61.197311363717745,63.40576441433009,1413546
2016-06-13,59.99347686767578,60.865229901448984,59.154928043915575,60.85693201607755,1763449
2016-06-20,60.018367767333984,63.580116963757284,56.166034301001034,60.61614474215496,1605015
2016-06-27,63.07368087768555,63.27293780051682,58.19183876134398,59.32097188116017,2190310
2016-07-04,62.7664794921875,63.58012184465797,60.64935993380913,63.438981807618575,1336730
2016-07-11,64.0782699584961,64.75907018657418,62.81630112142309,63.18160438953585,1381070
2016-07-18,65.45646667480469,66.1621794953596,63.03215450187019,64.11977899342747,1591866
2016-07-25,67.65662384033203,68.55328943790255,65.29873245516102,65.45647460591405,1979727
2016-08-01,67.45736694335938,68.08005033052885,66.67693507114282,67.54869434688527,1098787
2016-08-08,68.57821655273438,69.24241490067362,66.75168059729879,67.35775573059833,960179
2016-08-15,67.56527709960938,68.69440982503697,67.07543601577154,68.2128729575767,701485
2016-08-22,66.08746337890625,67.88079460571986,65.54780316708198,67.47397022499489,1204707
2016-08-29,65.97954559326172,66.13729410909198,64.36886889051044,65.92142871915544,1402489
2016-09-05,65.18251037597656,67.108677744024,65.18251037597656,66.19540988003207,1248870
2016-09-12,67.09204864501953,67.27470342842891,63.88730472046076,64.60131541873628,2095501
2016-09-19,67.46565246582031,67.90568092399592,66.92599241297314,67.34111455604616,969836
2016-09-26,68.07173919677734,68.7027267386045,65.91310494072502,67.2497989828032,1361042
2016-10-03,67.82267761230469,69.01822542696553,67.49888275268164,68.08005138937351,1511347
2016-10-10,68.8272705078125,69.64090657288273,66.71844871185007,68.46196089983485,1392717
2016-10-17,70.58739471435547,71.01912546338679,68.12987140243422,68.77746119171744,1650372
2016-10-24,70.92778778076172,71.17686366408897,70.03112220189902,70.66210979453531,1362335
2016-10-31,69.87338256835938,71.48405264656608,69.184278089389,70.58738703544293,1474097
2016-11-07,75.65188598632812,76.65648113583299,69.51637924342815,70.38813222394234,2140335
2016-11-14,74.09932708740234,76.38249963071166,73.80043853862806,76.38249963071166,2000044
2016-11-21,76.37418365478516,76.80591430733958,74.4065084015573,74.44801682266986,1398794
2016-11-28,76.1085205078125,77.34558951510355,75.37790754450528,76.34929220048801,2223926
2016-12-05,75.38146209716797,77.82468890271255,75.37312165866773,76.20698737575611,1610756
2016-12-12,76.61557006835938,77.06585826184345,74.40583128814548,75.54822310390367,1768311
2016-12-19,76.68229675292969,77.17428087379953,75.51488338265132,76.42380039562836,1140893
2016-12-26,76.82403564453125,77.43276033340139,76.36541338043043,76.68228001900316,457150
2017-01-02,74.65599822998047,77.38274274584575,74.33079110231077,76.32372969983153,1246561
2017-01-09,74.5559310913086,75.50653742681399,74.13899826479253,74.73937619098801,1140671
2017-01-16,74.23072814941406,74.83111252255168,73.38852830110415,74.39750512078061,1284644
2017-01-23,72.89652252197266,74.60594938953878,72.23776799512144,74.09729091136111,1259397
2017-01-30,73.68036651611328,74.41416596967974,71.70410271115466,72.75477517117353,1521143
2017-02-06,74.48922729492188,75.03957536933054,73.38018434557253,73.71373191043054,1056707
2017-02-13,74.29743194580078,75.03123782697287,72.99660350101806,74.54759419836225,1576080
2017-02-20,74.30577087402344,75.55656938763143,74.08896401700213,74.62263754052364,1385740
2017-02-27,76.48216247558594,78.31666445772582,74.16401686404706,74.48922397577284,2146063
2017-03-06,74.15567779541016,76.94078621124868,74.15567779541016,76.40711266615517,1393196
2017-03-13,74.42251586914062,74.88114456211005,73.27178346026814,74.24740483052246,1556235
2017-03-20,74.96452331542969,75.21467919365624,73.67202901131071,74.30576868755338,1023183
2017-03-27,75.5982666015625,75.88177788280187,73.69704748204947,74.44752787634536,1314668
2017-04-03,76.70729064941406,76.70729064941406,74.35579003798361,75.67329914218864,1245876
2017-04-10,76.87407684326172,77.40775035401734,76.15695187032946,76.54052930856693,771032
2017-04-17,77.41609191894531,77.41609191894531,75.76504132341955,76.87408427976092,1057610
2017-04-24,80.48471069335938,80.8349391055497,78.35001663984559,79.21723768955809,1603741
2017-05-01,82.35256958007812,82.47765069419172,80.10112861170266,80.48470602959854,1189467
2017-05-08,81.89395141601562,82.91126861006026,81.36861830386216,82.55270609678044,1035040
2017-05-15,81.60208892822266,82.29419890988913,80.2679052274672,81.98566634457174,1228967
2017-05-22,82.73615264892578,82.80286342926141,81.15180660635077,81.63545022094875,1149213
2017-05-29,83.6932601928711,84.53736769569375,82.51995127914995,83.73546170399473,1287691
2017-06-05,82.90824890136719,83.56665179418935,81.94596675954557,83.56665179418935,1119758
2017-06-12,83.92961120605469,83.92961120605469,80.64603345926885,82.07257723287002,1739188
2017-06-19,83.00109100341797,84.79059475986871,82.11477556326821,84.17439989883658,1239767
2017-06-26,79.54871368408203,83.65952080324776,79.21951217211938,83.09397014834076,1315559
2017-07-03,79.5571517944336,80.53631983081061,78.77213136527986,79.75129940165688,962619
2017-07-10,80.90772247314453,81.44795089072389,79.23639281876802,79.86103071908838,961464
2017-07-17,79.1435317993164,81.186270682363,77.95333697074585,81.13562628626384,1149013
2017-07-24,79.7681655883789,82.27516610870414,78.02086317118703,79.092876954476,1954921
2017-07-31,80.24931335449219,80.3674879092981,78.39227911608748,79.76817225563086,1250201
2017-08-07,79.41365051269531,80.8233087648669,78.87342212335973,80.40125493319657,1093131
2017-08-14,78.79743194580078,81.245344925055,78.561082881878,79.55712996557334,1003448
2017-08-21,78.67928314208984,79.65845122999264,78.5104641669492,78.5104641669492,778423
2017-08-28,78.43447875976562,79.26170706366798,76.8813238251311,78.76368021743339,867124
2017-09-04,78.45137023925781,79.73441108577393,77.84361167615998,77.92802115658344,850463
2017-09-11,80.08048248291016,80.08048248291016,77.89424066433574,78.50199910718314,1468031
2017-09-18,78.79743194580078,80.6797944592356,77.83514993409855,80.00450589943134,1475835
2017-09-25,80.8486328125,81.32977393400147,78.65395412565172,79.1350952471532,1261559
2017-10-02,80.32528686523438,81.38042142510749,79.65844105059094,80.70513273077658,1126739
2017-10-09,80.78953552246094,81.14405915963523,79.97919302033552,80.38436749141309,1119348
2017-10-16,78.33319854736328,82.14856258649226,77.86893672798628,80.62916612310461,2402950
2017-10-23,76.07940673828125,78.7467895323594,74.28146007976116,78.32473578190621,2479267
2017-10-30,75.91902923583984,76.44237175474294,74.82168692970215,75.83461333534538,1354491
2017-11-06,75.5476303100586,76.43394586736176,75.04960991654742,75.96968411067344,1763835
2017-11-13,74.28146362304688,75.70800742843527,74.0197923460933,75.54762493480335,1685734
2017-11-20,74.18017578125,75.18466591600816,73.5217728640247,74.15485358289982,1268970
2017-11-27,71.78291320800781,74.38276623880353,70.491429572069,74.15485357362014,2449612
2017-12-04,72.68604278564453,72.87274468705769,70.64930477644627,72.43993632238279,1641877
2017-12-11,73.22068786621094,74.74824307571113,72.55026121729762,73.14431334304193,2199388
2017-12-18,76.11457061767578,80.28139222088325,75.83451769103901,76.3776471080606,2932916
2017-12-25,76.27579498291016,76.58979425420333,75.54596373852993,76.11455771353239,546299
2018-01-01,77.48086547851562,77.88820921512682,76.27579127739529,76.27579127739529,1329076
2018-01-08,76.03817749023438,78.22767124576751,75.91936835385155,77.49783999392312,1577010
2018-01-15,77.44693756103516,78.05795978630778,75.63084732181568,76.03819115558844,1744909
2018-01-22,76.47948455810547,77.75244531421806,74.13723495396658,77.75244531421806,1645260
2018-01-29,75.47808837890625,77.39601125320776,75.18954724120125,76.71710273584364,1268127
2018-02-05,74.93495178222656,75.42715830581976,71.54039009740747,75.32532559902725,2269791
2018-02-12,76.10607147216797,76.700117163425,72.98307453539003,75.52899574011295,1682381
2018-02-19,78.21070098876953,79.31392960449305,75.93634449800378,76.37763464937073,1355669
2018-02-26,75.95331573486328,78.92355713231603,75.54596549438315,78.5162068918359,1457914
2018-03-05,81.99563598632812,82.23325425719548,75.54596390763649,75.78358865311614,2642245
2018-03-12,82.40299987792969,83.33650323069114,81.92776322007597,82.47089267894133,1875972
2018-03-19,81.63919830322266,82.62362420766799,80.14559596315743,82.30114320859727,1566361
2018-03-26,83.96446990966797,84.5415455489809,81.52038180217258,81.89378559073134,1458649
2018-04-02,85.03376007080078,85.4580802437581,83.16675389963342,83.96447789666901,1494389
2018-04-09,86.05213165283203,86.43401721546319,85.03375936146237,85.03375936146237,1266539
2018-04-16,87.7494125366211,88.55561827056367,85.92483450891676,86.05213185496348,1192744
2018-04-23,88.47076416015625,88.59806151861856,86.43402584859705,87.57968912553265,1295764
2018-04-30,92.20480346679688,92.7988493032772,88.08889780789005,88.34348610583274,1725279
2018-05-07,93.90206146240234,94.45367901678132,92.20478066407465,92.33207801887171,967563
2018-05-14,93.35045623779297,94.45369149226674,93.18073072538775,93.77477649341931,1076402
2018-05-21,92.798828125,94.24152071588429,91.35614200872826,93.35044568990833,1536853
2018-05-28,93.02439880371094,94.44166275500461,91.90775984780099,94.22692499835088,1521099
2018-06-04,94.78524780273438,94.78524780273438,91.69302530905615,93.15323948423638,1538447
2018-06-11,95.17178344726562,97.14736702341958,93.19619331783493,95.08588309559553,2087077
2018-06-18,93.11029052734375,95.60124975984765,92.63786485188959,95.12882408439349,1439186
2018-06-25,94.78524780273438,95.42946109530385,91.2635497806765,92.59492653996404,1177463
2018-07-02,94.01217651367188,95.25765929210337,93.453863652704,94.22691424582122,1227348
2018-07-09,98.43578338623047,100.28252934870333,94.31282251413806,94.44165992164402,1642279
2018-07-16,97.44798278808594,99.5094663815313,95.9448186235514,98.1780963391947,1361922
2018-07-23,96.5031509399414,98.82232274975881,95.94483143647001,98.77937257515464,1186468
2018-07-30,98.60758209228516,99.25179537280111,96.11662276363488,96.58904190404742,1213563
2018-08-06,98.95114135742188,98.99409152386166,97.27618971867534,98.69346001860912,899651
2018-08-13,98.90821075439453,99.33768626218324,97.96336594791461,98.82231696349203,773924
2018-08-20,101.18444061279297,102.42991706692922,98.69348115124376,99.12295669450131,938115
2018-08-27,104.23369598388672,105.30738466636036,100.96968632113222,101.65684314594995,1121058
2018-09-03,102.08634185791016,105.09267085319816,100.75497152053461,104.2766698900737,1414850
2018-09-10,104.79203033447266,105.650981402788,101.82865177009533,102.17222695480021,1044362
2018-09-17,104.53433227539062,106.8964474846423,104.10485678279942,104.87791398011879,1564911
2018-09-24,105.09265899658203,105.82276607383973,102.38696189542576,104.14781415817347,1238193
2018-10-01,100.96971130371094,106.33815604437449,100.15370377116372,105.22151691700556,1422660
2018-10-08,94.31282806396484,102.38696270441244,92.76671355015174,100.71201077551196,2154689
2018-10-15,99.8530502319336,101.31326425917626,92.6378607754871,94.69934441351121,2379534
2018-10-22,98.69347381591797,101.82864635933396,96.54609625923253,99.72421242181649,1883979
2018-10-29,98.17810821533203,99.20884686010041,92.89555791602204,94.91409158477138,1933508
2018-11-05,97.57683563232422,99.85305717096271,95.81598995396334,98.26399907717685,1356871
2018-11-12,95.9018783569336,98.95115040807855,95.25766512106517,97.92041185199945,1281864
2018-11-19,92.93850708007812,96.67494963509372,91.90776837383189,96.20252390531935,1232809
2018-11-26,93.02439880371094,94.78524447630586,91.95071002044224,93.58271172838965,1530591
2018-12-03,89.82622528076172,94.78780840213689,89.26534935038453,93.96807121539665,1491094
2018-12-10,89.69677734375,93.79547580350034,87.84158225490934,89.4810563721842,1423851
2018-12-17,87.15128326416016,90.68910631763295,86.59040735223928,89.99880307343084,1627927
2018-12-24,86.97869873046875,87.2375599474556,84.8905147137311,85.61534060451383,478345
2018-12-31,88.18673706054688,88.18673706054688,85.3909949057435,87.1512789538144,698173
2019-01-07,88.48875427246094,90.77539153966,85.3909973788027,88.57504135330731,1340355
2019-01-14,86.1330795288086,88.40246205016462,84.83875354515592,88.31617496791092,1602948
2019-01-21,82.90589904785156,87.32386106098134,81.38722131419685,85.96050929908859,1712194
2019-01-28,85.23567199707031,85.66711395419927,82.26734922537295,82.83685576875844,1857443
2019-02-04,86.41783142089844,88.70447527151636,85.14939092420596,85.30471030305162,1676456
2019-02-11,92.19915771484375,92.50116581008261,86.37469048543217,87.02185351092234,1916251
2019-02-18,92.88945770263672,93.32089967377458,91.46569788122538,92.026573760361,1238545
2019-02-25,92.45802307128906,94.44265234610398,91.33627122396743,92.93260532724625,1819128
2019-03-04,93.23461151123047,94.65836473279153,91.12054192728723,93.0188905281719,1507880
2019-03-11,95.21924591064453,95.21924591064453,91.59513582665194,93.19146987357053,1325925
2019-03-18,91.20683288574219,95.6938334743027,90.81853773302316,95.2192446580619,1262860
2019-03-25,92.11286163330078,92.6737375172794,90.17137274641621,90.81853570871107,981046
2019-04-01,93.40719604492188,94.78780917327111,92.32859100976111,92.63059910294959,1217322
2019-04-08,91.72455596923828,93.40717684491027,90.21450923040601,93.19145588221994,1179297
2019-04-15,92.97574615478516,93.10518006469651,91.29312507578403,92.02657512090549,917654
2019-04-22,96.55673217773438,96.55673217773438,92.24231167455842,92.97576184344169,1045784
2019-04-29,91.03425598144531,97.07444358210994,88.57503806068827,95.9526918229594,1755229
2019-05-06,86.71984100341797,90.47338504362585,86.46097317307989,90.04194304858397,1226996
2019-05-13,87.92787170410156,88.18673292701015,83.56167464493342,86.28839095922002,1745116
2019-05-20,86.88150024414062,89.53738031262968,86.21533676598504,89.01146459298315,1606509
2019-05-27,86.39064025878906,87.6966724395126,85.19856105433527,87.35482688546583,1669932
2019-06-03,90.10713958740234,90.10713958740234,85.37388397631473,86.25041254550199,1734962
2019-06-10,92.42991638183594,95.05950156126093,90.1509438971438,91.07130138489492,1737769
2019-06-17,93.52558898925781,95.41012661612548,92.34227684269776,92.51758655646557,3905540
2019-06-24,95.23481750488281,95.23481750488281,93.17497698323893,93.39410909591129,1228600
2019-07-01,93.04350280761719,96.19900411067316,93.04350280761719,95.5854368277446,1585363
2019-07-08,90.85218048095703,93.78854962231001,89.80034226715628,93.17498234646256,1458370
2019-07-15,90.80834197998047,92.5613988007808,90.10712326408898,90.98365167448914,1197007
2019-07-22,91.59722900390625,91.90401264395494,89.58121076236039,90.72070049669183,1291190
2019-07-29,87.60025787353516,91.72870618556938,87.09186975339976,91.37809345832491,1405173
2019-08-05,87.5301513671875,88.74852565351425,85.28624016716981,87.03929746402935,1479944
2019-08-12,89.14295196533203,90.1071387321927,86.63607974625872,87.87198822702618,1505076
2019-08-19,92.2546157836914,93.569408407687,89.14293723194938,89.40589843170093,1334426
2019-08-26,92.16696166992188,93.26262215889531,89.844160095822,91.94782957212719,1297497
2019-09-02,96.1551742553711,98.21502159056604,91.46574809442237,91.99166385957312,1786305
2019-09-09,94.2706527709961,96.94406096491652,93.43794659593306,96.3304936252974,1402562
2019-09-16,92.0793228149414,94.09533437911367,91.90401310019914,93.65707012333077,1636844
2019-09-23,91.68487548828125,92.07931730732187,90.15095068479104,91.77252699671868,1547402
2019-09-30,86.30298614501953,93.96384254922556,85.42645773807757,91.7286991239522,2839528
2019-10-07,84.8304214477539,87.51259633718091,84.44474679376209,86.4432372565895,2496075
2019-10-14,78.87003326416016,85.61929968764264,77.30980699803064,84.58499584402357,3181339
2019-10-21,76.29303741455078,79.34335268857384,75.55675003598499,78.78237501318154,2956704
2019-10-28,76.01255798339844,77.85326662652827,75.81972062973472,76.43328794831726,2352611
2019-11-04,75.99501037597656,77.18708954706005,75.45156704238744,76.25797157359655,2362854
2019-11-11,77.9759750366211,78.25646389084923,74.46986101507852,76.11773219774608,2687583
2019-11-18,79.7465591430664,80.9035763979367,77.3974626937987,77.69547914870746,2479947
2019-11-25,77.94091033935547,80.09716958391246,77.52018041657347,80.00951807394802,2258283
2019-12-02,77.6374740600586,78.96144191251672,75.7133071784575,78.6613457649696,2295996
2019-12-09,76.1369857788086,78.09645943037043,75.71331307007256,77.77870658233071,2021179
2019-12-16,82.06835174560547,82.06835174560547,76.61360426741778,76.64890414863214,3315526
2019-12-23,82.08600616455078,82.89803815774886,81.32693073011168,81.69764010952186,662616
2019-12-30,83.07457733154297,83.39233017547964,81.13275364814676,82.03305561731703,899198
2020-01-06,84.66331481933594,85.65187973741884,82.61557849434445,83.07455770897306,2012726
2020-01-13,87.18768310546875,87.45247933274726,84.57505438144847,84.66331754585872,1817803
2020-01-20,87.1170883178711,88.22922328014731,85.93434684955213,87.38188460119136,1747314
2020-01-27,87.57605743408203,88.21156305271882,85.7048471941013,86.3580027536787,1533950
2020-02-03,85.98729705810547,87.94677055453187,85.3164915289522,87.5407545550816,1772148
2020-02-10,84.73394012451172,85.84607497417953,83.8512949148814,85.70484850829538,1746673
2020-02-17,85.12229919433594,85.96963771804054,82.72150334348223,84.73393317903667,1556082
2020-02-24,80.14419555664062,85.9343465425094,79.54399648610185,83.63947012011378,4013303
2020-03-02,78.44950866699219,83.58650383587363,77.77870311463715,81.20336431587513,3036305
2020-03-09,64.39779663085938,75.64269523014153,63.497501438855615,74.49526044558962,4058134
2020-03-16,57.07183837890625,61.891080068504294,46.338870170036614,61.343837653667514,3213484
2020-03-23,63.99176788330078,67.22225208740745,52.79982807241814,54.75930121470612,2479735
2020-03-30,63.85055160522461,68.42265408717437,62.66781024975564,63.991778071933574,1888738
2020-04-06,65.72176361083984,68.7757153261153,62.544242100973094,65.1568711972657,1555255
2020-04-13,63.72697067260742,66.56908884478145,59.71976802401694,65.72175039481205,1450035
2020-04-20,60.17874526977539,64.43309452963015,59.490283145399616,63.55044939908727,1353473
2020-04-27,61.026092529296875,65.29809907481516,60.07283403558012,61.78516798902886,1145759
2020-05-04,61.71455383300781,62.61485575279029,57.018881405149585,59.98456996317044,1510912
2020-05-11,56.04798126220703,61.78517619455893,52.74688608117821,61.52037988867662,1939411
2020-05-18,54.7239990234375,59.40202098841508,53.576561007641196,56.3480662259108,2178504
2020-05-25,60.708343505859375,63.21505969463382,54.58278625029194,55.465431562640106,2451893
2020-06-01,68.86397552490234,70.02906691926773,60.54945935901983,62.01465362302019,2325940
2020-06-08,62.297096252441406,72.00619289453503,59.684467418654705,68.84632164393666,2459218
2020-06-15,64.64494323730469,66.95747646743142,60.0198835111008,60.902528856852285,2305384
2020-06-22,62.22648239135742,65.96889590070846,60.09048276799582,63.991772671963304,1869290
2020-06-29,65.29808807373047,65.72175395463938,61.20260857597509,61.97934058105438,1922906
2020-07-06,62.9326057434082,67.20460529873642,61.308535066224565,66.16308368857854,1729994
2020-07-13,61.079044342041016,63.868206369654274,60.69068503830821,63.21505081578914,1738507
2020-07-20,58.96070861816406,64.78616623994692,58.71356227804667,61.07905194677659,2456319
2020-07-27,54.15910720825195,59.57854791709823,54.15910720825195,59.31375167718077,2257588
2020-08-03,57.901527404785156,58.43111321119119,53.806053958640156,54.28268320462025,1747334
2020-08-10,61.167320251464844,63.30332020080513,57.548469236705195,58.21928153124271,1835886
2020-08-17,59.68446731567383,61.43210093716836,58.64294577195711,61.1673114332697,1240095
2020-08-24,60.002227783203125,62.367717351155754,59.066619227741604,59.94926448840977,1382029
2020-08-31,57.672035217285156,61.096702967305184,56.471640551072326,60.54946050878431,1700143
2020-09-07,58.21926498413086,59.45496936473506,56.75407774576442,58.00743206387066,1292604
2020-09-14,57.91917419433594,61.16730844897505,57.65437796930838,59.04895885089776,1996009
2020-09-21,55.13002014160156,57.68969265002022,53.806052299390046,57.65438603280874,2124937
2020-09-28,56.877655029296875,57.619073715242116,55.13001468749336,56.153882916162885,1681402
2020-10-05,59.31374740600586,59.61385023857182,57.07183480141647,57.460194062202106,1694209
2020-10-12,57.86622619628906,59.80804998004712,55.97736571195726,59.27846412413111,1464631
2020-10-19,56.75407791137695,58.925383869009565,54.618075195875015,57.98977556153988,2509386
2020-10-26,49.32221603393555,56.348071205193,48.563140602971046,55.5183859071983,2787485
2020-11-02,55.85378646850586,57.142447636037815,49.1633376884114,49.56935366716407,2647234
2020-11-09,66.32196044921875,66.6926698207359,56.012664141273234,56.78938950074466,3087851
2020-11-16,70.69986724853516,71.58251229966305,66.88684089702453,67.08102388572024,2955122
2020-11-23,70.48805236816406,73.38312779961383,69.6230570336216,71.05294480678602,1792828
2020-11-30,72.0625,72.64808191815675,68.15859572527529,70.46544609741727,2837524
2020-12-07,68.46026611328125,71.95602920961878,66.95193588706124,71.9205383699116,1667358
2020-12-14,66.24213409423828,69.47172578784824,65.37262551402715,68.74418055509402,2034901
2020-12-21,66.88094329833984,67.80368467265652,62.87057383417933,64.69830778126143,826434
2020-12-28,66.455078125,68.05212530765546,66.437329320432,67.2003654564021,524337
2021-01-04,66.79222106933594,69.01034746919,66.100166715651,67.34231885340618,1727632
2021-01-11,67.82146453857422,68.65547582550693,65.88725720381004,66.7390173004235,1739751
2021-01-18,66.9874267578125,71.06877855743151,65.86948899866779,67.30683754613956,1922497
2021-01-25,65.81625366210938,67.43104957861944,64.07724319580511,67.32457706343071,1930689
2021-02-01,68.92163848876953,69.96859464389901,65.74527918110043,66.33086792495288,1405738
2021-02-08,69.11682891845703,70.21701785980049,67.75046206700824,69.205552632097,1441375
2021-02-15,68.08761596679688,69.8088844693007,67.04065988318922,69.25878660530836,1411134
2021-02-22,69.595947265625,71.68985946492103,66.89870431790156,67.57301674712883,1458193
2021-03-01,70.51868438720703,73.9967052981129,70.19927361281923,70.27024851998355,2055332
2021-03-08,74.52906799316406,74.72426425431124,70.69614476714023,71.03329763782122,1855328
2021-03-15,72.73681640625,76.07287421221865,72.73681640625,74.88396150639898,1925997
2021-03-22,73.57083129882812,74.3693583356259,71.49466777234,72.66583850324804,1333006
2021-03-29,77.43924713134766,77.77640676061905,73.6418148693475,74.08544026012669,1425186
2021-04-05,76.26807403564453,79.28472795443078,76.0196449074832,77.43924476068084,1155273
2021-04-12,76.35679626464844,77.52796696679107,75.34533096594281,76.10836714134332,1433278
2021-04-19,76.42779541015625,77.42151889960489,73.99672973056201,76.44554421969661,1434895
2021-04-26,75.22112274169922,76.87140979319015,74.49357734678715,76.44553319426852,1053062
2021-05-03,76.33905792236328,78.50395199167058,74.77749465421444,75.30984376836923,1241063
2021-05-10,76.58748626708984,76.99562080936829,73.14495571318493,76.48101373768348,1008715
2021-05-17,74.78199768066406,78.2082243565369,73.0688809032452,77.88363351959586,1215238
2021-05-24,75.93610382080078,76.62135198375901,74.63774032866215,74.81807241310676,1345901
2021-05-31,76.18856048583984,76.51315135301984,75.46724591900308,76.11642765336306,814576
2021-06-07,77.57708740234375,77.97381110633033,75.52134980707798,76.18856131735629,1033608
2021-06-14,77.36068725585938,78.5508513576896,77.1262590130696,77.68527809080987,1260657
2021-06-21,77.48690795898438,77.84755828898841,75.43117081051935,76.72952713225489,1144382
2021-06-28,78.47872924804688,78.83938654489964,75.86397244457154,77.27052833543497,1646736
2021-07-05,80.98527526855469,81.65248670141078,77.66724099205047,78.20822342082472,1525430
2021-07-12,78.96560668945312,80.75084944577615,78.1901959960312,80.73281967849506,1083382
2021-07-19,80.67872619628906,82.15741480553882,75.34101375813128,78.26233144086247,1805120
2021-07-26,79.79510498046875,83.31150081302803,79.68690575152573,80.80494381371086,1507653
2021-08-02,79.68692016601562,81.02135004850628,78.87544987853178,80.19184311345383,1284641
2021-08-09,78.69511413574219,79.88527829816397,78.51478894224032,79.88527829816397,841621
2021-08-16,75.64757537841797,78.74921139880297,75.52134636544118,78.44265718984943,1167015
2021-08-23,77.61315155029297,77.8295431647942,75.64757661457948,76.29675833704857,813526
2021-08-30,77.37872314453125,78.82134537013066,76.96396968460675,77.70331400516179,979855
2021-09-06,74.94429779052734,78.1721628371104,74.60167028621672,77.54101776964131,951283
2021-09-13,72.79838562011719,76.33281838319623,72.79838562011719,75.08855122596722,2357403
2021-09-20,75.14264678955078,75.57543685785872,71.28363010291105,71.82461940803718,1413913
2021-09-27,76.63937377929688,77.90167072321945,74.40330431757988,75.55740890105747,1594380
2021-10-04,76.29674530029297,77.05411926111819,73.93444707583313,76.42297429376384,1711405
2021-10-11,75.14264678955078,77.3967459643604,73.790187284665,76.22461852083826,1576350
2021-10-18,73.483642578125,74.92626486030733,72.3656111693044,74.836102257477,1486539
2021-10-25,71.82462310791016,74.45740942875793,71.60822462312655,73.6459323082322,1720470
2021-11-01,75.84593963623047,76.008235069363,71.8606866401909,72.05904848946015,1430462
2021-11-08,73.30330657958984,75.9721591284178,71.8246180981982,75.88199653886262,1484351
2021-11-15,70.54428100585938,74.47543024717072,70.23772684103334,73.30330288411525,1567402
2021-11-22,67.13609313964844,71.39183374492141,66.54101449784139,70.54429020162708,2069808
2021-11-29,66.03609466552734,67.87544061725853,64.79183426242926,67.31642836377769,3227667
2021-12-06,66.38800811767578,68.55125120364853,65.96990266078494,68.16950364751696,2383164
2021-12-13,65.93354034423828,66.71521782180979,64.40654328741952,66.5879686449549,2614173
2021-12-20,67.69686889648438,68.27858147465422,64.11569520279554,64.95190616709456,1323658
2021-12-27,67.98772430419922,68.89665106262669,67.53326092498548,67.71504350284664,620637
2022-01-03,70.45999145507812,70.8962793019891,68.09678353192383,68.13314143037975,1609092
2022-01-10,73.25949096679688,73.65942093567794,70.42364408799777,70.71450035594026,1632391
2022-01-17,74.62287902832031,76.53162366908168,73.35038028962599,73.423096088308,1804364
2022-01-24,74.16841888427734,76.45891809953562,72.93227799165935,74.29566807017386,1934105
2022-01-31,71.29621124267578,75.67723757791234,70.49635132341515,74.76831089479637,1819283
2022-02-07,76.47708892822266,76.93155226006832,70.7690305897708,71.8052064316141,1430534
2022-02-14,76.74977111816406,78.53126657974309,74.7137703610221,75.71359525719014,2035253
2022-02-21,83.60308074951172,84.80286371372273,74.22295750170922,77.31330272786214,3276669
2022-02-28,97.845947265625,101.0726324487763,90.07462226920023,93.71032857217145,7824153
2022-03-07,101.8452377319336,109.02575298900706,97.75506765329466,98.16408188733445,6231118
2022-03-14,102.07247924804688,103.48131158361525,97.70962796953623,101.7997984426796,5322339
2022-03-21,109.34387969970703,109.57111136414153,102.07246643780292,102.34514027438829,3256424
2022-03-28,102.34513854980469,111.88886829523564,99.89103938908929,109.43476913452024,2966036
2022-04-04,109.02574920654297,109.48021253284712,102.66326263828479,102.84505212954247,3459238
2022-04-11,116.79708099365234,117.34244256150448,107.57147359829223,108.29861773238815,2280472
2022-04-18,113.161376953125,119.2057341102017,111.61620429867362,116.79708384318523,2148629
2022-04-25,110.88905334472656,113.29771039855272,108.20772245160845,111.11628501141656,2081795
2022-05-02,110.02556610107422,116.11537145853977,102.02700936376587,110.88904358467202,2224619
2022-05-09,103.57218170166016,111.84341918197039,102.66325511565327,109.57110271695318,2229818
2022-05-16,105.21282196044922,108.21758173375028,103.91846249351966,104.88922680344811,1813759
2022-05-23,108.77230834960938,110.4364788091917,105.397730480504,106.22981923714107,1380819
2022-05-30,105.62887573242188,110.52894893798496,104.19583345899518,109.28081215946187,1837183
2022-06-06,103.22506713867188,107.57040967251322,102.99393174743153,105.72132654259055,1425157
2022-06-13,103.73355102539062,109.04966452467305,101.79201533204322,103.77978092077412,2728744
2022-06-20,104.981689453125,109.51193713025147,102.85524119569239,103.82601258575767,1460287
2022-06-27,111.08366394042969,112.65538168741297,104.380737986703,105.07414411984713,1721952
2022-07-04,110.85252380371094,112.65537685101073,101.79201456479365,111.03742927646776,1977748
2022-07-11,113.34878540039062,116.21486261211965,109.83553196635538,110.94497893422087,1537399
2022-07-18,110.80628967285156,115.7525849437754,110.2977961153628,113.71859660643763,1844270
2022-07-25,112.193115234375,115.47524054526394,107.52418465770839,110.9912154563831,1734550
2022-08-01,114.18087005615234,118.84980724024895,112.1006517757771,112.1006517757771,1187855
2022-08-08,111.86951446533203,116.63090430166089,111.36101385083123,114.41200343045321,803940
2022-08-15,115.66014099121094,116.9082706135871,111.49970421416239,112.10065760380779,927370
2022-08-22,114.55068969726562,117.0469488481346,114.04218906660745,115.47523116850475,789034
2022-08-29,111.1298828125,113.71860177187297,107.89398764012962,113.71860177187297,1065250
2022-09-05,107.7090835571289,114.31955661965672,107.66285366116415,110.43647813044645,1122816
2022-09-12,105.120361328125,111.45347598097071,104.51941502123445,108.17135097188559,1402292
2022-09-19,101.3759765625,111.0374323852176,100.86747591764461,104.88923001908283,1784269
2022-09-26,104.47319030761719,106.36850321874542,99.98916540869236,100.86747701900529,2061836
2022-10-03,103.87223815917969,108.31004026802282,102.57787862295945,103.54865003854763,1382504
2022-10-10,102.439208984375,105.90623987887741,100.77503133353687,104.7967857604212,1782844
2022-10-17,109.04966735839844,109.83553327818868,101.56088260163372,102.76278937591961,1533140
2022-10-24,119.26585388183594,119.8668002158064,108.40249122205631,109.09589734927629,1677696
2022-10-31,115.89126586914062,119.82057396742292,115.56767778208902,118.98847822296236,1615328
2022-11-07,103.77978515625,117.50922525616026,103.77978515625,115.38278400187768,2191392
2022-11-14,108.17135620117188,112.47047561477736,102.901472438489,103.68733130784459,2183909
2022-11-21,113.53369903564453,113.67237461770834,107.8015375027141,108.17135551349863,1142754
2022-11-28,112.70162200927734,113.44125105416458,109.00345562376336,113.25634555636591,1551661
2022-12-05,111.58311462402344,115.02359115389214,111.16468078188869,113.21036837895711,1334861
2022-12-12,111.11819458007812,114.46568688916074,108.14264743739669,111.25767490426156,1970912
2022-12-19,110.28131866455078,113.81478706985274,108.97951414184668,110.74624834449767,974078
2022-12-26,110.93222045898438,111.6296149536697,109.11899051624434,110.2813146740532,558828
2023-01-02,107.81718444824219,111.72259781735728,105.53903197028937,110.93221882057347,1522745
2023-01-09,104.93463134765625,108.0961547107371,104.60918197813268,107.21279112284965,1774741
2023-01-16,111.81558227539062,112.46648095612824,104.51618809456087,105.02760645963654,1844831
2023-01-23,112.79193115234375,116.09292727102878,112.09453670686989,112.97790016676485,1551618
2023-01-30,110.60676574707031,115.07009342047925,109.07250351020826,112.55947603810158,1834703
2023-02-06,113.44284057617188,114.5121802463574,108.51458318884576,110.65326252921682,1560241
2023-02-13,120.60275268554688,120.88171332322904,113.72179929486634,113.86127251944372,1878896
2023-02-20,124.1827163696289,124.92660667139681,119.9518535800683,120.7887213017276,1643150
2023-02-27,123.48533630371094,125.99595395063024,122.46248524567429,124.78713384254938,1516958
2023-03-06,122.92738342285156,124.50814122541082,117.72017332083331,123.67127362068103,2097782
2023-03-13,118.55706787109375,123.67129432827818,117.58071270974389,122.74143497242646,2130352
2023-03-20,125.62400817871094,127.43723113583457,118.88252056520982,120.69575061659754,1294444
2023-03-27,126.78633880615234,128.55306604565394,125.94945680702352,126.46088233062521,1242353
2023-04-03,130.45925903320312,130.87769286896878,125.90294007562578,126.92579095285426,1121029
2023-04-10,131.01719665527344,132.17952101945625,129.34346092167408,130.4592894735836,1028705
2023-04-17,132.08651733398438,134.03921336463574,130.83120159472298,130.97068900382257,1183353
2023-04-24,128.69252014160156,132.17949248129662,127.25124959201568,132.08651506535415,1190614
2023-05-01,126.78633880615234,130.36628909430638,121.90457680441865,128.69253928457763,1281893
2023-05-08,128.78550720214844,129.25043683103706,125.57749560052218,127.01878028778218,751148
2023-05-15,129.38990783691406,132.133003951381,128.46004859500013,128.7855050050804,753884
2023-05-22,126.67516326904297,132.77030984049017,124.07645613693373,132.25056553020477,1081825
2023-05-29,125.68294525146484,127.10042207760918,123.13148984826901,126.91142805132058,1417164
2023-06-05,123.2732162475586,126.39166775644094,119.5877827311728,126.15542164848497,1077769
2023-06-12,127.85639953613281,128.517885770204,123.88746771238726,124.02920961278878,1292543
2023-06-19,127.2421646118164,129.4156319730139,125.7301979748286,128.13991147486666,897045
2023-06-26,129.65185546875,129.9826057730908,122.04472824276887,127.24214238955732,1097388
2023-07-03,124.6434326171875,130.64408913354367,122.28097169253029,129.84084665143337,1040347
2023-07-10,129.8881072998047,131.87258037481243,122.70623426790426,123.74570849155555,905614
2023-07-17,126.15542602539062,132.48681905441168,125.68293379308578,129.8881117767351,1021295
2023-07-24,126.8641586303711,129.13211547503045,121.71399641527363,126.01367841845334,1434781
2023-07-31,127.19491577148438,130.8330973391685,124.78520248264604,126.95866965334962,1325694
2023-08-07,128.1871337890625,131.3528374374772,127.19491166042106,127.57289966949224,1193371
2023-08-14,122.32823944091797,128.13990271048857,121.28876515270822,128.13990271048857,883122
2023-08-21,125.3994369506836,126.6279196520674,122.13924339574412,122.28098529926892,658542
2023-08-28,127.80913543701172,128.80137190467448,125.49392662534332,126.10816069520655,890476
2023-09-04,131.06935119628906,131.4945913501762,128.13990781004034,130.40786491031804,785550
2023-09-11,131.8253173828125,133.19554181224717,129.79360678944215,131.16383121887682,1155828
2023-09-18,125.3994369506836,132.25057439454545,124.78520280965107,131.49458393066934,1001256
2023-09-25,125.77745819091797,127.0531787712661,123.60399068967335,125.63570184688756,937750
2023-10-02,120.95801544189453,127.28940867881738,119.68228781471271,125.9664361526493,1139645
2023-10-09,136.4557342529297,137.68421679071864,123.32045756714449,123.32045756714449,1643019
2023-10-16,130.26611328125,137.44798650925824,129.22662460989636,136.31400804371154,1113420
2023-10-23,133.29005432128906,135.41626925028024,129.8408525626682,130.45510108263414,1245329
2023-10-30,127.66740417480469,135.03827130385932,126.58066341242068,134.1877910718356,1459954
2023-11-06,130.97486877441406,131.77809701716296,127.47841428711982,127.57291851300576,1009501
2023-11-13,130.54959106445312,133.4317964118574,129.179366547617,131.35283358431457,1110475
2023-11-20,132.81756591796875,134.28229468374533,129.7463664881513,130.69135092809512,766411
2023-11-27,131.49456787109375,133.62078268020153,127.47838434277908,133.24279470408695,1586094
2023-12-04,132.0791015625,132.55437721727998,127.27881454836997,131.41371854666045,1354761
2023-12-11,128.2293701171875,133.36235606186517,127.80162491452995,132.601912088106,1444350
2023-12-18,127.75408935546875,129.13240034859476,126.993659916276,128.51453329892334,980840
2023-12-25,127.32635498046875,128.27690636442784,127.0411866644284,127.75410020239772,291952
2024-01-01,129.94036865234375,131.03351142429554,126.32827056566715,127.32635239944477,786897
2024-01-08,134.8357391357422,134.8357391357422,128.79973117209653,129.75028269366183,747921
2024-01-15,126.42333221435547,134.02774317461746,126.42333221435547,133.98021270526326,1145170
2024-01-22,128.324462890625,129.0849070530523,125.61538509456096,126.99369648457677,1047027
2024-01-29,128.94227600097656,131.22360778739957,127.99172471603237,128.60959175380302,1032737
2024-02-05,127.0887222290039,131.17609624472863,126.47086960636825,129.2749934006021,1004674
2024-02-12,133.69505310058594,134.69313500497518,124.94998282759525,127.61152973787861,1733939
2024-02-19,128.894775390625,132.6969809832185,126.09063716267667,131.98406743460723,1729669
2024-02-26,128.7046356201172,132.36426379607585,128.37195137955993,128.7996965484257,1965751
2024-03-04,136.16647338867188,143.91346066283228,129.1323995877506,129.27497648069374,2097639
2024-03-11,139.3983612060547,139.87363692036686,133.74258310659258,135.83379334871339,1967318
2024-03-18,149.42666625976562,149.8544114576554,139.82610652388632,140.111260319638,1616575
2024-03-25,150.23464965820312,153.98932473705017,149.71184349435433,149.9970118113867,1169037
2024-04-01,151.13768005371094,151.75553269247646,148.52366357479454,149.23657715995355,843785
2024-04-08,150.9475555419922,154.5121230634297,145.0066096729297,151.47036167932217,1374355
2024-04-15,147.57308959960938,154.2744791779319,145.38681870468872,152.27831564251267,1183443
2024-04-22,150.85250854492188,153.37147852871075,146.00470497039473,148.76129830663976,899464
2024-04-29,153.0863037109375,154.74976863746747,149.33162863476537,151.4703692545896,810446
2024-05-06,158.83714294433594,160.7857616888751,154.2744933751133,154.46460075210945,838908
2024-05-13,158.74209594726562,159.502540026309,155.0824669755181,158.64703499828605,680303
2024-05-20,160.45010375976562,163.3463150721473,159.19507591155508,161.02935191459895,666382
2024-05-27,160.88450622558594,162.67050880211954,156.5884630936071,160.45007754588292,960194
2024-06-03,166.87005615234375,168.46296656272858,159.77433218413512,162.18784173374442,907983
2024-06-10,145.10018920898438,165.66329240398366,143.02456227021582,163.97383581077068,1371574
2024-06-17,151.18222045898438,153.69226115987018,144.66574569318144,145.10017439805677,1528231
2024-06-24,144.32785034179688,152.9199372122631,143.5072513204068,151.27875390037408,1368382
2024-07-01,149.54104614257812,152.38899920232865,145.2450020806518,149.154890506117,1008363
2024-07-08,148.86524963378906,152.24416263009184,145.58288290116587,148.91352276562884,726838
2024-07-15,147.22406005859375,151.1339478784592,145.4863305018879,148.9617896152996,828821
2024-07-22,139.11468505859375,149.10660494573895,136.21847383375882,147.46542153117758,1770358
2024-07-29,139.5008544921875,143.41074297949672,138.24582655749776,142.01091036156697,909455
2024-08-05,142.2522430419922,142.9762958269411,135.39787078545223,136.12192357040115,857425
2024-08-12,144.61746215820312,145.53459263159408,141.14200330748076,142.92800585899724,516803
2024-08-19,143.1693878173828,144.71402507320926,141.96263305616228,142.83149059188383,532908
2024-08-26,146.74136352539062,148.47909314489593,143.36245054947702,143.507255213231,539145
2024-09-02,139.88699340820312,146.4034685309,137.9561859644411,146.4034685309,724731
2024-09-09,142.87974548339844,143.02455014389676,138.87332608010558,139.6456372439515,609558
2024-09-16,142.68667602539062,144.23131317418108,134.2876664154855,142.155701021069,1671125
2024-09-23,139.64564514160156,144.32785917439872,139.06641173595858,142.87975356395327,963984
2024-09-30,141.96261596679688,145.53460668383718,135.30132164820586,139.307755811702,1234548
2024-10-07,142.10743713378906,148.04467937240506,139.59739607960805,143.652089113972,1134748
2024-10-14,148.18946838378906,149.83065173241496,142.59012396122006,142.59012396122006,1060952
2024-10-21,146.78964233398438,149.25142482925128,145.2449904500426,148.1894748176798,946216
2024-10-28,144.27960205078125,148.1894905790121,142.30052121739095,146.74138480788167,813848
2024-11-04,155.5265655517578,155.96099433647126,141.3833903630651,143.84517311763284,1586507
2024-11-11,146.06558227539062,158.95371278943338,146.01730914437124,156.34712575419147,1393751
2024-11-18,143.02455139160156,149.29967540338507,136.41154492541065,146.83790776809076,1892359
2024-11-25,136.60462951660156,141.8660769652322,134.8668998345229,140.94894635635214,1482664
2024-12-02,137.71949768066406,139.56481643516824,136.16553412551704,136.45690414456897,1212749
2024-12-09,134.0288543701172,137.9137486996858,132.96050250160752,137.4767010515485,1385248
2024-12-16,133.4946746826172,135.437121792789,131.3579858253673,134.12597888524024,2217534
2024-12-23,134.07740783691406,134.90293892439487,132.91194259478584,133.44610366681093,337452
2024-12-30,132.76625061035156,134.90293936450655,132.62057301199576,134.22308587268833,431612
2025-01-06,140.00186157226562,141.75006683589413,130.33819071292027,132.91194187928002,1386277
2025-01-13,144.22669982910156,144.56663400573524,137.62237660362783,140.4389338422761,1556187
2025-01-20,147.91734313964844,148.9856801059622,144.46949672447005,144.7608667406264,938323
2025-01-27,151.60800170898438,151.80224345456628,145.92633802761833,147.62597923592668,1014291
2025-02-03,153.06483459472656,155.5900068864997,149.8597939746924,150.5882116238049,1202462
2025-02-10,160.59182739257812,161.951534497966,151.51088084967134,153.35619975265433,1411999
2025-02-17,177.0054931640625,180.50190389518139,164.9623269918892,165.20513288100315,2255081
2025-02-24,186.13497924804688,189.0486497699763,177.8310301163037,177.92814357521792,1972859
2025-03-03,229.88861083984375,256.79150015458987,204.92816862103155,215.61162764866828,5429314
2025-03-10,242.90301513671875,242.90301513671875,219.88500520719396,235.52171024847604,2744720
2025-03-17,233.09365844726562,248.92459089438586,228.82028063694403,244.7483413696289,3300959
2025-03-24,239.5037384033203,245.23395154115622,235.71595758670887,240.57207543900898,1609718
2025-03-31,231.0540771484375,247.7591341026075,228.6260182678541,235.71595316309669,1982260
2025-04-07,238.04690551757812,247.0792729608187,201.04328117122753,206.6763809022832,2520198
2025-04-14,245.7195587158203,253.78070234362656,239.11523559667344,242.0289062533828,1070352
2025-04-21,227.0720672607422,248.82748351033683,226.48932720720936,245.71955631775532,1544842
2025-04-28,245.6224365234375,249.21597561157787,225.80948149438876,226.9749468220336,1165272
2025-05-05,239.2123565673828,248.43898003158384,238.43537478540586,245.71955120451193,1209540
2025-05-12,243.58287048339844,243.9713539774014,226.4893299927512,238.14401264918467,1470509
2025-05-19,252.4470977783203,255.0992777224101,243.704772372047,244.78527624883276,1137091
2025-05-26,262.662841796875,270.3246780806448,253.6258433294538,254.01875109291717,1482604
2025-06-02,256.8674011230469,271.89634223812993,255.78688215926275,268.1636730653606,1503408
2025-06-09,246.1604766845703,256.76913621591353,240.26677028339276,256.3762284512232,1613969
2025-06-16,244.9817352294922,249.30379579189918,239.48095131616216,247.43744634842642,1877451
2025-06-23,241.44552612304688,246.45516793524996,232.50673143587343,246.16049458453978,1619367
2025-06-30,240.2667694091797,246.55338355217364,229.75631437454578,244.7852686405596,1555252
2025-07-07,246.5533905029297,248.0268171394014,239.5791650949087,240.7579183948627,1201996
2025-07-14,246.06224060058594,251.85771252752696,241.05258419776072,248.61618601937337,1046672
2025-07-21,235.8465118408203,250.48254473379862,228.3811437278752,244.1959299986136,1744677
2025-07-28,231.32798767089844,234.66774880111953,224.7466848622444,233.5872449006227,1171821
2025-08-04,224.94314575195312,235.06067888608902,224.74669185379423,232.70318714276723,1065932
2025-08-11,231.22975158691406,233.39078934948816,213.64686607540693,221.210453279003,803458
2025-08-18,228.18467712402344,235.35535649331558,220.32640164829965,232.31026875108424,1091932
2025-08-25,221.21044921875,231.13152789347262,217.28131152396412,226.90770187388367,1053041
2025-09-01,218.2635955810547,222.192733269241,213.35217347082184,220.9157605228863,1159861
2025-09-08,246.06224060058594,246.20957726424007,217.57599318574765,219.0494197761703,1358659
2025-09-15,242.82070922851562,261.38589403500987,241.15082868743733,246.5533930775836,2336762
2025-09-22,254.7063446044922,256.17977127203136,242.23135013882603,243.7047768063652,1184757
2025-09-29,266.1990661621094,274.3520145002835,252.74175820668052,255.7868457707126,1403363
2025-10-06,252.93824768066406,266.00261896815044,249.5984865222108,266.00261896815044,1238148
2025-10-13,241.05259704589844,253.9205292835072,239.186262593942,252.9382448375362,1087642
2025-10-20,248.91087341308594,262.171713476284,244.29413949988896,244.58882783232096,1183387
2025-10-27,242.52603149414062,250.97368399584744,240.65969698231947,250.482541757108,904846
2025-11-03,236.73056030273438,246.35695122975153,230.9350878508777,244.09769392211408,1228008
2025-11-10,235.1588897705078,241.34728476204143,232.99786699257558,239.1862619841092,964287
2025-11-17,222.8803253173828,242.03487119926487,222.19272923213757,235.65002257197085,1307306
2025-11-24,221.4069061279297,227.69353551848008,216.3972644917802,218.65652169481436,1443511
2025-12-01,221.1854705810547,223.8491641746912,213.29303619776192,218.1271612897031,1316660
2025-12-08,227.99269104003906,232.234862232017,221.97470415050935,221.97470415050935,899408
2025-12-15,226.71017456054688,229.17656023885215,221.87604959889438,227.8940366754087,1303862
2025-12-22,225.52630615234375,229.17655384365023,224.04647478665547,226.51286039613595,271448
2025-12-29,231.8402557373047,232.62950217181597,221.38277435068318,225.62496076426072,465488
2026-01-05,262.4234313964844,269.4279726168624,236.47705152212237,236.47705152212237,1553248
2026-01-12,258.0826110839844,270.5132012942258,250.0915152268829,263.31133683478333,1555085
2026-01-19,255.02427673339844,266.3696507466831,246.73722695383987,262.7193879342928,1498923
2026-01-26,252.55789184570312,259.9570488333702,249.99284473519583,256.0108317732811,900847
2026-02-02,243.77755737304688,258.77316367350824,240.3246175522027,254.03771539067748,1271652
2026-02-09,241.90310668945312,254.62966594647355,240.81790601253192,249.0062945018984,1077578
2026-02-16,260.8449401855469,261.4368787626853,240.8179007609644,243.18562496227145,1300173
2026-02-23,251.47267150878906,258.3785512369635,245.06006890405564,258.3785512369635,2141955
2026-03-02,238.0555419921875,267.0602457862967,232.03755508475845,256.9973804586452,2421162
2026-03-09,250.38748168945312,256.3067923729151,233.32008947013102,237.75958377294538,2015398
2026-03-16,239.04209899902344,252.36058144162365,236.18108262732795,250.58478077188565,2600994
2026-03-23,234.7012481689453,243.97486707665388,230.95235409194677,233.32007825148514,1315107
2026-03-30,263.90325927734375,265.97502920340014,232.53083142542462,232.9254621537141,1467866
2026-04-06,255.71487426757812,267.8494795293229,253.93905854889218,263.90326251968276,1311486
2026-04-13,261.0422668457031,268.44142389854477,255.4188954426446,255.91217257950072,1222881
2026-04-20,229.66983032226562,263.015366679769,229.32453031645628,259.95704251113,1614618
2026-04-27,230.75503540039062,231.14966613657805,225.0330327350949,229.37386545779304,978864
2026-05-04,224.83570861816406,239.04209891760627,223.35587723615697,232.03755768799,1276349
2026-05-11,216.4499969482422,226.31553947192913,216.05538126874401,224.93436954006225,1393525
2026-05-18,229.6999969482422,232.3000030517578,214.5,215.5,1426096
2026-05-25,239.5,241.6999969482422,229.60000610351562,230.5,1424373
2026-06-01,232.39999389648438,239.1999969482422,223.3000030517578,239.0,1147171
2026-06-08,234.6999969482422,240.10000610351562,228.60000610351562,230.0,1166148
2026-06-15,232.39999389648438,238.89999389648438,227.39999389648438,235.60000610351562,2042305
2026-06-22,216.5,232.89999389648438,212.60000610351562,231.39999389648438,1430154
2026-06-29,238.1999969482422,242.6999969482422,217.0,218.0,1327939
2026-07-06,223.3000030517578,248.5,220.8000030517578,235.6999969482422,1214952
2026-07-13,223.10000610351562,224.5500030517578,216.39999389648438,222.3000030517578,999151
2026-07-20,236.39999389648438,242.10000610351562,222.1999969482422,223.8000030517578,1251039
2026-07-27,245.89999389648438,251.89999389648438,235.6999969482422,242.10000610351562,1505501
2026-08-03,264.79998779296875,270.3999938964844,248.3000030517578,248.5,1167640
2026-08-10,270.3999938964844,274.20001220703125,263.29998779296875,266.0,981065
2026-08-17,253.10000610351562,270.70001220703125,251.8000030517578,269.5,1082280
2026-08-24,244.6999969482422,254.5,244.6999969482422,252.5,905403
2026-08-31,233.60000610351562,245.5,232.3000030517578,244.60000610351562,1144070
2026-09-07,226.8000030517578,235.8000030517578,223.0500030517578,233.60000610351562,1274825
2026-09-14,238.1999969482422,244.60000610351562,226.3000030517578,226.39999389648438,1808632
2026-09-21,229.39999389648438,240.1999969482422,228.1999969482422,238.3000030517578,974151
2026-09-28,222.6999969482422,230.0,222.6999969482422,229.39999389648438,1228721
