Price,Close,High,Low,Open,Volume
Ticker,KER.PA,KER.PA,KER.PA,KER.PA,KER.PA
Date,,,,,
2000-01-03,93.64214324951172,114.43727851716397,92.91623847720041,113.0708600496203,2030931
2000-01-10,101.84064483642578,104.53077584454046,95.64907291217881,96.11877643465645,1527517
2000-01-17,95.2220687866211,104.06106569575745,93.51405087299318,102.9081564081332,1522742
2000-01-24,89.4148178100586,97.99761492565034,83.52215217997885,97.3571080967368,3368883
2000-01-31,93.64214324951172,94.88045757597169,85.3155493337243,89.03049231310425,1553741
2000-02-07,81.77140808105469,93.64213355199534,80.36229071580573,93.94104084684064,2129204
2000-02-14,81.98492431640625,89.79910920596267,81.85682016666797,82.4119288019517,1596125
2000-02-21,90.9520263671875,91.1228225548416,81.55792058781277,81.55792058781277,1697399
2000-02-28,94.41080474853516,94.7524113013173,86.55391011606484,90.90936211818274,1431780
2000-03-06,87.40789794921875,97.52790990539776,85.82797692136587,95.99069494033658,1683618
2000-03-13,86.29766845703125,89.15860272420956,81.55792005640643,89.03049857411702,1610795
2000-03-20,84.76045227050781,87.83488872895005,83.30863563820341,87.83488872895005,1101337
2000-03-27,82.66812133789062,86.55386034287372,81.55791119506488,85.78525655638781,1342700
2000-04-03,86.93816375732422,87.45057328014107,80.96010172909405,85.1874469939511,1461245
2000-04-10,85.35826110839844,87.23708224582644,82.88163228949061,86.98087394648753,982041
2000-04-17,88.68890380859375,88.68890380859375,81.77142655734463,81.94222275277868,938705
2000-04-24,94.75239562988281,96.5031131504067,88.68892588709268,88.68892588709268,1509250
2000-05-01,92.87351989746094,94.79503954840469,90.95200024651719,94.75234051375398,747952
2000-05-08,90.09803009033203,93.08706918104377,85.4436787343363,91.37905084931603,1002871
2000-05-15,94.36807250976562,94.9231812103576,88.47540711189471,91.2936356460205,1101317
2000-05-22,94.11188507080078,95.94800063935912,90.99474869577162,92.74546614865318,969318
2000-05-29,101.71255493164062,101.84065909670257,92.66005454911566,92.66005454911566,1205724
2000-06-05,97.3997802734375,102.31033828360833,96.58847044531586,99.70560562329374,848901
2000-06-12,97.86949920654297,101.28553497961688,96.24687941025832,97.39978867959621,740265
2000-06-19,98.21111297607422,100.64504302732988,95.99069220212378,96.2468935206277,741823
2000-06-26,99.3640365600586,103.036274416155,97.78411546381845,99.57753884250825,2398075
2000-07-03,96.01253509521484,99.88747760509254,92.99869092086553,99.24165385344625,920450
2000-07-10,94.72089385986328,96.87363984113733,92.65425489048799,92.65425489048799,658394
2000-07-17,97.6055679321289,99.88747420252008,92.7834131764041,95.45281509825938,724943
2000-07-24,93.9458999633789,101.09302208451305,93.85979295378611,99.2847183360215,1126704
2000-07-31,95.58197021484375,97.69166220375452,93.04172912894624,94.63475796044558,699780
2000-08-07,92.99866485595703,96.7013852472847,91.31952215861712,93.988923423245,746881
2000-08-14,90.45845794677734,94.20423323216575,90.45845794677734,94.03201920352595,642683
2000-08-21,88.26262664794922,91.01814222459208,86.71265134495597,89.20983888249643,1014951
2000-08-28,94.11808776855469,95.06529281264267,88.26261527222869,89.12371333717336,1462171
2000-09-04,93.2139663696289,94.93616305666498,90.58761076719478,94.72088847078547,953514
2000-09-11,88.00432586669922,93.85980093134178,87.61683015383596,93.47230521847852,1578058
2000-09-18,89.33903503417969,89.46820263948715,85.24881706561062,88.82237874971308,1666940
2000-09-25,85.89461517333984,89.89872491542195,84.04325108433855,89.55428278357722,1985343
2000-10-02,82.62244415283203,86.92794294565799,80.98636153857073,83.95715224211436,1408890
2000-10-09,83.69882202148438,84.38769926618195,79.73776549480837,82.23495345876455,1219118
2000-10-16,86.75570678710938,86.88487434374883,81.63217111168065,85.07656389269103,818570
2000-10-23,89.12374114990234,89.46818331072097,84.90435648758452,85.76545482125101,1006097
2000-10-30,92.78343200683594,93.38620235718149,88.09043680356748,88.77932124303742,718746
2000-11-06,88.73625183105469,93.77368168422701,88.21959562126395,93.77368168422701,1027086
2000-11-13,87.65984344482422,90.41535861073866,86.23903590735266,88.69316251558935,921554
2000-11-20,88.39180755615234,89.5112339403078,85.55017749156868,88.30569348452202,703431
2000-11-27,89.89873504638672,91.66398526716856,88.04737074874949,88.26264533831753,1626163
2000-12-04,92.18064880371094,94.11812011571995,88.73624829175908,90.41539150917627,1124804
2000-12-11,92.86952209472656,97.08890670944588,91.27648595438642,92.13759134671892,1763262
2000-12-18,94.72089385986328,97.30418903739213,92.18065218828382,92.86952948861538,1226296
2000-12-25,98.55279541015625,98.55279541015625,94.72090567195954,94.72090567195954,583266
2001-01-01,94.67780303955078,99.88744484733671,93.73059094007658,98.55274427865437,927462
2001-01-08,100.3180160522461,100.36107661912486,93.21395554332132,94.67782397095745,1462906
2001-01-15,100.10276794433594,100.74859179762964,96.14171780482037,99.45694409104223,1219108
2001-01-22,95.84030151367188,101.30827947209903,95.66808045535353,100.3610742539169,1072727
2001-01-29,97.56253814697266,98.81113249861377,94.11814383534589,96.8306071831048,1094914
2001-02-05,98.38056182861328,98.98333211582431,96.27086935756492,98.25140131102698,970379
2001-02-12,96.40001678466797,99.84440962744426,95.66807906455057,97.56249654175335,967311
2001-02-19,94.41949462890625,97.60556680716539,93.25701475629205,95.58198156990022,1202662
2001-02-26,88.52096557617188,97.64861867321518,88.52096557617188,94.76393518798172,1826376
2001-03-05,89.12374114990234,93.90284255645543,88.13348230721392,89.03763414388773,1276698
2001-03-12,82.88078308105469,89.33902096149342,82.88078308105469,88.30570148694711,1059825
2001-03-19,81.2877426147461,87.83209423529411,78.91972218136716,83.26826738171427,1899795
2001-03-26,83.95709991455078,88.09036798021934,81.976569300998,83.31127655840334,1823073
2001-04-02,82.92385864257812,86.0668714077189,79.82389939441549,84.81827700505822,1419087
2001-04-09,85.67936706542969,88.0043345023722,81.5891419931538,81.76136311225726,762072
2001-04-16,83.95709991455078,88.17648200206445,82.75156015572523,85.67929553094399,1190306
2001-04-23,84.12936401367188,85.33489732206506,79.73775869975411,83.95714295007873,3562980
2001-04-30,83.74188995361328,85.2488122784649,82.23496762876167,84.17243918928517,1414972
2001-05-07,87.6168212890625,88.65014072935642,82.45023115597314,84.73213755705946,1695100
2001-05-14,90.11400604248047,90.11400604248047,85.5501792709255,87.57376457319874,1269763
2001-05-21,89.8556900024414,92.05148960910313,88.34876773358206,90.24318571382429,1187597
2001-05-28,88.26262664794922,90.80286768061028,87.48763546226321,89.81260901932124,2072679
2001-06-04,87.20158386230469,90.90395335132321,87.20158386230469,89.2923325136119,632964
2001-06-11,82.97650909423828,88.42115769900795,82.80227890871791,87.5500139222448,1606859
2001-06-18,74.9184341430664,83.36853157652007,73.21970207306265,82.97652253415295,4752180
2001-06-25,74.48289489746094,76.87854172377054,72.3921457159808,75.96384163843912,2519969
2001-07-02,71.91299438476562,77.00918402422363,70.86762013412687,74.9619984444716,1283860
2001-07-09,70.25780487060547,72.17432278310028,68.38484272072294,71.86941814313555,2263525
2001-07-16,72.78411865234375,74.22150159996224,69.64799675139304,70.4320290143404,1892889
2001-07-23,73.6552734375,74.13440115829032,70.86761149266572,72.74056661045326,1518933
2001-07-30,72.65342712402344,74.91840471117264,72.1307438389782,73.61168934772247,1255542
2001-08-06,69.25599670410156,73.52460508112038,69.25599670410156,73.17615177842605,1323557
2001-08-13,68.55906677246094,72.08719764102266,67.94926469806835,70.08356838302305,1057642
2001-08-20,69.90933990478516,70.47558623430194,67.55725021801844,69.03819610604481,939142
2001-08-27,64.55184173583984,71.04186839306713,64.55184173583984,70.5191846579366,2020034
2001-09-03,61.15434265136719,65.16160865489573,60.19608727597956,65.16160865489573,1825259
2001-09-10,51.484642028808594,62.069047069441496,51.09262941091697,60.10897325372353,3027608
2001-09-17,45.517311096191406,52.66069767350712,42.27229863053626,51.39754088229564,3604742
2001-09-24,52.7478141784668,55.05634894861955,45.778657667752,45.95288434588189,2910949
2001-10-01,53.31405258178711,54.35942686288498,48.43564522903111,54.228755971602865,2287597
2001-10-08,56.23237228393555,59.368490596426945,51.22329199043473,53.052694637339656,2349386
2001-10-15,55.404815673828125,57.40844964214621,54.010984125307154,56.62442051342234,2017858
2001-10-22,59.76053237915039,60.631680105577345,54.5772196750751,55.75326499401746,3152489
2001-10-29,56.972862243652344,59.891195484422454,54.40298590280544,59.891195484422454,4396124
2001-11-05,58.8022575378418,59.97830254558184,57.01641035559361,57.36487078412395,2287143
2001-11-12,62.286834716796875,62.67885092060532,55.84036668992941,58.01823011890737,3666653
2001-11-19,64.55184173583984,66.77325833640938,62.59176700283555,63.0273391657254,2711337
2001-11-26,63.985557556152344,65.33583619026773,62.15615840472491,65.24871751825178,3800315
2001-12-03,67.47013854980469,68.3412823466254,62.59172899710533,63.28864260439413,2670488
2001-12-10,62.7224006652832,67.86215943736747,62.504614700837905,66.9474526660257,1790570
2001-12-17,61.415687561035156,65.03093758906448,60.631662345292206,63.46288000673887,2544748
2001-12-24,62.98375701904297,63.85490098022318,60.8058899652522,60.8494528839834,723438
2001-12-31,66.51187896728516,67.38302280188563,62.94018495491968,62.98374786732106,1227104
2002-01-07,63.55000686645508,66.9474717401135,62.548195435082974,66.59901838822637,1969432
2002-01-14,55.971046447753906,63.157988680365946,54.35942918529958,62.983765585107,4683752
2002-01-21,53.40115737915039,56.18881920630105,52.660684371117895,55.79680660822721,2582699
2002-01-28,52.007328033447266,55.01277591971786,51.17974347339556,53.48827409415855,2708836
2002-02-04,48.958335876464844,52.26868562011478,47.69517549427646,52.26868562011478,4734183
2002-02-11,51.920204162597656,53.88028118281512,49.43744375076942,49.611673931585855,3803508
2002-02-18,50.74415969848633,52.57356588226014,50.09080187946109,52.26866485163117,1805927
2002-02-25,54.707881927490234,54.96922368419776,48.7840973043054,50.308599227746164,2504662
2002-03-04,57.05997085571289,58.67158785642658,55.01277831049007,55.36123874609737,2878645
2002-03-11,57.01640701293945,57.49553828636906,54.75143223737878,56.84218038430847,1953654
2002-03-18,57.05997085571289,58.4102425297211,56.40661290207923,57.495542824801994,1698092
2002-03-25,59.020042419433594,59.804071218193975,56.4937222367103,57.10352439986831,2009969
2002-04-01,54.57721710205078,59.49918775894798,54.49010555139374,59.0200563532306,2672030
2002-04-08,56.01458740234375,57.626204135558815,53.92383943740559,54.57719728259391,2040151
2002-04-15,55.62258529663086,56.84218977564672,54.66432616686996,56.36305842305611,1909541
2002-04-22,55.49189376831055,56.842168631979966,54.75142091732009,55.75323544493353,2290059
2002-04-29,53.70606994628906,55.7097034307631,53.22694214316512,55.14346050650193,1721113
2002-05-06,53.2269401550293,54.44654107913424,52.61713790526663,53.48828193325879,1853838
2002-05-13,55.971046447753906,57.19065101961378,52.70425614903053,52.87848281971007,2099406
2002-05-20,56.01458740234375,56.62438948802062,54.707871711967115,55.75324211901676,1769596
2002-05-27,57.62621307373047,59.02004407474099,55.6225798924591,55.6225798924591,2665640
2002-06-03,56.86859893798828,60.375716692777424,55.98072139440616,58.82193099150872,3027132
2002-06-10,53.84980773925781,58.59995656145924,53.095111163355725,57.046167349837795,2785227
2002-06-17,53.09510803222656,56.33586351150971,52.517988441429196,54.16056238762087,3061895
2002-06-24,53.31709671020508,53.627854646834614,51.18619087118862,53.05073484686561,3163913
2002-07-01,47.05754470825195,54.959661758406035,43.949973166936026,52.60678689165819,4342982
2002-07-08,39.28861618041992,48.30058112014664,38.86687355695316,47.279518880985,4944574
2002-07-15,38.84466552734375,40.70920880214206,33.56178987866615,39.06663487805548,7139199
2002-07-22,38.02338409423828,39.77694303269288,33.29543455239355,38.66709606456966,4653815
2002-07-29,36.24763870239258,41.68589395416728,35.95907695536556,38.17877513321067,3510480
2002-08-05,36.18103790283203,36.93573459570139,32.11899640339672,36.82474989510589,4018565
2002-08-12,31.963619232177734,36.33642275816339,31.16453002680833,36.33642275816339,2355292
2002-08-19,39.55497360229492,41.70807890491202,30.18785936948403,32.407556947766444,6780273
2002-08-26,37.06891632080078,40.28747635277771,36.225434764230776,39.51058343156598,4264972
2002-09-02,36.53618621826172,37.46845983875069,33.82816112943556,37.29088286986722,2962727
2002-09-09,35.13778305053711,39.02224755763432,35.071190772775566,36.713765064596615,2016785
2002-09-16,31.519678115844727,36.84694760522552,30.18786165452449,35.515131143905286,4699705
2002-09-23,29.988088607788086,32.18558650887222,28.4564989407234,31.519678274852776,4021697
2002-09-30,27.30225944519043,29.233395638178678,25.326729002584624,28.856045427454482,4062878
2002-10-07,26.74733543395996,27.302258989798336,23.928321583840983,26.414381300456935,3320064
2002-10-14,30.63180160522461,30.98695194586113,25.79286500418956,26.34778855021537,3098113
2002-10-21,30.809377670288086,33.91694943450051,29.299984212887814,33.40642197398268,4418857
2002-10-28,35.29315948486328,37.20209920640101,30.69839079961964,31.630660805501158,3555066
2002-11-04,33.7393798828125,38.04558768306508,33.3620296540103,35.959074249530296,2914439
2002-11-11,36.3142204284668,37.113313223544466,32.4297557350054,33.69497992037859,1796259
2002-11-18,39.532779693603516,39.998914718103116,35.42634203216478,36.82475074976337,1880298
2002-11-25,39.51057815551758,41.10875985219967,37.73482314415923,39.82133601132515,3419912
2002-12-02,38.17876434326172,41.752474447881426,36.89134041989691,40.709216125403174,2114894
2002-12-09,32.940277099609375,36.846940926674584,32.851492266893594,36.75815609395881,3270774
2002-12-16,31.053544998168945,34.91581734709064,30.3210462636821,32.69611946390918,3166361
2002-12-23,30.187870025634766,31.963625799812977,29.344386397310203,31.297717384496146,842225
2002-12-30,32.496337890625,33.11785357526048,29.521947646896578,30.187855747249248,1318651
2003-01-06,30.343244552612305,33.00687964374223,27.59082095702632,32.496348476195145,3029123
2003-01-13,29.655134201049805,31.741647376078944,28.92263551519487,30.60960411812585,3355618
2003-01-20,28.367706298828125,30.4542190550912,27.302251891004694,29.65512824922363,2384278
2003-01-27,31.12013816833496,31.45309231366956,27.25786570953341,27.923774000202602,2747224
2003-02-03,29.899301528930664,31.51967784521429,29.521953170386556,31.51967784521429,1603920
2003-02-10,28.611875534057617,30.12126886436069,27.080285993270586,30.010284167841334,2563835
2003-02-17,27.81279182434082,29.21120082005802,27.346656707135256,29.14461034932155,1050697
2003-02-24,26.414382934570312,28.2789269263564,24.194686751846326,28.079153705075697,4572785
2003-03-03,22.72968864440918,26.769534791923103,22.085976515201416,26.503171089421606,3017536
2003-03-10,22.86286735534668,23.040442532349452,19.777489772429444,22.951655854873096,4196515
2003-03-17,24.03929901123047,25.304524699595397,21.797405609645025,21.797405609645025,2431355
2003-03-24,22.094852447509766,23.906123198808817,21.535488563938,23.88392698571986,3405704
2003-03-31,21.801851272583008,22.112609174463763,20.243625071626514,21.726381964939087,2981347
2003-04-07,23.351205825805664,24.41666077681219,22.285750874799138,23.52878104362326,4942515
2003-04-14,25.859453201293945,25.92604547862685,22.862864493057497,23.528772689987857,2912388
2003-04-21,25.393320083618164,27.05809069994018,25.193546880839534,25.859455127368342,1883726
2003-04-28,27.79058837890625,27.96816352869405,25.348923236637333,25.348923236637333,2494784
2003-05-05,28.367706298828125,30.986944436953365,27.85717530255875,28.41209871411281,3640880
2003-05-12,30.165658950805664,30.54300723138603,26.614145507455213,28.856037161462368,10629182
2003-05-19,30.210060119628906,31.697255553723366,28.14574129545159,29.743923258288874,4402321
2003-05-26,31.31989860534668,32.18557985954801,29.078008742793894,30.409824935688512,3249695
2003-06-02,32.15171813964844,33.53063285361144,31.852951775768645,32.65732246521658,2937781
2003-06-09,31.301380157470703,32.08276385879618,30.244211310052464,32.05978270653062,3828909
2003-06-16,30.24421501159668,32.24364341684373,30.06036011151745,31.23243863668111,3158197
2003-06-23,30.70384979248047,30.7268328314888,28.980204872167782,30.24421165012625,3354571
2003-06-30,29.003192901611328,30.703855075540172,28.38268092536785,30.61192856314261,4176881
2003-07-07,30.290185928344727,30.680878856744133,29.233016717000165,29.27898092383862,2457855
2003-07-14,30.910686492919922,31.921891120840606,29.968427206338312,30.40508417895958,3679451
2003-07-21,31.80698585510254,32.15171449451035,30.451052452171325,31.232438122756182,2973399
2003-07-28,33.09397888183594,33.32379802241939,31.852954768091337,32.059792749210416,2696753
2003-08-04,32.08277130126953,33.277832998961294,31.43927813723032,33.00205156186219,2269820
2003-08-11,32.05978775024414,32.7722299933402,31.53120418661931,32.19767845849944,1626105
2003-08-18,35.346214294433594,36.05865677611958,32.036817323175775,32.2896176684657,4014578
2003-08-25,35.966712951660156,36.72511743583109,34.70270799335455,35.300236855414326,4806901
2003-09-01,35.78285217285156,39.115232281293814,35.323214057613804,36.12758075927988,6318781
2003-09-08,34.8176155090332,36.840024833828735,34.24306783414455,35.55303502370319,2908569
2003-09-15,35.50707244873047,36.31143918745425,34.81761524411009,35.13936269419334,1781287
2003-09-22,33.55360794067383,35.346194279174846,33.16291328921592,35.231284753387534,2630899
2003-09-29,33.87535858154297,33.990268131031215,32.082768100338704,33.69150556614329,2405932
2003-10-06,34.72568893432617,35.41514618008668,33.27782720904154,34.013250534967426,2675454
2003-10-13,37.27669906616211,38.379828848493375,34.771665517214736,34.978503530455114,4390090
2003-10-20,37.71335220336914,38.90841417492279,36.67916591779775,37.18477036563713,3589768
2003-10-27,40.28731155395508,40.5401155534903,37.75930174235298,37.82824520070632,3237748
2003-11-03,38.37981414794922,40.861865583168075,37.57544733908645,39.988551538643755,6411466
2003-11-10,38.770503997802734,39.43698002469876,37.87420891149211,38.149990273602214,2595092
2003-11-17,37.414588928222656,38.44877519687799,35.92076431794273,38.15000876563386,2753137
2003-11-24,37.59843063354492,38.47174472778118,37.092830119809754,37.4145776162636,3442770
2003-12-01,36.19654083251953,38.31087917680888,35.98970285265853,37.4145837793911,2992667
2003-12-08,36.01268005371094,36.954941439180686,34.72569377032249,35.94373658331497,3482648
2003-12-15,34.95550537109375,36.86300511587442,34.54182954575356,36.63318605134511,2656514
2003-12-22,34.886558532714844,35.11637759981442,34.312010864965906,34.90954345779973,851304
2003-12-29,35.41515350341797,35.599010316160545,34.564824233665355,34.840605679809535,972726
2004-01-05,36.35741424560547,37.59843840385066,34.84060861795912,35.438137650308285,3183330
2004-01-12,39.11525344848633,39.138234612090756,35.98970955510884,36.0816379824971,3364140
2004-01-19,37.828250885009766,39.161203222430466,37.345631512139974,39.11524090995499,2320572
2004-01-26,37.253700256347656,38.51770902808826,37.20773794739813,37.89719521945534,2145485
2004-02-02,36.771080017089844,37.69035635724752,36.35740415483131,37.4605372722081,2072970
2004-02-09,37.69034957885742,38.448753932280475,36.656163882172315,36.77107340402621,1875853
2004-02-16,38.65559768676758,38.97734515133214,37.322645521986786,37.920174371624476,2041795
2004-02-23,39.94258499145508,40.356260854662644,38.40279862734607,38.90839910640513,3250416
2004-03-01,40.10346221923828,40.999757443393094,39.25312930484767,40.195390611735796,3275790
2004-03-08,38.058074951171875,40.448194506664954,37.18476080319401,40.37924726283585,2987336
2004-03-15,38.6096305847168,39.04628757699196,37.04686315574351,37.92017336732509,2505378
2004-03-22,38.63261032104492,39.04628233213255,37.16176770025191,38.264896836120485,2734579
2004-03-29,38.90840148925781,39.345058533170274,37.736324835680605,38.63262007887583,2667368
2004-04-05,38.63261032104492,39.87363390024428,38.540681949813816,39.06926725466651,1588463
2004-04-12,38.747535705566406,39.45997427159431,37.87422148077749,38.632626137724166,1933799
2004-04-19,40.080482482910156,40.21837319005218,38.03508793959818,38.49472614538444,3460324
2004-04-26,39.57487487792969,40.379241670681026,39.52891257038861,40.08047912572617,2089443
2004-05-03,39.94258499145508,41.68921306013683,39.57487520914222,40.08047946117024,3171942
2004-05-10,38.49473571777344,39.391031196530044,38.035097397690066,39.184196970868676,2743195
2004-05-17,38.747535705566406,39.138226727042095,37.52949277725079,38.01211220759422,2169876
2004-05-24,39.36803436279297,40.01152926392387,38.44875808858807,38.81646784367629,3175159
2004-05-31,41.18720245361328,42.02922992749029,40.441407480960585,41.42778173186386,2755231
2004-06-07,40.441410064697266,41.572131164866754,40.12865540314196,41.1150297170631,2212828
2004-06-14,40.6819953918457,40.92257472114671,39.839967739292184,40.27300816226125,2158903
2004-06-21,40.224884033203125,40.94662184449659,39.88807226467546,40.92256470737753,2889029
2004-06-28,40.657928466796875,41.52401708773618,40.032423090267905,40.17676987721756,3792147
2004-07-05,39.33473587036133,40.53763214629469,38.54082274839729,40.51357501070003,2232956
2004-07-12,38.54083251953125,39.527210875565984,38.15590640356749,38.949819726809835,1792951
2004-07-19,38.58895492553711,39.310692952125564,38.13185338544013,38.32431843904563,2424789
2004-07-26,38.997920989990234,39.262561309129765,37.987489779234664,38.75734175413227,1745825
2004-08-02,37.289817810058594,39.16633786261118,37.09735279711247,38.877640343191985,1946672
2004-08-09,35.028377532958984,37.43417084858634,34.23446415895344,37.33793832603699,3076517
2004-08-16,35.79822540283203,36.56808153873911,34.78779391462868,34.78779391462868,2012962
2004-08-23,36.30344009399414,36.808655768477834,35.846338693415454,35.94256724122549,1911438
2004-08-30,34.28257751464844,36.47185253212773,33.72924743684978,36.42373824696999,4592288
2004-09-06,33.34431076049805,34.47503573422186,32.454169013831134,34.47503573422186,3713245
2004-09-13,34.547218322753906,34.83591193620901,33.4886684907165,33.56083991926966,3557894
2004-09-20,35.29300308227539,35.55763947514798,34.18633928959544,34.33068605392412,3572266
2004-09-27,35.75011444091797,36.08692628479167,35.0283764681691,35.31707007742018,3833217
2004-10-04,35.65388488769531,36.51996973712794,35.48548092655784,35.91852137646341,2723521
2004-10-11,35.07647705078125,35.6538679933507,34.57126145714034,35.60575372714476,3142349
2004-10-18,35.24489212036133,36.56807815859751,34.643439971542634,35.36518176020098,3810448
2004-10-25,35.53357696533203,35.60575231139074,34.35473799396309,34.73966395716411,1839789
2004-11-01,35.75011444091797,36.255330231917945,35.2208375577961,35.461416882045725,2304837
2004-11-08,37.12141036987305,37.24170001696411,35.77416711237732,35.846342480480224,2248577
2004-11-15,37.62662887573242,38.01155494451383,36.66431172896863,37.16952744109551,2929896
2004-11-22,36.39967346191406,37.50634140447895,36.1831552510495,37.386051754167184,1731337
2004-11-29,37.41010284423828,38.30024453274084,36.01474154643522,36.56807542823095,4812672
2004-12-06,37.24169158935547,37.506331912765546,36.736475975824916,37.506331912765546,2458418
2004-12-13,35.557640075683594,37.795028784235754,35.55764007568359,37.45821702870035,4750510
2004-12-20,35.53357696533203,35.7741561860351,35.29299774462896,35.4132873549805,1756466
2004-12-27,35.4373664855957,35.581713317699894,35.12461567430694,35.46142363267608,917904
2005-01-03,35.79822540283203,36.08692293490498,35.14866286750428,35.557646100914965,2523934
2005-01-10,36.928955078125,37.145477266666184,35.48547908734548,35.91851951480657,3667887
2005-01-17,38.87763595581055,38.925754178427205,36.73647971430421,37.02517720114359,4966822
2005-01-24,38.70923614501953,39.358798647277744,38.61300363922779,38.78141151176849,3472922
2005-01-31,37.84315490722656,39.21445540224264,37.33793519363237,38.82952929395926,6063589
2005-02-07,38.372413635253906,38.70922533667049,37.891255190264346,37.98748766918615,2192392
2005-02-14,40.200828552246094,40.39328960674771,38.49271250211906,38.54082677833935,2872701
2005-02-21,40.441410064697266,40.51358148301111,39.50315002965202,40.032422895769514,2135972
2005-02-28,40.92256164550781,40.92256164550781,40.08053426200016,40.36922778506907,1957920
2005-03-07,39.839969635009766,40.898519524227744,39.551272056338625,40.898519524227744,2669578
2005-03-14,39.71967315673828,40.46547221908738,39.479093833302095,39.91213819533569,2848243
2005-03-21,39.551265716552734,39.8640203892421,39.118221392770664,39.62344108705668,1586943
2005-03-28,39.791847229003906,39.93619402840884,39.14228465687119,39.55126791345534,1510437
2005-04-04,39.76778793334961,39.888077584608396,39.070107166124465,39.50315149050443,1519144
2005-04-11,38.56489181518555,39.88807799256516,38.49271644384377,39.647498687587046,2165277
2005-04-18,37.434165954589844,38.49271566499949,37.26576202436092,38.30025064506291,3232829
2005-04-25,36.59212875366211,37.987489906147985,36.01473779575003,37.3379235973895,3100121
2005-05-02,37.867210388183594,38.13184682917434,36.32750207293638,36.61619565408614,2137355
2005-05-09,38.107791900634766,38.252138699586936,37.14547464145892,37.722865786888626,2758192
2005-05-16,38.51677322387695,38.877642177966166,37.819092456046974,37.819092456046974,2415654
2005-05-23,38.46866226196289,38.63706620855148,38.20402579605748,38.54083368923465,2707092
2005-05-30,39.903892517089844,41.671311675741784,39.60517119585355,39.679852547851254,4431251
2005-06-06,40.75025177001953,40.824929013833184,39.40601642708701,40.00345072460961,3836255
2005-06-13,41.42237854003906,41.64641850524972,40.576007608551244,40.775155152461714,2452567
2005-06-20,42.094505310058594,42.69194395260231,41.14856045213478,41.14856045213478,3565836
2005-06-27,42.467899322509766,42.741724145196386,41.57173941298315,41.9700345224415,3015234
2005-07-04,41.69620895385742,42.61726135983471,39.35624338869878,42.61726135983471,3078136
2005-07-11,40.77516555786133,42.31854920013683,40.70048418814838,42.11940160540596,3479274
2005-07-18,40.974300384521484,41.42238033435251,40.67558314247055,40.7253679872275,2928739
2005-07-25,41.447269439697266,42.268747919726174,40.576006118895705,41.24812598985234,3618422
2005-08-01,40.70047378540039,41.67131090975229,40.6257965215299,41.546844716547035,2177092
2005-08-08,41.94514083862305,42.36832839924144,40.5262276975468,40.77516011435,2849943
2005-08-15,42.04469299316406,42.21894804733524,41.44725468283241,42.0695854046877,1564144
2005-08-22,43.11511993408203,43.51341093081659,42.16917524092736,42.16917524092736,2813163
2005-08-29,43.16489791870117,44.63360365391892,42.76660698524155,42.866180740294894,3112226
2005-09-05,44.1108512878418,44.80786362592861,43.065336867466144,43.065336867466144,2826292
2005-09-12,43.26448059082031,44.45935772422419,43.21469574640957,44.309999104237356,2535862
2005-09-19,42.76660919189453,43.488513844837605,42.51767683479374,43.239581487736814,1582221
2005-09-26,43.46363067626953,43.8121368677294,42.766618293349794,42.766618293349794,2054080
2005-10-03,42.39320373535156,43.936586549464245,42.01980526065945,43.43872191654143,2669248
2005-10-10,42.84129333496094,43.18979947504037,42.318536168218905,42.66703822154411,2250358
2005-10-17,41.32279586791992,42.99064495037158,41.273011036042256,42.96575253443275,2221627
2005-10-24,42.866188049316406,43.33916040139997,41.37259372910795,41.521952343777905,3147244
2005-10-31,44.35979461669922,44.907448470695236,43.04045096822599,43.1400247677485,3282483
2005-11-07,45.95295333862305,46.10231604939821,43.81213549631714,44.55893270317418,2665279
2005-11-14,46.22677993774414,46.30145720264081,45.35551657333491,45.80359242297839,1712667
2005-11-21,45.8284912109375,46.72465120822472,45.554666361435316,46.25167878449092,2078166
2005-11-28,46.42592239379883,46.500603743835335,45.45508527709632,45.704017661545464,2202382
2005-12-05,46.351253509521484,46.625078364564494,45.529774857637314,46.351253509521484,1889271
2005-12-12,45.38041305541992,46.57529026822422,44.957225502789086,46.37614270383855,2440378
2005-12-19,46.27656555175781,46.35124690465281,44.95722222897657,45.28083597584882,1816219
2005-12-26,47.37187194824219,47.595911934576606,45.679129925665265,46.276568526972106,1292495
2006-01-02,46.799339294433594,47.49635187850344,46.575303330113144,47.39677806838546,2007149
2006-01-09,48.41739273071289,49.46290726562351,47.073156838145664,47.22251547359646,3519625
2006-01-16,47.32207489013672,48.61652145332505,46.82421019864062,48.11865676182895,2897126
2006-01-23,47.04826354980469,47.571024939828504,46.25168138165792,47.04826354980469,3786796
2006-01-30,47.34696960449219,48.790778914581615,47.122929665098454,47.79504948327966,2390952
2006-02-06,47.07315444946289,47.770162741782606,46.774433106964615,47.67059304770465,1595969
2006-02-13,46.8242073059082,47.27228304852095,46.674844638283766,47.07313963627757,1724705
2006-02-20,48.14357376098633,48.24314756747832,46.64997892387397,46.89891139672603,2171809
2006-02-27,48.392494201660156,49.13929137146754,47.79505564846335,48.54185281827073,2555501
2006-03-06,47.5212287902832,48.4920659700631,46.64996538810336,48.39249627921772,2858319
2006-03-13,49.438011169433594,50.28438215647423,47.12293818822754,47.645695416861415,3913734
2006-03-20,49.8363037109375,50.184809902867805,48.84057406928223,49.43801267162636,2132292
2006-03-27,49.612247467041016,49.88607629817057,48.940131813867644,49.83628738034997,1983614
2006-04-03,49.189064025878906,50.03543475928387,48.98991652857651,49.786502431032616,1667469
2006-04-10,48.04399108886719,49.1890793379263,47.346978718089595,49.13929449147994,2089393
2006-04-17,49.7865104675293,49.786510467529304,47.4465453869016,48.04398388849333,2330556
2006-04-24,51.18052673339844,52.47497739558602,48.890350765552895,49.73671747969985,4282826
2006-05-01,51.28010940551758,51.529041796899755,50.68267084884947,51.18053563161381,1689260
2006-05-08,51.18052673339844,52.972842091791904,50.88180955037643,51.42945908150138,2545451
2006-05-15,48.91524887084961,51.0311740757632,48.541850305276625,50.782241698714536,3278380
2006-05-22,48.86547088623047,49.16419225763654,46.79933005933715,48.940152250770794,2975157
2006-05-29,48.66618347167969,50.85025456168791,48.64048941098039,50.38774459564101,2587143
2006-06-05,46.97031021118164,49.2828510918836,45.145969030603354,48.794647173395944,4025779
2006-06-12,49.80690383911133,50.71484149163916,45.811973057453805,47.420322311484924,5146092
2006-06-19,50.559181213378906,51.33741326108473,49.83282959867562,50.09224028124423,2903531
2006-06-26,51.72654342651367,51.830304320886064,50.014429046461686,50.818605789301486,2485334
2006-07-03,50.7148323059082,51.83029580742213,49.884715475827406,51.83029580742213,3229476
2006-07-10,50.87049102783203,52.452895921402444,50.481374860948506,50.50731508698484,4199441
2006-07-17,52.03784942626953,52.14161460893088,50.429504000749674,50.844560472614766,3400721
2006-07-24,54.58007049560547,54.63195520991787,51.77843220368966,52.14160816875724,2966925
2006-07-31,53.282997131347656,54.68381576758809,52.712291034253575,54.52817019884543,2400696
2006-08-07,52.24538040161133,53.33490418532605,51.882204387446286,52.55667169444971,1490560
2006-08-14,54.113121032714844,54.47629694188985,52.401010899494516,52.452891347042744,1892531
2006-08-21,53.801822662353516,54.21687896378268,53.54241194161296,54.06123338309407,911717
2006-08-28,56.759098052978516,56.966628305010616,53.64616982516507,53.85369581841916,3365846
2006-09-04,56.65534210205078,57.070398383353805,55.5658145725047,57.01851368645445,3479774
2006-09-11,57.848636627197266,58.31557765479371,56.08464192158716,56.292172213580876,4122029
2006-09-18,57.07042694091797,58.523126781786566,56.862896567030816,58.05618982871122,3453514
2006-09-25,60.6502685546875,61.739796096722074,57.07039903751143,57.226044612436816,5228225
2006-10-02,61.58413314819336,61.79166337641763,59.40508278694852,60.961550981075554,3445865
2006-10-09,60.961570739746094,61.999213699629976,60.59839485203096,61.42850751642651,3556384
2006-10-16,61.169090270996094,61.27285540770462,58.834393859557146,61.169090270996094,3884850
2006-10-23,61.22096252441406,63.29624780162968,60.59837608949387,61.16907783721713,5106012
2006-10-30,60.33898162841797,61.53227013141113,60.02768619799885,60.754037943531415,2118792
2006-11-06,61.739810943603516,62.31051294182899,60.442752817239416,60.54651797840208,1547713
2006-11-13,62.10298538208008,62.56992220789331,61.32474882149935,61.6879247474292,1501027
2006-11-20,60.961570739746094,62.310504884083585,60.02768866882748,61.73980295965901,1324650
2006-11-27,59.66450881958008,61.42850343777065,58.990041792193786,60.702151710567804,2688521
2006-12-04,58.05616760253906,60.49462939766234,57.641107013666186,59.664512478695436,3685862
2006-12-11,59.09379959106445,59.508855844136036,58.31556751951345,58.36744795410562,3174496
2006-12-18,57.848636627197266,59.0938098616019,57.641106335203546,59.04192515921406,2393088
2006-12-25,58.73065948486328,58.73065948486328,57.79678128289555,57.84866174903461,978623
2007-01-01,59.09379959106445,60.39085304364945,58.730623772585034,58.730623772585034,1665714
2007-01-08,59.87202835083008,59.97579347305278,57.69297781926454,59.14567675404895,2968336
2007-01-15,57.5892219543457,60.13144869295753,57.070400518610924,59.975803113992804,3817147
2007-01-22,58.211822509765625,59.09382001410054,56.499707953618035,57.641116238123246,4563823
2007-01-29,59.975807189941406,60.3908635149807,58.15992778268421,58.52310366413565,2840283
2007-02-05,58.67876052856445,60.0795838799449,58.47123445555892,60.02769916760879,2510392
2007-02-12,59.923919677734375,60.13144995991232,57.5892231677364,58.57498561991366,3472972
2007-02-19,61.615291595458984,61.765750011630196,59.716404087497914,59.923930147154486,3905990
2007-02-26,57.89015197753906,62.258633384350134,57.32982435799673,61.78650508836728,5027814
2007-03-05,61.31435775756836,61.63602753253921,55.92898794619299,56.96663073302354,5184607
2007-03-12,61.45964431762695,61.68792340293022,58.834405025184694,61.43889128634673,3761128
2007-03-19,62.79301071166992,62.9694136012536,61.01345430719201,61.739806119800484,3100618
2007-03-26,62.108177185058594,63.03168077753129,61.33513201911919,63.03168077753129,2563958
2007-04-02,66.89689636230469,67.2860125072667,61.86432244359415,62.22749836398122,5522905
2007-04-09,67.08365631103516,69.25232836910898,65.95262277929456,66.89687907655495,6100257
2007-04-16,65.86442565917969,67.23930409838448,64.12637138143228,67.08365852723145,4165483
2007-04-23,66.30543518066406,67.34307813726927,65.40787197898669,66.27430350704974,2309810
2007-04-30,66.05121612548828,67.28601081675762,65.16403150761587,65.98376983977624,2140365
2007-05-07,65.9630126953125,66.37806902853785,64.84235761445883,65.88000057691166,2456818
2007-05-14,67.7114486694336,67.95529359861746,65.75548926637755,65.7969953299126,2653486
2007-05-21,69.23160552978516,69.85937947953425,67.23413986510727,67.7062681905544,2762460
2007-05-28,71.16344451904297,72.49211125584424,70.100506767024,70.91897001397464,2541808
2007-06-04,67.21463012695312,71.49293526321671,66.64595948504108,71.42916311209153,2847696
2007-06-11,69.72313690185547,70.1026766390209,67.51538678775646,68.7823066221209,3127713
2007-06-18,68.24775695800781,70.17752789291534,67.89494443583715,69.7071126593535,2663493
2007-06-25,69.25806427001953,69.48792505962625,67.34967209436586,67.87889075638688,2139616
2007-07-02,70.60517883300781,70.60517883300781,68.0553094238263,69.08167068382478,2504797
2007-07-09,69.93697357177734,70.9152248181281,68.89457419917444,70.60517773524114,2525899
2007-07-16,70.7441635131836,71.55135309369395,69.49863059501999,70.0278493483335,2934583
2007-07-23,67.4619369506836,71.20388440235571,67.10912447402902,70.56240757098345,3172517
2007-07-30,67.50469970703125,68.83576331181317,66.87926102777159,67.39244159506147,2799310
2007-08-06,63.92848587036133,67.37642074799277,63.452721626379585,66.30729392627744,3988342
2007-08-13,60.806617736816406,65.08847299778938,59.28845870479951,64.62874699158851,4365919
2007-08-20,64.68220520019531,64.68220520019531,60.52329726180131,61.38394572297506,3356358
2007-08-27,67.83613586425781,68.95871708988098,62.75777989635245,64.83188945568914,3057595
2007-09-03,67.56885528564453,70.16683466259914,67.24811465318272,68.50968569820537,3827335
2007-09-10,69.49327850341797,69.70710118091999,66.88460585632258,67.56884807792119,2745427
2007-09-17,70.24702453613281,70.9740278978337,67.63835147639182,69.52001678643484,3089475
2007-09-24,70.53034210205078,70.70674836735546,68.9854555234706,70.24702667183186,2789023
2007-10-01,73.52925109863281,73.79653279595112,69.97974296192997,70.02785735336508,2992918
2007-10-08,73.19780731201172,75.64076311035133,71.93089170575666,73.76979147367032,2592713
2007-10-15,72.94120788574219,73.3474748964389,71.63152706557892,73.19779596007838,2169136
2007-10-22,70.44482421875,72.5349679774883,69.54675465302238,71.6582811249446,2937223
2007-10-29,70.45548248291016,73.52922531211402,69.71243681663123,70.82967760552596,3091466
2007-11-05,65.1045150756836,71.03817055040145,63.997967601004454,70.02784745699665,4897748
2007-11-12,63.76276397705078,67.31226756744846,63.43133416059816,64.7891296859348,3349512
2007-11-19,63.43668746948242,64.59668971243464,59.422112945258675,63.9926335886667,4544554
2007-11-26,61.490875244140625,64.09419962326061,58.3476384765314,63.61309517858396,5623742
2007-12-03,62.709678649902344,63.185438495150876,58.90358233592433,61.4908728720103,4846670
2007-12-10,59.34192657470703,63.50618007431814,59.19224759226719,62.2125325937986,3983568
2007-12-17,58.40108108520508,59.186887862897485,57.25176830033816,58.844768950023735,5009459
2007-12-24,58.34227752685547,58.90891704973876,58.12310588430607,58.5347218835322,1078415
2007-12-31,53.51519012451172,60.27741978420154,53.509841154926114,58.80202565815948,4619977
2008-01-07,49.17987060546875,54.37048571707089,48.38871462377115,53.51518598528757,7813066
2008-01-14,46.62465286254883,50.40936641182952,44.64676743722322,49.179867101493755,6923572
2008-01-21,50.22227096557617,51.58541124243724,42.711651153686496,44.75902947160976,12551189
2008-01-28,52.098567962646484,52.5743276234269,49.072935208529586,49.68234005518744,5717297
2008-02-04,48.581153869628906,52.48881457983496,47.89691152419798,52.38724999633963,5836591
2008-02-11,48.79498291015625,51.02411191087296,47.45322545707469,48.110740537572546,3982046
2008-02-18,48.94999694824219,50.66594493273932,48.11073117921517,49.18520233844309,3255592
2008-02-25,48.533042907714844,52.70798522154552,48.37801935723975,49.23866794960107,4569045
2008-03-03,45.8869514465332,49.00345606563254,45.70520061325418,48.148156477967625,3747414
2008-03-10,45.159942626953125,47.41580302324253,44.930081800808644,45.667778664525265,3985750
2008-03-17,45.379112243652344,46.1595744892688,43.72730795409733,44.20841668122933,3957399
2008-03-24,49.63957977294922,50.44142464301115,45.379107537329524,45.379107537329524,4196230
2008-03-31,48.44750213623047,51.85267496813905,47.38906479037555,49.07294079041883,4523043
2008-04-07,44.8819580078125,49.09966896445784,44.36877749766456,48.875148377521946,4515740
2008-04-14,46.43220138549805,46.68879388044385,43.23551068661334,44.37413439793949,4745390
2008-04-21,44.95680618286133,46.56049605803686,43.29965734571534,46.50704148406297,5944075
2008-04-28,45.902984619140625,46.29321353293021,43.732655238679264,44.967494488392724,3351117
2008-05-05,45.090450286865234,47.12179006563502,44.91938861690673,45.89229528280043,3337301
2008-05-12,47.651004791259766,48.10538621670879,44.358094250673325,45.32565625465553,4220206
2008-05-19,44.032020568847656,48.13747065753027,43.95183868787976,48.13747065753027,4169979
2008-05-26,44.90334701538086,45.432565724885876,42.97357196140624,44.10150208146291,4067513
2008-06-02,45.05303955078125,46.77433702067394,43.96252993628934,44.956819533854805,4237998
2008-06-09,45.67475509643555,48.22958725229822,43.77282169531541,47.37797653367733,5219309
2008-06-16,43.01205825805664,45.981343756955454,42.353478433273416,45.70314975160143,4398229
2008-06-23,40.1847038269043,43.56276089957636,39.34444560875141,42.7168263946253,5418336
2008-06-30,37.28921127319336,40.51397951040194,36.19347159954614,39.980301550684636,4879113
2008-07-07,33.1844596862793,37.75477488405836,33.1844596862793,37.46522598920985,5527046
2008-07-14,36.89179992675781,37.028058753042544,31.804843358294494,33.899807666338916,7485013
2008-07-21,39.98598861694336,41.887917145793615,34.75709258319203,36.846380482421274,7325416
2008-07-28,39.3387565612793,40.082499021272746,37.21540655747495,39.9916598206324,4798385
2008-08-04,44.06804656982422,44.06804656982422,39.1741187090924,39.1741187090924,5104661
2008-08-11,45.54984664916992,46.20842625156331,43.29591393057652,44.09642863140528,5125427
2008-08-18,43.7501106262207,45.49875162411427,41.745985488052625,45.13539940571652,4878235
2008-08-25,45.260311126708984,45.6463778967186,42.370512270893116,43.488959927668354,4710547
2008-09-01,41.16120910644531,46.14313790046371,41.16120910644531,44.74365382687267,5818133
2008-09-08,41.89927673339844,44.25540145564826,40.5764411173401,42.5635326844263,4710735
2008-09-15,42.1576042175293,42.37618788292644,38.83348321114085,40.53670728320139,8655941
2008-09-22,37.58160400390625,42.23991682558966,37.26650723380034,42.1547585592906,5248735
2008-09-29,34.946136474609375,37.68345403598234,33.3889435874356,37.30351039760663,4981194
2008-10-06,25.71523666381836,33.90704025772557,24.132141748095126,33.489678398310005,10939345
2008-10-13,24.454519271850586,30.562394695569562,23.095936443002728,27.286824794166527,9361333
2008-10-20,22.186376571655273,26.691005353675983,21.41785363015073,25.326662184432575,6115826
2008-10-27,28.553302764892578,29.23259301914416,20.724169761066143,21.173194455190387,8629505
2008-11-03,26.49527359008789,29.480130076835593,25.43891759832813,28.786446212241795,6632466
2008-11-10,20.94867706298828,27.865367710628,20.827786373542224,27.71281427386407,7108646
2008-11-17,18.156673431396484,21.035029122494887,17.880350311612258,21.012002097399723,8201385
2008-11-24,21.501325607299805,21.852486603894576,18.323620543194732,18.571158732150494,5515614
2008-12-01,18.680538177490234,22.508753457931594,18.542376001260493,21.199100022605208,5581313
2008-12-08,23.02973747253418,24.005501462949535,19.91823396942073,20.20606950873547,6628862
2008-12-15,27.079574584960938,27.643731896581965,22.618123347241013,23.539197135914062,6155168
2008-12-22,25.859155654907227,27.422096685233974,25.473456525419092,27.036404643892347,1285847
2008-12-29,28.783567428588867,28.783567428588867,25.585712236458768,25.89369693648414,1549044
2009-01-05,26.30817985534668,30.366661099238193,25.94550539435736,28.78356613154725,6084257
2009-01-12,24.497690200805664,26.518296095552884,23.15349896662462,26.138352581749164,4909255
2009-01-19,21.535863876342773,24.81719140175183,20.86808485844495,24.702056273591676,6111837
2009-01-26,22.813854217529297,24.35089753745329,21.345891974106152,21.400581750348202,4727048
2009-02-02,26.414676666259766,26.429075056749266,21.84672939692666,22.419522604404484,4144724
2009-02-09,24.49193572998047,27.039288577111463,24.045795873820442,26.193051112253293,4055497
2009-02-16,24.765378952026367,25.706602109758897,23.239851527218246,24.339383711189406,4808119
2009-02-23,27.344385147094727,27.580408576067168,23.99397710809301,25.33816828046543,6179435
2009-03-02,26.901121139526367,28.343178602693683,26.052006052385394,26.929906103413266,6291080
2009-03-09,28.164722442626953,29.563603746133595,25.818862301785288,27.453769458357215,4720004
2009-03-16,29.983844757080078,30.922190271686183,28.426654342396297,28.73176129192165,4376897
2009-03-23,28.023681640625,30.58542067979574,27.321364403685127,29.983842551456053,4933493
2009-03-30,32.32395553588867,32.867966239483906,26.71403771644164,27.31273585161246,4861183
2009-04-06,33.37742233276367,33.38893584527854,30.009747093392573,32.90249525763516,4238455
2009-04-13,34.22365951538086,34.30425410279552,32.726914705543166,33.37742225431565,3741538
2009-04-20,35.012325286865234,35.012325286865234,31.374084101385233,33.964602856138434,6230480
2009-04-27,33.64799118041992,35.467112115818956,32.98308519290388,34.19487952119084,3950811
2009-05-04,36.72207260131836,37.40712068340926,33.6997980373525,33.80341964911579,4295424
2009-05-11,34.11329650878906,38.22201091909545,32.94286299839594,38.16714512818855,3501563
2009-05-18,35.72263717651367,37.36856055737536,33.23546517964431,33.91212145756582,2678487
2009-05-25,36.1005859375,37.252732164123756,34.207773028488575,35.661672255271256,2205729
2009-06-01,37.38684844970703,39.5692199162074,36.24689424762298,36.69495017658035,2760362
2009-06-08,37.7007942199707,38.679206077754934,36.47549759765476,37.38685155423728,2046109
2009-06-15,34.56440353393555,37.72213768895722,33.22632770618314,37.62460322800437,3724707
2009-06-22,34.84785842895508,35.417835534063286,32.51613413551001,34.36017623911092,2519311
2009-06-29,34.83871841430664,37.103387619057216,34.143772638683835,34.664983846881384,2551600
2009-07-06,33.62255859375,35.045978871557885,33.61036147279901,34.58877823687087,1933136
2009-07-13,36.423683166503906,37.00280255004848,33.59817904695788,33.62256328436754,2480730
2009-07-20,40.32513427734375,41.0017906633669,36.42368601082242,36.42368601082242,2881576
2009-07-27,47.664730072021484,47.792751074146075,39.64847314894221,40.74575635013776,5182827
2009-08-03,49.10338592529297,49.8227183812382,46.49429270388517,47.51842560612742,4276565
2009-08-10,48.17070770263672,50.078758194649915,46.024909622770814,48.85955621861989,3542150
2009-08-17,49.18872833251953,49.359417966477366,46.55525113867222,47.646436827424054,2556063
2009-08-24,48.786399841308594,49.975122679590456,47.94515114140317,49.38380616271338,2240369
2009-08-31,47.62206268310547,49.88368204738731,46.786908766383064,48.53646412425362,2804722
2009-09-07,51.73686218261719,52.84024257483202,47.84760917854523,47.90247245697465,3304869
2009-09-14,52.9621696472168,53.32792821342844,50.68226090704,51.206514518346836,2253239
2009-09-21,51.51131820678711,53.882669238507944,50.871238173989674,53.035325671656885,2154276
2009-09-28,51.938053131103516,53.98021995147714,50.62741368311246,51.37112567244387,2677626
2009-10-05,52.65736770629883,56.84532669124303,51.12117076234417,51.7673505496406,3772414
2009-10-12,51.85878372192383,53.23648551987205,51.33452516136318,52.76099543024483,2864158
2009-10-19,48.621795654296875,52.8890064354919,48.597411421126154,52.3403636911241,3794566
2009-10-26,45.3299560546875,48.96927713534846,44.202196358785066,48.597418774217196,3804250
2009-11-02,47.84761047363281,48.829064711984714,44.43993726751599,45.11050125433546,3300801
2009-11-09,50.77980422973633,50.901720431136795,48.28653184318241,48.335300325322,2383664
2009-11-16,49.45085144042969,51.3650011130087,49.347219707016414,50.78587936491029,1871938
2009-11-23,49.377716064453125,50.98706590817995,48.32920374477691,49.78614833444178,2855400
2009-11-30,50.49937057495117,51.322329670842414,49.01803719682143,49.627638009762144,3083615
2009-12-07,49.03023147583008,51.0175341180846,48.68885718984215,50.1945699399513,2609757
2009-12-14,49.74346160888672,50.76758931660105,49.06680294260603,49.377698139026954,2586256
2009-12-21,51.212615966796875,51.212615966796875,49.62155564465927,49.74347683860721,1272594
2009-12-28,51.352821350097656,51.986806551755755,50.4688989529857,51.322342302738214,660427
2010-01-04,53.43766784667969,53.60835253455135,50.92610596459842,51.35282769217484,2410272
2010-01-11,53.90095520019531,55.016525330110085,52.74880621136157,53.565675681160066,2375314
2010-01-18,53.50471115112305,56.10770971918399,52.94387869693595,54.01068032234911,2249031
2010-01-25,53.91923904418945,54.54712935374215,52.5049633967146,53.19990660075965,2108742
2010-02-01,50.773685455322266,55.162817185094525,50.32867947691945,53.644910004238945,2665687
2010-02-08,51.40159225463867,52.54764151868559,50.24334836870333,51.02363903926975,2356211
2010-02-15,52.053871154785156,53.61445262296456,50.8895323650912,51.65153366683346,2835187
2010-02-22,51.383296966552734,52.33427720751616,49.37770973210222,52.303798162191825,3209214
2010-03-01,54.62028121948242,54.66295488573748,51.840503187469125,52.05995631918602,2506414
2010-03-08,57.777984619140625,58.22909025095881,54.26058665745674,54.74217131759889,3731496
2010-03-15,58.55832290649414,59.13135012664029,57.43665771364534,57.906048145978126,2663618
2010-03-22,58.86920928955078,59.07037801674571,57.13184846808359,58.21693963235497,1884143
2010-03-29,61.2039794921875,61.29542163937284,58.6741384661206,58.9362652822614,2221550
2010-04-05,63.398529052734375,63.48997117549174,60.47244617580616,61.20396314207816,2233342
2010-04-12,63.67286682128906,65.19686923356687,63.39854538628945,63.4290244337454,2730538
2010-04-19,66.56847381591797,67.4828752276714,63.1242214927864,63.18518458927199,2841048
2010-04-26,61.84405517578125,67.60478447985265,60.41149010857555,67.05614669143229,3880325
2010-05-03,60.00307846069336,62.91087824933634,56.75390426488017,61.56975485640883,4430427
2010-05-10,62.45365905761719,64.4348620085125,59.393459897566174,59.740934016371035,3666747
2010-05-17,57.41123962402344,66.58210113095335,56.670736214538366,63.765653919482254,4278798
2010-05-24,61.28464889526367,62.120085559453045,56.56314097640056,57.860603879619894,3799311
2010-05-31,62.056793212890625,64.33526946600769,60.51249246815767,61.5821113095673,2251683
2010-06-07,63.765663146972656,64.90489892678661,60.253012132571484,61.20237614829583,2087433
2010-06-14,67.49981689453125,67.81627150334018,63.512484667318574,64.49349811084647,2071930
2010-06-21,66.17070007324219,69.93651590500106,65.75931222598214,68.73398639241798,2388471
2010-06-28,61.54413604736328,67.81627251394335,61.3479364728991,66.55045405984433,2979982
2010-07-05,63.82892990112305,64.30361174461656,61.53779824642804,61.79729181878176,1272956
2010-07-12,62.75932693481445,65.94918966687216,62.46185585564553,63.9871679336028,1359220
2010-07-19,66.107421875,66.99349694219454,61.354269249431425,62.34161063233687,1833620
2010-07-26,64.96817016601562,66.8985419477871,63.79728517392345,66.32892166025312,1328399
2010-08-02,66.32893371582031,67.87956757986098,65.03147081981183,65.25299216979283,1331820
2010-08-09,64.20867919921875,67.59474617054225,63.76564176803091,67.43651888763763,1177836
2010-08-16,64.39854431152344,66.48714838841481,63.607407977935516,64.55677157824103,1349286
2010-08-23,65.3479232788086,65.47450616100424,62.55679280631448,64.68336964137553,1496380
2010-08-30,68.3226089477539,69.30362255079632,63.892243704043906,65.60109990853013,1623811
2010-09-06,69.68335723876953,69.9365230130255,66.99349296722066,69.27196934969793,1992981
2010-09-13,73.32259368896484,73.76563121514411,70.12639773277739,70.18968658139913,2290563
2010-09-20,74.65168762207031,75.31624638924205,71.99346813920761,73.38586931549519,1602299
2010-09-27,73.51246643066406,76.26562489814475,73.06942889845473,74.65170208829107,1999941
2010-10-04,71.6137466430664,73.82892935753988,71.4555193063183,73.70234644908612,1873397
2010-10-11,75.44281768798828,75.94914912404795,71.42384178709207,71.83523478007197,1732674
2010-10-18,73.51246643066406,74.74664055779155,71.26563434487585,74.24031417609909,1908355
2010-10-25,74.55677032470703,76.20233239736825,72.87955863138718,73.57575677091096,1906213
2010-11-01,73.9238510131836,75.85422304311697,73.44916911097333,74.74663193795969,1608788
2010-11-08,73.03777313232422,74.24030264797999,69.8415776289431,73.98713689880772,1864930
2010-11-15,74.90487670898438,74.99981518967928,72.3099452545129,72.78462726743466,1181485
2010-11-22,78.98712158203125,79.01876600189976,74.20865832363741,75.379538225697,2394214
2010-11-29,79.65169525146484,81.20232406736824,77.27828019366613,79.05043038057056,1775978
2010-12-06,80.8542251586914,81.13903540013253,78.60739804559155,79.58840648142092,1584296
2010-12-13,78.44915008544922,81.20230810183088,78.41750566589252,80.85420390088238,1424124
2010-12-20,76.5187759399414,78.79725216606172,76.26561537833368,78.48079756759572,996901
2010-12-27,75.3162612915039,77.02511738255376,75.25296724648678,76.26562520927874,499120
2011-01-03,73.57573699951172,77.24661404408613,73.48080374887412,75.9491513898432,1475412
2011-01-10,75.15802001953125,77.72130108262034,72.43650647091151,73.35422579345015,2161334
2011-01-17,72.40486907958984,75.6959980754052,71.01246775113619,75.22131615856478,2099485
2011-01-24,71.83524322509766,74.8099173829195,71.61372709223564,72.43650797964807,1797904
2011-01-31,72.12004852294922,74.49345776596638,71.20232924326099,71.8035939572136,2322444
2011-02-07,74.49346160888672,74.99979309640369,72.18334108173384,72.34156837276417,1780422
2011-02-14,73.16436767578125,74.62005797750008,71.39221753948793,74.3352477630761,2029282
2011-02-21,70.28461456298828,73.38587158825305,69.49347809687737,72.97448374304034,1433382
2011-02-28,69.71499633789062,71.80360082781569,69.36689732132814,70.09474497027476,2045620
2011-03-07,68.67070007324219,70.79094381267723,67.94285241597485,69.58841945123464,2173510
2011-03-14,64.27195739746094,68.3858712674155,62.21500306012052,67.97447832183792,5126847
2011-03-21,67.72132873535156,68.10107213452737,64.55677789602998,65.09475377268272,2422988
2011-03-28,69.65170288085938,69.80993016838134,67.3732268233783,67.72133101214641,1806649
2011-04-04,71.74030303955078,71.74030303955078,69.24030580848493,69.62005439350831,1771810
2011-04-11,72.72132110595703,72.87954840594635,70.88588234797075,71.23398136889224,1651192
2011-04-18,74.58841705322266,74.77828880665781,71.55044821715606,72.91120530811406,1327628
2011-04-25,76.42384338378906,76.67700394773622,74.36688847475199,74.58840461761514,1364795
2011-05-02,76.80360412597656,77.68967928755201,74.74664875364732,77.1833528503416,1921446
2011-05-09,77.12003326416016,78.6390172681313,75.66434329093136,76.67699583006237,1696920
2011-05-16,77.12003326416016,77.62635953372566,75.6959877086652,76.70864544307084,1969132
2011-05-23,77.39153289794922,78.24055221483665,74.87712314449375,76.2159619166184,2015386
2011-05-30,76.93437194824219,79.57939610442465,76.11800613701598,77.09764511048743,1558133
2011-06-06,74.74650573730469,77.13029596690104,74.38730586514757,76.77109609474391,1465442
2011-06-13,75.13836669921875,77.09765013479675,73.7995277537486,74.90978640156017,2107833
2011-06-20,75.95471954345703,77.22825105595776,73.73420278520186,73.79950989417058,1451686
2011-06-27,80.33045959472656,80.72231306314673,75.69349829334068,75.88942502755077,1957087
2011-07-04,82.64892578125,84.24900371091391,80.36310169914493,80.46106773275874,1770800
2011-07-11,82.38771057128906,83.10611044357108,78.37118806101795,82.09381776500895,2104488
2011-07-18,84.7061767578125,85.45723544978338,81.57133310962743,81.7999133927739,1940335
2011-07-25,84.2490005493164,85.78377130627726,82.74688870963578,83.92245426412707,1984494
2011-08-01,75.04042053222656,86.33893593185383,72.8199028069378,85.48991097980281,4018538
2011-08-08,74.02810668945312,74.97508671742608,67.30124292776212,74.28934052577416,3678341
2011-08-15,68.57477569580078,74.7791611591215,66.19098540682567,74.55058087867828,2048654
2011-08-22,70.53404998779297,72.29740096944022,67.33389430402754,67.6604405835566,2317326
2011-08-29,72.6566162109375,75.92207969864137,71.35043081585596,72.03617707608323,1726230
2011-09-05,69.06458282470703,72.36270436745892,68.99927571653326,72.33005081337203,2748847
2011-09-12,73.99545288085938,74.87713121185064,65.89710153736357,67.85637956940747,3413733
2011-09-19,69.06458282470703,74.90976736145615,67.43185151085015,72.88517731570286,2545040
2011-09-26,63.624324798583984,71.80758140958132,62.67733951761315,67.95432781334908,2911263
2011-10-03,65.30277252197266,65.73381445554521,59.10491767812772,62.27894934820183,4125547
2011-10-10,69.06458282470703,70.30546076761875,65.57053459648257,65.8970862202052,1518262
2011-10-17,67.8890151977539,70.27280498476122,65.83177166316123,69.39112688667103,1811492
2011-10-24,75.23632049560547,76.96701799073989,67.98698958342449,68.28087695799864,2444564
2011-10-31,70.86060333251953,74.97508579263227,69.16255929309301,74.58323236250804,1881636
2011-11-07,72.72190856933594,74.77915229322471,69.48909930077568,70.72997731851042,1963488
2011-11-14,70.20751190185547,73.4076679590962,69.75034598497078,73.11377520103089,1591270
2011-11-21,66.15830993652344,69.9462502964479,65.34194440394496,69.9462502964479,1510254
2011-11-28,72.78722381591797,74.19137502838797,66.74611199923321,66.94203870398553,2018689
2011-12-05,73.53827667236328,75.43224731675247,71.54634535661366,73.6688962617956,1501097
2011-12-12,69.22786712646484,74.0281065412763,68.67274053456069,73.04846223393886,1781380
2011-12-19,72.62394714355469,72.81987383879743,68.31353304345676,68.60742576679662,968998
2011-12-26,72.26476287841797,73.44033411226697,70.72999706671399,72.6239681781791,544249
2012-01-02,74.25668334960938,75.20366869241062,72.29740554834551,72.29740554834551,1512647
2012-01-09,75.7587890625,77.32621331970097,73.7995114214745,74.25667727657074,1486098
2012-01-16,78.37117004394531,78.66506278266121,74.90977501610537,75.1057017215987,1476904
2012-01-23,78.50177764892578,80.39574266079276,77.19558730284544,78.53443120136382,1281969
2012-01-30,82.2570571899414,82.2570571899414,77.5547903022649,78.04460965804473,1209866
2012-02-06,81.14681243896484,82.74689034011145,80.5916858875852,81.9958317249962,1035070
2012-02-13,78.6650619506836,81.86521776338573,77.75073018678248,81.66928569901282,1727115
2012-02-20,83.46528625488281,83.92244672431409,78.8936333120098,79.02425288654065,1730530
2012-02-27,83.72653198242188,84.34697102920487,81.66928813281298,82.9428197844303,1089172
2012-03-05,84.77147674560547,84.9020963285606,81.01618920016499,83.7265254429159,1366146
2012-03-12,88.75534057617188,89.40843310082512,84.31430711976878,84.3469606738112,2080496
2012-03-19,85.88175201416016,88.55943522692326,85.22865933216222,88.49412274215194,1645505
2012-03-26,84.2490005493164,88.33083447513472,82.97546896488767,86.1103175914666,1753906
2012-04-02,83.23670196533203,86.01235054457578,81.96317047533698,84.60819947800024,1369858
2012-04-09,79.74266052246094,83.23670902793936,79.57938737811946,83.23670902793936,2072825
2012-04-16,76.80374145507812,83.23670635188348,76.60781476035773,79.61203837527444,3861030
2012-04-23,83.10608673095703,83.10608673095703,74.48525855763074,76.24860953122241,3990071
2012-04-30,82.36058807373047,86.53415647737769,82.12498599035449,86.23123556615404,2730585
2012-05-07,82.79814147949219,83.67324204027337,80.84598939913417,81.24988579108913,1706264
2012-05-14,80.13916778564453,82.96642007982561,79.7016147961319,82.25960838768927,1944007
2012-05-21,79.66795349121094,81.92302607554227,78.86016637929576,80.13916310029774,1534093
2012-05-28,74.72026824951172,80.7786694232411,74.41734736197986,80.00453888017478,2127548
2012-06-04,77.27825927734375,79.16309796922118,73.10469657132907,74.38369346572645,2340359
2012-06-11,75.39342498779297,79.49967433319013,73.97979598994698,79.09578349131188,2202083
2012-06-18,74.58563995361328,77.81678888541663,74.11443027392228,76.67242409920597,1718115
2012-06-25,75.56169891357422,75.86461974828474,72.83541692681449,74.51830983902462,1897429
2012-07-02,75.96562194824219,78.65824843629419,75.39344220398401,76.03294078768495,1762314
2012-07-09,73.54224395751953,76.73973042278746,71.5900921158385,75.66268456053044,2327348
2012-07-16,74.75392150878906,76.5377845789941,71.82569376292244,73.57590018618008,1979770
2012-07-23,81.28353881835938,82.1249826903714,71.75838645129262,74.0471159934198,3061637
2012-07-30,83.53858947753906,84.043455699774,81.04791500938636,82.09130962251326,2065035
2012-08-06,85.96195220947266,86.13024095325174,83.63956644019419,83.63956644019419,1128591
2012-08-13,86.66876983642578,86.83705859187128,84.68296141704172,85.96195816868176,888596
2012-08-20,84.88491821289062,86.66877582856469,84.00981220356216,86.66877582856469,1006828
2012-08-27,83.60592651367188,85.25515763759975,83.23569230845612,84.884923432384,899193
2012-09-03,85.76001739501953,86.56780456987451,83.16836710592791,83.4039746916467,1186351
2012-09-10,84.00981140136719,86.76975047051833,82.39423704256478,85.45709699469585,2254771
2012-09-17,83.84152221679688,83.90884103803138,81.85571368900577,83.70689009996369,1541515
2012-09-24,80.37478637695312,83.6395923323277,80.03820878520132,83.4713035364518,1752270
2012-10-01,81.92304229736328,82.29327651865857,80.20649227253118,80.7113586267438,1482844
2012-10-08,87.98143005371094,88.35166976489776,83.03373694472245,83.67323537011175,3382486
2012-10-15,90.37113952636719,90.80869255667514,87.98143447325857,88.18338542609992,1865547
2012-10-22,92.39057159423828,92.39057159423828,87.5438554576818,90.43842027410321,2363671
2012-10-29,92.72718811035156,92.86182577095603,89.49604449930449,91.95306300415005,1192836
2012-11-05,91.04428100585938,92.59254194249294,89.9335730340371,92.42424766510479,1385408
2012-11-12,89.2267837524414,92.82816725825812,89.19312709877966,91.04430383218063,1225203
2012-11-19,94.14080810546875,94.17447028214805,89.73164315229806,89.73164315229806,1088873
2012-11-26,96.53050994873047,97.03537627420559,92.86181907078691,94.07349162116378,1249722
2012-12-03,95.58808898925781,97.27097671252585,94.47738088164647,96.93439916787224,1190749
2012-12-10,95.35249328613281,95.99199729444564,93.8042320568206,95.35249328613281,1000433
2012-12-17,94.91492462158203,96.22758354817597,94.74663586570622,95.28516430501723,1256872
2012-12-24,94.30908966064453,96.02563951431767,93.87154770497305,95.95832621738913,332142
2012-12-31,97.77583312988281,97.87680859330973,93.90519175826164,93.97250505012258,916766
2013-01-07,98.75192260742188,99.76165522162461,96.29490436927416,97.47292575251069,1513654
2013-01-14,105.78639221191406,105.98833208953718,98.38167585316357,98.92020429603416,1687284
2013-01-21,106.13590240478516,106.37394911053879,103.68739010005797,104.74161129603448,1111988
2013-01-28,111.20293426513672,111.20293426513672,106.44195571636087,106.68000241061146,1892416
2013-02-04,109.3665771484375,111.13493863261967,106.44197114948592,110.9989151207374,1479551
2013-02-11,116.98414611816406,118.85453074708398,106.16990886455115,108.82245657148053,2417727
2013-02-18,116.67805480957031,119.05854389517597,114.46760065865078,116.98412439156935,1916619
2013-02-25,117.59626007080078,118.78650469134821,112.22314238462917,117.1881672681462,1549495
2013-03-04,120.7588882446289,121.81310926243164,116.16794519809235,117.29017795376699,1397310
2013-03-11,121.40508270263672,122.08522272154472,118.92256940043356,120.35086120695145,1659533
2013-03-18,116.95011138916016,122.0511593621763,116.44000659185853,120.31680975091474,1690575
2013-03-25,116.5760726928711,118.0043755802701,114.70568775226604,117.73231735572058,1071329
2013-04-01,112.46121978759766,120.69091036111162,111.2369634987359,116.57605949138329,1217083
2013-04-08,115.04573059082031,115.99792856905415,111.54300829550009,112.49520627373393,1117765
2013-04-15,112.90327453613281,115.28377478225916,110.08069239358099,114.70564707289047,1519326
2013-04-22,113.24334716796875,122.28922152572022,110.96488122595322,113.5834170448648,2369202
2013-04-29,114.87566375732422,115.691838011861,112.69922141043591,113.65141912442638,1063859
2013-05-06,118.61648559570312,118.61648559570312,114.26358816857058,114.6376583997348,1073702
2013-05-13,119.7727279663086,120.45286789175977,115.62387665424502,118.48045987476273,1332816
2013-05-20,116.03193664550781,120.48685678925906,115.86190169598967,120.01075223104371,1263974
2013-05-27,114.39960479736328,119.36463004575128,113.24336038143953,116.26998933853196,1498925
2013-06-03,109.87667083740234,115.92991748448094,108.72042644080227,114.46761463445398,1754383
2013-06-10,108.44837188720703,113.2773620521689,105.76181307881275,109.53659329303862,1624804
2013-06-17,103.4267349243164,114.19747785834453,103.4267349243164,110.05488790984256,2616703
2013-06-24,107.81098937988281,108.29428702611965,101.49353718602116,103.49579134239592,2121378
2013-07-01,114.3010482788086,115.85451955577123,107.50028717618217,108.3978528923889,1676406
2013-07-08,116.0271224975586,117.58059370787316,114.33556949139975,114.88790800968053,1438177
2013-07-15,117.68415832519531,119.16858860735258,114.81886477310634,116.2342541587477,1206222
2013-07-22,122.55169677734375,123.31116925237978,114.02485765132694,118.20197326637893,1414791
2013-07-29,124.79560089111328,125.07177579480063,118.47814955946436,122.06838930269188,1489501
2013-08-05,126.41812133789062,126.41812133789062,122.10292360012289,124.96821716498135,887507
2013-08-12,123.31116485595703,127.83349610159968,123.03498996536246,126.97045665280545,912898
2013-08-19,123.44930267333984,125.03728903323666,120.82565726494511,123.27669472107456,657406
2013-08-26,117.99485778808594,123.58736356187175,117.99485778808594,123.17310681360355,839488
2013-09-02,118.37458801269531,120.51492377889656,117.58058937856654,118.61623681397714,888920
2013-09-09,117.47701263427734,121.34343847403984,116.33780961763894,118.27101120261794,1335145
2013-09-16,121.20536804199219,122.65528367068909,117.26991191099758,117.61512775880077,1004539
2013-09-23,114.85337829589844,121.72316777662007,114.50816251626615,121.20534410717165,1425641
2013-09-30,112.78208923339844,116.13069186702003,112.19522458680318,113.92130374437973,1130986
2013-10-07,115.1640853881836,115.23312628757566,110.67627957394907,112.43687351551414,1046717
2013-10-14,118.82337188720703,118.82337188720703,113.05825871111514,115.30216150770796,1131926
2013-10-21,115.57833862304688,121.20535877918944,113.57608459182454,118.85790026144963,1634252
2013-10-28,115.7509536743164,116.71756030090481,115.06052198888243,115.99261383214166,852338
2013-11-04,114.37010192871094,116.64853125619796,113.02376453922658,116.09618131774494,992684
2013-11-11,111.78096008300781,114.54268654308702,111.22861025703075,114.54268654308702,1253096
2013-11-18,113.7832260131836,113.81775213153088,111.33218898784527,111.43575600798287,762079
2013-11-25,112.71306610107422,115.06053639239163,112.57498428066376,113.95584782439097,690989
2013-12-02,105.32542419433594,112.92018392753855,104.42786982093395,112.78209079208163,1598066
2013-12-09,102.80533599853516,106.15393834216172,102.32203841022971,105.3944658455805,1233271
2013-12-16,102.908935546875,105.15283896694405,102.32207076553054,102.83989463170032,1427265
2013-12-23,105.56708526611328,105.60160004909979,102.25300867497009,103.15056305618097,459543
2013-12-30,105.77421569824219,106.9824712240501,105.42899983372564,105.63613388639754,640498
2014-01-06,100.52690887451172,106.32653605286781,98.73177781021208,105.91227939760705,1587663
2014-01-13,105.08377075195312,105.35994567581054,99.11153478001346,100.59596507770651,1605689
2014-01-20,103.97583770751953,107.53473718351377,103.9409419312179,106.10419365535066,1287260
2014-01-27,103.3128662109375,104.95276097738738,100.3471156551372,103.83623395607873,1532113
2014-02-03,102.92910766601562,105.16213961172011,101.56834415787974,103.31290394554367,1366835
2014-02-10,106.27863311767578,109.8724278118017,102.7895142799343,103.20820624921107,1435283
2014-02-17,105.68550872802734,108.16278823667498,104.2200807812804,106.62756873263154,1427860
2014-02-24,103.69669342041016,107.46494418943024,102.33593015190384,105.65060462101653,1427081
2014-03-03,101.1496353149414,104.42941404524878,100.80072341530837,102.47550282479922,1389835
2014-03-10,95.8461685180664,101.98701664673125,95.8461685180664,100.97517674654006,1540068
2014-03-17,97.97453308105469,98.46300516120365,95.56703981235016,95.60192985691354,1404888
2014-03-24,103.20820617675781,104.04560157098449,97.24180838590397,97.80007198205509,1276030
2014-03-31,102.92910766601562,104.49921147491317,102.68486013073198,103.66181590307644,957815
2014-04-07,102.37084197998047,109.7328887246479,99.92845832428686,102.40573775756707,1938305
2014-04-14,104.4294204711914,105.02256844581393,101.81256960665733,101.8474653812725,1047439
2014-04-21,110.95407104492188,112.34971872858334,104.01071694494877,104.42942041505695,1360169
2014-04-28,110.60515594482422,111.82634763292666,109.9422278966448,110.95406785571063,895928
2014-05-05,110.57598114013672,112.41891047415696,108.41407588265302,112.06450053927671,946045
2014-05-12,115.18329620361328,115.82123633571784,109.86714783071517,110.61141325763448,1238591
2014-05-19,112.98595428466797,115.7503536945173,112.24168887697574,114.89976299475708,996102
2014-05-26,114.89977264404297,114.89977264404297,112.59610821517067,113.05684342830206,699470
2014-06-02,113.19861602783203,115.36050954134173,112.63155550542486,114.15552047720745,810449
2014-06-09,115.0415267944336,117.23886560148826,112.87962199134809,113.51756206740471,914873
2014-06-16,115.82125091552734,117.5933005962292,113.97832157495452,115.00610573504743,1148005
2014-06-23,113.16316986083984,115.96301517676699,112.20626541586614,115.96301517676699,680211
2014-06-30,111.88727569580078,113.94285528030318,111.67463675471774,113.12771024752666,722304
2014-07-07,112.20623779296875,112.34799706962781,108.52036859523272,111.49741813610973,1119283
2014-07-14,112.27713775634766,114.22639216557513,110.50508829341358,112.06448716608197,780417
2014-07-21,107.38629150390625,113.05685045025126,107.06731558110313,112.13537996675606,1302723
2014-07-28,112.52519226074219,113.97827708645747,107.56345509146387,107.77609398807871,1697648
2014-08-04,111.99358367919922,115.25415166969071,111.14300477273413,112.45431876886009,1453265
2014-08-11,110.2215576171875,112.66698121167629,108.98112299802689,112.63154720462776,1026840
2014-08-18,109.3000717163086,111.81638624095072,108.91022787345933,111.49742203891203,553062
2014-08-25,114.2972640991211,114.93520419005897,109.51273087226178,109.76081545296452,895175
2014-09-01,116.95533752441406,117.94768747900527,113.90741965140631,114.43903445171055,939946
2014-09-08,115.82125091552734,117.34521596828802,114.79346675543444,116.4946367762653,948839
2014-09-15,115.7503662109375,118.86917584040353,115.14787167311431,115.25418533989466,1226726
2014-09-22,113.65930938720703,115.50224977657275,111.49741644857677,115.1478399535073,1208325
2014-09-29,107.38629150390625,114.15552590081975,106.35849571281001,113.19862140598109,1763985
2014-10-06,104.79908752441406,109.15833166188135,104.79908752441406,107.49260744391147,1262033
2014-10-13,104.62187957763672,104.9054098194854,99.27028553688879,103.87761414738192,1584473
2014-10-20,103.27510833740234,108.83934072210413,103.20422869390464,104.69274775448727,1603369
2014-10-27,109.12288665771484,109.44186255459367,102.88526766897411,104.01938867549742,1455648
2014-11-03,111.56831359863281,112.95050747083741,108.69758892647432,108.94567351420547,1139013
2014-11-10,113.34037017822266,114.26184057597193,111.49744101950834,111.63920032526165,845097
2014-11-17,114.2972640991211,114.2972640991211,110.96581598846566,112.52521475583987,887710
2014-11-24,117.73506927490234,118.58564845046867,113.44670447585794,113.90743971128353,939464
2014-12-01,117.30972290039062,118.72736207190634,115.92752936287508,116.88443347629206,820793
2014-12-08,110.327880859375,116.84902971799966,110.15067591707732,116.84902971799966,1228157
2014-12-15,110.327880859375,111.49743580589639,106.5711314279508,110.18610992346663,1590591
2014-12-22,113.48212432861328,113.48212432861328,110.29243536300942,110.36331501266609,348669
2014-12-29,111.81639099121094,113.76564519861356,111.74551134738921,113.41123534272216,412596
2015-01-05,112.66695404052734,115.50224412305296,108.23683146905157,111.07210991479606,1149523
2015-01-12,117.73506927490234,119.25903429817842,113.41125882821552,113.48213848671519,1728309
2015-01-19,127.14521026611328,127.28831818177459,118.63070628590776,118.91691037070525,1670478
2015-01-26,128.36154174804688,130.04297416324874,126.00037333757814,126.64432942648071,1607334
2015-02-02,130.83001708984375,131.7959570278342,126.28656837699154,128.61195671589053,1296816
2015-02-09,130.86578369140625,132.36833980835087,128.54039558887857,129.89985559812186,994058
2015-02-16,128.50460815429688,131.9748119010531,125.03441615406005,130.47224412568593,1704559
2015-02-23,130.2218017578125,130.2933497974022,126.75161024579462,128.790793979948,1188251
2015-03-02,131.0447235107422,131.50980370701978,128.89821037086946,130.758519409454,1158759
2015-03-09,135.8385467529297,137.16222689116614,129.54210643791257,131.47396266706627,1440598
2015-03-16,138.30703735351562,142.02766561793229,135.94588093710823,135.98164909320053,2085177
2015-03-23,131.7959747314453,139.88117689443146,130.36496633067063,139.88117689443146,2267345
2015-03-30,125.35639953613281,133.62047605855815,124.56934742602574,132.2610160066348,1739672
2015-04-06,126.28656768798828,129.5778842003994,125.35640765889501,125.35640765889501,1577039
2015-04-13,125.46373748779297,127.64602972497025,123.71075711443649,126.35811762655064,1738790
2015-04-20,120.13325500488281,128.14691011006343,119.02423040201506,125.71419317194567,3347371
2015-04-27,119.98524475097656,125.40112234761543,119.91255089044235,122.12979121186228,2083155
2015-05-04,119.18560028076172,123.91085683613794,115.11460046995956,120.16699733225882,2267986
2015-05-11,121.14838409423828,122.42056844340429,118.05879353197795,119.44002464085662,1377020
2015-05-18,118.49497985839844,124.9286080097645,117.11374861870867,121.6572765163795,1722347
2015-05-25,116.2777328491211,119.65811057820761,115.95059259071222,118.85844234740871,1646760
2015-06-01,114.06049346923828,117.7679995491906,113.95144671563851,116.02328729549707,1600292
2015-06-08,116.24138641357422,117.22278337407485,111.44342450066469,114.20588669690746,2259316
2015-06-15,112.4611587524414,115.73248945656151,110.89818725132405,115.07823286344406,1688911
2015-06-22,118.71308135986328,119.22195040799556,114.24225896547826,114.53304639354108,1881675
2015-06-29,117.33183288574219,120.74856378069263,114.46032386326556,114.64206448742351,3230273
2015-07-06,118.49497985839844,118.60402662843849,112.24310428018987,115.73251737901889,1995359
2015-07-13,121.47553253173828,121.91170766524769,118.74941109437408,119.25829202899818,1385635
2015-07-20,121.65729522705078,124.34705231699266,121.25746098695551,122.09347043965785,1250049
2015-07-27,127.65475463867188,128.4544112933347,118.71310785430155,122.05713418675305,2741751
2015-08-03,130.96238708496094,132.2709243073173,126.7096470796201,127.21852797037413,1670764
2015-08-10,123.58370208740234,131.58028839748283,121.80263706664982,131.5439355040382,2076835
2015-08-17,115.84156036376953,124.49242879627141,115.84156036376952,124.12894753110591,1473721
2015-08-24,113.44258117675781,114.16954364302158,106.28199133635195,113.04274704645887,3207625
2015-08-31,103.01066589355469,112.71561296406048,102.93797202986427,112.67927199953294,3005574
2015-09-07,103.6649398803711,108.97177122288872,103.11971797263172,103.5922340782971,1886130
2015-09-14,110.82551574707031,112.71561592586332,102.71988120330488,103.73763112561979,3013593
2015-09-21,107.3360824584961,111.8069040262705,100.42993900840649,110.49837874387644,2636215
2015-09-28,105.19155883789062,107.80862160818153,99.41219945491915,106.75453069371196,2449922
2015-10-05,117.91341400146484,118.31323623534445,106.93627016397005,107.04531693125932,1792818
2015-10-12,109.04446411132812,119.25829253180063,108.24479577278103,118.02244905790519,2122268
2015-10-19,125.58287811279297,126.78236872749973,108.31750532375472,108.89906821280547,2717963
2015-10-26,122.52962493896484,125.36478124359225,120.63952471409189,125.03765287309659,1454004
2015-11-02,124.92855834960938,128.45432294847595,119.69442288002467,121.36644086363465,1596717
2015-11-09,120.1669692993164,126.70963069585166,119.40365402920068,125.29205883378897,1354576
2015-11-16,121.69363403320312,123.83818102018792,115.5871453614965,116.93202388252625,1234273
2015-11-23,117.6589584350586,121.54821724718137,115.62347065371586,121.29378276634289,1380244
2015-11-30,116.67757415771484,121.80266496794061,115.51443645128121,118.09515830728009,2546824
2015-12-07,113.00639343261719,117.87704908647606,111.62516236854871,117.22278048406105,1738503
2015-12-14,113.4062271118164,117.18643905824295,111.40708035017678,113.4062271118164,2097155
2015-12-21,116.93199157714844,117.18643798309391,112.46117010975496,112.89735712872753,627448
2015-12-28,116.64124298095703,117.4408994753352,114.49669609303693,116.93201848099478,414516
2016-01-04,103.91937255859375,113.76971962593858,103.88301965819522,113.76971962593858,1833094
2016-01-11,102.61083221435547,106.75452567943576,100.7934259405401,103.9193695053567,1410634
2016-01-18,112.61555480957031,113.82845235382241,103.20642412037867,104.16204329294865,2403872
2016-01-25,113.97549438476562,113.97549438476562,109.12391503000336,113.27716547259314,1145459
2016-02-01,113.865234375,116.18076431977684,111.07189474827962,114.45329761828609,2186639
2016-02-08,107.1023941040039,114.52679206313378,105.2646742266018,113.93871687515241,2115825
2016-02-15,117.1363525390625,121.546892519606,109.12389108439406,109.49143507710332,2418734
2016-02-22,119.0108871459961,120.99563287163376,112.3950921966131,119.08439356515943,1828426
2016-02-29,120.2972412109375,120.55451960400605,116.65854827571233,118.05521792555534,1321157
2016-03-07,122.17172241210938,122.68627920635548,117.79794138888523,119.89293986264875,1231675
2016-03-14,119.96644592285156,123.38460732577786,116.69529728365102,122.68626652800093,1648857
2016-03-21,112.94635772705078,119.41513693348608,112.61556088729375,119.26811209313878,1139088
2016-03-28,113.01986694335938,118.71679906771874,111.54969091126662,112.9463605553613,1218117
2016-04-04,111.0351333618164,114.67382665245924,110.18979171173947,112.68908156628113,1400019
2016-04-11,113.71820831298828,114.9311060872644,107.83750353398568,110.41031187479932,1991997
2016-04-18,111.36593627929688,119.1946272849997,111.2924298798325,112.32154360840325,1841287
2016-04-25,110.00601196289062,112.0642512319574,108.79311428452932,110.92487201194719,1461026
2016-05-02,108.23863983154297,114.3017930153124,107.07840142904674,112.54273179930082,1098953
2016-05-09,106.92868041992188,110.97078594399301,105.05732411890774,108.80002443209958,1009375
2016-05-16,107.7520751953125,108.65031545453823,105.39417915379856,106.40470251763679,831539
2016-05-23,109.66085052490234,109.92283624171559,105.69359610857485,107.82692592953558,1021246
2016-05-30,110.82107543945312,111.83159878828965,107.97662751273694,109.81055209061658,1253651
2016-06-06,113.36611938476562,117.29594243502491,111.1953575278071,111.1953575278071,1693738
2016-06-13,109.7357177734375,113.14156945331456,108.65033066204735,112.13103365919712,1422883
2016-06-20,106.40470123291016,116.1731223060227,104.04680521986538,112.87955424723293,1606567
2016-06-27,110.93340301513672,111.83164362112856,102.21292747477406,106.06790644019021,1590550
2016-07-04,110.10995483398438,111.53217860659045,105.2070290699263,111.23276113517308,988439
2016-07-11,114.63861846923828,116.8467994072421,109.77311192684353,110.14738071557882,1121157
2016-07-18,115.98599243164062,117.70763397865815,114.63863200639152,114.90061773167572,1009348
2016-07-25,127.1766357421875,129.72166622051236,115.79885604168739,115.94857094561074,1807157
2016-08-01,129.12283325195312,130.54505713805892,125.64213098272573,127.7754606674663,1276089
2016-08-08,132.341552734375,132.4538358441196,126.72752013552137,129.3474020149864,1021495
2016-08-15,130.69476318359375,132.49125591394758,129.53452496701365,132.2292702069627,753325
2016-08-22,127.66316986083984,131.14387191986216,126.35322915069004,130.28305128113948,741505
2016-08-29,131.6304473876953,131.81758180841575,125.90413165588215,127.36377522196653,852047
2016-09-05,131.3684539794922,133.91348441033028,130.3579306244227,131.8924254113543,1148335
2016-09-12,130.76962280273438,132.15441501814382,127.88775526497153,129.4222623859187,1217882
2016-09-19,136.4210662841797,137.46902130799833,131.7427066143067,131.7427066143067,1103026
2016-09-26,134.40003967285156,137.9930130566852,130.39535337289055,134.73687670329815,1174295
2016-10-03,139.15325927734375,141.62343860427904,133.98834668664867,134.25033242402958,1235655
2016-10-10,144.05618286132812,144.84215234447137,138.77898727756684,139.2281074298611,1307828
2016-10-17,142.07257080078125,145.1415731747078,141.09946679226937,143.98134701407798,1294794
2016-10-24,152.70179748535156,154.49829037706982,140.50062837256775,142.6339583051167,2229448
2016-10-31,145.70297241210938,152.58951414987092,145.066705553289,152.1029622002944,1334235
2016-11-07,146.41409301757812,149.7450934005813,143.19537575559102,147.79888540653948,1403282
2016-11-14,149.07139587402344,149.29594981051233,145.06670935166798,147.91115752456452,948119
2016-11-21,150.00706481933594,151.84097722823682,146.9380504861484,149.93221350875916,757442
2016-11-28,151.1672821044922,154.90998259388613,148.80938608037394,150.3064736494337,1213665
2016-12-05,159.10179138183594,160.78600107696758,150.83044551909913,151.01757992966932,1125462
2016-12-12,158.61524963378906,160.33689123703493,154.87256118224397,159.10180159025748,1342650
2016-12-19,158.7275390625,160.37432942002525,157.75443511083336,158.27841888820706,633097
2016-12-26,159.66322326660156,160.8608812514142,158.72755104583555,158.72755104583555,291319
2017-01-02,159.40121459960938,163.5181717794508,156.10764639796872,159.43864639859746,890854
2017-01-09,171.22811889648438,171.22811889648438,158.98951787532653,159.5135016298562,1272022
2017-01-16,172.557861328125,173.53787962773004,168.29857006623573,170.10782795526862,977763
2017-01-23,170.56008911132812,175.57323531949206,169.35392166585282,172.1054992726934,1106025
2017-01-30,168.22314453125,170.22086602274945,165.99926121952305,169.95700644043305,1290417
2017-02-06,173.61322021484375,177.15635195692033,165.39618475055067,168.26083102746773,1244971
2017-02-13,170.1454620361328,175.64861721053268,169.65546541026563,175.2716891130026,1237408
2017-02-20,173.12319946289062,175.42246578212888,170.6731668568164,171.3516398998828,747118
2017-02-27,175.3471221923828,177.6086912619861,173.19862167533566,174.3294062101373,1036108
2017-03-06,177.4578857421875,179.34252634865973,174.93246980474535,175.497861986687,910288
2017-03-13,181.03871154785156,183.262582467297,177.495579854851,177.8725079683945,1694137
2017-03-20,179.0786895751953,180.92564490286546,174.40478554922325,180.8879471380778,1264399
2017-03-27,182.77256774902344,182.77256774902344,177.75942151988073,178.55097548411737,1064580
2017-04-03,189.3688201904297,190.7634516792122,180.88792560068475,182.8479492370401,1306040
2017-04-10,189.02957153320312,190.6880625396328,187.10723334143182,189.44419737884854,910478
2017-04-17,186.5418701171875,190.61270893390568,186.20263973720463,189.02960082424173,994627
2017-04-24,214.5099334716797,217.1107323905756,191.89423527503283,192.2334656118793,2226069
2017-05-01,223.7625274658203,224.86855767884242,214.34214848698286,217.05003283293834,1081571
2017-05-08,222.19886779785156,225.02118524684994,219.64355949200748,224.63979370459748,1652905
2017-05-15,221.47422790527344,223.87700963817304,216.6686894848867,222.00817105300254,1112280
2017-05-22,224.86859130859375,225.8602142513094,220.55887723058154,221.51235601292146,905242
2017-05-29,228.72067260742188,231.6955417218314,222.99979936288014,224.33466978660655,820727
2017-06-05,225.5550994873047,229.2927261041587,224.10579678525627,228.72063886410498,1082553
2017-06-12,228.41558837890625,231.58112848593925,220.94030837537736,225.09747160300148,1425370
2017-06-19,234.44149780273438,237.22567057170434,230.39876824148703,230.85642298000536,894794
2017-06-26,227.46209716796875,238.78943654179642,227.2714013875704,235.58572739477307,1245015
2017-07-03,229.02578735351562,232.80155846292254,227.8053244485666,228.11042765209808,856217
2017-07-10,233.488037109375,233.488037109375,226.2797427524419,230.36064182967257,818257
2017-07-17,233.8694305419922,239.8954313324013,230.85644266949265,233.79316726843868,943997
2017-07-24,223.83883666992188,237.83591442612237,223.1141978451544,234.93733408164326,1608089
2017-07-31,232.53457641601562,233.90759093477712,222.92352487550875,223.3811796848214,1236225
2017-08-07,229.14019775390625,235.81454956473897,226.92813688619503,233.0685455612435,1029004
2017-08-14,234.59413146972656,237.83595976547252,229.1020729088375,230.20812848136438,891994
2017-08-21,238.67498779296875,239.97173904770213,232.9541147705994,233.67875367768377,664382
2017-08-28,243.938232421875,244.510319786075,233.22112412344498,237.45457562760808,802605
2017-09-04,246.45541381835938,246.79866121663355,239.0945416111229,242.56520985014828,803404
2017-09-11,251.9473876953125,252.40506748162898,247.29440170092437,247.71393733081314,977303
2017-09-18,255.49436950683594,255.91390517955128,249.01071379614066,252.86274803498998,748599
2017-09-25,257.09625244140625,257.2106849462322,252.0618984552894,255.49442278258462,854471
2017-10-02,257.5538635253906,263.8849672680615,256.1427049943186,257.2868794642443,1003146
2017-10-09,272.58074951171875,273.8393316009131,259.34645278889474,259.5371485627371,1097432
2017-10-16,273.99188232421875,275.2123452910253,269.75843114953625,273.26724339504545,1108525
2017-10-23,301.56646728515625,302.8250742534444,273.7630070967091,275.2123098136401,2239987
2017-10-30,308.43157958984375,308.58413119961267,299.7739814518576,301.680939187501,1240989
2017-11-06,295.8837890625,311.4827239779009,292.680104952165,308.164607371767,1580278
2017-11-13,294.32000732421875,296.875340187421,288.29403212572237,295.61673331112723,1036314
2017-11-20,298.6297912597656,302.40556237063925,293.671701405278,294.01494877073713,684463
2017-11-27,285.28106689453125,298.2102598926374,280.58996105930805,298.17211573027544,1379553
2017-12-04,294.2437438964844,294.8158311002844,282.9164072430807,288.0270479212794,1023919
2017-12-11,296.6084289550781,298.896778333298,290.77314805878297,294.70147113989486,1303696
2017-12-18,298.47723388671875,304.8846014027712,296.18888476735555,298.8586254066126,843532
2017-12-25,299.7738952636719,301.6427082982162,296.45577973948076,298.47716938533944,282075
2018-01-01,306.4864501953125,306.4864501953125,291.00194976192984,299.77395455894737,815351
2018-01-08,311.90228271484375,316.55524508524906,302.5963078832018,306.71535208214556,1400973
2018-01-15,316.0060729980469,316.6961994294154,305.4239749236522,312.70874911703817,962487
2018-01-22,316.0060729980469,320.07021521520153,305.19392438722707,315.4693051983262,924612
2018-01-29,304.0437316894531,315.9294172603689,303.7369892131352,315.39264939919985,815305
2018-02-05,281.34588623046875,303.1235437997184,278.96873912994727,300.36298750091345,1819422
2018-02-12,301.05316162109375,302.816849247841,279.42888445196206,284.33651289534197,2216769
2018-02-19,300.43963623046875,304.1970357624442,297.2956711852527,303.8903185190645,815115
2018-02-26,287.71044921875,306.72754819302736,286.17681261079065,301.8198959408138,942373
2018-03-05,297.52581787109375,297.52581787109375,287.3271263306417,287.63384367315655,887128
2018-03-12,292.84814453125,300.20961076583785,291.46786646502636,299.7495096844608,958820
2018-03-19,295.1486511230469,304.5038315954787,287.55713302209153,290.3176896366047,1200494
2018-03-26,298.1392517089844,300.43970711077606,289.1674554996678,295.9154630471723,739856
2018-04-02,320.2236022949219,321.910597748731,298.13922721640387,298.13922721640387,1194785
2018-04-09,334.4864196777344,342.76806310783627,317.30967308605864,318.61325927924406,1422203
2018-04-16,330.4989929199219,338.55058638158926,327.8917951684455,334.8698529063879,956136
2018-04-23,365.5426025390625,365.5426025390625,329.1187034271528,330.7290069574895,1478470
2018-04-30,370.75701904296875,374.4377528521034,363.24219276138393,366.5395173232735,745552
2018-05-07,378.5785217285156,378.5785217285156,365.92601793710986,371.1403881715741,1254649
2018-05-14,398.4979553222656,399.4967072501176,378.9392623631453,382.6013358323913,1117003
2018-05-21,405.7389221191406,410.6493983531285,396.0844114052619,399.49678485576925,944860
2018-05-28,409.3176574707031,412.5635885338707,401.32774365178284,408.0692302615823,863309
2018-06-04,420.6368103027344,420.6368103027344,394.2533925236718,409.9835730606083,1117925
2018-06-11,426.1297912597656,434.7855729641815,412.0641840890621,420.4702651293228,1094224
2018-06-18,404.49041748046875,426.4627567741698,397.832139003424,425.2975377212336,1165645
2018-06-25,402.49298095703125,411.148738799257,390.09194108120903,401.9936049393545,1172253
2018-07-02,396.583740234375,402.6594096207356,389.25964354402373,395.91792249864073,1008169
2018-07-09,409.90032958984375,413.22946932255314,395.3353432592402,400.07937753807926,958363
2018-07-16,405.15625,421.46903794578515,402.3264866235302,410.48289329608156,829058
2018-07-23,386.18017578125,424.1323705499606,385.4311244856759,403.3252490100226,1624770
2018-07-30,382.43487548828125,390.67449014146246,375.85983047813943,387.0124420066394,1187802
2018-08-06,386.6795349121094,394.17009833976806,379.4386467723125,384.68205641126383,911696
2018-08-13,377.1082763671875,393.50427292269757,374.1952793477533,385.5143585602755,1027545
2018-08-20,380.52069091796875,388.17769725093916,377.8573689069141,379.35547166355667,836644
2018-08-27,389.5093688964844,405.65569235634604,382.76785550879623,383.1839979969335,910875
2018-09-03,372.1978454589844,390.0087385799342,356.38443116854194,389.92550500380446,1489606
2018-09-10,372.1978454589844,379.1058004892912,366.2053835681408,372.94689684550946,1326232
2018-09-17,378.44000244140625,382.9343363945768,363.6253140929192,371.6984888119891,4711411
2018-09-24,384.26593017578125,388.6770297758224,376.2759904367144,378.10700188985754,1244999
2018-10-01,357.1334228515625,390.7577246418381,345.1485264727625,385.0981980016405,1738690
2018-10-08,316.0185546875,356.217901126908,303.86719129816737,355.55208343406105,3119174
2018-10-15,299.7890319824219,325.34016324465335,298.79027993988666,316.43473002921223,1966672
2018-10-22,314.10430908203125,331.9152004596782,292.7146028749858,307.77893890510757,2449256
2018-10-29,350.3919982910156,355.6353838301779,306.4473587838433,319.93036105568495,2137346
2018-11-05,327.2544250488281,350.39193455826893,318.8483426790866,350.39193455826893,1254245
2018-11-12,324.2581787109375,336.6592177458148,321.67809062733596,329.501563042678,1159839
2018-11-19,324.8408508300781,329.58488586206494,307.19642268513803,325.83960306817784,1098054
2018-11-26,319.597412109375,330.5835833103629,317.1005573272705,328.58607916522305,1171120
2018-12-03,329.002197265625,347.39569787824934,323.00976147191847,332.9139462943105,1634594
2018-12-10,336.5760192871094,349.3932020787868,322.094266641985,325.42340634887887,1426809
2018-12-17,329.66802978515625,341.7361599498287,324.1749447682694,334.57850525505603,1522865
2018-12-24,330.833251953125,332.49782177427284,314.27078731256836,327.837021195195,571205
2018-12-31,330.7499694824219,342.56842362499793,316.8508287703503,333.5797326801424,1059326
2019-01-07,337.8244323730469,357.71603619962445,327.7537801062399,333.0804237311859,1522948
2019-01-14,344.2665710449219,344.9383004458076,328.7325916197242,334.2744488639507,1075151
2019-01-21,353.67095947265625,356.60982063666273,337.5491965516007,343.5108914664096,901500
2019-01-28,374.6627197265625,374.6627197265625,346.953465103683,350.9838918898068,1224409
2019-02-04,370.2124938964844,381.71604516840415,367.69347031502747,374.66278426529135,1145004
2019-02-11,397.5859069824219,408.0818390569314,361.64784580923487,373.6551818525401,2070690
2019-02-18,403.0437927246094,403.0437927246094,395.99053147689557,398.34161001785543,844581
2019-02-25,416.0587158203125,420.5089804318279,401.7002767084089,404.7231100411516,1078901
2019-03-04,408.7535400390625,423.0280066678894,403.04376363746474,418.3258499253182,1013371
2019-03-11,416.7304992675781,424.70740807357527,406.73837651976993,410.7688300282277,1139529
2019-03-18,413.2878112792969,430.41714083221785,411.52448965257963,418.07394069486315,1046327
2019-03-25,429.24163818359375,431.25682634428017,404.4712390755285,409.17339603346386,1028315
2019-04-01,445.1114501953125,449.14192896025384,434.19568124787367,436.6307578975535,1077407
2019-04-08,445.3634033203125,451.5769642614458,434.02779685712244,443.3481638936562,892086
2019-04-15,428.5699157714844,453.2563441777784,417.0243898852653,446.7908394315615,1270992
2019-04-22,444.52374267578125,448.21828007402286,427.73022546893253,428.5699000480332,897580
2019-04-29,447.6144104003906,452.9755612016822,438.0834467872205,449.40144335429676,746779
2019-05-06,431.5308837890625,439.5300705864171,423.82951847087656,433.062633569698,1188390
2019-05-13,444.2104187011719,444.8061135586073,416.7663842124501,434.84966275153033,1277163
2019-05-20,410.7669982910156,447.27391508883363,408.0438589176255,442.59353714504437,1461203
2019-05-27,396.51312255859375,418.00031234786235,388.2160888775891,413.7879617834395,1671305
2019-06-03,408.1289978027344,412.4689901991615,387.7906315968793,392.51354845871276,1380148
2019-06-10,413.9581604003906,423.48909616015965,408.5118817150581,411.74561293069695,1071765
2019-06-17,439.27484130859375,443.35952520277755,413.53275755161866,415.87294698407095,1594272
2019-06-24,442.593505859375,445.7421339141784,430.25435448593174,438.25354012137564,1089128
2019-07-01,444.380615234375,453.31588208785615,441.5723988969077,445.9123648784878,821571
2019-07-08,444.380615234375,447.69939747335894,435.7006313316522,441.4021929498813,745097
2019-07-15,444.8061218261719,454.59236686451123,435.7006486634562,446.16766557741926,907006
2019-07-22,402.72528076171875,454.5923928135029,390.08825407951787,443.61475741152435,1850192
2019-07-29,383.7059020996094,411.7030677860217,380.812582643315,399.9595840052694,1930002
2019-08-05,386.85455322265625,388.64161198207785,371.36674526738153,377.1108460135182,1676486
2019-08-12,367.8777160644531,390.2584492167538,357.7085462863744,387.5778741693851,1565982
2019-08-19,362.5166320800781,377.8767747650395,360.64447007109214,371.4519011806434,1183085
2019-08-26,374.77056884765625,378.94035432764224,357.4106291949977,360.72943698642416,939964
2019-09-02,386.1311950683594,392.25824590694396,363.9632327146069,376.51515586007974,1088268
2019-09-09,398.7681884765625,408.3842268959346,375.493941257896,386.59919077574136,1378160
2019-09-16,399.0660705566406,399.44899500478675,389.2372608710311,393.151764149594,1241555
2019-09-23,395.4919738769531,400.9382271721033,384.1739783421912,396.0025658042638,945963
2019-09-30,376.047119140625,400.5978361179098,369.4946050610871,395.4919688492801,1152014
2019-10-07,401.5339050292969,401.91682948117904,372.17516910830665,375.91946646659227,1164665
2019-10-14,399.6617736816406,415.8303541109739,395.87493753137835,400.00215965461695,1144215
2019-10-21,437.402587890625,445.82728886123067,398.21507070584636,400.8105426001642,1485113
2019-10-28,438.2535705566406,442.5084595911711,431.7861340301979,438.33864756150587,933934
2019-11-04,442.1680603027344,449.06101189899124,439.18963789362164,440.46610464038423,935567
2019-11-11,464.4636535644531,465.14442538827035,434.25394291896214,437.7429829178117,952271
2019-11-18,460.71942138671875,469.90997163160523,456.29432624968007,464.6338986581962,949324
2019-11-25,465.2296142578125,470.93117640341455,461.144930849173,461.3150848723754,867392
2019-12-02,467.27191162109375,469.22920220664327,444.4657158749011,464.63390109036294,1092958
2019-12-09,478.2495422363281,483.01499732620215,456.37940153618445,466.25077556458785,961126
2019-12-16,493.652099609375,497.8219107487323,480.4619464185966,480.6321523315494,1281064
2019-12-23,502.6726989746094,505.31070991474195,492.37583433888454,492.88645228636324,278675
2019-12-30,511.35260009765625,511.35260009765625,495.4393042490705,503.18318174555054,527897
2020-01-06,503.8639221191406,511.77805701469,490.41848360021214,506.92747328696794,977034
2020-01-13,522.3456420898438,526.3689636975118,500.1746086384121,506.5092045524032,1067229
2020-01-20,490.75830078125,525.256040100799,488.70387556784044,523.6296266711247,1237350
2020-01-27,475.09307861328125,488.61824049186464,464.1359874299048,468.75848333275803,1650205
2020-02-03,484.25244140625,496.40798397452005,470.8128637550118,475.09298069823916,1187700
2020-02-10,495.9800720214844,511.9020893531896,478.5171704823294,481.08524116470323,1399735
2020-02-17,480.7427978515625,502.48581660717116,475.60665662559484,494.78160476821967,1154755
2020-02-24,432.9766540527344,466.5327840128915,414.5293590059499,458.48614261898007,2267591
2020-03-02,413.8872985839844,448.12823331688895,407.03911163740344,442.8208779837848,1812863
2020-03-09,346.6894836425781,415.25696452108474,323.91925554154784,378.3195593281155,3454189
2020-03-16,359.2730712890625,361.92672322446316,298.36697872282605,318.99715017639306,2769099
2020-03-23,410.46319580078125,422.4475226854756,327.51453851647017,338.12922281816185,1724328
2020-03-30,387.5218200683594,430.2373843156212,380.5024174410887,410.7628511395025,1236785
2020-04-06,405.4983215332031,426.98448937854766,392.31553941255703,401.47500084073124,840776
2020-04-13,430.92218017578125,439.22559159406546,402.8446227247345,405.4983005254535,913265
2020-04-20,386.3661804199219,436.9999610881445,381.31564740682893,435.3735217956247,939425
2020-04-27,393.9420471191406,412.6033500103516,389.8331184157326,390.17552261007523,672907
2020-05-04,383.07049560546875,393.9847946422726,371.0861672513312,392.4011460278662,1166552
2020-05-11,352.125244140625,387.1365973008469,346.7750976881534,384.1833060095778,1023609
2020-05-18,362.0122985839844,379.7319938025617,355.8489456429117,355.8489456429117,1168571
2020-05-25,401.9886169433594,413.9729452313928,360.08625865819465,366.3780362341647,1362645
2020-06-01,458.9140930175781,460.2837617140962,402.0313575824192,410.89120440209115,1324704
2020-06-08,417.1829833984375,457.54447898601614,408.3231365319545,454.6339787071163,1340373
2020-06-15,436.486328125,444.10493118974136,399.2921269252681,405.3698721897879,1489018
2020-06-22,412.0018005371094,443.2690336791685,400.81641616336844,434.45892174039,1212521
2020-06-29,427.3762512207031,430.57208263849515,405.82606951996064,410.7493453214232,868817
2020-07-06,431.65179443359375,438.25936540472634,424.22366423504974,435.9272954873871,753327
2020-07-13,445.1692199707031,454.1520359695478,428.8446007869911,436.1863512536365,851165
2020-07-20,427.54901123046875,455.5340585073889,421.546039822073,443.8736309283761,769991
2020-07-27,416.1045227050781,442.2325181629476,415.67265501155964,425.9511008454776,1244364
2020-08-03,419.2140197753906,428.06730843030266,409.92886338121457,416.9683022593948,697895
2020-08-10,428.93096923828125,441.4551314966656,413.9019798000421,421.45966392148097,676238
2020-08-17,427.98095703125,437.7411580203039,421.41656170203515,428.45600103123036,522782
2020-08-24,445.946533203125,451.819922809545,430.4856763152198,431.8676580929392,733171
2020-08-31,479.3731689453125,493.452046066187,442.57806030815254,447.4149576822917,1176926
2020-09-07,492.8473205566406,497.5115120695797,472.98140948441784,482.4824973885244,783790
2020-09-14,507.6173095703125,520.6596931372721,494.6612784568192,498.3753301657088,1414379
2020-09-21,488.8742370605469,506.5808127844713,480.66875074945995,505.1988572298941,980661
2020-09-28,499.0663146972656,505.11246263199456,490.2562028773011,494.83404277389116,837087
2020-10-05,502.521240234375,507.87641020535534,495.1794894065765,502.69399785632106,612750
2020-10-12,509.0857849121094,514.3545509970767,486.8877693967996,503.2987458349935,860035
2020-10-19,480.2369079589844,513.7498327189513,478.07756934406086,509.17204539895914,983113
2020-10-26,447.8468017578125,480.7550991796309,440.8505397950772,473.499753501471,1231314
2020-11-02,490.1697998046875,492.76100579484444,443.0098718711195,449.14237162720264,1036955
2020-11-09,526.0148315429688,541.4757154949854,494.22938100158655,497.8570800386308,1382078
2020-11-16,530.074462890625,542.5986270735013,526.8786311416935,531.9746914482245,850341
2020-11-23,523.5964965820312,535.0841687574715,517.5503477825118,533.2703452049092,733481
2020-11-30,519.8825073242188,526.6196348311572,516.2548070610242,520.9189479266399,728524
2020-12-07,495.35223388671875,518.8458464560282,492.7610277809469,516.5137504171888,1031743
2020-12-14,481.9643249511719,500.9665026374188,465.5533533130495,496.30231066350575,1696384
2020-12-21,477.38653564453125,484.38277085056114,467.1080639534782,474.5362195501569,490591
2020-12-28,513.4043579101562,514.095335706784,482.05071979568595,482.6553451370702,535652
2021-01-04,506.4080505371094,516.9456328787847,490.34259330936936,516.9456328787847,783055
2021-01-11,485.2464904785156,508.8264540856458,480.323188628666,503.29857968855754,737296
2021-01-18,471.9585876464844,492.25976866367955,469.35587484696333,486.707293510437,851496
2021-01-25,469.8763122558594,486.09989639740843,460.4198225456014,471.95850330430557,1136951
2021-02-01,476.2964172363281,486.2734824425536,466.23261612228276,471.3512525871254,1188850
2021-02-08,475.342041015625,484.88531938427195,469.7028310705154,479.8533666098591,802178
2021-02-15,458.07745361328125,497.2916704600352,445.3241502801732,477.68453556049445,1917924
2021-02-22,455.3879089355469,462.58873558715516,449.74869904717764,458.9449278380533,1142980
2021-03-01,467.6206970214844,488.8761832497337,461.8947504837833,463.2828426891886,1069581
2021-03-08,517.4192504882812,520.6292201124033,466.7530941773241,469.44254249816146,1109642
2021-03-15,514.989990234375,529.218172108043,508.04942404279416,520.0219430851254,1229837
2021-03-22,490.0908508300781,512.8211673579439,484.3648507887494,512.7344314438762,843990
2021-03-29,520.02197265625,523.0584705377375,491.91265680097996,492.08618155610054,657477
2021-04-05,530.8666381835938,530.8666381835938,511.4330294542745,520.0220022748941,534453
2021-04-12,550.9075317382812,558.7156699833907,524.0995692491414,531.1269254411358,964536
2021-04-19,562.8799438476562,573.2907938064378,539.6290561968418,552.0353084739255,987477
2021-04-26,578.2359619140625,586.8249343672329,558.1950967930933,562.7064227762521,781663
2021-05-03,608.0004272460938,608.0879287717758,582.1094785555065,585.2583589629335,920928
2021-05-10,618.32177734375,619.8087157985374,598.2037968829428,609.6622774427229,839449
2021-05-17,629.6053466796875,631.0048904815883,608.262824225288,621.0333477682017,631584
2021-05-24,654.9715576171875,655.5838547500196,627.6810649274835,631.792141805479,653118
2021-05-31,643.5130004882812,658.5577623207264,642.4633560093412,655.3213807553011,569550
2021-06-07,649.8107299804688,656.3709403919536,636.865205392102,645.26230675108,672012
2021-06-14,656.0211791992188,673.0777298583985,647.4491798017771,653.6594922766735,716092
2021-06-21,664.0682983398438,669.1415174680573,642.9881217703347,654.7090533658051,654264
2021-06-28,642.3759155273438,664.3307347821425,638.3522872080337,662.1439976696272,681783
2021-07-05,639.5768432617188,647.7989422829021,615.8725823412627,640.2765884186294,651164
2021-07-12,640.1016845703125,660.1322181158934,633.5414731541359,639.3144912326536,611061
2021-07-19,653.9218139648438,655.7587050851009,613.5984048645903,631.7045979806444,576582
2021-07-26,661.4442138671875,666.6923826309253,627.3311169028914,650.5105289427336,617353
2021-08-02,684.4486083984375,688.2097849620512,667.6544593424176,667.6544593424176,526763
2021-08-09,690.0467529296875,698.0064542992995,683.836387782714,685.9356766692949,403751
2021-08-16,570.7384033203125,683.3116438940225,565.0528866588841,683.3116438940225,1649155
2021-08-23,584.8208618164062,597.6788847322667,577.6484079033086,587.7948451855895,903935
2021-08-30,597.6788940429688,610.5369171591328,583.8587280855604,585.5206694154871,870429
2021-09-06,609.137451171875,620.333533403205,597.9413155534137,598.2912148116648,629747
2021-09-13,557.3555908203125,612.6363181723013,544.0602179046991,610.187129787135,1656195
2021-09-20,554.381591796875,576.0740136555199,539.1619332594937,544.3226009031317,1123580
2021-09-27,548.696044921875,561.5540693364449,527.5284197928252,558.9299849002932,1343483
2021-10-04,548.4336547851562,560.3294830396771,529.2778167799115,530.5024108886719,1024140
2021-10-11,584.995849609375,593.218001775675,544.0601451830001,549.3083137860515,917286
2021-10-18,565.1402587890625,580.0100695961304,535.9254860592195,580.0100695961304,1273812
2021-10-25,566.9772338867188,571.6131060895891,557.9678872684729,567.4145813282563,831062
2021-11-01,577.211181640625,586.7453239485669,559.9796815593031,571.9630122790329,881880
2021-11-08,592.8680419921875,603.3643781267926,571.5255238840995,576.9485881772778,1002873
2021-11-15,627.0686645507812,638.6145921161324,591.5560269755347,592.6056713143289,1378577
2021-11-22,582.1094360351562,632.4043910644898,579.7477492085252,628.2058663655557,1019278
2021-11-29,598.2913208007812,619.9837439769486,584.4711518456767,585.1708970990097,1193631
2021-12-06,612.7236328125,647.2740732066381,590.8562654744379,601.5275514128377,923623
2021-12-13,603.3646240234375,623.2202119808173,594.1803261626676,614.2983119529256,1028320
2021-12-20,600.9154052734375,607.7380149178912,583.421507012202,586.1330398878373,462521
2021-12-27,618.32177734375,621.908004679736,596.541855403066,600.0406346136413,352275
2022-01-03,627.5060424804688,647.973867842028,617.7968986075232,620.1585851380846,943989
2022-01-10,584.9724731445312,648.9634406939597,578.1163076302562,645.8869513536052,1015302
2022-01-17,587.8732299804688,611.4303407383217,579.2590694200993,589.191725586129,927541
2022-01-24,569.414306640625,593.6746586196352,555.614041537852,584.5330673841139,1026826
2022-01-31,573.2818603515625,609.3207377426793,569.5021839404869,577.0615367626381,956860
2022-02-07,544.80224609375,577.3251300925829,542.6926858079767,575.7429464658251,944999
2022-02-14,585.939453125,599.827650407879,522.7395929916229,527.661955356628,1280449
2022-02-21,561.3275146484375,593.3230298670856,529.1562429333119,592.444032785801,1230745
2022-02-28,491.0076599121094,562.2943425839803,490.2165948709413,551.9221896186323,1569272
2022-03-07,489.6892395019531,515.0922759354506,460.4186482034839,463.4072596602681,1572798
2022-03-14,531.3536376953125,531.3536376953125,472.8124643321911,493.73258028074025,1385126
2022-03-21,511.83990478515625,534.3422585226182,504.10474248310055,526.5191643371878,893684
2022-03-28,505.6869201660156,534.6938186877724,501.02824719397944,512.2793971027785,1034403
2022-04-04,484.5909729003906,514.916365491079,479.7564900236142,507.53282383273876,911031
2022-04-11,469.2085876464844,482.83304113999253,449.2553718509076,481.25085727069023,1035893
2022-04-18,465.1652526855469,492.23835127576973,452.15610698891754,469.20861768256594,1202544
2022-04-25,451.0133361816406,463.2314158586735,436.8615060374966,455.3204429123204,1278567
2022-05-02,409.3944396972656,452.93563750574333,403.85122488241507,451.14749841356496,1114591
2022-05-09,411.3614807128906,414.53541728245403,386.9086685872643,406.3099922876683,1277807
2022-05-16,402.6442565917969,425.17479451998884,398.12918866492373,409.79681351214464,1111510
2022-05-23,437.20001220703125,437.20001220703125,394.01646363303246,409.4391634501517,1252435
2022-05-30,465.810302734375,470.01244113938935,442.65390350646743,443.01152592108025,1648564
2022-06-06,456.3331604003906,475.28742129472096,454.63443346094635,471.9794071258742,1180790
2022-06-13,430.80743408203125,455.97548738981516,429.242812311576,449.7170003079941,1674850
2022-06-20,449.26995849609375,452.48861440198857,426.3370795044547,435.7248099804925,991575
2022-06-27,435.6354064941406,458.1212784468501,429.5110243630121,455.97548960905436,925922
2022-07-04,447.92889404296875,456.3331432846113,424.2360483500772,438.67526772104117,1010516
2022-07-11,444.2631530761719,454.5449528812254,427.2758316591269,434.33897563345704,954217
2022-07-18,475.0191955566406,479.13194870079184,446.7666163597243,448.46534324285426,871228
2022-07-25,497.9073486328125,504.7916404347821,457.22715727969586,474.0356810018872,967326
2022-08-01,486.0162353515625,500.6789993018458,481.9929219643155,497.99679037701446,689727
2022-08-08,501.57305908203125,505.95402206766045,480.2047732397914,489.6819439963396,608775
2022-08-15,498.98016357421875,510.78189182789066,497.9967089571092,501.57298693884786,608220
2022-08-22,472.8734130859375,496.47681677675274,468.5818355333571,496.2086068221353,725933
2022-08-29,443.54791259765625,471.88990117809385,434.07076983834787,465.3632043272092,895245
2022-09-05,466.8831787109375,472.15815686534205,432.6402949968217,435.0095740949323,1007255
2022-09-12,441.80450439453125,483.15525227156354,440.1057775460903,470.6382773896026,1026471
2022-09-19,426.6500244140625,451.0581136018735,426.2029896136642,440.19517340916286,861110
2022-09-26,409.9755859375,432.64025474673855,399.0679536733846,424.0124889473189,1160324
2022-10-03,401.8842468261719,432.2379177617939,398.755003524967,405.90755964200673,1134519
2022-10-10,400.5431213378906,411.71898967879156,382.2593898182427,394.9551871674401,896212
2022-10-17,405.9970397949219,423.8337132171074,394.10589689529075,399.6491397248741,1099530
2022-10-24,414.624755859375,429.0639737061895,402.7783342633928,407.24868203546157,1133034
2022-10-31,450.07464599609375,454.9920289579369,412.1214065978628,416.4576224727072,1126431
2022-11-07,486.0162353515625,500.23196448104056,445.6937163428038,449.26999490924555,1013538
2022-11-14,492.72174072265625,494.33110967796523,476.8967522659977,486.0162186411303,1070178
2022-11-21,487.5361633300781,496.2086497440452,480.20478137487873,488.6090578110283,797880
2022-11-28,500.4107360839844,514.0006041045563,480.920030884453,481.18824083446486,1146124
2022-12-05,468.0454406738281,502.198910678003,463.21744295361935,500.2319466227447,1090291
2022-12-12,439.0328369140625,476.53906504902267,430.181553920776,464.8267758972634,1541791
2022-12-19,421.9561462402344,440.4633700457366,415.2059045875992,437.87057373886006,976007
2022-12-26,425.1300964355469,432.77438063102016,421.9561602572718,421.9561602572718,505104
2023-01-02,471.7110900878906,471.8005297879824,427.40995317122326,429.1533997717313,1002350
2023-01-09,503.8976135253906,504.88112284435994,461.8763415920987,471.3535122592866,1185659
2023-01-16,479.1128234863281,507.3224838663419,475.5979202662865,505.3396883271711,1051418
2023-01-23,502.6358947753906,506.06069345326006,478.48198487859867,481.99688812342794,951803
2023-01-30,539.49755859375,539.49755859375,496.14670584499845,500.92340245626116,1279673
2023-02-06,504.2581481933594,535.4419187322338,501.10371831189957,533.9999156471232,1104223
2023-02-13,531.7467651367188,541.7507924433609,481.7265185857223,504.25816117626124,1701302
2023-02-20,499.12091064453125,533.9097980658054,497.8591717280438,530.9355773858279,1027267
2023-02-27,520.390869140625,523.4551397034654,498.03943440091496,501.37412869747624,1031279
2023-03-06,516.9660034179688,528.5022488291913,506.87187119649144,527.4207189457773,813765
2023-03-13,493.0824279785156,517.3264965997247,482.6277681692554,515.9745980894467,1630871
2023-03-20,523.1846923828125,524.446486254302,483.61910966331334,491.37002700024334,993613
2023-03-27,540.7593383789062,544.0038724056259,514.8029011384956,527.690987701416,890683
2023-04-03,500.5630187988281,543.1027181275717,495.5158976011005,540.3989208816483,839043
2023-04-10,519.1290283203125,523.9057253916204,497.94928497738306,500.5629774360245,775378
2023-04-17,520.9315185546875,523.0945780055282,509.305170271971,522.37352151599,788604
2023-04-24,522.4637451171875,530.7554006831576,508.1335982689949,521.5624794036885,1040197
2023-05-01,514.4004516601562,531.1683917682876,509.08597426954265,531.1683917682876,632167
2023-05-08,499.7398986816406,518.432005714522,493.8756753426709,514.4004011036865,851963
2023-05-15,490.30218505859375,508.9027433679584,490.30218505859375,501.847364967032,663289
2023-05-22,474.35894775390625,497.9073936884886,461.8975136557929,490.11900087250433,912774
2023-05-29,464.2798156738281,477.29102327441694,447.5576794355812,477.10775580179836,997057
2023-06-05,462.4472351074219,465.37931881831935,454.47557571920686,464.1881641799375,657488
2023-06-12,483.5217590332031,487.6450257857454,464.6463545290266,466.57055127275146,1148417
2023-06-19,460.1565856933594,482.6970884783303,456.30819216472446,480.8645254575884,748758
2023-06-26,463.2719421386719,472.159856105711,449.06957857762546,459.1486752983681,1007658
2023-07-03,437.61602783203125,466.38725988254185,434.4090427444303,466.38725988254185,874544
2023-07-10,458.1407165527344,462.0807155300118,434.9588074802421,435.23368072509766,641186
2023-07-17,495.9831848144531,499.1901701940917,445.86260151600356,448.7488827651396,1374112
2023-07-24,486.72869873046875,501.0226664313037,469.7774925565422,493.9672883522152,921051
2023-07-31,471.4268493652344,485.07946659552897,460.7979779755398,485.07946659552897,844833
2023-08-07,473.80914306640625,489.2027170647574,467.5784400279895,469.13612976893984,737735
2023-08-14,451.3602600097656,473.717522398917,446.9162892651292,472.2514944096152,510668
2023-08-21,446.77886962890625,465.37937308685275,445.08374324377695,451.17700968947025,585782
2023-08-28,447.87835693359375,460.15655060650835,446.8246388695515,450.7646658413357,730579
2023-09-04,430.3774108886719,456.674671887283,420.573188128487,452.2765320853948,740704
2023-09-11,429.8276672363281,436.2874407764454,414.6173883901402,432.4848780555717,1297011
2023-09-18,421.9018249511719,433.1262732487822,410.81481328507556,429.2320769006317,880654
2023-09-25,395.741943359375,416.5415429704951,387.5870442386182,413.2429242355007,1267222
2023-10-02,389.7403259277344,400.964773850871,378.378441377669,396.7498735280121,907899
2023-10-09,372.7432861328125,398.7657019243715,370.8649203279635,386.5333388608554,1051590
2023-10-16,369.0781555175781,381.03564517371694,367.7037333476328,372.69747841684375,795645
2023-10-23,351.39398193359375,374.4384578159698,347.86629229817527,369.07820504139306,1256976
2023-10-30,373.1556091308594,378.37842442163424,345.163222872233,353.27229108724526,1115907
2023-11-06,360.19024658203125,375.0339894178224,353.7762763787078,374.11770796020477,929148
2023-11-13,370.45257568359375,385.80028983162794,359.41139549650205,362.84745090277835,1131819
2023-11-20,372.4225769042969,372.46837978807605,363.99277704997104,370.6816199176704,588742
2023-11-27,360.0069885253906,376.1793510829705,354.14279263573314,372.46842226759514,1046524
2023-12-04,379.1572570800781,383.692861493556,362.20605006484044,362.20605006484044,1132505
2023-12-11,382.8681945800781,394.046811057575,371.36884605233,378.60749159587306,1451021
2023-12-18,364.4967346191406,378.97399771074794,363.30557996825496,377.55374474410314,894422
2023-12-25,365.5962829589844,371.59791501546584,364.03859337533646,364.49673408079883,340411
2024-01-01,346.72088623046875,367.70372530692345,340.2611133580601,365.59628921083424,756375
2024-01-08,336.0003662109375,356.4334281566967,324.5010190390672,345.66712280749056,1027760
2024-01-15,325.146728515625,338.2731884983866,318.5602983957988,333.9131780264636,1135934
2024-01-22,356.9656066894531,361.6039333268426,324.45094828539266,329.6922517236229,1480128
2024-01-29,349.3587646484375,359.3775387653255,349.1268483187864,355.01752875394413,897865
2024-02-05,383.2185363769531,389.4338768244215,349.729813796974,350.1008742503888,1584318
2024-02-12,397.1335754394531,404.9259593736262,377.4206850919398,384.61009215985644,1165377
2024-02-19,394.8607482910156,406.7348816886785,390.9181705762256,391.84583592088205,867457
2024-02-26,393.28375244140625,405.2042300253296,387.71776011517863,392.86629169289876,944190
2024-03-04,387.20751953125,391.52115783700356,373.6172275313597,391.52115783700356,821183
2024-03-11,395.3246154785156,406.8740613518928,382.3372995194226,385.21306800095647,1101232
2024-03-18,332.1506042480469,396.29869299530503,332.1506042480469,395.27825533459907,2320096
2024-03-25,339.8502197265625,345.8800447338493,324.5437408619113,333.0318734793795,1002372
2024-04-01,336.5570068359375,343.3289814641373,336.5570068359375,338.7370262594683,716887
2024-04-08,325.146728515625,342.0302504216468,322.7811930273552,335.44382030182067,984388
2024-04-15,314.57135009765625,332.3361372576424,310.0721671412895,328.5791036245487,1243969
2024-04-22,313.5045166015625,328.3007619595668,292.53927401315696,317.6790106798251,2000577
2024-04-29,313.8186340332031,326.14025385066304,305.1744248938735,324.659734456309,951275
2024-05-06,317.5437927246094,324.08663269381054,311.4785048681028,314.2484703575142,932515
2024-05-13,317.16168212890625,327.525200615302,315.7289384436694,318.0690981225876,964918
2024-05-20,317.5437927246094,322.0330390973114,310.6188644264575,318.40343316625473,778614
2024-05-27,302.9775695800781,320.50477888312327,302.738778944895,316.2065474498266,1306625
2024-06-03,313.3887939453125,318.9764998985244,304.7923322170614,306.12955376716286,873602
2024-06-10,288.9366455078125,316.3975663618608,285.7846210346981,307.22800087292086,1451348
2024-06-17,305.7475280761719,306.03406517209294,286.9785904129246,290.27388361300416,1498024
2024-06-24,323.3225402832031,330.8205725273016,305.65203217319055,306.0818670031338,1377511
2024-07-01,320.02716064453125,331.3458412745744,313.10223302415915,329.1012037332946,913981
2024-07-08,323.9911193847656,326.37902554429587,302.4044418727629,317.4482506778036,1130633
2024-07-15,300.9239196777344,314.1529255044837,293.6647083417915,310.4755442242328,1365664
2024-07-22,271.4571838378906,307.84885038474766,258.27592434954323,303.1685601425589,1910948
2024-07-29,260.1862487792969,279.33727362902516,258.41919239501715,272.22130162851164,1225077
2024-08-05,243.13661193847656,259.13556888671565,242.46800111811734,255.02838188681352,1519588
2024-08-12,243.08885192871094,249.34515453279678,235.63858164622667,243.5664331702212,1225293
2024-08-19,248.34225463867188,251.82859199894233,245.09470790786168,246.38418313679642,1610913
2024-08-26,247.38705444335938,252.35391043937085,244.52156732625483,248.6287538677411,1060551
2024-09-02,225.65713500976562,249.1063621415584,225.65713500976562,243.6619535165844,1244156
2024-09-09,218.73219299316406,224.6064360144418,215.3891245413035,222.21852997739853,1464525
2024-09-16,215.1503448486328,223.22146474822972,212.71467765240303,218.15910077804324,1847710
2024-09-23,254.88510131835938,254.93284778035712,208.65523077240977,210.8998683219438,2551787
2024-09-30,225.9436798095703,257.27301099397005,224.79748778780663,254.12095742853097,2139748
2024-10-07,228.42710876464844,237.69219678465075,217.5382619648625,229.8598525317057,1810220
2024-10-14,227.37643432617188,232.72533554108296,205.789756159023,226.5167793378773,2192664
2024-10-21,224.41542053222656,227.75848919392067,218.35014756221233,224.41542053222656,1361332
2024-10-28,220.35597229003906,233.87152957902669,215.72344319456934,227.13763145302727,1419538
2024-11-04,211.0908966064453,231.3880982032189,210.70883746506072,220.3559692439305,1792985
2024-11-11,212.7146759033203,215.6279243072239,198.91258133767167,213.33554024410572,1975282
2024-11-18,200.6796417236328,215.4846600784812,197.28881202421073,213.86087221212225,1734729
2024-11-25,210.85211181640625,218.5411724895281,205.93303100591777,206.21956808255015,1497127
2024-12-02,227.51968383789062,229.62103823134657,205.98076851206795,206.12405161877604,1521826
2024-12-09,233.10740661621094,238.79062046843512,225.0362865593024,231.91345351386877,1516139
2024-12-16,223.69903564453125,232.29549741667088,218.97098458477885,230.1941430095167,1432302
2024-12-23,227.28089904785156,227.90176337688962,222.21853521507583,222.69611643374105,442248
2024-12-30,214.29071044921875,231.14932256691526,212.09383380741852,226.80333032273668,964003
2025-01-06,217.5860137939453,226.27798353468134,210.70884691813697,215.67568885207507,1408117
2025-01-13,233.8748779296875,236.57306655831061,209.5912096799697,219.22758713652001,2033351
2025-01-20,248.90762329101562,263.0249400946942,231.89942259610856,234.1639772286635,1936316
2025-01-27,244.23397827148438,255.07491737329096,230.11669149273558,247.31761604830945,2058605
2025-02-03,232.81488037109375,244.61944250891068,226.55123515510928,234.83851077235263,2041202
2025-02-10,269.8185729980469,273.04676537799446,230.88761334704967,232.525794599463,3067137
2025-02-17,266.9276428222656,271.5049218959326,259.0258019214113,267.3612915502949,1601976
2025-02-24,261.2421875,270.97493419436296,256.4721691008755,266.9758141954718,1593779
2025-03-03,239.94578552246094,265.4821843832851,233.9712347675098,259.89309752784504,1725279
2025-03-10,215.4212188720703,251.07580040814955,208.0012112439894,242.306705830943,3019791
2025-03-17,199.2802734375,215.66211385550818,194.79934944197257,215.51755938239467,2461179
2025-03-24,191.9951934814453,200.53302466258597,191.6675454665355,199.4730172401183,2174417
2025-03-31,164.6471405029297,190.41481828447453,160.07949244235513,189.52825864758088,2792566
2025-04-07,161.91041564941406,170.5638783550695,144.33365814584437,150.73221209032872,3069823
2025-04-14,158.49913024902344,167.28751637501074,153.73875749410217,166.95986837070518,1294377
2025-04-21,168.15478515625,175.18934357922024,155.97440474512413,158.4991309115487,1608373
2025-04-28,178.00315856933594,178.00315856933594,168.40532052946998,168.40532052946998,1197563
2025-05-05,175.24525451660156,179.40181474363268,167.62160767212794,178.5547428720245,1154526
2025-05-12,175.8362274169922,190.5319260967422,172.9010163652526,180.5049591045281,1889934
2025-05-19,170.6947021484375,179.97308502998146,164.84399857289276,174.65427179552069,1661520
2025-05-26,169.76882934570312,177.2348773425674,169.72943729798664,173.96478129443634,1541522
2025-06-02,170.79319763183594,175.79682962284608,164.45002553066593,166.2623604167145,1453030
2025-06-09,169.98553466796875,184.32664570923959,167.7201085215851,170.1234293883888,1505111
2025-06-16,176.32870483398438,193.486819245967,169.90671912603332,178.47592456303235,5199254
2025-06-23,181.4308319091797,182.43550197850388,169.69003266934405,174.98915741275212,1879233
2025-06-30,195.16127014160156,201.91814122473693,180.7610640987858,182.06121211967832,1920804
2025-07-07,195.69314575195312,204.18356758140266,191.59569635116787,194.76728982526677,1433690
2025-07-14,194.37330627441406,197.09182372373863,187.38005239472605,192.56097132779612,1272079
2025-07-21,218.465576171875,218.90880809802775,192.16697321052212,194.05810711699777,1834600
2025-07-28,212.90052795410156,222.40546481245528,207.92645856874822,220.140038590654,1936957
2025-08-04,212.4080352783203,214.32873211758417,204.77454434394465,213.048272567874,1045981
2025-08-11,208.46817016601562,215.55994154923093,205.31628012314064,213.54075705899317,961720
2025-08-18,220.43553161621094,222.30696217442335,206.05501301414424,208.27118789963683,1003300
2025-08-25,225.705078125,236.24423219636083,217.57910411614876,219.79527884583547,1577207
2025-09-01,233.78182983398438,237.32770059624892,225.1633720356087,226.19757494789565,1388533
2025-09-08,237.67242431640625,239.79009632295535,225.60658444465344,234.32352913028194,1344204
2025-09-15,263.92181396484375,271.6537777709122,238.11567687746023,238.361918528833,2610347
2025-09-22,270.8658142089844,271.0135531867939,258.65223441641103,263.23232308127666,1444568
2025-09-29,293.372314453125,293.372314453125,271.3583044337629,274.31320430055524,1459119
2025-10-06,304.3546447753906,317.4054507406784,282.8823873616791,290.7621192652491,1992602
2025-10-13,304.8963928222656,320.31114384664426,290.9098854212312,305.3888761122766,2004106
2025-10-20,326.6641540527344,348.87516804596135,309.5257418973827,320.0648961271119,2269178
2025-10-27,302.1877136230469,329.6190369726698,298.88809985744723,327.50136498527536,1344320
2025-11-03,295.3914489746094,304.5023891500809,285.8372919069579,302.68019510322813,1299915
2025-11-10,315.7802734375,320.65583969342026,300.31628699544217,302.5817280347079,1205552
2025-11-17,291.7471008300781,314.8938144929889,282.6853966491659,311.8404122108037,1618581
2025-11-24,288.3982238769531,298.4448957576604,288.3982238769531,294.5542654561128,1079558
2025-12-01,291.0576477050781,296.86894498083126,281.40498647137264,286.62529774002616,927436
2025-12-08,291.7471008300781,294.50499511533314,279.18877745977545,289.87564035923367,1026721
2025-12-15,298.0016174316406,311.00318790436677,291.84557649925017,291.84557649925017,1703995
2025-12-22,299.03582763671875,302.4339439380912,292.14106231598515,296.47490879154515,342638
2025-12-29,300.0208435058594,301.59679613610376,293.07681068288167,298.6911325347533,460373
2026-01-05,312.6283874511719,315.435548224649,292.0918281826325,301.8430214019525,1210909
2026-01-12,285.4954833984375,316.9424958790172,284.11099905496,314.4702455211465,1136000
2026-01-19,271.8981018066406,280.8970688131964,263.0968665392124,276.3975853099185,1256599
2026-01-26,261.21795654296875,276.24925020146816,255.68010992253022,271.9475287115366,1232263
2026-02-02,255.1856689453125,263.24522922590336,242.42886318058652,260.4268577923525,1566575
2026-02-09,281.1937561035156,293.8516656105537,255.53178583167121,257.60848212642316,1841573
2026-02-16,274.91424560546875,282.18266784699244,265.81635202468783,281.8365467538079,1166862
2026-02-23,282.7265319824219,293.50553701485427,273.3814441636238,274.8647943106238,1233301
2026-03-02,254.5428924560547,276.69424977000284,248.90616462155543,271.89810818779966,1395049
2026-03-09,245.939453125,262.20685683630995,243.46720286220463,246.97780125325767,1164424
2026-03-16,231.55096435546875,250.58729226506216,228.93038499069485,247.71948786250132,1558967
2026-03-23,245.5438995361328,258.0040318281523,224.62865322367819,227.10090349067627,1435724
2026-03-30,262.3057556152344,264.23412291183854,243.615549469558,245.29667664788886,968934
2026-04-06,273.3814392089844,278.91925551435054,252.96064350173145,262.3057462405812,1245342
2026-04-13,250.7850799560547,278.96873376807434,239.75883441103448,263.19576456314604,2494704
2026-04-20,237.38548278808594,248.9556114648965,230.4631817741663,245.00001088551383,1290841
2026-04-27,230.06761169433594,242.42886345288437,226.85368623711332,236.74268764395208,956135
2026-05-04,243.1705322265625,251.72452727439463,222.6014219074649,226.45812631994113,1712876
2026-05-11,234.2209930419922,242.42885174162808,232.44096985686687,241.34107069307555,1071461
2026-05-18,239.31382751464844,249.54894972717858,227.3975781267172,229.7214994296722,1056434
2026-05-25,252.51565551757812,255.2845638241481,237.08880737522662,241.63775403216627,1550036
2026-06-01,249.4499969482422,258.79998779296875,244.0500030517578,254.75,1321981
2026-06-08,268.3500061035156,276.25,243.25,244.5,1868571
2026-06-15,271.95001220703125,280.70001220703125,258.70001220703125,280.0,1963074
2026-06-22,267.04998779296875,273.3999938964844,257.29998779296875,271.1000061035156,1541191
2026-06-29,248.4499969482422,270.25,240.75,266.6499938964844,1426417
2026-07-06,248.5,258.3999938964844,238.75,249.4499969482422,1194822
2026-07-13,252.3000030517578,256.1499938964844,242.1999969482422,247.75,1256357
2026-07-20,242.3000030517578,257.8500061035156,236.1999969482422,250.35000610351562,1319793
2026-07-27,284.20001220703125,292.8500061035156,242.85000610351562,246.0,2619534
2026-08-03,286.6499938964844,293.5,273.6499938964844,283.70001220703125,1434674
2026-08-10,268.54998779296875,290.3999938964844,264.45001220703125,286.20001220703125,1229071
2026-08-17,254.3000030517578,266.6000061035156,249.60000610351562,266.45001220703125,1269975
2026-08-24,254.1999969482422,257.5,246.39999389648438,254.89999389648438,1510808
2026-08-31,245.1999969482422,255.39999389648438,241.39999389648438,253.25,1621255
2026-09-07,238.60000610351562,251.89999389648438,230.25,242.6999969482422,1576592
2026-09-14,233.0,243.5,232.10000610351562,237.3000030517578,1929834
2026-09-21,223.35000610351562,235.60000610351562,222.35000610351562,228.8000030517578,1724706
