Price,Close,High,Low,Open,Volume
Ticker,MC.PA,MC.PA,MC.PA,MC.PA,MC.PA
Date,,,,,
2000-01-03,46.71580505371094,56.67940828371732,45.02478640428495,55.82781719310525,6873035
2000-01-10,57.1782112121582,57.51884587900465,47.19027372910282,47.202437264004786,7399950
2000-01-17,52.67692947387695,57.66481712321357,50.32897354427756,57.056538481157716,6009325
2000-01-24,51.33871841430664,52.8959102558454,49.84235350892842,52.080819101539255,3660920
2000-01-31,53.65019989013672,54.745103822915,48.90562700996406,50.474987766679604,4442880
2000-02-07,49.793704986572266,55.04923366339365,47.555238724903965,53.65019050955129,6385245
2000-02-14,45.76689910888672,49.79370674319775,44.03938941249907,49.02727409722329,5413360
2000-02-21,47.895877838134766,48.175685566777,42.70117563233418,44.76932475795027,5228715
2000-02-28,44.40433883666992,47.44573190767471,43.79606022246897,47.08076566731364,5225715
2000-03-06,50.73042297363281,51.095389110548915,42.701144757497396,44.392162723948665,9704050
2000-03-13,52.43363952636719,55.14656751475801,10.146092276852645,10.146092276852645,4605250
2000-03-20,52.06867980957031,53.50421857500542,48.601491476578964,51.095434368800845,6290835
2000-03-27,53.18791198730469,53.52854670857599,50.60880594087911,52.798613837051775,3362100
2000-04-03,52.55528259277344,54.2584602326106,50.51146571233014,53.1392296099289,3932465
2000-04-10,52.61612319946289,53.40688760097696,10.52322417581262,52.55529623953094,1853020
2000-04-17,53.406883239746094,53.406883239746094,10.68137595182934,48.66230649970517,4796465
2000-04-24,56.15628433227539,58.99086504613917,10.681372683532937,10.681372683532937,4643700
2000-05-01,55.66966247558594,57.664820434362404,11.231257918778203,11.231257918778203,2554660
2000-05-08,56.107635498046875,57.96897179126047,10.997680713547217,55.91298646668847,2892050
2000-05-15,54.98841094970703,58.37043999252511,54.611276378428954,56.20496869354657,4095770
2000-05-22,54.4531135559082,56.55776218816447,53.04190699235523,55.353368179236234,5048730
2000-05-29,55.11006164550781,55.475028019160334,51.7645280455611,54.25847034645244,6128450
2000-06-05,53.776947021484375,56.504319409736944,52.41937498692675,55.403584066712746,3366560
2000-06-12,52.529457092285156,54.914380947633205,10.755390459390501,10.755390459390501,2608530
2000-06-19,54.73088455200195,54.914341897152845,10.505883947552334,10.505883947552334,3698460
2000-06-26,52.822959899902344,56.015086826576116,51.97906615254073,54.412911538157026,4716995
2000-07-03,53.935951232910156,54.914384953516965,51.48987626242865,53.75249840943469,2673740
2000-07-10,54.91435241699219,56.32084189236925,51.39812173027703,53.04921949087642,3659145
2000-07-17,55.64817810058594,56.412576151418165,53.110375638719866,55.64817810058594,3113429
2000-07-24,56.473724365234375,58.002520393884545,54.761475612455314,55.28126532909332,4205702
2000-07-31,56.84063720703125,60.35686824168553,55.03665967284959,56.412576164670824,3415955
2000-08-07,58.43060302734375,59.867670777952334,56.56546946525571,56.657198186681065,2347902
2000-08-14,56.6265983581543,59.80649658202619,55.15895338294532,59.31728003511828,3408553
2000-08-21,55.923377990722656,56.47374570207904,53.569032150188235,55.95395578905461,3905960
2000-08-28,55.15898895263672,56.25972456023982,52.34600365772828,55.95396518762982,5090930
2000-09-04,53.20212936401367,56.443180490327315,52.65176157542035,54.91438366952232,3149842
2000-09-11,52.62117004394531,55.34242556752319,52.10137557415797,54.11938853840666,6540046
2000-09-18,51.70388412475586,53.2938310789648,49.655293691383946,52.65173487365192,4889242
2000-09-25,52.31542205810547,53.93594273841578,50.02222713443955,52.590603582738574,3963617
2000-10-02,51.45931625366211,53.75251212356222,50.511460094562494,51.12297899320252,3212396
2000-10-09,49.83876037597656,52.04022615886739,47.851325146259704,51.612165052519444,4916919
2000-10-16,49.777618408203125,51.30641501370373,47.6984540916189,51.06180662372024,5516403
2000-10-23,51.642738342285156,53.50787173763194,49.22724199862138,49.96106237338815,3276192
2000-10-30,52.89636993408203,53.81364802542449,50.786632190201416,50.786632190201416,2601093
2000-11-06,51.122955322265625,53.8136381635463,50.93950253692724,53.8136381635463,2820948
2000-11-13,49.22725296020508,51.612176707529635,48.37112588866329,51.612176707529635,4301712
2000-11-20,48.30995559692383,50.35854138850044,46.903461352579406,49.38011284115948,4449961
2000-11-27,44.77045822143555,50.56608416066801,44.55580627536425,49.55415288932312,5738071
2000-12-04,45.077117919921875,46.579686645627476,42.22529931978772,44.739804281549034,6013862
2000-12-11,42.83857727050781,47.683599936168676,42.83857727050781,46.15036521153303,4614501
2000-12-18,41.3973503112793,45.96638932586217,40.78405623259368,42.96125208355262,5558846
2000-12-25,43.237220764160156,44.647798632345896,41.39733902951504,41.39733902951504,1482437
2001-01-01,40.508052825927734,44.34113864673619,39.986749411049914,43.237208058719425,3693035
2001-01-08,41.3973503112793,41.70399735062211,37.84024512280896,41.21336021604862,6670110
2001-01-15,44.463809967041016,46.30369175878064,40.53872787551753,41.67332071127803,6921225
2001-01-22,43.85052490234375,45.50641697808006,42.31728976589817,45.38376003878933,4094226
2001-01-29,41.88797378540039,44.341149300116406,41.7039837501723,43.23721844686981,4903812
2001-02-05,40.99869155883789,42.56259269540389,40.845368101490656,42.04129387623542,3531019
2001-02-12,41.090694427490234,42.930576267527115,40.63072396748102,40.96803750977904,3549141
2001-02-19,40.201416015625,42.501268083359584,40.201416015625,41.27468031390114,3271710
2001-02-26,39.2814826965332,42.62393313553687,38.72951715896567,40.78405112968636,6976108
2001-03-05,37.93223571777344,39.68012280884409,37.257613204613456,39.6187943402045,7202866
2001-03-12,34.0684814453125,37.93223320158773,33.240535475943155,37.7175812360567,5512924
2001-03-19,32.96454620361328,34.95775132290153,31.89128190861192,34.25246242180272,7302484
2001-03-26,34.957759857177734,37.34960752006022,32.53524796057236,33.117877759431536,7445387
2001-04-02,35.20307540893555,36.123016379487545,32.07527470534023,35.509722399119546,4652195
2001-04-09,36.398983001708984,37.50291361954254,35.2643905039167,35.50970893888638,3459360
2001-04-16,37.3802604675293,38.94415931051804,34.681766603114326,36.398988907955506,4193200
2001-04-23,41.79597854614258,41.79597854614258,37.07361523745081,37.90156103346468,7296899
2001-04-30,41.428009033203125,43.23722435072218,40.23208299904406,41.94930796544916,5992151
2001-05-07,43.298545837402344,43.298545837402344,40.60005190155981,41.4280023607269,3854633
2001-05-14,41.090694427490234,42.562600835332034,37.993560464667645,42.010635347508675,8537241
2001-05-21,41.581321716308594,43.08388966208086,40.69204289449489,41.550655154533494,4654813
2001-05-28,40.446746826171875,42.5012859467933,40.232094812109885,41.70400168991964,8006371
2001-06-04,40.55801773071289,41.82545770106608,39.939755250924684,40.77440865524509,4847070
2001-06-11,38.27044677734375,41.08353810781669,38.27044677734375,40.743496588907576,5696549
2001-06-18,37.03392791748047,39.074193873404376,35.921053433808815,38.51775663156855,5899837
2001-06-25,36.78662109375,37.5903619232611,35.79740197411856,37.188492687747754,6181196
2001-07-02,32.76792907714844,37.033943428699686,32.76792907714844,36.63207165700085,7461039
2001-07-09,35.73556900024414,36.1374405345852,32.922475335308924,34.004434618628935,7425572
2001-07-16,35.36460876464844,36.137436743078325,34.31356224228702,35.766477898341684,4285330
2001-07-23,35.42644500732422,35.95196961014912,34.3135728461723,34.87001010599053,5141474
2001-07-30,35.92105484008789,37.71401725976566,35.61192355107342,35.85922952567883,5453842
2001-08-06,34.406307220458984,36.78661677422079,34.09717598706217,35.85922307403035,3291375
2001-08-13,34.00444030761719,35.82831530490446,33.69530903209339,34.62270285866477,2759675
2001-08-20,35.58100891113281,36.013793163333276,33.2625243727208,33.942614585745645,3822640
2001-08-27,33.04612350463867,36.44656647341661,32.92247056135,35.30277969610107,8831913
2001-09-03,30.38759422302246,33.75712200813748,29.243807506461017,32.98429410173796,7331527
2001-09-10,23.469242095947266,31.9023415581434,22.690232444689244,30.029007084570377,17028141
2001-09-17,17.558656692504883,24.68722452491639,17.558656692504883,22.566583728341435,14461114
2001-09-24,21.577363967895508,22.49857384790374,18.238745249936986,18.547876525359648,13535510
2001-10-01,22.424379348754883,23.153929228571446,19.178501485641615,22.10288259167605,8557727
2001-10-08,24.00714111328125,24.483201303730795,20.649974555867917,22.22654392584184,10626596
2001-10-15,24.112245559692383,25.503336649674633,21.546454383664425,23.43215752576175,12117741
2001-10-22,26.33798599243164,28.007295495272444,24.118423149275035,24.415191274722673,8599851
2001-10-29,24.4522762298584,26.177228805940995,23.184838844710953,26.028844799601988,8083036
2001-11-05,26.022680282592773,26.752230545449287,24.112248214347375,24.112248214347375,7952637
2001-11-12,28.316423416137695,29.515854234353707,23.67945443887221,24.730501212082597,15818730
2001-11-19,28.6873836517334,30.913127918469396,28.322608647956077,28.56373066836262,10416372
2001-11-26,28.025846481323242,29.484944324247007,26.739859063646282,28.996518633220752,9153204
2001-12-03,30.850637435913086,31.161318568720635,26.724790001169342,27.961301952679314,7159567
2001-12-10,27.15352439880371,30.44053049540964,26.923621084179867,30.142274599838636,7057680
2001-12-17,27.103822708129883,28.831211504113575,26.563238173891605,27.21566811111836,5809069
2001-12-24,28.39626121520996,28.706942404938058,27.0354760872029,27.10382632819258,2272379
2001-12-31,30.614526748657227,30.993558204488327,28.191212360093832,28.39626309664883,4869956
2002-01-07,28.17878532409668,30.856858257524344,27.961309421166987,30.633167402905475,8317861
2002-01-14,26.817989349365234,28.700715838685312,26.240122380707078,28.2036266103526,6599388
2002-01-21,29.210248947143555,29.670058222214685,26.190429305534344,26.656451162427768,10291133
2002-01-28,29.328296661376953,29.800530896033482,27.90537663765219,29.35936429768313,6127875
2002-02-04,28.02344512939453,29.328307677141012,26.71237237048644,29.259957429409724,7501722
2002-02-11,29.86888313293457,30.72014875075227,28.011011334980886,28.085574141207175,7602892
2002-02-18,30.136077880859375,30.415691448661217,28.464613796036556,29.465005318134946,8396417
2002-02-25,33.70889663696289,34.11278298257986,30.32247244545515,30.37218255520244,11224748
2002-03-04,37.18852996826172,37.59241638164259,33.73996993128025,33.77103756993057,16532645
2002-03-11,37.343875885009766,37.343875885009766,35.324448269241316,36.66037825548875,8163664
2002-03-18,36.939998626708984,38.275926490110926,36.3497038171548,37.21961220705673,7996771
2002-03-25,36.0079460144043,37.530284134261436,35.54192428609961,37.09533004711525,6957520
2002-04-01,35.16911315917969,36.66038396344361,34.79629664326851,36.007953875444244,5035521
2002-04-08,34.547733306884766,35.1690954337734,33.11860088910258,34.70307383860692,10626286
2002-04-15,35.10697555541992,36.03901915423638,34.51668080210761,34.98270260151584,5455528
2002-04-22,35.572998046875,36.16329281167107,34.672022076429364,35.16911153140677,7749864
2002-04-29,36.19435119628906,37.343870414914605,35.262307817843855,35.728329507066455,8334554
2002-05-06,36.22541809082031,36.44289629684282,34.858420689781866,36.44289629684282,5376314
2002-05-13,37.5924186706543,38.24484860327326,35.448718288927076,35.914740007984776,8305549
2002-05-20,37.77882385253906,37.96523205114144,36.10114532449996,37.872029136994676,9108954
2002-05-27,35.26231002807617,38.18271327098305,35.13803709576564,37.46814568792926,11307481
2002-06-03,32.92741775512695,36.28287746458747,32.801979494695495,35.31073513318136,10403820
2002-06-10,30.506471633911133,34.307237717701604,30.04235312808228,33.303733913209,9187683
2002-06-17,30.500202178955078,32.551110525581876,30.04235448946878,30.794979386273752,9797429
2002-06-24,31.986629486083984,31.986629486083984,28.568449974260076,30.61935768135442,11407245
2002-07-01,29.684850692749023,32.4256654149525,28.549637964222132,31.39080281103039,9081202
2002-07-08,26.398387908935547,30.086260290459347,26.02834626393953,29.684859670640563,10320804
2002-07-15,28.192150115966797,29.546878456681632,24.146780000938612,26.39838893309123,15175856
2002-07-22,26.655532836914062,27.847192908990582,24.372565230864158,27.59631634880515,12564158
2002-07-29,26.617900848388672,29.728760170960314,26.153782318624142,27.06320686591243,10776127
2002-08-05,27.288990020751953,27.65903159504098,23.927259275855928,26.81232747393122,11263263
2002-08-12,26.87505340576172,27.508515770235793,25.61440430050398,27.26391239104673,4496460
2002-08-19,28.631174087524414,29.728754656602018,26.298030626502285,27.03184048712557,6638388
2002-08-26,26.636716842651367,29.038849400629665,26.216498980411178,28.223504202184877,8513512
2002-09-02,25.65203285217285,26.65553436538456,24.2722164771045,26.592816418009953,8304125
2002-09-09,26.203950881958008,28.035343672531894,25.150273362457575,25.46386780534376,8053385
2002-09-16,24.171863555908203,27.15728201001356,23.833180936808066,26.404654765080828,8804248
2002-09-23,24.08405113220215,24.748869736023725,22.271473471266837,24.46036345917529,11949739
2002-09-30,21.794815063476562,23.958617325264143,21.41850266687693,23.576031699617523,9423505
2002-10-07,23.268709182739258,23.513314883965545,19.82544317303791,21.44986265585423,12138380
2002-10-14,26.573997497558594,27.78447246977845,22.71051331873544,22.892398704569473,12216744
2002-10-21,26.98793601989746,28.348937097261505,25.965619895430876,26.40465018567511,7607664
2002-10-28,28.718975067138672,28.957305083043764,25.96561668113097,27.590035731553705,9211949
2002-11-04,26.467369079589844,29.634672189600938,26.341930835200834,28.85068615283901,8832522
2002-11-11,27.65903091430664,28.223501909511224,25.137733515821896,26.404653051661697,7281352
2002-11-18,29.03257179260254,29.32107808295355,26.655525529957774,27.696658902014704,6031638
2002-11-25,29.728755950927734,30.418662810227833,27.6590305879557,29.289723225675004,10564553
2002-12-02,27.254314422607422,31.16759228647614,26.23345985026348,30.083722919785902,8781611
2002-12-09,25.994001388549805,27.56939541209828,25.69782654288733,26.93923780267889,8398320
2002-12-16,25.130685806274414,26.78169804816256,24.374496204142435,25.867969045747273,7246974
2002-12-23,24.399707794189453,25.83646663282831,24.355596945905695,25.31343456909097,1623486
2002-12-30,25.849061965942383,26.327980627280567,24.324079505318323,24.38079377872707,4267678
2003-01-06,24.179136276245117,26.403593303914118,23.03225011859889,25.861657611076115,8707662
2003-01-13,23.523780822753906,25.332332189580548,23.26541393791856,24.46901708054527,7370322
2003-01-20,23.864065170288086,24.07201831062929,22.49032155208689,23.492272128593996,11667045
2003-01-27,24.815597534179688,25.09916882722927,22.21304696175064,23.68131476584093,12770321
2003-02-03,24.73369026184082,25.798655932565822,24.04051773833996,25.20000802766095,7689733
2003-02-10,24.67068099975586,25.130695945721456,23.45447614655939,24.821917538885163,6659606
2003-02-17,24.645458221435547,25.48986929947018,24.14763325966933,25.15588421678834,4681651
2003-02-24,24.147640228271484,24.739987536037866,22.86842100654189,24.57614760967205,9431344
2003-03-03,23.599401473999023,25.067667361888,23.467068961243864,24.26736695963575,9826370
2003-03-10,25.590696334838867,25.634807167314978,22.452512288603682,23.422953006938197,11081465
2003-03-17,26.15154266357422,27.380350570707073,24.664370214232772,24.670673136940195,11821143
2003-03-24,23.952287673950195,26.214553398797555,23.76324088770056,25.773445032168514,10752900
2003-03-31,23.196094512939453,23.611998296366238,21.406447419799413,23.567887471143678,16947759
2003-04-07,24.802997589111328,25.483566384349437,23.58049059899674,23.763236836220454,17162098
2003-04-14,25.458370208740234,25.8364638399761,24.361894831979136,24.683274178143552,7237483
2003-04-21,23.56159019470215,25.54658742061794,22.912528693365104,25.458365749041285,9563528
2003-04-28,24.513132095336914,24.796701097960753,23.15199174807251,23.15199174807251,9044050
2003-05-05,24.815597534179688,25.199993908773614,24.053105300899805,24.777787227153226,8466887
2003-05-12,27.096769332885742,27.796244460747573,24.342982052833683,24.834504076148566,15610663
2003-05-19,26.71868133544922,27.02745719172173,25.823856355938435,26.643060697951203,11632043
2003-05-26,27.87024688720703,28.023591825217206,26.266526698748446,26.867122628173494,9553598
2003-06-02,28.579471588134766,28.905328769253753,27.799972581172973,27.88303455011215,9556386
2003-06-09,28.732810974121094,29.231177815953966,28.349449802658167,28.592244967517814,9072450
2003-06-16,29.327022552490234,29.550648103746468,28.266393982908657,28.515577436404374,10314340
2003-06-23,28.3750057220459,29.327016672228712,27.678568868342225,29.109779421422008,8900500
2003-06-30,28.170551300048828,28.643362712460394,27.122701747355457,28.394176837269164,9019720
2003-07-07,29.83817481994629,29.953182967392422,28.304734478888676,28.368629248212212,8206847
2003-07-14,30.189577102661133,31.53133511006747,29.582590408897165,29.85733172883943,8923302
2003-07-21,30.279035568237305,30.7901814991404,29.084231497750807,30.349318590736992,7041516
2003-07-28,31.39716911315918,31.601627490435266,30.34931932028522,30.46432746217003,8480723
2003-08-04,30.34931182861328,31.876361023279298,30.093737701438123,31.358826949886094,5826817
2003-08-11,31.122417449951172,31.544113018707847,30.183187850691265,30.279026312437825,3534109
2003-08-18,34.21485137939453,34.91767893056407,30.82850798461384,31.326874794884155,8607927
2003-08-25,34.98157501220703,35.588561732762656,33.41618897624848,33.70370925833645,7880747
2003-09-01,35.14131546020508,36.38723531398864,34.726008029831895,35.14131546020508,7262701
2003-09-08,34.31068801879883,36.291378502843045,33.48007595895238,35.14130007864528,10496640
2003-09-15,34.98157501220703,35.39688235714917,33.83149632119061,34.34264213527174,5472412
2003-09-22,33.60785675048828,34.88572206324197,33.12865725820564,34.66209660844394,8475707
2003-09-29,35.39687728881836,35.460769592429216,33.41618419152483,33.799545325195425,9669407
2003-10-06,36.57890701293945,36.67474791891192,34.9815748289683,35.5246667965843,5930881
2003-10-13,37.2817268371582,38.272074598658584,36.41916855679963,36.41916855679963,7642226
2003-10-20,36.483062744140625,37.665089913727215,36.0038631331195,37.18589030270609,7112797
2003-10-27,37.984561920166016,38.78322805626145,36.54696287519423,36.96226780356248,6497722
2003-11-03,38.87906265258789,39.32631613166163,37.85677107527824,38.08039659614742,6441727
2003-11-10,38.431819915771484,39.262432306493636,37.888725417630766,38.39987131674163,6285895
2003-11-17,36.00385665893555,38.17622881319789,35.33297781160991,37.82481631577349,7688729
2003-11-24,36.70669174194336,37.28172982922064,35.78023864666096,36.03581275478553,16846113
2003-12-01,37.195865631103516,38.18989258541416,37.0355386240729,37.16380071897659,7115895
2003-12-08,36.16978073120117,37.19587279527075,35.65673225276993,36.93934855605513,6369172
2003-12-15,36.52249526977539,37.32413036153343,35.75292509240845,36.971411410439124,7569365
2003-12-22,36.23390579223633,36.61868965394941,35.752924741896905,36.42629772309287,2447688
2003-12-29,37.22793960571289,37.42033157170485,35.977388157170274,36.23391240942394,2500672
2004-01-05,37.86924743652344,38.89534198956517,37.003482374441354,37.19587433863775,6488001
2004-01-12,39.18391418457031,39.28011135420008,37.38825244051458,37.837168488127425,6958694
2004-01-19,39.24805450439453,40.69099766671495,38.89533555399544,39.11979240068682,10882652
2004-01-26,37.131736755371094,39.56870683520913,37.131736755371094,39.21598790001084,7616290
2004-02-02,36.55457305908203,37.45240565663584,36.20185398375626,37.227946284048876,7738954
2004-02-09,38.02957534790039,38.73501582789515,36.55456699357915,36.84315616964989,6897119
2004-02-16,39.28012466430664,39.472516622362726,37.77305147207143,37.90131114651117,6474302
2004-02-23,39.4404411315918,40.08174911747134,38.41434933274286,39.4404411315918,6031331
2004-03-01,39.4725227355957,40.081766069125784,38.702952337789114,39.40839288844384,6729553
2004-03-08,37.64479064941406,39.76110715380502,36.746958218995324,39.50458290328636,7646392
2004-03-15,37.003482818603516,38.029574937565144,36.36217463265336,37.61272608453549,7239434
2004-03-22,37.09967041015625,37.29206478588358,35.40020551360163,36.61868936363013,8361539
2004-03-29,38.70294189453125,39.08772821280565,36.939344663363116,37.16380396062223,8403615
2004-04-05,38.73500442504883,39.66489907384952,38.414350423008344,38.95946124791881,6609328
2004-04-12,38.863277435302734,39.69698008446665,38.41436363516429,38.735017747489884,7274725
2004-04-19,38.99152374267578,39.696963971288724,38.189888787249075,38.92739392479994,8441178
2004-04-26,37.70891571044922,39.31218595703632,37.580653601443004,38.991531907718894,6303164
2004-05-03,37.131736755371094,38.41435284438017,36.84314764606484,37.452390777623364,5102251
2004-05-10,36.13771438598633,37.38826580624811,35.91325750513783,36.55456567487243,12109109
2004-05-17,37.35402297973633,37.775553753655586,35.47335311837632,35.92730876555262,7997528
2004-05-24,37.937686920166016,38.424067521706604,37.06220282693682,37.67828294313383,6523645
2004-05-31,37.872840881347656,38.13224240998927,37.19190599324613,37.905265763195366,5555258
2004-06-07,37.90525436401367,38.586186573479715,37.61342556742561,38.29435777689165,4199804
2004-06-14,38.03495788574219,38.29435934701025,36.93249487223994,37.84040369746706,7174191
2004-06-21,38.488914489746094,38.942870179724444,37.35402650172996,38.22951300537238,7806574
2004-06-28,38.06739044189453,39.169853677894906,37.90526356818447,38.45649394925478,6250308
2004-07-05,38.03495788574219,38.32678422043635,37.581002236199,38.22950960015805,3748502
2004-07-12,37.48373031616211,38.13223776963847,37.06220195571824,38.00253578417128,3480500
2004-07-19,36.77037811279297,38.48892161415171,36.57582634503575,37.28918365143221,6127089
2004-07-26,36.77037811279297,37.321608533748424,35.89489144709555,36.737953230476755,7734556
2004-08-02,34.11149215698242,36.83522404368232,33.916940409473796,36.413695669723566,9567847
2004-08-09,33.04145431518555,34.370894062451875,32.36052200305983,34.11149009885182,9834139
2004-08-16,33.527809143066406,34.50056954872293,32.61989844157726,32.81445002793704,7439025
2004-08-23,34.79243087768555,34.98698264696654,33.787242200990505,33.88451932256098,5029641
2004-08-30,34.79243087768555,35.01940752953671,33.94936908770132,34.79243087768555,5426479
2004-09-06,35.37607192993164,35.99215434594025,34.79241685728583,34.986968548167766,5315822
2004-09-13,36.70551300048828,36.802790087178636,34.92211788613161,35.63547741618972,7727119
2004-09-20,35.213958740234375,36.64067581543019,34.76000296987299,36.44612404923529,6049575
2004-09-27,35.7003288269043,35.76518104568244,34.56544097380832,35.408500027050636,6365959
2004-10-04,36.83522033691406,37.418877994565534,35.76518459636561,35.797609472044144,7313683
2004-10-11,35.7003288269043,37.062195734934974,35.37607515459116,36.6730898438437,6695057
2004-10-18,34.79243087768555,36.219145501652775,34.63030399097473,35.89489172823114,6266345
2004-10-25,34.82484436035156,35.57062631077381,33.916933102431514,34.306038987479745,6528263
2004-11-01,36.154293060302734,36.446121929552476,34.727576068083856,34.760000948253875,5172039
2004-11-08,36.77037811279297,36.93250499823398,35.73276456165454,36.12187057102893,4880660
2004-11-15,36.51095962524414,37.15946690979149,36.121856244059316,36.835213267517815,5481220
2004-11-22,34.922122955322266,36.510966600789075,34.85727320402135,36.31641487302689,7871572
2004-11-29,34.93642044067383,35.915946247421694,34.642562200436885,35.393532982035424,9350698
2004-12-06,34.96906661987305,35.78533802785824,34.0874944956741,34.67520841478585,7758091
2004-12-13,35.0670280456543,36.01390358937514,34.90377372746323,35.00172482373995,8725271
2004-12-20,36.60161209106445,36.73221602402912,34.70786378179665,34.936418796187695,6297243
2004-12-27,36.797515869140625,36.92811979899671,36.30775300047737,36.56896086018955,2156024
2005-01-03,36.60161209106445,37.38523319778964,36.11184921074406,36.76486638450458,4797413
2005-01-10,35.785335540771484,36.699560450601176,35.06701774809278,36.699560450601176,5902747
2005-01-17,35.32822799682617,36.307753754494875,34.83846511799182,35.94859480822892,8727561
2005-01-24,34.838470458984375,35.42618700011197,34.67521614101151,35.00172477695724,7621027
2005-01-31,35.524139404296875,36.07920307049462,34.577263893374436,35.03437646668835,8874817
2005-02-07,36.666908264160156,36.86281288046809,35.589429137873005,35.6220794920806,6992261
2005-02-14,37.35258102416992,37.41788174195106,36.209801025561084,36.69956388210773,7581504
2005-02-21,36.503665924072266,37.711746861746235,35.91594939213927,37.156683185747525,5831216
2005-02-28,37.61378860473633,37.71174217824783,36.37305745628017,36.73221640738425,5938775
2005-03-07,37.28727722167969,38.07089827789092,37.091372580392544,37.61378578751248,5927189
2005-03-14,37.385231018066406,37.87499386983147,36.89546816630134,37.22197673414472,5136519
2005-03-21,37.124027252197266,37.51583907135876,36.666917199769955,37.38523513163826,3507359
2005-03-28,37.515830993652344,37.94029059252292,36.73221001511736,37.12401925885364,4240364
2005-04-04,38.168846130371094,38.36475074233225,36.76485851103529,37.22197093298618,8185656
2005-04-11,36.83017349243164,38.29946228881488,36.76487027351009,37.907650448474826,5718704
2005-04-18,36.40571212768555,36.83017434174301,35.75269486978984,36.47101285704986,8915883
2005-04-25,35.58942413330078,36.634250267394904,35.06701106625372,36.40569532901869,5520260
2005-05-02,36.40571212768555,36.47101285704986,35.65474128468023,35.915949184263766,3813588
2005-05-09,37.483192443847656,37.613793905517724,35.98125072400978,36.56896726577792,8352323
2005-05-16,38.40911102294922,38.50827497152765,37.61580952169764,37.74802475734359,5599520
2005-05-23,38.475223541259766,38.70660273978864,38.11162657706691,38.541331163169694,5064127
2005-05-30,40.4584846496582,41.317896390205625,38.111628639063376,38.376061662854134,9489011
2005-06-06,41.086509704589844,41.15261731805,40.19404179181501,40.26015192711896,5973681
2005-06-13,41.6484375,41.87981669959568,40.888187235309964,40.98735119047619,6031916
2005-06-20,41.978973388671875,42.83838745977319,41.317887193574684,41.45010493696286,6893118
2005-06-27,42.90450668334961,43.10282956934565,41.38400600560281,41.81371315746071,5956189
2005-07-04,42.47478103637695,43.400302565751275,40.19403353472424,42.93753927922083,9107860
2005-07-11,43.83002853393555,44.09445904810346,42.60701470930957,42.64007104542493,5963086
2005-07-18,45.086082458496094,45.41662559981553,43.4003154639798,43.86307384435179,6405388
2005-07-25,45.31746292114258,46.17687199084199,44.92080714961769,45.28440659228629,6234836
2005-08-01,43.66475296020508,45.68106318721429,43.66475296020508,45.416627653463884,5561339
2005-08-08,43.63168716430664,44.92080317668628,43.49947194795029,43.86306631477386,5398374
2005-08-15,43.433372497558594,44.09445886765043,42.70617849919531,43.49948516951876,4822828
2005-08-22,42.73922348022461,43.92917560403038,42.706167153026925,43.631688834000784,4674696
2005-08-29,43.3011474609375,43.896126068374926,42.37562574311124,42.57395362681958,4012906
2005-09-05,44.55720901489258,44.59026029729015,42.97060119287958,43.13587273592911,4494553
2005-09-12,45.4166259765625,45.61495388047459,44.45805287625965,44.656380780171745,4957804
2005-09-19,44.358882904052734,45.51578375125665,43.565581483445015,45.21829697945061,4648530
2005-09-26,45.35050964355469,45.780216657014996,44.391936727416955,44.391936727416955,4580846
2005-10-03,43.89613342285156,45.94550004188124,43.89613342285156,45.61495687611231,5257999
2005-10-10,45.18524169921875,45.68105635951088,44.160561094160876,44.160561094160876,7005534
2005-10-17,43.730865478515625,45.581904334620944,43.66475784859916,45.482745411590685,7581742
2005-10-24,43.40031814575195,44.82165474998972,43.168938941268685,43.763912597457555,4901122
2005-10-31,44.19359588623047,44.65635908935252,43.532509919215244,43.73083772679408,4836006
2005-11-07,46.07770919799805,46.24298075902915,44.22667074066229,44.29277835633718,6336698
2005-11-14,47.46598434448242,48.09401412659906,45.74715643696731,46.143812134816464,6028983
2005-11-21,48.027931213378906,48.25931046027249,47.16851681784354,47.76349562677654,4127503
2005-11-28,48.91994857788086,49.58326991453009,47.89179848177848,48.422457575393935,7140207
2005-12-05,49.55009078979492,50.21341197873857,48.6546081968688,48.919937684594075,6074643
2005-12-12,49.782257080078125,50.4124101830709,48.88676942955077,49.74908899645154,5680858
2005-12-19,49.914913177490234,50.34607290811458,49.317923170528715,49.68275180276587,3579705
2005-12-26,49.782257080078125,50.97623217954954,49.616426783423286,49.91491929310638,2113992
2006-01-02,51.142066955566406,51.37422837906961,49.91492366498704,50.14708508849025,4851303
2006-01-09,51.10887908935547,51.705863870857414,50.5450522567905,51.14204209902946,5741020
2006-01-16,49.583251953125,51.57321524221363,49.4837527765229,51.142055517430094,8837440
2006-01-23,49.914913177490234,50.61140236240175,48.12394821734409,49.317923170528715,10150962
2006-01-30,49.98124313354492,50.61140120566684,48.820431225715296,49.91491203667374,7534982
2006-02-06,49.94807434082031,50.47872811517742,48.88675667063067,50.246566772600076,5249948
2006-02-13,49.682769775390625,50.21342381518939,49.4506083166824,49.848600111716536,5281041
2006-02-20,50.976234436035156,51.37422615347624,48.98627078809047,49.64959200407203,7680848
2006-02-27,53.463680267333984,53.86167191979783,50.1470747289046,51.07572529181252,13044610
2006-03-06,53.331024169921875,53.96117727000295,51.80538342345114,53.96117727000295,6875238
2006-03-13,53.92801284790039,54.35916755743158,53.26469168155838,53.69584639108958,5678946
2006-03-20,53.795352935791016,54.35917499214801,53.231530879434025,54.35917499214801,4831526
2006-03-27,53.662689208984375,53.92801871654307,52.96619988423522,53.82851951861613,4874378
2006-04-03,52.999359130859375,54.29283330595678,52.96619105016926,53.39735079544792,5661616
2006-04-10,52.36919403076172,53.16518231439976,51.87170325126466,52.933020962782045,5045525
2006-04-17,55.984310150146484,56.21647155740979,51.97121487602984,52.36920658287253,9499341
2006-04-24,55.354164123535156,56.879805238784066,55.022503451588896,55.718992886972146,6827931
2006-05-01,56.31595993041992,56.31595993041992,55.121979978528785,55.354141341191465,3996785
2006-05-08,54.425506591796875,57.012455228315304,54.193340122746996,56.31597100338309,8449960
2006-05-15,52.63051223754883,54.87939147551417,49.91171464789202,54.84582404979689,13625264
2006-05-22,52.764774322509766,52.764774322509766,49.60963077155747,52.63051485630044,10804741
2006-05-29,52.02634048461914,53.0668693429798,50.14667710231302,52.529821198986426,7079705
2006-06-05,49.273983001708984,52.19417028257344,47.7971030846979,52.02634336848156,9322702
2006-06-12,48.66981506347656,51.01939234240302,46.15241083605536,49.273993102392055,10917374
2006-06-19,49.743900299072266,50.81799161100588,48.468414625419875,48.804068480503595,5501507
2006-06-26,52.093467712402344,52.496251240156425,49.20684816210606,49.9117180552581,5068970
2006-07-03,51.22077560424805,52.42912629795644,50.7172948681185,52.12703990494706,3943261
2006-07-10,48.40127182006836,52.12703065495595,48.16631520923536,50.98580478257138,7073878
2006-07-17,49.30754089355469,50.21381024578559,47.15935863432482,48.33414692770657,6376232
2006-07-24,52.99972915649414,53.167556044414226,49.2068455868364,49.2739753176704,5842257
2006-07-31,53.06687927246094,53.570360081035815,51.89209071911955,52.798355150220004,4381003
2006-08-07,50.18024444580078,52.496253679246394,50.012417541299776,52.39556163388233,5605790
2006-08-14,52.56338882446289,52.99973468120381,49.74389374049831,50.81798491081642,6445571
2006-08-21,52.328426361083984,52.697647596735735,51.55642670381862,52.52982069356141,3556260
2006-08-28,53.8053092956543,54.57731411926507,52.02634299472625,52.294867079678376,5604854
2006-09-04,52.29487228393555,54.81227622775461,51.657126878498524,54.24166569148991,6969284
2006-09-11,52.79833984375,53.53677712458263,51.65711393549035,52.02633513674174,6030449
2006-09-18,53.40251541137695,54.34234184462293,52.29485697599998,52.99972680093446,4995670
2006-09-25,54.543739318847656,54.81226336752064,52.73121095322789,53.671037441078,5434934
2006-10-02,54.91297149658203,55.14792816548457,53.603918418402856,54.87940406316541,4478875
2006-10-09,55.65138244628906,55.85277158591246,53.83884945966558,54.71155109637342,4990174
2006-10-16,54.81227111816406,55.85279491160896,53.57035297931901,55.71853542912283,6157080
2006-10-23,55.215049743652344,56.32270830083783,54.711569046901715,55.04722284473547,5236478
2006-10-30,53.8053092956543,55.181486908318696,53.36895829781596,54.510179256773846,5243111
2006-11-06,54.57731246948242,55.987057470778154,53.83886997776825,54.006696885581334,5557679
2006-11-13,56.322696685791016,56.658350414405184,54.44303375688391,54.577298321331234,5964143
2006-11-20,54.98008728027344,56.99400985375107,54.71156324614243,56.222005176250654,5529029
2006-11-27,51.316707611083984,55.124185884175986,51.31670761108399,54.95571343971502,12443199
2006-12-04,52.05796813964844,52.69816116054624,51.04713380683973,51.51885443893608,7295668
2006-12-11,54.04595184326172,54.14703632646063,52.496008619236534,52.73186898578707,8583751
2006-12-18,52.66448211669922,54.18073397145234,52.63078557448984,54.079649486194704,6998245
2006-12-25,53.87748336791992,54.3829006795941,52.66448490472433,52.66448490472433,2107373
2007-01-01,52.96772384643555,54.551363447367265,52.93403244978499,53.87747381791804,5233149
2007-01-08,53.10248947143555,53.77637890563464,51.95687434847608,52.900320584628474,7312102
2007-01-15,53.30467224121094,53.70900501776232,52.26014633023405,53.5742291393686,7969958
2007-01-22,52.496002197265625,53.64161248972011,52.19274878476667,53.506836622855964,7566628
2007-01-29,54.686126708984375,55.629572912279514,53.304651360441326,53.641596065806155,10183829
2007-02-05,55.79806137084961,56.10130963666208,54.11333735773664,54.61875456167053,7147374
2007-02-12,58.79688262939453,59.70663279366684,54.82093194480598,55.52851826222386,12238481
2007-02-19,59.43706512451172,59.67293061531035,58.055594425646966,59.09338510450289,6983547
2007-02-26,55.8048095703125,60.11096474006034,54.78723973103586,59.504468067092596,14871910
2007-03-05,56.579750061035156,56.936910599294585,54.551341647407654,55.19153962436863,8455200
2007-03-12,54.457027435302734,57.18628289831296,53.992047017741235,56.67412526393632,10265207
2007-03-19,56.12153244018555,56.66738144267605,54.80744960405272,55.52177102868181,6161963
2007-03-26,55.96653747558594,56.50564611063426,54.83440265820346,56.14848541883937,6070113
2007-04-02,57.28062057495117,57.428877121411425,55.50155230016817,55.8991447280661,5561971
2007-04-09,57.79277038574219,57.92754624184874,56.721283306628536,57.280612878072475,5399149
2007-04-16,57.79951858520508,58.291460339288804,56.20914358808997,57.95451548183627,8203409
2007-04-23,57.765811920166016,59.3022792415321,57.14583478020587,58.02188809327065,8441713
2007-04-30,59.13382339477539,59.22816754500727,57.59061530688174,57.74561220590301,4812768
2007-05-07,57.994937896728516,59.61901431643514,56.41803868519714,59.261853647568785,6503023
2007-05-14,58.94708251953125,59.42494272023951,57.4588988466582,59.042653518027144,7221816
2007-05-21,59.12456512451172,59.72529777146292,58.71497444667098,59.213308122105,5231428
2007-05-28,59.28841781616211,60.00520561966923,58.28491697454396,59.336203322513946,6456953
2007-06-04,57.37698745727539,59.343026247120434,56.830862967092756,59.322547490178685,8514568
2007-06-11,59.37716293334961,59.650219979190766,57.01517886263506,57.96407136738149,8137503
2007-06-18,57.91624069213867,59.527301150443655,57.752405536037095,59.527301150443655,6737653
2007-06-25,58.394100189208984,58.503321889749444,56.19595812843444,57.68414090690613,7259093
2007-07-02,57.93675994873047,58.46240044863564,57.547647960735276,58.19616620465098,5359346
2007-07-09,57.59541320800781,58.28488872140514,56.400770920075715,58.025482556701625,6903790
2007-07-16,56.05944061279297,57.82068058955779,55.991171177412504,57.68415213525024,6992267
2007-07-23,55.30170822143555,57.41110300451391,53.943225315127926,56.01849058102282,10378741
2007-07-30,54.75558853149414,56.5168342649962,54.530311824323995,55.17883520482334,9844044
2007-08-06,55.431396484375,57.615888222815094,53.80668495304297,54.27088899174165,11470132
2007-08-13,53.861305236816406,56.298375446443714,52.605221416762326,55.6635081544453,11014097
2007-08-20,55.096893310546875,55.97751583092294,53.66332382481483,54.40741269383825,6548340
2007-08-27,55.970703125,56.284722796491764,53.58824624697335,55.3767985062292,7231676
2007-09-03,53.92275619506836,56.202819804249515,53.68382869919443,56.17551306068838,6514493
2007-09-10,54.74192810058594,55.01498504603272,53.24691684559605,54.1207115707715,6716243
2007-09-17,56.53730010986328,56.7898835003736,53.51314824239882,54.78288276424701,8420722
2007-09-24,57.3906135559082,57.44522702309616,55.704460516125074,56.796703818749705,6604120
2007-10-01,58.70134353637695,58.796914561738014,56.86501008488489,57.17902991224698,6288457
2007-10-08,58.36681365966797,59.151865411355786,57.82751732952117,58.708140055338546,5016808
2007-10-15,59.9505729675293,60.87898125846637,58.810543960117485,59.5273263263519,10258892
2007-10-22,60.230445861816406,60.407931801661626,57.957211277502786,58.55794373714144,7762833
2007-10-29,58.796897888183594,61.0018692525427,58.16203042361706,60.39430853151146,7574643
2007-11-05,55.82052230834961,58.96755242301276,55.34266738760537,58.353169012978164,9035585
2007-11-12,55.137882232666016,57.022006029549274,54.46205719995814,55.567956969304035,10398291
2007-11-19,54.803367614746094,55.64985565414535,52.99433659817074,55.29487847898685,9397736
2007-11-26,56.86884689331055,57.25281620224315,53.58452303672056,55.627794266328515,9343115
2007-12-03,57.82876968383789,58.28130942090052,55.42209820244299,56.93741161964367,7206768
2007-12-10,56.83455276489258,58.898397939144004,56.354591203991625,57.252807224187116,6602610
2007-12-17,56.22431945800781,56.80713147932249,55.02441020128204,56.22431945800781,9201263
2007-12-24,56.820838928222656,57.32136949752445,56.09403330431134,56.73855756574541,1815403
2007-12-31,54.24275207519531,57.54764458476074,53.96848607303945,56.98540163437621,4845262
2008-01-07,50.169921875,54.99698631084193,49.504828439450556,54.160477257107146,13900400
2008-01-14,48.0717887878418,50.91043055803727,47.392984511800805,49.81337182120619,15631409
2008-01-21,47.84552764892578,49.29913400894027,42.47679171977279,47.30385365483344,22994346
2008-01-28,48.798587799072266,49.02485762822625,46.035369387926046,47.07757908095672,11381764
2008-02-04,47.24899673461914,50.02592621244595,45.59654790121357,49.77222925066989,14456258
2008-02-11,47.310699462890625,49.19627081829569,46.295916940804325,46.631895239677526,8596149
2008-02-18,48.23635482788086,48.84659402172351,47.17358111364674,47.92780880175893,6725608
2008-02-25,46.782745361328125,50.27276428042336,46.41933991449016,48.68888589478645,9796259
2008-03-03,45.33600616455078,47.03644622688249,44.90403544367296,45.59655603006572,8221976
2008-03-10,45.397701263427734,46.899303407754815,44.67090088326752,45.23314377250602,11207181
2008-03-17,44.65034484863281,45.253725978450476,43.55328325555585,44.211521257639994,14106369
2008-03-24,47.64668655395508,48.6203312979215,44.650344720715424,44.650344720715424,7748983
2008-03-31,48.99058532714844,50.73902685867328,46.78960924926499,47.40670656810846,9242168
2008-04-07,45.68567657470703,49.573385741112254,45.349703516786434,49.566527653468285,8686188
2008-04-14,48.41462707519531,48.62718076537807,44.821757223102004,45.26058078223449,9629160
2008-04-21,49.66938018798828,50.1287726873952,47.365554371825255,48.58603246574255,7475612
2008-04-28,51.308128356933594,51.945794718851865,49.05229800630207,49.6419682003852,5476305
2008-05-05,50.39619064331055,51.87036597367248,49.43626215624771,51.301264878269365,5709920
2008-05-12,52.39830780029297,53.03597390095469,50.396175289187205,50.40303337640812,7452779
2008-05-19,50.322174072265625,53.66769483857701,50.23156819010603,53.13798623177333,5531082
2008-05-26,52.42008972167969,52.58039814813247,50.2594435293033,50.2594435293033,5069435
2008-06-02,50.733394622802734,52.51766945093841,50.412783071969514,52.5106981318277,6555931
2008-06-09,50.39187240600586,50.6706613485235,48.85850663436772,50.48247828056827,6015434
2008-06-16,47.67362976074219,50.803081383676506,47.17877255710881,49.86912688267875,7668445
2008-06-23,46.03572463989258,48.05000488159156,45.31086175480027,47.401810544181174,8024950
2008-06-30,44.119022369384766,46.858168368851686,43.74962223855735,45.84753985119745,10032432
2008-07-07,42.376556396484375,45.059941941977236,42.376556396484375,44.29325921807418,9253713
2008-07-14,46.52362060546875,46.69786637552669,41.46352461284927,43.07355382656574,11947089
2008-07-21,48.71910095214844,49.206986806843034,45.617524163553654,46.760575581029855,7638048
2008-07-28,48.53789138793945,50.1130743170934,46.44694257346455,48.37758828999542,7918141
2008-08-04,50.63579559326172,50.63579559326172,47.778167509188954,48.2730246015175,5617400
2008-08-11,50.45458984375,52.02977262853964,48.928195647457684,50.74035537463246,7135600
2008-08-18,49.54155349731445,51.297948338190544,48.09182756409582,50.05034811544975,5347791
2008-08-25,50.684600830078125,51.4024924157189,48.105760731907324,49.45790935266476,4774551
2008-09-01,48.39849090576172,52.629176601313326,48.09181674950888,50.38489096886043,7548121
2008-09-08,47.70151138305664,50.5800488460641,46.502699944110766,49.34639145264877,9331289
2008-09-15,47.492427825927734,47.91061662080747,44.53722098221072,46.62119895427869,15663677
2008-09-22,44.265384674072266,48.440313590827905,43.84719597996516,47.359987923289935,10804492
2008-09-29,42.10821533203125,44.70099212691709,40.773492668949444,44.404772318111476,11473007
2008-10-06,35.915523529052734,40.79092022383378,31.43392382551965,40.35182030686829,22685364
2008-10-13,38.07966232299805,41.69351987776959,34.849147517947095,37.49419653834538,19234271
2008-10-20,33.72003936767578,40.74214385000867,31.932276213627286,39.21574932935634,13951108
2008-10-27,36.14902877807617,37.33738355230259,30.391947022238995,32.0298588629381,13721308
2008-11-03,34.90266799926758,39.889766112118416,34.35244026433038,36.60241856709668,11288912
2008-11-10,28.972827911376953,36.167845872279564,28.74152330388246,35.74729058202121,14061085
2008-11-17,27.472843170166016,29.827959142575125,26.705326980811645,28.85016531436106,13298181
2008-11-24,31.503192901611328,32.47839070090427,28.019326947376104,28.4079929713597,11314499
2008-12-01,29.298397064208984,32.20279726862961,28.761331625614915,31.743462892892154,8689396
2008-12-08,32.973060607910156,35.05065926248933,31.008528491762792,31.404260028414686,10902878
2008-12-15,33.22746276855469,34.259195323832216,32.23812848262998,33.42532854745201,7841209
2008-12-22,32.506656646728516,33.53838901506526,31.24172305632901,33.17092213818124,2637945
2008-12-29,34.20266342163086,34.20266342163086,32.19573023415138,32.64446232464704,2994992
2009-01-05,32.50312805175781,35.25912874621198,32.280529053218594,34.640795498995125,6248371
2009-01-12,28.800199508666992,32.61266633386119,28.171266633861592,32.4748665554811,12471181
2009-01-19,29.019262313842773,30.114597676083882,27.61653140841024,28.08999672594644,10072467
2009-01-26,30.248857498168945,32.39359005830942,28.747191297366776,28.747191297366776,8322509
2009-02-02,35.34746170043945,35.76792916681378,29.157061117224064,29.6799955584173,11913970
2009-02-09,34.333396911621094,35.757329712385186,33.18506365994435,34.979997512614766,8750890
2009-02-16,32.33706283569336,34.202664947509575,32.04732963388616,33.84579755522975,6713175
2009-02-23,32.068538665771484,33.49600585968887,31.31947092171985,32.860004690614865,6404970
2009-03-02,31.602127075195312,33.39705795533802,30.55626096767538,31.153392333370537,9542860
2009-03-09,34.195594787597656,35.26266281467413,30.2099957761628,31.75759458932492,10690162
2009-03-16,34.63726043701172,35.61246102856281,33.21332777336239,34.69379505482637,8519540
2009-03-23,33.079071044921875,35.24146954243112,32.835270157175366,35.19200308632598,6431553
2009-03-30,36.640655517578125,37.357924251505494,31.69399021051816,32.28052467658594,7978700
2009-04-06,36.71133041381836,38.03279620118526,34.54892964708412,37.06466371386335,4965967
2009-04-13,37.70066452026367,38.760664490232315,36.2060660722107,36.7113328323912,5328743
2009-04-20,40.919532775878906,41.01140019803215,36.11066585769041,37.89146619445785,15421342
2009-04-27,40.555599212646484,40.93719985626906,38.68999966033972,39.22706513617494,5593088
2009-05-04,42.657928466796875,43.0995950707963,40.56972746914246,40.760527765556496,6524237
2009-05-11,41.00079345703125,43.03599387099508,39.64399228248238,43.03599387099508,5927082
2009-05-18,42.311180114746094,44.44657740620813,41.67272344272947,42.1813246137255,5578089
2009-05-25,42.224605560302734,43.21295045689309,41.120836615984786,42.311177724086406,3994966
2009-06-01,42.56367492675781,44.587253251485926,42.36889167736241,43.133595980323015,7376660
2009-06-08,42.881107330322266,43.23099568342213,41.54648443391337,42.347259272555796,4569990
2009-06-15,40.82505798339844,42.80174515598012,39.59503857313298,42.664673930207336,6898205
2009-06-22,39.06840896606445,41.22545099388585,38.85919974088515,40.998205209573875,5880223
2009-06-29,39.60585403442383,40.752908901597614,38.848362842296694,38.95657665602674,4988351
2009-07-06,38.58145523071289,40.34171511450415,38.05482013538181,39.17301809133097,4201820
2009-07-13,41.64746856689453,42.20296086059782,38.278447200346456,38.386658269306764,4188874
2009-07-20,45.11749267578125,45.44934437102816,41.75568413873408,41.93603867988895,5219967
2009-07-27,45.658565521240234,46.66133653227962,43.660236471388075,45.71627755503052,7221741
2009-08-03,45.954349517822266,47.21682888031931,44.76400813764925,45.7379245628797,6002369
2009-08-10,47.33946228027344,50.08084802292411,44.554784952736966,45.72348436916231,6178565
2009-08-17,47.23124694824219,47.51259958515529,44.7495667621536,47.216815503076376,5220761
2009-08-24,48.609161376953125,49.90050074938607,46.27898343146722,47.2456812778336,6111642
2009-08-31,46.93548583984375,49.63359499220342,46.25014046656797,48.01040336751054,5047585
2009-09-07,50.06643295288086,50.477641178768835,47.14468652937129,47.24568465474834,5038148
2009-09-14,49.41716003417969,50.477645954966924,49.128591575518755,49.41716003417969,5723696
2009-09-21,49.128578186035156,50.434348867204896,48.05366661206435,49.013154136419736,5752707
2009-09-28,47.685752868652344,50.463212475606866,47.28176034516378,49.04923313941157,5171193
2009-10-05,52.266746520996094,52.48317418313876,47.18075150048444,47.26010794300448,6107793
2009-10-12,52.266746520996094,53.68794125923882,51.2928330493223,52.38939179833511,6207380
2009-10-19,51.94210433959961,54.74842036985097,51.88438956937737,52.52645125214541,7314418
2009-10-26,50.968196868896484,52.56253042848209,49.950994566219514,52.28117777114252,5924323
2009-11-02,52.68518829345703,52.81504383405104,49.150236803051946,50.58586347517075,5548615
2009-11-09,54.25064468383789,55.145207185774574,52.764525001176715,52.952095268225875,5173124
2009-11-16,51.696842193603516,55.40493211465351,51.60305428448135,54.827795226465035,5969965
2009-11-23,51.41832733154297,54.15889726336548,49.99003953931333,52.70885979412995,5533564
2009-11-30,53.8688850402832,54.12264044798581,50.28729132985689,51.42557032851118,7810773
2009-12-07,53.37586975097656,54.36914166358687,52.01283128299907,53.723875571111364,5316026
2009-12-14,54.492408752441406,55.82644052016308,53.3613758064885,54.11539592663918,7457819
2009-12-21,56.47895050048828,57.47222245034619,54.52864868073922,54.52864868073922,2719601
2009-12-28,56.826961517333984,57.31997443552868,56.29044924888648,56.55145641331035,2656916
2010-01-04,58.77726364135742,59.08902189223102,56.38469980614581,56.99371836826205,7100636
2010-01-11,57.573753356933594,59.451549648035225,57.356245474907475,59.08904019896184,5467991
2010-01-18,56.38468933105469,59.6690279583796,55.536418968170906,57.75497945838172,5549291
2010-01-25,57.32722473144531,58.610505314758804,55.6089285307139,55.94968818301304,6127620
2010-02-01,54.28217697143555,59.62556370248587,53.78916380792438,56.5732342384889,7295821
2010-02-08,55.405921936035156,57.26197337544964,54.34014367338595,54.8766614379617,6443225
2010-02-15,57.675235748291016,57.841986939969594,55.253670583949486,55.97143749774913,5693753
2010-02-22,57.71146774291992,58.508986934797036,55.420412308175564,58.001476230362094,4974938
2010-03-01,63.05488204956055,63.06937999083043,57.870996841552184,58.00150043879764,6409380
2010-03-08,62.648868560791016,63.004126175203396,61.30033333544184,62.808368028468415,5344453
2010-03-15,62.80112838745117,63.79440057074106,62.03985645983905,62.63437163508082,4903640
2010-03-22,63.22163391113281,63.787153192605906,61.612096903946004,62.489368943264324,4086377
2010-03-29,64.23665618896484,64.27290933681455,62.358860397169735,63.47538986720483,4236445
2010-04-05,64.08441925048828,64.81668987826319,61.1988471656373,64.2366725536277,4948538
2010-04-12,63.460880279541016,66.96272161651387,63.272373885506326,64.59915931600459,9040445
2010-04-19,64.5048828125,64.52663247774123,62.43858164281758,63.018592997904214,6086391
2010-04-26,62.96063232421875,65.614203887934,60.9885857598652,64.97618931106561,7362439
2010-05-03,57.64622116088867,63.714622326496084,56.73994805668665,62.474841383721966,9836221
2010-05-10,63.84512710571289,67.06421100396804,59.55301892900745,60.836304766912804,11347690
2010-05-17,61.64313888549805,65.6623828604786,59.09614569766895,63.85151506622523,9442633
2010-05-24,63.24791717529297,64.69072283637576,58.91950019204462,61.83455721539881,7538984
2010-05-31,64.2416763305664,66.5457529700687,61.58426817703139,63.21110502058271,6061138
2010-06-07,67.65731811523438,68.44497241674074,62.73263521527583,62.85041241091559,8176953
2010-06-14,68.74673461914062,69.19577145768247,66.86225583194192,67.7308838259519,7657935
2010-06-21,66.83284759521484,71.37474145059153,66.33228193487525,69.93193586871693,6711694
2010-06-28,62.51177978515625,68.80565542644604,62.46025122177623,67.37757007535377,7959479
2010-07-05,66.17768096923828,66.56782657029589,62.46760792128149,62.62955642349974,5129860
2010-07-12,65.86851501464844,68.30508872617354,64.92626961694302,66.07462926483046,5144175
2010-07-19,69.26941680908203,69.65220526047086,64.43307191348164,65.45628603300585,5443190
2010-07-26,68.91609191894531,70.22639480177783,67.46592335214972,69.99819200959696,7034518
2010-08-02,70.39569091796875,71.93419638198596,69.04858530360423,69.13691678351437,5097500
2010-08-09,68.93079376220703,71.69862731076867,67.70882831023162,71.39681314952536,4172509
2010-08-16,67.92230224609375,70.84472158759506,67.61313086198432,69.16635622678128,3994677
2010-08-23,67.48062133789062,69.07801228004645,65.60350473543667,68.0032697542378,4870439
2010-08-30,72.36849212646484,72.48627489575712,66.07462281743729,67.72354227418823,4484607
2010-09-06,72.79544830322266,73.14142817758119,70.71221184592592,72.43474839038133,4229841
2010-09-13,74.23825073242188,75.08479612570488,73.09725965120694,73.2297624572529,4925132
2010-09-20,77.88207244873047,78.02929528770244,74.34866815149006,74.56950802613933,5391414
2010-09-27,77.40360260009766,80.6057476149889,75.67370868319708,78.0661167174319,5157048
2010-10-04,80.75298309326172,82.0412030052448,76.66748902783127,77.29319471898442,4398943
2010-10-11,82.37246704101562,82.74052989140783,79.72241564143037,80.93701855476996,4717673
2010-10-18,83.40302276611328,84.10233975612064,79.31752392754485,81.74674036391396,5095445
2010-10-25,82.8877182006836,87.8933731239155,81.63630727797114,84.65442026865904,5556102
2010-11-01,87.67256164550781,88.70313865351754,82.44607078169265,83.47664778970238,4050203
2010-11-08,85.46416473388672,87.96699241969372,84.43358796723777,87.56212117044863,3804866
2010-11-15,87.89338684082031,87.89338684082031,84.39679067533862,84.76485342959985,3771518
2010-11-22,88.22462463378906,89.51284403366222,85.61138293518948,87.89337046315518,4843871
2010-11-29,90.11279296875,91.7788060276157,86.11436614682198,88.70594201616863,5448335
2010-12-06,89.9647216796875,93.25972362967983,88.7429774159282,89.74258430475378,4374848
2010-12-13,91.22346496582031,92.18605251277707,89.15020773657118,90.18683917578917,4247334
2010-12-20,94.77761840820312,95.55509331888243,91.14941157367684,92.11199902030967,2550139
2010-12-27,91.14942169189453,94.70358503641343,91.00133390636745,94.29633515243361,1412934
2011-01-03,88.37271881103516,92.81541943646653,87.113955893504,92.18603797770095,4185988
2011-01-10,86.44755554199219,90.52003139193614,85.55901761622441,88.11356838969652,5180423
2011-01-17,83.15257263183594,88.59488131709533,82.11594106102758,87.29909326588178,5969617
2011-01-24,84.26322174072266,86.81777226847906,82.634228167922,83.48574689356941,4681508
2011-01-31,84.4483413696289,87.18800464881306,83.18957273253342,84.41131660267251,6183907
2011-02-07,88.40975952148438,89.74256655998695,84.52239577310793,84.63346443861323,5043076
2011-02-14,86.07733917236328,89.22425264748195,85.70711405764345,88.96509619701544,3883764
2011-02-21,84.55941772460938,86.55863682303209,82.11593524767564,85.81818656047267,5009290
2011-02-28,82.59720611572266,87.2250189718437,82.26400020057056,84.37428173312465,4964123
2011-03-07,81.44953155517578,85.78116460349993,80.89419384002686,82.18998184204102,5821071
2011-03-14,78.11750030517578,79.9686259048245,72.31977357127113,79.22817566496501,14517072
2011-03-21,81.22740173339844,82.0789207720057,78.89498763307526,79.15414412764585,5452414
2011-03-28,83.67089080810547,83.7819594921131,80.6720645858389,81.44953972470444,4154343
2011-04-04,82.33807373046875,85.2628558984082,81.81976076358715,83.59684267019037,4400044
2011-04-11,82.93041229248047,83.41170599365796,81.04226225293263,82.04187442044973,3461625
2011-04-18,88.33572387695312,88.483811678665,80.70908345585343,83.15257172841207,4431581
2011-04-25,89.7795639038086,90.07574503827678,87.5211891088222,88.33568864090599,2799490
2011-05-02,89.00211334228516,90.55706330892342,86.44756236712824,90.55706330892342,3973360
2011-05-09,89.40937042236328,92.00094637663467,87.44717607000605,88.59487625228687,4351164
2011-05-16,89.18766784667969,91.06057136537814,88.3261310849488,89.89936889752592,4316809
2011-05-23,88.66325378417969,89.37496056955456,86.64052021658397,88.17629771327017,4116069
2011-05-30,88.58831787109375,91.02309193520415,87.87661696938171,88.58831787109375,3261516
2011-06-06,86.00373077392578,88.70071066351049,85.77898006827378,88.51342031401644,3437288
2011-06-13,84.46794128417969,88.17628763966519,83.00707895399388,86.26592964754893,5129318
2011-06-20,87.08999633789062,89.03781446769473,83.45656537574025,83.90606098790323,4929997
2011-06-27,94.28197479248047,94.76893091660463,86.3034035761346,86.90273506977184,4991493
2011-07-04,95.0685806274414,97.3535194157608,93.49534286657526,94.20704389402849,4911462
2011-07-11,93.38296508789062,94.73145211257803,89.44986793016903,93.98229074920249,4798425
2011-07-18,96.8291244506836,97.24116556439277,90.910747422367,92.63382116887075,4239200
2011-07-25,95.85519409179688,99.3762502109842,93.5702553644596,96.45452546834466,5050829
2011-08-01,86.30339813232422,98.6271018954199,82.07064044473007,96.64182859372639,8589374
2011-08-08,85.96627807617188,87.61443101228794,76.78905013339971,85.06728660477192,12885768
2011-08-15,80.53485870361328,88.5508842138996,78.88670574198477,86.90273125227108,6693216
2011-08-22,82.89470672607422,85.21710582973301,78.92414917917704,79.44856556751785,6140318
2011-08-29,85.51677703857422,89.86190983514756,83.98099384486288,84.35557455399754,5140886
2011-09-05,83.38164520263672,86.79032528869827,80.83449593807269,83.56893550568338,5656811
2011-09-12,87.35220336914062,87.68932937168934,78.96159939006985,80.68466689016901,8335004
2011-09-19,78.99906158447266,86.86525571100354,76.564287211975,83.94353103652433,7396084
2011-09-26,74.65393829345703,83.11945909686993,73.45528113813685,78.10007975837061,9425736
2011-10-03,80.38501739501953,80.60976237693222,70.54103743727495,73.36537329107615,9472313
2011-10-10,85.70405578613281,86.60304708004527,80.42246621636716,81.24654252172812,5962367
2011-10-17,86.4532241821289,87.05254985526366,82.93216227541534,86.71542952135334,5401154
2011-10-24,91.99700927734375,93.94482750047509,86.90271018701831,87.05254015970262,4990877
2011-10-31,86.4532241821289,91.1354827955929,85.59168745412198,90.87327745636847,6280318
2011-11-07,87.65189361572266,88.28867973390375,84.13083692767526,85.70407490072519,4725417
2011-11-14,84.20574188232422,88.13883920332754,83.56895584014849,87.72679815010613,3997615
2011-11-21,80.98434448242188,83.60640932691244,78.69940569018304,83.60640932691244,4949688
2011-11-28,87.7148666381836,89.4880262317962,82.50856372510202,82.69719784690457,8400457
2011-12-05,86.35670471191406,89.18621673729339,83.56492181620258,88.77122509423192,4528463
2011-12-12,78.5472412109375,86.35669211003356,78.16997299594101,85.63988480420268,6824042
2011-12-19,81.7917709350586,82.84812335665964,77.86817704863434,77.86817704863434,4958004
2011-12-26,82.54627990722656,82.77263736389834,80.32039416502576,81.7917435383427,1711328
2012-01-02,82.16905212402344,85.56446745347351,81.48996790680172,82.88585972424396,3981621
2012-01-09,85.86624908447266,87.82804267508084,81.90493277863344,82.58401096859521,5434514
2012-01-16,90.9593734741211,90.9593734741211,85.0362575979876,85.52670745327116,4867971
2012-01-23,92.46847534179688,93.86436709232078,90.05395443594371,91.14803611031189,3973106
2012-01-30,97.56158447265625,97.78794775483196,91.1480233864618,92.05346500184982,6145451
2012-02-06,93.29844665527344,97.37294522448829,92.50618096579993,96.95794781444843,5037457
2012-02-13,94.5434341430664,96.05250727699143,93.10981351450619,93.75116844509289,3487936
2012-02-20,95.33570861816406,96.58069529477994,94.5434485560689,95.29798523805935,3022730
2012-02-27,97.44839477539062,98.01429721081871,93.37390184563422,95.07160915191848,3405474
2012-03-05,97.86335754394531,98.24062570064002,93.71340782030353,96.95791627054011,4116082
2012-03-12,102.16424560546875,103.22060369732073,97.63702624605392,97.82566038602954,4761550
2012-03-19,96.84476470947266,101.82469871841003,95.93931745240131,101.78696959061914,3595122
2012-03-26,97.2220458984375,99.78746574322082,94.84524869108265,97.33522178355756,4273163
2012-04-02,97.3352279663086,99.78747208173885,95.33570469008775,97.5615912642422,3892785
2012-04-09,95.93933868408203,98.391577103448,94.01526787407703,97.3352303714102,4793832
2012-04-16,94.49148559570312,100.69392384269227,93.0748802309712,97.82242411333793,9487554
2012-04-23,96.67383575439453,97.40128010244635,91.19884111553127,93.76404667802358,6591832
2012-04-30,96.29094696044922,100.5407684275438,95.56350277948877,97.20982443556564,3547613
2012-05-07,94.45320129394531,97.86071798085214,93.036595858751,95.52522908131017,4254845
2012-05-14,91.69656372070312,95.71666359154815,91.2754080640677,93.49603582780793,4887385
2012-05-21,90.58624267578125,95.06578086478562,89.5142149944781,91.6965535130104,5049728
2012-05-28,86.25984191894531,93.80231240070867,85.91525849059244,91.19881847994638,5591879
2012-06-04,91.39026641845703,93.76403843411539,84.9963946555755,85.80041694185267,5629033
2012-06-11,90.54796600341797,94.22348831332808,88.48048835539458,93.41946598238472,5314519
2012-06-18,89.36104583740234,93.34286125786878,88.86332402166371,91.46681175410453,4118279
2012-06-25,91.77314758300781,91.77314758300781,86.94903062823236,88.86336414411522,4532889
2012-07-02,92.46228790283203,95.37207652563345,91.88798797796971,92.57714905622068,4048846
2012-07-09,91.00740814208984,93.03660270278927,87.17874136419728,92.27086934721076,4903530
2012-07-16,92.65373992919922,94.95094009273308,89.2462286901235,90.77769546581274,4677087
2012-07-23,95.25721740722656,95.64008403198063,90.27995128542378,91.2754010045357,5745878
2012-07-30,98.16700744628906,98.16700744628906,92.76859114677191,95.71666320507182,4743487
2012-08-06,103.10597229003906,103.25912827972064,97.74584564978842,98.24357340584965,4676751
2012-08-13,102.14881896972656,103.37399694046397,100.61735234838636,102.6848416345261,3048617
2012-08-20,101.00021362304688,102.83798048124797,99.50703608362016,101.84252489357601,2504145
2012-08-27,99.39217376708984,102.22538432927102,98.24357394316544,101.11507350297643,3014335
2012-09-03,101.7276840209961,102.60827273272324,97.78415011069522,99.31561686790005,4136597
2012-09-10,97.0949935913086,102.60827151498232,94.41492679800682,101.38309345009307,6656177
2012-09-17,93.84061431884766,97.24812502420178,93.68746416001751,97.20983602397393,5573566
2012-09-24,89.5907974243164,94.22348629462863,89.5907974243164,93.87890279928618,5092652
2012-10-01,93.49603271484375,93.57260487475119,89.59079413875038,89.89708862046152,4143689
2012-10-08,94.07032775878906,95.14235546768623,90.3565226976819,93.3428835145808,4590797
2012-10-15,96.32925415039062,98.77959844156582,93.26632086538083,94.22348751694639,5229734
2012-10-22,95.71665954589844,96.90354846110009,92.50058212198876,96.09952618408202,3581866
2012-10-29,99.54534149169922,99.54534149169922,94.3000688968992,95.10408545754439,3340958
2012-11-05,96.86526489257812,100.08134249684294,95.41037041747487,99.54533151015934,3452011
2012-11-12,94.7212142944336,98.01387007924086,94.60635896410001,96.90355904408223,3273042
2012-11-19,99.96649932861328,99.96649932861328,95.2189486663433,95.48695419227478,3363448
2012-11-26,104.15400695800781,106.238640782481,99.63732782744032,100.06197589468684,4639539
2012-12-03,106.66329193115234,107.47398166684762,104.26984102226032,104.46286182689943,3200031
2012-12-10,106.4702377319336,108.09161669477575,105.54374051647434,106.16140925379761,3177189
2012-12-17,108.09162139892578,108.28464215142387,105.69815935552886,106.39304113315302,3653642
2012-12-24,106.39305877685547,108.40046786710332,106.16143147923549,108.0916393243125,1206712
2012-12-31,109.5199966430664,110.29207977264444,105.96840953458597,106.04562255996522,1932576
2013-01-07,106.43169403076172,109.6358352064137,104.81031429063846,109.17258048607651,2943956
2013-01-14,109.21117401123047,110.71673400154825,104.6558875213345,106.2000540305949,2981171
2013-01-21,108.7479248046875,108.82512605702887,105.96842053719168,107.93723507824664,2837001
2013-01-28,107.97584533691406,109.21117144668054,105.00332016396787,109.21117144668054,3892303
2013-02-04,102.76427459716797,108.16885678494576,100.52522633645606,108.13025027025078,4832214
2013-02-11,102.68704223632812,103.84516677282807,100.9498554315782,102.14658647550522,3322256
2013-02-18,102.26239776611328,103.96097812239138,99.63732010468826,102.3782172924144,3382235
2013-02-25,101.45171356201172,104.5786524403795,99.67593187550563,102.49403044848533,4077073
2013-03-04,105.54377746582031,105.6595970214565,100.02338696443468,100.75686369257568,3453131
2013-03-11,103.61356353759766,105.736792346897,103.38193622037222,105.27354949350091,5114262
2013-03-18,101.02708435058594,103.96099088008006,100.02337390473349,101.49032716948055,4205046
2013-03-25,103.38191223144531,103.99958100703655,99.67592314000196,101.95356570525836,4098285
2013-04-01,100.29358673095703,106.3930500921421,100.10056596220534,103.38191903098406,3786539
2013-04-08,101.02708435058594,103.38192852067141,99.63733233179438,100.75685053710701,3257911
2013-04-15,95.1978530883789,101.52893245158242,92.92020430134669,100.94987009919697,6332737
2013-04-22,101.19176483154297,101.85776267743734,94.84524986883856,95.58959266651812,4388258
2013-04-29,105.9321060180664,105.9321060180664,100.99591810196432,101.70109463603004,2789405
2013-05-06,105.26611328125,106.04963474384036,104.20835452451753,106.0104562795931,2251335
2013-05-13,110.9858169555664,110.9858169555664,104.01248030845915,105.22694103839521,4304500
2013-05-20,107.73422241210938,112.3178286569701,106.24553612101484,111.26006969105113,3420226
2013-05-27,107.06818389892578,110.47650643281096,106.12796070338088,108.40017971116652,3267645
2013-06-03,103.93411254882812,107.96925507276511,101.93614247368909,106.63727103747635,3264082
2013-06-10,98.56697845458984,104.87432708824241,97.31333963657207,104.24750767923354,4107695
2013-06-17,94.88444519042969,101.15262268835525,94.88444519042969,98.56699954518338,5207105
2013-06-24,97.54843139648438,99.70311562411756,92.29883948755057,96.05973928001518,5169035
2013-07-01,97.97933959960938,100.64330720049269,96.76487921030613,98.684503977612,3922081
2013-07-08,104.40422821044922,105.46198689950697,98.76287643184648,99.23298808376438,3859064
2013-07-15,104.1691665649414,105.73620934728152,102.17118462634024,104.91350949543543,3076328
2013-07-22,105.81455993652344,107.96924363330142,101.27013374856521,104.44339758402835,4772285
2013-07-29,110.2022933959961,110.3198287934999,104.91352330923418,106.55892322957357,4394664
2013-08-05,108.94863891601562,110.67238338109958,107.42077477549998,110.31980118799385,3356455
2013-08-12,110.39817810058594,111.26005656040239,108.24349390663448,109.53631159635916,2568412
2013-08-19,108.90949249267578,110.67241593230541,107.81256713469767,110.3590121030516,2541516
2013-08-26,103.85577392578125,110.00641033256451,103.6990720218637,109.22288885738787,3116464
2013-09-02,107.53832244873047,107.53832244873047,103.62071507354902,105.148579558752,2826307
2013-09-09,110.9858169555664,112.00439730827372,108.32184860749136,108.90948973917757,3391605
2013-09-16,116.0003433227539,117.56738609116508,111.57344032863986,112.04355794139822,5404538
2013-09-23,114.43329620361328,116.90138368778969,113.53223947268232,116.39209958965395,3086667
2013-09-30,114.94258880615234,116.19622784820778,112.7487264603493,113.29720101349103,3224665
2013-10-07,114.55081939697266,115.0209369909233,112.04355345893897,113.84565496163373,2743056
2013-10-14,110.47652435302734,114.47248852675523,105.77539565715384,113.92401394776584,6101251
2013-10-21,109.02702331542969,110.67242341929794,108.08679980847235,110.63324494909337,3561854
2013-10-28,110.63322448730469,111.73016167220013,108.94865818038558,109.69300115424313,2561722
2013-11-04,109.22289276123047,111.69099266960501,107.6950282211449,111.18169651918359,3190369
2013-11-11,109.96722412109375,110.43732974862031,107.8517069526705,109.61462995596536,3114846
2013-11-18,109.69300842285156,111.84769251687186,108.43936925864047,109.41877111955878,3031748
2013-11-25,109.6424331665039,112.48721463391809,109.6424331665039,111.42041856920396,3064469
2013-12-02,102.96512603759766,109.84000141228697,101.81931548477223,109.48440669696001,5627533
2013-12-09,100.55496215820312,103.87386615973604,99.60670559458464,103.32071750243662,4963868
2013-12-16,102.57002258300781,103.7158331857024,99.96230779421984,100.35741573016537,5647988
2013-12-23,104.58507537841797,104.58507537841797,101.26615907312457,102.92561722577126,1720232
2013-12-30,103.51828002929688,105.25675254953912,103.3997524706789,104.62457743552265,1878874
2014-01-06,99.40914154052734,103.79484126658822,96.52485291169518,103.71581487025966,6506545
2014-01-13,100.12034606933594,102.09588569997689,98.3818736059193,100.12034606933594,4768135
2014-01-20,98.14479064941406,102.64901787109957,97.74968278684982,99.96228922875666,4816142
2014-01-27,104.42700958251953,104.42700958251953,95.61610853635472,97.71018154065177,8916625
2014-02-03,106.04694366455078,106.08645686077584,101.38467589562542,104.58505186610077,5688874
2014-02-10,106.52110290527344,106.71865687503184,103.873874887416,106.40256328877597,4201015
2014-02-17,108.61515045166016,108.8522175838981,106.28401644308016,107.07423217871646,3386210
2014-02-24,106.56061553955078,109.64245262816647,105.41479287490439,108.25957484727067,3846044
2014-03-03,104.03190612792969,105.73087734695963,103.20218917709195,104.70359438671255,4316473
2014-03-10,100.15984344482422,104.78261027306398,98.77696592191737,103.8343417540255,4175156
2014-03-17,101.8983383178711,102.68855422116243,99.68573740597667,100.35741971800053,4585596
2014-03-24,105.69135284423828,105.88890677478827,100.9895717086958,101.93782816378871,3465938
2014-03-31,105.61233520507812,106.71864454252139,104.22945757657605,106.00744309893585,3602435
2014-04-07,111.57847595214844,112.56624576769107,104.18996496653175,104.98018081896585,6972295
2014-04-14,114.30182647705078,114.98267617730491,111.57845212042803,111.57845212042803,3870240
2014-04-21,113.70112609863281,114.98272172840056,113.46082539027616,114.30187175842363,2943750
2014-04-28,112.77996063232422,114.18170016946056,111.81877025129904,113.74115101334937,3190665
2014-05-05,113.62102508544922,114.38196708363677,111.25808256479203,112.77997878336791,3010557
2014-05-12,115.14288330078125,115.86377298561128,113.50084321622614,113.70109170892316,4057514
2014-05-19,114.66229248046875,115.50333867089401,113.14040868613665,115.1428937956258,3204362
2014-05-26,116.90505981445312,117.18541257445645,114.06152896289433,115.1028235000817,4241516
2014-06-02,114.74239349365234,117.22547984731597,114.30184433771863,117.02523134209144,3478707
2014-06-09,115.66356658935547,116.74491373236125,114.42203526052974,115.26306945819815,2533577
2014-06-16,116.70481872558594,117.90630967791975,114.86253015423446,115.50332777325211,3403238
2014-06-23,112.41950988769531,117.345617971689,111.77871225979253,117.30556582828291,3468369
2014-06-30,112.82003021240234,114.02152142990523,111.49838253982874,112.90012229358211,2817610
2014-07-07,111.6185073852539,113.34063942043103,110.457056426156,112.81999826250228,2647415
2014-07-14,110.85758972167969,112.61978669700738,109.29565351373125,111.65858390239183,3203851
2014-07-21,105.45085906982422,113.70110001616031,105.01032213146269,110.73742455215192,5219130
2014-07-28,102.72748565673828,106.41206313057695,102.00658979833074,106.33195883767647,4748067
2014-08-04,101.44589233398438,104.04911674884823,99.88395035174689,103.32822703053787,4287644
2014-08-11,101.88643646240234,103.5284766407967,101.32574309524783,102.40708379538832,3152297
2014-08-18,103.72872924804688,105.13046883247995,102.8876830529472,102.96778734665163,2950860
2014-08-25,105.77127075195312,106.89265757553456,103.9690340712117,104.64987170617196,2884754
2014-09-01,109.4558334350586,110.69737667278136,105.69116379664074,105.85136016423736,4184375
2014-09-08,109.09539031982422,109.89638439298328,108.01405565437925,109.7361880227914,3025523
2014-09-15,107.69365692138672,110.45708418919732,107.41331631288438,109.01530455187027,3947196
2014-09-22,104.81009674072266,107.89391710040582,103.96905038000847,107.73372070365113,4346054
2014-09-29,102.40708923339844,104.52972471222682,100.84515326259815,104.44962041743732,6244566
2014-10-06,100.12425994873047,103.56853693540673,99.6837107605161,102.84763493045605,5673894
2014-10-13,100.28446197509766,103.6886870053136,97.24068796768235,99.44342181076325,8048546
2014-10-20,102.72748565673828,103.12798267684252,99.28320883940198,100.20435320786164,4558771
2014-10-27,108.41454315185547,108.53468736337831,102.60733663241271,103.64861905814018,4871387
2014-11-03,107.25311279296875,109.0553496472194,105.49092809103053,108.13421125503831,4831459
2014-11-10,110.3369140625,110.85755522908836,106.69238922978919,106.85258557164734,3364581
2014-11-17,116.10408782958984,116.10408782958984,109.37574254046449,109.49588676190619,4579844
2014-11-24,115.7436294555664,116.14412644330193,113.18045117849867,115.7436294555664,3836346
2014-12-01,117.76896667480469,118.37498194071277,114.29447668438256,115.99132436069006,3987794
2014-12-08,111.18360900878906,117.68816319191635,111.18360900878906,116.8801428134496,4739958
2014-12-15,105.00225830078125,112.75925979553242,99.79052870090811,110.69880511760657,9793766
2014-12-22,106.57787322998047,107.18388845834521,105.1234465454342,105.44664973546418,1356020
2014-12-29,105.72946166992188,108.03231213779853,104.96183251788494,106.17386297342362,1808523
2015-01-05,103.18419647216797,106.53748833021389,99.79051346005656,105.08304923090554,5431707
2015-01-12,108.43631744384766,109.4059392990659,103.62859931760693,103.83060438450285,7491475
2015-01-19,114.6176986694336,115.78932578352719,107.42630971193218,108.71914728367102,6474051
2015-01-26,115.95088958740234,117.97093992864629,114.01164619157169,114.25404236899391,6125741
2015-02-02,123.46549987792969,126.41476893539291,114.5772768966959,116.71852568313788,8303946
2015-02-09,128.0712127685547,129.2832431733044,121.04143888688843,122.4150708797226,5885445
2015-02-16,130.09129333496094,130.09129333496094,125.08156897676443,127.62682847981341,3652900
2015-02-23,132.43455505371094,132.43455505371094,129.1620818913658,130.9801280168528,3446768
2015-03-02,136.47470092773438,136.63631494267162,131.02056081789638,132.4345971426692,4105287
2015-03-09,138.3734893798828,138.6966925984942,133.8081791875816,135.78782664275437,3818389
2015-03-16,136.75746154785156,141.72678239758855,134.4545983270972,139.18152290468203,5297715
2015-03-23,131.1012725830078,135.1817769074055,128.83881364111718,133.32332805051644,5478207
2015-03-30,132.1517333984375,134.37378940616924,130.4144822129271,132.31333500584464,3492601
2015-04-06,139.3026885986328,139.58550062283123,132.151716659017,132.151716659017,3809098
2015-04-13,133.68698120117188,139.86834505124054,133.202176328042,138.53510390895264,5654907
2015-04-20,131.68800354003906,136.43057297772268,129.52113357165643,135.36758134010734,5239861
2015-04-27,128.04933166503906,132.99631035774235,126.00512146908933,131.68802331845583,4071326
2015-05-04,131.48353576660156,132.42386699017192,123.14316488282894,129.6028608425983,5591165
2015-05-11,129.80731201171875,131.72887406216597,124.73767460490188,131.6471006859006,4052917
2015-05-18,136.06260681152344,136.7576431726545,128.17196153849682,130.5023658299436,3505435
2015-05-25,132.5874481201172,137.77974621757988,132.5465739039201,136.34879929840622,3652220
2015-06-01,131.07472229003906,137.4117720617712,130.95206222769283,131.64709848372567,4534840
2015-06-08,132.7509765625,137.32999858547737,125.80066391476419,131.60621169910672,6162735
2015-06-15,130.78855895996094,133.97753418397375,127.35428850683564,131.23828767478088,4955190
2015-06-22,139.9874725341797,141.6637269209697,133.48688842625285,133.69130938862077,4969980
2015-06-29,128.9078826904297,136.67588099662177,128.3355063632418,134.67255761303008,6244348
2015-07-06,129.80731201171875,130.2570406274474,120.97632388027282,126.49568990281834,6824330
2015-07-13,136.5122833251953,136.63494335921982,131.03380534738537,131.56529473090438,5429598
2015-07-20,135.7764129638672,139.41510379330455,135.40845770729325,137.20735977699493,3527362
2015-07-27,139.57862854003906,140.64162002396532,131.48356354103365,135.2857883939587,5521833
2015-08-03,141.82725524902344,144.40296675298524,138.72005425593522,139.57862475725582,3247011
2015-08-10,130.50234985351562,142.9311421069777,126.65922570626488,142.48141348582433,5967527
2015-08-17,119.13651275634766,132.8736014303675,118.85033094707705,132.05591772925754,4990593
2015-08-24,123.42936706542969,124.32882423581702,110.22377869143912,116.15198623907621,8175499
2015-08-31,119.3409652709961,124.00176110565573,116.84702682709641,122.24374567367057,5149360
2015-09-07,121.13985443115234,125.1873993713916,119.30006581353997,120.28129639109197,3407548
2015-09-14,123.18408203125,127.92665143487152,120.07689300389131,121.05811124815547,5517708
2015-09-21,123.5929183959961,125.4327071993052,116.3155365647644,123.22496313070755,4857692
2015-09-28,121.99839782714844,126.822738838084,117.2967168495714,122.89785483099506,4681410
2015-10-05,135.5310821533203,135.57196883637133,123.75644109273671,124.12439628646796,4948775
2015-10-12,129.7255096435547,136.5531732992629,127.55865290230547,135.4901820297045,4513982
2015-10-19,139.53773498535156,140.11012362481725,128.00840093227913,129.68465521171885,4666564
2015-10-26,138.67919921875,139.08804118286557,135.77641877815608,138.96538110751095,3188127
2015-11-02,137.9841766357422,142.5223253849135,134.54990629040395,137.1664926260489,4406265
2015-11-09,132.79183959960938,141.70460020170614,131.56531394144722,138.31120506133902,3973003
2015-11-16,132.66917419433594,135.69460124915784,128.13102737367183,128.78517679881608,3975008
2015-11-23,127.51780700683594,132.91452596176714,124.69679993002188,132.87363926969545,4558212
2015-11-30,125.56013488769531,132.77623459388468,123.91074066913774,129.23003450721006,5580257
2015-12-07,119.53983306884766,128.3640888533219,118.50896177197266,126.92086903769692,4878172
2015-12-14,119.5810775756836,126.59100281287883,117.18946105772147,120.07590086127246,6590686
2015-12-21,120.4469985961914,121.06552134223429,116.94203636861512,118.88006675588964,2367523
2015-12-28,121.35415649414062,122.7149140717908,118.83884075315919,120.5294595078838,1407191
2016-01-04,111.62274169921875,117.80796907263958,107.82913054330305,117.72549434077638,6356859
2016-01-11,113.3133773803711,116.77711529418823,110.71558652888741,112.03510693261578,6464623
2016-01-18,118.05537414550781,119.78724293229702,109.39605537931767,114.13806327508847,6638823
2016-01-25,122.2201156616211,122.2201156616211,115.622538432018,119.08626396078364,4351844
2016-02-01,125.93125915527344,128.57028766240407,118.26157272526838,122.46753345317195,7780775
2016-02-08,120.40577697753906,126.71470477876943,117.43686237467823,126.38483097128673,7449525
2016-02-15,127.41571807861328,128.65276388520175,122.42629747526361,124.94162646543633,4853682
2016-02-22,126.34358215332031,129.93101925811771,121.0655262084863,128.65273634813943,4009483
2016-02-29,126.46727752685547,129.3949415213862,123.7457751781408,125.18899478598746,3627692
2016-03-07,129.84852600097656,134.79670746243423,125.18899349165439,126.30232677015665,4315823
2016-03-14,125.64257049560547,132.65249374094495,124.57046207071966,130.54951425056805,5121985
2016-03-21,121.3954086303711,126.17865424941216,120.57071154377363,124.81790909007789,3180894
2016-03-28,122.7149429321289,127.82806293265921,121.27172286676017,121.39542241023965,3468355
2016-04-04,120.11711883544922,125.1065384439341,119.25119701060221,122.05516191288754,4234280
2016-04-11,125.68384552001953,127.8280632270578,115.8287167105805,119.7872657014848,6193018
2016-04-18,125.30906677246094,129.86956113971962,124.93251453449977,125.85297414191838,3774075
2016-04-25,121.41804504394531,126.10405408618902,121.41804504394531,125.30910737770307,3615777
2016-05-02,120.24649810791016,124.13757207427041,119.66074874465399,122.42215319243708,3336697
2016-05-09,121.62718963623047,126.02032839630353,119.86992902485056,120.91591444391558,3601049
2016-05-16,120.66490173339844,122.8405569873965,118.19637815914874,120.49754658348616,3567706
2016-05-23,121.37615966796875,122.12926411872085,118.02900607639913,120.91592349545239,3676220
2016-05-30,121.54354095458984,123.25896009316719,119.91180578116472,121.33434381008969,2822662
2016-06-06,119.40974426269531,125.350949106532,118.9495079266152,121.20884761857535,2991837
2016-06-13,115.05844116210938,118.78214815877038,114.4308496648615,118.07088545625182,5275941
2016-06-20,113.09197998046875,122.9660885203551,111.29288950558812,118.1127118378637,6649088
2016-06-27,113.92874908447266,114.93290549844292,109.24274114892128,112.0878169394925,6868062
2016-07-04,112.4643783569336,115.18394120112205,109.36826321107202,114.47267857982399,4281481
2016-07-11,117.150390625,118.23821823447943,112.17150157711336,112.54805385044644,4957573
2016-07-18,119.07501983642578,119.9118084329314,115.8952206160283,117.1085615272853,3212447
2016-07-25,128.36334228515625,130.07876115013988,118.9913142599787,119.49339243405433,5726389
2016-08-01,128.36334228515625,129.61852495196695,124.0120449272215,128.8235784833292,3267045
2016-08-08,132.71466064453125,132.7983318331489,126.52241810976398,128.78174449650672,3052755
2016-08-15,131.41761779785156,133.300391655218,130.24610640335268,132.37991932871012,2548189
2016-08-22,130.455322265625,132.04522807937002,129.24198149222698,131.29211076705525,2132517
2016-08-29,130.70635986328125,130.91555698622773,126.89896967197961,130.20429442923717,3074497
2016-09-05,127.35920715332031,131.54314965355013,126.43874746429728,131.3757945072168,2850286
2016-09-12,122.71503448486328,128.2796859460155,121.96192990498034,125.43459724432253,4671317
2016-09-19,128.6562042236328,130.07874181421883,123.50996116203808,123.76098744338302,2890677
2016-09-26,127.02452087402344,129.03280854643913,123.80287943245908,128.11234868340762,2761873
2016-10-03,130.03695678710938,131.2921398169787,126.35509167351218,126.73164402879657,3192146
2016-10-10,139.5763397216797,140.3294443472483,129.49303463278508,130.4553364063873,4955624
2016-10-17,139.86917114257812,141.37539276445503,138.23743637236868,139.1160667158283,3351657
2016-10-24,140.5386199951172,141.71013150591105,138.11193855652346,140.16206773993935,2824657
2016-10-31,135.30870056152344,140.95702304777944,134.47191204504108,140.07839255179707,2995180
2016-11-07,135.55975341796875,139.70185444095276,133.80249224779092,136.814936319987,3821000
2016-11-14,138.27931213378906,139.408981818331,135.14135497492848,136.73124816139904,3328580
2016-11-21,141.41726684570312,141.58462200427053,137.56803435675204,139.03241433888212,2930179
2016-11-28,142.73580932617188,145.56268399177515,140.035518633119,142.01855165239314,4260493
2016-12-05,148.60052490234375,149.9506638638697,143.03116466754298,143.41089084809707,4171162
2016-12-12,151.2164306640625,152.06027236740658,147.1659879128103,148.6005291092973,4578770
2016-12-19,151.30078125,152.14462273731064,149.95062971990325,151.17419730130385,2539132
2016-12-26,153.07284545898438,153.07284545898438,150.83667059772566,151.30078600553398,1486480
2017-01-02,151.25857543945312,154.16982578066137,148.3473250982449,153.03064758244855,2842221
2017-01-09,159.44383239746094,159.44383239746094,150.87884720664556,151.891454326959,3320068
2017-01-16,161.13153076171875,161.46907508503907,156.91232329021,157.88274873425664,3169679
2017-01-23,157.67181396484375,163.1567845685038,156.57481726891146,160.41429926667377,4432131
2017-01-30,159.44383239746094,160.2876738103885,154.92928856389742,156.9545028045243,3914244
2017-02-06,156.19509887695312,159.1063500746139,153.53698988047861,159.02196075688374,2812435
2017-02-13,157.67181396484375,161.0049858334061,156.49042795537764,156.49042795537764,2806156
2017-02-20,160.9206085205078,163.45213360329296,157.84059148685353,158.76880962493996,2481943
2017-02-27,164.0006103515625,165.35074910562207,158.93756105283867,161.97538290647284,2442051
2017-03-06,165.73043823242188,166.44770854002752,162.81918811072353,164.3381051364784,2245882
2017-03-13,170.0340576171875,170.0340576171875,165.3507348445912,166.36334204180142,3405629
2017-03-20,169.69654846191406,171.38423163756312,164.92883576510496,170.28723499819108,2921779
2017-03-27,173.70477294921875,173.70477294921875,168.2198033563486,168.81048981422708,2424369
2017-04-03,176.57382202148438,176.57382202148438,171.1732419344286,173.78914268322183,2903502
2017-04-10,176.02532958984375,180.1601474967467,174.4220231277396,176.36286101555064,2634105
2017-04-17,176.81600952148438,180.3198603654823,173.69673753215298,178.26883399442983,3056167
2017-04-24,193.56605529785156,194.54883579303515,182.4563037796526,183.9518472532563,5463890
2017-05-01,203.4794158935547,204.80402993249052,193.09606140955043,193.56609205567608,2761128
2017-05-08,197.8390655517578,203.77850789226667,196.8562849130075,203.47940697791518,3660065
2017-05-15,195.78802490234375,199.42005931380942,193.7369858812177,197.66813422496378,3035184
2017-05-22,194.33517456054688,196.81351141430156,192.15596463893436,196.12983183257256,2649600
2017-05-29,197.7963409423828,198.99278376739977,192.45511325955704,194.20703854754524,2475793
2017-06-05,194.76251220703125,198.18089776952485,193.05331942578442,198.09544595452616,2494487
2017-06-12,197.1553497314453,197.36899879119767,191.5150223780456,194.2497277348549,3504803
2017-06-19,197.96726989746094,200.91563819331375,195.06164707384966,198.9073312439803,2926497
2017-06-26,186.55838012695312,200.31737311853283,186.21653377330892,198.99275924848976,4091570
2017-07-03,184.9346466064453,191.25866747804287,184.8064623688213,187.5839005315897,3462553
2017-07-10,187.7975616455078,187.92574589133935,182.84089984502262,185.31923726531843,3653896
2017-07-17,187.3702392578125,192.1559837661862,186.94294110671146,188.01118648446408,3660325
2017-07-24,182.15716552734375,189.463965272854,181.38803420259637,188.48118490899873,4716502
2017-07-31,189.6348876953125,190.53221629502718,181.08892586965436,181.55895637808615,3457507
2017-08-07,183.26817321777344,191.21592138503843,181.94354634987852,190.06221116846115,2951686
2017-08-14,186.04559326171875,189.2930614843697,183.69545367218367,184.76369894015417,2263787
2017-08-21,185.4473876953125,188.22482552945888,184.93462472527463,185.31920347285504,2009969
2017-08-28,189.50672912597656,190.91680780196563,182.15719574540978,184.8064494858734,2835113
2017-09-04,187.96849060058594,189.250385303077,184.4219204730702,188.0966878948994,2207666
2017-09-11,196.55715942382812,197.62540485547936,189.07944140226945,189.07944140226945,4228425
2017-09-18,196.8990020751953,198.00997998477297,195.1043574890523,197.0271993571308,2241961
2017-09-25,199.5055389404297,199.5055389404297,196.21535042711312,196.47171893040783,2056299
2017-10-02,196.8990020751953,201.6420146244768,196.4289844950831,199.59098851456878,2100884
2017-10-09,206.64141845703125,207.23963334733213,196.30079648427636,197.71088841152834,2999985
2017-10-16,203.09483337402344,207.32509607213353,202.62481577655026,207.11144696778885,2334096
2017-10-23,217.02471923828125,217.6656664380636,203.39391139759755,203.39391139759755,3355182
2017-10-30,220.61402893066406,221.2977216166256,215.5291835697797,216.59742894139845,2672187
2017-11-06,212.3671875,222.66506281992798,211.85442448717728,220.44313323137985,3622791
2017-11-13,210.74342346191406,213.00809812564404,208.0087052504855,212.45261582400548,3036730
2017-11-20,213.30723571777344,215.44372640789496,209.71792092628587,210.61524962415777,2102390
2017-11-27,207.9232635498047,214.24727038049244,206.89775069078823,212.87992424850498,3653543
2017-12-04,212.80592346191406,214.74130478609328,208.20402463284137,210.78453306508032,2956531
2017-12-11,210.8705291748047,214.05316654570086,209.06418125836655,214.05316654570086,3281285
2017-12-18,214.6122589111328,219.08513703294946,212.5048465688978,212.8489090685979,2714341
2017-12-25,211.08560180664062,216.8917462550217,211.08560180664062,214.61230220312297,1106547
2018-01-01,214.6122589111328,214.69828109862937,207.12878797893956,211.085559226063,2218656
2018-01-08,208.2899932861328,213.36500009313428,205.32241178995596,212.24677736446333,3063092
2018-01-15,207.2578125,210.2684053737813,204.7203154171273,208.76310893689063,2810513
2018-01-22,216.6766815185547,217.7518933425355,205.83855420791474,207.98897785587636,3767469
2018-01-29,213.23597717285156,218.99912233304434,213.23597717285156,216.7196656744948,3201732
2018-02-05,202.05381774902344,212.46187433279334,199.9894161229735,211.60170480108164,5722358
2018-02-12,213.75209045410156,213.88111061075708,201.924761505434,205.1503966732524,4095557
2018-02-19,212.24681091308594,214.18219216761256,207.42985676287316,214.18219216761256,2366048
2018-02-26,205.36544799804688,216.41863023983169,204.7203209362729,213.8811199634058,3151686
2018-03-05,211.55868530273438,212.8059284491844,204.33326677318993,205.1074140709465,2430505
2018-03-12,212.89190673828125,214.26818290058563,208.63407122854406,213.3219913983586,3222809
2018-03-19,208.93515014648438,218.18197155658248,208.67710981655028,213.66608203072062,3111605
2018-03-26,215.21437072753906,217.06374272216118,206.39763480881876,210.18238785876974,2539960
2018-04-02,225.88052368164062,227.55783851387886,213.92415934730357,215.21441364146722,3480052
2018-04-09,242.438720703125,243.34188796148493,224.59020785710348,227.08469355902085,4153776
2018-04-16,243.12635803222656,246.3477384890584,240.38384578916126,245.04177774761405,2989409
2018-04-23,247.61012268066406,248.8725618795979,242.0380294743583,243.64871951684196,2792411
2018-04-30,254.05288696289062,256.01182808550664,247.2619016990908,248.13254219803127,2080715
2018-05-07,255.62008666992188,255.70715604429776,251.9198641026099,253.7917360873992,1824549
2018-05-14,269.0279235839844,269.41972245014966,255.18474448052413,255.57651677684902,3270537
2018-05-21,266.28546142578125,273.1199961838495,262.802898651718,269.15856508644526,3126254
2018-05-28,262.8463439941406,268.4184375061813,257.7966400610057,268.11373460750417,3700080
2018-06-04,261.4969177246094,271.204555405076,254.22706317265553,263.8041100729953,3136114
2018-06-11,262.4546203613281,266.5030938506778,253.05168590849,261.80163990918004,3990044
2018-06-18,250.22207641601562,262.06279262604403,247.13131324387692,261.71454173718666,3346089
2018-06-25,248.306640625,251.5715419661255,242.56040895065206,248.13250192553923,3437026
2018-07-02,250.39622497558594,250.39622497558594,244.649992089411,246.4347945710238,2930552
2018-07-09,257.6660461425781,257.6660461425781,248.91609387047748,252.44220355738517,2574869
2018-07-16,257.92724609375,263.19461044933223,253.7481823545971,258.05783685375366,2320296
2018-07-23,262.1933898925781,270.072702618873,252.8775521777995,256.0118368251102,3220335
2018-07-30,257.10015869140625,264.06528349518123,254.88003578814,261.8016391898284,2410112
2018-08-06,257.3177795410156,265.1970917137731,256.4906870387959,257.3177795410156,2304575
2018-08-13,258.49310302734375,262.7592352373663,252.48569019528475,257.3177332935024,2347506
2018-08-20,260.626220703125,263.76053159718595,257.05658958960663,258.6237317517183,1635295
2018-08-27,263.06402587890625,272.16222987426085,261.75806510846337,262.10631599994684,1840629
2018-09-03,247.3925018310547,265.37122350123127,242.56045750683575,260.7568393099923,3937566
2018-09-10,254.53175354003906,256.22948656013597,244.78056938676727,248.52433945000521,2682284
2018-09-17,266.28546142578125,266.28546142578125,249.0903077288439,254.1835610998805,4147849
2018-09-24,265.19708251953125,270.11619567638263,263.4993230388357,264.1958513305887,2644344
2018-10-01,249.1773223876953,268.11375331283426,246.73951303933694,265.1535543491248,3514208
2018-10-08,228.54315185546875,250.1350275742582,224.0158102193475,247.26192429315475,6296102
2018-10-15,229.19613647460938,234.68116159136395,223.79815416142048,228.8914069526025,4171466
2018-10-22,228.49964904785156,233.85408372733852,223.75464688099783,230.98095364260217,4051774
2018-10-29,242.95225524902344,244.38883353301838,223.01459029392774,229.7620551229779,4203633
2018-11-05,231.5903778076172,242.73456581102516,228.80431752184518,241.3415622379792,3126634
2018-11-12,230.06674194335938,236.37888528901448,228.4125303805347,232.24334309703355,3057769
2018-11-19,225.01708984375,232.06925795389526,219.35791225276168,231.50334683725754,3180165
2018-11-26,219.8802947998047,229.58794584101096,217.44249836733076,227.32427487837336,3995705
2018-12-03,218.8751220703125,236.02544657796443,216.28722250256277,228.52492705136837,4461113
2018-12-10,221.0244140625,225.32297197305112,212.55890792036135,216.55042119949803,3844083
2018-12-17,222.3402862548828,224.8404550766236,216.55041104728602,219.3137590570652,4653242
2018-12-24,221.72622680664062,223.12984032276373,213.34843791382892,220.10329951523894,1417950
2018-12-31,220.32261657714844,227.42838835651386,213.7432032206437,222.4280368827404,2441416
2019-01-07,226.59498596191406,233.52532280203062,218.6997032965246,221.6384999063091,3132548
2019-01-14,222.29641723632812,223.4368514421794,215.36610791637318,223.30526854320976,3807930
2019-01-21,229.0513153076172,230.32331915816295,222.20872275057127,222.82279865236433,2901523
2019-01-28,249.71067810058594,250.58793326817744,224.35800911153157,227.6477159899998,4956270
2019-02-04,248.74562072753906,256.3777492055528,245.89454225048846,249.6667544523727,3660010
2019-02-11,258.0885314941406,262.91343585960635,250.14935461157657,251.24592378554604,3559289
2019-02-18,262.95721435546875,263.26425899262597,256.68484578940325,258.65866975037005,2165061
2019-02-25,268.96630859375,272.25601386820466,263.1764219563718,264.930931436081,2828470
2019-03-04,268.2645568847656,272.51924880819655,264.667832955056,271.68587265665036,2739993
2019-03-11,279.49346923828125,281.9936515294362,266.64168788232706,270.67703976649284,3783639
2019-03-18,274.9756164550781,282.212970889303,274.05448255497464,277.9582783827216,2628797
2019-03-25,287.6519775390625,289.8451155605127,250.63182380000637,272.343890212363,3252772
2019-04-01,294.8016052246094,296.073635999065,289.4942218657524,291.68735991018997,3286273
2019-04-08,300.8106689453125,306.074197804449,286.99390569007915,295.196243516572,3437948
2019-04-15,309.0570068359375,310.8553961205514,298.70540583009637,300.8985439052072,2474673
2019-04-22,307.42901611328125,312.62010335618413,304.90000892191455,312.62010335618413,2099578
2019-04-29,315.06036376953125,315.06036376953125,304.8112622889018,307.78395396019187,2102233
2019-05-06,295.98187255859375,307.5620524351916,293.1866660643627,307.5620524351916,3204383
2019-05-13,302.459716796875,304.10135479635295,286.66453298939064,295.4938650133723,3044734
2019-05-20,298.5996398925781,302.41531539487517,291.6337884938729,301.4392312526714,2878554
2019-05-27,300.4631652832031,304.0126414777351,295.937577719104,300.37442296226897,3220620
2019-06-03,316.8350524902344,319.8521283914446,293.1866769021276,297.5347790628106,3760786
2019-06-10,314.12860107421875,322.73609052336445,312.97503229789436,319.4528146517479,2592490
2019-06-17,326.8179626464844,331.8316187124867,314.2616978352329,315.0603244477557,4169038
2019-06-24,332.1421813964844,332.98519271651463,325.26507215317196,328.32650580975456,2591932
2019-07-01,337.9100341796875,339.06362988828283,330.2786840290973,337.33324986556346,2191695
2019-07-08,340.7496643066406,341.814517839739,335.3367084940328,335.4698084155825,2011966
2019-07-15,339.2411193847656,345.5858286793119,335.514186255756,340.74965734578007,2251515
2019-07-22,342.16949462890625,348.42543529819267,329.3026440231331,337.20022277198535,3268092
2019-07-29,318.03302001953125,339.8623011769959,314.9272287555117,339.8623011769959,4161994
2019-08-05,323.3128967285156,326.773630371368,303.0365099031152,309.69177732412066,4429221
2019-08-12,309.2037353515625,327.9271993734903,302.5928255449067,325.1763771691822,3696652
2019-08-19,315.4597473144531,328.7702851758225,310.1355321699054,311.9102705514213,2714739
2019-08-26,321.58245849609375,324.2889496751304,311.68830146011965,312.9749970954392,2201986
2019-09-02,337.11151123046875,337.3777382051731,313.8180726624991,321.44945223798123,2502747
2019-09-09,338.9749450683594,340.9271676260247,328.2377751619038,336.1353535445466,2467535
2019-09-16,328.370849609375,334.71555888926565,321.89306749131066,334.53807427766816,3536473
2019-09-23,319.5859680175781,329.43577019920104,316.16959165129316,325.88629388729044,2294735
2019-09-30,310.22418212890625,326.15243811180403,305.254910724301,320.1183402435802,2977713
2019-10-07,335.6028747558594,337.82129664853335,308.0944432867019,310.3128651793759,3527189
2019-10-14,332.8077697753906,341.10467626779945,331.03303157724355,333.51768130286297,2369891
2019-10-21,340.705322265625,340.705322265625,328.4596143966768,333.34014366581124,1821781
2019-10-28,345.408447265625,345.80777422177465,334.3163327098888,341.6371283166747,2210054
2019-11-04,357.6097412109375,358.9851524603759,346.0739431073589,346.9613121922495,2382950
2019-11-11,359.8280944824219,361.913416845554,354.23768115860815,355.30250760677023,1986342
2019-11-18,351.6199035644531,361.24786091408566,348.33662801764274,360.84853410313514,2209210
2019-11-25,361.42529296875,364.75292589105135,355.21371151378753,355.4799383957793,2159900
2019-12-02,358.1341857910156,366.5666299086804,344.97240888785285,364.0681339993493,2960483
2019-12-09,360.3203430175781,363.3096332226799,349.7016951416235,358.6695657569287,2306272
2019-12-16,366.2989501953125,367.2805119028063,356.21570131398653,362.99734096962334,3559418
2019-12-23,372.63446044921875,374.28526508555876,364.06814569249434,365.85279346549675,793762
2019-12-30,373.97296142578125,376.11453339381023,367.5036129866232,374.10680456786463,968538
2020-01-06,378.0329895019531,380.39764223246794,364.6035265978794,370.31439372956504,1735528
2020-01-13,391.7747802734375,391.7747802734375,377.9883929601361,378.8360842891352,2280731
2020-01-20,371.4743957519531,391.06091451353893,367.32509543103686,391.06091451353893,2648388
2020-01-27,352.73565673828125,375.356074970943,351.66488430626987,359.51732440062017,4926090
2020-02-03,369.3774719238281,374.86525820439533,348.94323378970813,352.155605124926,3268543
2020-02-10,370.2698059082031,378.969963761925,365.58510552542987,366.7451156799672,2673984
2020-02-17,360.9450378417969,374.3298970942739,359.78502759920855,370.98368228115464,2629901
2020-02-24,330.9183349609375,349.746375334468,315.1241905037736,342.8308648754189,8012171
2020-03-02,321.5488586425781,346.93545219245584,317.6226397124127,343.54463294175815,6404468
2020-03-09,280.9927673339844,319.40732437851636,263.2355286446096,304.05934368017193,11058217
2020-03-16,277.5127258300781,288.30985019132316,248.6906754869752,260.55857216200263,9701927
2020-03-23,304.8624572753906,324.53821575691256,267.6971720079352,267.6971720079352,6335845
2020-03-30,290.04986572265625,317.62269534489286,282.063583351529,311.06410939366606,3969780
2020-04-06,309.9933166503906,316.28421646883913,298.3931059789538,300.2669916106526,2748940
2020-04-13,319.4519958496094,324.1813022139737,301.5609103266369,309.993355889313,3307353
2020-04-20,304.1485900878906,325.073568056845,304.1485900878906,325.028962756916,2755624
2020-04-27,314.49951171875,323.77967312899005,308.87785584171087,309.90402269203696,2322252
2020-05-04,314.321044921875,316.23953556238206,297.0992072211926,307.85169765236867,2758558
2020-05-11,294.68994140625,317.66727975965176,289.38060378730523,316.7749559401022,2652299
2020-05-18,317.0426330566406,323.199689019345,298.5269143345825,299.95463785102936,3084982
2020-05-25,334.62152099609375,345.59709599213795,314.81191606049737,319.1843257201016,3575116
2020-06-01,360.7218933105469,361.5696118064985,335.0229789654626,342.0723314836607,4381024
2020-06-08,338.3245849609375,358.1341854804675,331.0521509721477,357.8218666841812,3956110
2020-06-15,339.12762451171875,345.9092903423827,324.5827585273769,329.40130124889413,4024645
2020-06-22,345.9539489746094,351.39710238229327,332.9706213148243,335.513749597179,2784308
2020-06-29,353.9848937988281,360.45424192353187,342.5631318052406,345.3739465786267,2461144
2020-07-06,359.8701477050781,364.00140261678445,354.75094587733963,363.4176407190824,2001605
2020-07-13,368.447021484375,374.4643268873966,356.36751645912415,363.7319773337523,2412374
2020-07-20,358.4331970214844,375.6767718509963,352.954758895461,368.44704793094877,2057334
2020-07-27,329.3795166015625,364.0463232851163,328.66104463827634,359.241463232788,3178517
2020-08-03,335.89080810546875,339.303591449242,327.3588223380838,329.11013564299094,1838706
2020-08-10,346.71295166015625,354.1672294435461,332.79234313623,337.68701967717845,1676719
2020-08-17,346.174072265625,351.248352544468,340.69563437011664,348.86838328886364,1714187
2020-08-24,355.96337890625,363.3278122207402,348.1947879954507,350.12570531659367,1615305
2020-08-31,361.8010559082031,374.19487514457035,351.02381225642364,357.26561609331054,2384052
2020-09-07,374.1500244140625,375.63189010683277,357.3554734747965,364.27088325165926,2075116
2020-09-14,371.6802978515625,384.2986464577849,371.6802978515625,377.2036312562233,3154093
2020-09-21,359.421142578125,370.9168599624486,350.88915669521157,369.21046826745635,2547080
2020-09-28,366.1119689941406,369.30025358410586,358.70261344544747,362.8338959602482,2210233
2020-10-05,369.928955078125,374.1051323268152,364.6301480632303,368.22256331508476,1570742
2020-10-12,388.51971435546875,391.3487358802413,359.19663039015205,370.6474539873364,2385802
2020-10-19,384.388427734375,395.4350935495415,375.407389703198,392.2019417846802,1958012
2020-10-26,361.3070983886719,382.81669242164236,355.9184763252587,379.98767131994026,2913112
2020-11-02,391.1241455078125,393.3245104468683,358.74751939738314,361.3070929123497,2608820
2020-11-09,421.8842468261719,439.621796320194,392.69587424107215,395.5248956408068,3809523
2020-11-16,442.36102294921875,444.24704644160227,422.108792891743,426.64420619261125,2583007
2020-11-23,445.4594421386719,448.6028051376343,438.3195066492772,445.01039028167725,2369469
2020-11-30,443.9302062988281,451.3703773541157,435.4980069317809,442.84798859110134,2877889
2020-12-07,451.2801513671875,454.436587316529,439.15043544645164,443.3439805604751,1958660
2020-12-14,450.5135498046875,464.6273486748645,448.80006163367557,452.3623358097266,2787889
2020-12-21,447.71783447265625,449.6116737287006,436.8506616038921,441.94604476416646,1184230
2020-12-28,460.7494201660156,466.43102090646875,448.66478620282896,450.5135446648405,902729
2021-01-04,473.7359924316406,473.7359924316406,450.33328804383643,465.5292799521291,2002832
2021-01-11,445.4632873535156,473.5555330155994,444.1105291502215,470.7598547463405,2225640
2021-01-18,461.29052734375,462.01198734548433,441.04423610258664,445.50834898888075,2162601
2021-01-25,449.3862609863281,467.1524962742587,446.45528489966534,462.9138429247719,2805488
2021-02-01,476.8021545410156,478.24507451259547,452.36231909578567,455.42856531829426,1964488
2021-02-08,477.3432312011719,488.8867559949437,473.9162550185648,478.69598930303266,1682804
2021-02-15,488.6162109375,490.6002671442835,477.4334437568553,479.05674245554445,1732452
2021-02-22,473.46539306640625,491.68254872268864,468.50527942475816,486.72243508104054,1847993
2021-03-01,471.842041015625,496.01130830230926,471.75182411506705,477.97453345495256,1914078
2021-03-08,508.0959777832031,511.2524134331495,467.7837743308283,473.55550935012286,1987912
2021-03-15,502.6849365234375,514.7695426330671,499.257905270685,509.26834832753246,2427991
2021-03-22,500.4303894042969,507.91564069379206,493.39600248648617,501.602768875974,1552932
2021-03-29,515.5812377929688,517.475077199676,500.3401405040319,501.0616005140218,1446227
2021-04-05,530.5517578125,534.3394918011306,515.58125567157,515.58125567157,1201431
2021-04-12,568.1585083007812,568.6094277518137,526.2229993547712,531.0027345269386,2414137
2021-04-19,570.0941772460938,578.8076387836925,547.5844985546458,573.8155704876725,2216905
2021-04-26,568.36962890625,580.8044272172201,564.5574932739005,566.2820479690168,1488126
2021-05-03,573.0892944335938,576.6290904024146,560.2006744430769,569.367902283641,1729074
2021-05-10,570.0941772460938,573.7247723704719,544.589268656731,573.3617460971252,2038004
2021-05-17,573.2709350585938,575.812395907163,553.8472848200639,571.818719200969,1612670
2021-05-24,595.2360229492188,595.6898473118514,574.2693595549855,575.4492918181338,1631914
2021-05-31,591.060791015625,601.6802909240215,589.3362364823432,596.1436011161262,1391482
2021-06-07,606.4000244140625,609.8491335090429,586.7040935634913,590.7885123774122,1531505
2021-06-14,618.199462890625,634.355652905912,606.9446530602346,611.5736389374835,1881839
2021-06-21,611.3921508789062,621.1948012974738,606.1277994235339,614.4781786623043,1534586
2021-06-28,602.1342163085938,614.9320418089885,597.6867151752309,608.7600412513406,1631934
2021-07-05,601.2265625,604.5848186028013,573.3617344087443,599.8650893561128,2181039
2021-07-12,593.8744506835938,614.4780843859792,587.4301679698063,600.8633557806768,1511232
2021-07-19,611.7552490234375,612.1183306777999,576.4476909782704,588.7009489334877,1913102
2021-07-26,611.6644287109375,628.0928466147362,604.1309008272693,608.1245769246724,1826321
2021-08-02,632.9942626953125,637.8955327239223,614.4782059690525,616.2027607596737,1500112
2021-08-09,644.2489013671875,650.420900155962,631.8141056995503,633.629402719688,1103657
2021-08-16,562.7422485351562,641.1631259742884,554.1195850495369,639.983138231152,3677341
2021-08-23,565.5558471679688,587.4302126984837,555.8440510088128,570.4571719984681,2406529
2021-08-30,576.26611328125,592.7852733386214,565.2835320778021,567.2803700601085,2143758
2021-09-06,602.2247924804688,612.208926191524,578.3536475055487,580.5319707125155,1787570
2021-09-13,572.7263793945312,607.2170329872289,560.6546617167841,604.4940866509633,2792381
2021-09-20,583.5274047851562,595.7806629364205,549.4905765871999,558.2039824464833,2421993
2021-09-27,571.8187255859375,591.2424314398378,553.6657501705109,588.4286870113559,2325184
2021-10-04,569.7310180664062,581.8027329591879,558.2946128533981,565.0112344260444,1961233
2021-10-11,603.4048461914062,611.7552253320141,562.651452698436,567.5527224516221,2260592
2021-10-18,605.6738891601562,614.2058080110704,579.0797967226508,598.1404169909512,1815181
2021-10-25,614.65966796875,614.65966796875,595.9620728101212,606.2185467255448,1522014
2021-11-01,643.43212890625,645.7012504563518,611.9367107111423,617.2010616276833,1829286
2021-11-08,656.1392211914062,659.4974768261712,625.2791675642261,648.8780321026579,1688896
2021-11-15,665.76025390625,673.1121854709783,649.8764032677233,652.8716325941505,2430706
2021-11-22,628.0929565429688,670.2986248655816,585.4334638297903,664.6711913428695,2271064
2021-11-29,624.4262084960938,651.0440959566429,618.3186709496498,649.6767392957025,2922910
2021-12-06,647.2155151367188,661.5271932891504,614.7636045202298,623.3323399294483,1736328
2021-12-13,637.1881713867188,660.8890189633349,633.177236464754,650.6794119566008,2101154
2021-12-20,653.9610595703125,660.5243262792306,618.0451398099794,620.0506071434282,1378949
2021-12-27,662.7120971679688,670.2781251139754,652.4113563037998,653.5963874407614,910135
2022-01-03,652.5025634765625,691.4266594540926,647.9447081077155,669.0931681467423,1726238
2022-01-10,615.6751098632812,661.1624719079222,615.4927845255752,660.1597660073612,2218332
2022-01-17,635.5473022460938,645.0276071129837,609.0205531841519,617.2246920540123,2163342
2022-01-24,653.0496215820312,669.0021173779837,603.1866664522477,629.6222309141117,2831555
2022-01-31,643.6602783203125,673.195201777341,637.4616064795935,665.4468480669722,2255829
2022-02-07,624.4262084960938,659.5216961268961,623.6969627378359,647.2154861784329,2069907
2022-02-14,625.6112670898438,639.5582945120645,595.2559590208015,613.3050566047276,2106246
2022-02-21,607.6531982421875,634.9091930338979,569.7318674029951,632.2656149139968,3082068
2022-02-28,526.705810546875,606.0125022839421,526.705810546875,593.1593710506764,3371362
2022-03-07,542.293701171875,572.2843587226776,495.8035723691305,505.01041875922476,4454252
2022-03-14,582.8585815429688,585.8667550348003,521.4186673641385,544.1168099293745,3322216
2022-03-21,570.6435546875,589.2396288845487,564.8094769211623,581.5824087709665,2008875
2022-03-28,592.1566162109375,615.4928717992315,568.7292813976983,572.5578358429865,2098129
2022-04-04,575.8394165039062,608.4736474413497,566.9971666045236,595.985113512356,1922647
2022-04-11,583.405517578125,586.5048816454131,553.5971307867904,570.0054109686753,1918653
2022-04-18,583.0408935546875,600.360745650352,569.7319768310691,583.4055442750148,1621785
2022-04-25,571.213623046875,582.739321655569,556.0918839611384,578.1290422120913,2071041
2022-05-02,518.1032104492188,570.7525775648288,511.27997457140157,566.5111431182875,2218366
2022-05-09,535.9910278320312,535.9910278320312,500.1230908082408,510.26570465644926,2806550
2022-05-16,513.2161865234375,549.5452040686304,508.05269705002576,532.7637788633208,2385974
2022-05-23,547.1478881835938,547.9777045670652,495.60495079027874,520.4082722339788,2129711
2022-05-30,561.6241455078125,568.5395637644897,549.26863198924,555.2619944783603,2247797
2022-06-06,528.2457885742188,572.5044668270174,526.8627048788187,565.8656538335337,2219180
2022-06-13,502.24383544921875,520.9615580492282,493.2998824005966,516.3512787744562,2897250
2022-06-20,541.6156005859375,543.8285007439638,495.4205711407505,504.3645236753844,1971029
2022-06-27,534.7923583984375,555.9074585084,521.6069718521088,551.3893626245958,1945399
2022-07-04,559.5957641601562,568.078633659514,523.3589212357576,540.3247727901281,1969663
2022-07-11,560.978759765625,566.4188551077463,539.679237454261,540.324687756633,1780209
2022-07-18,585.2288208007812,591.0377610185668,556.8295137421925,561.1631309302137,1643188
2022-07-25,622.3876953125,627.0901576103988,560.7021367770654,583.8457722509349,2220555
2022-08-01,629.0264892578125,644.3325933002423,615.9332854082407,619.5293256036388,1747799
2022-08-08,640.3677368164062,643.6871151008714,619.8980873213549,631.7926293500224,1322870
2022-08-15,643.8714599609375,653.1842559491433,638.4313653011926,642.2117710186054,1471388
2022-08-22,616.8553466796875,639.5378974545386,612.245067556521,638.0626306462538,1596828
2022-08-29,594.357177734375,622.8487259786504,576.6537504564259,603.9465810747831,1935658
2022-09-05,601.45703125,603.39338233888,577.2069731848591,580.5263517974762,1359239
2022-09-12,589.6546020507812,616.7630613098231,580.9872562256966,601.6413257828534,2350171
2022-09-19,556.1839599609375,600.6270519983279,556.1839599609375,583.5690230675431,1856177
2022-09-26,562.8228759765625,576.008262500415,549.2686446260742,554.6165569453785,2226554
2022-10-03,570.014892578125,601.6413944726161,548.3465818193412,554.1555219586854,1978623
2022-10-10,576.4692993164062,591.4987976504004,548.899808294371,560.5177451793718,2132090
2022-10-17,582.2782592773438,596.4779416346659,566.2344652516848,578.6822190129582,1562134
2022-10-24,598.6907958984375,611.8761820590179,574.90176845914,580.4341030393402,1814485
2022-10-31,614.2735595703125,619.4370493236145,574.9939503635014,598.4141892168599,1925891
2022-11-07,651.1558227539062,656.9647630877497,597.2155579951226,609.4788889838632,2107446
2022-11-14,643.7793579101562,655.3972382461326,635.9418837672688,649.5882980781444,1928667
2022-11-21,645.6234741210938,649.1272748605156,633.8211712882845,641.7508285552825,1374211
2022-11-28,664.0498046875,685.0305822078141,641.1195117170417,644.9257867959069,3116282
2022-12-05,668.6915283203125,674.7258126570371,656.5301471680514,665.0709917155227,1564795
2022-12-12,644.0902099609375,686.4230691109307,635.5493654836699,663.3999083473202,2618686
2022-12-19,625.5232543945312,651.7027790743798,622.088342374686,645.6684940829504,1559774
2022-12-26,631.1862182617188,648.9177095487923,625.5232400180507,625.5232400180507,917503
2023-01-02,695.1494750976562,695.1494750976562,636.0134831487954,640.005439257897,1728034
2023-01-09,729.0343627929688,731.4481104954547,692.6429755969158,694.4068659694218,2102834
2023-01-16,726.7135009765625,748.0655842457328,719.1938769248588,731.7266214524153,2015748
2023-01-23,743.6094970703125,750.2936387134719,720.9576994635156,730.4268954028184,1669175
2023-01-30,769.9746704101562,770.9958342807985,730.3340544735394,735.0686239277134,1833241
2023-02-06,740.4530639648438,766.539772654031,734.1402856920907,761.4338398851453,1620218
2023-02-13,759.7628173828125,770.5316710849536,740.8244259346902,743.1453044620546,1641489
2023-02-20,721.6076049804688,761.7124008551675,721.6076049804688,761.7124008551675,1835283
2023-02-27,756.6992797851562,758.555982772397,724.9497040330014,731.8194710885452,1784163
2023-03-06,745.0948486328125,771.1815582884976,728.7558858318584,766.8182951555606,1678786
2023-03-13,730.89111328125,751.3148459644719,712.6025776824947,746.1161003099376,3319229
2023-03-20,755.1209716796875,762.1764189097623,724.7638727731581,733.5832101417851,1650769
2023-03-27,783.8999633789062,787.4276874499892,754.8425185414893,760.691177829579,1856534
2023-04-03,769.6961059570312,793.9261109553964,767.4680966438261,780.6506975630579,1269043
2023-04-10,828.8320922851562,830.7816641605316,769.6960986493827,769.6960986493827,1699131
2023-04-17,836.5374755859375,836.5374755859375,807.29440467827,829.4820271746323,1765629
2023-04-24,814.9183349609375,846.3548862344396,806.404285646727,834.6597321735766,1795336
2023-05-01,820.4383544921875,829.4202086986057,809.4916804182652,814.9182197140277,1251689
2023-05-08,828.3911743164062,844.7643899825464,813.1406477546061,823.3388449258996,1377418
2023-05-15,818.0057983398438,836.7180437878798,810.6144956510143,830.8236978927966,1322817
2023-05-22,789.1889038085938,825.3971079710669,759.8106573985201,822.496675839748,2242826
2023-05-29,777.4003295898438,796.4867873927135,748.8641527264351,794.3348903945549,2225482
2023-06-05,767.2020874023438,777.306688839765,752.8872306072267,774.5934474279513,1316215
2023-06-12,812.6727905273438,816.2281628184945,774.5934170264843,776.0903738083704,2093174
2023-06-19,776.6517333984375,809.5852971862691,770.850982927118,807.8076681114345,1374323
2023-06-26,807.4334106445312,809.2110968472595,773.6578296346381,783.2010293601476,1370245
2023-07-03,772.25439453125,807.8076609768374,761.9626595075273,806.9655870873454,1448259
2023-07-10,834.8468017578125,835.2210695010309,766.9213750461874,768.9797334234088,1465502
2023-07-17,812.017822265625,815.1988693690471,786.2884876831304,809.865868598174,1485077
2023-07-24,787.0370483398438,813.9826701371281,752.7000668107122,805.5621597563993,2079355
2023-07-31,763.4595947265625,797.1416356703814,752.2322477452896,786.6627670668121,1598345
2023-08-07,767.5763549804688,785.3529887086855,751.9516181246191,763.1789657424403,1278646
2023-08-14,726.877197265625,770.1024385660722,715.0884483703056,764.6758988072306,1625993
2023-08-21,734.736328125,751.9516172954396,724.9123989702395,727.1578913334247,1230745
2023-08-28,725.8480224609375,762.5240366251853,722.2927070854516,744.0924626010493,1784792
2023-09-04,692.3531494140625,735.7655859491512,675.6056652550561,730.7132563410579,2256164
2023-09-11,712.1881103515625,722.666979770538,673.9215435706078,694.8792824085588,2660482
2023-09-18,685.1488647460938,707.3228873171644,676.6348157964098,707.3228873171644,1671488
2023-09-25,670.2725830078125,685.5230499936628,648.6599075667987,681.3127952187525,2264957
2023-10-02,682.71630859375,684.2132654357371,655.6770902078799,674.5764701404929,1674732
2023-10-09,618.0654296875,687.207197824687,615.9135329329226,678.225343064173,3484800
2023-10-16,621.2465209960938,634.1579583547841,613.1066831704286,623.959819306395,1843519
2023-10-23,618.8140258789062,639.491035796278,612.8260840476403,622.1822074682149,1697638
2023-10-30,657.5482788085938,665.6881168161499,620.6851903696206,625.7374622636196,1590664
2023-11-06,642.8591918945312,671.9567688418704,636.871307405946,662.4135119102503,1726316
2023-11-13,665.7816772460938,679.8158614806678,639.0231888142694,648.3793116373187,1990656
2023-11-20,661.3843383789062,674.3893147056068,657.4547554127249,666.9044165244009,1233322
2023-11-27,654.1800537109375,664.4717877858642,632.6609733724542,662.5069679266002,2464227
2023-12-04,696.99365234375,703.0290691192819,652.7655670372432,655.9718354333694,1836722
2023-12-11,705.7639770507812,712.2708523005706,678.9818905663498,696.9937482512262,2398989
2023-12-18,695.6735229492188,709.158845873781,689.7324430658668,700.2000572623436,1392687
2023-12-25,691.8069458007812,701.2372479930383,687.0917947046527,695.6734042344046,487480
2024-01-01,649.6536254882812,698.3139681018891,641.8264276049492,691.8070357202769,1348577
2024-01-08,631.7359619140625,655.877512313175,610.7063421443243,648.3332706187028,1903765
2024-01-15,621.8341674804688,635.3194884919794,607.3114786631505,631.4530299470578,2019675
2024-01-22,729.056640625,735.4692921723777,621.4569154626348,629.0011572284938,3087832
2024-01-29,733.7717895507812,741.0331337404677,721.6067342742384,725.6617526997527,1905621
2024-02-05,761.4969482421875,765.3633493524771,727.2649607182564,732.4516272387914,1655022
2024-02-12,769.3240356445312,782.9979737222021,739.3356864064799,762.911441712809,1607090
2024-02-19,801.6699829101562,801.6699829101562,758.1963119285,761.5911977646821,1272432
2024-02-26,798.1807861328125,809.968663659833,789.7877943103756,793.937150223085,1440617
2024-03-04,796.766357421875,802.0473043035527,774.0392916892881,794.4087815714825,1101342
2024-03-11,813.175048828125,835.9021145054386,789.7879079607102,791.013835888332,1925108
2024-03-18,781.3948364257812,815.7211602985375,775.4537574057268,813.7408198111855,1440881
2024-03-25,786.2044067382812,794.9745773972551,766.4950495898095,778.1886488404441,1416757
2024-04-01,754.235595703125,795.0687947346578,752.2552551664962,785.6384920688073,1381674
2024-04-08,736.6953125,762.1571316585852,731.1314104754779,750.3692524184995,1269255
2024-04-15,751.2179565429688,776.6797760863865,735.6579557108801,741.4104754017885,1844052
2024-04-22,754.1672973632812,771.8743070862294,733.2234949316597,763.4967977345649,1211059
2024-04-29,744.4569091796875,756.8327913016004,728.2730633279551,756.3567958353731,1010074
2024-05-06,750.5497436523438,758.1656718148031,739.6018469188083,747.0273652562221,1005350
2024-05-13,745.5994262695312,755.0241031085948,735.984281488356,754.5481075680888,1188642
2024-05-20,713.9932861328125,748.0745540365676,710.8517272948126,745.8849862467448,1297152
2024-05-27,699.6182861328125,722.2756628052033,688.9559741384738,714.2789142832179,1779825
2024-06-03,725.8931274414062,730.7482582321617,699.6181994474618,706.8533077052382,1425720
2024-06-10,677.2464599609375,716.9444404817518,673.6288474669739,714.5644628435773,2076725
2024-06-17,682.8631591796875,691.8118981689395,667.3457168984678,679.5311905503798,2252089
2024-06-24,679.3407592773438,706.1869172927287,675.3424435323262,683.5295429496438,1580340
2024-07-01,682.00634765625,697.23820303122,669.3448213918725,695.1438112961782,1246477
2024-07-08,690.0031127929688,693.9063110252623,652.4946996676367,676.8656477073964,1900791
2024-07-15,647.1635131835938,686.4807324752732,645.4499408907093,684.1959887864017,1810359
2024-07-22,631.2652587890625,668.6785545322681,615.4622301810621,652.399472281694,2273309
2024-07-29,600.2303466796875,634.4068480276051,597.1839637512091,633.6452087167943,2205604
2024-08-05,605.46630859375,611.4638405956281,582.1425278381731,591.1864428250295,2050450
2024-08-12,626.5053100585938,630.2180985336166,595.5655997831518,609.2742946548559,1504306
2024-08-19,648.4010620117188,652.6850216118386,628.409250544493,629.1708898462288,1352551
2024-08-26,641.9276123046875,654.9699025075828,633.8356876370793,648.781960114706,1397621
2024-09-02,582.6185913085938,648.7819770862855,582.6185913085938,638.6908940082063,2332002
2024-09-09,578.90576171875,590.9960602481401,573.4794589603351,582.6185502318051,2165090
2024-09-16,563.4835205078125,588.7112830986975,563.4835205078125,579.096138719973,3121399
2024-09-23,669.6304931640625,669.6304931640625,554.1539382900927,561.6746904379243,3739146
2024-09-30,630.1228637695312,673.8192156420612,622.7925214761464,665.8225261351207,2468103
2024-10-07,621.745361328125,649.1627513668328,602.9911832277277,634.0260697040014,2132563
2024-10-14,593.2808837890625,620.8886265568325,551.0124543785058,620.3173970159222,3391765
2024-10-21,596.8983764648438,605.0854760898571,579.9529477332376,590.9960204513841,1776544
2024-10-28,581.66650390625,613.5582025655943,576.2401435581537,602.039134650008,2026320
2024-11-04,569.6714477539062,597.2791872439567,566.8154747032114,581.6665113248565,2165393
2024-11-11,558.1524047851562,577.5730476667071,538.2558244291331,572.1466864405447,2860019
2024-11-18,555.0107421875,563.1026655298563,539.683710628063,561.1035077107709,1864110
2024-11-25,564.0547485351562,578.5250254350184,553.392436182367,564.5307441035404,2084334
2024-12-02,605.7582397460938,609.5057569732327,559.4423237887463,562.2289301397965,2509228
2024-12-09,614.0220336914062,633.0480568083134,604.028537382857,614.9829445422536,2557866
2024-12-16,603.548095703125,615.4634139847378,592.9780761030748,606.2386930662503,2485326
2024-12-23,610.7549438476562,613.0611534646288,599.1279454313417,601.818484218245,595062
2024-12-30,587.40478515625,614.4064149679728,585.7712249972853,607.5839128097892,1181253
2025-01-06,619.7875366210938,629.3966457159944,589.3266490603891,590.6719477934142,2244085
2025-01-13,663.1245727539062,673.3102632396512,612.2924225505244,616.9047830302271,3082225
2025-01-20,705.4046630859375,720.6831697442542,654.2842504982223,663.0285161647139,2846359
2025-01-27,676.0008544921875,732.886794560277,671.4845612895197,706.4617433896515,3183893
2025-02-03,657.4552001953125,672.0610565096223,652.4584521602404,658.3199847508383,2309345
2025-02-10,685.1295166015625,694.7386262313179,645.7321671195652,657.6474865202023,2172670
2025-02-17,674.94384765625,682.5350086670293,658.7044297931495,680.3249253005833,1894810
2025-02-24,667.737060546875,679.2679922565392,653.6116574726661,673.9829818896097,2356624
2025-03-03,609.89013671875,673.5024476045413,604.0285452625099,664.1816004998619,3139835
2025-03-10,581.4472045898438,614.9830209085009,575.2012832837418,611.3315709517269,3056884
2025-03-17,578.9487915039062,592.1132819783453,570.3005937884952,581.7354564497208,2878144
2025-03-24,564.1507568359375,585.5791164799817,558.0970299933953,582.0237344774265,2420185
2025-03-31,509.28277587890625,559.2501425689121,501.3072271563323,557.3283207731427,3646880
2025-04-07,503.90167236328125,526.5791449259,463.6875181679288,480.4554242024635,4902631
2025-04-14,466.61834716796875,515.048251520647,460.5645907959627,514.0873406036309,4283692
2025-04-21,486.596923828125,502.4981349600439,459.72094219292666,473.719877633526,2821173
2025-04-28,483.7191162109375,494.69388678749965,471.37860236126386,490.01130014558413,2911036
2025-05-05,483.62152099609375,486.0603587217422,470.2079135050271,484.6458209324788,2586085
2025-05-12,491.5721740722656,527.8620651141963,487.0359414133957,496.54740947304634,3516083
2025-05-19,467.2813415527344,493.2305827580824,455.3798006945688,489.23088264863526,3231813
2025-05-26,466.5496826171875,485.47505845656053,463.7694015025983,475.1343799759846,2590432
2025-06-02,459.7209167480469,472.11022444996263,454.59935746332064,460.3062437633522,2392347
2025-06-09,450.1119079589844,470.9395891668549,446.0634430793255,459.47705126377764,2653555
2025-06-16,438.9420471191406,458.11130662086686,437.7226281970083,450.0143471153263,3218118
2025-06-23,438.30792236328125,455.77002502150555,425.8698494454896,434.79601970915104,2491023
2025-06-30,465.67169189453125,483.1337644536548,433.7229169609478,438.94203576688733,3355551
2025-07-07,475.76849365234375,492.6452394519126,459.0868370157188,466.30579100596873,2373426
2025-07-14,461.1842346191406,474.59784271224095,458.06251028181305,469.72016704202264,2112626
2025-07-21,476.7440185546875,482.30455080031965,448.8437085487561,462.54996488956135,2759136
2025-07-28,450.35577392578125,487.9626699739425,448.746146961526,483.6215268612533,3005958
2025-08-04,450.0631408691406,457.5259787040425,440.55167329480287,450.84355706941636,1777992
2025-08-11,464.4522705078125,465.52536507996257,439.1371225667293,453.62382486333274,2038879
2025-08-18,482.9874572753906,486.5969194570187,458.3551948115243,465.4765894768481,1928442
2025-08-25,491.7672424316406,512.6436873019211,470.84200294451654,483.13375097293317,4369315
2025-09-01,484.10931396484375,511.96083034602015,478.59754636961435,493.1330140236343,2481793
2025-09-08,478.64630126953125,491.181933531327,471.2322283941098,485.9628146786374,1805564
2025-09-15,498.1082458496094,512.448594470503,480.2559350178029,480.74370258526807,2902968
2025-09-22,503.08349609375,517.1311667332726,490.20642001773183,498.1082608020625,2109433
2025-09-29,539.5684814453125,539.5684814453125,501.8153178084938,506.4002854971819,2390098
2025-10-06,532.6421508789062,570.9806674129019,524.5452216658741,537.5198262532551,3059790
2025-10-13,590.8816528320312,596.8323934359819,514.4972624219097,534.7883816530491,3325347
2025-10-20,597.5152587890625,616.2455449321441,590.4913940426646,592.3449345805815,2098472
2025-10-27,597.125,605.0268698910102,588.4427734935504,598.0030053907576,1565990
2025-11-03,588.4428100585938,606.4902102008,576.9315072816826,597.7103939154024,1583918
2025-11-10,621.4158935546875,638.6828777015654,596.2470984713786,601.1247742449634,2024751
2025-11-17,607.7583618164062,618.9770153651842,588.9305464646706,616.538177637189,2008398
2025-11-24,619.9525756835938,621.8061162490694,598.5883325002238,614.5871324636728,1861990
2025-12-01,618.0223999023438,636.3240074770237,611.6266894175316,625.5988689493732,1853423
2025-12-08,614.480224609375,620.6791323981016,601.1968250381556,615.8577863650384,1344310
2025-12-15,621.564697265625,629.7315158506375,612.4139231870959,615.5625327216472,2054082
2025-12-22,621.958251953125,624.516572304855,615.1689949883433,620.8759249177749,460575
2025-12-29,631.5026245117188,635.8320527109172,619.0063777173698,622.7454566420763,797934
2026-01-05,641.6373291015625,643.802043116836,609.462033721708,633.372139301257,1645862
2026-01-12,599.4257202148438,643.7037190151804,592.636403043107,642.8181350168218,2161535
2026-01-19,581.9113159179688,588.40539829824,555.147713883863,575.6139765961044,2476243
2026-01-26,538.1253051757812,583.8792374735222,526.8098165430066,580.4353931070254,3267678
2026-02-02,527.596923828125,540.0931700430956,514.5103283660335,538.223630667422,2541476
2026-02-09,505.9499206542969,535.1734104692464,503.78520658358275,527.4985096679984,2119234
2026-02-16,545.8001098632812,550.2279094672734,506.93386889490523,513.329579434005,2244376
2026-02-23,535.3701782226562,560.4610441613581,530.2536575269186,545.6033397258904,2302184
2026-03-02,494.1424560546875,520.3156479056092,488.3863104679478,501.8172968183815,3297840
2026-03-09,466.0997314453125,504.27719275912017,463.00024760405176,484.20450660414974,2976013
2026-03-16,450.6024475097656,473.47941360943196,446.37142070897744,468.7072232776771,3940199
2026-03-23,448.4377136230469,473.823753200406,443.66552350100983,443.7639250553903,2986052
2026-03-30,463.4922180175781,470.232319078249,447.35535411026575,448.1425365130239,1660993
2026-04-06,475.5456848144531,497.38950909446584,457.19492060320255,463.4922298462885,2522092
2026-04-13,491.3873596191406,495.6183861905418,459.0152304043567,468.3628074436737,3351071
2026-04-20,464.0826110839844,489.4194655100556,456.8013463030508,481.105059453021,2506999
2026-04-27,451.3999938964844,474.25,440.0,473.25,2025912
2026-05-04,472.70001220703125,493.5,441.25,453.5,2826515
2026-05-11,455.6000061035156,471.6000061035156,444.75,470.3500061035156,2726246
2026-05-18,472.6000061035156,484.5249938964844,444.3500061035156,445.75,2593844
2026-05-25,473.04998779296875,493.1000061035156,469.1000061035156,476.20001220703125,3565434
2026-06-01,479.04998779296875,484.6000061035156,460.8500061035156,475.29998779296875,2709862
2026-06-08,510.6000061035156,521.2000122070312,470.54998779296875,473.1499938964844,3352736
2026-06-15,499.25,537.2000122070312,499.25,535.0,4611780
2026-06-22,495.75,501.5,475.29998779296875,499.20001220703125,3062379
2026-06-29,495.70001220703125,502.20001220703125,471.3500061035156,494.45001220703125,2226811
2026-07-06,489.8999938964844,503.79998779296875,480.25,495.6499938964844,1908226
2026-07-13,495.1000061035156,503.1000061035156,475.20001220703125,487.8500061035156,1906355
2026-07-20,461.70001220703125,494.54998779296875,449.5,491.95001220703125,2844340
2026-07-27,475.1499938964844,486.3999938964844,451.79998779296875,465.79998779296875,3142942
2026-08-03,480.0,496.3500061035156,471.0,474.79998779296875,2315420
2026-08-10,458.3999938964844,487.5,457.25,479.29998779296875,2050667
2026-08-17,452.5,459.70001220703125,442.5,456.0,2462138
2026-08-24,458.1499938964844,461.25,445.04998779296875,452.8999938964844,1870624
2026-08-31,429.1000061035156,461.04998779296875,425.3500061035156,458.95001220703125,2696803
2026-09-07,415.29998779296875,433.3500061035156,405.25,427.75,3238606
2026-09-14,402.79998779296875,417.8999938964844,401.3999938964844,410.45001220703125,3524748
2026-09-21,396.8500061035156,409.6000061035156,395.1499938964844,401.75,3001252
