Price,Close,High,Low,Open,Volume
Ticker,ML.PA,ML.PA,ML.PA,ML.PA,ML.PA
Date,,,,,
2000-01-03,4.348163604736328,4.348163604736328,4.0124792742015725,4.112135119795766,11502341
2000-01-10,4.279977798461914,4.395369237990461,4.101645234886789,4.354457942216644,8447223
2000-01-17,3.8603739738464355,4.300959953840135,3.7974328237407775,4.300959953840135,12760505
2000-01-24,3.8393924236297607,3.923313517449929,3.773304173981639,3.875058526122909,9839644
2000-01-31,3.8393924236297607,3.9442938944422345,3.744980934238912,3.8603728006220663,11057926
2000-02-07,3.8278520107269287,3.930655376165482,3.744979977632413,3.88030273273531,8578545
2000-02-14,3.5991668701171875,3.8687633130440195,3.5792355398424465,3.828900652494538,10045724
2000-02-21,3.4250314235687256,3.645324546774168,3.3925122336931284,3.577138634301525,13560853
2000-02-28,3.3474035263061523,3.532029662301103,3.27502127122045,3.456500703772709,13198882
2000-03-06,3.325374126434326,3.42607982516835,3.2750214841417846,3.408246571805433,8441212
2000-03-13,3.6159517765045166,3.678892904152291,3.283414330409412,3.356845438923966,14638586
2000-03-20,3.6526660919189453,3.775400772933868,3.6002153770762337,3.6610584050852477,8516084
2000-03-27,3.5079028606414795,3.6967258115598365,3.4617465764631525,3.6967258115598365,8618180
2000-04-03,3.6044130325317383,3.7554709876450048,3.4313254558017103,3.556158045601277,6492181
2000-04-10,3.963175058364868,4.011430040927641,3.5225892922925346,3.6400788023018915,14687863
2000-04-17,3.881352424621582,3.96002872793699,3.6736475802434927,3.6736475802434927,4871130
2000-04-24,3.928558826446533,4.091155406755325,3.8498825140354485,3.881352873340256,5786016
2000-05-01,3.9757635593414307,3.9862539530822128,3.828901360162342,3.828901360162342,4657166
2000-05-08,4.038704872131348,4.038704872131348,3.9327539610366737,4.028214477889795,5261536
2000-05-15,3.9757635593414307,4.091154577298172,3.9442932064170497,3.996743932674012,6941130
2000-05-22,3.870861291885376,4.091153715977327,3.862468978659605,3.9862531138463546,16053246
2000-05-29,3.850274085998535,4.010702665534215,3.6673858769033907,3.9871726451016087,11613549
2000-06-05,3.8074934482574463,3.903750088042552,3.7593651283648937,3.8909159538535207,10113601
2000-06-12,3.5946590900421143,3.8074937685359536,3.593589543582651,3.8074937685359536,6038363
2000-06-19,3.4320926666259766,3.6149807110386765,3.395728713727397,3.593590200185986,13529362
2000-06-26,3.5946590900421143,3.7433222477029924,3.454551670689519,3.4866374311059998,18289961
2000-07-03,3.9251415729522705,3.9358370393169486,3.5989378714849782,3.604285182422297,12516347
2000-07-10,3.9572267532348633,3.989312727048805,3.8406487143573274,3.8406487143573274,8222538
2000-07-17,3.9893124103546143,4.000007452613575,3.884498969441054,3.939044993921089,3840171
2000-07-24,3.5476009845733643,4.010704188241528,3.5476009845733643,3.914447088424053,16034795
2000-07-31,3.396798610687256,3.560434822016938,3.368990818765837,3.560434822016938,13034653
2000-08-07,3.438509702682495,3.5347665842678877,3.368990855488741,3.4502747164965486,8117247
2000-08-14,3.6374404430389404,3.688776988899348,3.4385092166049116,3.489846395832804,5820881
2000-08-21,3.63637113571167,3.7486710113830295,3.4877079371486555,3.6877085354006267,10414690
2000-08-28,3.5722005367279053,3.764714335580037,3.5283503802105662,3.716585991428286,16928428
2000-09-04,3.571129322052002,3.695193749794232,3.540113320677677,3.628883561409143,4938061
2000-09-11,3.5294196605682373,3.6299543238047236,3.5294196605682373,3.6192592771317837,3341835
2000-09-18,3.361504077911377,3.5679219383858607,3.21925775023646,3.5347664142046518,11525135
2000-09-25,3.368990659713745,3.419258085444832,3.2353004955244065,3.419258085444832,9677829
2000-10-02,3.32086181640625,3.448135111463271,3.2994715187402117,3.3101665620119842,6966509
2000-10-09,3.304819107055664,3.4117712309112513,3.2192574924201933,3.315514361665722,6166551
2000-10-16,3.336905002593994,3.41177158143363,3.2427876390704373,3.315514702298755,4413409
2000-10-23,3.411771059036255,3.449204342724431,3.2951934441392,3.3262094487111264,6733288
2000-10-30,3.6566920280456543,3.732628157048943,3.294124341866336,3.4010764816122143,9003164
2000-11-06,3.6973342895507812,3.7903823300877684,3.5839652815331005,3.6256763410770647,5948675
2000-11-13,3.63637113571167,3.796799348565726,3.5433231016074695,3.657761648541224,6772703
2000-11-20,3.6374404430389404,3.6684564487650158,3.4919852778286575,3.585033506129379,6637821
2000-11-27,3.5818397998809814,3.6278571310776977,3.451279982297437,3.5443839898367964,13147656
2000-12-04,3.6621031761169434,3.7027695655373187,3.4994380409346046,3.5315431185690453,9935847
2000-12-11,3.748785972595215,3.8151364995652215,3.456631010127562,3.702769060058742,13074932
2000-12-18,4.1715006828308105,4.1715006828308105,3.702768800907819,3.702768800907819,15717697
2000-12-25,4.125484943389893,4.1736418241795015,4.047362729666529,4.171501865754857,3076684
2001-01-01,4.130836486816406,4.173642421421886,3.9275049174463317,4.125485533741093,10155988
2001-01-08,4.387674808502197,4.580304423936461,4.050572875867449,4.094449412702895,17573942
2001-01-15,4.39623498916626,4.428339847939539,4.260324223193149,4.339516180000634,9100043
2001-01-22,4.4144287109375,4.467936960782151,4.296710730278929,4.3855344165710655,5993403
2001-01-29,4.387674808502197,4.62097081222231,4.368411804708856,4.398376289498875,16034817
2001-02-05,4.289219379425049,4.451884508953895,4.2292904102559445,4.441183028030597,9885861
2001-02-12,4.5482001304626465,4.554621273367714,4.269956942064427,4.280658424407004,8395013
2001-02-19,4.639163017272949,4.6552158718734455,4.350218816949292,4.494691128360688,8438257
2001-02-26,4.323464870452881,4.639163434325648,4.204676693224296,4.63381290481028,19929373
2001-03-05,4.323464870452881,4.387675027129846,4.187554069276939,4.2399925540210885,4972057
2001-03-12,4.098730564117432,4.3341665241717,4.013117449325048,4.280657852114919,4295831
2001-03-19,3.7348740100860596,4.191834265517023,3.650331092154871,4.098730248016416,9629937
2001-03-26,3.947838306427002,4.06555632224843,3.6920686521204114,3.74664753111399,9650413
2001-04-02,3.697418451309204,4.01204680406609,3.590401953058668,4.01204680406609,8020646
2001-04-09,3.698489189147949,3.787312454748951,3.533683252372823,3.692067624437035,8470104
2001-04-16,3.766979932785034,3.822628574391383,3.6524725003924914,3.6984898494608345,10471741
2001-04-23,3.9296438694000244,4.050572407423596,3.692067131757046,3.756277277808741,22531527
2001-04-30,3.9917140007019043,4.109431978832786,3.9382057520062053,4.010976581533146,10805443
2001-05-07,4.120134353637695,4.166150852833994,3.981012553106504,4.055924194354255,4144613
2001-05-14,4.280658721923828,4.34272850682255,4.075187204671301,4.078397776346978,22386768
2001-05-21,4.481186866760254,4.674501440164458,4.281318664999326,4.352309909573281,26321280
2001-05-28,4.5172295570373535,4.565285053009595,4.40255116913543,4.47791122797451,12873611
2001-06-04,4.488831996917725,4.652658051448585,4.477910432424259,4.517228754501768,9865948
2001-06-11,4.259474754333496,4.4942924592512155,4.190668345678543,4.477909898868971,13848323
2001-06-18,4.030118942260742,4.331558659446505,3.967865298531773,4.19831334522414,13761859
2001-06-25,4.081450939178467,4.126229822026449,3.8335277064073114,4.030118859782351,7868692
2001-07-02,4.046501159667969,4.150257942398682,3.9460214061886103,4.126229556601185,6339353
2001-07-09,3.98970890045166,4.122953784960986,3.8881365066928666,4.041040550278471,8670619
2001-07-16,3.8772144317626953,4.029026703931602,3.7898406327830725,4.021381307876095,10195320
2001-07-23,3.8226048946380615,3.9645877711658017,3.773457224602302,3.8226048946380615,15142155
2001-07-30,3.835712432861328,3.8608321593984503,3.631475866069811,3.767997356311397,15701635
2001-08-06,3.7243099212646484,3.8488176229938156,3.705742964375736,3.762536034341118,6954591
2001-08-13,3.7679967880249023,3.89359712652006,3.664240436594703,3.759259624386978,5129056
2001-08-20,3.8553717136383057,3.8772148423050212,3.7024672258424705,3.7679974742188924,4349415
2001-08-27,3.762535333633423,3.8870430121751696,3.6871753208136386,3.8389875455484477,12030417
2001-09-03,3.5495617389678955,3.8062222936648773,3.494953073612113,3.8062222936648773,7081959
2001-09-10,3.1891448497772217,3.701374260489047,2.9816323676541288,3.494953546504083,10513199
2001-09-17,3.0143983364105225,3.183685171385075,2.6037407892949713,3.0744678028610877,15949632
2001-09-24,3.1618409156799316,3.276518825563561,3.0034758955247955,3.079927907311889,12930356
2001-10-01,3.3759069442749023,3.505875434260822,2.9270237868217106,3.1126933662216407,10445560
2001-10-08,3.5167973041534424,3.5167973041534424,3.2557681019991707,3.3759072394327334,9477357
2001-10-15,3.6369359493255615,3.7800106007056855,3.367168988434159,3.493861297945438,9965575
2001-10-22,3.778919219970703,3.848818261935709,3.574682660287377,3.6369367370807715,5716349
2001-10-29,3.7133874893188477,3.7679961542316533,3.5768660426308263,3.7352310415215673,6126345
2001-11-05,3.7778265476226807,3.8553714162799797,3.583420216591947,3.664240821276768,6429148
2001-11-12,4.122952938079834,4.2267092782565685,3.721033105814319,3.721033105814319,12982397
2001-11-19,4.095649719238281,4.283503285817582,3.942745242285075,4.183023521273782,8677531
2001-11-26,3.9918696880340576,4.281451964559894,3.9448805385761023,4.0978678249279525,14864456
2001-12-03,4.165618419647217,4.226812978464955,3.8924271922921596,3.9339519482266097,7698333
2001-12-10,3.999518871307373,4.261781809763308,3.901169837964761,4.073826502539791,8803752
2001-12-17,3.9885900020599365,4.084752998845105,3.8957053775013937,3.921931492471337,7527016
2001-12-24,4.04869270324707,4.092403475540476,3.9055405495474664,3.9503441127192866,2828196
2001-12-31,4.203864097595215,4.289099608168645,3.9732908870916956,4.048691713584972,4580051
2002-01-07,4.31641960144043,4.349202896642626,4.0792900187639685,4.152505713958988,9822368
2002-01-14,4.235555648803711,4.354666847282272,4.163433600257018,4.267245724808792,9304149
2002-01-21,4.456292629241943,4.539342988902385,4.191843776171771,4.191843776171771,11263022
2002-01-28,4.574312686920166,4.58851853717381,4.414768667171014,4.414768667171014,9955359
2002-02-04,4.341553688049316,4.589611629740716,4.239927147797847,4.480335121278164,12398512
2002-02-11,4.4366230964660645,4.492354125979619,4.293470971074827,4.295656552399456,9941333
2002-02-18,4.302214622497559,4.398377641893763,4.2311849332387474,4.3819862083280094,4734806
2002-02-25,4.70981502532959,4.851874382216038,4.269431105265914,4.283636523248677,25969913
2002-03-04,4.846410751342773,4.872637301656981,4.6781252660873305,4.698887861873246,14069145
2002-03-11,4.884657859802246,4.9229046809247015,4.710908409717145,4.808164648978957,12461556
2002-03-18,4.808163642883301,4.917440128532606,4.7764735742146005,4.810348792945338,11160782
2002-03-25,4.718556880950928,4.8955846639704035,4.656269103966247,4.764452797080541,8568486
2002-04-01,4.644249439239502,4.791772323257723,4.5021896467045055,4.7185574923920415,10903683
2002-04-08,4.687959671020508,4.720742533376471,4.53497283621882,4.644249331686413,8649330
2002-04-15,4.697794437408447,4.819091634187764,4.668289947068386,4.698887659688664,9856799
2002-04-22,4.7425971031188965,4.808163247976281,4.559012587792617,4.698886771302138,13114522
2002-04-29,4.722929000854492,4.779752840925694,4.6169308580265715,4.698888460709422,18915571
2002-05-06,4.765546798706055,4.808164784915199,4.638786062501602,4.638786062501602,13110067
2002-05-13,4.795050621032715,4.808163678610038,4.721835366475228,4.7535254353794,15223928
2002-05-20,4.710036754608154,4.9039666063422365,4.64316463470958,4.9039666063422365,13661567
2002-05-27,4.658768177032471,4.835979561703768,4.581864973867237,4.64205014678146,22299816
2002-06-03,4.681058883666992,4.708922119870902,4.526137917518257,4.658768030693288,11951609
2002-06-10,4.480441570281982,4.848239538012736,4.474869187147094,4.65765338637316,14875820
2002-06-17,4.413568496704102,4.579635070543908,4.0435423598817755,4.45814975221663,17314518
2002-06-24,4.572949409484863,4.6699139078164364,4.2853987288836475,4.5027331465313125,16013351
2002-07-01,4.536168098449707,4.6431640938486405,4.296542883386779,4.572948288130728,14786471
2002-07-08,4.163913249969482,4.547314253028658,4.017908799502232,4.5350544817738365,10621127
2002-07-15,4.059147357940674,4.212953781724955,3.867446610615852,4.090354292614877,12665046
2002-07-22,4.1572265625,4.235244333597086,3.6790897333740973,4.012336227597844,15677691
2002-07-29,4.53059720993042,4.682174516718108,4.180632190444702,4.234129985778404,19219131
2002-08-05,4.402423858642578,4.552886565411086,4.264221362955586,4.449235133663467,10630384
2002-08-12,4.219640254974365,4.401309898523539,4.1126446852786405,4.346697108972602,8066791
2002-08-19,4.347811222076416,4.39127791584173,4.190661593815572,4.235243292055308,8344036
2002-08-26,4.068062782287598,4.3801333989033235,4.045772369686033,4.324406927381792,22942083
2002-09-02,3.788313627243042,4.095926422692395,3.728128897713922,4.036855817767873,9823673
2002-09-09,3.735929489135742,3.9777842323094803,3.733700360440799,3.798343772541629,8512835
2002-09-16,3.566521644592285,3.990046404775303,3.4951912513020345,3.7615658812530683,10912902
2002-09-23,3.4383487701416016,3.650110979163593,3.2722826086450842,3.588811247598807,17888486
2002-09-30,3.138538360595703,3.4483800719413833,3.109560559830418,3.343613195289111,12492241
2002-10-07,3.194265127182007,3.197608820968046,2.7306174759668176,3.1318512699130268,13210956
2002-10-14,3.3491859436035156,3.4550671694801016,3.0649792068075365,3.159715005748352,15668335
2002-10-21,3.2455341815948486,3.5107939699857393,3.1775470574965796,3.3436132314120517,12064305
2002-10-28,3.2878870964050293,3.3603320562576156,3.0850411208142403,3.315750559425937,10249654
2002-11-04,3.179776191711426,3.3993401495065982,3.120706024805516,3.3870803782649697,8976860
2002-11-11,3.1686301231384277,3.2722821954147,3.09618519499108,3.177546418602582,7454356
2002-11-18,3.779397487640381,3.795000952075145,3.1742032083813565,3.2232431709107385,13105021
2002-11-25,3.8910365104675293,3.947913276414506,3.5586981877654837,3.7783982351778773,28019313
2002-12-02,3.73602032661438,4.003675816482009,3.630073563675113,3.8999591270346636,11226943
2002-12-09,3.6021931171417236,3.8363915812035847,3.5542381673403094,3.8363915812035847,7461890
2002-12-16,3.5798873901367188,3.6891798952265242,3.4594427593341823,3.5620439449672694,14897686
2002-12-23,3.4750561714172363,3.6244968245724074,3.462788347895595,3.5910397844950923,3135606
2002-12-30,3.7081398963928223,3.7750535507259735,3.481748024119568,3.557583733852302,8031939
2003-01-06,3.6468021869659424,3.7728235812149205,3.4973614973745204,3.7025637138783507,11300279
2003-01-13,3.485092878341675,3.680258165825808,3.4661339558945428,3.6624147201557267,8944756
2003-01-20,3.292158603668213,3.565389677102177,3.234166794918877,3.482862660665213,10753964
2003-01-27,3.3122329711914062,3.3746860388141995,3.066882829177254,3.245319756400796,14494788
2003-02-03,3.06911301612854,3.4271016747672607,2.9107502789972757,3.4126037753761165,11293833
2003-02-10,3.055730104446411,3.206286250169793,3.0111209331586712,3.078034800163001,11681895
2003-02-17,3.022273302078247,3.1482937990716087,2.969857552968064,3.111491645275461,9904274
2003-02-24,3.356842041015625,3.446060385861225,2.8583345667090163,2.9776639653491026,27369843
2003-03-03,3.018927574157715,3.417064823049916,2.9575899853913863,3.3947603453828243,19119929
2003-03-10,3.0490379333496094,3.108145210678158,2.843835787845222,3.0501534100648326,16729964
2003-03-17,3.265392541885376,3.4215247248068144,2.9352845105740726,3.001083109543423,11550760
2003-03-24,2.96539568901062,3.2486640348723315,2.867255311754065,3.2486640348723315,16516377
2003-03-31,2.9152109622955322,3.037886354028381,2.7903052770058845,2.9051740909263115,16628581
2003-04-07,3.0724589824676514,3.156101273881078,2.9665119919524545,3.008890876216723,23211943
2003-04-14,3.4014508724212646,3.412603219445232,3.067997039291722,3.067997039291722,14441149
2003-04-21,3.356842041015625,3.6378799373519874,3.291043429137453,3.401451213438425,15911964
2003-04-28,3.669105052947998,3.744940726889685,3.366878053870568,3.370223823066358,16357498
2003-05-05,3.6546080112457275,3.814085980524264,3.5029370591913254,3.66910612853219,12512289
2003-05-12,3.5419704914093018,3.6791437791478634,3.5018219060153224,3.674682531687938,18565989
2003-05-19,3.4266164302825928,3.649766275083595,3.35530057540716,3.645165589115873,14760291
2003-05-26,3.5657975673675537,3.5773001907046345,3.3449480621229135,3.4392691647793026,13642705
2003-06-02,3.84186053276062,3.8441611035230117,3.4737778390536196,3.5657986260103125,15790260
2003-06-09,3.799299955368042,3.928128927166903,3.750989119325946,3.8142534337233522,9843353
2003-06-16,3.901672840118408,4.031651870374644,3.757890389427446,3.8131031629270846,15803623
2003-06-23,3.918926477432251,3.9545844036408275,3.7291337695076874,3.8579627357351685,12272225
2003-06-30,3.8867197036743164,3.9338804888248378,3.8062017828887127,3.889020728203283,15457001
2003-07-07,4.006347179412842,4.006347179412842,3.8476114507612165,3.8982226384804153,12693479
2003-07-14,3.84186053276062,3.9913939993579035,3.7578915164124123,3.9672384604725632,10645651
2003-07-21,3.853362560272217,3.874067695133917,3.680824083895463,3.853362560272217,10589048
2003-07-28,3.65781831741333,3.8752169804639323,3.6003054243684227,3.8533620175301144,18842980
2003-08-04,3.436969041824341,3.6727718135634535,3.4300677852639594,3.6727718135634535,19800196
2003-08-11,3.6532175540924072,3.669320864086552,3.439269296756313,3.4507719205347906,11100215
2003-08-18,3.939631938934326,3.993693981523467,3.60375660422298,3.675072470867391,18176761
2003-08-25,4.253652572631836,4.290461249533794,3.8591142360077275,3.915476855525457,26955288
2003-09-01,4.232947826385498,4.383631100978028,4.1466782525953105,4.259403023708885,22307794
2003-09-08,4.002896308898926,4.278957951053444,3.9683882062748648,4.209942654044743,16122161
2003-09-15,4.060409069061279,4.181185834700341,3.985642348482915,4.002896172145638,11767406
2003-09-22,3.750988006591797,4.040852936855665,3.7049777542625515,4.040852936855665,14520065
2003-09-29,3.8292076587677,3.8924719967556665,3.641716123965129,3.770544916742982,12316134
2003-10-06,3.799299955368042,3.9338798982069334,3.761341230493708,3.831507255082711,10253326
2003-10-13,3.8959219455718994,4.025900993531616,3.7889483744103156,3.7889483744103156,8264846
2003-10-20,3.669321060180664,4.0005954619935205,3.660119006078076,3.9051240655317274,14550575
2003-10-27,3.8821187019348145,3.887870127491238,3.6739223191684345,3.722232931483396,12426849
2003-11-03,3.9131762981414795,3.9557359477905267,3.822306026221445,3.901673898777842,10456428
2003-11-10,3.9315783977508545,3.986790697481628,3.853360405482917,3.91547441297484,5444932
2003-11-17,3.793548822402954,3.8993725558337666,3.686574803851609,3.8683157658187266,9996491
2003-11-24,3.80735182762146,3.985641925368647,3.77284395689951,3.7958492040474767,14931834
2003-12-01,4.035102844238281,4.050056096029682,3.8418594936612105,3.8418594936612105,15237626
2003-12-08,4.083413124084473,4.163931255989917,3.9936931664833377,4.0259002375976705,17955552
2003-12-15,4.090314865112305,4.198439395172229,4.006346776553146,4.1409265018619426,16095909
2003-12-22,4.129423141479492,4.129423141479492,4.0512055884955895,4.054656443030684,3389576
2003-12-29,4.2214436531066895,4.2214436531066895,4.084562935559227,4.117920741903087,4672636
2004-01-05,4.176584243774414,4.353724056169844,4.08341342439049,4.215693481746042,13384516
2004-01-12,4.3698272705078125,4.412386906404292,4.135175038828077,4.157029545145026,16917556
2004-01-19,4.405486583709717,4.430791950316054,4.2755070785384115,4.368677910781056,15014976
2004-01-26,4.44114351272583,4.457247503813499,4.2720556933821685,4.406635868634414,14027423
2004-02-02,4.320366382598877,4.47910162243574,4.17658393923202,4.426189875823453,13562206
2004-02-09,4.342221260070801,4.411236540931401,4.240998454571598,4.342221260070801,12915358
2004-02-16,4.451496124267578,4.526262384489172,4.303112526554957,4.342221765479543,10442032
2004-02-23,4.462998390197754,4.588376269686366,4.293910137155528,4.475650616285016,22678120
2004-03-01,4.49405574798584,4.537765218870187,4.445745136760091,4.45954810366464,12660485
2004-03-08,4.232947826385498,4.514760435348988,4.1547302490204165,4.491755185396958,9246191
2004-03-15,4.168532848358154,4.249050534883533,4.100667843832552,4.211092034764547,12282681
2004-03-22,4.140926837921143,4.159330947109243,4.005196362364012,4.140926837921143,13531168
2004-03-29,4.364077091217041,4.383631487281525,4.123673366038207,4.123673366038207,11902437
2004-04-05,4.422739028930664,4.474500485344635,4.323816801429617,4.41698760462259,8970286
2004-04-12,4.458397388458252,4.488304346718688,4.315765670064295,4.42273991297942,11079909
2004-04-19,4.560770511627197,4.572272908474965,4.374428413031816,4.4745013999697925,15521841
2004-04-26,4.490604400634766,4.722956512977772,4.4491950503392355,4.566520937350432,18994238
2004-05-03,4.5320143699646,4.671195704159773,4.474501924859499,4.519361686535843,16436389
2004-05-10,4.537766456604004,4.589527937204409,4.366378019215312,4.44229549319693,22235903
2004-05-17,4.578668117523193,4.676543714344561,4.4975029194908664,4.666994645760451,14094671
2004-05-24,4.774420261383057,4.826939211765408,4.5906053487447025,4.595380355691534,18739474
2004-05-31,5.023884296417236,5.038207431547857,4.72070789231402,4.74816099994487,16321829
2004-06-07,5.027463436126709,5.066852401048949,4.9677831719647365,5.060884233262807,10893755
2004-06-14,5.280508995056152,5.335414739242824,4.957042228038336,5.035820178333687,20218557
2004-06-21,5.296025276184082,5.371222789183629,5.138469390108655,5.281702142331741,15049093
2004-06-28,5.32825231552124,5.461935994434695,5.2817020138254165,5.284089281281593,16099760
2004-07-05,5.235151290893555,5.3413818567465485,5.1384688516305745,5.310347853546542,12535281
2004-07-12,5.3509297370910645,5.38435005766447,5.20411613159642,5.20411613159642,14851341
2004-07-19,5.466710567474365,5.515648132749237,5.311541964981922,5.331832794285443,14419262
2004-07-26,5.514453887939453,5.705431007038061,5.412997396500563,5.4452250298006355,14760660
2004-08-02,5.415386199951172,5.631428741404734,5.401063065105795,5.471485576726049,14145316
2004-08-09,5.097886562347412,5.408223286006016,5.059691229783293,5.390319253318657,18215542
2004-08-16,5.026270866394043,5.190988091056093,4.958235624164765,5.064466205843207,12158357
2004-08-23,5.262603282928467,5.323477177071367,5.056109873223942,5.072820270810267,13789745
2004-08-30,5.273346900939941,5.312735870394803,5.15637315503674,5.241119733652582,10174422
2004-09-06,5.317510604858398,5.432096626596726,5.291251602730818,5.291251602730818,10673786
2004-09-13,5.218440055847168,5.395093579962572,5.144436660757788,5.312735221265147,12400785
2004-09-20,5.054917335510254,5.274540781655404,4.936750882287697,5.199344204822831,25096883
2004-09-27,5.01910924911499,5.0847576973851165,4.8520047506545705,5.0573045899764155,19974641
2004-10-04,4.920039176940918,5.206504656980754,4.872295244423068,5.069240085238011,17203962
2004-10-11,4.900942802429199,4.985688450004456,4.81858395133171,4.889006463874048,14075450
2004-10-18,4.893780708312988,5.00239855530689,4.857972166009967,4.945105547348584,13403013
2004-10-25,5.090724945068359,5.144437045074865,4.781581372580002,4.840067535904978,17249790
2004-11-01,5.2053117752075195,5.254249348449601,5.052530415108774,5.069240817465418,13346526
2004-11-08,5.378384113311768,5.395094514656058,5.144437552025263,5.157567523336166,12361329
2004-11-15,5.263797760009766,5.389126468842481,5.13250135401825,5.377190132058493,11864323
2004-11-22,5.2029242515563965,5.25186229362387,5.165922547180126,5.199343821482265,7654605
2004-11-29,5.267379283905029,5.311542792761671,5.1802459000112915,5.20173083752984,14444100
2004-12-06,5.22799015045166,5.267379122825587,5.144437670571637,5.251862354879272,11557508
2004-12-13,5.582491874694824,5.61949311471775,5.187408448320124,5.193376618275427,20578952
2004-12-20,5.608748435974121,5.608748435974121,5.503711046698268,5.586070342492766,7331211
2004-12-27,5.6326212882995605,5.668429354119633,5.592039159274467,5.607555453732243,4872602
2005-01-03,5.611137390136719,5.8152440627069195,5.586072022176574,5.632622327840595,15233565
2005-01-10,5.638590335845947,5.656494371548628,5.477453543288588,5.646945301182804,13429345
2005-01-17,5.76511287689209,5.820018148334967,5.614718312408291,5.64575232086576,13082240
2005-01-24,5.896407604217529,6.015768135454842,5.6720101447792555,5.728109509638824,18181423
2005-01-31,6.2067461013793945,6.2067461013793945,5.884472529529426,5.915506535707757,13346489
2005-02-07,6.36191463470459,6.4574029770075505,6.164969781444356,6.206746019558128,16216618
2005-02-14,6.499177932739258,6.5409541626099745,6.1052883039389245,6.218680658597657,21139587
2005-02-21,6.4693403244018555,6.49321206027988,6.164970744007512,6.463372154815705,12476187
2005-02-28,6.552893161773682,6.552893161773682,6.254491713655265,6.493212872149998,14404491
2005-03-07,6.570794582366943,6.7080596178965015,6.529018820392525,6.552890549739862,14063246
2005-03-14,6.0754475593566895,6.588698149555866,6.039639499193119,6.588698149555866,23902951
2005-03-21,6.230617046356201,6.242553382313546,5.968024252558845,6.06948075203048,11226477
2005-03-28,6.147066593170166,6.230618609669671,6.003833824375863,6.230618609669671,12447570
2005-04-04,6.272395133972168,6.320139549449328,6.015769961057358,6.135130528516958,18014872
2005-04-11,5.8224029541015625,6.242551990209517,5.8224029541015625,6.206743932789084,16407713
2005-04-18,5.7460126876831055,5.8271783457857405,5.66962250568205,5.775853051671303,14507605
2005-04-25,5.592038631439209,5.806887006079998,5.5526491972753185,5.759143079904197,14708445
2005-05-02,5.639782905578613,5.6767846037985565,5.566972671476099,5.635008371296517,12416864
2005-05-09,5.902377128601074,5.931023870024054,5.572942194019764,5.59920166772139,14827359
2005-05-16,6.087385177612305,6.123193245329068,5.785403398132169,5.840308662146894,16791250
2005-05-23,6.095633029937744,6.3575213284319485,6.051576964182632,6.290213423353579,11785335
2005-05-30,6.339165687561035,6.381997953442547,6.069934509082304,6.112766774963816,13111367
2005-06-06,6.345283508300781,6.473779798247699,6.271856573757497,6.308569799456617,10271399
2005-06-13,6.3024516105651855,6.4370669401987985,6.259619350421518,6.320808224463175,8934868
2005-06-20,6.204549312591553,6.424829655847265,6.106647206225177,6.118885271486659,12418834
2005-06-27,6.235144138336182,6.259619786286126,6.089514540336372,6.198430907983818,14193152
2005-07-04,5.833745002746582,6.277976134004003,5.538814399647525,6.241262905215719,31506296
2005-07-11,5.996506214141846,6.060142690232117,5.871680874481505,5.891261291498129,18553881
2005-07-18,6.1555986404418945,6.296333012121736,5.912066933962113,6.036892303586691,19059080
2005-07-25,6.222906112670898,6.394234669826421,6.106646913976179,6.2106680479951,15334970
2005-08-01,6.486020088195801,6.70018096703571,6.210669834664249,6.241264522010071,24094307
2005-08-08,6.345283508300781,6.54108770079278,6.308569799456617,6.522731087943221,20783679
2005-08-15,6.235144138336182,6.357521894940799,6.1861928424362915,6.357521894940799,7337901
2005-08-22,6.056472301483154,6.326926766932076,6.029549525472129,6.247381279077091,10997480
2005-08-29,5.951228141784668,6.125004334769085,5.892487356182459,6.040564093107059,11138601
2005-09-05,6.210668087005615,6.253500347349802,5.942661232953243,5.950004071804843,14656698
2005-09-12,6.265738010406494,6.296332689540793,6.106647031714371,6.216787200194731,10785471
2005-09-19,6.058918476104736,6.229023186502922,6.008743389108212,6.21066657698211,9763211
2005-09-26,5.9818220138549805,6.14336011866378,5.9561225612773,6.089514083727513,18380221
2005-10-03,6.035667419433594,6.247380100766515,5.94510720729987,6.008743682210476,21377366
2005-10-10,5.953675270080566,6.137241901142866,5.7909133500133265,6.045458344039168,23788673
2005-10-17,6.014863967895508,6.118885104046133,5.907171895411988,5.942661317408942,25937126
2005-10-24,5.406646728515625,6.113989437023275,5.390737245258737,6.002625469950291,38978876
2005-10-31,5.493535041809082,5.577975758421393,5.427450939702263,5.467836071388449,14455527
2005-11-07,5.412766456604004,5.586543138723569,5.354025185831872,5.530248998148268,14988608
2005-11-14,5.469059467315674,5.536367376825558,5.415213429594822,5.421332462226202,12734681
2005-11-21,5.451926231384277,5.540038361783278,5.394408778596897,5.540038361783278,15849185
2005-11-28,5.688116073608398,5.730947853116409,5.453151015432008,5.464164791158044,26676995
2005-12-05,5.549828052520752,5.724828014991281,5.4923110857549835,5.704023789862265,17549959
2005-12-12,5.5840935707092285,5.6819956543928525,5.548603672818617,5.548603672818617,16797131
2005-12-19,5.7896881103515625,5.7933595293365086,5.555946899383471,5.584093961789715,21952897
2005-12-26,5.810492992401123,5.856996671850224,5.7395141499057205,5.789688765610217,5472314
2006-01-02,6.038115501403809,6.047905952847775,5.790912883329412,5.790912883329412,16337642
2006-01-09,6.149479389190674,6.284095206463549,5.9916122145104795,6.020982604469773,21562604
2006-01-16,5.8986053466796875,6.15559843346584,5.894933927141512,6.15559843346584,16111443
2006-01-23,6.027101516723633,6.105423682390348,5.801926921046468,5.837416342849383,15684773
2006-01-30,6.241262912750244,6.241262912750244,5.830073590276868,5.991612183656396,25625509
2006-02-06,6.369758129119873,6.443185057428159,6.23514281860552,6.23514281860552,21618723
2006-02-13,6.3146891593933105,6.6940604663727505,6.186192379628171,6.369759000801912,30663709
2006-02-20,6.375877380371094,6.467660923133924,6.222905453293072,6.3330451248344435,12397505
2006-02-27,6.082171440124512,6.424829530435849,6.027101596958084,6.363640654758123,16188611
2006-03-06,6.180074214935303,6.253500674714817,5.984269516948099,6.096857785986234,16633442
2006-03-13,6.1555986404418945,6.253500749026336,6.063815081481721,6.186192837998549,15193392
2006-03-20,6.516613960266113,6.565565264266457,6.1678372479129235,6.186193866126756,15135040
2006-03-27,6.345283508300781,6.632871248185624,6.326926412306176,6.596157539341459,17297435
2006-04-03,6.761369705200195,6.926579756942288,6.351404092824662,6.375879745517047,32867179
2006-04-10,6.798080921173096,6.889864470690268,6.6757031772469055,6.730773500215231,19692688
2006-04-17,6.9449357986450195,6.944935798645019,6.755250593116018,6.798082377837448,15961886
2006-04-24,7.000005722045898,7.097907835782502,6.761368746078085,6.889865542126513,21722841
2006-05-01,7.048955917358398,7.220284480542155,6.94493477967947,7.000005106368079,22134222
2006-05-08,6.675704002380371,7.416089106445712,6.675704002380372,7.091788576416523,43693429
2006-05-15,6.400389671325684,6.946305521785621,6.287441376399611,6.85218186010334,30269504
2006-05-22,6.425487995147705,6.431763037213277,6.094174196960794,6.419213448545384,26195504
2006-05-29,6.331363677978516,6.444311937086275,6.129312315230191,6.337638718890935,23238225
2006-06-05,6.064054489135742,6.337639364293941,5.843177981156868,6.337639364293941,27584245
2006-06-12,5.910948753356934,6.086646006887373,5.715171856177016,6.079115954720059,24854820
2006-06-19,5.977460861206055,6.099194199337661,5.904672355471676,5.915966935668537,15427778
2006-06-26,5.898396968841553,6.042719446812223,5.686305037488568,6.023894818856324,21007314
2006-07-03,5.810548782348633,5.9736958997199725,5.710150594386517,5.915966508111445,22652023
2006-07-10,5.62104606628418,5.924751119353867,5.616026528862163,5.785448675032004,18041113
2006-07-17,5.444094657897949,5.735249644352259,5.434055087052904,5.626066896029294,17550850
2006-07-24,6.086644172668457,6.12931296903485,5.4227606281400735,5.47295947440459,43090590
2006-07-31,5.904673099517822,6.111744062617053,5.8230995246576285,6.101704985025096,19699911
2006-08-07,5.958636283874512,6.016365680171683,5.703876016061874,5.863258121429918,21426336
2006-08-14,6.293715476989746,6.343914326302846,5.964911205548108,6.028915147179485,23897101
2006-08-21,6.532159805297852,6.632558474551175,6.202101087660651,6.27363456972103,24015515
2006-08-28,6.701582431793213,6.739232183255818,6.438037144334051,6.519610697487201,18102464
2006-09-04,6.513336658477783,6.770607439829623,6.387838788861753,6.70158346290183,24916144
2006-09-11,6.732956886291504,6.889828945483355,6.5007858224985124,6.513335408867123,30139061
2006-09-18,6.933754920959473,7.115727187905232,6.607460641685607,6.7580581919132685,38363757
2006-09-25,7.253772735595703,7.372995042123434,6.8396299535531515,6.933753087897754,32860817
2006-10-02,7.366722583770752,7.416921437821282,7.122001869683286,7.247499748004544,21204900
2006-10-09,7.561243534088135,7.749490341256583,7.2976986977008735,7.3667221801716884,23741426
2006-10-16,7.724390506744385,7.893812172877762,7.366721553980817,7.536143220114194,25311893
2006-10-23,8.0318603515625,8.063234569941594,7.70556560673317,7.762039992556713,21613427
2006-10-30,7.89381217956543,8.082058970891884,7.849888374172822,7.975386235057124,22964761
2006-11-06,8.075785636901855,8.138534576763046,7.893813364480095,7.900088407105202,15643372
2006-11-13,8.420905113220215,8.584051267989912,8.056961061274928,8.063235608480964,25250563
2006-11-20,8.521302223205566,8.609150832538045,8.282856564118283,8.295406153110097,20691384
2006-11-27,8.088334083557129,8.533851642245171,8.000485481074527,8.477377752990593,18095133
2006-12-04,8.326780319213867,8.395804296878476,8.044410357295183,8.100884746049527,14650644
2006-12-11,8.872695922851562,8.954269987748036,8.389530044122303,8.389530044122303,23269456
2006-12-18,9.00446891784668,9.161340511556988,8.784846902984535,8.847596333209864,15407846
2006-12-25,9.098591804504395,9.198990493539782,8.991918569001726,9.00446865286277,7363605
2007-01-01,8.659348487854004,9.198990184640081,8.590325506252238,9.098591498976056,25252427
2007-01-08,8.665624618530273,8.784846951129376,8.50247748634741,8.615425272260197,28709882
2007-01-15,8.7848482131958,8.81622293298783,8.584051790194792,8.684450497158624,22764542
2007-01-22,9.029566764831543,9.098590731537795,8.747196352279193,8.78484560849599,22886453
2007-01-29,8.841320037841797,9.136239526974784,8.753471447457729,9.023291764020827,26849826
2007-02-05,8.922893524169922,8.954268234597002,8.747196334889903,8.791121127673089,15804368
2007-02-12,10.366119384765625,10.6798645396313,8.759747323180987,8.916619900613824,54974682
2007-02-19,10.184148788452148,10.541817790368885,10.155284088230417,10.327215794662896,24538690
2007-02-26,9.609369277954102,10.24438875304081,9.472576811514516,10.185404836402398,32848144
2007-03-05,9.660821914672852,9.763730622889588,9.268013694427925,9.482615674306542,18462736
2007-03-12,9.406062126159668,9.709767241681302,9.186441092365987,9.708511737738656,24376416
2007-03-19,10.294585227966309,10.353569128119787,9.416100280396197,9.451239519750786,22943367
2007-03-26,10.374903678894043,10.610840290841034,10.185402870726387,10.460243254602629,20537893
2007-04-02,10.757675170898438,10.881917555020145,10.36612140299712,10.378671489094595,13696332
2007-04-09,10.820422172546387,11.028748619272255,10.693669788155443,10.757673732303505,11240709
2007-04-16,11.056355476379395,11.154244132299016,10.745121376001217,10.891953864417491,19492558
2007-04-23,11.545799255371094,11.71522092190804,10.924584496216074,11.043807811063404,21694013
2007-04-30,12.030219078063965,12.047789192605972,11.526973183832583,11.526973183832583,17434059
2007-05-07,11.602274894714355,12.04528150941162,11.314884382845268,12.04151697929118,14253663
2007-05-14,11.652867317199707,12.049414152438064,11.44503139744508,11.855603839890106,15146924
2007-05-21,11.348124504089355,11.649041251304077,11.298396075301296,11.641390646352757,15387004
2007-05-28,12.540313720703125,12.597691741422315,11.348123272095313,11.348123272095313,23439733
2007-06-04,12.027734756469727,12.750699192799125,11.780371275693065,12.459983297515684,21780791
2007-06-11,13.005715370178223,13.207177274404863,12.036661894365709,12.086390323402087,23063983
2007-06-18,12.75707721710205,13.245429256161003,12.704799593337189,13.00571533443655,19298180
2007-06-25,13.24160385131836,13.24160385131836,12.544140289285458,12.686948565982776,20300139
2007-07-02,13.458364486694336,13.515742509207989,13.003164098578702,13.133221352326027,15989990
2007-07-09,13.41246223449707,13.604997918935467,12.959812035443282,13.408636428816862,16020343
2007-07-16,12.996786117553711,13.47876200020275,12.996786117553711,13.362731384455637,12397731
2007-07-23,11.48582935333252,13.541243197437854,11.345572314300334,12.92155840004565,37685143
2007-07-30,11.692389488220215,12.597688600744801,11.603134475978525,11.603134475978525,28277377
2007-08-06,10.748839378356934,11.62736305790656,10.715687769345442,11.538108028943496,40018995
2007-08-13,10.643006324768066,11.430999206976926,10.489998310914894,11.003851163776394,33245765
2007-08-20,11.724268913269043,11.805873347143407,10.83172054361705,10.880173365003259,21685381
2007-08-27,11.790574073791504,11.912980734245144,11.201491579887282,11.7382964494583,16587134
2007-09-03,11.1581392288208,12.083840296541396,11.1581392288208,11.884929597891551,16488808
2007-09-10,11.211688041687012,11.326445069712493,10.838093170745244,11.158135835851901,17600862
2007-09-17,11.671992301940918,11.673266899397117,10.618784168196541,11.211691465776067,31540792
2007-09-24,12.021360397338867,12.239397078722678,11.641389451540812,11.726818681084971,17784179
2007-10-01,12.42300796508789,12.869283191224266,11.914255314762555,11.914255314762555,19935435
2007-10-08,12.714998245239258,12.899883318059924,12.346502696915422,12.447234143053223,15095551
2007-10-15,12.068537712097168,12.686946955474536,12.039210899281386,12.638494135481668,17379993
2007-10-22,12.44085693359375,12.53903716202486,11.660514501712912,11.756144528964587,21283025
2007-10-29,11.335373878479004,12.72520060078047,11.274171050384506,12.584942525644745,31492481
2007-11-05,11.010228157043457,11.507504246696563,10.723337098529786,11.290742203089852,34097607
2007-11-12,10.132980346679688,11.386373407948987,10.106202733278083,10.882721304620812,31803141
2007-11-19,9.945547103881836,10.32806830122976,9.499272877038115,10.199286637981084,33416154
2007-11-26,10.331893920898438,10.353569124967487,9.49927270574097,10.07305398802053,26669134
2007-12-03,10.055201530456543,10.437722642820777,9.602551396473576,10.328066006671019,26320257
2007-12-10,9.676506042480469,10.292365075892663,9.501821778903718,9.953196347445235,28871578
2007-12-17,10.032252311706543,10.032252311706545,9.204731455053272,9.492898219440738,29150089
2007-12-24,10.117680549621582,10.162308573557562,9.869042441487633,9.997824096590008,5310992
2007-12-31,9.054272651672363,10.187809556229588,8.953542207217389,10.084529917010345,14896560
2008-01-07,8.396336555480957,9.242982308684534,8.138772245391817,9.054272432126632,38949448
2008-01-14,7.627468585968018,8.637324102517365,7.335477091456635,8.382309518773672,39018697
2008-01-21,8.295605659484863,8.54296966846922,7.02818621683271,7.497411716319896,54245327
2008-01-28,8.479214668273926,8.861735789719425,7.906708590109645,8.19104897827897,39241855
2008-02-04,7.5943169593811035,8.810733314472769,7.433658299979374,8.568470224683148,41054357
2008-02-11,7.581563949584961,8.272652230724612,7.460432436691126,7.482108639248626,40018528
2008-02-18,7.876106262207031,8.063541511187708,7.612166994342944,7.613442094884028,37606600
2008-02-25,8.36573314666748,8.861735167049227,7.886306929636678,7.953885746954797,46524838
2008-03-03,7.9028849601745605,8.453715451315091,7.797054104253559,8.30963257583624,28843982
2008-03-10,7.970463752746582,8.231852887219462,7.710349215749466,7.863357796535742,37949989
2008-03-17,8.271377563476562,8.309630074917225,7.542037699440975,7.7779257535807265,37426252
2008-03-24,8.392510414123535,8.78523184032942,8.157897437537207,8.271378372275004,29378719
2008-03-31,8.19105052947998,8.850262063678827,8.117096693760942,8.317282996654288,27341304
2008-04-07,8.02911376953125,8.330030410944982,7.8047016405455185,8.284127804167248,21649944
2008-04-14,8.429486274719238,8.451162479148994,7.8123522503990355,7.936034478071429,20303082
2008-04-21,8.564645767211914,8.65135060380202,8.085219467886162,8.391235590636228,22481999
2008-04-28,7.48975944519043,8.707450612415535,7.411979831899426,8.569743798012366,44542611
2008-05-05,7.710086345672607,7.943369851544404,7.5602114331052634,7.661866106404301,19075018
2008-05-12,8.33792781829834,8.428499636802606,7.8837372821840415,7.898388420172696,18058927
2008-05-19,8.02491283416748,8.802663547924007,7.9346991866179835,8.638639126662536,25543443
2008-05-26,7.859523296356201,8.138365199776176,7.702332830429078,7.979807827384683,27454273
2008-06-02,7.155582427978516,7.866356444700655,7.121410309676489,7.817148896543737,38814706
2008-06-09,7.027097702026367,7.126879182485003,6.395601442990195,7.114577023472675,41099841
2008-06-16,6.4297709465026855,7.109107039216062,6.347758745072827,7.039396452145017,29553368
2008-06-23,6.216541290283203,6.614301368811288,5.933598659713202,6.3573288824976,37165446
2008-06-30,6.388766765594482,6.554158663792947,5.884390172175256,6.237043931501287,38577319
2008-07-07,5.863887786865234,6.604733877713119,5.863887786865235,6.418838362078266,32228690
2008-07-14,6.257546901702881,6.8330004619743585,5.706696577202857,6.157764893668126,56174213
2008-07-21,6.533654689788818,6.823431792817447,5.973236091513176,6.297185310367045,41383245
2008-07-28,5.604180812835693,6.526820422452674,5.578210133272424,6.526820422452674,45517139
2008-08-04,6.253446102142334,6.309487644562524,5.534470617823387,5.580944355264184,45430966
2008-08-11,6.360063076019287,6.895876920352645,6.137262178547194,6.28351793274918,38019967
2008-08-18,6.127694129943848,6.437974330845598,5.831082453537235,6.2944523952696905,22584819
2008-08-25,6.063451290130615,6.186469092760674,5.836549676912426,6.086688160066746,16120269
2008-09-01,6.414736747741699,6.95738562781032,6.155031551545701,6.2452446741884335,42734095
2008-09-08,6.839151859283447,7.079720389602415,6.507684855557379,6.608834318324923,43215499
2008-09-15,6.703830242156982,6.72501756277146,5.977338053428868,6.424306226726061,57914752
2008-09-22,6.293768882751465,6.655991570537105,6.101039372598921,6.5698780751441905,26807633
2008-09-29,5.901475429534912,6.328623641379408,5.577526209267013,6.313587672909401,39406439
2008-10-06,5.604180812835693,5.95341700138747,5.069049688158849,5.655438449005688,58271044
2008-10-13,5.671841621398926,6.7694410788753885,5.460659697512211,5.90352660277838,44946630
2008-10-20,4.773805618286133,6.210389776767307,4.481294919767967,5.903526560359802,39640895
2008-10-27,5.483213424682617,5.4975656729604845,4.292666206895263,4.613881945851881,38519499
2008-11-03,5.5672760009765625,6.127694734430041,5.3745470344221955,5.474328514250413,23386392
2008-11-10,5.060849189758301,5.960935186747433,4.853767459857581,5.740868655679074,25496650
2008-11-17,4.309068202972412,5.208471283257855,4.189466863004816,5.05743163625954,26742478
2008-11-24,5.144912242889404,5.235809101955457,4.386980623255361,4.4382385406551395,33874337
2008-12-01,4.987037181854248,5.657489363214678,4.752618949937995,5.121674488591262,38123315
2008-12-08,5.343109607696533,5.943167050833233,5.138078468983989,5.282967334611042,29355628
2008-12-15,5.079985618591309,5.493464838462174,5.031461248831962,5.414185882882598,23965776
2008-12-22,4.863336086273193,5.157213420423649,4.804560727370971,5.057431946972031,8407061
2008-12-29,5.369762420654297,5.3861647574235985,4.887938988757204,4.88862271176055,5985834
2009-01-05,5.327388286590576,5.551557174530446,5.151746468011916,5.392316075351571,20716296
2009-01-12,4.866753101348877,5.525585216184589,4.84078188137083,5.330805653283178,26504033
2009-01-19,4.228422164916992,5.115522936679517,4.170330002891394,4.964483315412961,33344096
2009-01-26,4.19903564453125,4.297450479210967,4.01997494932028,4.217488071895385,45663897
2009-02-02,4.330255031585693,4.42046896476045,3.9482138687191415,4.155295060626287,31458480
2009-02-09,4.363743305206299,4.521617211608243,4.144360501615786,4.322053470870877,47202538
2009-02-16,3.634516716003418,4.3070185292447745,3.623581463931511,4.305651622735787,37186307
2009-02-23,3.532683849334717,3.801274444886029,3.2955315570862056,3.677572670275629,40146981
2009-03-02,3.262042999267578,3.564122561955652,3.1465423788622293,3.417183634637001,36860511
2009-03-09,3.7151622772216797,3.798541139072583,3.1014361449701675,3.268877591690223,33947635
2009-03-16,3.953681707382202,3.963933235360043,3.683723904566886,3.7759879261871054,23567205
2009-03-23,4.100619792938232,4.159395413546726,3.8812370024547493,3.985118911129619,20067215
2009-03-30,4.669922828674316,4.693842879309243,3.667321347937017,3.996737669497348,35419030
2009-04-06,4.859234809875488,4.874270239582928,4.209969695077486,4.715712885765197,25899963
2009-04-13,5.200953006744385,5.261095261922355,4.596795023588033,4.859234543971086,22942229
2009-04-20,5.133293628692627,5.248794802157008,4.566724632534194,5.194120159848353,23772565
2009-04-27,5.3301239013671875,5.4264878446554485,4.77038889303788,5.021893760977637,24151689
2009-05-04,5.87482213973999,6.079853236635777,5.25904404677554,5.330805821093917,28168888
2009-05-11,5.180451393127441,5.851586349187119,4.9371479526781155,5.772307384757013,29699074
2009-05-18,5.629945755004883,6.098349358765789,5.18184630430455,5.235758703964587,22176580
2009-05-25,5.992623805999756,6.005226343547492,5.433201830224205,5.602638956049697,21418094
2009-06-01,6.1515607833862305,6.469431015491237,5.937313205222279,6.0829456109750195,24482273
2009-06-08,6.242580413818359,6.327298700504832,5.980722835911336,6.078744661123952,16738915
2009-06-15,5.700660705566406,6.240479525445213,5.494815207519595,6.240479525445213,21626348
2009-06-22,5.669153690338135,5.935912736755764,5.297371105643725,5.730766585431969,19152186
2009-06-29,5.5144195556640625,5.8161866741806225,5.4332023955810556,5.624344587210291,15411244
2009-07-06,5.223155975341797,5.551528523429939,5.1391370204030435,5.482912794785318,14072784
2009-07-13,5.768576145172119,5.768576145172119,5.153840260839676,5.196549356497989,15229085
2009-07-20,6.226475715637207,6.270585695568265,5.671253201668184,5.832288793914611,19471028
2009-07-27,7.093968868255615,7.179387604673928,6.110951016382428,6.2824889373420865,25331993
2009-08-03,7.2368011474609375,7.670897133543301,7.0827666777117715,7.085567364744294,25944677
2009-08-10,7.396437168121338,7.519664645509536,7.0197535705246645,7.207395197495796,18490127
2009-08-17,7.488855361938477,7.543467089342936,6.805504451469786,7.315217224283573,18511666
2009-08-24,7.435644149780273,7.70030241174906,7.162583827619515,7.533665973993836,14017320
2009-08-31,7.169585227966309,7.505659906966522,6.783100397511831,7.351626001581353,17111224
2009-09-07,7.652693271636963,7.6877007540967846,7.236801195656327,7.239601329867577,15951586
2009-09-14,7.665295600891113,8.1217970737891,7.448247335920479,7.481855026775509,22084020
2009-09-21,7.640090465545654,7.967763123024671,7.519664234882378,7.722709078124351,15757617
2009-09-28,7.051960468292236,7.841735442037444,6.957439212637233,7.5364677319245885,24644966
2009-10-05,7.54626989364624,7.7857231245780225,7.008550658186076,7.057561579269889,20409370
2009-10-12,7.883742809295654,8.215616417087881,7.592478049743375,7.638688270937744,18501811
2009-10-19,7.649892807006836,8.170808451192434,7.603682574998756,7.922952615516472,17234550
2009-10-26,7.078564643859863,7.757715120627087,6.872019256466013,7.686299269939902,25899012
2009-11-02,7.438446521759033,7.547670564801071,6.946937498809887,7.043559001548606,18146205
2009-11-09,7.547669410705566,7.637289181327802,7.353026644147869,7.549070307013934,9332167
2009-11-16,7.255003929138184,7.8501354569186805,7.22839795931753,7.635888460735195,12682822
2009-11-23,7.284409999847412,7.551869487305256,6.875519709816582,7.3614272223660295,20834222
2009-11-30,7.4062371253967285,7.4916564079346,7.070163026948833,7.369829305379811,17141600
2009-12-07,7.411838054656982,7.669495124454866,7.295612332247494,7.379630713617322,17955611
2009-12-14,7.473453044891357,7.663895891297448,7.374031420441886,7.498658675089229,15489734
2009-12-21,7.539267539978027,7.631688552707255,7.367029711733355,7.5112612227424975,8168410
2009-12-28,7.5028605461120605,7.582678476153666,7.421642825251455,7.575676757858795,4655468
2010-01-04,8.058781623840332,8.097990130459086,7.491656409805437,7.512661006411186,26152825
2010-01-11,8.404657363891602,8.522283425929471,7.921550580054535,8.177806745992992,21008389
2010-01-18,8.027976989746094,8.501282106590985,7.827732814917868,8.429866235951549,18050772
2010-01-25,7.8851423263549805,8.099389858876455,7.661092944342858,7.960759752938785,21241718
2010-02-01,7.497256755828857,8.31783797335397,7.4776525037597645,7.843133235553025,24161106
2010-02-08,7.068763732910156,7.708705234667302,6.97564337768152,7.5448694674322505,33843285
2010-02-15,7.372631549835205,7.47765455502946,7.043558545493289,7.107973245041712,21239235
2010-02-22,7.1737871170043945,7.445447137277191,7.016952506020921,7.431444254325789,20250880
2010-03-01,7.749313831329346,7.764717609356696,7.114973724811011,7.250803723103723,15422339
2010-03-08,7.95375919342041,8.081187125204677,7.581276143303652,7.771718974962962,15098551
2010-03-15,7.903349876403809,8.051782995518412,7.819330910685351,7.981767467173034,13697659
2010-03-22,8.103592872619629,8.259027134896291,7.808127574088702,7.834733548374603,15642416
2010-03-29,7.640090465545654,8.170808519106588,7.438445965881622,8.107794163779124,24121592
2010-04-05,7.3320207595825195,7.700301628947418,7.248002377563433,7.640088528879046,29270721
2010-04-12,7.511260032653809,7.708704012683236,7.362827514651089,7.404837260268293,27889937
2010-04-19,7.588278293609619,7.6694965565606275,7.372630927069159,7.431443694442039,29034192
2010-04-26,7.683499336242676,7.722708400142896,7.274608998499588,7.69890311424772,34314559
2010-05-03,7.3096160888671875,7.757715466582342,7.043557480702467,7.620485132359302,36927301
2010-05-10,7.70557165145874,8.160265616221514,7.340675590344147,7.52169793132236,30114834
2010-05-17,7.515994548797607,7.929352673721304,7.353502001827016,7.638576240860768,28232817
2010-05-24,7.745478630065918,7.79251595879482,7.1382695796991795,7.610068274691195,21444990
2010-05-31,7.7982177734375,8.117501790880441,7.527397056303883,7.69131500686765,17324525
2010-06-07,8.351263999938965,8.408278627803801,7.588688780024442,7.645703407889277,18360296
2010-06-14,8.576473236083984,8.630636484477385,8.275718926815388,8.411129298739088,21447366
2010-06-21,8.265740394592285,8.790278070263618,8.24578581141615,8.6448898551089,14302674
2010-06-28,8.006322860717773,8.503777784324637,7.910822792594594,8.294247910099527,15287532
2010-07-05,8.39117431640625,8.48097276349768,7.9507339656456235,8.051935113244111,11768135
2010-07-12,8.392600059509277,8.751793862221087,8.319905941642583,8.409704392320535,14911471
2010-07-19,8.647741317749023,8.694778651893342,8.094696570954026,8.328457271073471,11756729
2010-07-26,8.332733154296875,8.848718963675182,8.315628823325362,8.73183833702231,15496788
2010-08-02,9.108135223388672,9.314814826368659,8.416828847137388,8.449612659656028,24093045
2010-08-09,8.575045585632324,9.232142731715705,8.466716859126771,9.155172972365373,15278191
2010-08-16,8.395448684692383,8.798830056010402,8.329882182086093,8.599277481880073,11729652
2010-08-23,8.555092811584473,8.560794443555569,8.10039835385639,8.381196975611717,11424741
2010-08-30,8.830188751220703,8.892905007238815,8.195898026453259,8.576472911501746,11293627
2010-09-06,9.045419692993164,9.069651061713325,8.607830211032615,8.907157956600491,9274256
2010-09-13,9.200787544250488,9.314817371308,8.961324063327066,9.199361573506225,19042947
2010-09-20,9.363277435302734,9.515792118603787,8.931389598285008,9.249247634064803,12262613
2010-09-27,7.973325729370117,9.400337163568791,7.92907056434865,9.343322546190512,67037523
2010-10-04,8.187227249145508,8.39375212556931,7.929071434983262,8.039709641052797,56415924
2010-10-11,8.54864501953125,8.668133915198931,8.120843755088604,8.120843755088604,49380168
2010-10-18,8.820077896118164,8.848106038986005,8.483737368029004,8.556021243378193,19394984
2010-10-25,8.43062973022461,8.942515338515069,8.368672055412526,8.864331202969602,23201176
2010-11-01,8.291964530944824,8.595851003089336,8.284588763162702,8.49701391405687,20154956
2010-11-08,8.187227249145508,8.507340188593885,8.016106846267363,8.29196461583493,23946220
2010-11-15,8.16510009765625,8.364249223657053,8.126745763797798,8.135597023642855,16567908
2010-11-22,7.980702877044678,8.258036155350247,7.825809491306187,8.230008010626062,21780516
2010-11-29,8.297866821289062,8.331795809207899,7.603058907842885,7.9851295982125325,28486744
2010-12-06,8.03823471069336,8.259511122780621,7.911369477725726,8.24770944402316,23895244
2010-12-13,7.9275970458984375,8.163625009812082,7.923171134694706,8.100192388997467,17406084
2010-12-20,8.0603609085083,8.228530868586786,7.962999323055761,8.00577955858027,9760844
2010-12-27,7.921695232391357,8.14297163238701,7.921695232391357,8.069212832388459,6019012
2011-01-03,7.901042461395264,8.199028065943578,7.886290364495868,8.010205164776009,18269820
2011-01-10,7.818431854248047,8.019055856017282,7.670914272092423,7.899566411886656,24208812
2011-01-17,8.06478500366211,8.165096992821503,7.760899180092346,7.84498414707377,26588084
2011-01-24,7.886290550231934,8.182801233441136,7.7668016575749155,8.070687545305079,33529888
2011-01-31,8.199028015136719,8.209354201534829,7.784503379959165,7.877439620277113,24393732
2011-02-07,8.730090141296387,8.792047252738836,8.147395606980288,8.212303137453553,37689448
2011-02-14,8.792049407958984,9.070858165999867,8.654857984437845,8.843680909552495,27995412
2011-02-21,8.646005630493164,8.976444701313161,8.392275207633762,8.797948560922498,19967784
2011-02-28,8.502915382385254,8.836305513056018,8.41145461710405,8.628305694897199,18813048
2011-03-07,8.74779224395752,9.072331027403488,8.408501927837378,8.499962668434048,26439360
2011-03-14,8.557496070861816,8.858432121961469,8.293439983973059,8.70501367676537,34863988
2011-03-21,8.883509635925293,8.998573178459921,8.579623191576323,8.668133522336044,19242472
2011-03-28,8.920390129089355,9.104787143084192,8.735993115094521,8.848106251999969,17840120
2011-04-04,9.005949974060059,9.27738239885213,8.861382783850752,8.929240749365015,18567144
2011-04-11,8.948416709899902,8.99414736396893,8.728615260000295,8.963168243349301,17271916
2011-04-18,9.396870613098145,9.424898752665912,8.718289360189745,8.923339283370085,18682340
2011-04-25,9.982516288757324,10.014970342675465,9.396871766160531,9.396871766160531,24962624
2011-05-02,9.917607307434082,10.110854975307213,9.601918653703978,10.031195347783147,23730040
2011-05-09,9.637324333190918,10.075451751400832,9.569466377492429,9.93678485796877,18684268
2011-05-16,9.541393280029297,10.052350238617988,9.508036881512922,9.855244878346134,21435700
2011-05-23,9.667237281799316,9.794597397947129,9.344288890951914,9.445873449422297,18083588
2011-05-30,9.582330703735352,9.911344570570908,9.491358863782034,9.685431775320405,12034144
2011-06-06,9.60052490234375,9.908311603643435,9.44284084144511,9.555039271264075,21570772
2011-06-13,9.515617370605469,9.758208351798416,9.31699665904741,9.55200622021781,20272244
2011-06-20,9.712723731994629,9.953798815597164,9.265447639885883,9.341257225447533,18290696
2011-06-27,10.185774803161621,10.246422696061522,9.635397112671951,9.715755657521495,16892064
2011-07-04,9.881019592285156,10.302520638419155,9.870406298201289,10.214582411765242,16767108
2011-07-11,9.906795501708984,10.009896578263064,9.294254526064467,9.80217906640202,22285780
2011-07-18,9.630849838256836,9.975025426795014,9.388258816949728,9.83098651988475,15742696
2011-07-25,8.893980026245117,9.868890706502562,8.680197030805079,9.574750318607341,34635104
2011-08-01,7.7522873878479,9.104729943298254,7.3110756795657315,9.036501209361596,43060664
2011-08-08,7.96910285949707,7.996394353203454,6.7819246184129005,7.611281567241083,43270304
2011-08-15,7.103356838226318,8.079784519555403,6.853943849241064,8.050976511329143,20786812
2011-08-22,7.321689128875732,7.417208780027546,6.822861970447117,6.975239383067166,25561520
2011-08-29,7.222376346588135,7.768965635990378,7.203425687651077,7.480130756903469,18350884
2011-09-05,6.802393913269043,7.232234095925182,6.691709681611591,7.123826372666705,23278860
2011-09-12,7.412661075592041,7.4566307733881665,6.368005094325784,6.656081746612061,31023820
2011-09-19,6.528720855712891,7.1200351980765095,6.2467091420771075,7.1200351980765095,24448504
2011-09-26,6.854701995849609,7.348222517192977,6.330099847867744,6.369520574468539,29353032
2011-10-03,6.863039970397949,6.956285991785165,6.095089269109219,6.689435993512597,23735188
2011-10-10,7.555181980133057,7.670412271379013,6.77434318229602,6.928236515965111,22716872
2011-10-17,7.70831823348999,7.8447757108951714,7.315624580047527,7.620378841744161,27404676
2011-10-24,8.446703910827637,8.481576250889075,7.576410189757414,7.752288405674066,28969564
2011-10-31,7.640090465545654,8.387573076836343,7.388402647315082,8.339054985012229,24444712
2011-11-07,7.563520431518555,7.876616128079657,7.217072380589798,7.579442688752355,23725504
2011-11-14,6.777376651763916,7.684059170407484,6.747810961467586,7.659800127641748,24321504
2011-11-21,6.411974906921387,6.785716188117428,6.157254652317366,6.785716188117428,26050052
2011-11-28,7.239814281463623,7.396740075738112,6.502945133259535,6.519623331998655,28008708
2011-12-05,7.15111780166626,7.41417713612505,6.872896782599266,7.342915946027872,19199428
2011-12-12,6.509768486022949,7.167795627492349,6.446846399260163,7.097292698821301,21129660
2011-12-19,6.886540412902832,6.975995720217075,6.414247160156252,6.423344515917062,12573920
2011-12-26,6.925205230712891,6.9797882225357695,6.706115584032489,6.886542181774816,4877000
2012-01-02,7.0722761154174805,7.313350614126931,6.9153503006789565,6.940367602050037,15619276
2012-01-09,7.274686813354492,7.477856499326311,7.035128854947187,7.122307669136852,22740556
2012-01-16,7.87358283996582,7.888744524256897,7.155666041702757,7.210249030560524,19651928
2012-01-23,7.906939506530762,8.16772407110895,7.714383101948097,7.884196400944787,16364824
2012-01-30,8.30872917175293,8.30872917175293,7.765932924171776,7.846290887307646,18611496
2012-02-06,8.193499565124512,8.783298006416935,8.032783046916686,8.187434659898285,25760480
2012-02-13,8.290535926818848,8.329956654937966,7.909971501605393,8.263244431051302,22461440
2012-02-20,8.040364265441895,8.504319126093664,7.888745097979631,8.339054210424548,18280980
2012-02-27,7.878130912780762,8.049460714610072,7.764416550026832,7.991845275534691,21471900
2012-03-05,7.894810199737549,7.956974036807087,7.470276635966465,7.852357016874812,22728188
2012-03-12,8.827266693115234,8.827266693115234,7.826580001994842,7.91451938258342,33252404
2012-03-19,8.44518756866455,8.804524826171713,8.223823727559292,8.78329823570699,19896544
2012-03-26,8.464897155761719,8.690809358259589,8.238984374882708,8.486123743552806,14989060
2012-04-02,8.307214736938477,8.640777037609787,8.066140225556797,8.50280361149708,13660100
2012-04-09,8.08888053894043,8.30721246129218,8.022168328433558,8.30721246129218,19551136
2012-04-16,7.8826799392700195,8.363312371798244,7.737125114291777,8.052493226966615,25959480
2012-04-23,8.608936309814453,8.637744322353052,7.574893614006864,7.747739375713524,26540172
2012-04-30,8.25566291809082,8.715068762234123,8.185918247184931,8.618032597777031,12948068
2012-05-07,8.298115730285645,8.440637518262658,7.9296811619385945,8.0919136006977,17135952
2012-05-14,7.635625839233398,8.586623124617082,7.573177138116907,8.580298823796095,20686044
2012-05-21,7.684639930725098,8.050650239416134,7.543927557256805,7.6308845809948895,19394192
2012-05-28,7.351829528808594,7.949461929765479,7.196887817564896,7.747089180895077,21377892
2012-06-04,7.693335056304932,7.965273932786995,7.164477365484639,7.287798806487542,23488012
2012-06-11,7.513097286224365,7.968436680179373,7.211118865937199,7.905194879892828,21899972
2012-06-18,7.6411614418029785,7.966855075541278,7.533650746262622,7.614283466358645,18504332
2012-06-25,8.139185905456543,8.150253126407703,7.299654267543718,7.618234023295361,17428484
2012-07-02,7.94313907623291,8.300453574247452,7.925747553197443,8.143930470046678,17667168
2012-07-09,7.901239395141602,8.153417087459054,7.728906140884572,7.949462936407273,13517276
2012-07-16,8.276737213134766,8.502825791656758,7.837999343183252,7.9241656613777,18068528
2012-07-23,8.7210111618042,8.773185738671584,7.736023930183909,8.169228281513776,25897724
2012-07-30,9.105203628540039,9.132081002053233,8.569231503837962,8.807968127555364,23178652
2012-08-06,9.059353828430176,9.253821563339306,8.84275164284955,9.04354367884155,14709248
2012-08-13,9.275956153869629,9.302834132317804,8.932870957051462,9.024571514780048,8874936
2012-08-20,9.13840389251709,9.473583940042866,9.016663835884776,9.223780130121844,11101116
2012-08-27,9.01982593536377,9.234847301558473,8.853816987472346,9.151052440924932,10620040
2012-09-03,9.370817184448242,9.612715931579803,8.909153534108983,9.011921298940774,16501616
2012-09-10,10.162919044494629,10.276754051602623,9.337617052317308,9.340779202861256,19147332
2012-09-17,10.044340133666992,10.06963673243327,9.623783802228553,10.063313035080567,20665596
2012-09-24,9.638012886047363,10.007976008795168,9.535245720523148,9.995328011352736,18279432
2012-10-01,10.42379093170166,10.44908693029413,9.66014874978743,9.691769652705856,20013588
2012-10-08,10.292563438415527,10.434857186755043,10.055407593262004,10.351062314465384,12343412
2012-10-15,9.93050479888916,10.428531652948122,9.7154834282109,10.283076374617787,20708404
2012-10-22,10.128134727478027,10.3811019144713,9.664890888302713,9.802441102644062,22494424
2012-10-29,10.75106430053711,10.828534867309346,10.0617312577096,10.126554430280095,15170992
2012-11-05,10.382681846618652,10.743158511704245,10.222997791133647,10.657783475225587,12068044
2012-11-12,10.309956550598145,10.5392079599447,10.120232327765372,10.387427134193853,11081672
2012-11-19,10.972412109375,10.988222259868385,10.362130891680458,10.409561343160615,9537960
2012-11-26,11.306010246276855,11.32814469581613,10.608771467078641,10.910750495594067,12330532
2012-12-03,11.209566116333008,11.378737231501606,11.06569099648838,11.228537811266744,10717372
2012-12-10,11.315495491027832,11.475180759536656,11.04829952781559,11.103636854950576,10778888
2012-12-17,11.381898880004883,11.381898880004883,11.11786566910386,11.266483714006291,11304500
2012-12-24,11.260156631469727,11.366085923744565,11.19691484886619,11.288615373329485,2552024
2012-12-31,11.682295799255371,11.682295799255371,11.157390956803745,11.160552503714337,6760132
2013-01-07,11.056205749511719,11.658581221113598,10.860157251714469,11.612730945471888,12407712
2013-01-14,11.39928913116455,11.536839936477751,11.059365559117104,11.064109688599771,12756952
2013-01-21,11.143162727355957,11.570042748987898,10.849089394680812,11.407195934855986,14899428
2013-01-28,11.241185188293457,11.298102679372358,10.706794528982485,11.083081314460253,17335560
2013-02-04,11.241185188293457,11.336047271346013,10.709956075714944,11.298102679372358,14921540
2013-02-11,10.515491485595703,11.49415387697959,10.382683572768379,11.256998009865264,27502780
2013-02-18,10.499679565429688,10.96924708990661,10.41746486986554,10.452247917509071,16569448
2013-02-25,10.626163482666016,10.907588245133008,10.419047749752302,10.545530152061701,15028768
2013-03-04,10.725765228271484,11.109957654346045,10.460151902824103,10.60560716377959,14081012
2013-03-11,10.733673095703125,11.01193628244455,10.624581024589908,10.70837710031043,14096232
2013-03-18,10.35106086730957,10.803238045350161,10.246711731037049,10.664105863653464,14579756
2013-03-25,10.316278457641602,10.645134826707725,10.18663332067627,10.471220795105976,9842128
2013-04-01,10.012720108032227,10.711539044777666,9.860939908215867,10.316279301427937,13657792
2013-04-08,9.865682601928711,10.148688699010787,9.785049283349885,10.014300035752228,19680032
2013-04-15,9.494138717651367,9.85935893005155,9.305995300843177,9.827738030615944,18767372
2013-04-22,10.094932556152344,10.109161929560809,9.048285033266914,9.505205152656535,19619976
2013-04-29,10.50916576385498,10.524975911611437,9.968450146301807,10.118648962462048,13915196
2013-05-06,10.607189178466797,10.703632645841454,10.45066666839847,10.504422617113377,10364212
2013-05-13,11.239604949951172,11.299685200083195,10.556596194078523,10.57398771846022,14219520
2013-05-20,10.824712753295898,11.766918333552605,10.728034867749539,11.689903068704961,18497628
2013-05-27,11.106555938720703,11.221259983260424,10.80996639172281,10.941055120982455,12240076
2013-06-03,11.208150863647461,11.353987811091969,10.962358087033117,11.129496625057518,11650828
2013-06-10,11.409699440002441,11.488353673074892,10.572365339727456,11.334323143814927,19827772
2013-06-17,10.850932121276855,11.707928913604787,10.84601646570647,11.476884350629529,20204136
2013-06-24,11.257308006286621,11.57683934717829,10.710010055984949,10.903367078880942,17023656
2013-07-01,11.567008018493652,11.943890793992,11.134412811055023,11.314661855960093,15998740
2013-07-08,11.975022315979004,12.030734735677674,11.671878193687627,11.673515911796533,10760780
2013-07-15,12.471525192260742,12.57475770512435,11.829187056331621,11.96027578296001,14453804
2013-07-22,12.327325820922852,12.777945846110097,11.932418216951552,12.53379082325238,18762096
2013-07-29,12.363373756408691,12.576394621397979,12.29291312415837,12.31749264706736,11378416
2013-08-05,12.278166770935059,12.469884808857007,11.996324227921669,12.371567962499586,10296276
2013-08-12,12.410896301269531,12.486272603053136,12.117583436622432,12.330604343960191,7218556
2013-08-19,12.386314392089844,12.515765380101806,12.02090323304114,12.374844114679492,7994800
2013-08-26,11.861957550048828,12.437112912551846,11.757086080839331,12.404339797069799,10576180
2013-09-02,12.188043594360352,12.345350815712273,11.884899430812377,12.024181749181267,14148128
2013-09-09,12.915593147277832,12.915593147277832,12.133972540905612,12.179853666624144,13163776
2013-09-16,13.461250305175781,13.88073621237949,12.74681258811533,12.931976015868019,15610404
2013-09-23,13.667717933654785,13.716875740083603,13.253146390121316,13.436672117889096,10841172
2013-09-30,13.022100448608398,13.710319667228598,12.674712902449347,13.508770306849323,22228928
2013-10-07,12.989326477050781,13.051594771421357,12.453498852799648,12.977856199166707,15930636
2013-10-14,13.230206489562988,13.23840008279271,12.745175524333504,12.945087197537353,12013824
2013-10-21,13.177770614624023,13.57759395712679,13.035211595086928,13.271171825763316,11560940
2013-10-28,12.551816940307617,13.240037431914553,12.469886018699649,13.217096873877654,17371312
2013-11-04,12.8516845703125,13.010630760198872,12.489550042404717,12.822189388166919,12200724
2013-11-11,13.012269973754883,13.03521053250385,12.604253071362477,12.872986402564692,8190620
2013-11-18,13.199070930480957,13.333437581317744,12.895925544298473,13.03029219513526,10401592
2013-11-25,13.10075569152832,13.233484653151356,13.045043257147581,13.108949284898113,10765116
2013-12-02,12.651772499084473,13.148273673579073,12.469885756919789,13.10075359002404,9257964
2013-12-09,12.391234397888184,12.764839241514608,12.306025529944073,12.691100653851421,8544036
2013-12-16,12.242118835449219,12.550178667716626,12.178212813064844,12.31257948194567,17635712
2013-12-23,12.553455352783203,12.592781843366563,12.248672237887329,12.248672237887329,4051212
2013-12-30,12.45677661895752,12.699292694026441,12.446945308538048,12.592782247204505,4340532
2014-01-06,12.756645202636719,12.854962065918746,12.335520283942527,12.484635172550885,15930208
2014-01-13,13.305581092834473,13.387512013973026,12.730426926561808,12.846768684558558,11427032
2014-01-20,12.718957901000977,13.398983613330909,12.661605250418848,13.272810532417111,12519148
2014-01-27,12.833659172058105,13.059788059669845,12.589505382154853,12.67471298830567,14801132
2014-02-03,13.090920448303223,13.140079493425441,12.555092857270001,12.718954674122129,13185636
2014-02-10,14.249425888061523,14.398540767058888,13.036847985293562,13.195794174935443,25879452
2014-02-17,14.568957328796387,14.568957328796385,14.010187833823538,14.311693030401258,12541280
2014-02-24,14.513242721557617,14.627945506351486,14.298584117086264,14.509966034920616,10672272
2014-03-03,14.86227035522461,15.30305916322433,14.162580755881304,14.246150655389954,17648048
2014-03-10,14.290390968322754,14.999913038141717,14.020018681306679,14.877016657695012,12655472
2014-03-17,14.665635108947754,15.063819441800712,14.249425873154266,14.365767632937093,14579364
2014-03-24,14.972057342529297,14.996635619334455,14.48702642762964,14.739372570718196,10058132
2014-03-31,15.099867820739746,15.222764192720536,14.814748587790945,15.009743314553882,8280144
2014-04-07,14.64597225189209,15.135920101876067,14.442783900322976,15.039240956665708,11001032
2014-04-14,14.993356704711914,15.016297259765915,14.311690925488815,14.605003736726655,10628204
2014-04-21,14.4706392288208,15.457088242421353,14.372322371195608,14.993358917925303,12428640
2014-04-28,14.560766220092773,14.641058188286411,14.339552940280244,14.48702887687756,9377744
2014-05-05,14.401816368103027,14.608282627238603,14.255979437093217,14.54765329911284,9811532
2014-05-12,14.365768432617188,15.073651591519827,14.264174883297096,14.454253983750858,11416708
2014-05-19,15.032448768615723,15.052682312314333,14.464199831195536,14.787949395037417,9430020
2014-05-26,15.243223190307617,15.315729722531719,15.007155321219871,15.05942702359083,8169336
2014-06-02,15.58889389038086,15.614187107768746,15.05268308491683,15.47929209247747,11046528
2014-06-09,15.56023120880127,15.693440973250551,15.282008348190322,15.60407270650441,8596396
2014-06-16,15.23142147064209,15.765945739363739,15.226363084260894,15.506271184574706,12976248
2014-06-23,14.840222358703613,15.29380854419445,14.717129393398084,15.283691772362852,9508844
2014-06-30,14.882376670837402,15.110013032843316,14.627760536447731,14.904296771049435,7909776
2014-07-07,14.293893814086914,15.007155831446983,14.153940417193526,14.846967604012494,10684344
2014-07-14,14.401810646057129,14.752538679692558,14.21632792818942,14.334362501965812,10448444
2014-07-21,13.917871475219727,14.553567236768203,13.890891703229151,14.428789007477633,10400840
2014-07-28,13.707098007202148,14.570431488001,13.39852359252485,13.990379205084082,19141372
2014-08-04,13.317587852478027,13.843680626678946,12.887606993748545,13.71384399076736,16600712
2014-08-11,13.459226608276367,13.821759279982459,13.307468596112603,13.481146709740855,10930440
2014-08-18,13.907756805419922,14.035906882339635,13.59749581297952,13.636278919459519,7190004
2014-08-25,14.189352989196777,14.292211145191485,13.934736792679821,14.04602645121836,9933172
2014-09-01,14.310757637023926,14.45745598584619,13.997124821211042,14.221388095190635,8983884
2014-09-08,13.385034561157227,14.386636233147176,13.324331351553806,14.3343645251701,14173460
2014-09-15,13.444053649902344,13.700355111794595,13.211357564357215,13.37154710369818,12453072
2014-09-22,12.577345848083496,13.430562611282296,12.467744045742684,13.420444552037608,20296448
2014-09-29,12.223244667053223,12.810041931882854,12.140621354159157,12.585777367561002,15938336
2014-10-06,11.595978736877441,12.45762569507955,11.533590257582855,12.369943997964713,18627208
2014-10-13,12.024273872375488,12.063056980635487,11.18454824397413,11.504926023910626,22911512
2014-10-20,11.258739471435547,12.027646360474394,11.172744330309156,11.92647477378854,25045868
2014-10-27,11.666801452636719,11.779776381598959,10.977145974343854,11.37340214783927,15508400
2014-11-03,11.874201774597168,12.066428175159228,11.472887256776934,11.651623769395492,14492016
2014-11-10,12.12038516998291,12.184461487764665,11.739305524023482,11.80506711277163,12588548
2014-11-17,12.2215576171875,12.26877093196988,11.73761856773541,12.047878228571824,14005168
2014-11-24,12.469428062438965,12.673459060360376,12.145678501442571,12.262026522552624,14144816
2014-12-01,12.90615463256836,12.921329791168935,12.36488543921769,12.42053026035276,11179280
2014-12-08,12.039450645446777,12.906156074673829,11.993922591624889,12.831962971536896,9987036
2014-12-15,12.477861404418945,12.60095438702135,11.542021284500889,11.982118931547047,17313344
2014-12-22,12.742594718933105,12.850511258242197,12.499781862254334,12.536878413854327,3969532
2014-12-29,12.538564682006836,12.793180864089795,12.467744695933408,12.722359591549772,4076212
2015-01-05,12.528447151184082,12.76451375715537,12.073173082954062,12.501467375377926,12206364
2015-01-12,13.152338981628418,13.152338981628418,12.447508456538904,12.540249822919018,15841644
2015-01-19,14.288839340209961,14.383267288788772,13.170890697676109,13.179322200993305,22193464
2015-01-26,14.624393463134766,14.79975689478173,13.980265982402942,14.172492420505801,21215320
2015-02-02,14.872264862060547,15.067864434631673,14.604160015291763,14.757603354183274,20566228
2015-02-09,14.191035270690918,14.877317432141862,13.747564614440401,14.823359176934403,27202836
2015-02-16,14.428791046142578,14.432162874884643,13.897638609844439,14.16911649314201,14912868
2015-02-23,14.497923851013184,14.585605537912667,14.07974638630876,14.499609121929424,14432652
2015-03-02,14.250053405761719,14.585606300321526,13.830189361727857,14.568744585013281,15707560
2015-03-09,15.268518447875977,15.273576834399126,14.126962052044775,14.23656514375706,17860704
2015-03-16,15.386550903320312,15.673203939809271,15.121817969373899,15.285379319057531,19179016
2015-03-23,15.469176292419434,15.826650643748609,15.024020232671152,15.351142975996277,15979072
2015-03-30,15.7221040725708,15.762573736105406,15.494467682671322,15.59563926857481,9743712
2015-04-06,16.20772933959961,16.2330212705957,15.563602005414056,15.722103681010974,9780680
2015-04-13,16.16557502746582,16.57194793417918,15.831707374350671,16.207729962701915,13471724
2015-04-20,17.173919677734375,17.435280780433807,15.86543017961689,16.25494264056936,20792728
2015-04-27,16.80632972717285,17.33411035398737,16.504500228317024,17.114904170225444,12915656
2015-05-04,17.216075897216797,17.232937614609586,16.53653852320154,16.88726790542444,14197428
2015-05-11,16.87883758544922,17.224508605306834,16.5601463444826,17.19921538421319,10595304
2015-05-18,17.300384521484375,17.51959069116269,16.823190363571204,16.937851834616303,10049628
2015-05-25,16.863327026367188,17.80181089626424,16.863327026367188,17.767244800609507,11310168
2015-06-01,16.68876838684082,17.119123875739422,16.522848722617326,16.851231968285862,11442856
2015-06-08,17.14504623413086,17.68947086578639,16.350014087538288,16.67839730334735,16843256
2015-06-15,16.908266067504883,17.06381615414395,16.398407523444163,16.851230815968524,15146988
2015-06-22,17.036161422729492,17.352446364337087,16.890982227729882,17.262572399098364,13947764
2015-06-29,16.246313095092773,16.738887217764134,16.073479977059872,16.263596143173654,15091356
2015-07-06,16.272235870361328,16.48481983503127,15.636210039258582,15.98533230479864,14232940
2015-07-13,16.816665649414062,17.013695330554526,16.29989359297636,16.55222982814551,11504052
2015-07-20,16.704322814941406,17.248747455656492,16.64210278065327,16.91863553381599,8909152
2015-07-27,15.416712760925293,16.69049324611089,15.122897003726258,16.623088439240384,22939036
2015-08-03,15.834972381591797,16.11150513523485,15.307830789793957,15.484120008175097,11445736
2015-08-10,15.612018585205078,15.969783149047412,15.1782070142386,15.947313995881311,12312608
2015-08-17,14.723654747009277,15.819416156813316,14.696000813312352,15.757196124607368,9286696
2015-08-24,14.981175422668457,15.274991209585297,13.667643928068056,14.398727313027583,19880616
2015-08-31,14.535264015197754,15.076232483283249,14.440206597644286,14.903399376518443,10063896
2015-09-07,14.36070442199707,15.1280839562877,14.345150072924124,14.661435023529009,11777536
2015-09-14,14.535264015197754,14.835993251757166,14.072071236323596,14.36070220815395,11989936
2015-09-21,14.03059196472168,14.447119075395564,13.51554871518414,14.429836028066006,21371740
2015-09-28,14.151576042175293,14.341693537814418,13.42567743221323,13.982200315203134,16504852
2015-10-05,14.861922264099121,15.12117199022967,14.168862278977642,14.33823802829338,13814584
2015-10-12,14.804886817932129,15.07450608367875,14.326138300704214,14.901672950536113,11216796
2015-10-19,15.693246841430664,15.705345106329126,14.57328771372346,14.770317352705248,14959196
2015-10-26,15.658682823181152,15.750284179930109,15.335485682848963,15.693250243679424,10561232
2015-11-02,16.158164978027344,16.20655803154006,15.523867863492297,15.525596563578269,11899332
2015-11-09,15.890275001525879,16.244582051212788,15.736453654156252,16.177177250392923,10552756
2015-11-16,16.235942840576172,16.41914551595627,15.727813073179162,15.727813073179162,10675244
2015-11-23,16.393224716186523,16.44853127381178,15.859170892737543,16.154715433667416,7503644
2015-11-30,15.710530281066895,16.56605366545768,15.432268862839488,16.400134034729067,12534200
2015-12-07,15.008827209472656,15.990519364299917,14.899942820737751,15.783120151868088,11744464
2015-12-14,15.122899055480957,15.577449718105324,14.638965758260705,15.074505989481363,13904180
2015-12-21,15.287089347839355,15.727814343141455,14.737479958708171,15.103886657666328,5888428
2015-12-28,15.290547370910645,15.701889749614134,15.115985538700123,15.304374337912144,2994136
2016-01-04,14.075531005859375,15.036482819248556,13.875043935335547,15.036482819248556,12520452
2016-01-11,13.66072940826416,14.526623673511123,13.434318452214686,14.01503649870833,14933444
2016-01-18,14.132563591003418,14.298484545980841,13.377283703251784,13.660729913535793,12681144
2016-01-25,14.528351783752441,14.868833244376404,13.864673229558948,14.224166439053127,10603920
2016-02-01,14.244904518127441,14.587114653916041,13.954544842450199,14.554275941271383,13204412
2016-02-08,13.690112113952637,14.409098570043819,13.430862418102627,14.346878537550847,14953016
2016-02-15,14.740934371948242,14.867101788948434,13.964914168764437,13.964914168764437,16264180
2016-02-22,14.326138496398926,15.036482788807424,14.132564909934583,14.906857937179772,11146644
2016-02-29,15.010558128356934,15.093518616758153,14.089357164454384,14.18268721942617,11581832
2016-03-07,14.927597045898438,15.226597605011548,14.47650249730623,14.995001857195014,12844952
2016-03-14,15.463379859924316,15.601645568356446,14.927597437699113,14.984631366638668,12520072
2016-03-21,15.302644729614258,15.713987083916468,15.173019888542024,15.382147807238447,6103776
2016-03-28,15.294001579284668,15.821143093766562,15.102156721136305,15.302643762254661,8731408
2016-04-04,15.259438514709473,15.38733467266751,14.777233882418148,15.26116721536914,8575212
2016-04-11,15.917929649353027,16.054467968621534,15.065862338503639,15.19203109281394,10005168
2016-04-18,16.643829345703125,16.723332419623357,15.656951107938731,15.727813317357292,11734628
2016-04-25,15.753740310668945,16.86678478869546,15.753740310668945,16.585067257070847,13866920
2016-05-02,15.615470886230469,16.02681452302411,15.442637779977531,15.822871404901166,8770152
2016-05-09,15.70189094543457,15.95249979662699,15.273265484642137,15.760654900360198,11206752
2016-05-16,15.77428913116455,16.152672671815257,15.306665666748154,16.11697670230898,11212944
2016-05-23,16.29010009765625,16.409684429007218,15.510132304256958,15.893870020427254,9727776
2016-05-30,16.547117233276367,16.836259457746653,16.22049383629001,16.309735112294124,15693316
2016-06-06,16.229419708251953,16.77736112895237,16.129469907487493,16.49178929697256,9851256
2016-06-13,15.390549659729004,16.090200873187392,15.171015541561793,16.0420098259663,14217688
2016-06-20,15.299525260925293,16.06343039984364,14.242908832546906,15.801060818771974,15955644
2016-06-27,15.67612361907959,15.731452777098692,14.532049752392608,15.18886562965004,15167964
2016-07-04,15.242409706115723,15.774286930823504,14.514200591367723,15.774286930823504,10039156
2016-07-11,15.783212661743164,16.03308851533873,15.147815190877353,15.30487935173355,8826092
2016-07-18,15.733236312866211,16.066997794129254,15.60294345835673,15.77964215495758,8482360
2016-07-25,16.320446014404297,16.504282836622107,15.649351195506888,15.7064655612611,13441624
2016-08-01,16.734527587890625,16.76308409346247,15.979545652516695,16.37756241710115,10008268
2016-08-08,17.0986270904541,17.30209706776102,16.738091613672612,16.777357988541258,9255432
2016-08-15,16.971904754638672,17.236059523571114,16.793422207491115,17.098628561421556,6282296
2016-08-22,16.99689483642578,17.148604740515655,16.789854412612687,16.914791660283438,6578420
2016-08-29,17.13432502746582,17.218212044953667,16.816626302122437,16.937994492202204,8653736
2016-09-05,17.31637954711914,17.651927673563495,17.004035027886214,17.134327912206125,9976680
2016-09-12,16.836261749267578,17.128973065463803,16.686335677083616,17.05579455555775,11683580
2016-09-19,17.394908905029297,17.523416557022863,16.920146037068363,16.943348278011847,6771204
2016-09-26,17.57339096069336,17.901799546789196,17.06114557380605,17.252123201412658,11853672
2016-10-03,17.477012634277344,17.76615488304178,17.264619305507356,17.58410190213731,9660724
2016-10-10,17.28782081604004,17.71260881728397,17.12183198129474,17.48058230704372,8619400
2016-10-17,17.418113708496094,17.65192680593793,17.05401045656643,17.214643683476705,12647524
2016-10-24,17.56982421875,17.796496478234765,17.241415589481168,17.48236678104586,11284696
2016-10-31,16.930856704711914,17.72867401074884,16.811273709583887,17.491291865759333,9170476
2016-11-07,16.877309799194336,17.26640181973919,16.440028088427134,17.098629145653334,10629836
2016-11-14,17.603734970092773,17.717963703238173,16.925502037256198,16.943350021488808,9986000
2016-11-21,18.08028221130371,18.240915411172168,17.377060553773717,17.6751260747734,9511860
2016-11-28,18.026737213134766,18.178447105457007,17.778646582207934,18.00888923081105,10043932
2016-12-05,18.838834762573242,18.9726966826435,17.875028665724606,17.92857261672439,11849036
2016-12-12,18.75851821899414,18.883456837582333,18.356932428266187,18.767442892362574,12124416
2016-12-19,18.999465942382812,19.0262385958722,18.624652878672542,18.696046167406337,6064640
2016-12-26,18.865602493286133,19.061934361670914,18.70496930891838,18.999464388068333,2858404
2017-01-02,18.6960506439209,19.25827105495918,18.392630796294675,18.829912581705536,8728688
2017-01-09,18.901304244995117,19.008393513573875,18.53541443549427,18.94592488704576,9549928
2017-01-16,18.21414566040039,18.812061959715088,18.06243439613114,18.74066866389083,10173680
2017-01-23,18.15167808532715,18.356933327429196,17.835764513634494,18.124906787338478,10943112
2017-01-30,18.45509910583496,19.240422732794453,17.737598369284406,18.026740640064872,15964952
2017-02-06,18.11598014831543,18.49079325835159,17.657280015777378,18.410476649670233,14038684
2017-02-13,18.80314064025879,19.09763718698028,18.133830925761817,18.15167891247225,13562560
2017-02-20,19.017318725585938,19.47244847037169,18.69604954903155,18.874532122291996,9274832
2017-02-27,19.008394241333008,19.24042213356539,18.883456983493407,19.106560202288396,8709332
2017-03-06,18.945924758911133,19.151179983298697,18.70497356581004,18.972697416303234,8566204
2017-03-13,19.365358352661133,19.365358352661133,18.936999923208795,18.990545237533052,10896148
2017-03-20,19.963272094726562,19.963272094726562,19.169025325746805,19.27611457884207,10143788
2017-03-27,20.320240020751953,20.320240020751953,19.588461766949035,19.79371699174732,10977956
2017-04-03,20.141756057739258,20.38270723462654,19.838336258949916,20.347011268315025,9693984
2017-04-10,19.981122970581055,20.275619480531613,19.784792417851996,20.150682227444193,7472096
2017-04-17,20.721826553344727,20.76644719681089,19.65093111015674,19.981123599463576,11615564
2017-04-24,21.40898323059082,21.426832576548257,20.953853504668313,21.239425337706457,12933540
2017-05-01,21.55177116394043,21.578543822822283,21.05201940385911,21.408984557713197,8476984
2017-05-08,21.76595115661621,21.971206406052076,21.391137992528247,21.757027844205833,9808768
2017-05-15,21.203731536865234,21.79272324739735,20.80214572261941,21.774875261329235,12704464
2017-05-22,21.18356704711914,21.807693211169592,20.77054256509321,21.752622720032495,8342940
2017-05-29,21.39466667175293,21.431379395313385,20.495190939515453,21.128494524187417,14485436
2017-06-05,21.660837173461914,21.725085139215278,21.027533595963487,21.302883221049864,9605716
2017-06-12,22.193180084228516,22.367567620090483,21.523162382415663,21.559875105596937,15685776
2017-06-19,21.871938705444336,22.56031276415219,21.68837228978891,22.385923828979166,8646132
2017-06-26,21.367130279541016,22.330853926423014,21.32123867730854,21.982077469356085,10564112
2017-07-03,21.844402313232422,21.853581193732314,21.44973426024618,21.486448381745213,6965384
2017-07-10,22.514423370361328,22.697989804036514,21.75262239050917,21.899476097649615,6798300
2017-07-17,21.541519165039062,22.734700898259383,21.357952744543628,22.569490839713364,10806992
2017-07-24,21.07342529296875,21.559875179030243,20.825609508898935,21.523162455723924,13223656
2017-07-31,21.42220115661621,21.56905485626338,20.899037127436767,21.100959914076117,9857892
2017-08-07,21.312061309814453,21.826047851511365,21.201921736736733,21.559875699364493,6477036
2017-08-14,21.03670883178711,21.71590534149387,20.96328199283226,21.385485266447287,7108688
2017-08-21,21.110136032104492,21.57823091301657,20.76135959147397,20.935748512039474,6881628
2017-08-28,21.211103439331055,21.46809534386143,20.880683275647936,21.146854062697617,7480660
2017-09-04,21.449737548828125,21.72508720003388,21.00000034539236,21.00000034539236,7538424
2017-09-11,22.027971267700195,22.119754481315614,21.302884440338676,21.5231635928154,12066808
2017-09-18,22.789772033691406,22.83566364012232,21.853583542600923,22.046327449310347,8040780
2017-09-25,22.670454025268555,23.074299609647955,22.284964803724456,22.74388087711046,10353260
2017-10-02,22.35839080810547,22.70716589025847,22.156466623068688,22.65209680383989,8942852
2017-10-09,22.450172424316406,22.57866835066468,22.248248253625462,22.422637182813045,5593932
2017-10-16,22.22989273071289,22.523598716651584,21.90865150223293,22.486885993596978,8884508
2017-10-23,23.257863998413086,23.349647205037446,22.184000761008168,22.211536003095592,8987236
2017-10-30,23.349647521972656,23.569926660660837,22.633739620985768,23.193616348693478,8536072
2017-11-06,22.027971267700195,23.413898353493277,22.009614905077253,23.31293625831604,9694580
2017-11-13,21.559877395629883,22.156468313947876,21.541521032089484,22.03715125068489,9418712
2017-11-20,21.633304595947266,22.04632908445899,21.266171717270176,21.47727340260966,8150836
2017-11-27,22.2666072845459,22.6153823618062,21.523162724068644,21.596589572097365,13071492
2017-12-04,22.881555557250977,23.07429946657758,22.239073058494235,22.45935221215341,9564980
2017-12-11,22.138111114501953,22.909090958594494,21.770978255553327,22.863199351225916,12326668
2017-12-18,22.36756706237793,22.72552240672286,22.202357011180315,22.275783856212655,6306168
2017-12-25,21.94536590576172,22.514421523371677,21.93618702463066,22.3675678282785,2896100
2018-01-01,23.12019157409668,23.12937045590646,21.550699419174897,21.945367528482972,7956500
2018-01-08,23.65253257751465,23.900345545475155,23.101831957989333,23.120188318523383,11016008
2018-01-15,23.771854400634766,24.019670219420416,23.32211717487714,23.588287957386623,10524804
2018-01-22,23.771854400634766,23.854458739896106,23.046767510004923,23.753496635909297,9191928
2018-01-29,23.037586212158203,23.982952175364158,22.82648454445662,23.799385751362898,10116188
2018-02-05,22.40428352355957,23.25786630958767,21.569055700079602,22.9366250544801,13479656
2018-02-12,23.166078567504883,23.2486842858358,22.220712750443433,22.679628739502565,13717000
2018-02-19,23.00087547302246,23.432256326562623,22.71634693105938,23.31293786056195,8068468
2018-02-26,22.40428352355957,23.413898896754784,22.321677789088614,23.12019148597014,9334532
2018-03-05,22.918264389038086,23.12018714567049,22.101394482456815,22.284960879486356,13362252
2018-03-12,23.3312931060791,23.404719958598378,22.9458038809788,23.055943459507354,9791116
2018-03-19,21.862760543823242,23.303756674032083,21.725085727551683,23.276222831178295,10637024
2018-03-26,22.009613037109375,22.046325759239433,21.24781214865573,21.95454255341371,9556140
2018-04-02,21.91783332824707,22.174826625662188,21.440560861905173,22.0096165487167,10142968
2018-04-09,21.95454216003418,22.450172302912794,21.68837142810903,21.972898520770304,9542364
2018-04-16,21.523160934448242,22.147286990046204,20.91739123920599,21.963720585488012,13807700
2018-04-23,21.293704986572266,22.05550591920925,21.1284949264039,21.4772714088703,13439048
2018-04-30,21.614948272705078,21.844406322309165,21.20192378341772,21.284528121074874,8282548
2018-05-07,21.862760543823242,21.908652149247093,21.220278067889307,21.596589792565158,9886708
2018-05-14,22.165645599365234,22.38592474698475,21.605767448456366,21.82604799657654,9856032
2018-05-21,21.962322235107422,22.95545051460533,21.754238503287574,22.832491486592545,9178588
2018-05-28,21.196197509765625,22.160950495154125,20.82732039198953,22.0285325131709,13783404
2018-06-04,22.028532028198242,22.397409137853266,21.252946368519066,21.252946368519066,10668660
2018-06-11,21.36644172668457,22.113653279659523,20.543564423278664,22.113653279659523,18009620
2018-06-18,20.496274948120117,21.290778407454876,20.278732282710653,21.262403026187236,13881024
2018-06-25,19.730148315429688,20.486817452079237,19.607189292077766,20.43006668953778,12377348
2018-07-02,19.70177459716797,20.326025821657222,19.399107205606636,19.597732004803778,12522936
2018-07-09,20.203065872192383,20.221982311350235,19.15318690176583,19.80581343371847,15817636
2018-07-16,20.45844078063965,20.74219168898907,19.97606365915293,20.250357069829757,11886480
2018-07-23,20.902986526489258,21.025945559409116,20.089566564002777,20.411151838041782,13971324
2018-07-30,20.73273468017578,21.05431993887949,20.30710827798737,20.817860826552597,9817856
2018-08-06,21.016483306884766,21.243484895727832,20.63814876871139,20.827316037798077,7747108
2018-08-13,20.430068969726562,21.063779153752236,20.146318011813694,20.959738001790054,8764404
2018-08-20,19.43693733215332,20.71381642696631,18.964019148889246,20.477357335334275,16196392
2018-08-27,19.28560447692871,19.90985710600107,19.28560447692871,19.52206358745129,13766824
2018-09-03,18.954561233520508,19.247771100301872,18.644327003971732,19.19102033794682,12510076
2018-09-10,19.50314712524414,19.597730769346423,18.545961108763247,18.954561700804533,13760832
2018-09-17,20.316564559936523,20.4206056898002,19.323436418183512,19.361269293909995,15427260
2018-09-24,19.474773406982422,20.25981800873948,19.1910224504364,20.250360509460478,12410048
2018-10-01,19.63556480407715,19.976065051897304,19.219395910210043,19.54098116136624,13079032
2018-10-08,18.58001136779785,19.730148831993038,18.36814348442551,19.550439041394608,15184268
2018-10-15,16.597537994384766,19.134272103180617,16.574838842741833,18.527045261789553,23111812
2018-10-22,16.544572830200195,17.002357375983195,15.901403684801908,16.76779031468454,22300708
2018-10-29,17.34285545349121,17.914139976575715,16.529435611344933,16.646719838863994,19127724
2018-11-05,16.96074104309082,17.46392531750315,16.782923316820728,17.346641070333007,12743212
2018-11-12,16.847240447998047,17.49040960138093,16.476472687396637,17.02884089544167,15577804
2018-11-19,17.357988357543945,17.520672318250494,16.52565211646592,16.88128604930515,10631216
2018-11-26,17.48284149169922,17.96711076032344,16.968306205603966,17.471491915551578,14797364
2018-12-03,16.306217193603516,18.247073680415976,16.306217193603516,18.178973351529105,13549576
2018-12-10,16.476469039916992,16.92668806923377,16.083000769277174,16.22676829955552,12626984
2018-12-17,15.984636306762695,16.650504545111122,15.746285112758104,16.4235043701185,17392316
2018-12-24,16.007335662841797,16.46133597769464,15.640350679878335,15.867350837304759,5733264
2018-12-31,16.525653839111328,16.525653839111328,15.840867760028376,16.022468177210367,6197276
2019-01-07,16.41593360900879,17.089368552453966,16.222983650383245,16.423500472143534,12347968
2019-01-14,17.592557907104492,17.61904121215126,16.139753067369167,16.181370101937485,13267892
2019-01-21,18.02764129638672,18.12600764115415,17.06667122437629,17.577422272913125,10093516
2019-01-28,17.951976776123047,18.262211027782108,17.622826083408082,17.967110506260546,9144524
2019-02-04,16.964521408081055,18.213025143880746,16.88885420886221,17.95954168621417,11984884
2019-02-11,19.181562423706055,19.711229940194656,16.896421341713843,17.0023545563652,18410952
2019-02-18,19.50314712524414,19.645022591397563,18.93564526063045,19.124812548835013,11211764
2019-02-25,19.938232421875,20.240899793695093,19.559897846291914,19.635565050054904,10856476
2019-03-04,19.049142837524414,20.070646348017945,19.02076890261401,20.051729910333776,13942192
2019-03-11,19.99498176574707,20.02335714759549,18.935645241517165,19.105896089375797,14480676
2019-03-18,19.474773406982422,20.174693299068473,19.46531590770342,19.947691667892457,9859216
2019-03-25,19.938232421875,20.203066913429534,19.266687972922274,19.361271616818044,11155652
2019-04-01,21.092151641845703,21.423194380619066,20.193607065175147,20.24089888499991,15145332
2019-04-08,22.009613037109375,22.009613037109375,20.430066516386937,20.959735484845258,12996868
2019-04-15,22.217700958251953,22.43524366295522,21.79207449205378,21.94340892399486,9656596
2019-04-22,21.971778869628906,22.34065447169838,20.902983497189606,22.217695456597973,10596240
2019-04-29,21.546154022216797,22.179864137498967,21.451570379839403,21.905572151897264,7937832
2019-05-06,20.798940658569336,21.366442465823415,20.221981353800057,21.082691562196374,13463188
2019-05-13,20.808401107788086,21.26240287514983,20.117940236928753,20.808401107788086,15247900
2019-05-20,20.66512107849121,21.54657174060695,20.155838772599225,21.54657174060695,9341912
2019-05-27,20.165634155273438,21.105848903746015,19.783672754323412,20.919765450858595,10079080
2019-06-03,20.38109588623047,20.763057189587773,19.77387320684022,20.008927581116055,9574760
2019-06-10,21.5269832611084,21.595540232802744,20.488829708834356,20.5965631603754,9834548
2019-06-17,22.17337989807129,22.712044176901404,21.487807179560235,21.52698366013311,13720740
2019-06-24,21.850183486938477,22.31049631928996,21.41925114827092,22.075441908808568,9095896
2019-07-01,21.605337142944336,22.51616835841616,21.389870215762116,22.192970956502965,8332248
2019-07-08,21.575952529907227,21.889356893478208,21.00790628031801,21.51718855792459,8649908
2019-07-15,20.694503784179688,21.899153363089887,20.56718282968137,21.57595447688032,12719344
2019-07-22,20.439861297607422,21.74244980556559,20.077487433067326,20.665121211596126,16192256
2019-07-29,19.07459259033203,20.263571584661875,18.851291866116743,20.185221606953377,15238084
2019-08-05,18.530052185058594,19.117685984760854,18.47912350397732,18.765106601597516,11822140
2019-08-12,18.185304641723633,19.0158280650028,18.012932617073364,18.6671656205796,12396460
2019-08-19,17.965923309326172,18.490876201944435,17.938500519702302,18.275410785858348,9424232
2019-08-26,18.725929260253906,19.019746146642085,17.742622738023986,17.87581978629716,11936752
2019-09-02,19.568204879760742,19.803257790467732,18.35376085596139,18.68675422296458,11300048
2019-09-09,20.439861297607422,20.567182248507994,19.572122024869362,19.62696760508992,10599112
2019-09-16,20.06769371032715,20.371305105342245,19.754289315284815,20.24398414954785,12109076
2019-09-23,19.86202049255371,20.02851641817087,19.17644780342317,19.950164954812834,8391072
2019-09-30,19.09809684753418,20.351715811283942,18.812115268943717,19.79346404847277,10714452
2019-10-07,19.822843551635742,19.842432537841077,18.74159816467172,19.01974443340144,8936924
2019-10-14,20.06769371032715,20.841412445120767,19.61717535946318,19.754289315284815,10065284
2019-10-21,21.017702102661133,21.04708259608018,19.793465062534786,20.136251433770163,12541584
2019-10-28,21.7816219329834,22.10482076762247,20.851201905815344,21.037286807906824,13963752
2019-11-04,22.751220703125,23.40741143613054,21.85997556950036,21.89915205015184,13205724
2019-11-11,22.21255874633789,22.79039807290433,21.85997785574916,22.59452013245061,9336136
2019-11-18,21.918743133544922,22.41823101462033,21.595544213772495,22.202765566248768,7183288
2019-11-25,21.331104278564453,22.18317287142873,21.331104278564453,22.026469948737216,8765036
2019-12-02,21.311519622802734,21.6249240154613,20.204809006899968,21.380076600192105,11497256
2019-12-09,21.771831512451172,22.27131932109766,20.80223489373159,21.311518690762462,9815140
2019-12-16,21.65430450439453,22.222349272932053,21.42904459906245,21.869769916022204,9230400
2019-12-23,21.487808227539062,21.722862639150332,21.39966375720359,21.62492367458647,2426948
2019-12-30,21.11564064025879,21.56615896528653,20.88058623663436,21.380075536710066,3749788
2020-01-06,21.732654571533203,21.91873949172284,20.753264973998043,20.90996790737564,8034172
2020-01-13,21.54656982421875,21.98729511607777,20.782645686110484,21.899150655477904,9089488
2020-01-20,20.90017318725586,22.095029678851052,20.82182321584561,21.54657091239982,8967796
2020-01-27,20.567184448242188,21.331108740920065,20.32233701433454,20.567184448242188,11529004
2020-02-03,20.92955780029297,21.38007766458922,20.51821442104819,20.665122877523476,10975880
2020-02-10,21.311519622802734,21.634717015414054,20.067693557691204,20.792442803546038,13712680
2020-02-17,21.458425521850586,21.98729527820929,21.301722596928826,21.634714444350255,10651812
2020-02-24,18.851289749145508,20.93934899916579,18.59273096622514,20.89037952138216,20579552
2020-03-02,18.255821228027344,19.38799684121456,17.695610267037477,19.15294244465362,16905340
2020-03-09,14.73393726348877,17.84447807017831,14.377439511721542,17.23725682192819,26857552
2020-03-16,14.718265533447266,15.082598553115877,13.319697423530904,14.10320903667978,22190844
2020-03-23,14.878888130187988,16.17951753110765,13.915169024885484,13.950427113832164,14308188
2020-03-30,15.254969596862793,16.148173795085143,14.228569867554612,14.886719700169095,13506364
2020-04-06,17.04921531677246,17.609426319749208,15.544872744868124,15.548789645944249,8790732
2020-04-13,17.366539001464844,17.723036795027724,16.01106251124007,17.049216198409056,8150540
2020-04-20,16.14034080505371,17.440970066093413,15.59971733082422,17.42921786918514,7397296
2020-04-27,17.452722549438477,18.334173198343752,16.41848736049841,16.583025592064303,7808200
2020-05-04,17.487979888916016,17.707363690165565,16.32838299894672,16.69271603783496,6550872
2020-05-11,16.09724998474121,17.71520226957497,15.513533036410816,17.562417707741087,6969748
2020-05-18,16.99828338623047,17.64859793392189,16.387145313960055,16.387145313960055,9546640
2020-05-25,17.797468185424805,18.792528391926663,16.978698408331535,17.17457633113442,13479096
2020-06-01,19.940372467041016,19.940372467041016,17.6642705427898,18.130459445353587,17387732
2020-06-08,17.617258071899414,19.881606023556962,17.158903027848933,19.71511011436386,14665604
2020-06-15,17.386125564575195,18.306751242004108,17.060967481965058,17.11973145900521,13438748
2020-06-22,18.071697235107422,18.43211188893505,17.068801751292842,17.162823810012615,10746600
2020-06-29,18.327625274658203,18.980324607735035,17.827089304280324,18.363663925625993,9020224
2020-07-06,18.692014694213867,19.00034502362636,18.03531177027641,18.764091993427932,7542764
2020-07-13,18.82015037536621,18.98832970934343,18.26755829834292,18.880215296080582,7766128
2020-07-20,18.495803833007812,19.416791200953593,18.435740435651237,18.776104269881987,8641148
2020-07-27,17.686939239501953,18.936278186603687,17.686939239501953,18.571888042244343,10073512
2020-08-03,18.25554656982422,18.680001589991473,17.534775133372676,17.686936956863768,6729368
2020-08-10,19.28064727783203,19.617007530004976,18.22351396563518,18.31561393359407,6786288
2020-08-17,18.692014694213867,19.38075265225291,18.51182144617871,19.220580536773994,6375128
2020-08-24,19.120471954345703,19.665055274306333,18.848180294365388,18.848180294365388,7710664
2020-08-31,19.080429077148438,19.604989721588513,18.63995656960611,19.144497611107315,6955552
2020-09-07,19.296659469604492,19.46083518372697,18.64396175572317,19.18854353188759,7123756
2020-09-14,18.944286346435547,19.472852219825587,18.671994650748,19.43280842486295,9332060
2020-09-21,18.207496643066406,18.820152171768253,17.89916630716335,18.816148556178526,9212128
2020-09-28,18.263553619384766,18.736059617106175,18.067342880325143,18.45976283093009,9374592
2020-10-05,18.607925415039062,18.800131041175504,18.195482743576406,18.419723404492856,11504404
2020-10-12,18.74807357788086,18.964305465160194,18.011284631514354,18.724047303456125,10059240
2020-10-19,19.65704917907715,19.685079071914856,18.33563448989026,18.760088025726738,9742080
2020-10-26,18.54785919189453,19.608995968322443,17.759014082002512,19.288651752975916,12741516
2020-11-02,19.460838317871094,19.797198557989304,18.335634410909563,18.623942097071893,10607948
2020-11-09,20.541996002197266,20.952436110579168,19.56094519077105,19.633022492999235,14653808
2020-11-16,21.533056259155273,21.74328043265644,20.682145180544065,20.682145180544065,10591104
2020-11-23,21.673206329345703,22.093656215913256,21.19269151861944,21.64317386726635,9319000
2020-11-30,21.18268394470215,21.543068945023737,20.64210415294781,21.462982880225173,12454700
2020-12-07,21.132627487182617,21.46297997758881,20.782252337648657,21.182681079973182,8861464
2020-12-14,21.703235626220703,21.943492232787527,21.22272088557281,21.22272088557281,10175808
2020-12-21,21.122615814208984,21.422937366069775,20.652112355129958,21.22272299816258,5175636
2020-12-28,21.01249885559082,21.503025009766628,21.01249885559082,21.402917818405996,2544376
2021-01-04,21.62315559387207,21.62315559387207,20.68214850773721,21.222726786578143,10786616
2021-01-11,21.7933349609375,22.203775051008094,21.21271295334294,21.483003588397207,9046404
2021-01-18,22.31389045715332,22.51410482295107,21.543065454334865,21.663193768310638,8358536
2021-01-25,22.80441665649414,22.874491379286667,21.112604342567803,22.474062646170054,12723976
2021-02-01,23.615285873413086,23.635308533732815,22.61421395800745,23.00463292152436,11942948
2021-02-08,23.36501693725586,23.92561779792002,23.134771628157733,23.64531736758794,7947800
2021-02-15,23.835521697998047,23.905596422990307,23.16480232696151,23.665338259069706,8417736
2021-02-22,23.97567367553711,24.175888069487318,23.23488102892719,23.725405683099353,10260596
2021-03-01,24.55629539489746,25.046820042505708,23.825512561255206,24.22594134379731,11175864
2021-03-08,25.196979522705078,25.537344886634944,24.62636884282544,24.80656209108072,11105188
2021-03-15,25.26705551147461,25.74757188247905,24.776530864952093,25.247034377894735,12764988
2021-03-22,25.5873966217041,25.777599658665196,24.656399512995065,25.12690296825229,9346780
2021-03-29,25.89773178100586,25.977816312558964,25.397194293711777,25.64746380111608,8934452
2021-04-05,24.93669891357422,26.308165433608764,24.766515487169475,25.89772844350672,8144848
2021-04-12,24.92669105529785,25.29708736386965,24.616358146013226,24.976744651794434,8387956
2021-04-19,25.447246551513672,25.457257881188617,24.28600410239924,24.94671061805544,9055976
2021-04-26,24.095800399780273,25.637452046913655,23.955650944365647,25.49730106398453,10770612
2021-05-03,24.766515731811523,24.776527060821632,23.845529980912133,24.125830390537427,9775540
2021-05-10,24.856616973876953,24.98675663366455,24.025726944864154,24.816573179126767,7530852
2021-05-17,24.886646270751953,25.227010081480458,24.17588466141877,24.85661381039017,6723836
2021-05-24,25.619264602661133,25.700854929551713,24.670780359495993,25.384692996427983,7519576
2021-05-31,26.608545303344727,26.85331474687217,25.537676264551376,25.61926659779591,7373724
2021-06-07,26.588146209716797,27.200071295211668,26.46575994765305,26.60854184511947,6630548
2021-06-14,26.7921199798584,27.516228807088257,26.32297681386439,26.639138715669816,9384884
2021-06-21,27.40404510498047,28.138353307470545,26.59834128831443,26.649335043171178,8532948
2021-06-28,27.597822189331055,28.138354774019998,27.220467138758956,27.353052775743837,7021736
2021-07-05,27.964981079101562,28.015974842475263,26.996099575001278,27.587625985171265,7121976
2021-07-12,27.465234756469727,28.158751680766958,27.455038495563095,27.893583536547773,5809292
2021-07-19,28.1485538482666,28.250541362209596,26.761523036159485,27.14907745659002,6921844
2021-07-26,28.087360382080078,28.199547268560345,27.20007088881663,27.95477786050187,7153168
2021-08-02,28.99505043029785,29.158231083312874,28.158754641265485,28.281137796717694,6917468
2021-08-09,29.382604598999023,29.382604598999023,28.82167324922172,28.90326201876996,4322956
2021-08-16,28.71968650817871,29.596779810408965,28.546306477682307,29.219424738110742,6194392
2021-08-23,28.505512237548828,29.168431126794147,28.08736277723473,28.964456083949432,5238936
2021-08-30,27.913982391357422,28.566701824910556,27.84258989026383,28.515708070532785,4983056
2021-09-06,27.82219123840332,28.23014127481634,27.077683666914268,27.9649762410773,4587228
2021-09-13,27.03689193725586,28.199549032572076,26.99609755209622,27.801798330544433,7885760
2021-09-20,27.22046661376953,27.4040460047283,26.169996474195532,26.618740909186023,7594612
2021-09-27,27.0878849029541,27.465236845136975,26.557548574184892,27.45504058345494,8779236
2021-10-04,27.230667114257812,27.73040532645654,26.669735769207556,26.96549894684256,8567392
2021-10-11,27.35305404663086,27.35305404663086,26.404568245345068,27.118480883718156,7343164
2021-10-18,27.118480682373047,27.567225143536227,26.526954317077774,27.332655094777223,6459368
2021-10-25,27.679412841796875,27.72020722810483,26.76152514401311,27.12868084560905,7051196
2021-11-01,27.903785705566406,28.16895387635298,27.353053727724795,27.781399438307353,7882772
2021-11-08,27.49583625793457,27.975175738731448,27.179674320652804,27.86299195566784,7899504
2021-11-15,28.026168823242188,28.699287067450097,27.312256194139387,27.35305369144634,9847360
2021-11-22,26.190393447875977,28.893062682144983,26.006817159947055,28.117960033189934,11958576
2021-11-29,27.077686309814453,27.791598943218222,25.609066657866254,26.33317866565821,14695708
2021-12-06,28.954252243041992,29.270414133164785,27.261259026097864,27.261259026097864,11881060
2021-12-13,28.230146408081055,29.178632282657535,27.944582575630786,28.984856602608257,10535888
2021-12-20,29.27042007446289,29.44380011429397,27.31225832277432,27.66921466514582,7373936
2021-12-27,29.402999877929688,29.780354935432506,29.117436075568428,29.137834823913668,4285060
2022-01-03,31.299968719482422,31.554937515034432,29.647772791752626,29.678367802254044,9327544
2022-01-10,31.575332641601562,31.718114528249608,30.994002609463177,31.42235138181901,6912896
2022-01-17,30.575855255126953,31.75891103238273,30.167905201756817,31.718116649528096,7379660
2022-01-24,30.004728317260742,30.72883718767549,29.352005727865855,30.443273389124208,8718640
2022-01-31,29.91293716430664,30.6370491495774,29.596778354990604,30.433074117806033,7542696
2022-02-07,30.198501586914062,31.289766049488705,29.739557803260084,30.014922206005433,10222084
2022-02-14,27.628419876098633,29.617176611876893,27.444843576222464,29.474394699482957,11325704
2022-02-21,25.680458068847656,28.026169492883636,24.64018566711196,27.8731882115635,12322824
2022-02-28,22.202680587768555,25.292902448113985,22.08029588716402,25.02773429996591,17478596
2022-03-07,23.00838279724121,23.59990910818785,20.311832793369614,21.325588888183052,18274504
2022-03-14,24.884952545166016,25.537671989442106,23.069574548252888,23.559114909562908,18467952
2022-03-21,24.405614852905273,25.364296957926552,24.160843861095543,24.813564949715367,7858940
2022-03-28,25.17051887512207,26.098604322805766,24.405612516819367,24.497400657333305,7527804
2022-04-04,23.834484100341797,25.792644254237047,23.508124334060273,25.19091848378693,10428296
2022-04-11,24.313823699951172,24.52799811050871,23.406135411067563,23.82428485788713,6263276
2022-04-18,24.232234954833984,25.282705147677333,24.1098486879886,24.313823724456206,7912912
2022-04-25,24.28322982788086,25.037936874948812,23.26335459875871,23.579514986062915,9017344
2022-05-02,23.88547706604004,25.160321076356073,22.549441476952474,24.058855540201805,7877588
2022-05-09,24.538198471069336,24.70137757291401,23.17156473946096,23.72229829322771,8075104
2022-05-16,24.640579223632812,25.625777331879984,23.676566259551336,25.106694422879944,8902576
2022-05-23,25.48806381225586,25.69993466151336,24.428709565968354,25.032541163062973,5720408
2022-05-30,25.837648391723633,26.1978297909896,25.48806279752352,25.67874526110677,8673420
2022-06-06,24.89482307434082,26.208421602748842,24.81007441718149,25.975364007895315,6625360
2022-06-13,23.572750091552734,24.672358651061902,22.93289925007085,24.471081999806486,11677336
2022-06-20,22.242202758789062,23.89903275711332,21.68710054451377,23.593938212907503,8634599
2022-06-27,22.178638458251953,22.94137311983986,21.458277315912092,22.500681407297105,7669840
2022-07-04,22.92866325378418,23.13629577802584,20.99216384719435,22.305762448166636,7748041
2022-07-11,23.013412475585938,23.20833327105046,21.674388758546456,22.415936738916816,7361189
2022-07-18,23.932931900024414,24.05157906311426,22.810017323697217,23.047311649876907,7707596
2022-07-25,23.02188491821289,24.238023016840348,21.98371753899359,23.74648276113946,10363045
2022-08-01,23.3354549407959,23.661736238891223,22.102366676889655,23.038835431941397,8218272
2022-08-08,22.682891845703125,23.665972424066872,22.432884187281967,23.44138984862704,7577389
2022-08-15,21.8608341217041,23.254944686966237,21.814222276597118,22.704080806453202,6590934
2022-08-22,20.564184188842773,21.87778442903669,20.441300324311456,21.79303576572639,8294361
2022-08-29,20.74639129638672,21.072672568729068,20.064166964802364,20.377736504600907,8637843
2022-09-05,20.602319717407227,20.801478821257952,19.924333686239525,20.127729495589836,6593133
2022-09-12,20.653169631958008,21.059961245732158,20.12349254638349,20.691306446777222,13965111
2022-09-19,19.547204971313477,20.966739012306462,19.538729943384272,20.496385469136438,8066259
2022-09-26,19.62347984313965,20.174343761689812,18.898880265759274,19.483644298163057,9015212
2022-10-03,18.911592483520508,20.45401200961983,18.754806891011487,19.31838412671117,9916279
2022-10-10,19.343809127807617,19.763312502913504,18.6319229470469,18.670059764460735,7888021
2022-10-17,20.03450584411621,20.2675650581437,19.339569756879126,19.37346986671811,6965443
2022-10-24,22.03880500793457,22.144740432464328,20.085357137420715,20.348076537649554,12263946
2022-10-31,21.80574607849121,22.153214120618955,20.852327315384212,22.132027360283594,9973467
2022-11-07,22.610857009887695,22.793066067296355,21.365055397238134,21.648963172260622,8056810
2022-11-14,22.263389587402344,23.034599361836325,21.69133731530264,22.788828396835047,8634564
2022-11-21,22.73374366760254,22.928664468652077,22.01761913437173,22.1701664104788,5412277
2022-11-28,22.996461868286133,23.17019589772204,22.318474189759804,22.729504149146866,9949752
2022-12-05,22.585432052612305,23.009173748220213,22.19135214638125,23.0049370425005,8044669
2022-12-12,21.898971557617188,23.35240574264253,21.86507144514663,22.49644730011694,9918418
2022-12-19,22.54729652404785,22.76764241233146,21.530317366330866,21.99643261156202,6774909
2022-12-26,22.021854400634766,22.831200899710623,22.013379373533127,22.547293149367228,3746095
2023-01-02,24.509218215942383,24.585491845728882,22.21253752788065,22.21253752788065,7286751
2023-01-09,24.835500717163086,25.085508378997762,24.07276599821796,24.589729760993357,7764322
2023-01-16,23.975305557250977,25.432976386568697,23.691397784858886,24.95838614714255,8876222
2023-01-23,24.50074577331543,24.75075344922462,23.954118574327243,24.068529031076842,6576453
2023-01-30,25.742307662963867,26.00079035244972,24.106664481220687,24.471082593187873,7657716
2023-02-06,24.839736938476562,25.716882090626896,24.48379386104989,25.598234936966747,7529603
2023-02-13,25.70840835571289,25.886380711598335,24.305824352730383,24.797364663755143,9070315
2023-02-20,24.916011810302734,25.99231612374855,24.699904253033466,25.83553214626119,7539783
2023-02-27,25.178730010986328,25.793155774211236,24.86939877657848,25.449926045738287,11931489
2023-03-06,24.50074577331543,25.85248125900791,23.98378036499051,25.33127914477953,8217852
2023-03-13,23.017648696899414,24.373622441467912,22.712554159848775,24.373622441467912,13211821
2023-03-20,22.843915939331055,23.73377290003087,22.475261097492144,22.966801425426148,7155254
2023-03-27,23.852418899536133,23.95835431662438,22.92866193321095,23.263418239156888,10052943
2023-04-03,23.822757720947266,24.822788342451222,23.585461798683983,23.85665621472989,6776733
2023-04-10,24.941436767578125,25.07703398251765,23.82275893610387,23.82275893610387,6369727
2023-04-17,24.051578521728516,25.38212883640583,23.82275922898387,25.026185738701983,8751646
2023-04-24,24.43294334411621,24.43294334411621,23.280365544996616,24.009201696374728,9122371
2023-05-01,24.941436767578125,25.051608898549127,24.280399132413198,24.432946403331744,6577372
2023-05-08,24.6193904876709,25.221104502244163,24.00920306213337,25.000758638910728,8409956
2023-05-15,24.806394577026367,26.038294312767864,24.115111798837656,25.931944156372836,6604098
2023-05-22,24.407577514648438,24.886156570995677,23.796058235044317,24.66459178610775,5977459
2023-05-29,24.310089111328125,24.522791107597516,23.414967153857848,24.49620272416189,6490806
2023-06-05,24.389854431152344,24.75322058045613,23.849235759571197,24.38099163599794,5251999
2023-06-12,24.345539093017578,24.965921195866766,24.12397429777219,24.460753733172115,8712893
2023-06-19,23.27316665649414,24.443028523074695,22.98956398464495,24.38099064990834,7519967
2023-06-26,23.98217010498047,24.21259766741357,23.016147577643842,23.26430072728065,7118470
2023-07-03,23.361791610717773,24.265774654203465,23.00728660027849,24.13283612049132,6740634
2023-07-10,24.33667755126953,24.60255633349522,22.6882365392537,23.432694424837106,7617505
2023-07-17,25.13431167602539,25.471089431236358,23.991036486482987,24.186014594073015,5425973
2023-07-24,26.508010864257812,26.51687365854725,25.063409203182555,25.072271997471997,8184776
2023-07-31,25.68379020690918,26.623226139299852,25.364738056849237,26.50801150117401,6938230
2023-08-07,25.089994430541992,25.825589409559488,24.965918698545448,25.648338605336576,5084462
2023-08-14,25.23179817199707,25.373599505148455,24.921608812231685,25.054547350760455,4310407
2023-08-21,25.18748664855957,25.648341840396547,25.02795972135406,25.178623853669787,4084174
2023-08-28,25.710378646850586,26.011706898972374,25.347012523481116,25.409050394728798,7606746
2023-09-04,26.162372589111328,27.013180629209916,25.444501403572165,25.763555263811792,6877621
2023-09-11,26.82706642150879,26.968867758444517,26.002845094066586,26.39279961584247,8258153
2023-09-18,26.14464569091797,27.05749325070607,25.94966928075192,26.765027790254383,7090481
2023-09-25,25.763553619384766,26.13578253577073,25.089996452095626,26.047156281315935,6103687
2023-10-02,25.861042022705078,26.011706144395337,24.85070714219697,25.923079892153098,5200625
2023-10-09,25.728103637695312,26.52573653165818,25.55971392650593,25.67492687180066,5569804
2023-10-16,24.62027931213379,26.126918823308248,24.575965341260773,25.887628451809405,5053334
2023-10-23,24.593692779541016,25.036822379172385,23.521319959827633,24.682319037548346,6713425
2023-10-30,25.0279598236084,25.49767781225424,24.682319273521156,24.70004486337314,5419231
2023-11-06,25.240659713745117,25.426775010771344,24.478478008490264,25.089995593449654,4682940
2023-11-13,26.277584075927734,26.39279871475773,25.22293518937075,25.258386367596973,5332252
2023-11-20,26.499147415161133,26.60549925360123,26.056017854070127,26.304171016826935,4361072
2023-11-27,27.518346786499023,27.536072375747107,26.242134787931143,26.508011865031477,7604279
2023-12-04,28.289392471313477,28.33370475317724,27.367682132981475,27.403133310796644,6240968
2023-12-11,28.59071922302246,28.635034885994695,27.837400283840363,28.342567738267967,9571160
2023-12-18,28.72365951538086,28.918637614306995,28.2982555202051,28.333705007933805,5263684
2023-12-25,28.76797103881836,28.936362440107537,28.555270737246175,28.723658757725016,2016047
2024-01-01,28.14759063720703,29.095889341932118,27.7753617288342,28.76797102422498,4459605
2024-01-08,27.42972183227539,28.608444763676616,27.243606528619004,28.165316871592108,6821139
2024-01-15,27.092941284179688,27.376543934797176,26.667537308253454,27.32336886040768,7005683
2024-01-22,27.695600509643555,27.9171653137207,27.146119051753892,27.217019721442366,5715639
2024-01-29,27.163843154907227,27.828537530755227,26.640950110674382,27.67787340461347,7766589
2024-02-05,27.403133392333984,27.926026433827186,26.942278221796723,27.19043139602568,5425388
2024-02-12,29.49470329284668,29.982148527725972,27.24360594133594,27.456307933497218,10520055
2024-02-19,30.28347396850586,30.28347396850586,29.104751040064812,29.361767008657893,6224940
2024-02-26,30.07077407836914,30.832957509802725,30.017597310777106,30.21257541113745,7411198
2024-03-04,30.115087509155273,30.584803807957215,29.69854459916226,29.99987286538497,5124037
2024-03-11,30.877269744873047,31.1874591033231,29.71626901031202,29.8492092386823,8399095
2024-03-18,31.41788673400879,32.16234453605619,30.753192388638265,30.948167097662637,7856101
2024-03-25,31.47992515563965,31.905329138455144,31.267221473826737,31.320398239482547,5212218
2024-04-01,31.39129638671875,31.515375503316776,30.886128959119784,31.2849462390164,6183207
2024-04-08,30.894996643066406,31.64831562025497,30.708883020110726,30.788646484350387,7235071
2024-04-15,31.30267333984375,31.417887977561833,30.380962999719895,31.019070678391856,6699019
2024-04-22,31.568552017211914,32.15348295879402,31.21405036278036,31.37357729055826,7413347
2024-04-29,32.24210739135742,32.61433459503325,31.66603761712364,31.66603761712364,6321375
2024-05-06,32.89794158935547,33.31448450828147,32.10917141754206,32.16234818830197,5570144
2024-05-13,33.05746841430664,33.34993558132778,32.53457533635635,32.897941483351595,7786049
2024-05-20,33.31743621826172,34.723660680144256,32.87626782837886,34.18139054352048,6918462
2024-05-27,34.144630432128906,34.42036024797339,32.94060591209102,33.26229011289379,10034870
2024-06-03,34.5949821472168,34.65012950299444,33.574778854942764,34.18138574412,5550895
2024-06-10,33.914852142333984,35.4037958272571,33.79536794663872,34.56741346957933,8581346
2024-06-17,34.208961486816406,34.686894722962286,33.942421190603355,34.043522924069975,7961029
2024-06-24,33.188758850097656,34.65931998608686,32.9406010010068,34.208962172106425,7122708
2024-07-01,32.168556213378906,34.01594889895142,31.589521219831656,33.69426473925539,8341946
2024-07-08,32.24208450317383,32.55457566864848,31.56194780407892,32.19612662016241,6660423
2024-07-15,31.819299697875977,32.3248049288861,31.672243566925854,32.122604940138885,5293154
2024-07-22,33.51963806152344,33.51963806152344,31.378129549170986,31.81929791733449,8397892
2024-07-29,32.59134292602539,33.93323046303233,32.46266925892808,33.39096386772065,7129908
2024-08-05,31.433277130126953,32.0582665325928,30.96453332523029,31.902017428929067,8556177
2024-08-12,31.966354370117188,32.15017540194029,31.093210604622968,31.3965123269507,5321772
2024-08-19,32.76597595214844,32.8670741907728,31.938783046351833,31.938783046351833,3867064
2024-08-26,32.63729476928711,32.98655434289853,32.4350948107493,32.73839650160311,4935526
2024-09-02,32.50862503051758,32.97736884482777,32.07664963050175,32.67406361132181,4645339
2024-09-09,33.22552490234375,33.24390384934574,32.223703998202396,32.51781623555633,5731296
2024-09-16,33.60235595703125,34.071096233123434,33.05089289011143,33.05089289011143,7759283
2024-09-23,34.1813850402832,34.41116042548404,33.409339605764615,33.427722057311975,7048174
2024-09-30,32.5545768737793,34.07109591084613,31.89282610826712,34.01594855284747,7985052
2024-10-07,31.019681930541992,32.84869583001709,30.799095983020916,32.600537953841396,8547847
2024-10-14,31.543567657470703,31.644669397734148,30.743950221169474,31.065634389194546,6125643
2024-10-21,28.639205932617188,31.60790370236535,28.34509369887767,31.424082679754555,9565397
2024-10-28,28.584062576293945,29.448018645672708,28.2256117293016,28.76788186032204,5753111
2024-11-04,28.85059928894043,29.199858886224057,28.317520419497136,28.47376776500882,6504373
2024-11-11,28.731117248535156,29.834038155945564,28.253183978800358,29.12633123108327,7791911
2024-11-18,28.584062576293945,28.878174833176757,28.05098367243201,28.694353796101336,5986817
2024-11-25,28.262374877929688,28.82302742835316,28.06017315217646,28.70354323578067,7893301
2024-12-02,29.374486923217773,29.55830794837083,27.7292959355915,27.940688887384464,7053056
2024-12-09,30.128150939941406,30.164915847373457,29.282579105571475,29.42963522920514,6227221
2024-12-16,29.365297317504883,30.12814983522835,28.979274568859047,30.063813002628578,9598137
2024-12-23,29.420440673828125,29.420440673828125,29.126330195357756,29.319340689898453,2178503
2024-12-30,28.78626251220703,29.631837827371,28.703543226007234,29.328532609273598,4463396
2025-01-06,28.43700408935547,29.714556509673134,28.207228688591876,29.08037415966522,7558517
2025-01-13,30.24763298034668,30.284397885158555,28.207228095560616,28.27156492593425,11219127
2025-01-20,30.992109298706055,31.0196812267351,30.04543219860506,30.22925323301945,6006926
2025-01-27,30.881811141967773,31.212688265918622,30.449835791115696,31.00129532697096,8327061
2025-02-03,30.403884887695312,30.78071643167026,29.6961761819678,30.16491649038752,7712317
2025-02-10,31.18511962890625,31.617098531397538,29.852421519635254,30.44983900154471,11165373
2025-02-17,30.780715942382812,31.203501861859575,30.587701930365533,31.185119408043903,8286915
2025-02-24,31.396512985229492,31.59871647508388,30.34873763979247,30.973727057438175,13108178
2025-03-03,31.80091667175293,31.984737708660823,30.183299260371694,31.231074612823644,12248892
2025-03-10,31.295408248901367,32.81192726566209,30.799092551842115,31.993927416487196,10573532
2025-03-17,31.12997055053711,31.690623093640014,30.973724959754676,31.286219647413947,8612872
2025-03-24,30.330352783203125,31.81929639267213,29.052802120885726,31.405699971682306,11661949
2025-03-31,28.859790802001953,30.311971305801276,28.243992640407146,30.220062545332656,9768794
2025-04-07,26.966442108154297,28.52891558869998,26.16682291445215,27.306508731360136,12063433
2025-04-14,27.775251388549805,28.124510999226032,26.727476062615693,27.609814563176485,5925902
2025-04-21,28.841407775878906,29.484781357712027,27.69253076236633,27.77525004758301,6956962
2025-04-28,30.054622650146484,30.256822615505836,28.84140708056594,28.905745664331207,6200585
2025-05-05,30.670419692993164,30.863433695403952,29.622644420310564,30.11896013034792,7106082
2025-05-12,31.56195068359375,31.92039976478247,30.946150757220035,30.946150757220035,7016026
2025-05-19,31.870389938354492,33.76424822367246,31.51648806728773,32.84601456692488,7550776
2025-05-26,32.21472930908203,32.702539811677354,32.06169036231327,32.06169036231327,5647243
2025-06-02,31.267797470092773,32.1190804652067,30.93302592333846,31.985168197768772,6864455
2025-06-09,30.799118041992188,31.81299969285623,30.76085739323679,31.26779821866881,5323301
2025-06-16,29.957401275634766,31.114758506474338,29.79479717116321,30.76085663603914,7428095
2025-06-23,30.301740646362305,30.435649268676393,29.460024614869933,29.72784368386626,8138105
2025-06-30,30.100875854492188,30.636512167511125,29.70871332584302,30.320870936518524,5894914
2025-07-07,30.78955078125,31.296495250903902,29.909577760129846,30.129571015409883,6788792
2025-07-14,30.80868148803711,31.248668004060903,30.311305823046766,30.50260359439131,5567712
2025-07-21,29.718278884887695,31.59300691767188,29.364377000341047,30.808681849900204,8246511
2025-07-28,29.622629165649414,30.5791235092859,29.39307074210084,30.13913698690984,7055043
2025-08-04,30.0626163482666,30.26347927695544,29.29741980836753,29.746973300064067,5345710
2025-08-11,30.82781219482422,30.904333493552876,29.92870882718059,30.273045549618676,4196599
2025-08-18,31.13389015197754,31.516489348881912,30.52173435591963,30.665209966942857,4872649
2025-08-25,29.584369659423828,31.076502114686924,29.498285024529107,31.076502114686924,7058747
2025-09-01,29.603500366210938,29.823493625176365,29.19220751070365,29.5652397171553,5679999
2025-09-08,30.091310501098633,30.502603351548775,29.699147974941088,29.75653894781888,5527274
2025-09-15,29.775667190551758,30.50260308807818,29.31655035770395,30.206090361576656,9323251
2025-09-22,29.546110153198242,30.005228831843624,28.962649835025744,29.622629628911106,5977338
2025-09-29,29.861751556396484,30.148700942623712,29.01047220842873,29.50784968506144,6048974
2025-10-06,28.20701789855957,29.938272145032027,27.60442726642179,29.813928683417878,8783847
2025-10-13,25.901866912841797,28.34092677444726,24.40017107594706,28.302667949136715,18136794
2025-10-20,26.695756912231445,26.743580899535736,25.873171195146792,25.94012733148824,10881498
2025-10-27,26.485328674316406,27.193134264022962,26.41837436269619,26.734017420597333,10798848
2025-11-03,27.183568954467773,27.298349076886424,26.46619820636363,26.542717679853343,10438060
2025-11-10,27.193134307861328,27.85311591157974,27.02096503520712,27.413127567644743,9290822
2025-11-17,26.456632614135742,27.307911970919136,25.729696715614143,27.164438188503798,12208003
2025-11-24,26.925315856933594,27.059226307843335,26.27489940052921,26.791407230392057,8871780
2025-12-01,26.810537338256836,27.26008902683918,26.590542250818658,26.810537338256836,8374029
2025-12-08,26.829666137695312,27.030530902486674,26.26533431788521,26.781842149318816,9140596
2025-12-15,27.097484588623047,27.518342609192096,26.63836774311218,26.647932905439678,11375010
2025-12-22,26.72445297241211,27.097485189617135,26.638368333923534,27.068789701998206,1907472
2025-12-29,27.413127899169922,27.460951886877496,26.638367987224463,26.7340177870078,4130060
2026-01-05,28.474836349487305,28.48440151161324,27.240957800763585,27.575731177698803,8684901
2026-01-12,28.761783599853516,29.1635112828893,28.23571245928271,28.398316564901194,10760742
2026-01-19,29.766103744506836,30.426083505185172,27.833984799511782,28.3600559405223,9614263
2026-01-26,29.98609733581543,30.28261006457742,29.31655058119866,29.708713106958495,9332782
2026-02-02,31.545183181762695,31.975606368417946,29.794798596644995,29.89044839638707,9893946
2026-02-09,32.979923248291016,33.19035316330397,30.464344025069057,31.60257276055877,11436045
2026-02-16,32.01386642456055,32.90340644424485,31.593006583750412,32.71210684830719,7258129
2026-02-23,32.90340805053711,33.075577330412415,31.793874718416532,32.07125531489431,11418214
2026-03-02,29.68001937866211,32.01386602810622,29.26872652954721,31.96603839316186,9383135
2026-03-09,28.36962127685547,29.871317061618864,28.273971480347303,29.05829652785164,8732216
2026-03-16,27.212265014648438,28.79048032886397,26.973141426907656,28.37918746605091,11249726
2026-03-23,27.73833465576172,28.407881394441137,26.52358645885071,26.686190562566104,8039723
2026-03-30,28.398317337036133,28.87656450487401,27.38443202767476,27.575731624557175,6837619
2026-04-06,29.125253677368164,29.555675040101253,27.948764240747398,28.398317752690552,6971708
2026-04-13,31.009544372558594,31.344319576710404,28.551356065057707,28.771349322721658,8586133
2026-04-20,30.550430297851562,31.028675652366083,30.215656907760014,30.493039322840527,7115076
2026-04-27,29.4982852935791,30.904333126771853,28.570486449923596,30.502603610686936,6964717
2026-05-04,30.45478057861328,31.325190300557168,29.259162628210333,29.507851380818334,8238176
2026-05-11,29.957401275634766,30.607817693520982,29.66088855255185,30.26347916067108,6257609
2026-05-18,30.139137268066406,30.32087170587576,29.240032065837607,29.718279242117237,7538691
2026-05-25,31.510000228881836,32.0,30.18000030517578,31.829999923706055,11471501
2026-06-01,31.8799991607666,32.279998779296875,31.079999923706055,31.420000076293945,6902588
2026-06-08,33.13999938964844,33.27000045776367,31.420000076293945,31.5,7636390
2026-06-15,33.349998474121094,34.220001220703125,32.7599983215332,33.709999084472656,9950838
2026-06-22,33.810001373291016,33.97999954223633,32.43000030517578,33.31999969482422,8136446
2026-06-29,34.84000015258789,35.22999954223633,33.290000915527344,33.7599983215332,7271592
2026-07-06,34.869998931884766,35.720001220703125,33.93000030517578,34.810001373291016,6897720
2026-07-13,35.119998931884766,35.369998931884766,34.06999969482422,34.65999984741211,6565337
2026-07-20,34.40999984741211,35.47999954223633,34.16999816894531,35.029998779296875,9699078
2026-07-27,34.970001220703125,35.33000183105469,33.459999084472656,34.77000045776367,10278367
2026-08-03,34.560001373291016,35.47999954223633,33.81999969482422,35.209999084472656,7661192
2026-08-10,34.630001068115234,34.959999084472656,34.189998626708984,34.439998626708984,7118852
2026-08-17,34.61000061035156,34.95000076293945,33.95000076293945,34.619998931884766,5160589
2026-08-24,34.779998779296875,35.349998474121094,33.9900016784668,34.61000061035156,6438573
2026-08-31,35.15999984741211,35.27000045776367,34.09000015258789,34.81999969482422,7462559
2026-09-07,33.459999084472656,34.95000076293945,33.22999954223633,34.88999938964844,6100466
2026-09-14,33.08000183105469,33.59000015258789,32.7400016784668,33.29999923706055,10378586
2026-09-21,33.79999923706055,34.310001373291016,33.0,33.20000076293945,6946694
