Price,Close,High,Low,Open,Volume
Ticker,MT.AS,MT.AS,MT.AS,MT.AS,MT.AS
Date,,,,,
2005-07-25,29.635501861572266,30.80613577301232,28.772931084213564,29.943562688703974,40941
2005-08-01,28.390928268432617,30.74451696555079,28.15680061745922,30.374842212845234,41254
2005-08-08,29.204221725463867,30.02982842983994,26.98618143802116,28.538809639231054,96712
2005-08-15,28.711313247680664,29.41369159896284,28.612732696718673,28.834536629434005,35125
2005-08-22,27.65158462524414,29.265826331449745,27.1093961486042,28.71131643804499,22250
2005-08-29,28.711313247680664,29.044019146753666,27.417453897575687,27.602291277154848,23238
2005-09-05,29.204221725463867,29.450673209568773,27.737850390215616,28.834549113206798,16160
2005-09-12,30.86774444580078,30.941679867553717,29.450663857374018,29.450663857374018,63110
2005-09-19,30.411819458007812,31.225099985704748,29.820340613364824,30.90471772622706,80554
2005-09-26,29.561569213867188,30.867747972367045,29.327441505042398,30.74452456231692,61693
2005-10-03,26.801340103149414,31.545485500674012,26.320765546007603,29.758729801390693,221211
2005-10-10,24.842069625854492,28.58809722471862,24.84206962585449,27.035466863812122,152499
2005-10-17,24.706525802612305,26.037349903789117,23.720729146799844,25.236390697678996,174272
2005-10-24,25.211746215820312,26.98618070449259,24.33685154535447,25.014587340845633,213610
2005-10-31,26.480955123901367,26.973853399436933,25.877154851717783,26.000380574076566,131341
2005-11-07,26.776689529418945,27.109395456973612,25.2610284237979,26.86294636542023,79136
2005-11-14,28.021259307861328,28.588092969267613,27.232623978712947,27.232623978712947,155578
2005-11-21,28.56343650817871,29.83264815084823,27.91034626062784,28.3416326213801,288682
2005-11-28,29.66014862060547,30.682914036693422,28.34164608624969,29.142605203212117,289079
2005-12-05,29.09330940246582,30.177686320499795,28.957764594660905,29.684788140838776,220914
2005-12-12,27.220304489135742,29.512282326815686,26.998500479934453,29.265833171375366,215347
2005-12-19,27.04778480529785,27.540683007438343,26.801335704227608,27.45442616810617,176407
2005-12-26,27.577651977539062,27.663908824416605,26.80133804869154,27.04778717132008,97883
2006-01-02,27.602291107177734,29.31511086747605,27.171004659798637,27.60229110717773,301955
2006-01-09,28.637380599975586,29.42601816298293,28.156803828050222,28.575768903149065,369513
2006-01-16,28.9577693939209,29.573891067134245,28.14448657060756,28.834543675108403,129408
2006-01-23,34.04692459106445,35.242203071750936,28.649691616754474,28.896140621549215,847491
2006-01-30,36.4128532409668,37.39864977795708,34.133199325914205,34.626097594409345,1864036
2006-02-06,34.009979248046875,37.87923034315438,33.51708093120707,36.59769425798088,971986
2006-02-13,34.31802749633789,35.72278649054219,33.048815604754544,34.8109256318779,498504
2006-02-20,34.94648361206055,35.11899732111202,33.7635281799436,34.50287561338542,192767
2006-02-27,36.70859146118164,37.201489713533476,34.25642392455355,35.08202815120043,470290
2006-03-06,34.24409103393555,37.58347591517493,33.64029095176011,36.10478155389438,323690
2006-03-13,35.66118240356445,35.91995294176765,34.19480909956419,34.93415646050853,259641
2006-03-20,37.287750244140625,37.53419939465554,35.9199573434354,37.33704053563359,473340
2006-03-27,38.926631927490234,40.146556087874885,37.82993347838414,37.82993347838414,483893
2006-04-03,38.174957275390625,40.060293065060364,37.386319765686075,38.803402538613874,604827
2006-04-10,38.56928253173828,39.30862760432431,37.583486025690675,38.938957374980966,207658
2006-04-17,39.025211334228516,39.887784366639764,37.46025753582236,38.56927967650118,256537
2006-04-24,36.01852798461914,39.18539719510182,35.85833573495809,38.92662669661423,516124
2006-05-01,39.012882232666016,39.16075306141454,36.018526787373276,36.018526787373276,290643
2006-05-08,37.86690139770508,41.89634654345162,37.71903284581194,39.320951001294645,725052
2006-05-15,31.311363220214844,36.967373039278876,31.311363220214844,36.41286064426853,2043913
2006-05-22,30.80613899230957,32.28483388540762,28.341647503812826,32.28483388540762,2320315
2006-05-29,35.37049865722656,35.92940077367724,32.60260269873809,34.332538295619926,660993
2006-06-05,32.256622314453125,35.53018913180341,31.31181175147396,35.53018913180341,488791
2006-06-12,32.20339584350586,33.89340865365991,29.941174717076468,32.46953965198618,728271
2006-06-19,33.69379425048828,36.56814637845082,32.296540124456065,32.66914238734093,1518592
2006-06-26,32.190086364746094,34.86483023558893,30.859367463288006,34.59868645529731,4234660
2006-07-03,31.192052841186523,32.230013544014895,29.036287537986997,32.230013544014895,4430378
2006-07-10,33.80024337768555,36.19553656857272,30.340375435292962,30.846048193127473,9172014
2006-07-17,34.665218353271484,36.182237003688826,33.02843513811873,34.03978090506362,7022969
2006-07-24,34.93136215209961,36.195545608056136,33.534108064624625,34.67852695569205,11208664
2006-07-31,34.79829788208008,36.43508139855471,34.53215407908301,35.423735445427184,16153885
2006-08-07,32.402984619140625,34.81158350018279,31.750932809427727,34.47890456470392,9253412
2006-08-14,33.05504608154297,34.532143876323325,32.45622083324658,32.53606469794729,5512659
2006-08-21,35.184200286865234,35.583414677799276,32.73567721753596,33.00182097526074,6428479
2006-08-28,35.68986892700195,35.8628602313107,34.10631263604196,35.15758147494404,6366238
2006-09-04,35.3971061706543,36.3419164049496,34.731745692797226,35.74309122748654,4802168
2006-09-11,35.53017807006836,36.07577403063546,33.880086615629956,34.91804929798115,10366231
2006-09-18,34.944671630859375,36.03586137934483,34.19946954419544,35.79633222617808,6223498
2006-09-25,36.62137985229492,37.44642585780229,33.20143373956655,35.05113172638603,10718021
2006-10-02,38.08516311645508,38.1250838040891,35.490261120205226,36.72782984122611,6230154
2006-10-09,40.57360076904297,40.83974696889273,38.191615947792776,38.20492450343817,7688673
2006-10-16,42.31686019897461,42.59631009082074,40.69338263660706,40.77322653055176,7125482
2006-10-23,44.97828674316406,46.50861643568871,42.31684921552603,42.75598678128224,10208112
2006-10-30,43.9137077331543,45.510570104320564,43.06204979491042,44.57906580882057,6536837
2006-11-06,44.11333084106445,44.96498906289022,42.98221774970848,44.89845622273694,6679268
2006-11-13,42.050716400146484,44.80530442082747,42.03740783961678,44.00687051086074,6077989
2006-11-20,42.52976608276367,44.48591979468727,41.06597420131579,41.27888870462469,4197768
2006-11-27,40.71998596191406,43.062052936889245,40.387306899807335,42.6495275117005,5976859
2006-12-04,42.55637741088867,43.27496478020496,40.081242308363834,40.34738605529277,6088442
2006-12-11,42.423309326171875,43.91371340179478,41.30550502380153,42.928979735212835,6917646
2006-12-18,41.95757293701172,42.88907266602475,41.31882670667833,42.47655206926387,3339555
2006-12-25,42.543087005615234,42.96891613599915,41.70473232391817,41.957570082857146,1339105
2007-01-01,40.906288146972656,43.80725224621738,39.94816916385378,42.54307380889426,5690900
2007-01-08,41.6248779296875,41.81118030713746,40.52038218854114,40.91959658617843,4992543
2007-01-15,42.7559928894043,43.22174763741146,41.69141772626385,41.91764331169508,4625523
2007-01-22,46.69492721557617,47.33366838522545,42.59630897841391,42.79591746240941,9962403
2007-01-29,48.491390228271484,49.58258253374978,46.57515688758625,47.14736517778458,6750662
2007-02-05,48.46477127075195,49.42288780626647,47.79941311915715,48.63776259642607,5626320
2007-02-12,51.32582092285156,51.7383414115082,47.63972873008191,48.05225420135147,9544130
2007-02-19,52.61661148071289,52.882757723673244,49.80879477619641,51.884715540837455,8599762
2007-02-26,52.887306213378906,55.06130664285367,48.539300329662815,53.54487229044045,31326414
2007-03-05,53.276485443115234,54.08166920363959,50.32413326340262,51.06222130833078,12758932
2007-03-12,50.92802047729492,53.611974489750736,49.78733813771368,53.41067731072071,9496026
2007-03-19,52.686012268066406,53.9474699429915,49.47868849620717,50.72672501880393,10582279
2007-03-26,53.34356689453125,54.20243503749686,51.384285092090046,53.41066761695171,8898892
2007-04-02,55.78172302246094,56.00058424117674,53.90774304364634,54.277064948082774,5170285
2007-04-09,55.015724182128906,56.75291878545004,54.41386083965946,55.781733469376796,6666271
2007-04-16,55.603904724121094,55.740695565674635,52.18423099792255,55.20722255139519,9178802
2007-04-23,53.78463363647461,56.34255242516141,53.41530660133386,55.31664683961338,7655574
2007-04-30,57.0401611328125,57.46419831476527,53.62048297887746,53.96245489164445,7672477
2007-05-07,57.16328048706055,58.4354025827458,55.41240579293992,57.43685705882224,6923044
2007-05-14,59.81696319580078,60.74711349866509,56.54774934120382,57.382154225274206,12067670
2007-05-21,59.256103515625,60.856511874999605,58.33962868910085,60.186253325170284,7337551
2007-05-28,63.645050048828125,63.645050048828125,58.89027678384437,59.855014809307775,7643556
2007-06-04,62.7078742980957,65.450481402601,61.77070308437292,64.56843851443587,11319599
2007-06-11,66.38765716552734,67.33861181589823,62.887041795198535,63.328068429881064,9594460
2007-06-18,66.3187484741211,69.02001072208279,65.97420029722973,66.84245984525957,9734416
2007-06-25,64.15498352050781,67.33861231064385,62.694095683336194,66.01554787801267,10354460
2007-07-02,65.6985855102539,66.29120882312512,63.4107822036968,63.57616725393329,6350005
2007-07-09,66.9940414428711,68.3308939558927,64.22387348328746,66.22225540851042,7940628
2007-07-16,65.56072235107422,67.25590118472414,64.98187765154897,67.25590118472414,6899537
2007-07-23,61.453712463378906,66.88380315031014,60.39250129680633,65.53316700348806,9467589
2007-07-30,64.03093719482422,65.98797464692049,61.508843449092744,61.71557337520458,12752111
2007-08-06,57.842857360839844,63.78287768343778,57.45696415798907,63.272949591262034,13848683
2007-08-13,55.086463928222656,60.13065757983436,51.751233188168925,58.325221371686794,19838507
2007-08-20,64.16875457763672,64.49951933221868,56.23034886388857,56.78162689511058,12699531
2007-08-27,67.00167846679688,67.14045968464526,62.102843853766046,65.10043086243392,15226780
2007-09-03,64.53147888183594,68.1535678287355,64.36494964030798,66.64089950488625,7914909
2007-09-10,68.22290802001953,68.65312036702385,62.977126474228804,64.53143115515928,8416212
2007-09-17,74.87035369873047,75.57811817859573,66.07187476502969,68.1118984329556,15423985
2007-09-24,76.86875915527344,77.4377424801666,74.4540342264814,74.77321859999063,11937731
2007-10-01,76.60507202148438,78.3952967629144,73.76013494701274,75.96669295714429,8133071
2007-10-08,76.96588897705078,79.28346973853107,73.5658428246064,76.84098692583747,10540191
2007-10-15,76.39691925048828,78.17327034921733,74.25974626649084,77.02141926686537,7386478
2007-10-22,77.71528625488281,77.82630914648445,72.99685493174356,74.73157332335559,8585636
2007-10-29,72.84420013427734,80.85165478443636,70.58213079013696,78.75611458232454,12128303
2007-11-05,69.98539733886719,75.92506559919285,69.77723069100055,72.84420856400223,9794232
2007-11-12,66.62699127197266,72.15032648813344,65.64166944027549,67.95925060426008,14076837
2007-11-19,67.22374725341797,68.6531558340234,64.26779152047172,66.09964914252937,10622537
2007-11-26,70.41693115234375,71.59031453089922,63.79569749414278,68.50319605987441,12263977
2007-12-03,70.0537338256836,71.14330064058166,66.00277089529564,69.91404671127336,9353839
2007-12-10,69.34130096435547,73.12685352716721,68.0142607183588,70.24927476838388,7564187
2007-12-17,71.52045440673828,72.48430429079463,66.6872347073144,68.29365466764521,9986201
2007-12-24,75.3251724243164,75.59566662616787,72.33551425592607,72.7483718632806,2115378
2007-12-31,71.0969467163086,77.14744787067077,70.84069043513736,75.52448786954257,5096039
2008-01-07,64.9894790649414,71.38165151052927,62.854007160763466,71.02574041492693,11395506
2008-01-14,60.875144958496094,66.44160848101325,60.27721551477766,64.59086839647748,13810894
2008-01-21,62.21337127685547,64.54814771096558,50.53946245348421,59.77893461550203,18958369
2008-01-28,67.09647369384766,68.17844489442037,58.79661517742878,60.44804518517469,12746653
2008-02-04,65.4450454711914,68.96145330160778,63.30957355340343,68.8760363438993,9749108
2008-02-11,67.7228775024414,70.25696887498579,64.44848809684153,64.76169070078318,12390842
2008-02-18,73.9442367553711,75.4248279110317,66.49856182702048,68.59132042847763,13920453
2008-02-25,72.0365219116211,75.92307846160747,71.03997305051965,75.3963334909811,10116599
2008-03-03,71.16881561279297,75.2278241832006,70.02139931818215,71.08276086754782,11805694
2008-03-10,72.63175964355469,74.43895178734978,67.75522151889771,69.89229368071523,11314774
2008-03-17,68.84528350830078,73.492341407147,67.69786193748358,69.83493447887147,10448758
2008-03-24,73.52101135253906,74.23814836317553,68.84527116912258,68.84527116912258,8295439
2008-03-31,76.70509338378906,76.71943762536154,72.0723813182536,73.00466035391693,9777917
2008-04-07,76.18875885009766,79.30113723166515,75.74413566860119,77.80949176137149,8800984
2008-04-14,80.6924057006836,81.09400160784708,74.88358244034751,74.94095405142302,9346086
2008-04-21,81.2947998046875,83.9482113156356,79.43024123543184,80.30514890881248,10979182
2008-04-28,82.5426254272461,83.30279529602969,79.38721883353917,81.45257548612075,6387264
2008-05-05,87.3044204711914,88.88212097399368,81.82548265103604,82.14102382566952,10382942
2008-05-12,92.33872985839844,93.88775807526814,87.51956258695606,87.93550813352724,11099128
2008-05-19,90.24469757080078,94.83438386198564,90.12995433944805,93.22798936377846,9612183
2008-05-26,91.53553009033203,92.9411264647305,88.33709643186889,90.50285186212214,7599277
2008-06-02,94.0964126586914,97.833147131833,89.85471625760098,91.87456937150306,9231538
2008-06-09,89.97013854980469,96.53466528573773,86.60852093403807,93.99541578984301,10014223
2008-06-16,94.16856384277344,96.21726985791477,87.7194523974168,89.19105668096846,9895408
2008-06-23,91.87456512451172,96.52023625531729,89.59501663845221,93.1730478542538,9189677
2008-06-30,77.2306137084961,93.2451849748421,76.24954257752825,91.5138747169715,15027669
2008-07-07,80.28926849365234,83.14592464777935,75.961007977769,78.87536944622491,10566638
2008-07-14,72.90235137939453,81.74643709513187,72.06555427372089,81.01063237103217,13419650
2008-07-21,71.84912872314453,75.36944301498832,69.69942576841422,72.13767677239835,10656008
2008-07-28,79.56787872314453,86.40653530040812,71.96456474054025,72.48395569550878,14887750
2008-08-04,76.2928237915039,80.6499358534551,74.82121440291144,78.39924009480302,10865469
2008-08-11,72.98890686035156,77.28831301480223,72.45508699649797,76.04754120641412,8828074
2008-08-18,75.51374053955078,76.42267197443202,72.05113070601499,73.30632636551371,8521586
2008-08-25,77.5047378540039,78.13954476978017,72.57051876653934,74.51823739602338,7330676
2008-09-01,63.21118927001953,78.00406264623622,62.78251773141364,77.11764851540107,14596560
2008-09-08,66.9311752319336,67.2508587336049,59.72364666425531,66.26273174773097,14657724
2008-09-15,60.92251205444336,65.56526238848407,53.78037462940887,64.59893137606092,19471076
2008-09-22,56.35966873168945,63.83602677022818,56.0908417730317,63.574463493358955,9220792
2008-09-29,48.28752136230469,56.3160645205061,42.26429535308936,56.21434579096503,16680346
2008-10-06,31.75090217590332,45.482987692876826,29.78917761667857,45.482987692876826,27383031
2008-10-13,32.15778732299805,41.23258992829816,27.4787047470206,34.19943733728575,22946000
2008-10-20,24.95025062561035,34.119505844446124,23.17016714739297,33.27668755638964,21296204
2008-10-27,29.0916748046875,29.42589395211625,22.232898196806087,23.81681070669735,20207442
2008-11-03,25.415258407592773,36.00858057197277,24.034783273447953,29.752852210842534,24374652
2008-11-10,24.361722946166992,30.849948234192023,22.5162493316854,27.60946878980204,18116160
2008-11-17,20.256635665893555,24.94298255609608,18.788975082753357,24.543371327894675,18670219
2008-11-24,27.180801391601562,29.048073112128087,20.69983885025692,20.86694973405353,18633143
2008-12-01,23.20499038696289,27.845989578284946,22.371991139058967,27.845989578284946,14528920
2008-12-08,26.477497100830078,29.39299962274256,24.915622639507962,25.74862495138274,14433740
2008-12-15,26.477497100830078,27.488998316778243,25.317250047116165,27.20637481992667,12015271
2008-12-22,24.751991271972656,26.403116163375383,24.2611187127547,26.403116163375383,3045119
2008-12-29,27.935253143310547,27.950126893444224,24.60325184604607,25.00487651755485,3779877
2009-01-05,29.9508056640625,34.078616782117265,27.07249221594505,28.188117820898057,15784706
2009-01-12,26.507246017456055,30.33012218087414,24.766872741672305,29.601247284131915,21532205
2009-01-19,24.551179885864258,27.496429103207472,23.361180089571086,27.221241162970497,23787725
2009-01-26,26.336183547973633,30.28549325170036,24.008245886898592,24.48424476319778,33000014
2009-02-02,32.82911682128906,33.461305323399706,25.138744144756103,25.808118403869386,30126232
2009-02-09,29.90618324279785,33.215868908679695,28.307120439918737,32.338242680329344,32152273
2009-02-16,25.55593490600586,30.652091373238854,25.450704984785368,30.065806765084574,22449845
2009-02-23,23.22583770751953,27.179491248249377,22.143468126251566,27.0742613218129,27268384
2009-03-02,21.57973289489746,24.488601467134334,21.42188801160071,21.842809107585442,36030738
2009-03-09,22.429092407226562,25.165081653290574,21.04606614426958,22.008171309492116,37661759
2009-03-16,21.256528854370117,23.488916248013343,18.903878474764916,23.150676160247276,52682615
2009-03-23,24.075193405151367,24.548730814631682,21.181359622031987,21.827774941859886,36367222
2009-03-30,27.442569732666016,29.133771637918606,21.512088628827165,23.308521881776255,36317016
2009-04-06,28.945859909057617,29.284101407464053,25.007240394497536,28.48735683065729,21928874
2009-04-13,33.23776626586914,33.82405115893951,28.945869390558794,28.945869390558794,23658141
2009-04-20,30.975305557250977,32.98971461112319,28.036373050086194,32.80180359182195,28314515
2009-04-27,27.05922508239746,30.358946821410118,25.08991446696776,30.216133596495702,49313570
2009-05-04,32.065185546875,32.696567924725606,28.622649971443668,28.788012089794705,47321824
2009-05-11,29.088666915893555,31.55406395522333,27.26968663571663,31.55406395522333,34114843
2009-05-18,31.8035888671875,34.51140791351746,28.51931857584099,29.004752697973373,31742037
2009-05-25,35.338165283203125,36.69586767967611,30.665849719260795,32.02355211573378,29838618
2009-06-01,37.85636901855469,39.51746890709537,35.55813772731158,36.771726220122446,31472121
2009-06-08,38.09149932861328,39.411276251633616,35.68707687965098,37.62881940273125,25507639
2009-06-15,36.695865631103516,37.712245234955304,33.146118464187644,37.62881098239937,34471987
2009-06-22,36.013221740722656,36.60484724056983,33.312988396858735,36.52899869136637,28512946
2009-06-29,34.23076629638672,36.68069694930245,33.91220067564681,35.64914869545643,21581358
2009-07-06,31.795995712280273,34.314191376031594,31.644298649657287,33.82875736760877,27384425
2009-07-13,37.09028244018555,37.575719417234474,30.97683296442438,31.67464702141807,22379754
2009-07-20,39.517459869384766,40.200102530462864,36.809640667078895,37.8639460680927,23708424
2009-07-27,38.303871154785156,40.94342463656076,35.398846319391374,40.35180195134735,29933470
2009-08-03,39.896705627441406,40.76138822809197,38.16734326616551,38.37972035263135,21699755
2009-08-10,37.590885162353516,39.896701399714686,36.74137406648492,39.896701399714686,18129705
2009-08-17,39.05369567871094,39.382327101512686,36.17243246358865,37.32646699992575,20521062
2009-08-24,39.28297805786133,40.37587137802526,38.15187350557669,39.634539707749575,19182769
2009-08-31,37.876747131347656,38.90085584674943,36.439938145108336,38.59515162446731,19815620
2009-09-07,41.75154113769531,42.20245255895088,38.228298452402484,38.36586518224039,22849029
2009-09-14,41.95789337158203,44.051965199688794,40.689221992731,41.033137415776686,31978886
2009-09-21,38.656280517578125,41.705678359967365,38.556927893713585,41.514613640644,24019272
2009-09-28,36.28706359863281,40.383498950667835,35.415808929503044,38.663914053403886,30987943
2009-10-05,38.90084457397461,39.76445896628311,36.332931567913725,36.97491053483426,25090178
2009-10-12,40.48286819458008,41.83560822133417,39.00020196354623,39.27533829292723,24835164
2009-10-19,38.94670867919922,41.25477559387837,38.67157517801859,40.35294975370231,21950761
2009-10-26,35.12540817260742,39.88675223479176,34.75092201287918,39.336485222019334,35352846
2009-11-02,36.27943801879883,36.83734834599412,34.170079523175566,34.98019314467134,26811483
2009-11-09,38.128936767578125,38.671560167163236,36.60805970928238,36.60805970928238,17695236
2009-11-16,38.943878173828125,40.506868667541404,38.435713180392916,39.02087208355464,21133463
2009-11-23,40.02178955078125,41.145911250574784,37.01900202618852,39.70611375074306,23392274
2009-11-30,41.55399703979492,42.57032414974413,39.49823916931106,40.16039198610189,20642878
2009-12-07,44.15640640258789,44.31039708446512,40.85334015052348,41.5770891480694,25517315
2009-12-14,46.11977005004883,47.04370550202987,43.748336588170744,44.65687441326199,27616635
2009-12-21,48.1986198425293,48.614393197266736,46.15056273353549,46.45854118113808,9896731
2009-12-28,49.55373001098633,50.30827423911645,48.67598747526856,48.67598747526856,10661928
2010-01-04,51.81736755371094,52.1715446636305,49.384340842636036,49.70771693474274,23158066
2010-01-11,49.615325927734375,53.095477729948726,49.04556475049874,52.510321809468316,24250013
2010-01-18,46.681827545166016,50.554657631748604,45.11883735906657,49.90789969201911,24603206
2010-01-25,43.86383056640625,47.55957251641567,42.732008368978704,46.050478175119586,30975714
2010-02-01,42.0467529296875,46.30455536478925,41.12281754765131,43.301764652443964,28905428
2010-02-08,41.56168746948242,44.425888125644384,40.49916188460149,42.9937877975634,39575573
2010-02-15,44.73240661621094,44.85640615378597,42.09744255890366,42.438438385439206,19643547
2010-02-22,43.35293197631836,45.63140209196545,42.36094711912505,45.25940922141609,19776965
2010-03-01,47.90986633300781,48.142364024939994,43.38392654618646,43.78692215862945,25376329
2010-03-08,48.29736328125,48.808857040958294,47.1503762194329,47.97186593334659,18159404
2010-03-15,48.235374450683594,49.87835425116778,47.12713771994799,47.739381972173476,19678237
2010-03-22,50.96333312988281,51.544580358718356,46.809391276874514,47.73162860016786,21449758
2010-03-29,52.234310150146484,52.234310150146484,49.94034186870585,51.304319401383815,14651126
2010-04-05,52.80005645751953,54.95452986932161,52.001818751061606,52.2343164663661,18801894
2010-04-12,50.49834442138672,53.54403515401806,50.37434485547438,53.42005299888442,20509761
2010-04-19,48.71585464477539,51.52907033254995,48.18111459632911,49.785340545259764,22332232
2010-04-26,45.972389221191406,50.4828302102824,45.4686461906855,49.66134345092538,30098478
2010-05-03,41.105464935302734,46.83264200860947,40.376974729817356,45.56165804732561,39640264
2010-05-10,40.67921829223633,45.90265197454241,40.338222397703866,43.786929029900385,37701173
2010-05-17,37.73686599731445,41.494146969302875,36.1355280315669,40.228701589043844,45438321
2010-05-24,38.61955642700195,39.93968447941466,34.87008717254633,38.25242082880929,34605178
2010-05-31,36.377685546875,39.34601921712348,36.166779413881464,38.43208484128752,24500181
2010-06-07,36.807308197021484,37.35410689601481,34.401398016203906,35.77620258031812,28711755
2010-06-14,38.63517761230469,39.65065884491189,37.65875155029088,37.70562184975611,25527482
2010-06-21,37.002586364746094,40.900474713208105,36.71356704517216,39.79125602581764,26875323
2010-06-28,33.83898162841797,38.05713639045985,33.50309192238898,37.18226012887125,28404711
2010-07-05,36.96354293823242,37.22913158426967,33.32342979319819,34.02645512115088,20752682
2010-07-12,35.494991302490234,37.86184623448089,35.002875122192805,37.19787619898905,20387354
2010-07-19,39.494422912597656,39.88499502825954,35.080984621509515,35.12785198846673,23220814
2010-07-26,36.54172897338867,40.0881045526465,36.01055166340663,39.99436686415129,28630551
2010-08-02,39.33820724487305,40.22089573125856,37.104147698926226,37.26037424837683,18656588
2010-08-09,37.06509017944336,40.174028980353576,36.158967988936396,39.83813633661043,17076212
2010-08-16,36.70543670654297,39.30363331192643,36.50860394304533,37.55575495237527,17406244
2010-08-23,36.00469207763672,37.46913031912518,34.40640832872496,36.94161947362697,16297133
2010-08-30,38.51629638671875,39.24064013845247,35.272485981441996,36.39837228295532,17796901
2010-09-06,39.93349075317383,40.35077859844829,38.16986744864547,38.95719833344961,17595112
2010-09-13,39.86262512207031,40.64995586335276,38.76035854666372,40.39013601120732,22828812
2010-09-20,38.89420700073242,40.57909749870668,37.76044684227593,39.933483460972575,23568926
2010-09-27,38.248592376708984,39.382349569777496,37.87067232968306,39.09891027151037,18221105
2010-10-04,39.445343017578125,39.468962471527085,36.5007205517308,38.185611292209664,21143630
2010-10-11,39.130409240722656,40.098827467772786,37.86280635676752,39.539822927023884,18037862
2010-10-18,39.20915222167969,39.96498961708936,38.429692420279835,38.949332287879734,15468508
2010-10-25,36.36687469482422,39.67366897088809,36.25664861202338,39.48471039294518,23947925
2010-11-01,40.264163970947266,40.626335752287844,36.547956564812566,36.996734962126894,23160947
2010-11-08,39.831138610839844,41.70498799452766,39.1067919597622,40.374397862145614,21932130
2010-11-15,39.50413131713867,40.75747375021008,38.353907897540545,39.67071435391063,19658490
2010-11-22,38.100059509277344,39.773828877629725,36.91810875499862,39.66277354061119,19690537
2010-11-29,41.09064483642578,41.64592466359332,37.57652200639786,38.51256522848568,27434485
2010-12-06,42.994449615478516,43.652851297614134,41.217558114038646,41.47139933278884,24061897
2010-12-13,46.048484802246094,46.46891202392821,43.39108085152078,43.53386672657412,24543314
2010-12-20,45.12831115722656,47.024191542571224,44.89033666493341,46.056420884754985,11378014
2010-12-27,45.02518844604492,45.747051225760025,44.02568430786173,44.914133090733166,5525050
2011-01-03,43.153099060058594,46.15953550727388,42.74060525355677,45.66771688265656,20421439
2011-01-10,42.994449615478516,44.08120891116543,41.94735421686039,42.55815862847576,21955643
2011-01-17,43.224483489990234,43.898751760009176,41.26514268238922,42.835789865177325,23030993
2011-01-24,42.677146911621094,44.342983048402864,41.99494808631904,43.29588766052806,28565427
2011-01-31,42.280513763427734,42.86752390487534,41.455529186696104,42.280513763427734,17293538
2011-02-07,44.38264465332031,45.2948874977418,42.399506356210665,42.67714470794199,22695444
2011-02-14,43.93367004394531,44.98788750606206,43.70206193396958,44.72433314053288,16346829
2011-02-21,41.96100997924805,43.76595707956352,40.906792453672786,43.65414667358723,17665742
2011-02-28,41.79330062866211,43.22288016529864,41.13840673790093,41.817259577761554,14962822
2011-03-07,39.756752014160156,41.769348944300646,38.84629085734774,41.52975343086839,18849639
2011-03-14,39.0379638671875,40.71512628294567,37.60039394626391,39.932450289566304,30514339
2011-03-21,40.88283920288086,41.178339882912496,39.37339253117933,39.684867837365665,15469143
2011-03-28,40.87485122680664,41.85718598411386,40.459552849266096,40.6831736723805,13506695
2011-04-04,40.986663818359375,42.1686635053243,40.627270627482055,40.85887877527866,11716503
2011-04-11,38.59071350097656,41.37799846509463,38.35112104128134,40.89082324288338,15533956
2011-04-18,39.86855697631836,40.42761210068925,37.76810884598881,39.13379889829899,13731182
2011-04-25,39.676876068115234,39.86855062776314,38.73446892308817,39.86855062776314,11763421
2011-05-02,39.66889572143555,40.25190980531427,38.22334148211292,40.1001657991575,15717955
2011-05-09,38.207374572753906,40.57137447433273,38.151466361140095,39.40534616230184,21205158
2011-05-16,36.864749908447266,38.471057323311506,36.62380304440519,38.03735477238562,22696627
2011-05-23,36.880821228027344,37.362715081530375,36.10979527257324,36.32664510084918,18174582
2011-05-30,35.48332977294922,37.635781118699384,34.95324779811891,36.90491407106236,16590662
2011-06-06,36.14993667602539,36.80049191598042,35.218278805101804,35.48331971740758,16148815
2011-06-13,35.59575653076172,36.5274142907359,35.22630697302164,36.294499850742355,18384268
2011-06-20,36.20615768432617,37.00931279489406,34.808670859332395,35.19418519211501,15990828
2011-06-27,38.86460876464844,39.06539685539922,36.013413665836886,36.21420175658766,16439102
2011-07-04,38.567440032958984,39.78020080847487,37.69199948346241,38.928857353283256,15776998
2011-07-11,36.39088821411133,38.62365685376818,36.10175318278522,38.32648945844698,17122567
2011-07-18,36.81656265258789,37.394835789330166,35.499393138633444,36.10175735564615,15709692
2011-07-25,35.02553176879883,37.08160668433681,34.47938809105439,36.57561881676104,19499261
2011-08-01,28.479825973510742,35.788525737900734,28.222817378914034,35.50742005019352,35977137
2011-08-08,25.79729461669922,28.367386744123806,23.45208765549932,27.885495973856724,46253354
2011-08-15,22.30669593811035,26.618893133715257,21.123274711588007,26.39193331000389,30120369
2011-08-22,22.177005767822266,23.806237113592548,21.40697035003442,21.99868171243996,26193240
2011-08-29,22.395854949951172,26.748577822835976,22.104052536628718,22.533651208462942,22275708
2011-09-05,20.75041389465332,25.678635487449935,20.507244187510786,23.16589044612382,26356579
2011-09-12,21.0260066986084,22.679555991516175,19.550781468072763,20.499140978416133,38248109
2011-09-19,18.586214065551758,21.11517100951305,16.965087430320985,20.790945682466894,34845266
2011-09-26,19.583206176757812,20.539670728153656,17.848601153420894,17.937763193148278,30975246
2011-10-03,21.390758514404297,21.836568644108524,18.497048939543507,18.93475260280046,32454145
2011-10-10,23.27126121520996,23.871078948023378,21.074636741650572,21.51234034330119,27225417
2011-10-17,22.177005767822266,24.146673808640895,21.058428705876224,23.61170315999054,28200208
2011-10-24,25.467891693115234,25.929911709559967,22.20942762675828,22.598497034422454,31568654
2011-10-31,23.78192138671875,25.735376546726183,21.885202389498787,24.827546347242333,35523509
2011-11-07,23.157787322998047,24.52763909773488,21.88520252828825,23.45769624745104,24493483
2011-11-14,21.41697120666504,23.636472589101917,21.33506996624834,23.50543213773559,22031634
2011-11-21,19.246606826782227,21.310499613285124,18.26380270935747,21.29411936577634,23828975
2011-11-28,23.300682067871094,23.849415029332057,19.508690550136073,19.631541647966262,31440390
2011-12-05,23.16145133972168,24.32443828807825,21.769143971481007,23.89855641307887,22390376
2011-12-12,21.53982162475586,22.956700107311843,20.778146958413014,22.915750252123633,24386153
2011-12-19,22.948509216308594,23.423531829733378,21.212219716662844,21.285930069321847,15011901
2011-12-26,23.14506721496582,23.37438912974965,22.2523522252184,22.948505792765424,7038888
2012-01-02,24.136070251464844,25.00421434140329,22.981272540054267,22.981272540054267,20739174
2012-01-09,25.258098602294922,25.913303842353496,23.79208115173816,23.931312476079384,20237250
2012-01-16,26.609458923339844,26.92068209980031,24.75850931226145,25.06154006483028,22570355
2012-01-23,26.781448364257812,27.76425400575539,26.027966185730126,26.470228264413937,20144345
2012-01-30,27.109052658081055,27.109052658081055,25.11068223577569,26.535751616121082,22073051
2012-02-06,27.64959144592285,29.418642676157916,26.257284339373246,27.035339122427537,28183575
2012-02-13,27.014636993408203,28.526925865389646,26.105608866480893,28.245955785610533,20722585
2012-02-20,26.60143280029297,27.84928070690364,26.04775444105596,27.212961200350232,15922920
2012-02-27,26.287405014038086,27.138585870929667,25.700669311055133,26.270875548100232,17958445
2012-03-05,24.857757568359375,26.146924633244918,23.56032731617186,26.12213042996811,22102245
2012-03-12,26.163450241088867,26.386573310063113,24.485882479701683,24.74206293828591,22758216
2012-03-19,24.67595100402832,26.725393104874396,23.866090606910916,26.105603026571846,18307621
2012-03-26,23.68428611755371,24.874285660212706,23.18018991634761,24.866020925730577,18738958
2012-04-02,22.692625045776367,24.03963772757856,21.841443905179954,23.849567371421678,16180606
2012-04-09,21.808382034301758,22.841368510079477,21.32081381633427,22.69261877936916,19775467
2012-04-16,21.378664016723633,22.750469188608925,21.03158074318341,21.700954633288617,24844631
2012-04-23,21.92407989501953,22.262899990746178,20.106026957804442,20.973734393094308,22534263
2012-04-30,20.229984283447266,22.254633802123227,20.122553566139757,22.171995740885837,14884022
2012-05-07,20.7506103515625,21.444776938546045,19.701097283036226,19.83331912171791,22274793
2012-05-14,18.841650009155273,20.519217704500054,18.213595215133232,20.329148938371244,30545476
2012-05-21,19.103384017944336,20.023828360979454,18.57622143655845,19.06154606595741,21369107
2012-05-28,18.19130516052246,20.132604919752723,17.73108463258675,19.40461653094542,26707114
2012-06-04,18.98623275756836,20.015456792217403,17.90680381870724,17.965377251323616,21317588
2012-06-11,19.34604263305664,19.864838151456226,17.940275496004354,19.73095579076841,27133635
2012-06-18,19.923410415649414,20.894059431792666,19.220527671701355,19.831366004356287,23020523
2012-06-25,20.266490936279297,20.266490936279297,18.526016759015807,19.62217988786972,20861349
2012-07-02,20.325061798095703,21.655520111672516,19.94015017733518,20.17444393491922,21620747
2012-07-09,20.609567642211914,20.735083084542346,19.747698175754614,20.241391413425497,16536074
2012-07-16,20.333431243896484,21.270609521781743,20.28322632774271,20.584462090880557,15842854
2012-07-23,21.0279483795166,21.0279483795166,19.145224754762715,19.99872717568707,23278155
2012-07-30,20.500783920288086,22.30820000400642,19.488296736160795,21.253874868993744,31091046
2012-08-06,21.65552520751953,22.090644973800106,20.207919674508936,20.500786940404733,19629106
2012-08-13,21.81450843811035,21.92328836372656,20.718343784940963,21.638788104344457,15244341
2012-08-20,20.85940933227539,22.166836385381703,20.664143148580468,21.92912165326393,16224795
2012-08-27,20.129287719726562,21.241450218978354,19.484064038347654,20.79149113897509,15919043
2012-09-03,21.097122192382812,21.173530214287087,19.085043222625863,19.984959748452155,24167716
2012-09-10,22.735647201538086,22.829034941924668,20.71507796975667,21.037689730342255,25428118
2012-09-17,21.029197692871094,22.28568677511067,20.79997368767017,22.22625850591963,26935699
2012-09-24,18.94920539855957,20.918835662751903,18.94920539855957,20.808468175634847,22875005
2012-10-01,19.348224639892578,19.63687695881957,18.847326426144548,18.898265631631563,20271519
2012-10-08,19.424636840820312,19.86610528196015,18.745452056162787,19.16994234789665,19416167
2012-10-15,21.326343536376953,21.937609223016526,19.000142112657482,19.297285088548257,28028963
2012-10-22,20.409446716308594,21.564057522596332,19.908548528085312,21.25842389466509,19394172
2012-10-29,20.222673416137695,20.740549805265424,19.119001693346444,20.15475447160191,22978671
2012-11-05,20.443410873413086,21.224470883126543,19.82365599239136,20.03590033565679,21229483
2012-11-12,19.492551803588867,20.961285520639326,19.41614378301494,20.44340911335123,18940424
2012-11-19,20.213218688964844,20.35994042686407,19.66085022209043,19.997450286778694,14636379
2012-11-26,20.170063018798828,20.506663071854096,19.39329615145118,20.126909663014388,16535400
2012-12-03,20.99861717224121,21.378368977460525,20.290895328275926,20.34267871055625,16221976
2012-12-10,22.02567481994629,22.10335150572371,20.7655861822451,20.826001202760107,14948768
2012-12-17,22.232812881469727,22.91464137882537,22.025674516976874,22.172397861785747,18368975
2012-12-24,22.206920623779297,22.767919067416557,22.163767270224163,22.327750660056406,4576529
2012-12-31,23.31165885925293,23.57921227116412,21.83580008098956,22.008415133325585,9841373
2013-01-07,22.569414138793945,23.596472760237116,21.81853732517381,23.19945767493786,38559015
2013-01-14,22.647092819213867,22.672984512516358,21.904847581202166,22.517631121087163,21969808
2013-01-21,22.72476577758789,23.74319429602468,22.552150747076453,22.854225838616326,20700435
2013-01-28,22.10335350036621,22.957798736831304,21.775385062397696,22.906013736370888,17956172
2013-02-04,21.136707305908203,22.172397495453925,20.95546224985079,22.11198247676812,23230128
2013-02-11,20.9036808013916,21.576879377206083,20.80011241119212,21.145340917126106,14837992
2013-02-18,19.885250091552734,21.645922241615956,19.773050070969852,20.9986170407106,24768698
2013-02-25,19.40192413330078,20.56707583040628,19.21204746468764,20.006075847773534,25437258
2013-03-04,19.591808319091797,19.617700014452833,18.67694794944342,19.022178094691043,24884835
2013-03-11,19.70400047302246,20.161430512291815,19.30698706338295,19.997447134172905,26049501
2013-03-18,17.951961517333984,19.41919021337265,17.91743818503999,19.332881882637675,30304113
2013-03-25,17.347808837890625,18.452544107951212,17.30465386667822,18.314452401169504,18820565
2013-04-01,15.959983825683594,17.347808435925348,15.673441480597186,17.347808435925348,40863158
2013-04-08,16.104984283447266,16.86966994737409,15.756301141772328,16.075639606619912,30356144
2013-04-15,15.127979278564453,16.12742048534607,14.706798201700682,16.053195163271628,40138721
2013-04-22,16.035934448242188,16.596934561977637,15.026137475132394,15.285059237327442,27814411
2013-04-29,16.624547958374023,16.812698944467105,15.814983599023222,16.308662611527133,18703386
2013-05-06,17.786861419677734,18.359494072454034,16.57287900828439,16.91822105913079,26358096
2013-05-13,17.5719051361084,18.033537228855515,16.911175823795347,17.82210147389984,26760488
2013-05-20,17.51375961303711,18.324254993139007,17.31818205878465,17.689954404304142,19953032
2013-05-27,17.443283081054688,17.89257993390639,17.423901965114023,17.575429602320792,16744578
2013-06-03,16.73849868774414,17.66352075360964,16.433682037218038,17.302322242411535,22638458
2013-06-10,16.266300201416016,16.793121429822087,15.466375328485068,16.720883036923258,24642576
2013-06-17,15.401180267333984,16.386108756765935,15.346559877322836,16.340299011542648,25869613
2013-06-24,15.106941223144531,15.621430617300241,14.849695701408496,15.385329331278898,29557892
2013-07-01,15.246134757995605,15.829337950413654,14.719311794053045,15.189751230887511,26439654
2013-07-08,16.431922912597656,16.720883082240235,15.311324819101108,15.401182855416558,23422257
2013-07-15,17.164894104003906,17.267087386568754,16.12006052258306,16.36673225706763,22413815
2013-07-22,17.4379940032959,17.69876241173084,16.863599906523646,17.1648920096416,23101562
2013-07-29,16.653928756713867,17.725192593075015,16.586974766941296,17.46794875061097,27332555
2013-08-05,17.91019630432129,17.98067322660795,15.88043257423013,16.660974673081245,30607585
2013-08-12,18.50926399230957,18.817603699364913,17.82210268977255,18.05996710566729,26902447
2013-08-19,18.033531188964844,18.500445885503176,17.175461466356122,18.49163688998854,22884690
2013-08-26,17.11379623413086,18.15686986999649,17.009841494310717,18.148059223784124,23175691
2013-09-02,18.350683212280273,18.5004476958949,17.337562864536732,17.337562864536732,19610408
2013-09-09,18.544498443603516,18.976175608441118,18.148060567592687,18.412353584477337,21844542
2013-09-16,18.324256896972656,19.645718793429253,18.324256896972656,18.99379684348728,52955122
2013-09-23,17.91019630432129,18.60616642629161,17.839717732718622,18.18329829530762,19005753
2013-09-30,18.350683212280273,18.632594186756215,17.55956738584045,17.70757204935886,16793543
2013-10-07,19.222850799560547,19.302138382264005,18.059965703471065,18.28020880550108,17846277
2013-10-14,20.61478614807129,20.87907749580691,19.425470959970937,19.49594953233565,29205505
2013-10-21,20.570737838745117,21.301945604173586,20.139060706852305,20.87907746915711,24205280
2013-10-28,20.447399139404297,20.808599327178364,19.821909269030726,20.650024198165916,19528943
2013-11-04,22.614595413208008,22.667454339539766,20.62359399718704,20.64121363929763,33881612
2013-11-11,21.97148323059082,22.790789128843695,21.187416614926082,22.78198013285459,23904149
2013-11-18,22.015535354614258,22.341496301516248,21.73362434329956,22.086013932101007,19018339
2013-11-25,22.341495513916016,22.5617385868237,21.619096717408013,21.98910593753729,14549138
2013-12-02,21.72481346130371,22.93174662620058,21.53099903934328,22.49126050306578,23027845
2013-12-09,21.231470108032227,21.962677922600015,20.86145922803997,21.84815105961501,15375515
2013-12-16,21.84815216064453,21.892200448838214,20.46502238696995,20.879079924486234,21345119
2013-12-23,22.614595413208008,22.614595413208008,21.76005019276628,21.795289476987453,5343049
2013-12-30,22.720312118530273,23.125560597395307,22.491260064663923,22.720312118530273,10593589
2014-01-06,21.654338836669922,22.799604285010325,21.63671919061524,22.72031670242239,20245073
2014-01-13,22.94055938720703,23.61009927971484,21.74243345930067,21.795292392703757,23881852
2014-01-20,21.240276336669922,22.90531683300379,21.16098877252621,22.746741704716367,23689737
2014-01-27,21.707195281982422,22.235778005655387,20.729314109486825,21.116942979542035,25994357
2014-02-03,22.015535354614258,22.861271687190648,20.967177235053832,21.56624019574275,33266277
2014-02-10,21.575050354003906,22.13887240696682,21.10813387632455,22.041966831683258,25907446
2014-02-17,21.17860984802246,21.68957455138283,20.958365133323383,21.66314426200196,18166720
2014-02-24,20.200729370117188,21.213849812300317,19.98929529489311,21.196230168588638,24185217
2014-03-03,19.566429138183594,20.139061796286793,19.214037907063034,19.733813282416847,25430336
2014-03-10,18.87926483154297,19.795477921822965,18.553305594603817,19.381420479416583,28758037
2014-03-17,20.042152404785156,20.139059611735334,18.80878900225666,18.967364131935874,23924570
2014-03-24,20.37692642211914,20.491453294312777,19.66333819442746,20.19192096724749,19120891
2014-03-31,20.98479652404785,21.090512739171523,20.2447780702338,20.491451437943855,19467628
2014-04-07,20.861459732055664,21.310758197382476,20.729314870941373,20.790982802657943,20369019
2014-04-14,20.632404327392578,21.14336899283818,20.36811134909125,20.87907601453685,14481810
2014-04-21,20.685264587402344,21.19623097586959,20.54430908165655,20.63240730357026,11618421
2014-04-28,20.711692810058594,20.77336073458105,20.271205043115945,20.641214239566658,13885383
2014-05-05,20.26239776611328,21.055275154174428,20.103822618364276,20.614787349847987,22551942
2014-05-12,20.93482208251953,21.562417710672012,20.37895075782327,20.62102342918955,22209241
2014-05-19,20.271364212036133,20.925856268342603,20.047221349375373,20.88999327603628,18841618
2014-05-26,20.08308219909668,20.65688497925848,20.01135790064356,20.352052934191143,13139552
2014-06-02,20.163774490356445,20.30722477577578,19.670662560626717,20.01135929644543,21541533
2014-06-09,19.81411361694336,20.540333337801332,19.715491227160364,20.307225565858335,17306982
2014-06-16,19.858943939208984,20.154811119620664,19.40169496557414,19.832045854666713,21790364
2014-06-23,19.455488204956055,20.092052161161895,19.347900899946808,19.9575667710196,17661876
2014-06-30,20.217571258544922,20.334125153135766,19.33893627286954,19.455488488952707,18769567
2014-07-07,19.0878963470459,20.136879684732314,18.926514553326086,20.136879684732314,23134236
2014-07-14,19.8499755859375,20.101013141391334,19.043065081318105,19.123755963929312,19006081
2014-07-21,20.118946075439453,20.29825934724652,19.572039673248806,19.903769813569486,15527395
2014-07-28,19.141693115234375,20.84516873967994,18.85479248748812,20.208606398266852,31273093
2014-08-04,18.48719596862793,19.446521764322107,18.272019697045234,19.401693863973737,23962220
2014-08-11,18.2630558013916,18.74720118042654,18.236157716884584,18.630647290249772,17032118
2014-08-18,18.926515579223633,19.213416188386173,18.549957480630475,18.549957480630475,15235674
2014-08-25,19.858943939208984,20.21757051937327,18.953410901114975,19.02513688855088,24261236
2014-09-01,20.06515121459961,20.262395977744468,19.44652052237525,19.86790645145475,21788950
2014-09-08,19.823081970214844,20.82723577517999,19.760322567217987,20.262399469700558,26257299
2014-09-15,20.791370391845703,21.069306057846642,19.59893851483353,19.72445730641218,27695941
2014-09-22,19.715490341186523,20.540332414760776,19.563075148194798,20.495504515557766,23430695
2014-09-29,18.29891586303711,19.760320166211528,18.245123054723233,19.715490587939968,28722949
2014-10-06,17.29835319519043,18.684444869498424,16.92717467420227,18.2899552309198,38176618
2014-10-13,17.520700454711914,18.020984729354264,16.15612567616006,17.07062370431224,56529582
2014-10-20,18.218229293823242,18.325818292988465,17.097523141328058,17.5009776919279,27714376
2014-10-27,18.720304489135742,18.77409897882235,17.472283742258004,18.37960941146906,25517088
2014-11-03,18.11960220336914,18.827890390138013,17.396971170327525,18.702371602042568,30969938
2014-11-10,17.3395938873291,18.110639900567847,17.11186571151615,17.83270420229341,23861085
2014-11-17,18.110639572143555,18.119604481631516,16.932552104875654,17.257108348761125,32787112
2014-11-24,17.689254760742188,18.298919001932877,17.597804621011246,18.110640783523106,21767393
2014-12-01,17.757387161254883,17.94925227924328,17.111860163464293,17.500970014890292,24035320
2014-12-08,15.91225528717041,17.795043564964406,15.881771917303656,17.656972916954967,24378087
2014-12-15,16.545238494873047,16.597240352801958,14.995972206757685,15.740121966100638,35766398
2014-12-22,16.46813201904297,16.93434595113196,15.906880975705292,16.652824945555473,8389813
2014-12-29,16.174055099487305,16.643855934349013,16.129227198380267,16.60082067930414,11047159
2015-01-05,15.682740211486816,16.267300709412737,15.45142504583805,16.12564304012221,26090584
2015-01-12,15.030036926269531,15.725773294663405,13.896777407507178,15.68632500883747,36524336
2015-01-19,14.890174865722656,16.064675416176243,14.657067066208997,15.051556671998958,32840622
2015-01-26,15.175281524658203,15.413767242409195,14.553063790440365,14.793343832822737,24339488
2015-02-02,15.671978950500488,16.138192835778135,15.047968563431867,15.229074500606004,28030728
2015-02-09,17.165658950805664,17.21407214499377,15.557217310785108,15.61459877098393,38746186
2015-02-16,17.278623580932617,17.841668858440997,17.000689591262365,17.545801694396186,33209194
2015-02-23,17.51890754699707,17.65697823660409,17.036553099489723,17.483044550642386,21789577
2015-03-02,17.676700592041016,17.97615305642969,16.588269001730453,17.608561577266357,28228333
2015-03-09,17.144140243530273,17.994084437426483,17.081380845917508,17.628285606692387,26390867
2015-03-16,16.77117156982422,17.51532121818447,16.33364669097158,17.321663380679254,31340575
2015-03-23,15.795708656311035,17.03476312132827,15.759845654339236,16.701240224304946,33258768
2015-03-30,15.537492752075195,16.04674186777523,15.35817947039817,15.971430591602235,22393308
2015-04-06,16.186607360839844,16.36592064800622,15.537493227727413,15.537493227727413,21171639
2015-04-13,15.97680950164795,17.06524102293391,15.779564732676066,16.190193119874927,33049990
2015-04-20,17.135175704956055,17.296557511972715,15.691704351748044,15.985778911161006,28710822
2015-04-27,17.065242767333984,18.020983335856272,16.980966577518167,17.255315293346314,31448916
2015-05-04,17.22654914855957,17.99249911541641,16.68415513033139,17.61319054422899,27387595
2015-05-11,19.01132583618164,19.478592317480167,17.07812556497099,17.248540419506693,36226034
2015-05-18,18.35165023803711,19.167077344306364,18.234376523285793,19.01132131581443,17579128
2015-05-25,17.770784378051758,18.85557448756701,17.770784378051758,18.534900961983844,18373068
2015-06-01,18.120769500732422,18.98383865350083,17.598530029665618,17.988835264401423,29659940
2015-06-08,17.631515502929688,18.461599839707745,17.47209560491758,18.076792065529133,26900324
2015-06-15,16.85823631286621,17.66266700366881,16.718972661857823,17.42811778698525,30101123
2015-06-22,17.030485153198242,17.591203608252606,16.89488533935571,17.197234467627464,22500344
2015-06-29,15.951186180114746,16.75744856434106,15.700144608727573,16.49174820705461,27218901
2015-07-06,15.207229614257812,15.687323024562433,14.443111411014165,15.667166758343715,40302482
2015-07-13,15.09178638458252,15.681824102272785,15.047808300853502,15.212725686017121,26178557
2015-07-20,14.408295631408691,15.44544362481325,14.309344510030574,15.08079207000507,28881144
2015-07-27,15.135762214660645,15.483921277642295,14.080290077600347,14.42111974693194,34164570
2015-08-03,15.920040130615234,16.18024309865721,14.677660452996216,15.080792633336616,30871957
2015-08-10,14.562214851379395,16.017153478257303,14.448604965037575,15.916370459235349,33456971
2015-08-17,13.504912376403809,14.750955714794447,13.49208550761204,14.659335713504868,26622010
2015-08-24,13.288686752319336,13.514074632741842,11.86306724191083,12.997333465417768,52015710
2015-08-31,11.910709381103516,13.12376961749594,11.910709381103516,13.120104920271004,39091419
2015-09-07,11.535065650939941,12.454939042056852,11.533232873343831,12.081125311886792,29214403
2015-09-14,10.862565040588379,11.709141649844472,10.723301430203408,11.544224306771762,34319828
2015-09-21,9.22805118560791,11.005495312412233,9.226218408242906,10.820420819440164,44018954
2015-09-28,8.749787330627441,9.24454016754242,8.11943645109111,9.242708248329745,60963049
2015-10-05,10.92120361328125,11.346323870659063,9.14925628065263,9.517571594725283,66483437
2015-10-12,10.325667381286621,11.265697656640464,9.904211832348455,10.992667037873737,44849751
2015-10-19,10.004996299743652,10.380641051295324,9.350822557640829,10.322004181575398,47842134
2015-10-26,9.295851707458496,10.221222604525572,9.063135257589346,10.023321211377526,47051781
2015-11-02,9.16208553314209,10.151590784443684,8.658170305658595,9.215225793558226,59293390
2015-11-09,8.300848960876465,9.72097190406932,8.211060017988745,9.246376023909713,64949099
2015-11-16,8.841410636901855,9.215224320060909,8.19090331815515,8.212892358340977,54431453
2015-11-23,8.386971473693848,8.700314637092559,8.049806493961537,8.518904850423642,50575167
2015-11-30,7.278359889984131,8.599532587821827,7.210559987840465,8.36864808031817,65150527
2015-12-07,6.587538242340088,7.346159263773236,6.140428477586424,7.333331537618616,71978529
2015-12-14,6.576542854309082,6.743292980625881,6.175243142177234,6.649839358664979,55042306
2015-12-21,7.696150302886963,7.866565149033378,6.483090117146363,6.560052186217841,32658161
2015-12-28,7.280191898345947,7.712642431474159,7.019988553318614,7.712642431474159,18382579
2016-01-04,6.197234153747559,7.250873201824722,6.195401376311276,6.999832436194415,50567214
2016-01-11,5.594368934631348,6.418955859220717,5.497250595071121,5.982841006411677,63598299
2016-01-18,6.045143127441406,6.505079776219679,5.517407436749755,5.616357262325444,73863423
2016-01-25,6.374977111816406,7.091452339598771,5.839911233645388,6.191735842656599,79672821
2016-02-01,6.3841400146484375,6.866065701299978,5.8014317256057195,6.475760874145996,80450025
2016-02-08,5.213225841522217,6.384139867102646,4.747791731656152,6.325502998657972,77914888
2016-02-15,5.893052101135254,6.16608145098628,5.288353963528121,5.3671479476834705,57960700
2016-02-22,6.0213212966918945,6.37497741314802,5.629183718576053,5.982840263852317,48824264
2016-02-29,8.429118156433105,8.539063369766154,5.874728797804115,5.93703079947937,93809658
2016-03-07,8.649008750915527,8.868898324207713,7.417624052973724,8.451107363076169,83583553
2016-03-14,10.953496932983398,11.07490277588812,8.557386352537424,8.744291898986415,75595705
2016-03-21,9.874334335327148,10.780830967728456,9.342847783184366,10.386936505806904,45219807
2016-03-28,11.196308135986328,11.571316478545565,9.874333745021104,9.874333745021104,33842730
2016-04-04,10.9130277633667,11.5470348783092,10.311394852105856,11.196308049062852,39022772
2016-04-11,13.138800621032715,13.597445210395879,10.783528256432149,10.972382364920668,66251787
2016-04-18,13.740433692932129,14.671211846327179,12.3725951797073,12.647782793357678,59830419
2016-04-25,13.306071281433105,13.918495957875873,12.52098044690156,13.759320482441366,46043451
2016-05-02,12.512886047363281,13.405892848595531,12.005680153576998,13.354632546183256,41791559
2016-05-09,11.09378719329834,12.356406836832619,10.872558899185394,12.310541953279325,56094266
2016-05-16,10.691802024841309,11.61988133486462,10.432803187515754,11.00475931062654,38803818
2016-05-23,11.544340133666992,12.056942382035528,10.235856146696076,10.564999673972602,39350535
2016-05-30,12.37529468536377,12.680158402530395,11.352788357804041,11.549735183630021,39763219
2016-06-06,12.761096000671387,13.67568632022146,12.448138722273427,12.572241864340596,39823983
2016-06-13,12.332127571105957,12.626200448248662,11.64416191137745,12.545262353270774,48640114
2016-06-20,11.306923866271973,13.012000389013556,10.521833016039023,12.744908023406639,51070864
2016-06-27,11.870786666870117,12.005681492352972,10.330281859290062,11.37437154783944,48416340
2016-07-04,12.056941986083984,12.25658694837299,10.880655590593154,12.029963192100183,30633344
2016-07-11,13.824068069458008,14.420304711627843,12.218814251861925,12.272771830055255,47071663
2016-07-18,13.999434471130371,14.185590471233148,13.003907764366666,13.813279328668017,33242238
2016-07-25,15.510258674621582,15.885267005759538,13.905004902290909,14.088461863671402,40650722
2016-08-01,15.561517715454102,16.052537310980757,14.379835324315057,15.9176425151259,36031557
2016-08-08,15.059709548950195,16.00937296499484,14.83848122724392,15.728790786990814,27898546
2016-08-15,15.442813873291016,15.8636871821921,14.76563987374034,14.884347598152377,27665683
2016-08-22,15.437416076660156,15.512957028115274,14.614554873302875,15.243165710414978,24465574
2016-08-29,14.665815353393555,15.156833287912637,14.115442707275161,14.957188350479507,33568228
2016-09-05,14.555203437805176,15.329501749213136,14.444588413157899,14.857367293745263,31163569
2016-09-12,13.260209083557129,14.447288119840005,13.149594904529136,14.029112062944636,34702492
2016-09-19,14.833086967468262,14.835785103983339,13.22243669042197,13.424778918605568,31369930
2016-09-26,14.698190689086914,15.129856518114101,14.196380170570228,14.603764485820006,29407970
2016-10-03,15.251261711120605,15.631666359553948,14.517432063424733,14.744054941449269,30075706
2016-10-10,15.329500198364258,15.917644176919545,14.95718825876557,15.378063221887764,32299494
2016-10-17,16.6541748046875,16.77558066915835,15.21349153657722,15.324106569115067,34732120
2016-10-24,16.489601135253906,17.155984279143528,16.27107093613364,16.80795381336197,30224786
2016-10-31,15.990487098693848,16.94284689861433,15.647852941352328,16.3169341531847,29182579
2016-11-07,17.18836212158203,18.19737785530901,14.80610961262733,16.268374614968362,60465456
2016-11-14,17.73063850402832,18.200074849486015,17.57146215720548,17.75222188285861,35521084
2016-11-21,19.368267059326172,19.694712422319192,17.55797180834731,17.86013737293575,32271049
2016-11-28,19.346681594848633,19.718991808491314,18.645226201892438,19.384452071936984,34523161
2016-12-05,20.722614288330078,22.284701508587126,19.570607789573955,19.608379984777017,43773176
2016-12-12,20.1182861328125,21.3755115618152,19.716298046399693,20.83053422882753,37508899
2016-12-19,19.117361068725586,19.948316805612272,18.77742502074483,19.613775315489736,26518818
2016-12-26,18.92850685119629,19.613773439471643,18.76663067947637,19.117359240188513,14850714
2017-01-02,19.611074447631836,20.064323592001394,18.74235006560439,18.777422405561417,25189521
2017-01-09,20.560739517211914,21.00319615441381,19.195599126245156,19.775648714056814,31221695
2017-01-16,20.6524658203125,21.29996361771332,20.188427561807757,20.423144827253363,24591690
2017-01-23,20.514875411987305,21.16237328925877,20.075118609695977,20.568834711947055,31126930
2017-01-30,19.88626480102539,20.638979722886464,19.370965313797477,20.504084901441388,34543563
2017-02-06,22.176782608032227,22.252323555158867,19.3817521268232,19.983384998388203,40892697
2017-02-13,23.061697006225586,23.6633299106516,22.338658266451876,23.436705341613145,38887147
2017-02-20,22.379127502441406,23.85218478226235,21.69925715481411,23.336885319845134,31351472
2017-02-27,22.686687469482422,23.8494846928929,22.025700700487246,22.47085544017962,32226727
2017-03-06,21.281082153320312,22.667806048191057,21.17316697813771,22.567983567742722,30482939
2017-03-13,22.980758666992188,23.312600238330727,21.394390191298815,21.448347765962552,39061144
2017-03-20,21.548171997070312,22.95917718484801,21.337734522574753,22.71636550594414,31794507
2017-03-27,21.275686264038086,21.691163264584343,20.115587054087456,20.68484411305133,34865056
2017-04-03,20.8656005859375,21.66687839181917,20.536455428114415,21.399785218098476,29824856
2017-04-10,19.238767623901367,21.065250057459302,19.00674845383887,21.016688743281023,27550054
2017-04-17,19.263044357299805,19.7216880255288,17.887111637332474,19.23876284859725,41881609
2017-04-24,19.540929794311523,20.296342748914878,19.006745139806643,20.207312830804305,39705924
2017-05-01,19.438411712646484,19.81342181759814,18.388927505821044,19.540932325021128,33406503
2017-05-08,17.93837547302246,19.991482315977713,17.89790685756047,19.594888855281855,58931275
2017-05-15,18.08045196533203,18.75584560602961,17.30705402482341,18.00313052478873,37558840
2017-05-22,17.941055297851562,18.404194755229764,17.441942977816943,18.219838122316844,45625478
2017-05-29,16.92934226989746,17.99501349090897,16.731494949093587,17.909580512104018,48471674
2017-06-05,17.086719512939453,17.26658040445105,16.322313296936045,16.821425641364172,45447989
2017-06-12,16.06601333618164,17.334027701855444,15.94011173584771,17.122693117763582,49680073
2017-06-19,16.956323623657227,17.07323373958935,15.931120810029476,16.32231634965887,47595057
2017-06-26,17.860124588012695,18.426683659303468,16.911361430321268,17.08672491154743,50840912
2017-07-03,18.057964324951172,18.88981707828343,17.855621253381535,18.07595075693082,41590066
2017-07-10,19.735164642333984,19.915025569200775,17.97703085757075,18.309773057690034,45690194
2017-07-17,19.41591453552246,20.48158605904115,19.38443912832899,19.78462791860118,43069484
2017-07-24,19.807106018066406,20.333198043781113,19.263029274297715,19.424903743748395,43441312
2017-07-31,19.933008193969727,20.211791033560182,18.885321668546624,19.91951751210139,41966349
2017-08-07,19.685699462890625,21.05263747245228,19.568791080952092,20.247762619919534,49858843
2017-08-14,19.9644832611084,20.39614733754909,19.483357354293773,19.838579952352774,30225351
2017-08-21,20.05891227722168,20.41413664051861,19.690198945664118,20.01844365715898,26566181
2017-08-28,20.683923721313477,20.73338555248325,19.303496775396088,20.045420812381526,29415255
2017-09-04,20.036426544189453,20.6659362039207,19.94199863724134,20.468090604910394,25353936
2017-09-11,20.189311981201172,20.755870964379863,20.08589083705757,20.292731410063915,31651097
2017-09-18,19.474361419677734,20.468088492951825,19.002227079494904,20.333193702305444,34402829
2017-09-25,19.627246856689453,19.627246856689453,18.86733634245447,19.26302929994058,28463613
2017-10-02,20.477087020874023,20.782849540491313,19.663218885527886,19.6946942876696,28973943
2017-10-09,22.149782180786133,22.239712621022534,19.892538251007256,20.450103892968087,37581660
2017-10-16,22.639902114868164,22.88721126346875,21.628188484238457,22.329643885642717,36994712
2017-10-23,22.49152183532715,23.300892522520652,22.04187126296622,22.77929792719321,32124564
2017-10-30,22.927682876586914,23.058080235757224,21.790065790048622,22.554472087353997,26162515
2017-11-06,22.608428955078125,23.210960756690884,21.727114294594,22.96815076491555,32297698
2017-11-13,21.2774600982666,22.594936112284955,20.373663408498587,22.554467501383076,33901345
2017-11-20,22.266695022583008,22.50051351001422,20.931232365338065,21.22800165413909,24604552
2017-11-27,22.941171646118164,23.40880863751694,22.0463662821009,22.118310302679117,30432290
2017-12-04,23.7910099029541,23.907918288140017,22.293674502983354,23.381827981882388,30784939
2017-12-11,23.498735427856445,24.35756785271494,23.336862681441318,23.831477567484413,28003776
2017-12-18,24.703798294067383,24.820708386714195,23.56168730726591,23.57517627361725,22913379
2017-12-25,24.384550094604492,24.93762008736086,24.26314423542176,24.703801586188273,8201689
2018-01-01,25.553640365600586,26.133688243925057,24.146233730697823,24.384547961983998,24998884
2018-01-08,27.545591354370117,27.662501455449085,25.814437459679088,25.85041032625129,31041319
2018-01-15,27.06896209716797,27.532101591579416,26.596829386373308,27.51861262464491,22182552
2018-01-22,26.95655059814453,27.392710461735895,26.03926307187532,27.203858055593788,25983734
2018-01-29,25.000566482543945,27.311771435014315,24.897147075989277,26.970036103087118,37021822
2018-02-05,23.63812828063965,25.35579317206915,23.38632336574461,24.631855542616485,42872761
2018-02-12,25.571624755859375,25.82342966617273,24.06529619032643,24.32609260165042,31225850
2018-02-19,25.35129737854004,26.29556280605582,25.18042969674781,26.15167477358257,22042895
2018-02-26,24.002344131469727,25.895372321741608,23.61114696210026,25.746986833646872,28074510
2018-03-05,23.732553482055664,24.411526715949805,23.38632238187133,23.831477143617068,30534367
2018-03-12,23.961877822875977,24.146234476700393,23.458267980244795,23.58866704924469,24456252
2018-03-19,22.74332618713379,24.694807974210555,22.581451710811294,23.80000431883342,32924743
2018-03-26,23.112037658691406,23.255925689391628,21.88449021665416,22.71184725082075,23970753
2018-04-02,22.963651657104492,23.59765881445765,22.11381245844819,23.11203715034573,22703779
2018-04-09,23.858457565307617,24.177709027612046,22.536483918968806,23.148008909754022,23075540
2018-04-16,25.571624755859375,25.881884714425592,23.728058298167056,23.90791747815035,23761354
2018-04-23,25.005064010620117,25.98080475008894,24.654337177488358,25.868392127646143,21539616
2018-04-30,26.09771728515625,26.09771728515625,25.041037505941357,25.139961171856797,17543759
2018-05-07,27.181373596191406,27.66249950331726,26.10221168911103,26.20113534992289,23539433
2018-05-14,27.261110305786133,27.7435678008153,26.945483473143195,27.18896717718442,21244368
2018-05-21,25.687488555908203,27.24307492113517,25.3853880131931,27.14387919131217,27418654
2018-05-28,25.227575302124023,25.83177466393459,24.632394046612472,25.723559108374353,27941197
2018-06-04,25.290699005126953,26.769633960354508,25.069759712411706,25.579271511510104,27357235
2018-06-11,25.254627227783203,26.327757768368638,25.16444960725275,25.29520784503305,27793723
2018-06-18,24.672975540161133,25.45753189569856,24.222080529383497,25.132888657557675,23176230
2018-06-25,22.643945693969727,24.668463123716894,22.37340768293799,24.510650573969222,25426488
2018-07-02,22.959571838378906,23.487119865881986,21.68804811674197,21.97211243924363,29758329
2018-07-09,22.955068588256836,23.5412318516795,22.23363714404867,23.446544297132473,23904578
2018-07-16,22.684528350830078,24.17698971854056,22.233633345232384,22.83783272153441,23467070
2018-07-23,24.334802627563477,24.668463949637754,22.53122270707768,22.598855922079192,24982071
2018-07-30,25.015653610229492,25.5206555128075,23.969577380589687,24.163462362120395,29228354
2018-08-06,24.059755325317383,25.403422098849145,23.631404769587554,25.015652158294305,21107738
2018-08-13,22.549259185791016,24.00565161352501,22.10738227274324,23.807256703973927,23606446
2018-08-20,23.613370895385742,23.676495920788092,22.973100814844276,22.995645221055412,19945171
2018-08-27,23.39243507385254,24.140920768797102,23.12189701879509,23.762168867739128,16739064
2018-09-03,22.418502807617188,23.581811161464763,22.206581580199174,23.266184277232952,20781635
2018-09-10,22.652965545654297,22.91899366432438,21.733139333300667,22.454570644934147,25211568
2018-09-17,24.8172607421875,25.20953890314076,22.454570230179815,22.454570230179815,34062050
2018-09-24,24.167972564697266,25.08329063176031,23.95154315988234,24.533198152838203,22010219
2018-10-01,23.27971076965332,24.64592215363865,23.13091458484841,24.091321475782944,23955523
2018-10-08,22.19305419921875,23.595338034923003,21.642961705462596,23.189531814934355,28555972
2018-10-15,21.422021865844727,22.7837250467887,21.3814412448222,22.242652393192326,25807976
2018-10-22,19.19460105895996,21.84586428512467,18.770760355060617,21.50318310322476,37394878
2018-10-29,20.096389770507812,21.192064744921968,19.22165410024661,19.316341636300205,31985830
2018-11-05,20.0738468170166,20.91702003625886,19.86643551731475,20.168534359920315,24269871
2018-11-12,19.627458572387695,20.583357199742515,18.874464756717597,20.371436001786737,25809307
2018-11-19,17.983495712280273,20.037773226928635,17.815763748869916,19.776255020740987,23591197
2018-11-26,18.049325942993164,18.48669463476107,17.465868402449832,18.098924667217716,30522404
2018-12-03,17.402746200561523,19.59139088346565,17.04383308272828,19.47866711741582,31431765
2018-12-10,17.512760162353516,18.015959442449923,16.695738378122307,17.043828995239583,26036964
2018-12-17,16.643434524536133,17.741815040082674,16.486523268033455,17.404545108044978,29999922
2018-12-24,16.221397399902344,16.739024262483017,15.887734382262884,16.394540550446663,9421112
2018-12-31,16.64704132080078,16.74263186545563,15.380928861593716,16.394541240632872,20172399
2019-01-07,17.285512924194336,18.17107116744084,16.739029001801658,17.045637790217405,23802912
2019-01-14,18.04482078552246,18.125982035174726,16.908565010418926,17.079905617465727,21820902
2019-01-21,18.07187271118164,18.261247788560706,16.751651497349485,18.225175362377293,22755924
2019-01-28,18.847410202026367,18.878972713663902,17.949227122216204,18.03579956558081,25356888
2019-02-04,17.35765266418457,19.636476310345444,17.13220517102325,18.712141932389603,37079765
2019-02-11,18.171064376831055,18.468654946137946,17.052845215798268,17.584901342745066,30385895
2019-02-18,18.495716094970703,18.978173685324737,17.66787168166908,18.355938003175083,24685562
2019-02-25,18.324371337890625,19.05482070897019,18.089905746674063,18.838391329392092,21953928
2019-03-04,16.87248992919922,18.630981102078614,16.78591920452225,18.576874184152018,23610577
2019-03-11,17.247634887695312,17.608350540407567,16.68491915747536,16.944634771433766,27196758
2019-03-18,16.564077377319336,18.11695973894476,16.50275494686039,17.36666986051895,29759431
2019-03-25,16.284526824951172,16.533420063723785,15.985131838574137,16.41258120346013,24222195
2019-04-01,18.033994674682617,18.315353386515042,16.638025250633792,16.683114060082342,27017832
2019-04-08,18.085399627685547,18.306337225494936,17.350440259402458,18.03580090000605,21873399
2019-04-15,18.973665237426758,19.334380946877648,18.001534551426317,18.157544547271225,23182329
2019-04-22,17.49472427368164,18.973660926445227,17.451438054376904,18.973660926445227,19951312
2019-04-29,16.968080520629883,17.720173045703472,16.699346799577576,17.509154861267803,19516159
2019-05-06,14.64507007598877,16.589329530424223,14.60358816062283,16.398150137837717,35800415
2019-05-13,13.360621452331543,14.857318542394623,13.247318779167353,14.839043439823545,41480178
2019-05-20,12.922028541564941,13.704184925832863,12.744763893234241,13.47575138813818,28858359
2019-05-27,12.11611557006836,13.229043318671065,11.969918239074657,13.066399092932262,29113932
2019-06-03,12.320793151855469,12.883653625572592,11.78534446239393,11.9699193506073,33820812
2019-06-10,13.314934730529785,13.872313166112377,12.516331386447806,12.558363600033628,35104097
2019-06-17,13.934446334838867,14.391313427784404,12.938475932792825,13.278384812922193,35149645
2019-06-24,14.378523826599121,14.839045675348459,13.313109236972817,13.934448875517624,28981862
2019-07-01,13.9015531539917,15.056514103544794,13.757183144223177,14.908488550145798,23039662
2019-07-08,13.506817817687988,14.384002635819073,13.130359620077476,13.934445775981368,28065886
2019-07-15,13.563469886779785,14.259735400632884,13.27838457492691,13.669463210781865,28449839
2019-07-22,13.870485305786133,14.733050605639692,13.596364874055826,13.616467312089563,31304276
2019-07-29,12.200181007385254,13.888761661204907,12.0265709964549,13.843074770359815,34936397
2019-08-05,11.00318717956543,11.878544719264,11.00318717956543,11.865752496105472,37977134
2019-08-12,10.76196002960205,11.597113457194913,10.233821661411769,11.17862307553277,41155241
2019-08-19,11.154866218566895,11.644627933174913,10.846023816501445,10.959327348440077,32017386
2019-08-26,11.962608337402344,12.066774330596845,10.983085671236587,10.988567679160315,32753010
2019-09-02,12.686285972595215,12.850758413928789,11.534980626069938,12.017433062554765,33560822
2019-09-09,14.259737968444824,14.296287306950777,12.580293990575601,12.700906894785744,44332443
2019-09-16,12.638771057128906,14.150087658534488,12.498056605970127,14.042266996713966,42487814
2019-09-23,11.891337394714355,12.43226807409121,11.355889594845326,12.426786065988265,44384699
2019-09-30,10.818613052368164,12.0905312382502,10.52987305951249,11.935196354753998,39410412
2019-10-07,12.291552543640137,12.333584757368572,10.571904752285938,10.793028965551677,43078591
2019-10-14,12.055808067321777,12.31530804559472,11.53132436066836,12.282414258997072,42287279
2019-10-21,12.837965965270996,12.861723075904695,11.971745966539103,11.988192861822103,38494724
2019-10-28,12.817863464355469,13.143152796296654,11.778034352292167,12.914719242406305,38103926
2019-11-04,14.146432876586914,14.418725097193763,12.907409378956578,12.907409378956578,54456536
2019-11-11,13.848556518554688,14.462585876250632,13.495855388298041,13.980134300304167,34754643
2019-11-18,14.07150650024414,14.091608938706083,13.07188139893463,13.888759832332823,41163722
2019-11-25,14.188464164733887,14.64533125245522,14.029474613401542,14.283492602634787,25228643
2019-12-02,14.711121559143066,14.711121559143066,13.346002212179451,14.341972669587674,35901407
2019-12-09,14.871938705444336,15.75460742484006,14.22318818510476,14.731224235870032,37254647
2019-12-16,14.771428108215332,15.464038134654146,14.767773436150105,15.083924354914304,31558267
2019-12-23,14.347455024719238,14.844527033140293,14.301769008903866,14.674571708112316,9489732
2019-12-30,13.943585395812988,14.731223903186732,13.921655619609535,14.226842536126986,17157045
2020-01-06,13.632915496826172,14.226842428936054,13.437376591394338,13.695049281331201,28441770
2020-01-13,13.377069473266602,14.082471714948989,13.324072371926713,13.594538143849057,27022223
2020-01-20,12.883652687072754,13.512301571490815,12.664355814787866,13.38620580457164,23757970
2020-01-27,12.20383358001709,12.976852433340484,12.134389587593452,12.381098232865385,31925947
2020-02-03,14.939554214477539,14.939554214477539,12.083220793940598,12.20383367800065,47984943
2020-02-10,14.641677856445312,15.396422546319394,14.559441634065148,14.89386766035064,29797120
2020-02-17,13.704184532165527,14.807974650503608,13.578088776821046,14.685535309559732,22334289
2020-02-24,11.728693962097168,13.196151209478847,11.343097276105794,13.108432102589274,52110397
2020-03-02,10.564595222473145,12.509020993502123,10.4586018934186,12.33541187643707,46566322
2020-03-09,7.335458755493164,9.488216690093807,6.694017591792076,9.22871666109725,70667737
2020-03-16,6.880418300628662,7.081439620733994,5.464130202200907,6.880418300628662,65008994
2020-03-23,7.61780309677124,8.495902202049317,6.332178820833848,6.485686392155844,59105498
2020-03-30,7.170985698699951,7.913851751965234,6.981842494947986,7.473431568274446,36809718
2020-04-06,8.751747131347656,9.000283145155628,7.547445478158868,7.583994815065488,34497257
2020-04-13,8.113959312438965,8.898857131243554,7.626024916488314,8.751745703842788,26245547
2020-04-20,8.177007675170898,8.576308899726454,7.501757809262406,8.177920907440788,24979270
2020-04-27,9.139169692993164,9.86832991981431,8.14045866833373,8.479453463279723,29446824
2020-05-04,9.405980110168457,9.636241009704694,8.393562738068784,8.59732595771016,28386999
2020-05-11,7.230379581451416,9.58507255538059,6.378779071229786,9.438875207453343,102527481
2020-05-18,7.506327152252197,7.967763062235009,7.3098741451758125,7.382972816915179,59953458
2020-05-25,7.862683296203613,8.461179894908962,7.44693425608597,7.629681814673676,47723122
2020-06-01,9.552177429199219,9.60700099131956,8.024413090886176,8.132233750648298,57393029
2020-06-08,8.705144882202148,10.136965655159225,8.059134224959582,9.429735331049564,59967798
2020-06-15,8.517829895019531,9.376740540477096,8.178835109579342,8.408181894379068,52495794
2020-06-22,8.216299057006836,9.017644832943379,8.102996365380896,8.516003991049153,39014323
2020-06-29,8.868704795837402,9.137342361502293,8.141371904673763,8.20533302235472,36903074
2020-07-06,9.045968055725098,9.393187149549139,8.572654069995943,9.137341822512148,29034363
2020-07-13,9.2981595993042,9.711168053811695,9.09622458366925,9.256128255121679,30704449
2020-07-20,9.023124694824219,9.634412538943241,8.863221044938783,9.22871522630618,26778166
2020-07-27,8.53427791595459,9.183029259305021,8.296706805115305,9.009419266228285,31787159
2020-08-03,8.970128059387207,9.42425367230048,8.46574679187704,8.543414225615535,30201379
2020-08-10,9.193995475769043,9.833609360061198,9.0203854575981,9.13734369390221,29592894
2020-08-17,8.869617462158203,9.44801153832365,8.796518797643131,9.193993548423052,22277107
2020-08-24,9.57958984375,9.63258607349157,8.927183834384063,8.936320514405116,26190695
2020-08-31,9.820816040039062,10.21006651036546,9.347501138722283,9.714822704665213,32369516
2020-09-07,9.829954147338867,10.040112622476096,9.438875447426303,9.959703730509833,21830430
2020-09-14,10.53901195526123,10.690691314816828,9.74040766175322,9.95056700740452,33353632
2020-09-21,9.420599937438965,10.458601690560391,9.274401734203488,10.438499252441986,30297185
2020-09-28,10.559111595153809,10.718101141770543,9.926808080373183,10.078487412212509,41227844
2020-10-05,11.079939842224121,11.434468240615958,10.641347029954682,10.736375458089649,31760486
2020-10-12,11.162177085876465,11.248068850147744,10.612109730046106,11.068976848922206,36088461
2020-10-19,11.37781810760498,11.513051426354869,10.930088552605753,11.27730765793317,33954347
2020-10-26,10.646833419799805,11.558739594970525,10.354437824720254,11.056186381506164,45686851
2020-11-02,11.524015426635742,11.703106537727693,10.549973973591294,10.670587723881146,37333583
2020-11-09,12.33541202545166,12.766694690770237,11.748794472322414,11.832858027911545,38353481
2020-11-16,12.686285972595215,13.082846644971374,12.465162629068526,12.627806862978725,32040764
2020-11-23,13.974651336669922,14.292631337070718,12.879997745670956,12.901927521064788,35285387
2020-11-30,15.966591835021973,15.966591835021973,13.82479818148011,13.972822846049901,44051707
2020-12-07,15.712574005126953,16.313812029895946,15.325150862962731,15.9812124569184,33161444
2020-12-14,17.16358184814453,17.90553419484695,15.798463564759713,15.89897313153492,42189595
2020-12-21,17.370088577270508,17.635070607714233,16.16578609165144,16.664686310661075,19329510
2020-12-28,17.25130271911621,17.768476316034384,17.086832010011264,17.545525622145806,12213604
2021-01-04,18.548803329467773,19.26151662391085,17.523593806990586,17.525422014318885,37113514
2021-01-11,18.007871627807617,18.73611676398937,17.737406769162412,18.352348376162055,27479565
2021-01-18,17.033830642700195,18.653881797307093,16.838290911187016,17.85801916077034,34763749
2021-01-25,16.485595703125,17.567457235224822,15.571861312789407,17.448672531317612,44698898
2021-02-01,17.03200340270996,17.211096251878164,16.408837459210194,16.63178810996964,28889581
2021-02-08,17.074037551879883,18.27468350528323,16.52214202636547,17.20926912230577,36500817
2021-02-15,18.066354751586914,18.379766006076025,17.273233318044234,17.50532331787916,34890387
2021-02-22,17.688066482543945,18.809217691927632,17.156272508297832,18.09193648353342,40395243
2021-03-01,18.263721466064453,19.54477556597659,17.936603034367728,18.02066746596399,33071000
2021-03-08,20.444805145263672,20.458510602187033,18.498551835701736,18.617336528927254,42079166
2021-03-15,21.015886306762695,21.573264718684623,20.18895623988947,20.490488451969767,45903548
2021-03-22,21.86566162109375,21.86566162109375,19.39857836550516,20.933652236288296,39359348
2021-03-29,22.2357234954834,23.026105203686924,21.568697870512096,21.929623339583785,23724258
2021-04-05,22.36821174621582,23.030669358636207,22.03013108408211,22.235719875169824,22063367
2021-04-12,23.0489444732666,23.058082023979455,21.943325236345842,22.235719887918727,23172717
2021-04-19,22.934730529785156,23.20885011371171,21.491030452631705,23.19057501003399,22120510
2021-04-26,22.15805435180664,23.757089201937017,22.025562474521518,23.117474564760997,29179233
2021-05-03,24.661685943603516,25.022611372264375,22.15805443512269,22.340801972948608,29400141
2021-05-10,24.33274269104004,25.46577471242452,23.61089352851697,25.246476955323793,29993886
2021-05-17,23.1997127532959,25.356126206384893,22.765690365632665,24.46066703250584,27395909
2021-05-24,24.209386825561523,24.5337620272475,22.847921422196684,23.208846826060583,22539314
2021-05-31,24.7850399017334,25.378966776623145,24.236799039216073,24.401271472252237,19395518
2021-06-07,25.178831100463867,25.593867493203064,24.06284709199936,24.929811023970917,24204971
2021-06-14,22.089122772216797,25.5016374433928,22.04300663933906,25.211111963290115,32720845
2021-06-21,24.1643009185791,24.510163994174313,21.056143971870537,21.76631657595551,33742015
2021-06-28,24.422544479370117,24.66234309206967,23.48179648166047,24.025954533718956,26366204
2021-07-05,24.247310638427734,24.939036859254152,22.458044987994523,24.440993135866773,25717530
2021-07-12,23.504858016967773,24.856030069419194,23.186662823163708,24.256532592052437,23215892
2021-07-19,25.0543212890625,25.1327160727872,22.116789721856613,23.006810817092862,27579854
2021-07-26,27.092609405517578,27.636767488351943,24.915977074180116,24.99437362466508,30623803
2021-08-02,27.101831436157227,27.599873361675645,26.40549277620152,27.447694519682738,23308500
2021-08-09,28.480669021606445,28.480669021606445,26.875864652251106,27.02343274880214,20464519
2021-08-16,25.9858455657959,28.222427888488788,25.372515947486303,28.088693741037233,29210709
2021-08-23,27.12488555908203,27.1848356460164,25.713763704410272,26.239477009668672,23466313
2021-08-30,26.018125534057617,27.516865532816254,25.649205270808686,27.189448909129737,20839415
2021-09-06,25.773714065551758,26.963483795528163,25.598476295267933,26.091909195692182,19761921
2021-09-13,25.0958251953125,26.73291191025802,25.031264366053364,25.65842972311465,33832294
2021-09-20,23.82305145263672,24.34415237533818,22.559497423228503,24.34415237533818,41040160
2021-09-27,23.24199867248535,24.48710429920914,23.002200069645443,24.11818404835948,27704432
2021-10-04,23.172826766967773,23.610920361158485,22.209021563408463,23.288114462325822,27285437
2021-10-11,25.533920288085938,25.76449569697747,23.24200191992664,23.320396714557393,29035274
2021-10-18,25.06815528869629,25.999680023609823,24.89753000214372,25.658427691354163,24553544
2021-10-25,27.046493530273438,27.304736837203134,25.36329250577538,25.395572919141593,26020037
2021-11-01,25.81983184814453,27.812002992288196,25.446299098936137,27.300125366793544,27504643
2021-11-08,25.455520629882812,26.774411998217005,24.708456940371647,25.83366408748417,32190698
2021-11-15,24.376428604125977,25.570809101198282,24.233471240222173,25.24339249522395,30109687
2021-11-22,22.3612003326416,25.363290899646245,22.31969669534889,24.630061146908634,32629726
2021-11-29,22.63789176940918,23.366509084116906,21.319000262455912,23.00220130633835,40039485
2021-12-06,23.744651794433594,24.588556713183735,22.554882070013207,22.707062654874132,26278470
2021-12-13,26.460832595825195,26.977320983633433,23.661647465264,24.159689399434285,45376389
2021-12-20,26.225643157958984,26.977319387295346,25.501636607442247,25.824442490402383,27507152
2021-12-27,25.958175659179688,26.631455319520366,25.958175659179688,26.12880094095907,11552150
2022-01-03,28.15325355529785,28.471448705657362,25.84749975455027,26.045794722146606,22279199
2022-01-10,29.91485023498535,30.449783272176724,27.636764418148903,28.111749124797573,22749851
2022-01-17,26.599178314208984,30.20537743347328,26.516171029384942,30.20076494034378,29036856
2022-01-24,23.597082138061523,26.110353982062275,23.380342490004885,26.096520023015163,35332826
2022-01-31,25.06815528869629,26.20719821490377,23.89683195041536,24.1458537799681,24551306
2022-02-07,25.91667366027832,27.47536375751228,25.261838651249615,25.45552288966536,31535886
2022-02-14,24.846803665161133,25.713765835181604,23.91066641770683,24.883694811535136,33028825
2022-02-21,25.28951072692871,25.63998457177524,22.541052295858776,25.095826470161633,42543948
2022-02-28,24.657732009887695,28.360772096278478,24.46404777349628,25.326399212967303,47099040
2022-03-07,25.538530349731445,25.676875230063672,23.062149427437003,23.753875588248736,42530104
2022-03-14,26.165695190429688,27.124887867249104,24.38565295536466,25.529306641916936,39096025
2022-03-21,28.789642333984375,28.789642333984375,26.221032719527958,26.248700639508463,27480728
2022-03-28,27.470748901367188,28.872647545621064,26.488497351902744,28.68818654958487,24012214
2022-04-04,26.08268928527832,27.55375967036862,25.169610933241174,27.30012708799452,22020739
2022-04-11,28.134809494018555,28.190148856528467,25.81061080227375,25.824444763325882,19200556
2022-04-18,27.235563278198242,28.798864001919146,27.235563278198242,28.134805811913477,17992290
2022-04-25,25.930509567260742,26.562285677870364,24.459439131855646,26.516171301007162,26704722
2022-05-02,24.274972915649414,26.114965009137624,23.564800405239907,25.6584250355457,26890409
2022-05-09,24.751319885253906,25.345651289059514,23.398865731598214,23.40354471926015,30801715
2022-05-16,25.64515495300293,26.28160434851783,24.503291016173744,24.56880755067822,25795222
2022-05-23,28.49513816833496,28.49513816833496,26.08505608888469,26.206729404205554,23661200
2022-05-30,28.406225204467773,28.963117602464933,27.362635939122967,28.9022800477485,26416355
2022-06-06,25.415851593017578,29.000558173785727,25.369052784928808,28.523221042432226,23870535
2022-06-13,23.1414794921875,25.256737253243163,22.916850586392897,25.130383159010226,32942615
2022-06-20,21.058979034423828,23.787287619553453,20.42721037746782,23.16019795023183,27805999
2022-06-27,20.24001693725586,22.224241348496584,19.68780361557436,21.227449263062468,21483820
2022-07-04,20.45996856689453,20.74543501165916,19.238547502018594,20.576962894408446,19479169
2022-07-11,20.09026336669922,20.824987502045968,19.39765725501146,19.87967324840427,16417349
2022-07-18,21.564395904541016,21.76094552334366,20.3055357629259,20.5348454367208,18304929
2022-07-25,22.383352279663086,22.519064322721093,21.14321187772649,21.161931395800526,20638020
2022-08-01,22.448867797851562,22.71093389833282,21.489513069416788,22.5331038402038,18160440
2022-08-08,22.87005043029785,23.600095669877796,22.402073124585726,22.500349715531,15314782
2022-08-15,21.728187561035156,23.483102547430253,21.71882780021803,23.029163966354666,16856803
2022-08-22,22.027690887451172,22.743695569563695,20.801590888063327,21.620551145190294,19454035
2022-08-29,21.737548828125,22.91685199492367,20.45061108225873,21.8171041227955,29466216
2022-09-05,21.46611976623535,21.924737338381792,20.511447363599828,21.1525758099973,16844009
2022-09-12,20.778194427490234,22.622024488218667,20.02942961895481,21.901338962505577,28926828
2022-09-19,19.678443908691406,21.054298229364942,19.495933058444905,20.54420293204419,16425751
2022-09-26,19.34150505065918,20.155784653350786,18.15752112174606,19.374263322882868,24031496
2022-10-03,19.729921340942383,20.787549170066985,18.92968064948517,19.05603472474551,18359064
2022-10-10,20.268096923828125,20.95602232114932,19.453815659719524,19.491254699536782,19839485
2022-10-17,21.8217830657959,21.976214654046892,20.286816232815703,20.286816232815703,16679666
2022-10-24,20.96070671081543,22.079172333085197,20.881149630070794,21.99493626415181,19000111
2022-10-31,22.004291534423828,22.48630755312012,20.277456044137875,21.105774244261458,19952248
2022-11-07,24.40033721923828,24.629646891899235,21.65331084618096,21.737546906734636,20303997
2022-11-14,23.46906280517578,24.77471814302957,23.061921260231404,24.554770021310585,17489325
2022-11-21,23.894922256469727,24.09147187113655,22.851333062177748,23.323989363061145,12485837
2022-11-28,24.021278381347656,24.461176450406366,23.473743950152606,23.642216082828007,18137478
2022-12-05,24.292699813842773,24.63900377626958,23.384824560203025,24.147626218670858,16198357
2022-12-12,22.519065856933594,24.821514966351135,22.18212343460274,24.03531300559311,23044596
2022-12-19,23.46906280517578,23.78728751871789,22.14468616128851,22.52842741258486,12080183
2022-12-26,23.001087188720703,23.820047541327558,22.940249634101892,23.469064533067478,6447292
2023-01-02,25.256736755371094,25.35501156499552,23.132119275306415,23.132119275306415,15940296
2023-01-09,26.716825485229492,26.969533668509367,24.868314699313984,25.401808562776953,17930815
2023-01-16,26.48751449584961,27.390710828685403,25.83234734622442,26.749582426814722,13964524
2023-01-23,27.55450439453125,27.830611077655288,26.417319393290867,26.585791509799332,11390144
2023-01-30,26.777664184570312,27.563866265001167,26.276928569499603,27.395394135595712,15534217
2023-02-06,25.345653533935547,26.365844313007333,25.06954682244012,26.34712479031803,19476256
2023-02-13,26.450077056884766,27.128644494989274,25.07422444552998,25.30821309417348,16734966
2023-02-20,26.075695037841797,26.866576011262545,25.907222928665384,26.567070832811886,13465004
2023-02-27,28.462379455566406,28.560654260853703,26.192690247707038,26.28628428025204,16343922
2023-03-06,26.665346145629883,28.499818076573018,26.440717257488387,28.434299755488997,14221130
2023-03-13,23.398866653442383,26.64662870227112,23.174237747792358,26.487516337620036,32057531
2023-03-20,24.353538513183594,24.92446959101689,22.547145894595833,22.930887128211797,21954618
2023-03-27,26.08505630493164,26.155251831016376,23.932359586355908,24.73260036598765,18100599
2023-04-03,24.082111358642578,25.69195440842499,23.876201989917913,25.584318058773214,11943551
2023-04-10,25.23801612854004,25.570279585683945,24.08211161726867,24.08211161726867,9423543
2023-04-17,24.222503662109375,25.846385424119365,24.222503662109375,25.33629010835549,13103534
2023-04-24,24.063392639160156,24.25994403942297,23.127438010764504,24.142949710873513,14631236
2023-05-01,23.052562713623047,24.19910754026786,22.528428598799536,24.063393684807174,12033612
2023-05-08,22.743696212768555,23.93703976362679,22.285078670030487,23.122758470885,16302882
2023-05-15,23.2397518157959,23.576696031011853,22.313157009143687,22.902807600579944,14547530
2023-05-22,22.95645523071289,23.362513765135734,22.44179993959678,23.069774603564742,11600434
2023-05-29,23.541933059692383,23.617478700511224,21.809102334256846,23.041442063548708,17611403
2023-06-05,24.042423248291016,24.184072906686705,23.074494122438413,23.62692310719102,10469037
2023-06-12,24.32572364807129,25.355034294523854,23.76385296721525,24.080199825865588,16331544
2023-06-19,23.20197868347168,24.188794710966622,22.975341742377424,24.13685674091684,9435338
2023-06-26,23.541933059692383,23.919661263786594,22.85257886207668,23.277522416251358,8703357
2023-07-03,22.687326431274414,23.853564201711603,22.163227646970242,23.622204613620823,9336234
2023-07-10,23.55609893798828,23.896055245822478,22.375697092619856,22.550396061412304,8733941
2023-07-17,23.4475040435791,24.132137528409597,23.239753950735196,23.38612263843074,9814864
2023-07-24,24.24545669555664,24.7176175021003,23.22086860990916,23.324744563716937,11242153
2023-07-31,23.773292541503906,24.9395301458174,23.475832572095022,24.236011651773847,11810314
2023-08-07,23.253917694091797,23.730799274601523,22.96589933903675,23.6080382681135,10675089
2023-08-14,22.380420684814453,23.763851852019524,22.163225366919022,23.183092533754976,12537889
2023-08-21,22.734540939331055,23.230309368920604,22.200998785012615,22.44179997613314,7303448
2023-08-28,23.702468872070312,23.829952484586762,22.866744168562615,22.92340295151985,9621891
2023-09-04,22.857301712036133,24.042424395630928,22.5928910450497,23.84411774625384,8028762
2023-09-11,22.998950958251953,23.286969319690428,22.149061921993628,22.994230142999868,16138937
2023-09-18,22.03573989868164,23.013114244402647,21.955473440976405,22.89035144877673,9129765
2023-09-25,22.451244354248047,22.69204735667532,21.318059581841602,21.554139967903414,9339782
2023-10-02,21.554140090942383,22.810087679914606,21.313337087140518,22.630666081161312,9413370
2023-10-09,20.501218795776367,22.257657353176757,20.458726057597627,21.44081947598526,12316241
2023-10-16,19.353872299194336,21.06309391866362,19.212222615970745,20.58621049426535,13677528
2023-10-23,19.896854400634766,20.17070850959879,19.16028475805641,19.386921709707472,9149763
2023-10-30,20.48705291748047,20.680638736522788,18.803328733501694,19.046963112297348,15898212
2023-11-06,19.155561447143555,20.68064045061831,19.00919096650654,20.520105723876213,12425418
2023-11-13,20.931257247924805,21.112646082314395,19.34172366660457,19.34172366660457,17932545
2023-11-20,21.327449798583984,21.499291671732834,20.80237902698377,21.041047890601853,10999989
2023-11-27,22.411006927490234,22.44919299926101,21.251076090682123,21.294036559486088,15201695
2023-12-04,22.659223556518555,22.8883454578219,22.263032350313456,22.348953290914583,9997187
2023-12-11,23.828697204589844,23.97189997187754,22.35849802961922,22.44441896163231,19643196
2023-12-18,24.902706146240234,25.2082037941194,23.637762373843323,23.690269810524097,13874637
2023-12-25,24.51129150390625,24.98385665388353,24.4587858835967,24.902708293588923,3947160
2024-01-01,24.253530502319336,24.92657662283079,23.871658864977558,24.511291490356445,7450820
2024-01-08,23.270212173461914,24.32512802164315,23.11746425973878,24.129419643379215,10355454
2024-01-15,23.088823318481445,23.599574495867564,22.62580700214468,23.422960062231866,9914815
2024-01-22,24.22966194152832,24.444464280377638,23.33226833617835,23.375228803948215,9398613
2024-01-29,24.49696922302246,24.854972477631204,23.990990634318564,24.24875341465255,10123698
2024-02-05,25.332307815551758,25.36572130389694,23.709359149220596,24.344219069576138,12468772
2024-02-12,24.46833038330078,25.728503476005855,23.900299159980236,25.446874152314404,11545184
2024-02-19,23.212932586669922,24.282168002337208,22.97903631523713,24.24875450940378,11664740
2024-02-26,22.988582611083984,23.370452391155396,22.6639928427986,23.22725145124096,11553586
2024-03-04,22.79287338256836,22.964715232398525,22.196201304490653,22.845380816782985,11592042
2024-03-11,23.117464065551758,23.685495251132007,22.40623011877256,22.4348710351921,15935758
2024-03-18,23.862112045288086,23.986219044121906,22.916981811904883,23.150878082386317,9019664
2024-03-25,24.30126190185547,24.606757734334142,23.747550250263174,23.862112097892073,7024798
2024-04-01,24.14374351501465,24.90748316280321,24.010087710977434,24.62108125010724,9067266
2024-04-08,24.554250717163086,25.146150268400007,24.134194850761478,24.134194850761478,14382846
2024-04-15,22.749914169311523,24.668811896284186,22.37759135483432,24.487423064736852,19444510
2024-04-22,22.673540115356445,23.189065690958063,22.119828471691058,22.912208958675986,13289289
2024-04-29,23.198612213134766,23.56138989612076,22.368045609006856,22.69263540077375,9974825
2024-05-06,22.79764747619629,23.609121920601467,22.444418602154435,23.30362608762512,12608018
2024-05-13,23.41510581970215,23.569469778813335,22.788002005792503,22.99060401206461,12859221
2024-05-20,22.990602493286133,23.80101414516517,22.662578641803503,23.550172268139427,9921972
2024-05-27,23.308979034423828,23.328274988630643,22.170543498510437,22.96165921935507,17535284
2024-06-03,22.575748443603516,23.74312786467993,22.305612456040652,23.511581943841733,16309092
2024-06-10,21.051406860351562,22.623992384990263,20.974224872895682,22.267024542904483,15239565
2024-06-17,21.196117401123047,21.63026711891852,20.72337761961423,21.04175346594316,16645298
2024-06-24,20.61725425720215,21.610971893299972,20.462888476670944,21.273300083683985,14981024
2024-07-01,20.733030319213867,21.03211028174423,20.318176458840057,20.925986202231723,10276151
2024-07-08,20.810209274291992,20.90668720175313,19.826137726482514,20.578663352483304,12475052
2024-07-15,20.02874183654785,21.147881394259862,19.83578597894367,20.81020956353426,14078066
2024-07-22,20.00944709777832,20.40500497373906,19.517411287157106,20.115573009921192,10740901
2024-07-29,18.735942840576172,20.462890264374767,18.644289818026678,20.231344333594347,13384690
2024-08-05,19.382341384887695,19.671773320365524,17.78563715108237,18.041303928923263,15178477
2024-08-12,19.49811553955078,19.58494549765227,18.73594371197096,19.536707449890805,12997774
2024-08-19,20.115571975708008,20.231344019217484,19.68142221213884,19.87437807153924,11009224
2024-08-26,20.424297332763672,20.704081269839854,20.0673295894174,20.16380750709179,10740357
2024-09-02,19.295513153076172,20.636550728362636,19.073615193455044,20.44359670092999,12744132
2024-09-09,19.806842803955078,19.864728822001588,18.953016217074875,19.449875038981038,10611150
2024-09-16,20.733030319213867,21.27330421543471,19.623538592270403,19.758606606284694,15787337
2024-09-23,22.604694366455078,22.788002260005847,20.40500516433653,20.80056304399207,16255745
2024-09-30,22.527511596679688,23.058137463430384,22.141601708118863,22.73011359811281,12386994
2024-10-07,21.88111114501953,22.57574892226207,21.446961384140796,22.57574892226207,9141936
2024-10-14,21.688156127929688,21.987237903762292,21.022462255649796,21.948645994559307,9979676
2024-10-21,21.446958541870117,21.78463032889638,21.128582706139802,21.620618423207237,7032838
2024-10-28,21.88111114501953,22.52751087779263,21.678507309888307,21.688155286814883,9339824
2024-11-04,23.289682388305664,23.99396997462296,21.832871011914037,21.910052986284825,15211353
2024-11-11,23.387170791625977,23.572396926803155,21.89561648936365,23.494407268742258,13391360
2024-11-18,23.387170791625977,23.62113976580867,22.85099212488481,23.59189480617341,8415974
2024-11-25,23.240938186645508,23.59189254397705,22.041846611656,23.533398911475164,12253948
2024-12-02,23.543149948120117,23.820988219292026,22.987473405776306,23.201944499134587,10634928
2024-12-09,23.133705139160156,24.323049810614027,23.0459665368588,23.81611607718845,11324517
2024-12-16,21.700639724731445,23.114202278321315,21.378932205418735,22.94847590903944,14755401
2024-12-23,21.651899337768555,21.729890857995326,21.476423995518868,21.690895097881942,2984351
2024-12-30,20.920743942260742,22.256318871479735,20.920743942260742,21.622652694313953,6985810
2025-01-06,21.086471557617188,21.33993839275397,20.433307521531624,20.901247295317987,11596532
2025-01-13,22.14908218383789,22.373304066021873,20.66727875822474,20.930492678268507,12814865
2025-01-20,23.114206314086914,23.35792423064753,21.739637413438665,22.149083587637303,13718943
2025-01-27,23.562646865844727,23.845358665579564,22.753503504684982,22.98747246773382,10846527
2025-02-03,26.6724910736084,27.462136652665944,21.876122097379174,22.0515993059298,27559122
2025-02-10,26.5360050201416,27.549872404842297,25.375909122680696,25.834098118024244,15975795
2025-02-17,26.370275497436523,27.30615318121315,26.146055480278573,26.652989148181746,12062820
2025-02-24,26.750478744506836,27.28665741120264,25.74636027006511,26.146057500020916,13400823
2025-03-03,29.71408462524414,31.371367016701036,26.39952170175028,26.467762413265575,32067834
2025-03-10,28.865951538085938,29.996802557652583,27.413392932942923,29.65559709187881,19625989
2025-03-17,28.388261795043945,29.626347313226148,28.047056363341444,28.904942552740295,13164772
2025-03-24,26.14605712890625,29.28514500473121,26.136308189360324,29.041427094343312,13935298
2025-03-31,22.178329467773438,26.516508942600442,21.398432911575803,25.736610526982744,19340360
2025-04-07,22.470792770385742,24.34254657782873,20.023866349385944,20.686777567933852,22041802
2025-04-14,23.2214412689209,23.582144579911144,22.69501157058542,23.2409391472274,6166192
2025-04-21,25.307666778564453,25.395405374559882,23.17269923446253,23.22144207249551,7998226
2025-04-28,26.39952278137207,26.477512434781826,23.972092727145945,25.33691259152666,11627909
2025-05-05,25.999826431274414,26.409272590011806,25.317415546905398,26.3995236505871,6150099
2025-05-12,26.936479568481445,27.970225268958572,26.631276883116907,27.11369354635151,8325945
2025-05-19,26.040565490722656,27.359822985033798,25.312018737772856,26.89709719239079,7802090
2025-05-26,26.30638313293457,27.19245295211167,26.188241742259986,26.73957261366298,7642433
2025-06-02,26.198087692260742,26.572204607270365,25.341554142625625,25.883041473763463,7384163
2025-06-09,25.67629051208496,27.01523878164605,25.38093515983403,26.207932399524875,8352497
2025-06-16,25.774744033813477,26.582050450755,25.42031609356652,26.089790257222496,11847646
2025-06-23,26.522981643676758,26.89709859118326,25.54830661635387,25.558150168441312,7022738
2025-06-30,26.857717514038086,27.871772336540406,25.538460011797937,26.552514834300258,10422675
2025-07-07,28.994125366210938,29.161493902599393,26.66081128571583,26.79864353527448,8695882
2025-07-14,27.546878814697266,28.935052351539955,27.399201138446166,28.836601819254913,8064741
2025-07-21,28.186817169189453,29.24025553507372,27.753629561460286,27.753629561460286,8116593
2025-07-28,26.34576416015625,28.492018772188803,26.089788649949995,28.364030078173926,9253422
2025-08-04,28.373876571655273,28.48217441252869,25.9421119501664,26.582049810787307,9674398
2025-08-11,28.64954376220703,28.97443541622096,27.85208277104987,28.64954376220703,6463331
2025-08-18,28.708614349365234,29.8703487070707,27.871771644422857,28.245890443255266,7294794
2025-08-25,28.01944923400879,29.01381504742625,27.852082571399286,28.757839522185986,6632635
2025-09-01,28.413259506225586,29.14180438102321,26.995549596385633,28.088367847493892,8848733
2025-09-08,29.1319580078125,29.88019371715829,28.17697392134643,28.72830480482411,7882541
2025-09-15,29.545455932617188,30.17554835579423,28.393567047856937,29.151648168131533,9725818
2025-09-22,30.94347381591797,31.67201674620922,29.407622649563226,29.73251427855795,8983633
2025-09-29,32.538394927978516,32.6565363115409,29.712822739044068,31.160066893535607,13685526
2025-10-06,31.8197021484375,34.98001204104663,31.790167735347882,32.341496809808206,15610885
2025-10-13,32.31195831298828,32.98143246649122,31.55387717576739,31.996912094357153,9718816
2025-10-20,33.19802474975586,33.31616613072974,32.02644322330505,32.558085071157684,7462916
2025-10-27,32.646697998046875,33.670600168226265,32.59747272663675,33.670600168226265,6437537
2025-11-03,33.227561950683594,34.0447156472925,31.37666451122862,32.449789969593766,10961160
2025-11-10,34.080718994140625,34.894527353209,33.5249458620888,34.1998118846179,7529896
2025-11-17,33.79290771484375,35.11286748413754,33.00887163169457,33.58449420997464,10049601
2025-11-24,36.89927291870117,36.93897180753727,34.39829971044305,34.43799859927915,11392943
2025-12-01,36.32365417480469,37.52452107896689,35.857205432986206,37.27640867671852,7920909
2025-12-08,38.407798767089844,39.46971949446646,35.92667486464082,36.14501119364799,9214993
2025-12-15,37.80240249633789,39.2513778918334,37.72300471723949,39.00326551099262,9646158
2025-12-22,38.129913330078125,38.16961222427053,37.39550271699324,38.110067668876844,2259591
2025-12-29,39.55904006958008,39.67813295673631,38.090215175004374,38.5566638938224,3880383
2026-01-05,40.075111389160156,41.2263526439098,38.953642407567045,40.34307320525201,9768040
2026-01-12,41.77220153808594,42.208877975356955,39.73768072618353,40.03541483277261,9536740
2026-01-19,45.62290954589844,46.10920773216807,40.96831847623461,41.11718743131826,12673764
2026-01-26,45.63283157348633,47.74675025465909,44.50143964961476,45.41449145277612,10474279
2026-02-02,50.81341552734375,51.25009194760286,43.975439028273655,44.08460529391762,13561430
2026-02-09,51.8872184753418,56.4848191032801,49.71778707075639,51.54886668390545,14757566
2026-02-16,54.51441192626953,55.66878781026704,50.911963635963914,51.23041189388028,9383710
2026-02-23,55.211021423339844,57.14161454922728,54.03674199532705,54.8328626763011,13934557
2026-03-02,47.66777420043945,55.44986121141782,47.438885938761,53.67848837167234,16190960
2026-03-09,44.51314163208008,49.478951015739305,42.940803688858914,43.139831021168234,15038259
2026-03-16,41.80632781982422,46.03572320980643,41.3187055360294,43.88619535168712,14054517
2026-03-23,43.29905700683594,46.403933632833926,39.64685139749895,39.825979041160494,12686467
2026-03-30,45.438629150390625,46.73232567746,42.0650652957903,43.269198012728566,9172370
2026-04-06,51.78770065307617,52.86246262450316,45.100279333253674,45.438631097559046,13173416
2026-04-13,53.180908203125,53.34013233142587,49.817298018243804,50.892059935224005,10385079
2026-04-20,50.23526382446289,53.101302152186186,49.52870693763549,51.50905694958304,8344263
2026-04-27,49.00127410888672,51.071187786205755,46.9114531447116,50.51390143651852,7767346
2026-05-04,51.8076057434082,54.45470946482597,47.20005169805745,49.429189675986635,12786974
2026-05-11,52.13484573364258,55.607840248541734,51.057017880560856,52.25460311497882,10624529
2026-05-18,56.66570281982422,56.66570281982422,50.538063013417926,51.43625287074912,11272650
2026-05-25,59.200592041015625,60.13869850603924,57.30441510592575,57.803408635473765,10018969
2026-06-01,59.100791931152344,62.473985282797976,58.30239927779832,59.240509503383805,11740764
2026-06-08,60.47801208496094,60.53789267688138,55.04896404911363,57.663688984012396,11520857
2026-06-15,54.869327545166016,62.454031408410614,54.82940714948667,62.37419061705192,13901692
2026-06-22,52.41427993774414,55.96711518016741,51.97516700949704,55.54795864259743,9247520
2026-06-29,58.48204040527344,58.48204040527344,51.13685881493222,52.6138792122463,12023420
2026-07-06,57.9032096862793,58.14272444878301,53.49210490080217,57.56389393355029,9125091
2026-07-13,57.86328887939453,59.51994723518818,56.026992549489165,56.88526202424102,8583914
2026-07-20,58.821353912353516,59.85926133255634,56.66570208955755,57.523971540609175,7831991
2026-07-27,60.617733001708984,61.25644408256033,56.685661723813126,59.87922093508816,9628053
2026-08-03,62.97999954223633,65.23999786376953,60.52000045776367,61.5,8764251
2026-08-10,63.7400016784668,65.16000366210938,62.439998626708984,63.13999938964844,5662621
2026-08-17,62.58000183105469,64.5999984741211,59.34000015258789,64.19999694824219,7142232
2026-08-24,64.5999984741211,65.22000122070312,61.119998931884766,61.2599983215332,6614632
2026-08-31,67.23999786376953,68.41999816894531,62.040000915527344,64.55999755859375,8329028
2026-09-07,64.36000061035156,68.55999755859375,63.720001220703125,67.58000183105469,6700596
2026-09-14,63.119998931884766,65.94000244140625,61.91999816894531,63.2599983215332,8425688
2026-09-21,61.779998779296875,65.0,61.779998779296875,63.70000076293945,5679316
2026-09-28,57.279998779296875,62.08000183105469,56.400001525878906,61.29999923706055,9514633
