Price,Close,High,Low,Open,Volume
Ticker,OR.PA,OR.PA,OR.PA,OR.PA,OR.PA
Date,,,,,
2000-01-03,49.32421875,53.8620478785038,45.8057588160038,52.612500000000004,6559370
2000-01-10,49.32421875,51.7904296875,46.693593750000005,49.5215176320076,5197680
2000-01-17,44.72062683105469,49.85034779809511,44.26026944421327,49.32422076954561,5714780
2000-01-24,44.194496154785156,46.36476369652357,43.43819551275761,45.34539454441518,5314030
2000-01-31,46.95664978027344,46.95664978027343,43.50395501727566,44.06296173730499,4472500
2000-02-07,44.39179992675781,47.84449547661675,42.02423826750126,47.48278250724284,4723600
2000-02-14,43.60260009765625,44.5890842173542,42.74764518691095,44.39178538640753,3777650
2000-02-21,45.838645935058594,46.43053765804404,42.813427705657155,43.60261834214435,5051410
2000-02-28,42.583248138427734,46.62783564465492,42.3530694222645,45.641351131795595,5114140
2000-03-06,40.774696350097656,43.569736019257576,39.68956229856685,43.208022996240615,4595750
2000-03-13,43.405311584472656,46.03593652898615,40.77468663995916,40.77468663995916,5248210
2000-03-20,44.72062683105469,45.97017476072035,41.72829127278751,42.747658000272864,5313110
2000-03-27,44.39179992675781,44.687743252595126,42.681894562712486,44.0629717791522,4084420
2000-04-03,46.562068939208984,49.521522345916686,43.56973070986341,44.9179281577047,7290800
2000-04-10,45.11521530151367,48.962503152009226,44.391794469222674,46.69359121947867,3907430
2000-04-17,46.23322677612305,48.633667575867904,43.142240032826436,43.30665406116611,3329660
2000-04-24,49.061161041259766,50.310709067351496,46.23324184275699,46.23324184275699,5780370
2000-05-01,52.18503189086914,52.28368134975001,47.68008676549529,49.061164137267724,3754710
2000-05-08,50.442237854003906,52.250792738199245,48.83098187327406,51.19854362726223,1763130
2000-05-15,51.29719543457031,52.94133631388346,49.488640467325844,50.508009819507905,4406500
2000-05-22,49.98187255859375,52.612497430098685,48.995388231779394,51.6917777215682,5860630
2000-05-29,50.77106857299805,51.856202561696435,48.07467852238252,50.080532411113474,4602650
2000-06-05,50.37646484375,51.82331152089253,49.45574514329906,50.771057567509345,3256360
2000-06-12,54.15072250366211,55.867695624175234,50.12243805677316,50.584698306744784,6692730
2000-06-19,55.33938217163086,55.50447578784902,50.41958938537523,54.15070611955716,3175390
2000-06-26,59.895965576171875,59.89596557617188,54.57995383494374,55.27334404209994,6965670
2000-07-03,59.36767578125,59.499748682017014,52.995060073206545,59.499748682017014,5707707
2000-07-10,55.99977111816406,59.10352989040123,54.546943896785606,57.81580136619315,2875627
2000-07-17,51.50921630859375,57.55164461398426,51.17902902456431,57.55164461398426,4749647
2000-07-24,55.108253479003906,57.3205122238814,51.344120607338226,51.509214242731595,5282985
2000-07-31,56.95729446411133,59.1035113569619,54.51391109370735,54.94315044167182,3740511
2000-08-07,55.6035270690918,59.301628045928126,54.84410047681097,56.561073051337985,3283155
2000-08-14,54.08467483520508,57.08937591378114,53.58939393934836,56.75918864987666,2930232
2000-08-21,54.51392364501953,55.66957916109468,52.96203934996919,53.95260122089075,4160165
2000-08-28,54.645999908447266,55.73561904116167,53.65543797657209,54.67902065481318,4358156
2000-09-04,50.22148513793945,55.207309828014395,50.22148513793945,54.01863869422031,5222644
2000-09-11,52.400726318359375,53.72147558933634,49.495076914558325,51.04696133856317,11757554
2000-09-18,56.79220962524414,57.056360445106144,52.16958791156148,52.301660802363564,8238307
2000-09-25,58.079952239990234,58.57523325979093,55.702604352598755,56.3299633339684,3848857
2000-10-02,53.52334976196289,58.44313726809889,52.66486098452979,56.4620139708752,4021023
2000-10-09,55.306365966796875,56.462021375058306,51.938456927515126,54.15071055853545,4239227
2000-10-16,55.8676872253418,56.66013972677883,52.36770505166704,54.97618256970097,3578899
2000-10-23,57.84880065917969,57.98087857178431,53.88655396967071,55.47145365312574,3378374
2000-10-30,59.235595703125,59.433710085379474,56.66013896336498,56.66013896336498,3523827
2000-11-06,58.34408950805664,59.598802139701945,56.197872256488424,59.367672058723095,4341727
2000-11-13,59.43372344970703,62.93371140149344,56.85826109256789,58.41014064165841,4906462
2000-11-20,60.160118103027344,62.009168784739906,57.848807270015534,59.433707134589476,4215990
2000-11-27,59.235595703125,62.14124475939516,58.90540842487289,61.41483375489212,5760942
2000-12-04,56.825225830078125,60.22615036014728,55.47145613528313,60.22615036014728,4421912
2000-12-11,55.20730972290039,59.43370772427842,54.24976866931237,57.12239686833426,4043919
2000-12-18,57.91484832763672,59.33465467436841,55.2073135723915,55.2073135723915,4306443
2000-12-25,60.29219055175781,60.62237778361134,57.38654190379527,57.914838451806524,1635967
2001-01-01,53.68844985961914,60.820491568750796,52.99505460647435,60.29219498192124,3678168
2001-01-08,54.41487121582031,55.339396717300154,51.17903447977021,53.68846012117853,5221316
2001-01-15,51.90542984008789,54.34881828462786,51.17901896564627,54.15070393784509,4446626
2001-01-22,53.45732116699219,54.81109109487989,51.83940543310929,52.63185292761147,4008109
2001-01-29,52.20261001586914,55.2073111852303,51.839401999296996,53.82052564258223,3933535
2001-02-05,53.8205451965332,54.7780866233762,51.83942083347063,52.1696082273144,2983784
2001-02-12,55.7356071472168,55.83466432691728,52.49977118596495,53.12712492697224,3433140
2001-02-19,52.829952239990234,55.99975138969239,52.202598572443094,55.801637053489685,4404583
2001-02-26,52.730899810791016,55.47145483718432,52.334676141034016,53.52335218856232,7679789
2001-03-05,52.829952239990234,53.88655027713867,52.30165070228759,53.16013944149017,3139931
2001-03-12,50.84883499145508,53.127124933561454,48.99978443100828,52.829958432680606,3514057
2001-03-19,48.70261764526367,51.83939640885692,45.30168808340055,51.41015199145057,5545980
2001-03-26,50.78281021118164,52.69789765173631,48.801686315075145,49.66017031376613,5302472
2001-04-02,50.91486740112305,51.77335617299405,46.39130357608827,50.7827945308,4943387
2001-04-09,53.39126968383789,54.77805492791351,50.48562129161567,50.48562129161567,3022106
2001-04-16,54.08467483520508,54.81108580814337,49.528089585671715,53.39127956570255,3496079
2001-04-23,55.50447463989258,55.50447463989258,52.49976887156312,53.78749703612876,5902123
2001-04-30,54.01863479614258,55.669571005825944,51.245058940920046,55.33938376388927,3985557
2001-05-07,53.49032974243164,55.273338718543165,52.82995530116705,54.31579779401237,3764332
2001-05-14,50.881858825683594,53.19316964769958,50.25450000818174,52.895998090485726,6815059
2001-05-21,51.344120025634766,52.69788983582603,49.52809005688241,51.50921365915771,4550002
2001-05-28,51.60826873779297,52.76392412522416,49.59412447582412,51.773362364568854,8149705
2001-06-04,51.89878845214844,54.05708735395496,51.89878845214844,51.89878845214844,4171823
2001-06-11,48.94358825683594,52.59609499440939,48.94358825683594,51.99841612701227,6379150
2001-06-18,50.67022705078125,50.703428614363474,48.545129383322426,49.40845110238701,6576839
2001-06-25,50.637027740478516,51.467142949338815,48.37911335905426,50.00614220839314,6667422
2001-07-02,50.23856735229492,53.06095871965284,49.873314678106276,50.603814959863044,4648563
2001-07-09,52.861732482910156,54.45555460667356,49.5744784692776,50.471001830575496,7214099
2001-07-16,53.65864562988281,53.92427842610712,51.46713959468654,53.26018630230472,4934131
2001-07-23,53.89106750488281,54.75438407598942,51.135084656192596,53.79145269028053,5458320
2001-07-30,53.459415435791016,55.31887539064075,52.529685458366146,54.25632394980046,4368501
2001-08-06,51.135093688964844,54.18991645446196,50.80304762604949,53.19377826571589,3776019
2001-08-13,49.80690383911133,52.828524698665525,49.17601841713069,52.33045566027441,3457808
2001-08-20,51.69957733154297,52.62930743520527,49.57448429456181,49.873323761236165,4032872
2001-08-27,49.740501403808594,52.1976402509225,48.14667928317918,51.599956322358864,7976820
2001-09-03,51.33434295654297,53.72507450916431,49.308859172634136,50.33820438739884,8722676
2001-09-10,46.48645782470703,52.264058413414745,43.83008880615234,51.59996615877608,9034433
2001-09-17,44.39454650878906,48.97678204571177,42.50188543627869,46.519643820574736,10055203
2001-09-24,50.27177429199219,51.06868792089969,45.158266706308616,46.48645102120005,8074536
2001-10-01,53.326595306396484,54.18991195837533,48.877175392522446,50.76983678078346,7299684
2001-10-08,53.12736511230469,55.38527914290171,51.467134952545166,52.496479678244214,8173750
2001-10-15,52.131229400634766,53.79145963632377,51.46713730635916,52.49648207913459,5034408
2001-10-22,52.06481170654297,54.02388100062209,51.201490114828964,52.46326587709571,4952984
2001-10-29,50.23856735229492,52.031613959027034,49.60767683020731,51.56675152516924,5022095
2001-11-05,51.50034713745117,53.72505477817199,50.30497926683833,50.30497926683833,4571182
2001-11-12,50.10574722290039,52.46327621887798,49.74049960565275,51.633161088832445,5666487
2001-11-19,50.13895034790039,52.330456164589194,50.13895034790039,50.736634213053726,4042467
2001-11-26,51.03548049926758,51.334325005481766,49.01000249026939,51.00227893188,7550307
2001-12-03,52.96133804321289,53.35979223773752,49.93971735704617,50.371378178872845,5877822
2001-12-10,49.740501403808594,52.86173237896635,49.70729477075806,52.46327811546421,4403853
2001-12-17,52.19762420654297,52.69569314948063,49.275618727984835,50.039325453813106,4465734
2001-12-24,53.72504806518555,53.79145625711719,51.79918009944618,51.998409741861394,1679880
2001-12-31,52.728919982910156,54.38915042905581,51.43393719494381,53.72505825059755,2693496
2002-01-07,51.06869125366211,53.758261626867004,50.338190846123304,52.56289870542752,5105392
2002-01-14,50.769832611083984,51.666360886236596,49.90651603000887,50.60380960703647,4902757
2002-01-21,51.99842071533203,53.39301330668509,50.13896054911371,50.76984610553349,4742709
2002-01-28,51.99842071533203,53.426214876347466,50.86946094776329,52.19764533317027,6085630
2002-02-04,50.603824615478516,52.39687663095985,50.03934724762423,52.39687663095985,4992432
2002-02-11,51.03548049926758,52.031618720072885,50.30498015066789,50.80304926107054,3743832
2002-02-18,50.70343017578125,51.86559133597685,50.238567738351236,50.80304500283642,5936647
2002-02-25,53.459415435791016,53.79146149439841,50.105748217207996,51.135093025539234,10620472
2002-03-04,54.223114013671875,55.18604540834053,52.62929216506515,53.82465981817519,6657289
2002-03-11,54.787601470947266,54.98683113930817,53.3930089922837,53.79146326238458,5167727
2002-03-18,54.521942138671875,56.5806259459472,53.65862573774684,54.98680949297207,5489854
2002-03-25,54.521942138671875,56.51421777150972,53.79144208662179,54.355919169268724,6556051
2002-04-01,55.78374099731445,56.38142494989561,53.79146453312465,54.52196489000337,6347164
2002-04-08,57.4771614074707,58.37368454393432,54.72117874850363,56.281793847772825,5884923
2002-04-15,57.776004791259766,58.30728042518369,56.51422896065539,57.5103669742978,4657545
2002-04-22,56.68025207519531,58.34048210122106,55.94975187706797,57.7760049056963,5875209
2002-04-29,55.484901428222656,58.639339156020114,55.25246512129864,56.84628730235209,6626164
2002-05-06,55.02003479003906,57.277949161618395,54.98683322180211,55.78374179218487,4032410
2002-05-13,54.455562591552734,57.01231665112449,54.123516478189615,54.85401691426417,9049815
2002-05-20,51.66636657714844,55.05323521944838,51.63315994603332,54.32273493450064,6618862
2002-05-27,50.83625030517578,53.625434990086276,50.60381402591621,51.86558998018351,10944662
2002-06-03,51.76469802856445,52.968525130044284,49.557674022105374,51.39685899332215,10648358
2002-06-10,49.99238586425781,53.06883935848201,49.490790019465926,51.93189081795246,7617333
2002-06-17,50.22646713256836,52.834766765544025,48.68824280722174,50.29334556367087,7444273
2002-06-24,52.83476638793945,53.43668246855465,48.62135892613021,50.15958834298049,9019056
2002-07-01,53.40324401855469,53.97171836791362,51.329981925452834,52.433493958030475,6971070
2002-07-08,50.661190032958984,54.172361619401684,49.490799504144746,52.93509265229762,9015608
2002-07-15,45.71210861206055,51.09590703260768,44.80923694779116,50.360234013665874,9851608
2002-07-22,44.40796661376953,46.648427712809834,40.495516307106946,45.611793944859166,10535874
2002-07-29,46.314022064208984,49.6245530083051,43.939799397535765,44.87611277745608,9635482
2002-08-05,48.587921142578125,49.08951701445093,41.29806011752733,47.4509674381682,9557554
2002-08-12,51.16279220581055,51.53063131495625,47.6850619661535,48.15321619370404,6459798
2002-08-19,51.06246566772461,52.90165078092195,50.22647243445309,50.493991289599535,5336853
2002-08-26,49.18984603881836,51.396865209716616,47.718494822388195,50.92871101960129,5100411
2002-09-02,50.69462966918945,51.764699944271804,44.474838222620896,48.9557597318709,10867843
2002-09-09,50.661190032958984,53.03541286098125,49.825196798091675,50.828388679932445,6630043
2002-09-16,47.91912841796875,51.43029965086078,47.317212328973525,51.43029965086078,7345832
2002-09-23,50.82838821411133,51.49718279587595,45.84587062096398,47.61817218064205,9182998
2002-09-30,50.4271125793457,52.16597747466844,47.85225445526226,49.39047893468333,8272369
2002-10-07,49.691429138183594,51.7312491271084,47.25032840160452,49.75830756196042,9754383
2002-10-14,50.3936653137207,53.16916355103518,48.8888776660499,49.657992373136636,8882732
2002-10-21,50.527427673339844,52.466927685766805,49.85863315802097,50.15958864891557,6200793
2002-10-28,49.18984603881836,51.76470428944865,48.220090784296616,51.76470428944865,6115061
2002-11-04,47.45097351074219,50.76150975026928,47.083139552459876,49.85863808585197,6550477
2002-11-11,48.7885627746582,49.892074856786735,46.81562079638123,47.31721673348531,4702175
2002-11-18,47.651611328125,49.89207203322858,47.41753425788984,49.02264218628407,5522982
2002-11-25,47.98601531982422,48.78856684514954,46.51466915589507,47.68505977345176,8771531
2002-12-02,47.250343322753906,48.65481107556967,45.27739603207377,47.7519393132237,8201561
2002-12-09,47.1500129699707,48.65480061794849,45.979622577099086,48.28696159633282,6816689
2002-12-16,48.721683502197266,48.82200370839899,46.41434427204596,46.61497958195175,8665264
2002-12-23,47.48441696166992,49.122961703150914,47.317218310396434,48.48760886931083,2395734
2002-12-30,49.49079895019531,50.0592733230426,46.882499066104394,47.78537072915571,4151774
2003-01-06,47.95256805419922,49.69143799738996,46.71529913500394,49.12295853769429,7163573
2003-01-13,44.20731735229492,48.62136022378401,43.93979852015979,48.15320609442051,7789813
2003-01-20,43.137245178222656,45.94618003254995,41.933415590475455,44.14043692655342,9118695
2003-01-27,43.00349426269531,43.33789155835392,39.124483592056414,42.36813633944529,9480594
2003-02-03,40.161109924316406,43.60540012942096,40.09423149363422,43.47164326805658,5852243
2003-02-10,41.39838790893555,42.43501905744303,39.32512306067158,40.39519598110592,6339164
2003-02-17,40.428627014160156,43.9063588365742,39.69295155199169,41.79965519428294,7876897
2003-02-24,40.060794830322266,40.997105675762526,39.05760299869064,40.428631325004105,18584617
2003-03-03,37.4190559387207,41.4652624944629,37.385616721152346,40.32831123839723,7528490
2003-03-10,39.72639465332031,39.927032494751515,33.540045476492146,37.41905309874009,10031042
2003-03-17,40.56239318847656,42.23437967520274,38.22161210705992,39.124483789392485,8845957
2003-03-24,39.19136428833008,41.59902648651614,36.24866944776806,40.16111701185297,7874883
2003-03-31,42.50189208984375,42.90317034065678,36.85057777202847,38.32192625584557,10059240
2003-04-07,43.170692443847656,45.0098775500883,42.70253317348775,43.40476952777873,15476330
2003-04-14,43.07036209106445,44.5417077885013,42.30124748001934,42.936600144254214,6116558
2003-04-21,41.83308792114258,44.27418587519919,41.79964871242226,43.070359053779136,3993268
2003-04-28,43.137245178222656,43.839481443053025,41.699335985115816,41.699335985115816,5531256
2003-05-05,42.63565444946289,44.00668537864078,41.79966122496362,43.30444902906231,5947190
2003-05-12,42.401573181152344,43.23756632312105,41.26462199782518,43.003489263869255,6760745
2003-05-19,41.03054428100586,42.73597241033146,40.29487130261935,41.86653746155813,11176467
2003-05-26,41.70143127441406,42.14074787970086,40.31588992530875,41.12693675914746,9403905
2003-06-02,41.937984466552734,42.85041598491543,40.75520487398454,42.00557341879529,7887417
2003-06-09,42.58006286621094,43.45870114668893,41.363490157113006,41.80280671909725,7826058
2003-06-16,44.337337493896484,45.01321155678061,42.24212893025768,42.478683820965145,10888584
2003-06-23,40.92417526245117,45.013212954191054,40.45106288809379,43.96561121810438,15922954
2003-06-30,39.70759582519531,42.00556835957228,39.09930821955005,40.65382041658691,11768896
2003-07-07,40.2820930480957,41.4648726561317,38.45723514401553,40.045538157790475,12301714
2003-07-14,39.808982849121094,41.73522287352006,39.403456869389004,40.55244327791422,7020890
2003-07-21,39.13311004638672,40.14692116076715,38.6262044891965,40.14692116076715,6689317
2003-07-28,38.99793243408203,40.55244220287459,38.89655029727291,39.64001328461185,8598141
2003-08-04,38.62620544433594,39.335872726299726,37.9165355841171,39.133111014060795,5289711
2003-08-11,39.94416046142578,40.38347968173418,38.423443653327006,38.69379433940221,5055221
2003-08-18,42.27592086791992,42.68144684061453,39.77518639352854,40.21450555271732,6649157
2003-08-25,42.782833099365234,43.526296209928475,41.66764230090328,42.07316575884303,10259506
2003-09-01,42.27592086791992,45.047005990774366,42.14074554368839,43.222145559285806,9966983
2003-09-08,42.140750885009766,43.1545620778641,41.566258907027716,42.54627690910461,5713188
2003-09-15,42.20833206176758,43.35731838411825,42.140743114420644,42.174538877221465,4388574
2003-09-22,41.22831344604492,42.20833124852807,40.31588458960645,42.005569566903375,6408231
2003-09-29,41.36349868774414,41.566260418034716,39.200700882049,41.05935480318063,7817392
2003-10-06,40.45106887817383,41.43108696055406,39.572432954688416,41.43108696055406,5689817
2003-10-13,42.106956481933594,42.7828305910441,40.14692311246619,40.14692311246619,6352994
2003-10-20,41.70143127441406,42.95179729179458,40.8565886739529,42.00557512623108,7742188
2003-10-27,42.985591888427734,43.89802089551619,41.667639451134434,41.97178073466053,6327026
2003-11-03,43.66146469116211,44.066988109294755,42.715242522767596,43.01938637549459,5276944
2003-11-10,43.32352066040039,43.89801250644562,42.613853504034346,43.25593429436728,5032193
2003-11-17,42.27592086791992,42.9855880973169,40.95796596860846,42.613857889371324,6473115
2003-11-24,41.83660125732422,43.08696711484531,41.09313831701722,42.140742492001735,16477715
2003-12-01,42.03936767578125,43.120765156636956,41.76901701643984,42.24212938115982,8082541
2003-12-08,42.03936767578125,42.37730471083053,41.19452508815805,41.90419234611054,5852795
2003-12-15,43.05318069458008,43.154560262648054,41.56625715862068,42.580068308830946,6859765
2003-12-22,43.69526290893555,43.762849289663855,42.51248319840409,42.74903810920832,2356041
2003-12-29,44.60769271850586,44.64148848771495,43.391117218124265,43.69526367147486,2504337
2004-01-05,43.59387969970703,44.60769085551417,43.32352902685643,44.371135950461216,5700003
2004-01-12,44.97941970825195,46.297372031959306,42.54627160195518,43.45870310866205,9525542
2004-01-19,44.97941970825195,47.24359672522831,44.70906905924513,45.48632524144859,9684572
2004-01-26,43.019386291503906,44.709071494182695,43.019386291503906,44.2697523101842,9179068
2004-02-02,44.30354690551758,44.77665668715527,42.91800301334882,43.255940044949995,5476324
2004-02-09,44.134578704833984,44.94562552386365,43.86422804632079,44.57389272384427,4420834
2004-02-16,46.02702331542969,46.905661672464674,44.20216538190775,44.20216538190775,6035409
2004-02-23,44.70907211303711,46.263579427112774,44.26975292295765,46.0270245267654,6494082
2004-03-01,44.50630569458008,45.689085296255,44.06698652551314,44.54010146008901,5012446
2004-03-08,43.45870590209961,44.70907193305369,42.039368770963996,44.60768978859578,5987012
2004-03-15,42.00556182861328,43.45869167269404,41.43106749521322,43.45869167269404,7092272
2004-03-22,41.633853912353516,42.47869674806082,40.620042509504756,41.53247431902207,7630517
2004-03-29,43.35732650756836,43.42491288932359,41.363497306726586,41.53246583936987,5671971
2004-04-05,43.15456008911133,44.100784856804566,42.58006813760441,43.28973800250187,6447998
2004-04-12,43.83042907714844,44.202161850001254,42.44488785459857,43.154555058513886,4121833
2004-04-19,44.03319549560547,44.43871889528712,42.98558865296056,43.89801759137172,4109179
2004-04-26,42.51247787475586,44.40492208071764,42.106951906402756,44.37113147284009,8057005
2004-05-03,42.985591888427734,43.45870685409188,42.24213140696715,42.275924596441705,7277627
2004-05-10,43.50878143310547,44.46577057584278,42.31254630847665,43.13281973643934,11742463
2004-05-17,43.337886810302734,44.397406125037264,42.65432394331112,42.791034430641126,8163646
2004-05-24,43.44042205810547,44.431588791116724,43.098640605866116,43.71384826293118,6944381
2004-05-31,43.67966842651367,43.884734158366484,42.96192532710179,43.508777709050925,4508871
2004-06-07,43.67966842651367,44.08980510539012,43.30370676202729,43.67966842651367,3631925
2004-06-14,44.978431701660156,44.978431701660156,43.064453887269096,43.577125957355626,6256719
2004-06-21,45.593631744384766,46.07212878175222,44.49993242566872,45.0467846926116,5692739
2004-06-28,44.05561447143555,46.10630259668783,43.85054878801207,45.73034623616,6899318
2004-07-05,42.21000289916992,44.67082793608747,41.86822149917664,44.08980059913296,8046234
2004-07-12,41.184661865234375,42.517609949194714,41.184661865234375,42.03911543090314,6105915
2004-07-19,40.7745246887207,41.86822419611572,40.46692088739544,41.218838972781356,5302494
2004-07-26,40.7061653137207,41.082124342319204,40.022602495328805,40.84287839891613,5128480
2004-08-02,38.92890167236328,40.945412437866196,38.75801097372041,40.33020487971781,6932371
2004-08-09,37.56178283691406,39.20233227430907,37.32253425124553,38.96308629622613,6353178
2004-08-16,38.142799377441406,39.27067891211121,37.11745529413607,37.322523589280166,8451304
2004-08-23,38.21116638183594,39.0656199895909,37.69849421718296,38.416234726180036,6332271
2004-08-30,38.279518127441406,38.41623121369932,37.08328318595886,38.41623121369932,10670829
2004-09-06,38.450408935546875,39.475753173828124,38.142805142545456,38.41623131578788,6655248
2004-09-13,38.51876449584961,38.99725899921615,38.24534092791535,38.45040925576236,6149768
2004-09-20,36.39971923828125,38.51876288329736,35.95540237355925,38.484585264684554,9794237
2004-09-27,36.70732879638672,37.014932627469776,35.85287515870353,36.39972496530366,8549803
2004-10-04,35.750335693359375,37.18581920917708,35.54526736469549,36.98074827292793,8879765
2004-10-11,35.68197250366211,36.02375384448726,35.20347810498997,35.750327728793266,7106015
2004-10-18,36.16047286987305,36.74150020212847,35.61362054823839,35.81869147264395,8588943
2004-10-25,36.53642654418945,37.219989238720274,35.30601421555092,35.68197317602593,7391274
2004-11-01,37.732666015625,38.211160483625264,36.53643114941686,36.53643114941686,6006496
2004-11-08,38.41624069213867,38.65548669643025,37.73267769977886,37.8352105840813,5278479
2004-11-15,37.903564453125,38.89473120910256,37.732673723045615,38.58712737344255,7239173
2004-11-22,37.76685333251953,37.97192169787579,37.22000348904092,37.69849807992936,5297086
2004-11-29,37.28834915161133,38.2453380872646,37.08328083899565,37.801021236943065,6489299
2004-12-06,37.28834915161133,37.561775306822284,36.80985468378469,37.014925603985446,5926329
2004-12-13,37.254173278808594,38.41623058149948,37.219995659702874,37.45924160102812,8570731
2004-12-20,38.10862350463867,38.17697873694933,36.844033453796754,37.2199924466753,5532365
2004-12-27,38.1769905090332,38.58712985212075,37.76685377353142,37.90356688789394,3706556
2005-01-03,39.544105529785156,39.71499622370399,38.176979978434446,38.176979978434446,6830913
2005-01-10,38.450408935546875,39.68082149996733,37.93773681640625,39.64664388020834,7362157
2005-01-17,37.732666015625,38.89472326431563,37.39088462527982,38.38205117879786,5810315
2005-01-24,38.79219055175781,39.031436498910764,37.254174186269616,37.59595560082255,8460630
2005-01-31,39.50993347167969,39.95425038141936,39.13397441367673,39.202329657828024,6457428
2005-02-07,39.95425796508789,40.15932634405097,39.33905022061275,39.64665409285032,5289829
2005-02-14,40.7061653137207,41.082124342319204,39.202326591741475,39.78335655192572,9196226
2005-02-21,40.36438751220703,41.150485866651586,39.85171535259157,40.84288204936522,6764494
2005-02-28,40.945411682128906,40.97958929970963,40.15931343984681,40.364381752916245,4986108
2005-03-07,41.45808792114258,41.49226554214662,40.1593174623062,40.84288031272843,7787798
2005-03-14,41.013771057128906,41.492265574312476,40.535276539945336,41.42390772466606,6075198
2005-03-21,41.49226379394531,41.73150973847876,40.501097181077014,40.87705621145182,4345873
2005-03-28,41.59479522705078,42.483428950770666,41.01376789162022,41.49226237187281,5899034
2005-04-04,41.79987335205078,42.517613892258396,40.94541970714039,41.21884330896036,7793479
2005-04-11,41.013771057128906,42.14165080423408,40.945415815067825,41.66315628705051,5584590
2005-04-18,38.51876449584961,40.979592252769564,38.108627840155584,40.535275369446644,11068654
2005-04-25,38.00608825683594,38.8947219272534,37.664306878239984,38.24533678640409,6945742
2005-05-02,39.13397216796875,39.475753584282884,38.00609245109799,38.07445029891198,5534153
2005-05-09,39.66796875,39.876017005279955,38.93979853378161,39.49459476302052,5859057
2005-05-16,40.18809127807617,40.6735389775648,39.39056986852504,39.45992105158178,5432217
2005-05-23,41.19365310668945,41.297675893263325,39.876009979607424,40.29210641685616,6561370
2005-05-30,42.199222564697266,42.47662197045011,40.812230826886655,41.1243044969894,7211731
2005-06-06,42.44194030761719,42.64998850292644,41.50571946051105,42.164540950220626,5633404
2005-06-13,41.85247039794922,42.615317363888884,41.40169971603064,42.303243725344316,7032107
2005-06-20,41.0202751159668,42.02584184800118,40.846901176584815,41.57507119289385,6003909
2005-06-27,41.5750732421875,41.60974750267776,40.465478388163525,40.63885233609135,5261228
2005-07-04,41.22832489013672,41.67909556247535,38.97446359201419,41.609747042262164,7732631
2005-07-11,43.13544845581055,43.620896148068354,41.40170858737345,41.40170858737345,11255878
2005-07-18,44.869178771972656,45.38930065244044,42.96206785573414,43.23946460469761,9751639
2005-07-25,45.146575927734375,45.73604630484385,44.62645407305782,44.83450493130969,5889731
2005-08-01,44.41841125488281,45.63202899090744,44.31438581931858,45.14657872192552,4930533
2005-08-08,44.1063346862793,45.63202871993678,43.93296072501958,44.661133478691724,5958993
2005-08-15,45.49332809448242,45.49332809448242,43.100769455121146,44.279710319830315,6536753
2005-08-22,44.0716667175293,45.49333287380887,44.0716667175293,45.31995888778753,5176962
2005-08-29,44.210357666015625,45.97877408903749,43.516861859489886,43.79426124029081,10321239
2005-09-05,45.56267547607422,45.56267547607422,44.0716609777624,44.0716609777624,5889827
2005-09-12,46.32552719116211,46.77629528322859,45.42398042512172,45.42398042512172,6692839
2005-09-19,44.38372802734375,46.776286249936675,43.65555801849041,46.08279049950943,8367120
2005-09-26,44.695804595947266,45.73604835185871,44.45308211109193,44.86917855526584,6155073
2005-10-03,44.175697326660156,45.70138911093055,43.96764904823178,44.66114507331129,6336111
2005-10-10,43.65556335449219,44.93853223688516,43.2047900034261,44.31438492702083,5584194
2005-10-17,43.13544845581055,43.89829293973204,42.754026213849805,43.65557041634168,6252569
2005-10-24,41.471046447753906,43.72490769649571,41.193649727502304,43.100763091822294,7310942
2005-10-31,42.164546966552734,42.5806460620195,41.193654368083706,41.783124779815736,6854071
2005-11-07,42.199222564697266,42.47662197045011,41.29767846421573,42.16454830034736,5684125
2005-11-14,42.89271926879883,43.48219235613249,41.95650088573757,42.23390029689187,6265630
2005-11-21,43.06608581542969,43.48218486043166,42.58064089780864,43.23945975614475,4280033
2005-11-28,43.17012023925781,43.308819949844796,42.30325035493537,43.27414568356728,6512095
2005-12-05,42.89271926879883,43.96764000291408,42.51129706256931,42.9967447093509,4891476
2005-12-12,43.239471435546875,43.58621941063699,42.2685786925808,42.85804919204317,7922730
2005-12-19,43.20479202270508,43.55153995650765,42.85804408890251,43.23946628698998,5221836
2005-12-26,43.55153274536133,44.52242521196467,42.99673667223422,43.20478486897234,5052315
2006-01-02,43.82893371582031,44.453078328978314,43.20478645718586,43.75958255070734,5577256
2006-01-09,44.938533782958984,45.978777571537165,43.690239120283756,43.690239120283756,11421384
2006-01-16,45.45864486694336,46.498888408146165,45.11189701987576,45.49331647707877,10192721
2006-01-23,46.082794189453125,46.29084504762143,44.59178243940833,45.04255048051781,6719375
2006-01-30,45.77073287963867,46.60292590652314,45.56268197744044,45.84008141672001,5887328
2006-02-06,45.77073287963867,46.498905746378256,45.181262378015994,45.80540979365646,4900747
2006-02-13,49.030147552490234,49.06482445647306,45.49332027530251,46.01344208932872,10454714
2006-02-20,52.012184143066406,53.017750920117834,48.40600815886166,48.7874276680057,11813556
2006-02-27,51.35336685180664,52.358933660021826,50.76389118048759,52.01218575498857,7507402
2006-03-06,52.35893630981445,52.35893630981445,50.93726771084872,51.17999548941854,7257828
2006-03-13,51.56142044067383,52.63634122986295,51.18000086037902,52.35894180449602,6380477
2006-03-20,50.76389694213867,52.01219165831984,50.45182590857025,51.80414077530507,6145835
2006-03-27,50.41714096069336,51.24933906913703,49.862347512683804,50.625191810542496,5372181
2006-04-03,49.411582946777344,51.110645787863945,49.37690603534544,50.41714988685654,5452646
2006-04-10,50.34779357910156,50.48649591245379,48.960801991297366,49.376898409448025,5107750
2006-04-17,51.24934005737305,51.318688578342375,49.41157515144452,50.34779341191286,5571844
2006-04-24,50.97194290161133,51.87348958632044,50.278447079820694,50.763892038692845,5276875
2006-05-01,51.769466400146484,51.8388149271426,50.659874095348165,50.97194511230744,3936639
2006-05-08,49.59271240234375,52.720811754566014,48.64373350033092,52.61536905844922,6583717
2006-05-15,47.80018997192383,49.5575498973622,46.88636066548112,49.20607791227452,9352074
2006-05-22,50.2956428527832,50.330786833219356,47.132395009539906,47.72989630732294,7067233
2006-05-29,48.924896240234375,50.260490773968115,47.55415772797714,50.08475479224095,5692082
2006-06-05,47.237831115722656,48.9951909840611,46.11312187259339,48.9951909840611,7127019
2006-06-12,47.83534240722656,49.31152376739244,46.25371837211229,47.23783570353139,10047564
2006-06-19,50.04961395263672,50.471384670857574,47.83534449716454,47.83534449716454,5427028
2006-06-26,51.912410736083984,51.94756007954428,48.92489888521143,50.049608156461964,5699169
2006-07-03,50.822853088378906,52.01785573712505,50.365938418080525,51.80697039297593,4850195
2006-07-10,51.806968688964844,52.615355330897955,50.61196607952417,50.78770207285586,7374212
2006-07-17,52.720794677734375,53.00197332195627,50.36593358806955,51.87726410810525,6113870
2006-07-24,55.39197540283203,55.74344731436514,52.65049342026664,52.93167202210028,7542327
2006-07-31,55.81376647949219,56.833033349893796,54.689056914177726,55.35685171022868,7094828
2006-08-07,54.618751525878906,55.88405298393781,53.84551412952628,55.00537290557401,6380981
2006-08-14,54.899932861328125,56.30582105425862,54.44301812601815,55.216260922560195,6148851
2006-08-21,54.79449462890625,55.70832417381827,54.0915504752934,54.61875859050304,4214983
2006-08-28,56.27067184448242,59.08244796936774,53.88066106572243,54.548455750167754,10152615
2006-09-04,54.72419738769531,56.72758701016625,54.23213866043504,56.481557646536125,5657140
2006-09-11,56.13007354736328,56.41125220103498,53.95094836672193,54.16183369773489,8151974
2006-09-18,55.70830535888672,56.692427914174665,55.07565476169901,56.05977731698695,5660840
2006-09-25,56.30581283569336,56.65728483262407,55.075660846435845,55.743460858426445,4158701
2006-10-02,56.30581283569336,56.86817017599733,55.110810191343745,56.411255507379984,4714037
2006-10-09,53.318302154541016,56.200371526644304,52.79109414636223,55.9894915411951,8312858
2006-10-16,53.14256286621094,54.16183483682785,52.40447491821614,53.283154877521994,10012485
2006-10-23,53.5291748046875,54.829619843759225,53.10740957080423,53.318289506227906,5700357
2006-10-30,53.986106872558594,54.40787224313343,53.03712808496813,53.31830678636391,4907220
2006-11-06,54.653900146484375,55.84890289193205,54.021249425878985,54.16184145436769,5242026
2006-11-13,55.251407623291016,56.16523713879466,54.689055536321014,54.79449286553919,4290767
2006-11-20,54.4781608581543,55.532576874763734,54.267275509617534,54.97021952069049,4260332
2006-11-27,52.43961715698242,54.82962763951745,52.29903051337782,54.407862345666956,6512416
2006-12-04,53.14256286621094,54.267272141515065,52.26388290690508,52.68564821476452,5966318
2006-12-11,55.321685791015625,55.32168579101563,53.072267333994745,53.564325945519116,6254484
2006-12-18,52.650508880615234,55.53257832887335,52.650508880615234,55.18110631413364,4871836
2006-12-25,53.353458404541016,53.84551713063487,52.65051430267101,52.65051430267101,1791962
2007-01-01,53.5643310546875,54.443011061247574,53.35345107093537,53.35345107093537,3389117
2007-01-08,53.24801254272461,53.74007123948855,52.40448181597568,53.529191239320106,5848034
2007-01-15,52.96682357788086,53.810359504137885,52.22873567582205,53.31829553972882,7091614
2007-01-22,56.657283782958984,57.32508378257754,52.19359057724322,53.07227055329109,12007465
2007-01-29,57.219642639160156,57.81714396620347,56.44640531221957,57.00875729406858,6509407
2007-02-05,56.93846130371094,57.2196399630033,56.05978134532034,57.11419729538906,4488589
2007-02-12,56.27067184448242,57.50082389911975,55.95434381261042,56.446407852287756,7369060
2007-02-19,57.535953521728516,58.463839196816394,56.55183105105081,56.55183105105081,6665835
2007-02-26,54.79449462890625,58.51306984508282,54.00016966601751,57.82418757784366,10840211
2007-03-05,55.581783294677734,55.82781262839658,53.78224832457737,53.78224832457737,7683280
2007-03-12,55.07566452026367,55.88405123973525,53.70492578601344,55.63802189807975,10289559
2007-03-19,56.91034698486328,57.079052047328744,55.32169200445487,55.377928812955766,5058936
2007-03-26,57.45162582397461,57.8523037615957,55.69426550755965,57.05094788635352,5751285
2007-04-02,58.42871856689453,58.4779244419367,57.23371031681056,57.634388260164805,3718683
2007-04-09,60.17201614379883,60.2423094838272,58.16862645628076,58.42871771372763,5873786
2007-04-16,61.62710189819336,62.70260540732015,60.0314213078821,60.24933224127613,11310800
2007-04-23,61.634124755859375,62.35815615458896,61.163153604088805,61.62709381482256,5894899
2007-04-30,61.69567108154297,63.09930374678139,61.42492172768827,62.180173644630806,5303284
2007-05-07,61.474796295166016,61.88804959743039,59.90016433581717,61.77404643709406,5645107
2007-05-14,61.9878044128418,62.24430610735877,60.19229798719331,61.474801023807856,5312411
2007-05-21,62.49367904663086,62.70030570638878,61.2824253153273,62.1730546577476,4812768
2007-05-28,63.68355178833008,63.85455651783417,61.70279321064868,62.49367241770413,6047020
2007-06-04,61.638675689697266,63.87593611352207,60.64829631769705,63.51968438442933,6533888
2007-06-11,64.12532043457031,64.29631976699068,61.17555612945774,61.98780975341796,8012507
2007-06-18,61.702789306640625,64.21080415432029,61.36079074121015,64.11817523937393,7606618
2007-06-25,62.557804107666016,62.6789283876421,60.455915701401075,61.33941844353527,5436736
2007-07-02,61.70991516113281,62.64329280381175,61.310915027340734,62.23003955897332,5261300
2007-07-09,60.60553741455078,63.22755014182903,60.56278895009626,61.70279330196299,8205452
2007-07-16,58.96677780151367,60.98315811762548,58.924023904755444,60.34903058139736,7478275
2007-07-23,58.78866195678711,60.420295531119,57.79115602643953,59.06653787107372,8689543
2007-07-30,58.852783203125,60.77654575748974,57.83390306395308,58.475157248741326,8158265
2007-08-06,60.99029541015625,63.32018478077535,57.84815796170512,58.06903229595848,11300676
2007-08-13,59.543914794921875,61.63155018031828,58.52503461496452,60.84779745019033,10579186
2007-08-20,60.24216842651367,60.698170196264826,58.7245326102129,60.08541679891736,5392012
2007-08-27,61.26105499267578,61.7099302529692,58.639041823723545,60.605547623459884,5847027
2007-09-03,59.16627502441406,61.631535804268545,59.06652499671819,61.517532666348224,5107520
2007-09-10,62.85706329345703,62.91406488140325,59.05941811307788,59.244670555917764,7098607
2007-09-17,65.92791748046875,66.4052932999546,61.96640159296835,62.70740554242307,9432238
2007-09-24,65.55030822753906,66.61193669741371,65.20118310796376,65.5218074412108,6588230
2007-10-01,66.15594482421875,67.61657908388833,64.70243712118311,64.95893880030528,6492274
2007-10-08,64.51005554199219,66.57631639481517,63.48404895334204,66.08468733175874,5890778
2007-10-15,65.68570709228516,65.95645649702402,63.676447204562656,64.51007509249656,5828465
2007-10-22,63.55531311035156,65.97069965770787,62.62906177697693,64.12531811240562,6746602
2007-10-29,64.40319061279297,64.94469479219653,63.370062717271544,63.94006225288084,5593900
2007-11-05,63.07080841064453,65.12994855881301,62.650433948361986,64.01843938503892,4902999
2007-11-12,66.3340835571289,66.78296430066082,61.631560920880226,62.500816175878064,6791130
2007-11-19,67.46695709228516,67.59520793770474,65.03731758627258,66.26282445673297,7018602
2007-11-26,67.63795471191406,68.25783468856406,65.00169404389655,67.61658047754166,6759520
2007-12-03,68.30770874023438,68.64970735725709,66.47657506351396,67.63795374760737,6519232
2007-12-10,68.34332275390625,70.2029570064734,67.47406776247249,67.81607177594307,5873819
2007-12-17,70.11033630371094,70.1815855571842,66.97532022716057,67.66644940138747,7633312
2007-12-24,70.35972595214844,71.22898115771764,69.19122055855497,70.11035079546156,1391350
2007-12-31,67.7875747680664,70.72309080780012,67.32444645907393,70.35971254247129,3595631
2008-01-07,61.95218276977539,69.27672398033822,61.546055955377845,67.23183679291432,10298147
2008-01-14,60.40605926513672,63.412825572132604,59.422806173889356,61.852440821352396,9852848
2008-01-21,59.05939865112305,63.76904594278018,52.90337051677574,59.608029241365486,18448724
2008-01-28,59.45841598510742,60.17804605530485,56.15240011968476,58.069036309153866,11614690
2008-02-04,57.662906646728516,59.97854294841135,56.41602556120699,59.85029210503319,7366648
2008-02-11,58.96677780151367,62.62191797015131,56.75801853991252,56.8150146756417,10625528
2008-02-18,57.1855354309082,59.85029713857788,56.55140771753187,59.458418018639435,7147962
2008-02-25,56.0882682800293,58.503654360914304,55.482641479790104,57.89090100463385,6555006
2008-03-03,54.698883056640625,56.12388984180324,53.95075775601194,55.21901292505155,8202461
2008-03-10,56.138153076171875,56.60840257336296,53.836764311340005,54.48514512476509,8183517
2008-03-17,56.71527099609375,57.28527590498703,53.97926047973326,54.478010698037615,9406820
2008-03-24,57.04301834106445,58.945406479584946,56.715267441581325,56.715267441581325,5789169
2008-03-31,58.047645568847656,59.28027325171418,54.97675804049112,56.216512278533024,6451791
2008-04-07,56.11676788330078,60.69816484658396,55.931515481926155,59.42278314060332,6191736
2008-04-14,52.725257873535156,56.87915449442084,52.33337878251945,55.582398369564594,13258524
2008-04-21,53.96915054321289,54.31766340533462,52.61865073858902,53.96915054321289,9429169
2008-04-28,56.234493255615234,56.996874041400275,54.12888068442097,54.25957437514094,5908524
2008-05-05,56.996891021728516,57.75927203463963,55.74077875673019,56.10381627916158,5875164
2008-05-12,56.524940490722656,57.83187777239199,55.68995309074019,57.22197186110866,5930650
2008-05-19,55.66817092895508,57.31636434054691,55.54473950398486,56.45233328672971,6624329
2008-05-26,56.79358673095703,57.614049477264814,55.370480412120365,55.54473685904601,4178787
2008-06-02,54.50645446777344,57.14210493821311,54.50645446777344,56.61207324717102,6423023
2008-06-09,54.30314636230469,54.75331482707983,53.366509008836694,54.50644646268305,6379137
2008-06-16,51.73284149169922,54.520966711022744,51.427891334494284,54.245060217291474,7761910
2008-06-23,48.959228515625,52.233827717676554,47.92094123397508,51.53679650992376,8534819
2008-06-30,48.43646240234375,50.42590634376731,47.739431069717526,48.95197498565546,8534488
2008-07-07,46.88991928100586,51.101150458983916,46.88991928100586,48.7341502275198,8780715
2008-07-14,47.14404296875,48.90114287826532,44.01465918648,47.40543037308422,12618346
2008-07-21,48.0225944519043,48.632500261265996,45.169119813365754,46.250972655790584,7148790
2008-07-28,48.39289855957031,49.45296736638823,46.664836560644375,47.68134264127507,5502872
2008-08-04,51.79818344116211,52.037789500292384,48.11698372543325,48.68332683051722,6193300
2008-08-11,52.03778839111328,54.52822559806623,50.179038361263395,51.91435698371182,9433300
2008-08-18,50.01204299926758,52.75661109722291,49.19884256092158,51.77640543533975,5067912
2008-08-25,49.30775451660156,51.05759233664264,48.65428592715185,50.04108625744446,5719391
2008-09-01,50.1354866027832,51.210074621477325,48.82128693815272,49.0173303123219,7820713
2008-09-08,53.62063217163086,53.64241353308667,50.999501245882016,51.13382887404627,7151580
2008-09-15,55.23979568481445,56.99689612110279,51.8127202801279,52.429883015574724,13638819
2008-09-22,52.698524475097656,55.588299853537514,50.24438744631308,55.5447371264745,9511231
2008-09-29,49.565513610839844,52.83647976739919,48.64702910156097,52.83647976739919,10445464
2008-10-06,43.03083419799805,49.300493339990595,41.54601216054999,47.202137044554625,15560543
2008-10-13,45.96780014038086,49.73612764672108,43.20508509112487,45.013009931891354,17240910
2008-10-20,45.626548767089844,48.483654617202326,42.55162099166553,46.10575811067831,9530265
2008-10-27,42.84931564331055,46.39619356618487,38.71431874360908,43.633477972088485,18557291
2008-11-03,45.321598052978516,45.74272286278554,41.95261065354705,42.91102938718682,9719629
2008-11-10,45.408729553222656,46.72292348393894,43.027201754306844,46.13480452745485,7043142
2008-11-17,43.47374725341797,46.098509997306856,42.555262681538146,45.187284957841115,8371664
2008-11-24,46.22193908691406,49.30049861849208,44.46483873781657,44.98761090751352,8765231
2008-12-01,43.593544006347656,47.0496625844939,43.593544006347656,46.098503329928185,8110539
2008-12-08,44.392215728759766,46.61400298925442,42.301119392627385,46.61400298925442,7124993
2008-12-15,46.03315734863281,46.56318901079167,43.604435521849524,45.0928887580165,6588051
2008-12-22,45.096519470214844,45.902463177262995,44.03281946609608,45.86978836142669,1895245
2008-12-29,47.22391891479492,47.22391891479492,44.29420638507218,45.21269082177459,2140499
2009-01-05,44.072750091552734,47.481668996081666,43.56449707176426,47.37276218501207,4675790
2009-01-12,39.07009506225586,44.40311382384078,38.69979527716111,43.89123241118841,10262855
2009-01-19,37.00077819824219,40.573068335647996,36.30374692207972,39.494846608901256,8659674
2009-01-26,37.82850646972656,39.09187819101194,36.75754695043133,36.8773499904187,5928562
2009-02-02,39.897823333740234,39.93412653118093,37.1459983134864,37.363820267887014,5274245
2009-02-09,38.8087043762207,40.66019483717666,37.57074532892737,39.70177618045226,6399926
2009-02-16,37.09516906738281,39.846993774901456,37.084278386363934,38.74699067589688,7553105
2009-02-23,37.26216506958008,37.75589624201772,36.303746386555495,37.45094610185355,7127802
2009-03-02,34.09285354614258,36.975369462732495,33.7443351027087,36.655897454300536,8503352
2009-03-09,37.160518646240234,37.792203119427775,33.39944993228502,34.27800001576231,7442692
2009-03-16,36.44169998168945,37.875699639819906,35.68658415448741,37.48361851027365,6532053
2009-03-23,37.494510650634766,38.11893556205029,36.06777323737921,36.64500427330632,4862417
2009-03-30,38.82686233520508,39.418615275799375,36.33279630182634,37.160521418742775,4997415
2009-04-06,38.961185455322266,39.454916690412965,37.86118224338339,39.15722604305737,3590786
2009-04-13,38.140724182128906,40.37703682344973,37.7631647971102,38.96118982206874,5342823
2009-04-20,38.84755325317383,39.54586174239669,36.812380234229146,39.06040621634606,6778806
2009-04-27,40.49436950683594,41.03957184061699,37.88038407557394,38.3210274479474,4957790
2009-05-04,42.55941390991211,43.69089562276128,40.68481149372487,41.315903119961554,7325689
2009-05-11,41.588504791259766,43.26518875520854,41.07690952875526,42.5706153298009,5579377
2009-05-18,41.771488189697266,43.1195580720261,41.0769146772335,41.106789480763105,3721582
2009-05-25,41.66691970825195,42.869353209970804,40.76696068837536,42.00300404864192,4592281
2009-06-01,41.23374557495117,42.61169000859531,40.94247341639625,42.56687781150318,4500014
2009-06-08,40.277774810791016,41.63704678277361,40.11346627054557,41.39058397240545,4063974
2009-06-15,39.88195037841797,40.54664907655526,38.87743220594193,40.277781547192305,6630336
2009-06-22,39.91181564331055,40.91633364743155,38.72431948699129,39.89314603130035,4345139
2009-06-29,40.29271697998047,41.603444697072675,39.508521957000255,39.71390480760432,4349628
2009-07-06,38.23513412475586,40.247902469555704,37.8953175355259,40.091064043757264,4252582
2009-07-13,40.203102111816406,40.755771787976244,37.87665354599762,38.089506556913754,3920980
2009-07-20,42.010475158691406,42.44365120341173,40.374868351492715,40.64373299933349,4247142
2009-07-27,45.416133880615234,46.81274825208585,41.41300117509904,42.36150486718367,5971542
2009-08-03,45.0053596496582,45.804494965186464,43.750649255198546,45.333976786627815,4606522
2009-08-10,45.214481353759766,45.759683702480444,43.92989328065356,44.736495889074135,3900109
2009-08-17,45.84183883666992,45.953865079455866,43.698368633344074,44.99042685581688,3919636
2009-08-24,51.906280517578125,53.02655995320931,45.528155580286956,45.93892413688147,7880087
2009-08-31,48.963680267333984,51.46564234565098,48.552914541099405,51.16690000963921,6454591
2009-09-07,51.47309875488281,51.57019327533276,49.23254013086608,49.51634786998408,4246780
2009-09-14,50.195987701416016,51.368546642736256,50.195987701416016,50.80840691220679,5377439
2009-09-21,50.03915023803711,51.03993050774052,49.59103958446788,50.02421568540045,3694933
2009-09-28,48.86659240722656,51.41335819453704,48.2242983662667,50.03915139864653,3933050
2009-10-05,50.83828353881836,50.89803314641373,48.17201855376403,48.74709285726994,3637140
2009-10-12,50.808406829833984,51.390951236954415,50.09142865968298,50.8233470801907,3925187
2009-10-19,51.64488220214844,52.36933046930292,50.532072911362924,51.15942664908283,3667840
2009-10-26,52.033241271972656,53.370108674908835,51.71209429028368,51.95855712000591,5360306
2009-11-02,52.339454650878906,53.45973404478623,51.3013295350343,51.83159443105282,5850728
2009-11-09,54.31114196777344,54.80406190216885,52.29463578696884,52.77262686903882,3518361
2009-11-16,53.9451904296875,55.49117578946761,53.601633062593486,54.96837531200313,3536200
2009-11-23,54.355953216552734,55.82725434303134,53.16098971470363,54.445577615954704,4608738
2009-11-30,57.6719856262207,57.82135393678762,53.8406263515891,54.21405282604219,5660950
2009-12-07,57.08944320678711,57.87363541136408,55.349274408288316,57.77654657595055,4481705
2009-12-14,54.78166580200195,57.84376192838788,54.65470216094066,57.61223932433069,4694352
2009-12-21,58.105167388916016,58.23960116079308,54.841417631589565,54.841417631589565,3025745
2009-12-28,58.25453567504883,59.240381435474355,58.202256191467036,58.32921983758906,1656949
2010-01-04,58.02299499511719,59.63619405622173,57.44791515674395,58.40388581488511,5016479
2010-01-11,57.96324920654297,59.18808740488324,57.530073193023,58.46363924041864,3779123
2010-01-18,57.5973014831543,59.91254448564738,57.16412540516824,58.71011078181052,4078507
2010-01-25,57.09690856933594,58.388966743809846,56.46208467007765,57.201467531659134,3894723
2010-02-01,54.59495544433594,58.23213175778778,54.55014608583295,56.59652179599156,4372372
2010-02-08,57.223880767822266,57.754145731261445,54.8638224761969,54.871292601889394,4451278
2010-02-15,56.76081848144531,58.03046608931618,53.69872283455334,57.55248070531525,7782354
2010-02-22,56.775753021240234,57.73919391326025,55.857127176361196,56.67119407463669,5095158
2010-03-01,59.15822219848633,60.129133324398396,57.22387576973811,57.320964603114966,6024320
2010-03-08,58.60554504394531,59.66607474138195,58.38895703001218,59.008846273541316,3357101
2010-03-15,58.77731704711914,59.36733148269787,57.73919204090854,58.71010302564014,3978255
2010-03-22,58.56074905395508,59.188102866632235,57.98566902763124,58.73252206064868,2952218
2010-03-29,58.978973388671875,59.47189333103491,57.83628938342972,58.8295993924745,2734660
2010-04-05,59.66608810424805,59.66608810424804,57.37324953032347,58.97898468425289,3610153
2010-04-12,59.860260009765625,61.943980247463024,59.845319761131556,60.263561252355636,5648125
2010-04-19,61.032833099365234,61.503348476831675,59.31506877864711,59.86027402069521,5749343
2010-04-26,59.603763580322266,63.75190295568208,59.12425638431092,62.93749852675075,5861012
2010-05-03,56.55165481567383,60.5095070415304,53.963825680184726,59.375431114113695,8402723
2010-05-10,56.924598693847656,59.550480354091256,55.189232816789726,56.429865767545955,7227732
2010-05-17,56.133033752441406,57.77706844356795,55.090289204443756,56.65059958406314,9305806
2010-05-24,57.974952697753906,58.43923991556759,54.39005075876325,56.52881246883896,5789632
2010-05-31,57.982566833496094,60.349668664941895,56.77998661035122,57.99778679527607,4775995
2010-06-07,59.6265983581543,59.86255132850414,56.703877780677786,56.993103523158396,5535016
2010-06-14,61.68926239013672,63.082118506459764,60.144171788234424,60.19745037402897,6859568
2010-06-21,61.87192153930664,64.1476862231093,61.49135861125599,62.77766316628462,5279016
2010-06-28,59.58853530883789,63.500721175944264,59.010078116348836,61.89474538847091,5696289
2010-07-05,63.02122497558594,63.173447828303985,58.97964261761725,59.755994264496266,4027347
2010-07-12,62.80811309814453,64.69570807709017,61.270641178891275,63.173456122335104,6244014
2010-07-19,63.45506286621094,64.15529723977424,61.1184067882872,62.792881300187155,4632256
2010-07-26,61.28584671020508,64.0411241899223,60.53233379599863,63.888901353068334,3936291
2010-08-02,59.70271301269531,61.96325769663317,59.1623143607293,61.58269477494476,3787288
2010-08-09,59.672264099121094,61.39241003933778,59.10141974703817,60.57799985571426,3705329
2010-08-16,57.62483596801758,60.3116092223314,57.49544597041096,59.89299349944012,5009218
2010-08-23,59.36780548095703,63.46265971722628,57.10726118930437,57.662885513597686,7970745
2010-08-30,62.38947677612305,63.35610389443927,58.150006708682355,59.54286818286289,5295404
2010-09-06,63.287620544433594,63.44745628861752,61.25541575947093,62.64066468266152,3580957
2010-09-13,62.92225646972656,63.934554983968766,62.480802196412654,63.553992156683236,4118951
2010-09-20,63.94218444824219,64.61197310746341,61.734918316201906,63.14299998092314,6619585
2010-09-27,61.9175910949707,64.03352017781856,61.5826996461071,63.93457590084769,4229263
2010-10-04,62.48843002319336,63.72906885328053,60.96617835000019,61.86430706946133,3332870
2010-10-11,63.93457794189453,63.93457794189453,61.02707712967129,62.79288905007498,3701619
2010-10-18,65.25892639160156,66.97907237629663,63.409390410751655,63.86607054976975,5241803
2010-10-25,64.20858001708984,66.65940629185013,64.08679708836478,65.58621600844667,4454912
2010-11-01,65.53292846679688,66.19510998558998,64.21618411987616,64.61196697024738,2968313
2010-11-08,64.94686126708984,66.10376984537783,63.82039260852934,65.45681412298981,2713622
2010-11-15,66.4691162109375,66.53761474427525,64.33034880595032,64.62719320453397,2800312
2010-11-22,64.4369125366211,66.91057136824416,63.55400382785434,66.59850700523658,2899283
2010-11-29,64.10963439941406,65.53293605575564,62.153541151458334,64.60436156793713,4968596
2010-12-06,65.31981658935547,66.16466670051912,63.630116367028165,64.07918361320742,3527861
2010-12-13,65.2513198852539,66.04288563743792,64.83269835646783,65.45682130406665,3818994
2010-12-20,65.8145523071289,66.1570566123219,64.9011978150654,65.35026508022239,1881075
2010-12-27,63.234344482421875,65.7080037871699,63.234344482421875,65.48727656776077,1296507
2011-01-03,63.706214904785156,65.57858912336187,63.249540673858505,63.249540673858505,3367329
2011-01-10,62.98316192626953,64.57391211085775,62.617818975757125,63.70622913618614,4482729
2011-01-17,64.48257446289062,64.91641590807164,62.91465727625898,63.02121441669441,4716235
2011-01-24,63.911720275878906,66.1798714083435,63.90410739361584,64.74134442779355,3814450
2011-01-31,67.56514739990234,68.50133486477012,63.26479046782475,63.949799170928365,5687505
2011-02-07,65.24371337890625,68.12076836510586,64.20858168556367,67.94570685224699,7148618
2011-02-14,65.35787963867188,65.98960968872197,64.16291227166364,65.81455399293645,4628156
2011-02-21,64.23902893066406,65.40355066135379,62.51888272227619,65.38071781281948,4183702
2011-02-28,62.92988586425781,64.97731627049201,62.80049586269305,64.140073185239,3699525
2011-03-07,62.13831329345703,63.774735015594054,61.88714037186474,63.0059962890219,3548169
2011-03-14,59.755985260009766,62.024136781146204,58.33267799315941,61.651186783335206,7146452
2011-03-21,62.54171371459961,63.021226747308305,60.273561787916044,60.88245902283583,4476888
2011-03-28,63.47787857055664,63.645327137914684,61.83384442587151,62.22963300452284,3546689
2011-04-04,63.561622619628906,64.16291274988177,62.800496754538635,63.35611538417401,3166497
2011-04-11,63.85085678100586,64.02591830811953,62.19160194394475,63.348516663381446,3565136
2011-04-18,65.2132568359375,65.59381972461432,62.0774165427461,63.85084099764301,3771641
2011-04-25,66.54032897949219,67.48857430132614,65.8874363275971,66.59473620632153,2887875
2011-05-02,67.31758117675781,67.95492554383138,66.22943066640354,67.14658533413801,3765485
2011-05-09,66.27606201171875,67.4186197213014,65.91852795462877,67.10771873645788,3631833
2011-05-16,66.928955078125,67.93938180249857,65.78639736162441,66.07398181208596,3787944
2011-05-23,66.85900115966797,67.11549492467854,65.82526380392122,66.40042678883987,3331501
2011-05-30,66.2138900756836,68.28137076431342,66.01180353530994,66.69578099434096,3145827
2011-06-06,65.12574768066406,66.89787590109941,64.96252596877598,66.06621902817777,3122618
2011-06-13,66.73464965820312,67.23986307304669,65.21124118740337,65.32782981082015,5076870
2011-06-20,66.97557830810547,68.39794611063782,65.40553715428587,65.4210795328637,4136592
2011-06-27,69.63377380371094,69.87472516012062,66.88231603131037,66.97558216803696,4334099
2011-07-04,69.69595336914062,70.91623470910311,69.43169141536364,69.43169141536364,4440490
2011-07-11,65.58430480957031,69.73481985193195,63.812177056854644,69.03529417850666,6502456
2011-07-18,65.77083587646484,66.33045037408995,64.42619201967639,64.89254039933468,4327500
2011-07-25,65.29673767089844,66.47038024547518,64.55057879946473,65.45218521205162,3265583
2011-08-01,59.9337158203125,66.02734970473954,59.6072724186347,65.80195254401704,6274557
2011-08-08,61.441566467285156,61.915689068159196,55.1847065245653,59.22640096847206,10217159
2011-08-15,60.64878463745117,64.1930408748591,59.3196885484232,61.98565488277347,4814067
2011-08-22,60.12802505493164,63.1437511436846,58.70565696961517,59.995894055952974,4831707
2011-08-29,57.80403518676758,61.48042122106141,56.99569516666215,60.8197604722079,7671554
2011-09-05,56.77030944824219,57.89731895562044,55.71324955596824,56.941305302866446,7602535
2011-09-12,57.516456604003906,58.44138530373095,54.29864450622935,55.61219791274021,8036752
2011-09-19,55.355716705322266,58.44916675033576,53.49809066106978,56.74699418192803,5420866
2011-09-26,57.03456497192383,59.0398700628029,54.50073592494075,54.71836483155839,6146377
2011-10-03,58.954376220703125,59.21864414696683,54.974862384723025,56.43608938012905,5266388
2011-10-10,61.01409149169922,61.527079056346324,59.241963413724925,59.45959234541389,4346757
2011-10-17,61.791324615478516,63.08932963390058,60.4700030648602,61.324976181727465,5801380
2011-10-24,62.4208984375,63.61008909016202,60.493323214736414,62.01673135206325,4231953
2011-10-31,60.49332809448242,62.6773972228077,58.85333122696821,61.977871508948546,5333955
2011-11-07,61.01409149169922,61.698068981285054,58.91552001619148,60.08916260207748,4251348
2011-11-14,59.832672119140625,61.293899117625955,59.475132112863925,61.22394357554803,3401425
2011-11-21,58.31703567504883,60.05807309286531,57.633058171964,59.53731729176856,4335310
2011-11-28,61.371620178222656,62.739580966849836,58.54243245556986,58.822242751651395,5068680
2011-12-05,62.4908561706543,62.67739437589623,60.62545632840709,61.94677800461327,3508337
2011-12-12,60.019195556640625,62.54525593575889,59.63834503678807,62.17217363982236,4132993
2011-12-19,61.931236267089844,62.35095168069278,59.71607652580438,59.71607652580438,2714124
2011-12-26,62.72403335571289,62.926119889569094,61.457118783724965,61.93124146126653,1352144
2012-01-02,63.09712219238281,64.34849451141798,62.5452756929859,62.5452756929859,2958649
2012-01-09,62.1877326965332,64.87701519185264,61.791333800448186,63.22924415572789,3697735
2012-01-16,63.00385665893555,64.31741050520411,61.57372010555569,62.016752182411885,3889577
2012-01-23,63.050472259521484,64.4262010620924,62.17217665911983,62.988290885522,3482864
2012-01-30,63.78110122680664,64.7604373977531,62.856178221415384,62.88726891747094,4445747
2012-02-06,63.252559661865234,64.48838940132966,62.95720699838065,63.50905340985973,3635508
2012-02-13,66.64912414550781,66.93670850692035,62.90278294385593,63.446855054699896,6259867
2012-02-20,66.06620788574219,66.87454808205503,65.45218006556388,66.80459254307617,3472680
2012-02-27,68.14923095703125,68.22695471483816,65.70089404148666,65.81748264316833,3919412
2012-03-05,68.77880859375,69.17520751065584,66.72687032850354,68.00933322676839,4369726
2012-03-12,69.33064270019531,69.95244457954594,68.84875187714367,69.15965281681898,4551477
2012-03-19,68.77880859375,69.54051573506483,68.13369599675582,69.2062982031527,3210225
2012-03-26,71.8877944946289,71.91888518185394,68.73216386556591,68.88761137174883,5002865
2012-04-02,71.04061889648438,72.28421714525257,70.56649613758772,71.895592321891,4123827
2012-04-09,71.61576843261719,73.68325494832624,69.0353003306432,71.04060546318587,4805719
2012-04-16,71.44477081298828,73.29462837144698,70.16230798437907,71.89557693479274,6079653
2012-04-23,72.79486083984375,74.39134554643014,70.73769798949803,72.46126882945268,7416461
2012-04-30,72.30241394042969,74.64551462106995,72.19121659936073,73.07285698912223,5141377
2012-05-07,72.87428283691406,74.16100260095762,70.72181155877087,71.49225453762287,4211762
2012-05-14,72.75513458251953,73.89094098414847,71.39693353885967,72.18325918312601,4665158
2012-05-21,72.33419799804688,73.86713996223588,70.57091691325105,72.58041985878447,4020630
2012-05-28,70.28495025634766,73.61294347905726,69.60187757493519,72.11971806795516,4237991
2012-06-04,72.54070281982422,72.80281345462765,69.68133115413525,69.88783705446427,3560676
2012-06-11,72.31036376953125,74.08158302086309,71.74643262324437,73.07286247689666,4851250
2012-06-18,70.6026840209961,73.23966108267864,70.29291909957865,73.05698231353567,4374882
2012-06-25,73.26347351074219,73.26347351074219,68.94264821760825,70.69004004191535,3842175
2012-07-02,74.14432525634766,75.05058659840503,72.89017076839876,73.23170718358064,3954647
2012-07-09,72.81073760986328,74.50253677783498,71.32545642159127,73.4382117073974,3635604
2012-07-16,76.35319519042969,77.19512575668132,72.35801689461816,72.67572619925268,3962785
2012-07-23,79.06165313720703,79.06165313720703,73.37467583372863,75.66217779258048,4447403
2012-07-30,80.0227279663086,80.0227279663086,77.26660921963777,78.8313225871576,4320900
2012-08-06,79.8638687133789,81.41269313445565,79.07753687517021,79.74472697488058,3018326
2012-08-13,79.98300170898438,80.5787043216922,79.33170042814916,79.70500836834745,1969903
2012-08-20,79.54615783691406,81.33326569918212,78.65657307505691,80.10214452569952,2539164
2012-08-27,77.6319580078125,80.49927355841857,75.88456620879383,79.4270101335753,4553067
2012-09-03,77.92584228515625,80.3404241872699,77.44133702513804,77.72727475432256,4638742
2012-09-10,77.44132995605469,78.51359331271708,76.48820831897693,77.76698358559933,4019198
2012-09-17,77.1395263671875,78.17207402291895,76.84564420266192,77.50488994319717,4987067
2012-09-24,76.45645904541016,78.44213475049705,76.38497156893033,77.266612066773,3888408
2012-10-01,77.78289031982422,78.24356854579824,76.24994840634623,76.32937422397589,3157881
2012-10-08,76.63912963867188,77.63991178398716,75.09824957661579,77.26660382169808,3113204
2012-10-15,80.2610092163086,80.89642176483089,76.36908387488079,76.48822562141652,4376745
2012-10-22,77.71932983398438,80.22128191763295,76.14667839383962,80.06243031795371,2949312
2012-10-29,79.78443145751953,79.90357318796852,76.85357882335524,77.63990454863833,2527830
2012-11-05,78.3150634765625,79.42704329464807,76.09110990019386,79.26819163197978,3930347
2012-11-12,78.33092498779297,79.50644142550807,77.95761704480223,78.60891833050935,2896135
2012-11-19,82.92180633544922,82.92180633544922,78.68040050849636,78.97428265071122,2447388
2012-11-26,82.88208770751953,84.07349291479522,81.80982423293145,82.52466856925692,2184360
2012-12-03,83.43807983398438,84.15291810531659,82.84237723467406,83.31893810216228,2360210
2012-12-10,82.52466583251953,84.51034111212876,82.36580817427077,83.08065248689009,2534910
2012-12-17,83.9146499633789,83.95435983850236,81.96868428830315,82.36581939834299,3105284
2012-12-24,83.2395248413086,84.35149834637174,83.16009296826026,83.95436322033459,769500
2012-12-31,83.9146499633789,85.38404865856614,82.76295450838283,83.04095393325142,1727123
2013-01-07,82.40552520751953,83.83521385190738,82.32609940723134,83.59693039124271,2181403
2013-01-14,86.01947021484375,87.4888689605309,82.4849639781357,82.88209910182417,2363521
2013-01-21,88.24341583251953,88.8391184678333,85.86060529126445,86.33716618755535,1986009
2013-01-28,88.87881469726562,90.94391549658188,86.89313968642323,88.16397048140252,3109740
2013-02-04,86.25773620605469,88.95825590071502,85.42375619286565,88.95825590071502,3196101
2013-02-11,87.76685333251953,90.54679891318757,85.58261037628036,87.33000231735151,3407995
2013-02-18,89.43482208251953,89.67310556317464,86.73430222756447,87.36972080277765,2667772
2013-02-25,91.49992370605469,92.05591647640541,88.5214104856779,89.43482241855358,3664397
2013-03-04,94.59757232666016,94.91528159416553,90.22908656291195,90.70564743426989,3231693
2013-03-11,95.55068969726562,96.42438554266798,93.6841502268793,94.27985276598993,3506379
2013-03-18,95.55068969726562,97.85406800065374,93.80329194666135,94.12100117948026,3625332
2013-03-25,98.251220703125,98.8072134755368,94.47843727666206,96.54354463161917,3265452
2013-04-01,96.54354858398438,103.25512958295614,96.0669815996069,98.2512247254002,3901413
2013-04-08,98.05265045166016,99.91919020640712,96.02726514600357,97.0598127352205,2731073
2013-04-15,100.3957748413086,100.6737682556953,95.55072685121974,97.57611263586735,3549544
2013-04-22,103.61254119873047,106.11449950469074,98.4895010288132,100.8723115375748,3632162
2013-04-29,107.7030258178711,109.4901334667101,104.60536528812382,104.64508121535124,3279164
2013-05-06,108.30351257324219,110.36374592863588,105.6777281058809,109.6365982177436,2536118
2013-05-13,109.07106018066406,110.76772604804417,107.93995782113805,108.10154211134304,3496634
2013-05-20,107.41480255126953,111.09090402273107,106.48568355795264,109.35385118197613,2766018
2013-05-27,105.31417083740234,111.21207743917985,105.31417083740234,108.0207415440051,2438817
2013-06-03,102.60758972167969,106.04130827535795,99.86061364592797,105.31417280699192,3095232
2013-06-10,101.2341079711914,103.41552677345058,99.05268300488649,102.24402522483838,2337933
2013-06-17,98.97189331054688,104.22346315967793,98.97189331054688,101.3956947793766,3274189
2013-06-24,102.00164031982422,103.21354099689144,97.07324546589331,98.7699051809783,3141912
2013-07-01,102.3652114868164,104.42544517247188,100.30498396520672,102.28441933844763,2633514
2013-07-08,104.74860382080078,105.798920142012,102.32480877963111,102.32480877963111,2130983
2013-07-15,103.81948852539062,105.8393229324994,99.69902756769783,105.03138916965588,2686341
2013-07-22,101.27449035644531,104.14265135799315,100.9109226488271,104.0214662314838,2021512
2013-07-29,102.76917266845703,103.81948903088573,100.14338792643073,101.31489558668513,2605644
2013-08-05,102.80956268310547,105.19296461760665,102.16321326152298,102.97114695647863,1845926
2013-08-12,104.58702087402344,105.1121852053758,101.55726932884262,103.05195168903472,2043306
2013-08-19,101.47648620605469,105.31417800174546,100.95132799207306,105.19298053231219,2606102
2013-08-26,102.00164031982422,105.03139201249226,97.75998795008896,101.35529082643679,3239543
2013-09-02,101.59767150878906,104.58702399014916,99.86061267165475,103.94067450896809,2692491
2013-09-09,100.62814331054688,102.20361153659984,100.0221930445196,101.7592455425619,2183271
2013-09-16,104.58702087402344,104.82940346325601,100.83013388923547,101.31489290365533,2674825
2013-09-23,103.13274383544922,104.86980262090752,102.2440179482982,104.66781918455295,2042767
2013-09-30,100.466552734375,103.29432063855789,100.466552734375,102.60757823749388,2201044
2013-10-07,101.43608856201172,102.08243188769521,98.9314889123458,100.1433895825536,2259750
2013-10-14,103.01155090332031,103.17313518421724,97.35601477529488,101.35528428592336,3484703
2013-10-21,103.13274383544922,105.51615208286024,102.2440179482982,103.17313682429295,2134567
2013-10-28,101.07251739501953,105.0313942575358,100.26458359303848,103.4963249650084,2576960
2013-11-04,100.06259155273438,101.79965031068608,99.01228139874965,101.1533008589684,2706201
2013-11-11,101.27449035644531,101.31488950797849,97.59839563659469,97.7599799146372,2990955
2013-11-18,100.91092681884766,102.20361958874204,99.53743574254803,100.58775208536272,2546075
2013-11-25,99.49703216552734,101.59765846357563,99.21425661533627,101.59765846357563,2564326
2013-12-02,102.44599914550781,102.76916770537544,98.81029737059059,99.57783194634393,4497157
2013-12-09,100.18378448486328,103.21353603178454,99.61823332838942,102.60758572240029,3403846
2013-12-16,101.0321273803711,101.55727943589638,99.33546141498019,100.10300224790605,4358335
2013-12-23,102.2440185546875,102.2440185546875,100.30497632137455,101.43608480447755,1011401
2013-12-30,102.2440185546875,103.77908774885013,101.31489350913698,102.48639498132329,1173934
2014-01-06,99.73942565917969,102.56719397377502,98.40633981353564,101.79965932543173,3615837
2014-01-13,101.11290740966797,102.80956700763323,97.92156548192729,99.90100681625775,3978365
2014-01-20,100.91092681884766,104.38503825268599,99.69902619131317,101.07251110356745,3403060
2014-01-27,98.56792449951172,101.35529366933042,96.34610652923584,101.11291722554597,4163573
2014-02-03,99.77982330322266,100.30498150078559,97.07324633306987,98.85069820969525,3504367
2014-02-10,99.33545684814453,108.86907801976035,98.56792221455112,103.5771092385248,8635637
2014-02-17,98.60831451416016,99.94140024150732,97.59839734856673,99.94140024150732,3755269
2014-02-24,99.17387390136719,101.47648399742889,98.6083227072628,98.68911485441404,3704111
2014-03-03,97.35601806640625,99.69902720288819,97.0328433296423,98.56791870623704,4033483
2014-03-10,94.36666107177734,98.16394709459207,93.07396218703222,97.35601337364893,3784872
2014-03-17,93.23555755615234,95.05340852432845,92.9527819716896,94.0030921659863,3732508
2014-03-24,96.9116439819336,97.11362740512565,92.54880697222096,92.91237466834872,3109728
2014-03-31,96.5884780883789,97.396411803333,95.25538622589565,97.23482136191514,3010180
2014-04-07,94.89179992675781,96.42687501691458,94.00307418952312,96.14409948652776,3273412
2014-04-14,98.04275512695312,100.54734841178121,94.85141941687226,94.85141941687226,4047028
2014-04-21,98.68911743164062,99.4970512523433,97.55800884984771,98.04276790946014,2167828
2014-04-28,102.3404541015625,102.95895000422102,99.00058000220592,101.18592715826681,3133092
2014-05-05,104.36088562011719,104.52581535647872,101.5570360603084,102.13429642923985,3441240
2014-05-12,106.38130187988281,106.91732666222379,103.53622306720354,104.11348342895508,3645447
2014-05-19,105.63910675048828,106.7936274189825,104.89690410645781,105.63910675048828,2823681
2014-05-26,105.556640625,106.54623161419295,104.89690910442732,105.63911178382114,2194041
2014-06-02,104.773193359375,106.8348460717463,104.64949293829977,105.30921803125972,2637220
2014-06-09,105.7215576171875,107.0410204993042,104.48456588395209,105.06183246779446,2498892
2014-06-16,106.66992950439453,107.08226009763405,104.5670409622068,105.30923099670548,3553198
2014-06-23,103.82484436035156,106.38129277331518,103.28881333223043,106.38129277331518,2659634
2014-06-30,104.73196411132812,105.10305910529276,102.71154684789376,103.90730297659326,2760336
2014-07-07,103.82484436035156,104.60826996876015,102.7527823041093,104.60826996876015,2589077
2014-07-14,104.81443786621094,105.06183874430414,103.24758031884056,103.86607622240788,2671693
2014-07-21,104.64950561523438,106.58745814128832,103.82484443038881,104.64950561523438,2561321
2014-07-28,102.3404541015625,106.42253083410812,101.72195819890399,105.10306787510407,3036478
2014-08-04,102.67031860351562,105.30923190637749,102.05182270831372,102.75278346454276,3498429
2014-08-11,102.54662322998047,104.60827631579296,101.59826155217353,103.20635473410682,3219021
2014-08-18,102.91771697998047,104.11347316501144,102.34045038347222,103.45374170947787,2216139
2014-08-25,103.90731811523438,106.05144241126254,103.6186879343586,104.15471900836565,3437186
2014-09-01,105.9689712524414,107.41212844848633,103.82485324807931,104.03101856180001,3619975
2014-09-08,103.70113372802734,105.92771619001485,102.05181152161737,105.80402205786604,3448953
2014-09-15,103.61868286132812,104.64950937946377,102.54662076580075,103.61868286132812,3709922
2014-09-22,102.95894622802734,104.11347312897881,101.84565490240699,103.65990696699826,3167387
2014-09-29,101.63948059082031,104.1134638912054,100.77358391901959,103.0001726643651,3480695
2014-10-06,101.43331909179688,103.04140578024467,99.9489265396411,102.25798022262448,4343411
2014-10-13,98.42330932617188,101.22715856093828,96.52659241123094,100.60866268378388,5489319
2014-10-20,98.7119369506836,100.36125924754825,97.26877994092702,98.8356373812815,4044588
2014-10-27,103.16511535644531,103.53621667322449,98.50577829576606,99.78400567856268,4409055
2014-11-03,104.48456573486328,105.59786332651885,99.28920423768697,102.83524342623615,5146267
2014-11-10,108.56663513183594,109.14390800226501,104.31963525175671,104.40210010824717,4084718
2014-11-17,111.7003402709961,112.19514195012039,107.16470435123131,107.53579931890982,3958102
2014-11-24,113.14351654052734,113.4733885775735,110.50460316081596,111.32926437843399,3430514
2014-12-01,114.71038818359375,114.71038818359375,111.65913140480728,112.97859447581399,3577189
2014-12-08,109.76240539550781,114.62790120467619,109.55624010557135,114.25680619945668,3512072
2014-12-15,113.51460266113281,114.54542910223765,105.30922670660439,109.51500361964438,5639386
2014-12-22,114.09187316894531,115.32886487262019,113.34967059674219,113.39090617019743,1174588
2014-12-29,113.30843353271484,115.78241690751936,112.73117326192649,113.80323524100781,1431626
2015-01-05,113.6383056640625,115.69995847878305,110.00978916015623,112.15391312079767,3908069
2015-01-12,120.93655395507812,122.7508185718586,113.8444755364415,113.96816967698076,5041749
2015-01-19,128.35848999023438,128.48219670022894,120.07065633709799,120.89531740374473,4856976
2015-01-26,131.16238403320312,132.1107395075343,127.4101725514297,127.82250320693595,4658903
2015-02-02,129.9665985107422,132.39934631614696,127.74000340353867,131.1211190539861,3839137
2015-02-09,128.68838500976562,134.17237705159553,125.38974015252501,128.97700888477527,5130629
2015-02-16,129.9665985107422,130.29645792786042,126.25562344317655,128.19356953957384,4405048
2015-02-23,133.80126953125,133.80126953125,129.6367282710843,130.2964596976117,3202084
2015-03-02,136.56387329101562,136.77003855106648,131.94576643254499,134.29605543045625,3281172
2015-03-09,141.63558959960938,141.63558959960938,134.62596798914836,135.78048886812604,3467807
2015-03-16,141.92420959472656,143.6972262918236,139.32651904432976,141.67680869706987,4071315
2015-03-23,141.96539306640625,142.74883112142106,136.39893104390708,142.2127938951831,3395739
2015-03-30,142.4189910888672,143.69721850471464,139.65638353418447,141.84173074783885,2419915
2015-04-06,147.57313537597656,147.57313537597656,142.13037841023743,142.41900231183004,2223207
2015-04-13,145.3877716064453,147.82051962191093,144.934205431246,146.9133872715123,3332502
2015-04-20,144.93421936035156,149.5110919620818,142.7488720107262,144.43941756106574,3453062
2015-04-27,140.56349182128906,148.06791339011792,137.9245786331652,144.72803318457693,3182465
2015-05-04,145.30056762695312,146.01262511614436,138.4313590245776,144.46285894904344,4137801
2015-05-11,141.07015991210938,144.2534559786609,138.1381790475739,143.5832863674255,2918914
2015-05-18,146.4315185546875,146.59905777852114,139.18532888646655,140.7350954673803,2767040
2015-05-25,144.0440216064453,149.1121622622941,143.8345944122567,146.1801815436535,3074631
2015-06-01,139.60415649414062,146.76656878204264,139.31096610441236,145.00738809641015,2827637
2015-06-08,138.76646423339844,143.03878443037874,136.7559681303621,139.60417307340066,3014997
2015-06-15,135.5413055419922,138.93402921770627,134.2428541620987,137.63557783781278,4096286
2015-06-22,141.2795867919922,143.16443162914703,137.80310031643103,138.64080913294427,3918527
2015-06-29,132.65118408203125,138.55702047265208,132.06477773813842,135.66692787635276,4247769
2015-07-06,137.92874145507812,138.34759583275212,128.83960912900514,129.8448570789385,3859876
2015-07-13,142.70372009277344,144.33724993552917,138.3895114714789,140.52567178081662,3033812
2015-07-20,141.9078826904297,145.42627029992377,140.6932073406869,143.24822204475348,2426893
2015-07-27,142.70372009277344,144.8398676196874,138.97590516087536,141.27960469826579,3312016
2015-08-03,148.23257446289062,149.90799211781433,142.07542225049937,142.07542225049937,2981681
2015-08-10,139.26910400390625,149.6985772059096,137.46803498990778,148.81898030834762,3579425
2015-08-17,129.17466735839844,141.69840873983605,129.17466735839844,140.48373379063523,2917197
2015-08-24,128.0019073486328,129.04904334987748,117.61431054683256,125.06992654514774,7066151
2015-08-31,122.09605407714844,128.63018508510277,121.46777249527632,126.66156434893487,4616292
2015-09-07,121.71908569335938,126.45213508640148,120.9651401379934,123.35261522302038,3080677
2015-09-14,122.93378448486328,126.95478987288018,120.58819694331811,121.80287232552537,4148060
2015-09-21,127.24796295166016,127.7505933499402,119.24785405306052,123.18508289818084,4337219
2015-09-28,130.30563354492188,131.7297362451412,122.97568001776776,126.78725840837281,4886975
2015-10-05,137.38424682617188,137.84498923481726,131.8553634872717,132.73496030697248,4218546
2015-10-12,139.1015625,140.10681060254709,136.16958141115745,137.97065039562005,3552889
2015-10-19,145.42625427246094,146.89224468737518,138.13817741237827,138.89212300950166,3824585
2015-10-26,139.1015625,146.18020000086378,137.97065039562005,144.5885582370328,4794371
2015-11-02,139.89736938476562,141.9078653887037,137.3423549922122,137.92874859482563,3675670
2015-11-09,138.9758758544922,143.20630757846087,136.71406479667775,140.10678777460993,3153187
2015-11-16,141.3633575439453,143.24820231119793,137.1748136167173,137.84498320155814,2989229
2015-11-23,141.3633575439453,143.1644263196847,136.2533288397585,140.73507595486112,2316705
2015-11-30,133.40512084960938,143.96025640342611,132.14855770188936,140.77696053938448,4174699
2015-12-07,129.38409423828125,138.0962715850753,128.75581277116518,134.66166111853988,3270356
2015-12-14,132.1485595703125,136.8816090473424,127.3317341026149,129.38411804975829,4447523
2015-12-21,131.2689971923828,133.69836095163808,127.75062196363967,131.7716277032425,1782066
2015-12-28,131.81349182128906,132.86062787712257,129.67733171090424,131.52028861268667,1139312
2016-01-04,125.32125091552734,128.63019836519322,123.64583319089421,127.79248950287665,4603790
2016-01-11,122.13795471191406,128.42077118081477,121.00704263454281,125.23747494675384,4244841
2016-01-18,126.0751953125,126.70347701671513,119.49917502874553,121.71911138642666,4320749
2016-01-25,131.9810333251953,131.9810333251953,124.65108080709808,126.87100417103841,3116213
2016-02-01,128.3369903564453,132.56742250960272,127.70870873317705,132.52553451156703,3539900
2016-02-08,125.781982421875,129.0071667024043,122.4730349233304,129.0071667024043,5685522
2016-02-15,129.55166625976562,131.26897192853014,126.28460691522625,127.37363095754684,5178986
2016-02-22,131.2270965576172,134.36850499211894,128.25324013222777,130.22184841506137,3450496
2016-02-29,130.43124389648438,133.19568520245338,127.206073024871,129.92862633875762,4245666
2016-03-07,130.8920135498047,135.87637886929662,126.66158111539036,129.9286534430474,3487385
2016-03-14,133.2376251220703,133.3213883564601,127.96005562334575,131.89728554757897,4440553
2016-03-21,131.2689971923828,132.6512247060345,127.41554347801647,132.39990945060464,3370025
2016-03-28,129.59356689453125,135.2899900862255,126.74536168989597,131.2689847284164,3351023
2016-04-04,129.59356689453125,131.47841195765204,128.37889152144925,129.3841396652956,2668268
2016-04-11,132.90249633789062,134.20094753760748,127.080422719881,129.00715552116196,2680172
2016-04-18,136.92349243164062,141.94974492432186,131.05953119017917,131.05953119017917,3984300
2016-04-25,135.2632598876953,141.66574943453384,134.83642725123943,139.2754840652011,3467601
2016-05-02,134.66567993164062,136.3303244001012,132.87297787274665,135.0071407876696,2621770
2016-05-09,136.20228576660156,139.3608444130502,133.51323256116362,135.73276729969362,2197674
2016-05-16,137.14129638671875,137.65350066933513,133.7266359049988,135.04981944684448,2562173
2016-05-23,142.47671508789062,142.5194009525962,135.43397726607782,137.31205110594556,2329819
2016-05-30,143.50112915039062,145.03771613057714,141.53769653294415,142.0072150106223,2700901
2016-06-06,139.4888916015625,145.0804013922872,138.97670028560069,142.81819377185312,2482096
2016-06-13,137.7388916015625,140.04378514299745,134.96447957323025,138.33645466402373,3852627
2016-06-20,140.25717163085938,147.42795290751118,132.48881439290736,139.87302495994857,4638089
2016-06-27,147.21453857421875,148.40967748660225,138.2937412065088,138.67788788245895,4170592
2016-07-04,147.5133514404297,148.75116339434229,145.0804003725449,147.68408187788359,2812465
2016-07-11,148.87921142578125,149.34872990911376,146.70237550233568,147.89750161818415,2264731
2016-07-18,149.0072479248047,149.39139462007714,146.57429714491937,148.7511457859911,1949274
2016-07-25,145.3365020751953,151.86703572460283,141.79379666228223,149.39141182472352,3082258
2016-08-01,146.78773498535156,147.21456760410857,143.1596577259171,145.8913838807823,2381616
2016-08-08,150.03163146972656,150.501149849064,145.6779345353538,146.8303875550098,1496904
2016-08-15,146.57432556152344,151.31217045747306,145.8060320220282,150.3731334417359,1807431
2016-08-22,146.2328643798828,148.1109253818505,144.18405990200117,146.83042746788638,1877829
2016-08-29,149.0072479248047,149.09260662047865,143.20232255724537,145.80600375437447,2160670
2016-09-05,142.69015502929688,149.8609516334282,142.2206495174299,149.391433095662,2319870
2016-09-12,140.5133056640625,144.0986971166323,139.9584154348244,140.94013828998504,3231674
2016-09-19,144.26942443847656,145.33650598018127,141.1535515470579,141.23891025485565,2149674
2016-09-26,143.50112915039062,145.03771613057714,140.72671717653515,143.50112915039062,2207499
2016-10-03,139.36085510253906,145.67797287998246,139.27548336531757,142.9889324941825,2481888
2016-10-10,143.33038330078125,144.56820827385857,137.1839964045896,139.5742615936356,2976980
2016-10-17,142.73281860351562,144.7816228957338,141.70842297035514,142.73281860351562,2561191
2016-10-24,141.7084197998047,143.6291664537177,140.08646116908133,143.0742892973905,2038802
2016-10-31,140.94012451171875,145.12307862647614,137.52546383815462,141.15354080381653,3449844
2016-11-07,134.15347290039062,142.51939396236497,133.59859576412504,141.87914510087555,4003614
2016-11-14,136.07420349121094,136.7998239926375,133.6412659190473,135.30591015808452,3093347
2016-11-21,138.1657257080078,138.50718659711762,135.22057017936922,136.71448436454614,2595701
2016-11-28,135.60472106933594,140.00109160133613,133.8973906839538,138.25107535114,3001766
2016-12-05,142.73281860351562,143.7572142366761,135.2632481156204,135.6900807149287,3181196
2016-12-12,144.35476684570312,145.1230601892884,141.19619570322018,142.4766932931257,3958025
2016-12-19,147.2999267578125,147.76944520352473,143.92795196280116,144.3974573826167,2095925
2016-12-26,148.02552795410156,148.02552795410156,146.31819769845612,147.29992041098993,1214645
2017-01-02,145.3365020751953,148.5377466142965,143.79990209124725,147.38529336986113,2373379
2017-01-09,146.3608856201172,147.98285720134797,144.6108694782692,145.7206367652384,2644941
2017-01-16,145.165771484375,146.61699973538273,144.18404867788644,145.12308561871944,3015511
2017-01-23,146.2328643798828,147.47067642486846,144.14138705892108,144.86699472796172,2495595
2017-01-30,146.01943969726562,147.12920709764956,143.2023418427211,145.63529295025901,2932854
2017-02-06,145.2084503173828,148.53773926291709,144.39745798689663,146.01942962197228,2763097
2017-02-13,150.3304443359375,150.3304443359375,145.4218695206503,145.89137495182973,4385849
2017-02-20,149.86093139648438,151.3121596596912,146.7023726998819,149.39141292212108,3598493
2017-02-27,150.6292266845703,151.31216147128455,148.40970491012106,150.6292266845703,3072406
2017-03-06,151.39752197265625,151.90971325527093,148.452366737561,150.28775465481277,3035993
2017-03-13,151.48287963867188,151.95239808061714,150.3731123284094,151.2694633492328,2766058
2017-03-20,151.82435607910156,153.31827013038242,150.45848659328607,150.71458875011356,2509216
2017-03-27,153.7877960205078,153.7877960205078,150.54387835531324,150.75729467675492,2641288
2017-04-03,154.25729370117188,154.2999795648754,151.7816699171287,153.65973068701285,2219362
2017-04-10,154.5560760498047,155.45242705110024,152.7206881850764,153.2755783410671,2071724
2017-04-17,154.34266662597656,156.22072741043078,153.06216886031729,154.55608292025312,3376342
2017-04-24,158.9152069091797,162.0005064761117,158.52410064390813,160.78376973941477,4131206
2017-05-01,163.8690643310547,164.17324185065956,158.87173150340732,158.91518922376068,2087913
2017-05-08,165.1726837158203,165.1726837158203,162.69574002118674,163.99939180542933,2854759
2017-05-15,162.60885620117188,166.04180363462314,160.52300515424332,165.1292446304315,3433006
2017-05-22,164.34707641601562,164.8250715663142,162.2177674238799,162.47850049041025,2145081
2017-05-29,167.64964294433594,168.04074915593006,162.82614112330458,163.95596225455955,2685413
2017-06-05,165.1726837158203,167.69307186078328,163.5648412106818,167.25852126603576,2483140
2017-06-12,165.99835205078125,165.99835205078125,162.1743115489493,164.6077846347876,3651362
2017-06-19,163.47799682617188,167.82350430946792,162.91307289648154,167.08476273273303,2284125
2017-06-26,158.52407836914062,171.34332307411478,158.35026075424133,166.86745649864653,4033021
2017-07-03,155.87335205078125,159.3932023522662,154.43932668588383,159.21938471267023,2799474
2017-07-10,160.0449981689453,160.6533796845892,154.96076355007855,156.30787320960906,2182223
2017-07-17,157.22044372558594,161.87014169080885,156.30789783124246,159.91466346904068,2848098
2017-07-24,153.00531005859375,158.5240962058509,151.31056491512794,158.08954548899118,3428621
2017-07-31,153.43983459472656,154.13511827535618,151.00634834323952,152.78800863065504,3043693
2017-08-07,150.87599182128906,154.1785661704575,149.9634327989416,153.43983801822074,2542476
2017-08-14,152.4403839111328,154.26550219947535,150.70218106944859,151.22364722652796,2114004
2017-08-21,154.74349975585938,156.7858799944124,150.96290353637107,151.7016449967327,2643041
2017-08-28,154.65658569335938,155.35186943964186,152.35347237407274,153.8743997671881,2269214
2017-09-04,155.2215118408203,155.56914708839932,152.39693235457844,153.744028885023,2096551
2017-09-11,155.4822235107422,157.26388389959354,154.91731294762457,155.82987200156637,3133623
2017-09-18,157.26388549804688,163.82560329559493,153.09219639579266,155.6560559689824,3073162
2017-09-25,156.35134887695312,158.74137791530333,153.26604927295892,157.35082352257936,3458476
2017-10-02,157.090087890625,158.82829079951156,155.74297798395074,156.4382617997925,1922044
2017-10-09,163.8256072998047,164.08634036158728,156.91625410045523,157.13352944170165,2299058
2017-10-16,161.26174926757812,165.08578969249697,160.82719861649946,163.56486241372167,2609536
2017-10-23,165.30308532714844,166.4763775337847,158.611007130636,161.08795145067478,2809073
2017-10-30,167.388916015625,169.43129611780424,163.8255953740043,165.1292473265826,2475413
2017-11-06,161.82669067382812,167.910400949246,160.00158554806433,166.95439729139903,3059366
2017-11-13,161.13140869140625,162.78270945620946,159.00211272292674,161.91360797834548,2629883
2017-11-20,162.69577026367188,164.3470707875213,160.65339004557242,160.87066538333414,1861747
2017-11-27,160.43614196777344,163.86909023541918,159.9581334911917,162.26124715821774,2769371
2017-12-04,163.7386932373047,164.7381677723138,160.00156794554954,161.34866446347152,2627502
2017-12-11,162.73924255371094,165.7376398309849,161.21831505320895,165.12927148307116,3161831
2017-12-18,162.34814453125,165.8245501389366,161.04449242836753,163.91252970699597,2177512
2017-12-25,160.7402801513672,163.56485933012834,160.7402801513672,162.3481228346199,847181
2018-01-01,162.43505859375,162.56543177043366,157.6550005336067,160.74031338835002,1899260
2018-01-08,159.95809936523438,164.12978832136324,159.5670064265359,162.08739493053375,2592195
2018-01-15,161.4790496826172,161.65286731776854,158.13300384485262,159.87120671923722,2255164
2018-01-22,158.69789123535156,162.4784736607423,157.22040852279747,161.0444619237721,2529014
2018-01-29,157.003173828125,160.34921976187672,155.87335253651253,158.56755911223536,2904589
2018-02-05,149.7896270751953,155.82987897066482,148.0079666066637,155.65606134819615,5278714
2018-02-12,153.65713500976562,154.22204563297632,150.2676314861953,151.2236483608669,4235383
2018-02-19,155.3084259033203,155.39534135258154,149.7896396725594,153.83095609592903,2491832
2018-02-26,148.7032470703125,157.82881129322456,148.35559857162673,156.43824382135,3008171
2018-03-05,157.87228393554688,158.91521635635675,148.18180740677522,148.7901758112899,2781476
2018-03-12,156.48170471191406,158.91519120628345,154.65658652577838,158.87173348538795,3244857
2018-03-19,152.91836547851562,158.35024840444638,152.44035712874714,155.8733177470817,2876358
2018-03-26,159.3497314453125,160.34919265321165,150.7890781860825,153.35292441361676,2648676
2018-04-02,165.34652709960938,166.17217070616428,158.21989888610483,159.34973326101704,3100156
2018-04-09,166.12869262695312,168.56217869126297,163.65176211086003,165.30304912158877,2851219
2018-04-16,166.34600830078125,168.47531741219248,164.34708562209093,165.99837303355739,2818808
2018-04-23,174.34373474121094,174.34373474121094,166.81746866077938,168.23418297435268,3756061
2018-04-30,176.2031707763672,176.46880639929338,171.7759554302273,172.6613984994553,3553323
2018-05-07,177.354248046875,178.6824126400706,174.65364400521952,175.58336192261422,1864245
2018-05-14,181.25018310546875,182.75543353410234,176.86724286796957,177.0886036224977,2578428
2018-05-21,183.37525939941406,186.12012472309448,180.45329465870577,181.42727389841613,3191662
2018-05-28,183.109619140625,185.76594819921013,181.0730974935521,184.1721480619014,3136956
2018-06-04,182.48983764648438,186.65141772714142,178.85951534652108,183.8180023644041,2542258
2018-06-11,187.97955322265625,189.8389754322128,181.9585380685938,183.2867025800434,3364548
2018-06-18,185.5888671875,188.06809689887348,182.48981653749453,187.80247479464677,2715883
2018-06-25,187.2711944580078,187.71391595790854,182.13562235700178,184.70341516289878,2519936
2018-07-02,182.22418212890625,188.06809814399057,181.161653172599,185.7659543237896,2939856
2018-07-09,186.6514129638672,187.00558480862472,181.42729043355988,182.57836919520656,2467117
2018-07-16,187.6253662109375,188.7764448125752,183.90650831477484,184.5263157123373,2330621
2018-07-23,182.40127563476562,187.359762318473,177.79697429177403,187.359762318473,3171663
2018-07-30,187.80245971679688,188.15663150119,181.07308772702754,181.95853069879786,2286562
2018-08-06,181.95855712890625,190.2817168681998,181.60438529306845,188.06810911723986,2198275
2018-08-13,180.09910583496094,185.67739959320238,177.70841237022555,182.31271339689894,2393592
2018-08-20,182.9325408935547,184.08360605847645,179.39076866723835,180.5418338321601,1758823
2018-08-27,183.0210723876953,186.4743083260524,182.1356293538789,183.99506512920874,1973759
2018-09-03,176.38026428222656,184.17216632907616,174.65365292504939,182.31273039932253,2285294
2018-09-10,178.7709503173828,181.69291514872143,175.53908851821058,176.5130812989198,2147675
2018-09-17,182.48983764648438,182.84400950028024,176.33599697815757,178.94806506536514,3148402
2018-09-24,183.906494140625,185.5002941192244,178.32820097092053,181.78143650968374,2234568
2018-10-01,178.32821655273438,184.70341702417895,176.77869128746707,183.286702805905,2241064
2018-10-08,162.9215087890625,178.68239658059673,162.9215087890625,177.79695359804748,3337041
2018-10-15,169.38526916503906,171.0233308074222,161.15064556322199,162.47881022445733,3327736
2018-10-22,167.43728637695312,171.68740221384653,165.2679400930024,171.1561444896292,2893562
2018-10-29,178.06260681152344,178.77095045901237,162.9657997633045,167.4372899697209,3702836
2018-11-05,182.04708862304688,182.93253163481114,177.44277415324223,177.88549565912436,2377858
2018-11-12,183.81796264648438,186.20865592001988,181.1616337846033,182.31269881612195,2773090
2018-11-19,182.7554473876953,185.23469072850446,178.5938675892599,184.1721617283832,2293856
2018-11-26,184.08360290527344,186.3857602172605,181.3387375833689,182.66690214548714,2632038
2018-12-03,182.40127563476562,189.75045594745043,178.859503292343,187.80248386127585,3134382
2018-12-10,180.89602661132812,187.62538601199935,180.01058351828277,182.8439987138701,3111258
2018-12-17,177.70840454101562,181.78144767985287,175.36198603305164,180.7189187990916,3397677
2018-12-24,175.40626525878906,177.53132307330642,171.06758641386634,176.0260726621243,1136727
2018-12-31,177.08859252929688,178.23967108289477,173.54682067871093,175.3619814542937,1521309
2019-01-07,175.2734375,177.7969554305902,172.70565822845631,177.7969554305902,2377278
2019-01-14,176.91152954101562,177.5313369929479,172.26295338533993,173.81247877056518,2208477
2019-01-21,177.619873046875,178.94803756065286,174.03382615751715,176.24743368048027,2018465
2019-01-28,187.53683471679688,187.89100652119666,175.71616497161548,176.4687969444504,2636284
2019-02-04,193.7349090576172,194.70888814031812,186.29718059746222,187.53680876288126,3227610
2019-02-11,196.39129638671875,200.11015497164433,193.11515938358886,193.11515938358886,3088899
2019-02-18,199.31321716308594,200.72991780301078,196.125617079377,196.125617079377,1767064
2019-02-25,197.80796813964844,199.84448981741542,193.46930268288313,199.13613268895884,2092171
2019-03-04,202.8550262451172,203.5633699396395,197.2767318306194,198.33926088319282,2089486
2019-03-11,209.05311584472656,210.02709512277005,199.31324199955708,200.99557844122523,2720217
2019-03-18,207.81346130371094,210.55833990111577,207.10510422914314,208.25618278646735,2081501
2019-03-25,212.32923889160156,212.7719604015879,206.75094516361614,207.19366667360248,2009781
2019-04-01,212.50631713867188,214.0115675162466,210.29270966847739,213.6573957253306,2263432
2019-04-08,212.77195739746094,214.71992931173972,211.08960757679301,213.03759300185988,1778244
2019-04-15,215.33975219726562,217.64190958652574,210.02709377047063,212.0636155362332,2567333
2019-04-22,217.6267547607422,220.95549254291805,215.01775816528163,218.7963101657505,1933965
2019-04-29,217.0869598388672,220.59561217069634,214.118092781657,214.56792070766886,2008273
2019-05-06,211.4191131591797,217.26687586358253,211.23918474457585,214.56790846155045,2005862
2019-05-13,219.1561737060547,220.32571534576445,209.7097871450637,212.22881257920073,2368695
2019-05-20,218.79629516601562,219.60599364981633,214.74784392998782,218.61636674550167,2197831
2019-05-27,216.27728271484375,221.04546194744447,214.38801347543153,220.1458060064881,2051007
2019-06-03,220.5056610107422,221.67520266907002,214.2080698698293,215.9174105455848,2080290
2019-06-10,223.11465454101562,223.47451139598587,219.33610265319152,220.5056580233335,1715094
2019-06-17,229.68215942382812,231.48145753853635,222.30498361565063,222.39494097117307,3020788
2019-06-24,225.36380004882812,231.031621163737,221.4952769830968,229.77210841101487,2227183
2019-07-01,227.34303283691406,231.93126948148398,223.83438047767478,226.71327648110946,1728050
2019-07-08,226.26345825195312,230.04201027643393,225.00394548634603,227.79287053237874,1573579
2019-07-15,223.11465454101562,228.2426902264668,222.84475503595837,225.90359321384193,1753497
2019-07-22,224.1042938232422,226.53336204718786,221.31535499685208,223.38456634601314,2125121
2019-07-29,213.7582244873047,227.43298996038783,211.68901339290372,223.3845388430348,3106905
2019-08-05,209.3498992919922,214.927762436588,205.1215198304917,212.3187661403335,3407042
2019-08-12,209.8897247314453,211.8689649707784,203.68209076959104,210.7893806336567,2780077
2019-08-19,212.4087677001953,217.2669041656299,209.9796857398181,210.78938430249713,2328576
2019-08-26,223.6544647216797,225.9036044967261,210.06965498933542,212.31879476438183,3010994
2019-09-02,225.99356079101562,229.95205501312424,222.30497981383817,222.75480776673737,2307610
2019-09-09,219.8759002685547,226.8932191553511,219.33611495582258,225.99356323980436,2943160
2019-09-16,224.0143280029297,224.28422752918814,217.17693740012962,219.24614879789755,2745080
2019-09-23,227.97280883789062,228.33267944911807,220.2357760199129,222.21501633485323,2034449
2019-09-30,221.3153533935547,232.92090911703087,215.37761890900518,227.5229736684076,2962640
2019-10-07,218.79629516601562,225.54371389272865,216.9070261591311,221.94509057181503,2196754
2019-10-14,216.5471649169922,223.02468442808757,215.4675806197528,218.34647665494418,2385932
2019-10-21,218.8862762451172,218.8862762451172,211.8689577030512,216.36723705980387,2212535
2019-10-28,234.2703857421875,239.8482631822495,216.36723921504193,218.616378915822,3029745
2019-11-04,237.77903747558594,238.85863551086982,232.74098652511054,234.27038504389108,2172614
2019-11-11,235.260009765625,238.2288631514769,233.73058380605386,237.4191783603644,1678952
2019-11-18,229.77207946777344,236.339583099144,229.32225158022678,234.63021516221434,1835472
2019-11-25,232.74098205566406,234.09046584619483,228.51258852987385,230.31190025058152,1800047
2019-12-02,230.94168090820312,233.64064861283197,223.38456309864657,232.02125151686312,2338176
2019-12-09,230.58180236816406,232.74099855029246,225.09390946766766,229.9520596944766,2076687
2019-12-16,238.13890075683594,238.7686433423629,229.50219960337296,231.84131016966944,2963862
2019-12-23,239.39840698242188,240.74789064359078,236.78941072855847,238.048923321253,647566
2019-12-30,237.41917419433594,239.9382270567616,234.45032086057893,239.21848590093236,970340
2020-01-06,237.41917419433594,238.22885897124075,231.93126799815323,235.080063484697,1909951
2020-01-13,247.6752471923828,248.48495943036426,233.46069559130166,236.6994621772735,2241578
2020-01-20,243.35691833496094,247.31539876136046,239.57835261343655,245.9659149258616,1977274
2020-01-27,226.62330627441406,238.49877464163183,226.62330627441406,238.49877464163183,3263800
2020-02-03,243.53688049316406,250.55418603185598,226.98320251514528,226.98320251514528,3091663
2020-02-10,241.28775024414062,245.9659449721496,239.30849606150306,243.35694806254352,2213622
2020-02-17,239.3084716796875,245.9659199120435,236.78944611781858,242.0974104873192,2279494
2020-02-24,216.8170928955078,234.9001837276498,211.59908542468955,232.65104375985408,5814708
2020-03-02,228.24269104003906,236.69946443857526,215.4675804558306,221.49527202785228,5714437
2020-03-09,194.32568359375,222.1250467279029,189.01771902368853,213.03852994460613,9954649
2020-03-16,204.22189331054688,219.06621595206238,176.33255986285104,185.59901856035935,7058582
2020-03-23,215.9174041748047,229.7720987849578,192.43638097973113,196.03500438264456,4885168
2020-03-30,212.58868408203125,221.58524275052466,206.02119350849924,214.74785267140604,3466802
2020-04-06,220.23574829101562,224.28419949589585,209.79973524959436,217.35685240196582,2513179
2020-04-13,222.75479125976562,231.03160850657545,212.6786348793775,220.23575216466858,2686561
2020-04-20,218.8862762451172,230.31190306573717,217.35686400935313,223.11465609493288,2300853
2020-04-27,238.67868041992188,238.67868041992188,218.34646692381327,221.04543441045536,2433594
2020-05-04,228.06275939941406,231.66138282189004,218.61637291541467,229.41224318284256,2589585
2020-05-11,218.3464813232422,231.9312769986304,215.10772836227878,228.692524037667,2125255
2020-05-18,223.2046356201172,228.96242792359558,218.97624188262245,223.2046356201172,2525703
2020-05-25,235.61985778808594,237.05931261571538,220.23575124013183,225.0938872599787,3213725
2020-06-01,242.63717651367188,245.4260874865635,231.6613649402039,237.50912755034497,3495804
2020-06-08,236.9693603515625,243.62680857058,234.63024950290247,241.19775409549874,3192622
2020-06-15,251.1839141845703,254.6925663671801,229.50220358183472,233.91051157820687,3386525
2020-06-22,256.49188232421875,258.38116505607354,247.13546719422004,249.2946356926325,2329517
2020-06-29,263.965576171875,270.8928549969562,255.57991846526141,258.405522332681,2433890
2020-07-06,263.0540771484375,268.8875645101511,256.217952626993,268.8875645101511,2122802
2020-07-13,264.6036376953125,268.79646718064794,257.3117700047353,264.785945514084,2638996
2020-07-20,259.6816101074219,266.7000432790814,258.22323113218886,264.603614809601,2107434
2020-07-27,257.94976806640625,265.6973759411923,254.7595765885532,258.67894356341066,2733188
2020-08-03,253.0277557373047,261.13995109822054,251.0224814610058,257.9497597235477,2533432
2020-08-10,253.84808349609375,258.49665360451684,250.7490460292321,253.75692960842642,2009042
2020-08-17,249.65528869628906,258.31438068411546,248.1969097456127,254.85075501549085,1924874
2020-08-24,252.66319274902344,257.6763511145496,250.74907217347885,251.4782477183225,1647410
2020-08-31,249.65528869628906,260.1373474183947,248.4703714455135,254.03042554831816,2182529
2020-09-07,257.2206115722656,259.0435782657154,249.56412920676527,250.2021786759784,1899166
2020-09-14,252.11627197265625,259.1346762928504,250.2021515885083,258.2231930448048,2458136
2020-09-21,246.73855590820312,254.94190612259277,245.46245695517533,251.56940657461564,2470886
2020-09-28,256.3091125488281,258.3143590992168,249.01724622102378,249.1083722971113,2362398
2020-10-05,257.4029235839844,258.04097313259865,252.11633064160344,257.4940774932532,1622728
2020-10-12,265.60626220703125,267.70269075633695,256.30914804141395,257.9498070658563,2033151
2020-10-19,263.0540771484375,268.8875645101511,253.3923489282102,267.3380318254523,1788011
2020-10-26,253.1189727783203,262.7806753848996,250.7491101740342,261.4134501689193,2887325
2020-11-02,270.7105407714844,276.2705944785284,252.29856693930924,254.57727519496146,2618039
2020-11-09,286.38812255859375,292.95078697103196,272.8981502698674,273.71847984438864,3417909
2020-11-16,284.47393798828125,292.49497974655765,282.3775097490924,288.0287172262387,2495756
2020-11-23,281.92181396484375,285.6589015936469,269.43450765508396,285.47662159728253,2729813
2020-11-30,279.1873474121094,282.1952592477301,275.99715559074093,281.466055855944,2383705
2020-12-07,275.72369384765625,279.3696269894435,272.7158101321868,279.09619313031436,1852597
2020-12-14,278.36700439453125,283.7447504971296,275.08565883177613,276.81749941785785,2750305
2020-12-21,275.5413818359375,278.00239779538504,268.15838959011876,276.2705851428629,1267505
2020-12-28,283.2890319824219,286.2969439175466,274.53881352164547,276.9998020326391,868550
2021-01-04,279.1873474121094,288.1199012017001,275.81487560499323,286.934956121147,1799365
2021-01-11,271.98663330078125,279.460808095803,269.06990319307073,278.64047862226766,1892924
2021-01-18,270.072509765625,272.3512181767972,266.7911919065489,270.3459714647245,1804186
2021-01-25,264.42132568359375,276.088301449678,264.42132568359375,270.43712136333835,2313973
2021-02-01,278.54931640625,279.5519536512021,266.5177250993531,267.3380545483996,2285914
2021-02-08,290.1251220703125,291.1277592594416,279.7342180562992,282.10408018980536,2141166
2021-02-15,288.1199035644531,291.6746832027334,283.56248663941045,290.7631998177248,2025456
2021-02-22,275.9971618652344,286.8438365574865,275.45029407929377,286.8438365574865,1767000
2021-03-01,281.4660339355469,284.2004838551912,277.09092519062125,279.00504569762484,1989948
2021-03-08,294.0445556640625,294.864885175486,277.3643924558749,282.2864251569486,2022825
2021-03-15,292.03924560546875,297.508145440089,290.6720206468137,295.2294371756639,2517146
2021-03-22,294.95599365234375,296.14091078454044,288.1198690829118,291.2189066578019,1614663
2021-03-29,295.18389892578125,299.969186682932,293.9078277537941,296.5966870418625,1290320
2021-04-05,308.4915466308594,310.95253495177246,295.183884343235,295.183884343235,1345372
2021-04-12,306.75970458984375,313.9604451734421,302.52131265471286,308.94728684202056,1860817
2021-04-19,314.8719177246094,319.6116142040806,306.2583893963324,306.7141310472198,1914500
2021-04-26,315.08538818359375,319.28162500851084,309.6902426342539,318.0365870902449,1683034
2021-05-03,322.6939392089844,324.03120745462616,314.2092910700694,315.2698685693437,1953881
2021-05-10,324.9534912109375,325.87573751598075,315.68489895841856,323.3856612344745,1627722
2021-05-17,333.2075500488281,334.4525880823228,319.60441822133276,325.78347919069375,1725648
2021-05-24,342.6605529785156,343.44446785144,334.12977591166936,334.2681353528533,1729673
2021-05-31,347.1334533691406,348.28626108366666,338.46434498484865,342.245559917438,1575286
2021-06-07,354.18865966796875,355.2031361679415,347.1796107111867,347.6868348888121,1805335
2021-06-14,359.95269775390625,365.16341154797385,352.85141856236163,355.7564886018445,2307482
2021-06-21,355.4336853027344,361.1054938907851,351.5602680901558,358.89210860578004,2038422
2021-06-28,343.6750793457031,356.9093194289245,342.61450172569886,355.61818023306176,1924829
2021-07-05,342.89111328125,347.64070355220724,332.42364181230465,343.2600342634474,2140192
2021-07-12,345.4734191894531,349.34683619732016,341.5077437913823,341.7844345278353,1446328
2021-07-19,356.95538330078125,357.27817510230136,342.430005534862,344.27449794958187,1788565
2021-07-26,355.894775390625,358.5231824860257,350.2690683773347,355.8486743420832,1474914
2021-08-02,368.0223388671875,369.5901686821805,356.8170530438834,357.4165074514793,1427445
2021-08-09,371.7574462890625,374.66251617011443,366.1317388788564,368.25289386636223,1277031
2021-08-16,361.98162841796875,369.95905230702584,351.88302141185966,369.6823897087982,1852053
2021-08-23,362.99609375,366.08562401107173,359.6760019492172,364.70225477280553,1170216
2021-08-30,364.1489562988281,370.88134301457467,361.5205487212722,362.6272555364715,1437998
2021-09-06,367.3768005371094,369.9129777330362,357.232091753402,364.7483930869317,1297419
2021-09-13,352.8514404296875,371.34246750884694,350.960818625599,368.114605454998,2124223
2021-09-20,348.9318542480469,359.2148937151858,341.96887857418085,348.60906245016747,2023539
2021-09-27,333.4381103515625,350.86858646551013,323.7084239660276,350.63802490997875,2609831
2021-10-04,329.7952575683594,338.18770389262994,328.45798927660013,330.7636048522392,1837000
2021-10-11,340.81610107421875,344.45898513338466,323.8929043739392,329.3802528459907,1975797
2021-10-18,357.8776550292969,363.8261547488593,332.28532095000446,339.4788587672338,2166012
2021-10-25,364.24114990234375,364.24114990234375,354.00421139847,359.67601992995986,1793914
2021-11-01,380.70318603515625,383.2854920509127,365.30169276018023,365.3477938081667,1631184
2021-11-08,388.21954345703125,390.0640358299931,377.936475961993,380.01152988157503,1267832
2021-11-15,392.4158020019531,396.98093246057033,387.62010996754157,389.18793994083245,2069090
2021-11-22,371.0196228027344,392.41574519710355,369.35959095520553,391.4934990274276,2009534
2021-11-29,369.7284851074219,377.06035344027634,362.21218442680885,374.3397159721807,2780734
2021-12-06,388.311767578125,399.93207581562837,370.92744849300254,371.6191331720834,1944841
2021-12-13,380.9338073730469,391.8163301546752,377.61374334465006,389.2340237334837,1883152
2021-12-20,389.5107116699219,391.2629739265649,368.8985022289357,372.8180488151181,1094800
2021-12-27,384.53057861328125,390.8940720004113,384.25388785618424,389.1879108381717,878248
2022-01-03,377.7059326171875,398.3642707056705,375.07755337483013,392.18520970058864,1459473
2022-01-10,349.90020751953125,379.1354237241952,349.43908441311527,378.48984011732443,2058137
2022-01-17,346.3034362792969,357.0014974630739,341.2771834029746,350.82243687610145,2052283
2022-01-24,339.4788513183594,348.1018594118407,333.34591936557433,344.92009858147566,2455185
2022-01-31,339.15606689453125,355.29537667197326,338.14159036529037,342.29169859377544,2481963
2022-02-07,335.6515197753906,348.2862759801635,328.3196511395269,341.27719914711713,2533776
2022-02-14,332.7003479003906,337.68047221922734,319.9272312016736,330.53306349787454,2253932
2022-02-21,326.4290771484375,333.80704727733814,303.23456103992805,332.70034050011407,3249994
2022-02-28,310.2436218261719,328.734675367211,310.2436218261719,322.4172831506701,3179379
2022-03-07,311.9036865234375,328.31965817426203,297.42440944157164,299.7300250186381,4215241
2022-03-14,334.49871826171875,336.85043488599115,307.79967869459153,314.20930123915394,3081788
2022-03-21,322.1867370605469,337.81879430500203,319.69666089678896,332.42367619139713,2015494
2022-03-28,339.10992431640625,346.85678643206825,324.07729502039916,325.27623191532444,2141283
2022-04-04,339.2482604980469,347.08735297157517,335.7437081524613,339.8477148817845,1834519
2022-04-11,333.3458557128906,341.7382724958876,326.7979029387528,338.7871019369962,1373735
2022-04-18,325.5529479980469,334.26818690064334,319.604448030278,333.3459405890341,2069752
2022-04-25,326.404296875,331.92388240964505,312.7924349713485,322.7557592198906,2316983
2022-05-02,295.62554931640625,322.8493002324271,292.3979804751027,321.6331020451587,2133041
2022-05-09,311.014892578125,311.014892578125,284.1185838601313,291.2285417595605,2786232
2022-05-16,287.9542236328125,310.2197079305893,282.1071996916823,309.56482982921415,2452623
2022-05-23,303.858154296875,305.6824373398367,281.4991385763408,293.42706841898166,1979940
2022-05-30,306.7582702636719,316.6280641899722,300.3031612916856,307.226032197148,3007233
2022-06-06,294.4561462402344,316.1135187207546,293.1464184959337,309.56485144932765,1776901
2022-06-13,287.8139343261719,291.8834691736744,281.0781790905805,289.9188631904051,2729571
2022-06-20,315.1311950683594,317.1893302809585,285.6621956181922,288.842970801242,2035347
2022-06-27,308.16156005859375,321.7734496291451,300.4902813801009,318.73299702213876,1967680
2022-07-04,309.1438903808594,329.5850651662655,304.8872394204553,309.6116523402494,2205516
2022-07-11,318.4523620605469,320.2766452700373,302.2210150438085,304.04529825329894,1913146
2022-07-18,330.8012390136719,331.7835276360358,313.8214868490468,318.1248737183765,1813385
2022-07-25,344.3663635253906,348.9504250615222,326.91884798229944,327.94790146291655,2156189
2022-08-01,335.0578918457031,348.1552269449063,333.7949288225807,343.85181113089743,1534788
2022-08-08,336.7418518066406,340.3435961162735,331.36258918065545,338.23866726262713,1194396
2022-08-15,338.7999572753906,342.9162565140066,335.43206569836946,338.5193115397731,1239363
2022-08-22,330.0060119628906,340.7177706173734,329.02372341812145,336.3207974504867,1501215
2022-08-29,322.568603515625,328.6963017007639,315.6925262402007,326.5445797728068,1741073
2022-09-05,323.0364074707031,325.18812967870207,313.21340602745937,315.08445392141056,1494288
2022-09-12,317.18939208984375,338.3790329492427,315.1312564761875,326.54463183353386,2431673
2022-09-19,304.7936706542969,317.5168012145271,302.50165426343455,315.78607631535465,1999527
2022-09-26,308.956787109375,312.2311209621617,299.08702077308806,303.62428912915215,2362063
2022-10-03,306.9921569824219,319.1072027064188,300.6773707621758,305.8695454509987,1567470
2022-10-10,305.3082275390625,311.24880995692104,291.2753691740061,303.43717975705493,2037360
2022-10-17,290.1059875488281,312.0908007484825,288.6559082716615,306.85186082921797,2009021
2022-10-24,293.9883728027344,302.0806484761823,284.4460180173306,292.8189679785389,2394858
2022-10-31,300.6773681640625,302.26777017390685,281.3120410525951,294.7835791627296,2639631
2022-11-07,324.439697265625,328.3689093098152,296.1400975316595,300.25642578744936,2127691
2022-11-14,325.6558532714844,330.0527981741054,319.38783214550574,327.15269712021734,1968706
2022-11-21,327.667236328125,329.5850488466931,316.95547656852125,323.8783760646426,1391342
2022-11-28,337.490234375,341.27909460913696,324.5800164550522,326.63815182856365,1978448
2022-12-05,332.1109619140625,338.33218971598944,329.8657104167405,336.9756972831949,1513754
2022-12-12,314.1021423339844,337.9580012454262,311.66977453891155,325.0945479108252,2389792
2022-12-19,311.7633361816406,320.6040483575485,308.7228835407094,314.9441116960148,1296643
2022-12-26,312.0907897949219,317.9845791535344,310.87459155192624,311.76335070834904,659466
2023-01-02,335.4788513183594,335.99337800515207,312.7456051078612,314.4763299042245,1601500
2023-01-09,349.7923889160156,350.68114806236866,333.56104315050493,335.853088180621,1760505
2023-01-16,355.8732604980469,363.35745116488243,349.46491652958457,350.8214375079172,2026134
2023-01-23,354.0490417480469,362.6558447502584,351.61667382679764,357.18302406492865,1407847
2023-01-30,359.6153564453125,359.6153564453125,340.71779210924836,353.3941286528704,2243062
2023-02-06,351.3827819824219,359.6153808691549,341.13878387399876,356.0136081499878,1756877
2023-02-13,359.8024597167969,368.2221739291248,353.16023501708736,355.4990445205118,1766243
2023-02-20,348.9036560058594,364.1526844216586,347.3132539281715,360.73802783713074,1804619
2023-02-27,355.3587646484375,358.9137441037242,344.31956532689753,351.7102270917119,1796393
2023-03-06,349.6988220214844,357.83789136264335,345.58252257592494,357.22980653828637,1456625
2023-03-13,355.7329406738281,362.9832504443006,342.2146097463332,350.68111764051554,2866862
2023-03-20,372.38525390625,373.97565585769615,355.0312980562744,355.73294093780856,1690600
2023-03-27,384.73419189453125,386.8858853775589,370.46745286379183,372.3852653791024,1652471
2023-04-03,383.6583557128906,396.8024550403994,382.67603849148793,383.00347756528885,1584581
2023-04-10,393.5281066894531,397.73796406683925,383.6583413691058,383.6583413691058,1324628
2023-04-17,414.0628662109375,414.0628662109375,392.73290506963804,394.2297489558573,1752572
2023-04-24,410.544677734375,417.47008763831315,401.6270175034397,414.81377317008776,1842036
2023-05-01,402.6705627441406,417.4226469829911,394.98618549798636,410.5446601861123,1487236
2023-05-08,399.4924621582031,406.6076210818769,393.32599109101915,402.8602924680797,1269982
2023-05-15,399.9668273925781,404.14104839316195,393.4683094391172,401.29498467208333,1176068
2023-05-22,389.9107360839844,400.773224375503,379.6649181033165,397.83228602590054,1429358
2023-05-29,386.8749084472656,391.80809703662186,374.77913789710357,391.4286276724383,1736649
2023-06-05,381.562255859375,388.155618890513,375.4906306011248,386.40054061903925,1207941
2023-06-12,393.6580505371094,395.65027193972793,381.3725308121257,384.07629708209527,2401265
2023-06-19,385.5467529296875,394.5592878899241,380.0443747451531,392.23501992906773,1128650
2023-06-26,405.1846008300781,406.7973528610218,380.8033106436522,385.6890474533085,1643875
2023-07-03,381.98919677734375,405.8961446667255,380.9930860118106,405.8486928982924,1331995
2023-07-10,399.9668273925781,400.72576613753614,379.9495067639938,381.5148360202556,1101263
2023-07-17,390.05303955078125,398.2591844164161,376.81886019914816,397.9745896159476,1409820
2023-07-24,399.25531005859375,401.911624608265,380.89819333184585,387.96592979500497,1669027
2023-07-31,390.71710205078125,404.5679506367967,386.7800532108323,399.16041823864117,1705044
2023-08-07,391.1440124511719,398.35404633425605,382.93786784646244,388.8671672648446,1034698
2023-08-14,377.7675476074219,395.88746401945315,373.3561255447281,391.38119632450815,1331523
2023-08-21,380.85076904296875,387.01724039308704,375.96500319654933,377.24573765190536,1022841
2023-08-28,384.4083251953125,390.24274963383164,381.2776379454241,382.74812147165596,1216796
2023-09-04,383.507080078125,390.29019271094415,372.26512277529946,389.91072334473563,1255127
2023-09-11,388.9620361328125,391.9978489710972,368.6126692471526,384.5031914550175,2332655
2023-09-18,377.90985107421875,389.7209986932685,371.93309961187555,386.4005908647418,1684240
2023-09-25,373.02410888671875,378.6213619318544,365.8614975822021,376.5816886550242,1844645
2023-10-02,373.9727783203125,377.62520354038645,368.8498405461151,374.4945450798497,1309993
2023-10-09,364.91278076171875,380.09178657176113,363.86921832194713,369.8459692306449,1832459
2023-10-16,360.7385559082031,370.08313704553177,352.9118811251849,367.1896217244529,1861563
2023-10-23,370.5100402832031,380.32896564027624,361.1180360531727,363.4423329419046,1448540
2023-10-30,382.9853210449219,386.021104987491,368.8024252024539,371.03184758243367,1473939
2023-11-06,392.99395751953125,398.11686632329884,379.3328577255989,383.3647812487323,1583177
2023-11-13,402.1962585449219,407.1294183981615,390.2427848650994,393.5157408447986,1811227
2023-11-20,409.3114013671875,409.59599615327863,399.1604293723034,401.05780515066255,1069073
2023-11-27,413.77020263671875,414.3868439528363,402.7654177159192,409.16906074442454,1948642
2023-12-04,419.27264404296875,421.0751453273704,412.44207933700034,412.58437673677923,1198651
2023-12-11,423.6365966796875,431.89019350694167,416.09454477362584,418.6559848929517,1944162
2023-12-18,424.5852355957031,436.3964109063302,411.82540138693525,422.118670347557,1175817
2023-12-25,427.5262145996094,430.2299810203889,423.11482146657875,424.58527619370284,430979
2024-01-01,411.9676818847656,430.75168895998956,407.17682002036565,427.52615619324916,993662
2024-01-08,422.54559326171875,424.0160769069179,410.1177757345622,410.40239948120933,1009189
2024-01-15,404.3307800292969,415.7150344201547,395.6028400823101,415.5252852663113,1406224
2024-01-22,422.2609558105469,423.5891129724251,401.5321210875228,407.4614199813137,1342996
2024-01-29,424.6801452636719,430.6568965822601,419.32006425973316,420.60079875312044,1299493
2024-02-05,397.3105163574219,436.96569148346066,395.69776415464804,423.8263571068286,1882080
2024-02-12,419.6994934082031,421.4071488862427,401.2475323447218,401.2475323447218,1651558
2024-02-19,427.09930419921875,433.4554957587983,415.8573467928725,419.41492641819366,1147271
2024-02-26,419.27264404296875,430.3248526845544,414.8137991721757,428.71207161597187,1459682
2024-03-04,425.9608459472656,427.5261751142017,406.8447915018787,419.9841240547257,1101576
2024-03-11,423.257080078125,434.0246930064299,421.07510959558556,424.53781447077023,1602139
2024-03-18,410.4497985839844,425.96085095127165,407.1768428240606,425.1070376639723,1334106
2024-03-25,416.1419372558594,419.1777500852348,406.1332915946725,408.8370578721386,1089270
2024-04-01,391.52349853515625,419.4149163369309,390.1004667192325,415.3355410936222,1470502
2024-04-08,393.23114013671875,403.52440978828884,386.9223713024201,388.5351233843386,1357559
2024-04-15,422.11871337890625,426.0083107982577,389.294104639436,394.2747163585972,2145010
2024-04-22,419.6520690917969,431.2595870246827,414.45037359428426,430.1036416266076,1313841
2024-04-29,424.7092590332031,427.83991249422803,417.00303512914167,420.51899390598743,1211390
2024-05-06,436.7984313964844,438.8212917277564,422.68638483850333,424.56478874258426,1215632
2024-05-13,431.1632385253906,441.5666291629104,430.0554747051686,436.12411434423655,1214688
2024-05-20,430.9223937988281,438.53228367123694,427.31010151158563,431.88567174209277,1002605
2024-05-27,435.49798583984375,435.49798583984375,422.156579778085,429.6701363530776,1759146
2024-06-03,438.628662109375,444.8899693795956,430.0073118785368,436.02779963836434,1044895
2024-06-10,424.27581787109375,440.45887693236995,422.1084423148382,431.8857083892306,1431861
2024-06-17,424.46844482421875,430.7297518242719,415.3654853622885,427.8399178242474,1662663
2024-06-24,394.99212646484375,427.743577994176,392.10229250637326,424.51662025807957,1807800
2024-07-01,394.99212646484375,401.63876808685484,388.34551423974386,399.1823915840082,1645950
2024-07-08,397.4485168457031,398.4599470077202,383.240166053766,394.4623491049644,1398223
2024-07-15,389.5978088378906,397.97831001440113,384.781418714524,394.9439901160626,1479942
2024-07-22,384.1552429199219,395.28112111859696,375.10043587558374,392.3912872067713,1285019
2024-07-29,367.05706787109375,388.00836424151606,365.2750270996445,385.455683436686,2212916
2024-08-05,368.6946716308594,378.0866325672431,360.2659887392329,367.77954572957475,2428237
2024-08-12,371.19915771484375,373.75183836034563,360.84391992522075,369.89872662467195,1834231
2024-08-19,379.9168395996094,381.40993814671293,367.6350450259351,370.8138800831508,1089037
2024-08-26,382.0360412597656,385.93730520269236,376.3527072280426,380.01315168321065,1135472
2024-09-02,368.7428283691406,384.8777358198784,367.53873079819004,381.6507778472615,1377423
2024-09-09,353.18585205078125,370.95834186439725,351.1629624903592,369.2726054635305,2201182
2024-09-16,356.8945007324219,365.08236377216707,351.2593185256855,352.70423553269933,2575675
2024-09-23,391.0426940917969,398.02645920305315,353.57115846007997,356.74999332128056,2457572
2024-09-30,378.9054260253906,393.45093042823765,371.680840666054,392.15049918417446,1820457
2024-10-07,380.1095275878906,383.8663061349225,367.3460933186617,380.6393187610555,1408744
2024-10-14,359.01373291015625,378.8572367758263,333.4868651599232,377.4605012729233,2510649
2024-10-21,342.5898132324219,360.69945718661523,337.4844516148542,357.1353168443734,1863633
2024-10-28,333.77581787109375,349.0919317728094,324.76916293804715,345.624125188273,2236360
2024-11-04,322.4091491699219,340.47061115516004,321.92751018364885,332.5717200215182,2254789
2024-11-11,315.1845703125,328.2851274683536,312.8245274765452,327.7553363322387,2271296
2024-11-18,316.96661376953125,318.94135130536245,304.684819283934,315.2327251303292,1870253
2024-11-25,316.581298828125,323.95036941614717,313.2580074711675,320.6752301989052,1961451
2024-12-02,330.9823303222656,334.5946228620235,310.94613006359464,312.4392286181751,2300580
2024-12-09,330.74151611328125,339.69998999650045,327.70719621070134,332.95704381436184,2647485
2024-12-16,324.5765380859375,333.2460401988461,322.7462863445716,328.2851349167077,2665873
2024-12-23,331.8492736816406,331.8492736816406,321.3977014178002,323.90223011742137,692523
2024-12-30,319.8083190917969,330.88601689166336,319.7601669470847,330.88601689166336,908948
2025-01-06,315.377197265625,329.3929091791525,313.8841281909293,320.5307402153363,1900871
2025-01-13,330.8378601074219,332.28277719148934,311.81311850053305,313.73967461262305,2193273
2025-01-20,345.2870178222656,355.16061752138927,326.2140953994696,330.83784753086513,2380242
2025-01-27,345.3351745605469,354.8234690575623,342.73431211471495,343.60128586126734,2341686
2025-02-03,328.0924987792969,342.1081821811126,323.7577476987049,336.81015308261135,2529434
2025-02-10,330.74151611328125,332.28276683429544,320.9160684891143,329.2002653922671,2477121
2025-02-17,333.3905029296875,333.72765609010855,319.8564301526892,329.10390431199875,2176712
2025-02-24,340.0371398925781,341.2412374134442,330.64517922982276,335.46156931328704,2256829
2025-03-03,346.3465881347656,352.89689607822737,335.26889129489473,338.15872525312193,2907362
2025-03-10,353.42669677734375,357.18347514533457,336.03954041685563,348.94745990024273,2941954
2025-03-17,339.79632568359375,352.75242696877785,339.12201930263586,351.88545322271415,2469270
2025-03-24,332.42724609375,344.5163733227868,325.29899472136094,342.2045119853785,1970764
2025-03-31,336.85833740234375,351.066688283793,328.2369873121232,329.68190435091464,3162797
2025-04-07,334.83544921875,345.6723270598544,314.6547627247728,322.93895966491067,3846644
2025-04-14,329.2966003417969,341.00042252360595,324.6728481609564,338.68856113164196,1951682
2025-04-21,360.4586486816406,369.51345623645113,329.2965986962853,329.2965986962853,2310758
2025-04-28,378.85723876953125,380.18174606542857,361.7109015341349,362.19254055082484,2187593
2025-05-05,375.8169860839844,383.4176686240917,365.9115744651498,381.01486023634556,1587629
2025-05-12,366.6471252441406,387.0463645243282,362.42995438331513,377.4842154999397,1950696
2025-05-19,365.76446533203125,378.51399715582124,361.54729454024687,365.81349002105094,1686962
2025-05-26,365.22503662109375,370.9133071221435,357.8205129546881,367.823973607538,1813885
2025-06-02,374.00262451171875,380.91678183476904,358.7031800860382,361.35117178783787,1639571
2025-06-09,363.90106201171875,375.86601968521614,362.1847788168091,370.7171701004872,1472365
2025-06-16,357.9186096191406,366.45097089012637,356.496534442508,362.77322122256265,1826303
2025-06-23,348.3074035644531,361.84154020951667,341.63842951646467,355.0744569221833,1897505
2025-06-30,362.822265625,367.6768770917097,349.77849588027533,353.06395814336327,1541122
2025-07-07,366.6471252441406,375.3756450343285,360.07620060938626,364.7346834674217,1317596
2025-07-14,355.5648193359375,366.54904344582064,354.48603673034785,364.83276029925156,1112849
2025-07-21,367.4807434082031,371.4036762231096,353.45624063715127,355.6138656571907,1209309
2025-07-28,368.853759765625,391.3125438928534,355.90806964996057,370.6681221580661,2014774
2025-08-04,376.94482421875,379.4456819919165,362.03766710019613,370.03063696596683,1288139
2025-08-11,385.330078125,387.3405991940556,369.0008759143137,377.58229163325126,887937
2025-08-18,391.31256103515625,400.3353187752267,382.0446199861666,385.47718631103635,1039379
2025-08-25,390.2337341308594,400.48240803841355,385.5752514328078,390.33181343673874,1272526
2025-09-01,394.8922119140625,399.9920364602976,385.13393465735726,391.80290835972465,1170932
2025-09-08,373.7083740234375,395.87295033738127,372.13922484655114,393.126909348228,1493054
2025-09-15,362.52801513671875,384.44740776430274,361.9395692409551,376.06215102087606,2624572
2025-09-22,359.8310241699219,370.81524856407304,353.3091540300962,364.44048242612547,1988297
2025-09-29,369.2950744628906,370.81522888054786,353.30913527582527,361.6453674752549,1573701
2025-10-06,362.52801513671875,377.8764834658784,361.6453612578741,367.72591896476234,1411955
2025-10-13,383.1234130859375,384.20222557634787,360.8117331067112,366.2057656291615,1448058
2025-10-20,367.4807434082031,390.3318150831924,359.24256055321786,384.05512856526246,2336676
2025-10-27,355.66290283203125,370.6190847139388,353.60335704597907,366.5980724515709,1223723
2025-11-03,347.62091064453125,358.261842408561,342.913373111007,356.10424722743204,1418177
2025-11-10,352.0832214355469,356.8888081655991,346.4440054933341,351.9851421288923,1537321
2025-11-17,354.5350646972656,355.51579793294275,342.3249239412447,351.73996898966533,1488339
2025-11-24,368.3634033203125,369.9816071469632,356.2513420706014,357.0359166745524,1497550
2025-12-01,365.56829833984375,374.29681778712154,357.23206618454213,366.3528729237961,1577550
2025-12-08,362.9203186035156,367.82398473748884,354.43698217766257,362.9203186035156,1370863
2025-12-15,363.8520202636719,371.2565440141779,360.32137472802305,365.8134866801876,2180230
2025-12-22,356.7907409667969,362.5770910301551,353.84854124492796,361.4982784795491,490503
2025-12-29,357.67340087890625,360.8607836975187,354.68214673752453,357.967608859553,701128
2026-01-05,378.4159240722656,378.4159240722656,348.7977684533916,357.7224468627559,1802359
2026-01-12,377.4351806640625,389.25300383545044,375.03237233529956,381.2600341850792,1639061
2026-01-19,378.8081970214844,384.69259619851715,370.8152274586019,373.51224374807526,1426023
2026-01-26,379.54376220703125,381.84849129679304,367.43170076049864,377.3861371167004,1418612
2026-02-02,386.4579162597656,394.0585987716168,375.08143476635456,382.24077535406354,1619253
2026-02-09,365.176025390625,389.40011829440795,356.9868969069757,386.40889390480334,2047774
2026-02-16,393.4211120605469,393.4211120605469,367.6768658964692,368.8537576929534,1636347
2026-02-23,389.7433776855469,397.9815307908199,386.21273208911475,392.93076066725865,1617983
2026-03-02,363.7539367675781,382.1917388282397,355.7119425102444,380.62255972717884,2354323
2026-03-09,346.8363037109375,362.8222734517018,342.2759001391305,356.3984527835923,2412480
2026-03-16,341.0009460449219,348.5525737367514,336.04822542087055,348.16028644217363,3186435
2026-03-23,343.2566223144531,350.02367545416047,332.3214530466417,335.50883596813304,2388905
2026-03-30,351.29864501953125,352.81876951118545,340.8047877835634,344.3844579858732,1467210
2026-04-06,351.9851379394531,362.67512378631784,341.4422560860183,351.2986426602464,1996675
2026-04-13,349.8765869140625,354.387965849681,340.1673337256336,348.3074077282469,2494338
2026-04-20,370.1777648925781,373.46319722730243,337.02896418552285,344.629646620642,3085055
2026-04-27,366.04998779296875,379.8999938964844,359.3999938964844,375.20001220703125,1632880
2026-05-04,363.0,377.29998779296875,357.6000061035156,364.6499938964844,1909219
2026-05-11,357.1000061035156,360.79998779296875,350.5,360.70001220703125,1994824
2026-05-18,361.6499938964844,364.75,351.45001220703125,353.1499938964844,1720304
2026-05-25,382.54998779296875,394.5,363.1499938964844,363.20001220703125,3293381
2026-06-01,375.5,388.20001220703125,369.3500061035156,381.95001220703125,1847223
2026-06-08,390.25,394.25,373.8500061035156,375.79998779296875,2098994
2026-06-15,380.1000061035156,397.04998779296875,376.1000061035156,393.95001220703125,3401407
2026-06-22,388.0,393.25,369.45001220703125,380.1000061035156,2031163
2026-06-29,382.45001220703125,390.0,374.6000061035156,389.54998779296875,2255648
2026-07-06,381.0,393.5,376.04998779296875,382.54998779296875,1456664
2026-07-13,381.75,384.3999938964844,373.20001220703125,379.8999938964844,1236655
2026-07-20,374.70001220703125,383.1499938964844,366.1000061035156,378.0,1406756
2026-07-27,386.95001220703125,401.0,374.5,378.0,2034069
2026-08-03,385.8999938964844,397.25,381.75,384.3500061035156,1470705
2026-08-10,379.5,390.0,378.25,385.6499938964844,1235101
2026-08-17,386.6000061035156,387.3999938964844,367.5,376.70001220703125,1527045
2026-08-24,388.5,393.75,381.8500061035156,387.54998779296875,1209571
2026-08-31,383.8999938964844,390.5,375.45001220703125,388.3500061035156,1604865
2026-09-07,379.8500061035156,394.0,372.95001220703125,380.20001220703125,1439157
2026-09-14,376.04998779296875,386.29998779296875,375.8500061035156,378.54998779296875,2107044
2026-09-21,381.8500061035156,392.1499938964844,376.6000061035156,377.0,1481034
