Price,Close,High,Low,Open,Volume
Ticker,ORA.PA,ORA.PA,ORA.PA,ORA.PA,ORA.PA
Date,,,,,
2000-01-03,26.426176071166992,30.119205859804648,24.568603524548188,29.455787213666564,10574785
2000-01-10,26.956911087036133,27.576100805657518,25.05511132236335,26.55885922801029,7512197
2000-01-17,28.151058197021484,29.1019586939224,26.536739219629826,27.222271312038174,11870796
2000-01-24,30.4730224609375,31.07009841032876,27.08958758195924,27.664549919736086,10180265
2000-01-31,35.824588775634766,36.930285960067934,28.9692662321491,29.411545105922368,10395984
2000-02-07,38.23501968383789,38.23501968383789,33.56897807738227,34.49776333855609,9312941
2000-02-14,36.26687240600586,38.96477321500318,33.303604912804296,37.46102417208518,8716367
2000-02-21,37.350460052490234,37.8148543503812,34.7631285875915,35.3823198600058,7842470
2000-02-28,47.65556716918945,48.429555499083484,35.89094522966449,36.930300312086494,16574451
2000-03-06,43.56446838378906,47.655547902063674,41.17616182798638,46.66042045167255,9948260
2000-03-13,41.35308837890625,43.12220445928727,38.08022295533714,43.12220445928727,11195648
2000-03-20,42.237648010253906,43.67505487971281,38.34559113706745,42.01650849187561,8986823
2000-03-27,39.80510711669922,45.88644292619493,38.50038551093571,42.32609588436188,10671317
2000-04-03,37.52737808227539,40.91081361267438,33.63532432533818,40.91081361267438,13153900
2000-04-10,34.27661895751953,40.46852431758758,34.27661895751953,39.58396640900643,11828567
2000-04-17,36.5101432800293,37.814865354823674,32.44117328743171,32.94979495829665,9450313
2000-04-24,37.63795471191406,37.81486704547075,34.98427983153015,36.51014491234417,8967115
2000-05-01,37.66005325317383,40.02624495991813,36.04573441141798,37.63793795595392,7498633
2000-05-08,34.78525161743164,37.947547832529374,31.070106531663733,37.81486275383985,13112340
2000-05-15,30.4730224609375,35.69191241131837,30.05285540446155,33.90068456314459,10308020
2000-05-22,31.357587814331055,31.79986689951394,28.3279767556926,30.517256877619243,15873457
2000-05-29,37.372581481933594,38.78787315873975,30.64994095562208,31.910435632515295,19577570
2000-06-05,35.60345458984375,37.770622065828775,34.34296028854568,36.95240670353498,8805350
2000-06-12,33.922794342041016,37.59371100130883,33.922794342041016,35.60345571300425,6670386
2000-06-19,35.72129821777344,36.500267337787186,34.1856175967321,34.474946267337096,9305199
2000-06-26,32.583152770996094,37.234711648129654,32.11577349938356,35.854824652457204,13773702
2000-07-03,33.606937408447266,33.74047626649717,30.824906166026132,32.983761730938085,12076640
2000-07-10,34.45267868041992,34.920057933513334,32.360588960555,32.71669034998911,6067926
2000-07-17,31.71516227722168,35.6100067674068,31.71516227722168,33.56243205748788,7942138
2000-07-24,29.600811004638672,33.02827197307794,29.378248515881992,32.02674077367288,10507918
2000-07-31,30.335281372070312,31.002969134935974,28.532523053918798,29.801129124156436,8654211
2000-08-07,30.580089569091797,32.02674598123726,29.378253292800185,30.46880830661907,9060279
2000-08-14,28.710561752319336,31.78192485154172,28.599280505217322,31.114237368929643,9662721
2000-08-21,29.378246307373047,29.55629696420025,26.841033786678356,28.799582521693083,20482905
2000-08-28,31.514856338500977,31.95998140884119,27.842572810176833,29.556305349797086,14514587
2000-09-04,30.758142471313477,34.16335002608458,30.60234937189987,31.826443346775864,20578105
2000-09-11,28.06513023376465,30.93618675414878,27.953848986447564,30.713624259514614,27426344
2000-09-18,25.59468650817871,28.487998896059782,24.481874051301375,27.88708084855284,22513145
2000-09-25,27.01909637451172,27.330684312540882,25.861769990120216,26.373664581026528,13837520
2000-10-02,25.59468650817871,28.10964333992831,25.372124016803244,26.796524301209644,10577382
2000-10-09,22.478816986083984,25.238592876454224,21.08780108347978,25.149567519084062,21745755
2000-10-16,23.94772720336914,24.63767068702976,21.221336288857852,23.369064981525305,16741252
2000-10-23,28.020618438720703,28.13189968613578,23.72516160929176,24.036749441657403,21987891
2000-10-30,27.10811424255371,28.799587271283134,26.395913195806536,28.042876100013967,11497544
2000-11-06,24.036746978759766,27.775797187995824,24.036746978759766,27.575490623569443,13174170
2000-11-13,24.059011459350586,26.217869226078342,22.923942787162545,23.814192992489243,12482947
2000-11-20,24.14803123474121,24.281568395053405,22.18948055677194,24.03674998481153,12933251
2000-11-27,21.588565826416016,25.572435529863274,20.965390051188805,24.48187877222435,19267650
2000-12-04,21.499536514282227,22.679118408039717,20.164161554413553,21.722099007593673,14562475
2000-12-11,21.90015983581543,24.704448212190204,21.66646843027676,22.167234272415747,16859656
2000-12-18,20.820728302001953,22.83491846423142,20.475755652561546,21.900156385386733,11622618
2000-12-25,20.464624404907227,21.477284617912108,20.25319067595857,20.820725819162167,3434509
2001-01-01,20.687185287475586,21.610820073143934,18.78427678487512,20.464622770351514,13439239
2001-01-08,21.143436431884766,21.143436431884766,18.85104211848413,20.164161141751958,21166212
2001-01-15,21.154573440551758,22.6123572885145,19.785813264206823,20.364475619811028,20147401
2001-01-22,21.321496963500977,22.033696577714938,19.841455389131713,20.587039731703353,15422394
2001-01-29,20.60929298400879,22.21174445562722,20.564781150637835,21.47728731888324,17230109
2001-02-05,18.494953155517578,20.787348792603822,18.194493961806938,20.253198171552675,25646943
2001-02-12,15.41245174407959,19.196013905081077,15.290041700840401,18.383660513262658,39333257
2001-02-19,14.243999481201172,16.03562822015283,14.032564944100386,15.356811940670013,23416466
2001-02-26,13.88790512084961,15.646149815771162,13.576317173974521,14.611233494872842,24653245
2001-03-05,14.566715240478516,15.401324632362705,13.676466071477291,14.021437783654374,16972436
2001-03-12,14.132721900939941,14.63348763758742,13.465034252076638,14.244003175750493,14450952
2001-03-19,13.286983489990234,14.422052926245724,12.5080146186224,14.021439684621027,27068676
2001-03-26,14.767022132873535,15.334557210042977,13.576313049300607,13.576313049300607,28279846
2001-04-02,15.623885154724121,16.336086097588115,14.166101953986601,14.978455331963888,23437485
2001-04-09,16.836854934692383,17.337620603416113,15.401325665540666,15.401325665540666,21281450
2001-04-16,17.73823356628418,18.227872167780703,15.946606157538744,16.83685630787707,22046235
2001-04-23,17.63807487487793,17.916277948614173,17.059412821109902,17.46002422848001,17248584
2001-04-30,16.191423416137695,18.450433345758988,15.857579634361661,17.51566973797572,18202816
2001-05-07,15.902091026306152,16.603163288545932,15.65727259927469,16.247063603953148,18280466
2001-05-14,16.002246856689453,16.49188376214993,15.156508531238721,15.690658963206687,21747867
2001-05-21,15.85758113861084,16.78121602874394,15.612762681688407,15.968862409758986,13594110
2001-05-28,14.154977798461914,16.05788827453148,13.810006016785653,15.801941003186231,24780339
2001-06-04,13.50954818725586,14.566719547191132,13.46503550339329,14.154979131732224,15410608
2001-06-11,13.321505546569824,14.02323364776991,12.563187374758332,13.695006057168994,25537047
2001-06-18,12.167054176330566,13.34414610190535,11.906735462503004,13.151736354964736,18982429
2001-06-25,12.744277954101562,13.083823552506626,11.44268649354882,11.952004891156415,22568748
2001-07-02,11.703008651733398,13.47996413921935,11.657735718957902,12.732963770706446,47865080
2001-07-09,11.499279022216797,11.940688534093669,11.114460451259799,11.680369860458551,21539819
2001-07-16,10.869987487792969,11.533233351034962,10.52817773829489,11.499278442790267,15202487
2001-07-23,11.295549392700195,11.386094357939847,10.639094293044883,10.650412305761211,16388968
2001-07-30,11.578506469726562,12.563188463341545,11.238960835582198,11.340823835018146,17968358
2001-08-06,10.190897941589355,11.952007953569188,10.107143580971963,11.340825547137552,29884874
2001-08-13,9.258277893066406,10.682105250853173,9.235640999538731,10.344823740628165,18452682
2001-08-20,9.21074104309082,9.543496045152589,8.466004932228081,9.237905315898173,21792542
2001-08-27,7.99969482421875,9.462004417240342,7.99969482421875,9.224322656462766,32494404
2001-09-03,6.519275665283203,8.097031239896262,6.172939412713179,8.035912925294053,40716190
2001-09-10,6.609823703765869,7.445105887067746,6.111823128038612,6.45136885737409,40125515
2001-09-17,7.015011310577393,7.175729768948901,6.342711248316466,6.498901897119163,40347785
2001-09-24,7.836714744567871,8.024597118574937,7.062550940296785,7.189314551131532,26449482
2001-10-01,7.834449768066406,8.25774975188112,6.892776573470556,7.820867631782859,24392132
2001-10-08,8.076659202575684,8.669732024967894,7.583186125899122,7.750695691907822,20966485
2001-10-15,8.386775016784668,9.070393502922593,7.617138945301565,7.9861111591719265,36258848
2001-10-22,9.932839393615723,10.525912045584414,8.323393349129441,8.511274771025953,36568883
2001-10-29,9.364668846130371,9.923787629756811,8.88477789945815,9.84682391404916,17523104
2001-11-05,10.625510215759277,10.978637847064117,9.405410189061405,9.545755420787785,21801343
2001-11-12,11.193687438964844,11.454005229377088,10.05507720669665,10.6934237663599,23456320
2001-11-19,10.333502769470215,11.69168490625882,10.02791127058741,11.272911562643632,39778707
2001-11-26,9.982643127441406,10.487435155911156,9.57745258605789,10.480643654797685,30608872
2001-12-03,10.774914741516113,11.087296975314437,9.749487174483042,9.914732617363017,21121618
2001-12-10,9.744959831237793,10.865460631570329,9.715532300244705,10.750015492303953,19368321
2001-12-17,10.025650024414062,10.181840690607645,9.63177674580491,9.846822466628506,15290201
2001-12-24,10.163735389709473,10.333508246796985,9.9283168206392,10.025653327783457,5583368
2001-12-31,10.673049926757812,10.901676907941447,10.073185713049014,10.163731548008142,8641769
2002-01-07,9.824186325073242,10.842823120200274,9.656676783263899,10.639095415771223,20909130
2002-01-14,8.918732643127441,9.72232383227634,8.771595851187698,9.688368922287404,24240168
2002-01-21,8.873459815979004,9.163205160661015,8.681050096424848,8.982114320234759,17957001
2002-01-28,7.913675785064697,9.111140122721737,7.888775636629964,8.825922203171844,29427076
2002-02-04,7.470001220703125,7.922728567412404,6.994637420307492,7.922728567412404,42768898
2002-02-11,6.836184978485107,7.900094707053867,6.836184978485107,7.651094080128473,32843936
2002-02-18,6.474005699157715,6.994642341471745,6.3721418017787865,6.836187917693659,48715779
2002-02-25,6.926732063293457,7.051231975144479,6.394777070216546,6.553231895985725,31800380
2002-03-04,7.6714653968811035,7.805020009930612,7.039910919629825,7.153092765824019,29253443
2002-03-11,7.015011310577393,7.714475639724112,6.847502217238948,7.6963661284669165,27383839
2002-03-18,7.673734188079834,7.77107070413259,6.83845110211593,7.085187711538813,41874316
2002-03-25,7.854824542999268,8.126461293348324,7.42699707136648,7.549232875040544,36059330
2002-04-01,7.4247307777404785,7.990640148963216,7.379457855340825,7.854822245273428,15687677
2002-04-08,6.881458282470703,7.517540333171148,6.863349198770305,7.424731225237277,26232909
2002-04-15,7.202895164489746,7.445104331735857,6.813549631620306,6.813549631620306,21057263
2002-04-22,6.320075988769531,7.1100854333963985,6.23632121034999,7.069339888854707,34876730
2002-04-29,5.176939010620117,6.476266848207037,5.104502249931082,6.281593890379749,45524667
2002-05-06,4.651775360107422,5.4214125333238545,4.642721033704387,5.283330493701854,34372586
2002-05-13,5.0705485343933105,5.262957831799266,4.459366593624246,4.549912018358036,55816370
2002-05-20,4.835130214691162,5.170148487159188,4.493320873762638,5.170148487159188,33403196
2002-05-27,4.701575756072998,5.12713946723767,4.644984811772903,4.946048618179222,46585755
2002-06-03,4.233703136444092,5.04238840279275,4.0553167606895375,4.930599316977488,38888345
2002-06-10,3.7698991298675537,4.519121876566267,3.650974869957915,4.362141889778348,44862145
2002-06-17,2.951699733734131,4.079101525380963,2.7733133656825437,3.879308756870386,79683198
2002-06-24,2.2429115772247314,3.042082508883788,2.0454973272003514,3.042082508883788,101556435
2002-07-01,3.650974988937378,3.650974988937378,2.387999207733435,2.568764143126133,111656182
2002-07-08,3.291823387145996,3.762763324126645,2.9302935460929613,3.5915125616773254,78221679
2002-07-15,3.382204055786133,3.7104348501884057,2.9493198462718864,3.2704152527260364,53410349
2002-07-22,3.253767728805542,3.4939945544251185,2.832775752126747,3.291823454573791,55367120
2002-07-29,3.146735191345215,3.6818942560090933,3.146735191345215,3.329878624575244,42664938
2002-08-05,3.5558347702026367,3.5558347702026367,2.854181791760777,3.1633848645675258,40836479
2002-08-12,3.3393921852111816,3.5558342355849692,3.0801373418122653,3.4749657273508165,23263795
2002-08-19,3.729464530944824,3.9839623518824605,3.2775522474691097,3.3037157274884956,37378902
2002-08-26,3.0349464416503906,3.793682938648003,2.9612133183314517,3.6771372462428786,40393597
2002-09-02,2.663902759552002,3.1158149786271454,2.342807468271477,3.0920300414226745,76879921
2002-09-09,2.4617321491241455,2.65914639266523,2.1620429745328558,2.592548647091601,67833261
2002-09-16,1.9503579139709473,2.556871714984422,1.9503579139709473,2.4736246381831473,41808637
2002-09-23,1.876624584197998,2.0573893804978876,1.6054773330406635,1.9955489445048988,39358836
2002-09-30,2.071659564971924,2.1858266876471135,1.6435324012801429,1.7458072854657658,45147461
2002-10-07,2.4046478271484375,2.468867019644818,1.9931701039559506,2.0692815378805802,37323218
2002-10-14,2.533086061477661,2.6163331149583238,2.200098301214954,2.4022695871937225,36291981
2002-10-21,2.533086061477661,2.6757952312073767,2.207233691652448,2.533086061477661,37320246
2002-10-28,2.6686601638793945,2.889859108863275,2.556871308283885,2.6591462332008406,42450162
2002-11-04,2.759042739868164,3.351285460976293,2.694823534846073,2.759042739868164,30448967
2002-11-11,2.9873766899108887,3.1277070876032083,2.6187115398742082,2.7209862211191216,21369765
2002-11-18,3.6604878902435303,3.7770335814967697,2.913643642310792,3.020675404213358,39148711
2002-11-25,4.281272888183594,4.626153385640161,3.425018219814875,3.7461137771606445,85173549
2002-12-02,4.971034526824951,5.075688014219399,3.769899549501302,4.29792315895766,90516536
2002-12-09,4.630909442901611,5.216016901778548,4.340734479378543,4.971032819898782,45917223
2002-12-16,4.450145244598389,4.8735157405184655,4.29078718413242,4.566691409535612,27390341
2002-12-23,4.019639015197754,4.445387990328154,3.9910974531105463,4.445387990328154,8900482
2002-12-30,4.531013011932373,4.569068729494875,3.862658961873495,3.9720694901106426,18043023
2003-01-06,5.137527942657471,5.208882314692422,4.419225328556151,4.554798907618578,45679826
2003-01-13,5.491921901702881,5.884371836000183,5.163690717628765,5.163690717628765,56470255
2003-01-20,5.637009620666504,5.893885982028065,5.218396207029142,5.356348318618499,39832078
2003-01-27,5.708362579345703,5.9462110201517735,5.304020048511423,5.527597709893901,49732090
2003-02-03,5.553761959075928,5.824909074286413,5.484785683853632,5.767825494961047,23054997
2003-02-10,5.637009620666504,5.7012283707618865,5.32542775962812,5.553762555093958,24824149
2003-02-17,4.994817733764648,5.870100152076615,4.9115706808032495,5.708363124302455,32973872
2003-02-24,4.89016580581665,5.11136501836056,4.4834450242953325,5.085201534054481,34027236
2003-03-03,4.32646369934082,5.035252015173912,4.2313244042054965,4.987682140776278,34179310
2003-03-10,5.044767379760742,5.044767379760742,4.067210176425123,4.326465124612988,31281529
2003-03-17,4.804538726806641,5.394402756168355,4.721291681081099,4.737940999494227,32763840
2003-03-24,4.497714996337891,5.130391955645177,3.910229378026839,4.397818610465161,156236705
2003-03-31,4.599989891052246,4.752212781405661,4.316950057348866,4.359762858675764,109924014
2003-04-07,4.823566913604736,5.173203985145253,4.5666905959370245,4.783132657413526,84093859
2003-04-14,4.8758931159973145,5.344454388704857,4.740319575113706,4.852108180797054,50417805
2003-04-21,5.066172122955322,5.206502753595882,4.783132776244991,4.875893532422331,29457524
2003-04-28,4.780754566192627,5.43008081144396,4.652316168498091,5.006710351294532,42036746
2003-05-05,4.742699146270752,5.066172792956196,4.523878511388832,4.844974072330563,32681892
2003-05-12,4.89016580581665,5.006711534796327,4.6856163719784805,4.787890862067524,30318119
2003-05-19,4.752213478088379,4.840217633013007,4.450145738807169,4.780755501043953,38340005
2003-05-26,4.997195720672607,5.113741400476846,4.687992480075747,4.733183810174498,33515638
2003-06-02,4.804538726806641,5.125633761711026,4.752211779039778,5.078064345339218,33948402
2003-06-09,4.661831378936768,4.8687593504349875,4.640424974483838,4.802162050945942,32373633
2003-06-16,4.6023664474487305,4.873513467479512,4.5381472731278185,4.638043615295969,42127632
2003-06-23,5.154176712036133,5.206503215661582,4.569069200315279,4.578583357516261,54639808
2003-06-30,5.085200786590576,5.254073459360141,4.9163285674810275,5.113742806516424,33114300
2003-07-07,4.963897228240967,5.237422848238511,4.856865246926321,5.125633789163236,33068335
2003-07-14,4.873514652252197,5.132769497246484,4.811674001242009,5.0090881952261075,24137992
2003-07-21,4.994817733764648,5.078064786726047,4.692750076225257,4.913949219877568,29819941
2003-07-28,5.482407569885254,5.62511675609706,5.0471448468182425,5.092336187411647,53205913
2003-08-04,5.411052227020264,5.582302947371028,5.223151734127416,5.420566382758597,24742663
2003-08-11,5.698849201202393,5.744040538143802,5.399160524133986,5.468136345471965,20955020
2003-08-18,5.494300365447998,5.815395926780285,5.477651043261733,5.746419644968606,24744965
2003-08-25,5.3753743171691895,5.518083458160556,5.3087765970639245,5.477649209107333,22549803
2003-09-01,5.275480270385742,5.337320940308628,5.144663311589618,5.292129594276509,82012496
2003-09-08,5.284993648529053,5.475272725832058,5.135149289117709,5.258830621315658,47888640
2003-09-15,5.254073619842529,5.377754953865611,5.206503736399796,5.301643503285262,35873221
2003-09-22,4.930598258972168,5.23266589931076,4.8235667286822155,5.20888096358191,54973411
2003-09-29,5.035253047943115,5.0614165295941405,4.6975081406936745,4.921085870364159,58759218
2003-10-06,5.175583839416504,5.265966077227561,4.971033967449311,5.042388795504402,38458482
2003-10-13,5.111363887786865,5.244558912351023,5.00671042737075,5.151798148379911,35536050
2003-10-20,5.056660175323486,5.173205909183112,4.925843201975669,5.075688040980975,37049473
2003-10-27,4.952004432678223,5.299263389891895,4.892542322864776,5.06855011347339,42827291
2003-11-03,4.990059852600098,5.056657574984094,4.785510515384734,4.971031996727509,42027409
2003-11-10,4.923464298248291,5.097093600251649,4.842595769216037,4.994818669201444,33936889
2003-11-17,5.075685977935791,5.075685977935791,4.709399145833659,4.852108307089813,45941350
2003-11-24,5.113742828369141,5.1732049542804095,4.997197116022256,5.06141632088483,66811972
2003-12-01,5.073309421539307,5.3301858307187615,5.0209829052164885,5.154177962730996,35888194
2003-12-08,5.130393028259277,5.204125949971674,5.001955050233169,5.044767407135142,33984548
2003-12-15,5.463380336761475,5.4705159556734495,5.089958233242417,5.2255318169495855,41306044
2003-12-22,5.411052227020264,5.461000183666768,5.361104270373759,5.411052227020264,10424440
2003-12-29,5.468137741088867,5.468137741088867,5.306400665416735,5.384890663474084,14043692
2004-01-05,5.461000919342041,5.672686376437879,5.415810034476841,5.434837894856919,37488192
2004-01-12,5.527599811553955,5.670309021029339,5.384890602078572,5.470516218495816,38771509
2004-01-19,5.772582054138184,5.7868528342710315,5.456243630290532,5.513327204481847,35813853
2004-01-26,5.663172721862793,5.946212567080636,5.660794182396759,5.767826190068217,48294295
2004-02-02,5.356347560882568,5.744040360684573,5.189853453290573,5.729769579755528,54696119
2004-02-09,5.363483428955078,5.603710465501741,5.299264679509935,5.38013320482901,40778998
2004-02-16,5.415809154510498,5.525219220503889,5.27309999801746,5.3634822067224395,31110859
2004-02-23,5.273101329803467,5.396782660245321,5.194611341957678,5.2683442508649305,66415504
2004-03-01,5.299264430999756,5.430080916825942,5.249316013040314,5.3040210559378105,33823121
2004-03-08,5.106605529785156,5.380131581910448,4.916326970937871,5.315912398177039,52756732
2004-03-15,4.999575614929199,5.101850543252282,4.8259463175556006,5.0899578459705195,43189114
2004-03-22,4.921085357666016,5.009089044425375,4.7189140515620975,4.923463896991943,48070118
2004-03-29,5.189855575561523,5.258831876634733,4.866381384492934,4.9044375719658255,43361728
2004-04-05,5.040008544921875,5.304020003486746,5.018602149138251,5.220773412839203,31862338
2004-04-12,4.902058124542236,5.116121701031669,4.825946671004664,5.040010247494097,35626060
2004-04-19,4.952004432678223,5.056657872974658,4.864000764203864,4.87827154353432,33122159
2004-04-26,4.7878899574279785,5.025738450077674,4.733184912996948,4.9472484656496745,55699359
2004-05-03,4.702234745025635,4.935900952348514,4.605877569813481,4.82027234209393,46632064
2004-05-10,4.528791904449463,4.670918926954692,4.470977592501671,4.6131046150069,45162433
2004-05-17,4.591423511505127,4.714279078523648,4.338485876710505,4.456523470245811,48881096
2004-05-24,4.7431864738464355,4.793773817166612,4.485430864813744,4.576970063926692,43860223
2004-05-31,4.776910781860352,4.8058181598216105,4.593831946684871,4.721505471857388,37426827
2004-06-07,4.897359371185303,5.003352521548325,4.820273610727605,4.878087931070879,52491438
2004-06-14,4.914220333099365,4.986488556206071,4.841952569459894,4.880495437996577,57467934
2004-06-21,4.964807033538818,4.976851504983672,4.844360481221756,4.933490672634787,34979010
2004-06-28,5.034667015075684,5.253879756660022,4.9503543161277275,4.952763302893926,64729271
2004-07-05,4.9045844078063965,5.118979152333448,4.902175421304529,5.046711395146207,28618521
2004-07-12,4.86604118347168,5.010576687175718,4.851587265527547,4.880494641948651,24058233
2004-07-19,4.723913669586182,4.933490401811594,4.702233254601882,4.837133257140881,29662998
2004-07-26,4.957581043243408,4.998532897408091,4.6564646036405115,4.699825444458084,33278567
2004-08-02,4.709461212158203,4.952763364987601,4.699825724439854,4.952763364987601,24770795
2004-08-09,4.632374286651611,4.721504937431908,4.5311991644399585,4.69741553510206,26497258
2004-08-16,4.728732585906982,4.820272245117329,4.536018239359797,4.603468490384934,22973293
2004-08-23,4.887722492218018,4.959990257248376,4.726324054814123,4.774502411678614,22230538
2004-08-30,4.673326015472412,4.858813811449248,4.564924396909663,4.841951368081739,136709203
2004-09-06,4.75523042678833,4.760048399757441,4.644419805301922,4.707052075498793,38833359
2004-09-13,4.93589973449707,4.93589973449707,4.764865848128681,4.793772763826397,73241344
2004-09-20,4.890130043029785,4.947944794870042,4.827498237559287,4.919037418949913,39385924
2004-09-27,5.037075519561768,5.049119992772303,4.77931993333183,4.904584476377078,49240076
2004-10-04,5.111751556396484,5.18401976405327,5.065982196961039,5.075617682301661,48204800
2004-10-11,5.020212173461914,5.0900709326025595,4.95035295485415,5.0467105611361855,36149210
2004-10-18,5.109344482421875,5.176794742918768,4.9768534079989255,5.032258732978173,33362881
2004-10-25,5.405641555786133,5.480318291770446,4.967216165959241,5.022621471384145,59683394
2004-11-01,5.400823593139648,5.497180746112605,5.335782342582722,5.379143176287339,39459949
2004-11-08,5.528497219085693,5.535723718536907,5.239425294891048,5.391187756439585,45429679
2004-11-15,5.545360565185547,5.658580183174793,5.39359761950008,5.5381336050923995,40854225
2004-11-22,5.569449424743652,5.6007653297984685,5.427322439832252,5.489954709409071,35045886
2004-11-29,5.853703022003174,5.906699805991141,5.571858034456818,5.571858034456818,60849365
2004-12-06,5.834431171417236,5.950060217626159,5.738074015799101,5.824795685589003,38452550
2004-12-13,5.774209022521973,5.971741804557181,5.7477110867047045,5.832023327214991,44427579
2004-12-20,5.776617527008057,5.846476759846365,5.581494207527227,5.742892633619748,35443803
2004-12-27,5.8681559562683105,5.930788216264878,5.747709408459632,5.7573448933614255,14677477
2005-01-03,5.993422031402588,6.0175114409550785,5.848886493022188,5.86574894186875,36712609
2005-01-10,5.81274938583374,5.993419182394015,5.728437181679254,5.993419182394015,55535773
2005-01-17,5.636899471282959,5.860930168462415,5.5742671987782675,5.793479922811084,47592211
2005-01-24,5.730848789215088,5.805525543972743,5.5212715271611525,5.588721780809292,43001181
2005-01-31,5.822386741638184,5.913925925274808,5.730847558001559,5.7982973376915465,31328627
2005-02-07,5.841659069061279,6.0199199504656375,5.764573332180176,5.875383964079953,52591944
2005-02-14,5.694714069366455,5.950061145926506,5.67544263523619,5.863339462606698,45980837
2005-02-21,5.593539237976074,5.7284397438956525,5.434549782647597,5.680260926143338,54453331
2005-02-28,5.600764274597168,5.636898145765666,5.4273214173081215,5.528496532260174,54125071
2005-03-07,5.475501537322998,5.6633983716764,5.468275036422607,5.588721619079782,34831646
2005-03-14,5.497181415557861,5.552586727831161,5.35987239841655,5.4779099826164,36098690
2005-03-21,5.557405948638916,5.567041897006637,5.40323445049384,5.473093238290587,26662034
2005-03-28,5.583902359008789,5.639307663993949,5.477909262039724,5.557403969899736,26901687
2005-04-04,5.545360565185547,5.591129934040449,5.446594407915362,5.528498117768769,41859373
2005-04-11,5.497181415557861,5.6320814461480895,5.4514115900216895,5.506817361762193,34290011
2005-04-18,5.511634349822998,5.576675602098478,5.350235942028563,5.444184570693309,37562031
2005-04-25,5.475501537322998,5.535724828651585,5.340601493397793,5.489955458058279,34684898
2005-05-02,5.641717910766602,5.670625292568678,5.458639051266108,5.511635381858127,27307153
2005-05-09,5.514043807983398,5.627263877440225,5.456229509724832,5.607992444687369,31220949
2005-05-16,5.713984489440918,5.754936337133446,5.485136307190912,5.485136307190912,30612882
2005-05-23,5.656172275543213,5.7934813272377585,5.627265348590319,5.752529464498393,44810678
2005-05-30,5.630217552185059,5.8172353312614025,5.625296389873213,5.758177159345603,33197365
2005-06-06,5.610531330108643,5.659746706602756,5.497336621265843,5.526865471680219,109027312
2005-06-13,5.644983291625977,5.672051331124502,5.526866460772351,5.6351400268245495,82207354
2005-06-20,5.576083660125732,5.6868180784032045,5.56131922747302,5.598230543781227,47710436
2005-06-27,5.972264766693115,6.028862135318799,5.526866858762126,5.536710124272367,98342004
2005-07-04,6.036242485046387,6.051006908823948,5.6991182682161785,5.9919487443611334,68229014
2005-07-11,6.0633111000061035,6.114987292224567,6.021478170820724,6.053468306325634,41822139
2005-07-18,5.866450309753418,6.082996925366655,5.836920991129859,6.080536109701976,67868887
2005-07-25,6.26755428314209,6.324152108400738,5.876293484743728,5.908283621109828,67350753
2005-08-01,6.159283638000488,6.35614428826283,6.154362004405726,6.26755676096837,39944797
2005-08-08,6.210957050323486,6.348759453759014,6.159281325042403,6.161742140915688,27734576
2005-08-15,6.299544334411621,6.31184794401538,6.156820303985967,6.193731602149863,26717868
2005-08-22,5.991949558258057,6.353681040734627,5.959959421483401,6.287240420682002,42531448
2005-08-29,5.871372699737549,6.122369828383075,5.868911883754901,5.915666448719894,64017927
2005-09-05,5.8836750984191895,5.972262578137239,5.844302989511736,5.851685435939094,63035271
2005-09-12,5.9550395011901855,5.974725562791114,5.84676592770871,5.891059683648983,68586672
2005-09-19,5.8959784507751465,5.967340688420737,5.750794098819969,5.927968581220598,67079976
2005-09-26,5.8762946128845215,5.967342938460768,5.8196972461128444,5.898441490204346,44530938
2005-10-03,5.797549724578857,5.918126893614723,5.716344673213778,5.903362466826344,68934797
2005-10-10,5.814774990081787,5.866451188071766,5.691737004542283,5.807393011335123,42468610
2005-10-17,5.635138988494873,5.841842817710634,5.590845243755409,5.817235129593974,49500764
2005-10-24,5.325084686279297,5.718806394676438,5.1946647018531165,5.662209025232898,90896676
2005-10-31,5.4062886238098145,5.465346797358523,5.298015540313504,5.381681403512334,62304122
2005-11-07,5.322622776031494,5.453043203008142,5.293093923847911,5.389063397473521,45771902
2005-11-14,5.231574535369873,5.386602170896117,5.130683437621304,5.327544001678852,67241555
2005-11-21,5.369377136230469,5.430896123527981,5.1798985427095,5.204506231499031,54424673
2005-11-28,5.295555591583252,5.401368345859222,5.224193326847284,5.39152508064624,55200985
2005-12-05,5.263563632965088,5.3619943737235785,5.152829753640621,5.285710502700493,44577820
2005-12-12,5.145448207855225,5.3349268068203095,5.145448207855225,5.278329449525068,57262618
2005-12-19,5.138064861297607,5.179897785317311,5.00764492768225,5.1454473076608105,49217434
2005-12-26,5.165133953094482,5.229113754173745,5.103614967751262,5.13806544935063,18488954
2006-01-02,5.381680488586426,5.39644491212538,5.177437497112738,5.202044713226807,49198482
2006-01-09,4.800941467285156,5.398906054356953,4.759108540265861,5.384141160571844,150062790
2006-01-16,4.5966997146606445,4.828011284044628,4.577013653607926,4.776335080435793,91594889
2006-01-23,4.746804714202881,4.7714119306799425,4.527796826606994,4.552404512436625,72127272
2006-01-30,4.463818073272705,4.722198130773995,4.4219851384021736,4.717276498588596,78411623
2006-02-06,4.569630146026611,4.668060428486149,4.358004686724148,4.461356600644815,89471180
2006-02-13,4.7123541831970215,4.746805134147369,4.530258042912025,4.567169340245687,90871817
2006-02-20,4.591777324676514,4.734501361105535,4.55732684085481,4.712354487405114,54966054
2006-02-27,4.46627950668335,4.606542757885298,4.414603769652208,4.569631450098376,67104545
2006-03-06,4.645914554595947,4.645914554595947,4.4687400080968205,4.55240588350403,70137363
2006-03-13,4.57701301574707,4.6877469177292665,4.532719267213131,4.670521675377768,53147290
2006-03-20,4.754188537597656,4.815707541385106,4.54256301437595,4.601621671042322,71508359
2006-03-27,4.567168712615967,4.7492648278769405,4.515492997320745,4.73696122024071,53040598
2006-04-03,4.508111000061035,4.623766988510232,4.458896095262575,4.606541279010549,55218982
2006-04-10,4.38999605178833,4.520416505931733,4.3555455606138525,4.508112423831747,42914456
2006-04-17,4.429368019104004,4.468740141725599,4.330937712550015,4.389995896482408,45666839
2006-04-24,4.554867267608643,4.660680033188776,4.476123014903269,4.490887444947334,56639211
2006-05-01,4.584395885467529,4.618846846220395,4.505651636922827,4.554867026939638,50606168
2006-05-08,4.492033004760742,5.018056699016175,4.486824731347134,4.869624383546382,99526245
2006-05-15,4.382661819458008,4.585780015774644,4.327976437769855,4.442555474646451,81455201
2006-05-22,4.452971935272217,4.452971935272217,4.26287442639365,4.361829137538237,65998214
2006-05-29,4.606612682342529,4.658693928063518,4.3097475453108425,4.426931217387601,59940238
2006-06-05,4.502449989318848,4.611820761507965,4.442555832615992,4.609217121236323,66987952
2006-06-12,4.413910865783691,4.5310940368089945,4.346204801847871,4.49203297980056,67606920
2006-06-19,4.33057975769043,4.46859601511538,4.304539385490629,4.452971692457846,55117739
2006-06-26,4.377452850341797,4.387869395687096,4.197771913329355,4.361828529012067,53588024
2006-07-03,4.400889873504639,4.468595932689418,4.35141227319879,4.3800572781161105,35277067
2006-07-10,4.213397026062012,4.4399514663056125,4.213397026062012,4.374849535734045,44623014
2006-07-17,4.27329158782959,4.354017859758968,4.12746337154365,4.229022245799591,47007081
2006-07-24,4.27849817276001,4.387869415949617,4.15350235982441,4.304539039555292,65644337
2006-07-31,4.30193567276001,4.340996731596272,4.218605281459102,4.278498938120591,45533795
2006-08-07,4.096213340759277,4.2680823972464985,4.036319684008221,4.239437885624169,53596938
2006-08-14,4.27329158782959,4.296728327533025,4.101422494463342,4.140483561739595,41986122
2006-08-21,4.27329158782959,4.322769204613333,4.236834657930209,4.262875535010517,32938765
2006-08-28,4.314956188201904,4.3462053356597234,4.239438201602061,4.270686852371531,26785505
2006-09-04,4.314956188201904,4.351413112995735,4.286311177756266,4.314956188201904,43294706
2006-09-11,4.512864589691162,4.572758230451291,4.286309713888349,4.291517986133972,80295357
2006-09-18,4.564947128295898,4.6665059716545905,4.400890000282955,4.505052980226263,65426990
2006-09-25,4.713379859924316,4.7524409188235595,4.585780135953021,4.598800323356665,65210841
2006-10-02,4.843583583831787,4.869624454591458,4.643069524677108,4.718588000211324,56133036
2006-10-09,4.921705722808838,4.963370917546971,4.765460994196686,4.80973032569199,49719528
2006-10-16,4.919101238250732,4.9555586535851335,4.840979127812365,4.937329697573801,37230209
2006-10-23,5.353984832763672,5.4086707352092915,4.887855076470337,4.929520289434372,101317219
2006-10-30,5.288880348205566,5.361794684395815,5.218570645355566,5.2862762115535995,51701858
2006-11-06,5.145656585693359,5.327941690932579,5.111803304086784,5.286276495638568,55820794
2006-11-13,5.278465270996094,5.364399809593827,5.148261394533566,5.148261394533566,50561041
2006-11-20,5.20034122467041,5.281067963611841,5.169092581012248,5.252422959684996,34606265
2006-11-27,5.0414958000183105,5.215969067795059,4.952957097165124,5.171699716368465,52814784
2006-12-04,5.103989601135254,5.148258917702045,4.984201834141767,5.033679422466564,39477565
2006-12-11,5.46335506439209,5.5050202691458425,5.135241204439975,5.1534701661221085,71105420
2006-12-18,5.395646572113037,5.481581080614422,5.3748139790426475,5.463352623763855,45995893
2006-12-25,5.45554256439209,5.515436227722197,5.395648404373617,5.395648404373617,12895804
2007-01-01,5.627411365509033,5.718553676270302,5.455542298518724,5.455542298518724,43273581
2007-01-08,5.770633220672607,5.8279227222479815,5.611784402488325,5.624805082406469,62421659
2007-01-15,5.7263641357421875,5.817506912131694,5.611784631232859,5.7810500002511604,46873016
2007-01-22,5.564913272857666,5.773239253099131,5.505019118935968,5.760219065592158,51786913
2007-01-29,5.491997241973877,5.663866246974606,5.434707739203022,5.468560514320309,64126062
2007-02-05,5.585744380950928,5.645638022208392,5.471164874036684,5.491997466503984,44569623
2007-02-12,5.611785888671875,5.616994162018453,5.523247228533191,5.538872048572924,38591654
2007-02-19,5.585744380950928,5.640429749919522,5.442519873136077,5.616993021307786,49289849
2007-02-26,5.174301624298096,5.603974263737291,5.119615744721302,5.57012098193063,88191096
2007-03-05,5.163883209228516,5.179507527732529,5.025866988493361,5.077948712424246,68939491
2007-03-12,5.049305438995361,5.215966714478258,4.916497444635304,5.197737757195337,67015919
2007-03-19,5.226383686065674,5.260236973155847,5.0336820024447375,5.101388079936696,52801140
2007-03-26,5.14825963973999,5.228985876558331,4.981598396926647,5.210757419536918,62157517
2007-04-02,5.322733402252197,5.3383577248130845,5.150864364017666,5.171696959661602,44666467
2007-04-09,5.413875579833984,5.455540766391751,5.294087795964255,5.322732797980795,43501472
2007-04-16,5.473769664764404,5.497206396178832,5.301900632184093,5.424292065479696,65023111
2007-04-23,5.588348388671875,5.700323766820711,5.4034591804266565,5.486789555787218,66419736
2007-04-30,5.7263641357421875,5.744592591682454,5.570119447172772,5.572723583262548,40899902
2007-05-07,5.752404689788818,5.781049688543688,5.580535690635889,5.728967962932678,53969664
2007-05-14,5.710740566253662,5.770634214123734,5.572724315489888,5.770634214123734,56484874
2007-05-21,5.838341236114502,5.916463355230168,5.66647217670938,5.728969971339578,79916307
2007-05-28,6.098748683929443,6.1768707994820735,5.840945106579806,5.853965293609145,61150491
2007-06-04,5.858988285064697,6.474126765971303,5.795543622256118,6.452059034292831,80905967
2007-06-11,5.911397933959961,5.9665669869183215,5.773474512359909,5.892088739117729,62704816
2007-06-18,5.792784690856934,5.938983731987589,5.773475492735868,5.922432539767085,54543512
2007-06-25,5.62727689743042,5.732099018586802,5.569349298477864,5.621759832919825,120685959
2007-07-02,5.62727689743042,5.649344629336569,5.555556637201376,5.6190018268007575,51135709
2007-07-09,5.696237564086914,5.740373019675939,5.550039064749317,5.679686899775063,76159740
2007-07-16,5.558314323425293,5.732098146103775,5.544522190384337,5.707271885721135,48035943
2007-07-23,5.3514299392700195,5.591416982043805,5.301777411376393,5.544522986381628,77090816
2007-07-30,5.577622890472412,5.682444983840321,5.304534583228793,5.453492128708635,94259825
2007-08-06,5.492110252380371,5.792783334198713,5.464525464609355,5.558313427349171,92286889
2007-08-13,5.792784690856934,5.864504945403886,5.5748653951793266,5.6410691117889655,118018198
2007-08-20,6.00242805480957,6.043804980774938,5.795542898846568,5.803818494494106,63197625
2007-08-27,6.107248306274414,6.14310868680504,5.927947982029416,6.032770066203199,61168961
2007-09-03,6.057597637176514,6.198279618516782,5.983119374461482,6.151385624736693,52371068
2007-09-10,6.223104953765869,6.2810330673933406,5.994152083237745,6.068630860986155,55381854
2007-09-17,6.267243385314941,6.333446599376366,6.06863374313067,6.209315770312337,67510249
2007-09-24,6.47964334487915,6.509986670964386,6.2479319165501535,6.283792306675648,57894537
2007-10-01,6.341720104217529,6.509986879892375,6.253449181285219,6.441025155584481,66883516
2007-10-08,6.60929012298584,6.697561554930564,6.31689261596075,6.338960342412905,66227314
2007-10-15,6.661703109741211,6.694804972122994,6.429991651477495,6.581707775367638,59543593
2007-10-22,7.078231334686279,7.227188911606546,6.493436207702614,6.578948598451544,99235661
2007-10-29,7.075471878051758,7.1720183846102765,6.885137396680522,7.1554677202716,59821652
2007-11-05,6.8437604904174805,7.19684466274876,6.769282237633276,7.034094972279635,56232271
2007-11-12,7.15546989440918,7.196846830896018,6.791352011506942,6.802385615706495,60765391
2007-11-19,7.075471878051758,7.538894688623741,6.95134110630749,7.149950656779998,79912715
2007-11-26,7.158227443695068,7.296150897129376,6.959617334022483,7.075473055952751,56209333
2007-12-03,6.879621505737305,7.329251699827731,6.774799394092249,7.155468392602548,80115163
2007-12-10,6.802383899688721,6.984442795212367,6.675494589654247,6.821693096769082,58504786
2007-12-17,6.802383899688721,6.896171879338618,6.68376965918231,6.741697776559558,55944040
2007-12-24,6.799625396728516,6.896171908677228,6.749972874804253,6.893413376777419,10542273
2007-12-31,6.703078746795654,6.86306991073807,6.639634092814522,6.772040464462836,31455983
2008-01-07,6.99823522567749,7.210636912748067,6.708595700540287,6.73066342878669,77494852
2008-01-14,6.805142402648926,7.036853818900618,6.658943370019405,6.96789210040038,84166408
2008-01-21,6.402405738830566,6.824451648481082,6.110008197615366,6.722388599006644,130320441
2008-01-28,6.529296875,6.647911139460656,6.26448354776333,6.300343943414176,65549759
2008-02-04,6.592740535736084,6.658943725898118,6.1706951326860935,6.58998200371231,115768548
2008-02-11,6.432746887207031,6.824449339614909,6.407920634677688,6.532051897324403,80945471
2008-02-18,6.267243385314941,6.562400104776308,6.201040171253518,6.4520608885375585,61388287
2008-02-25,6.145869731903076,6.479644261512867,6.121043466346086,6.3058609287501985,55890647
2008-03-03,5.856230735778809,6.170696622648945,5.8369215330862145,6.0796671484293485,55507324
2008-03-10,5.690721035003662,6.126559094475698,5.660378235271884,5.856229272072981,72915749
2008-03-17,5.585899353027344,6.027254468864146,5.561073091589662,5.561073091589662,120618468
2008-03-24,5.905880451202393,5.938982301534357,5.5858981779163415,5.5858981779163415,51052736
2008-03-31,6.082423210144043,6.178969718872835,5.801059805517243,5.8148519384201505,66703843
2008-04-07,6.129316329956055,6.362407236388965,6.0575960915256255,6.121041261841513,53703794
2008-04-14,5.479699611663818,6.158283383870776,5.314191336042391,6.089321646206541,156292399
2008-04-21,5.525213718414307,5.621759714637226,5.385910736202005,5.483836261591663,73042021
2008-04-28,5.68520450592041,5.704513703816689,5.483835878671347,5.525213332604724,46093710
2008-05-05,5.6369309425354,5.7238228585495845,5.569348750408063,5.681066402004407,45387194
2008-05-12,5.6369309425354,5.750028123191751,5.610725677893234,5.646585541410735,44513073
2008-05-19,5.544522285461426,5.634172204037248,5.4521133088667195,5.627276137398517,58789909
2008-05-26,5.764074325561523,6.188142765901163,5.66212088951919,5.951728192442265,80588134
2008-06-02,5.243963718414307,5.8157905155209155,5.224754903190017,5.799536945996938,95212293
2008-06-09,5.474468231201172,5.478901382376793,5.261695575405644,5.314888880268422,78520626
2008-06-16,5.199635028839111,5.520272106620479,5.130188735258504,5.472989307889053,69575364
2008-06-23,5.158263206481934,5.384334144428225,5.0474440308368145,5.205546009664746,58018419
2008-06-30,5.857163429260254,5.972415205125778,5.467079975264133,5.613361552340448,124148396
2008-07-07,5.736001014709473,6.043339827365825,5.73304576878137,5.892625666965752,69289587
2008-07-14,5.879327774047852,5.901491274653595,5.543914945916369,5.811358803674662,67760648
2008-07-21,5.73304557800293,5.910356382200033,5.558690019635589,5.910356382200033,69618096
2008-07-28,5.967982292175293,6.13495001850755,5.620749078703444,5.746343926898237,55912176
2008-08-04,5.972414016723633,6.072890106233415,5.889669399707644,5.911832894841743,47782100
2008-08-11,5.845343112945557,6.07289142272319,5.805448136669176,5.954684398749961,43888700
2008-08-18,5.806924819946289,5.96354946125,5.673942144414145,5.845342450669599,36053992
2008-08-25,5.950249671936035,5.984234143879921,5.709402559679839,5.811356539166846,36726606
2008-09-01,5.710882186889648,6.108353458132518,5.703493790348897,5.914789080068538,49351893
2008-09-08,5.986894130706787,6.002143828658392,5.800852469429183,5.935046321104324,52788485
2008-09-15,6.246133804321289,6.343729554120597,5.764254353399787,5.851175604422081,158363824
2008-09-22,6.166837215423584,6.212585732909903,5.930472395849379,6.197336033175609,71025115
2008-09-29,6.218684673309326,6.2644331881636095,5.889298740314363,6.191235797083368,81198390
2008-10-06,5.164955139160156,6.157688237767198,5.001787126258935,5.977745845306985,141582501
2008-10-13,6.255284309387207,6.325431189526739,5.285425421487182,5.434869002456166,139123168
2008-10-20,5.808477878570557,6.427601744920153,5.46841741759883,6.342205169028856,112980289
2008-10-27,6.008244037628174,6.3132310328028725,5.4043693450777095,5.46231703704153,108212823
2008-11-03,6.037217617034912,6.297981359346165,5.76120417587367,6.060091874451632,68133869
2008-11-10,5.97012186050415,6.255284595299574,5.686483805035093,6.055517863980153,56166347
2008-11-17,5.720031261444092,5.994520042768265,5.645309767863178,5.939622286503431,65470072
2008-11-24,6.166837215423584,6.166837215423584,5.652934259567426,5.7947532676552616,59356741
2008-12-01,6.136338233947754,6.2522330292667085,5.8557501918046855,6.130238354795047,59284489
2008-12-08,5.912173748016357,6.3559298610281205,5.797803609799752,6.267483341583309,64150232
2008-12-15,6.1866607666015625,6.240033254757918,5.880149111430145,6.038741896973243,67963849
2008-12-22,6.044842720031738,6.261383809472168,5.871000209500405,6.157688174818991,21525459
2008-12-29,6.236984729766846,6.243084028001696,5.974695709021505,6.031118144280711,17237763
2009-01-05,6.188187599182129,6.352880305697726,6.057043073008304,6.302557744326746,46073545
2009-01-12,5.808477878570557,6.169887338085962,5.72155662351896,6.130239281035784,58572737
2009-01-19,5.82525110244751,6.0326423301059595,5.645308747962471,5.9167469585479004,51458511
2009-01-26,5.3555707931518555,5.796276852210874,5.244250623837566,5.755104124994681,70529732
2009-02-02,5.694108963012695,5.767305794413899,5.2366283304676475,5.273227037026602,52083151
2009-02-09,5.553813457489014,5.7047822911309085,5.456217702362231,5.701732351068623,39568624
2009-02-16,5.309823989868164,5.625485510113129,5.2595014338882455,5.5568633140345325,48960248
2009-02-23,5.431820392608643,5.476043664199663,5.114634093320959,5.331174667235455,55131948
2009-03-02,5.314399242401123,5.482142472997727,5.219853417489691,5.350997945243709,68645985
2009-03-09,5.383021354675293,5.427244616853728,5.079559563515164,5.306774591629703,62220973
2009-03-16,5.20612907409668,5.468418134514748,5.177155512519874,5.404370548770417,60009679
2009-03-23,5.186303615570068,5.4836660532739865,5.186303615570068,5.268650244174205,51467815
2009-03-30,5.10700798034668,5.430294063381526,5.0719339606244995,5.184779415625769,66840302
2009-04-06,5.145131587982178,5.24272734708586,5.065834888281283,5.213753206171785,35845201
2009-04-13,5.1985039710998535,5.257976349120949,5.001787196325,5.145131473315946,41546401
2009-04-20,4.977388858795166,5.262551604615375,4.8523442073994945,5.2488271632808905,73330172
2009-04-27,5.145131587982178,5.224427705966462,4.882842549103573,4.911816108301038,43707688
2009-05-04,5.129880428314209,5.236625977623378,4.943838201852985,5.235101298821958,58827036
2009-05-11,5.187828063964844,5.349471356093179,5.038384529000807,5.105481448255138,59647619
2009-05-18,5.088709354400635,5.265601840572971,5.049061289274379,5.164956125711413,43547191
2009-05-25,5.2610249519348145,5.343371569055307,5.05820834847691,5.111581414410466,38011508
2009-06-01,5.223320484161377,5.78968476430948,5.218409697516321,5.745488621140764,49131204
2009-06-08,5.2658796310424805,5.3526353047436865,5.215136394412534,5.254421440550264,37050213
2009-06-15,5.319896221160889,5.375550545066933,5.1774865541749024,5.265878513653074,54918607
2009-06-22,5.270790100097656,5.377187659725216,5.192219080577159,5.3084385249896675,46532374
2009-06-29,5.313348293304443,5.467216454383261,5.265878302145047,5.31171167697195,46220733
2009-07-06,5.090731143951416,5.38537171541751,5.071088314302135,5.257693791015465,37482168
2009-07-13,5.355909824371338,5.398468733682705,5.05799527370557,5.090733232481421,35249902
2009-07-20,5.418109893798828,5.460669416809699,5.264242338079417,5.401741230748168,38730278
2009-07-27,5.732394218444824,5.792959030273568,5.405015912133352,5.46721796517141,49901490
2009-08-03,5.797867774963379,5.843701148778969,5.568703403582944,5.738940221927984,47616597
2009-08-10,5.683285236358643,5.878075022899015,5.653821151077,5.778224581047257,34356314
2009-08-17,5.8125996589660645,5.8371532737050265,5.534328688854421,5.637452372139594,37357403
2009-08-24,6.090773105621338,6.324252922049254,5.958806561528036,6.040016792154802,46717170
2009-08-31,6.038326263427734,6.078931712968668,5.911435121039691,6.05693706757559,42723864
2009-09-07,6.1719865798950195,6.3530179351531455,6.060322373423635,6.073857741675624,44941034
2009-09-14,6.153373718261719,6.325945733487034,6.094158115420434,6.131379720293051,50453053
2009-09-21,6.185518741607666,6.290415209575297,6.112767788471627,6.141529462994386,41385469
2009-09-28,5.979111194610596,6.327639129493911,5.958808790709192,6.1905964510054226,47174418
2009-10-05,6.0281758308410645,6.161834020201043,5.928354765631902,5.975727255764463,42944785
2009-10-12,5.8945159912109375,6.117844328623616,5.870829750182573,6.080622723920949,45094889
2009-10-19,6.012948513031006,6.143223498632383,5.8826735274296285,5.921586734234964,44485007
2009-10-26,5.7050251960754395,6.095849448672405,5.684722151352285,6.048476968454988,60723694
2009-11-02,5.847143650054932,5.908050851852004,5.676263229258249,5.703333311857508,44663883
2009-11-09,5.892826557159424,5.911436720942308,5.814999478259245,5.858988780950898,32928749
2009-11-16,5.720252990722656,5.950348389176568,5.718560747381573,5.936813669456565,40862619
2009-11-23,5.8640618324279785,5.911434312578864,5.7236359896657225,5.752397668214007,50933559
2009-11-30,6.0298662185668945,6.041709338722871,5.831916371329872,5.864061890981575,50694195
2009-12-07,5.836991786956787,6.070471639147518,5.713484501956334,6.068779396045221,42635071
2009-12-14,5.737173557281494,5.908053406567049,5.737173557281494,5.908053406567049,49603949
2009-12-21,5.877598285675049,5.91989533519792,5.735480173462129,5.764241857344839,28448407
2009-12-28,5.897900581359863,5.984186276838883,5.884365215966118,5.919895227423827,12585048
2010-01-04,5.8640618324279785,6.0163314406295925,5.820073193059533,5.982493678206829,49087920
2010-01-11,5.782851696014404,5.941888343298814,5.757473212381031,5.887748180589157,40130641
2010-01-18,5.725329399108887,5.886058337427676,5.6965670660572645,5.813307351087612,44484311
2010-01-25,5.625507831573486,5.75578282722656,5.5595245347080375,5.6982588115537975,46773924
2010-02-01,5.491848945617676,5.759166617665991,5.491848945617676,5.603513134414645,54483636
2010-02-08,5.56459903717041,5.640733845885759,5.491848069442596,5.491848069442596,42576558
2010-02-15,5.793003082275391,5.7963862776387165,5.5662909142361885,5.593360994954229,31661899
2010-02-22,5.82853364944458,5.867446858199091,5.650886167599464,5.8234575645449365,48459366
2010-03-01,5.996029376983643,5.996029376983643,5.804847182007521,5.869138231188039,36186687
2010-03-08,6.006180763244629,6.053553250059978,5.952040593912309,5.996029239469172,27655500
2010-03-15,5.950347423553467,6.063703829146447,5.921585745439826,6.016331349711448,41239661
2010-03-22,5.985877513885498,6.040017675555101,5.9215858298772295,5.970650553078319,29874880
2010-03-29,6.0281758308410645,6.0501698324587405,5.938505644716438,6.004489585774784,25585894
2010-04-05,5.943582057952881,6.03832704345122,5.853911866875341,6.028176163806004,29061982
2010-04-12,5.809921741485596,5.970650630900406,5.804846302950928,5.957115267605765,41831116
2010-04-19,5.776084899902344,5.875905961215435,5.699950082731045,5.853911315054449,43852263
2010-04-26,5.56459903717041,5.8251489845955255,5.486772630662131,5.820073545815061,61822108
2010-05-03,5.276979446411133,5.586593804185384,5.055342697348604,5.547680600072425,102430264
2010-05-10,5.241448879241943,5.505382629095764,5.217762641191263,5.337886074392043,78475848
2010-05-17,5.19915246963501,5.370032562786511,5.094255983273228,5.192385110531426,78073642
2010-05-24,5.273595333099365,5.314200455647192,5.036731956886632,5.234682130995302,59331521
2010-05-31,5.22283935546875,5.392027538607084,5.095948218114999,5.265136401253333,58274914
2010-06-07,5.361575126647949,5.375110172209565,5.050268756029832,5.160241041555582,70813740
2010-06-14,5.488084316253662,5.578958482706378,5.406119581723806,5.45244760814245,59860796
2010-06-21,5.233280658721924,5.545103637648417,5.194079838146431,5.537976092140118,62740085
2010-06-28,5.062223434448242,5.274263160701923,4.992731563265473,5.268917501433986,69454174
2010-07-05,5.325937747955322,5.402557182673717,5.055097405974705,5.080043141981563,58971620
2010-07-12,5.249316692352295,5.439974446788209,5.242189487062574,5.3526640578637545,41042183
2010-07-19,5.331282615661621,5.350883028100928,5.153098036715525,5.2208080271765915,43473822
2010-07-26,5.726851940155029,5.785653174203557,5.2920818363993805,5.350882730587814,70508154
2010-08-02,5.76605224609375,5.865835160791953,5.7019056982334035,5.719723881652332,40509947
2010-08-09,5.880091667175293,5.8925645345159205,5.714379938540912,5.817727330472156,47266488
2010-08-16,5.735762119293213,5.937110910774005,5.7232892514751414,5.881873439208035,38804083
2010-08-23,5.878309726715088,5.885436593489493,5.676960956422787,5.776743888466922,47671769
2010-08-30,6.007745742797852,6.035481909748504,5.815438548276952,5.8820061248742785,45140181
2010-09-06,6.042880058288574,6.053974951151007,5.900498774089007,6.029936369304808,32282639
2010-09-13,5.994802951812744,6.087258277081008,5.967066777459157,6.0687674941786165,35554985
2010-09-20,5.987405300140381,6.133484134994504,5.869062278789763,6.022538059468698,37981548
2010-09-27,5.874612331390381,6.0743154970609385,5.832082960047376,6.015144136463865,42584415
2010-10-04,5.9374799728393555,5.972612735826221,5.787702120442264,5.889403170516846,34063895
2010-10-11,6.14088249206543,6.170468167729165,5.830232897596206,5.917140775772295,45998564
2010-10-18,6.164919376373291,6.198203340502042,6.072464077210751,6.111295133568309,34279721
2010-10-25,6.384964466094971,6.445985318672984,6.146430265650574,6.185261332539413,50428048
2010-11-01,6.347981929779053,6.45153142564473,6.305451866402178,6.416398661744309,36498406
2010-11-08,6.214847564697266,6.38681453961036,6.183412384844595,6.35907765770378,32914887
2010-11-15,6.212996959686279,6.255527025824428,6.1057491598083065,6.177864193504856,32417990
2010-11-22,5.985558986663818,6.268472829057552,5.935633014476689,6.266623327099703,33387868
2010-11-29,5.8820085525512695,6.035484400769467,5.769213279104316,6.015144113383845,49174286
2010-12-06,5.909743785858154,5.954122649079204,5.787702793722894,5.906045841163942,31486537
2010-12-13,5.88570499420166,5.985556545157345,5.88570499420166,5.928234704655338,35860434
2010-12-20,5.9245381355285645,5.967067505696993,5.883857561724747,5.9319347317434845,22749564
2010-12-27,5.767362594604492,5.935630885429252,5.767362594604492,5.917140104753126,16797522
2011-01-03,5.893103122711182,6.016993283923978,5.809893181340979,5.839478859897249,34533056
2011-01-10,5.852420806884766,5.898648459944975,5.763663797654524,5.880157328183091,44049146
2011-01-17,5.965216159820557,6.028085797454882,5.774758451124521,5.861666666336741,57343661
2011-01-24,5.872762203216553,6.085409377169543,5.867214756826988,5.93193390663803,44086690
2011-01-31,6.083561420440674,6.13718497949315,5.826535345286169,5.880159257027764,39764899
2011-02-07,6.005898475646973,6.14827977616136,5.968916200579379,6.100203312338247,35910201
2011-02-14,6.083561420440674,6.098353907475697,5.924538128889309,6.039182548579129,41953626
2011-02-21,5.922688007354736,6.157524622003431,5.8431767225888205,6.098353269298991,51300451
2011-02-28,5.8061933517456055,5.985556524765296,5.7784568295018,5.924536387442333,48755274
2011-03-07,5.721136093139648,5.819138520199001,5.698946658081639,5.787703692935466,41643441
2011-03-14,5.551017761230469,5.728531814775213,5.425278463625071,5.7100406793587,83226221
2011-03-21,5.802494525909424,5.809891119267813,5.649018740612687,5.6767556130176615,46261105
2011-03-28,5.874612331390381,5.874612331390381,5.750722162881836,5.793251534224841,34091350
2011-04-04,5.867213726043701,5.907894287042057,5.8024949402918695,5.872761171458661,31681107
2011-04-11,5.785853862762451,5.909743648010502,5.747022446522057,5.839477762812752,34126693
2011-04-18,5.695247173309326,5.820986456161057,5.632377531883461,5.80989191728856,38308824
2011-04-25,5.856119155883789,5.882006528967375,5.66011400391733,5.695246766619624,25749418
2011-05-02,5.822836875915527,5.896801072360725,5.756268922770295,5.872762840774452,36940084
2011-05-09,5.752570152282715,5.867214552155235,5.71743703175253,5.7950995150519065,40653836
2011-05-16,5.826533794403076,5.900497973336301,5.706341959550458,5.735927631123747,42328874
2011-05-23,5.839478969573975,5.85797010719122,5.759967324702201,5.7932513018754195,41414010
2011-05-30,5.695247173309326,5.883856097586922,5.632377531883461,5.848722979686813,52108995
2011-06-06,5.619750499725342,6.004157292703989,5.600237774385036,5.955374734990466,52226014
2011-06-13,5.62560510635376,5.725121578758607,5.524137286782376,5.613897395535959,51352641
2011-06-20,5.541698932647705,5.680241601359137,5.524137180667644,5.569017420273027,42494334
2011-06-27,5.721219539642334,5.746586683531034,5.502673842501388,5.522186572038593,39450781
2011-07-04,5.5631632804870605,5.7114623100392965,5.551455570101237,5.7114623100392965,34966944
2011-07-11,5.3738861083984375,5.555356889254452,5.291931406129354,5.5319414727097636,51535308
2011-07-18,5.623652458190918,5.664629994845453,5.311444055219472,5.346567551728692,46315472
2011-07-25,5.635359287261963,5.664629111241512,5.52608649353047,5.604138489052965,48036493
2011-08-01,5.252904891967773,5.6860937931652185,5.120216299119553,5.680240125480411,70751199
2011-08-08,5.088995933532715,5.342665061230191,4.671417397353953,5.200220095249013,114887543
2011-08-15,4.86069393157959,5.196317788502728,4.782641915106926,5.1221684658990405,53472968
2011-08-22,4.973869800567627,5.167048694578951,4.817765756573042,4.825570772682072,47975380
2011-08-29,5.1397294998168945,5.311443912125348,4.999235889746342,5.036310359790524,51376068
2011-09-05,4.9066643714904785,5.133597723454841,4.867819836031117,5.0702196945615015,124767692
2011-09-12,4.9025750160217285,5.00070820235999,4.602041986630822,4.794219769003215,87501293
2011-09-19,4.702219486236572,4.918930362069383,4.544797262023207,4.853508240304504,54913763
2011-09-26,5.029329299926758,5.041595847380607,4.612262787030789,4.622485234864423,62426085
2011-10-03,5.223552703857422,5.272619688355296,4.851464069383847,4.953686238852264,44039923
2011-10-10,5.391197204589844,5.438219307346723,5.219463934572302,5.250130506372588,37637209
2011-10-17,5.291018486022949,5.438218636418413,5.151996685016721,5.405507578540881,41391291
2011-10-24,5.483197212219238,5.560886280863482,5.217419722523251,5.315552913492849,48895547
2011-10-31,5.162219047546387,5.454574485699874,5.04364135828972,5.417774445939773,49121305
2011-11-07,5.221508502960205,5.229686073587782,4.96799718441272,5.119286335462441,42458805
2011-11-14,5.082486152648926,5.246041460157522,5.029330580221979,5.221508359004538,32569640
2011-11-21,4.788086414337158,5.055908388087562,4.696086306205104,5.055908388087562,38531537
2011-11-28,5.17039680480957,5.246040981398959,4.820796830738173,4.831018890294605,43891255
2011-12-05,5.125418663024902,5.282840871433402,4.990485452945207,5.223551835819851,39345041
2011-12-12,4.833064556121826,5.1070200303130076,4.824886984476321,5.0988424586675025,43324213
2011-12-19,4.894397735595703,4.918930838661225,4.755375518402268,4.769686560181595,30363845
2011-12-26,4.961863040924072,4.96595202033517,4.814662901696871,4.894396440427118,17260017
2012-01-02,4.820796012878418,5.070217889238178,4.794218428572698,4.963907162068786,33173127
2012-01-09,4.771730422973633,4.890308112055768,4.694041363606301,4.843286012407779,45781423
2012-01-16,4.687907695770264,4.888263009104648,4.649063170957584,4.74719633790342,51306661
2012-01-23,4.667464256286621,4.7369753629287255,4.5325310233805665,4.691997748608918,42993225
2012-01-30,4.716530799865723,4.777864335033402,4.618397611533388,4.65519765464467,41415850
2012-02-06,4.599996566772461,4.800351879204714,4.59386309763601,4.7226632198757015,38449744
2012-02-13,4.667464256286621,4.696086339040441,4.542753084379322,4.620442151777736,33784861
2012-02-20,4.796262741088867,4.818751737231898,4.616351941784196,4.6899520092002795,48615285
2012-02-27,4.675642013549805,4.810575240583301,4.612263990286637,4.8003527900828145,38983542
2012-03-05,4.561153888702393,4.677687119847266,4.465065173009376,4.653154013262397,40192475
2012-03-12,4.632709503173828,4.649065037564909,4.507998309725155,4.548887340676205,37025700
2012-03-19,4.698131084442139,4.792175688515247,4.599997889715407,4.62044240277014,34064258
2012-03-26,4.540708065032959,4.739019300850062,4.491641476053035,4.700174771677652,35182027
2012-04-02,4.344440937042236,4.595907307105047,4.307640904360554,4.555018685194912,31839699
2012-04-09,4.135908603668213,4.356708459204102,4.11341999306828,4.344441908881721,44583881
2012-04-16,4.1134209632873535,4.252442809607047,4.0406385823215265,4.1624875660966625,65244844
2012-04-23,4.285153388977051,4.305597901967103,4.031233777670947,4.105242532547219,51326927
2012-04-30,4.254486083984375,4.336263731956988,4.1624863762451545,4.291286123058697,43134717
2012-05-07,4.268797874450684,4.399642524166966,4.172709169925694,4.205420234868101,44727485
2012-05-14,4.0888872146606445,4.236087014007626,4.009154038757697,4.236087014007626,59254193
2012-05-21,4.227909088134766,4.283109154495203,4.042273430728248,4.086842381862526,56178716
2012-05-28,4.119552135467529,4.283107792302211,4.0704855554010795,4.2606187968751446,60880836
2012-06-04,4.342510223388672,4.6572812698659005,4.189557985004282,4.455561841081353,86613911
2012-06-11,4.345170974731445,4.453346022811478,4.25738976000158,4.38329837400275,77889365
2012-06-18,4.433394908905029,4.477729027114674,4.244088926000313,4.359800391061436,57246102
2012-06-25,4.599647521972656,4.599647521972656,4.295516668623229,4.392607962661451,44052961
2012-07-02,4.51319694519043,4.692749352150496,4.51319694519043,4.59521452864065,39340045
2012-07-09,4.796933650970459,4.808017393066965,4.499896127608549,4.526496685838636,44213511
2012-07-16,4.750383377075195,4.972053153530022,4.714916246666546,4.776983513480909,54138914
2012-07-23,4.901117324829102,4.901117324829102,4.504328348964323,4.701614251600213,52221425
2012-07-30,4.898902416229248,4.938803045854893,4.643982243711767,4.916635982418249,48609200
2012-08-06,4.969836235046387,5.087321364757667,4.816883976139537,4.85900135060985,35279125
2012-08-13,5.0984039306640625,5.111703996446601,4.934368376674525,4.976485744920944,30170751
2012-08-20,4.992002964019775,5.133871471353417,4.932152028937832,5.098404344520007,28718831
2012-08-27,4.874518394470215,5.074021111214396,4.790284064396556,4.9742699642430805,39165516
2012-09-03,4.962677955627441,5.22928773362275,4.943968536651256,5.135740192674089,53089267
2012-09-10,4.9977569580078125,5.056223929951402,4.855097403723822,4.9626764179875815,56702736
2012-09-17,4.614213943481445,4.948645139650491,4.574924304305621,4.922919525770516,75990323
2012-09-24,4.391103267669678,4.657245039635089,4.391103267669678,4.6025201284490596,53209487
2012-10-01,4.473892688751221,4.490263816294409,4.304572559126591,4.387361816361016,58983454
2012-10-08,4.339653968811035,4.443491403979653,4.331234886093269,4.435539800264124,37004048
2012-10-15,4.508974075317383,4.559956936876852,4.321879454368339,4.36023369330886,53305732
2012-10-22,4.127768516540527,4.530021606663871,4.044511776220135,4.514118403241871,67826944
2012-10-29,4.048254489898682,4.128705040536881,3.982771742906984,4.08801206317268,40706306
2012-11-05,3.8831419944763184,4.051059215415003,3.8195300860152344,4.0220594721161795,41810716
2012-11-12,3.741886615753174,3.8990460605901944,3.7390801811643826,3.8854815895720662,46650040
2012-11-19,3.859288454055786,3.8747237326036506,3.730193133524587,3.779305403725412,35730826
2012-11-26,3.806900978088379,3.891561028804935,3.664709366288279,3.850868071321645,45039539
2012-12-03,3.8214023113250732,3.9659327105273525,3.7975479483173253,3.828418510359216,41216749
2012-12-10,3.9757533073425293,4.016914186638668,3.7713526853093593,3.8274809137672707,38297915
2012-12-17,3.9037234783172607,3.97248079821025,3.814385933384193,3.962190462656365,51983386
2012-12-24,3.8714492321014404,3.9804315755302437,3.86443303485117,3.9055939224644147,15093902
2012-12-31,3.9790279865264893,3.9944632626131056,3.828417286495818,3.844787966274416,19917734
2013-01-07,4.083802223205566,4.15723656869754,3.9182236675142503,3.980432718676619,59405417
2013-01-14,4.21196174621582,4.232074492988988,4.055270205102665,4.117011328355958,43377951
2013-01-21,3.9514315128326416,4.2732335737070155,3.9018515493382475,4.237686003590939,58220756
2013-01-28,3.9149487018585205,4.0491887410361915,3.9060616964304242,3.9757544110855925,39426479
2013-02-04,3.6885647773742676,3.9196262545624414,3.657694220159528,3.914481310382532,58578231
2013-02-11,3.536550521850586,3.7166289220252677,3.536550521850586,3.685758364627759,47811175
2013-02-18,3.51784086227417,3.737208885328073,3.406987484498686,3.513163620313847,60800568
2013-02-25,3.417745351791382,3.5912752353094586,3.3691007888111524,3.533743667705241,61817657
2013-03-04,3.695112705230713,3.7138221185810414,3.4963249095912206,3.5056796162663852,71029276
2013-03-11,3.9790279865264893,4.0042856704802645,3.6539515619817755,3.701193016967391,85021730
2013-03-18,3.9804325103759766,4.044044441208331,3.8822079561411247,3.904191510740587,56208173
2013-03-25,3.6904356479644775,4.073043706213387,3.664242555594655,4.055269694657393,46487322
2013-04-01,3.60858154296875,3.768547180145391,3.5547918133510255,3.6904351690356583,48363339
2013-04-08,3.657693862915039,3.7418862226320937,3.5155020098122507,3.6272910105920975,48252623
2013-04-15,3.5575990676879883,3.69137164673082,3.501470815783541,3.6661137326433564,48976298
2013-04-22,3.8078372478485107,3.8480627356986203,3.5505826784002226,3.595017483557187,51416594
2013-04-29,3.8578858375549316,3.877530660048824,3.766209553182376,3.808305856279416,33497977
2013-05-06,3.907933473587036,3.923836680740898,3.78772535408038,3.858353490081354,26768712
2013-05-13,3.8508687019348145,3.923835550083993,3.7994179251428823,3.904658211226509,35863577
2013-05-20,3.7886605262756348,3.918223109225798,3.762466987058143,3.8700464634584106,33891175
2013-05-27,3.668452024459839,3.908868431639875,3.668452024459839,3.8298207850401678,45050896
2013-06-03,3.6645283699035645,3.7802754497927276,3.5996906030279594,3.7692291477558313,44473214
2013-06-10,3.5367743968963623,3.6741343085543696,3.525247849571718,3.658285105594974,41796635
2013-06-17,3.4969115257263184,3.7058328668752107,3.4805820779170404,3.596329174191117,52886322
2013-06-24,3.4906675815582275,3.574236018952844,3.405658182683093,3.5012336400176456,48809698
2013-07-01,3.4090206623077393,3.523807278174111,3.3778024971108405,3.506037096533879,43330906
2013-07-08,3.499793767929077,3.576638348012099,3.4104616916661596,3.4344757374495605,33922396
2013-07-15,3.59008526802063,3.6006515556328553,3.4993124800680313,3.503154891389673,26950141
2013-07-22,3.6203436851501465,3.7293669187428358,3.515642878914975,3.554065167917067,61103690
2013-07-29,3.566551923751831,3.62802753154437,3.517563351982494,3.621303654833848,37543812
2013-08-05,3.6313891410827637,3.6520412425506708,3.4522452490475555,3.585282496666966,37243645
2013-08-12,3.829744577407837,3.8369486979872125,3.6088162281781635,3.6400343893752765,47592540
2013-08-19,3.754340410232544,3.829744234524564,3.680377547336306,3.829744234524564,28518753
2013-08-26,3.686622142791748,3.7653879255788087,3.606415398232202,3.764907681326281,40676730
2013-09-02,4.0501933097839355,4.058358149444418,3.705833433497553,3.7163994945156076,77481809
2013-09-09,4.215409278869629,4.306181620391108,4.00936916326754,4.04346902225398,64970999
2013-09-16,4.211086273193359,4.243265154366623,4.121274422690236,4.242304665948427,66578676
2013-09-23,4.517505168914795,4.566013276202757,4.182750402647862,4.21396879987307,70647933
2013-09-30,4.553045272827148,4.56024962362402,4.408961921128161,4.481003596977655,47095299
2013-10-07,4.829205513000488,4.92766267179504,4.464193361453504,4.514622436823019,68359107
2013-10-14,5.002104759216309,5.040527034835386,4.783577894871685,4.802789032681224,49117349
2013-10-21,4.87243127822876,5.1389858447771495,4.797027205730247,4.987698142575621,64514320
2013-10-28,4.87243127822876,5.014113179386482,4.8027905947505705,4.882036621242763,36244573
2013-11-04,4.654865264892578,4.906051122803713,4.574658284401167,4.879635625502537,64548399
2013-11-11,4.652462005615234,4.704812048526126,4.599631031552607,4.659185881146162,40675524
2013-11-18,4.573217391967773,4.699050546886275,4.467075396502479,4.6255674507834525,46851924
2013-11-25,4.617881774902344,4.630849511133482,4.546320134139397,4.599631124370204,31550181
2013-12-02,4.441288471221924,4.788155767323364,4.378763340537336,4.7742612938379,69235961
2013-12-09,4.24031400680542,4.50282158861471,4.217983468231652,4.429875131057402,49701753
2013-12-16,4.345514297485352,4.497857975708906,4.1624040232912405,4.228899661016936,94037495
2013-12-23,4.473543167114258,4.477512745601413,4.283982070249554,4.36040166182155,13419180
2013-12-30,4.386207103729248,4.509769498723411,4.318223083089764,4.490912575634059,20835258
2014-01-06,4.698832988739014,4.705284263856935,4.369830262093632,4.3857099962912445,49263871
2014-01-13,4.799073696136475,4.8333139270204235,4.66608329915304,4.700819490922194,46806582
2014-01-20,4.55443000793457,4.827357977727057,4.553437139901388,4.802546688287748,48493793
2014-01-27,4.553437232971191,4.568820535614797,4.418462074120891,4.542520416833165,52411536
2014-02-03,4.5430169105529785,4.561873833860779,4.367846665318517,4.526641211179896,38154816
2014-02-10,4.580729007720947,4.5837066646034295,4.461136709913991,4.545496398495915,31939750
2014-02-17,4.681465148925781,4.70776573826007,4.557406818913224,4.572790119982057,34198311
2014-02-24,4.500340461730957,4.808501048826168,4.480987107037049,4.6536765774999544,62187605
2014-03-03,5.078947067260742,5.210449046908012,4.393152741182972,4.507286633059733,109247481
2014-03-10,5.0194010734558105,5.317141323279872,4.813464217188444,5.0814302527320665,76822475
2014-03-17,5.0739850997924805,5.140976227942177,4.923626203767603,4.987144187604475,57545491
2014-03-24,5.314659595489502,5.322103266665222,4.947447002564653,5.051656032799547,41244135
2014-03-31,5.376687526702881,5.408942481189027,5.250147985420446,5.312177144485664,35122336
2014-04-07,5.31962251663208,5.4337559786860465,5.160827496791891,5.2600745616589135,46347106
2014-04-14,5.426311492919922,5.446160806535865,5.230299106873138,5.317140031409752,29086130
2014-04-21,5.359320163726807,5.5454076661253415,5.346914046286576,5.426311778169077,31565907
2014-04-28,5.858035087585449,5.967206088310479,5.322103085543415,5.37668858590593,52982653
2014-05-05,5.987054347991943,6.073895267119874,5.833222295360694,5.833222295360694,38452421
2014-05-12,6.180586814880371,6.185549262343355,5.964725555935979,6.0019429654182845,39991538
2014-05-19,5.996979713439941,6.2475775977616195,5.912620010866506,6.1929916294817655,50981295
2014-05-26,6.086300373077393,6.170660055002254,5.972166490901756,6.004421913943834,37647410
2014-06-02,6.513093948364258,6.533786840049903,6.088889422129811,6.104408967554681,51270400
2014-06-09,6.401867866516113,6.6475963254020884,6.259604333492021,6.497572774931156,56604352
2014-06-16,6.1251020431518555,6.414802535449393,6.119928696735746,6.337204312637635,52649226
2014-06-23,5.985423564910889,6.143207148493937,5.959557824234713,6.104408044122293,37679412
2014-06-30,5.923346042633057,6.140621661084006,5.8302282728379895,5.9776651939245316,41414174
2014-07-07,5.837989330291748,5.982839616128943,5.760391086218365,5.902654698138767,31875229
2014-07-14,5.936277866363525,5.972490295576882,5.814706722534664,5.853505824314309,30301541
2014-07-21,6.0190510749816895,6.122515539379826,5.892307044424287,5.938865683385337,24073230
2014-07-28,5.923346042633057,6.357897279534954,5.861267364983854,6.047503397931464,43051205
2014-08-04,5.5974321365356445,5.9957709007682585,5.553459681956167,5.944038427136838,33386033
2014-08-11,5.716415882110596,5.853506080625353,5.5896718809566845,5.638817181796097,25230237
2014-08-18,5.8147077560424805,5.897479319446192,5.708656628761797,5.819881102094571,18189540
2014-08-25,5.95955753326416,6.031982392993176,5.853505929568728,5.884545507564988,23769285
2014-09-01,5.874200344085693,5.975078628778379,5.685377634483783,5.95955908242469,51294851
2014-09-08,6.037155628204346,6.122513849441894,5.866439185729249,5.874198710068897,32129465
2014-09-15,6.000943660736084,6.060435654251882,5.7681480454875125,6.0293960744329445,41562640
2014-09-22,5.980251312255859,6.096648637038563,5.884546384745369,5.998357529887118,28367834
2014-09-29,5.8535075187683105,6.179420956104902,5.760389746213206,6.008704464170139,80282942
2014-10-06,5.589672565460205,5.925932161262146,5.5612196558581815,5.892306399024924,41057922
2014-10-13,5.509487628936768,5.804361960755945,5.276692467342919,5.5379405408435876,70953805
2014-10-20,5.990598678588867,6.039744488422882,5.44740957698469,5.4862086928083755,57182000
2014-10-27,6.577757835388184,6.652769366076764,5.915584955183191,6.047501802027155,48795938
2014-11-03,6.396697044372559,6.6320789061626835,6.337205033888797,6.557067348021749,45263827
2014-11-10,6.595864772796631,6.7950341412045,6.368242989871492,6.370829169353373,53942621
2014-11-17,7.089908123016357,7.095081468830005,6.533786275341884,6.533786275341884,43098175
2014-11-24,7.327877998352051,7.327877998352052,7.022657444252764,7.092496145958365,38111361
2014-12-01,7.720535755157471,7.725782586543224,7.35326606436617,7.3873694676428086,41299208
2014-12-08,7.1066694259643555,7.833338951701358,7.090929434536331,7.749391663598152,49153229
2014-12-15,7.473940372467041,7.5893681640367,6.94139898215659,7.041086779537558,73057689
2014-12-22,7.605106830596924,7.6601975511882126,7.455575660994619,7.458199076295662,12470975
2014-12-29,7.376874923706055,7.589366551380151,7.321784205203712,7.571003145334466,15517340
2015-01-05,7.329655170440674,7.502796587821014,6.988618666232928,7.308668347132915,46245866
2015-01-12,7.717911243438721,7.799235116907525,7.292927468487126,7.329654782606352,52958541
2015-01-19,8.16650676727295,8.242584329207297,7.62084875536138,7.749393635896341,52717716
2015-01-26,8.195362091064453,8.444580550241957,8.127154791606781,8.148141614488733,49540578
2015-02-02,8.378996849060059,8.43146365409421,8.058947186780912,8.16912812782753,41950719
2015-02-09,8.497047424316406,8.562631305023672,8.124530961884528,8.34751625636229,42745152
2015-02-16,8.234712600708008,8.620346172245194,8.069441427453032,8.5468925398498,58851407
2015-02-23,8.55213737487793,8.630838829835117,8.258321878757625,8.321282342211976,37280597
2015-03-02,8.371126174926758,8.625591942622378,8.323905702555807,8.60985145158854,33150907
2015-03-09,8.08518123626709,8.316036790915753,7.859572512488926,8.310789960045254,69197264
2015-03-16,7.812353134155273,8.17699940137526,7.67593852326529,8.132402336290664,76644013
2015-03-23,7.893674850463867,7.98811578597976,7.68118324591834,7.838584137957851,48721018
2015-03-30,7.914662837982178,7.982870134773498,7.799235066461074,7.912039422678823,29253700
2015-04-06,8.106167793273926,8.208478990428661,7.91466297607541,7.91466297607541,24760606
2015-04-13,8.082557678222656,8.428841004085806,8.074687932421094,8.106167916357991,42751702
2015-04-20,8.127155303955078,8.190115776570055,7.956637294743843,8.137648966240253,32177527
2015-04-27,7.733651638031006,8.205855912626518,7.568380467160045,8.124531534554222,49348300
2015-05-04,7.749393463134766,7.859573929081962,7.387370073665271,7.75726321049361,49865770
2015-05-11,7.455576419830322,7.7310285497266324,7.403109109199903,7.7310285497266324,50296406
2015-05-18,7.6601972579956055,7.835962073515668,7.445081714831347,7.492302187712153,46339004
2015-05-25,7.534277439117432,7.791366679661984,7.513290613395979,7.6497052307681255,29461993
2015-06-01,7.481810092926025,7.788742710003081,7.4503296063998885,7.586744214070882,40694924
2015-06-08,7.503401279449463,7.722025937992809,7.1768146273728215,7.511498660627092,52393605
2015-06-15,7.454817771911621,7.535789516156542,7.103939012303445,7.422428765330176,54903424
2015-06-22,7.919058322906494,8.161974118157646,7.676142527655341,8.102594861702533,79156576
2015-06-29,7.603268623352051,7.75171704119672,7.454820205507383,7.587074372177678,52073643
2015-07-06,7.732822418212891,7.75441492123999,7.125532691419116,7.454819006089727,53516776
2015-07-13,8.41568660736084,8.41568660736084,7.76791096753881,7.886669483055479,41041869
2015-07-20,8.264540672302246,8.518252516502807,8.210559144069016,8.439979866851232,31147422
2015-07-27,8.062108039855957,8.4021898045975,8.013524783519783,8.207857294058641,56728716
2015-08-03,8.089099884033203,8.310423708424743,8.0351188778059,8.04861400066124,46223979
2015-08-10,8.021621704101562,8.234848105066071,7.913659197514525,8.15657496603682,33470641
2015-08-17,7.384642124176025,8.118787630719906,7.3846421241760245,8.094496004142552,38407694
2015-08-24,7.6356587409973145,7.692338885679636,6.591119865795634,7.130933120931047,78314841
2015-08-31,7.476412773132324,7.627560319876097,7.2793805705417665,7.557384544472139,43938878
2015-09-07,7.446723937988281,7.916361410841444,7.41973317211731,7.549288230530725,40804933
2015-09-14,7.543887138366699,7.751714759206668,7.34955412225914,7.438623249706501,45930277
2015-09-21,7.630258083343506,7.681539955780556,7.236194263423243,7.527693308857654,43015172
2015-09-28,7.120134353637695,7.611364692665879,6.9069084530910985,7.576276553903786,53378442
2015-10-05,7.581674575805664,7.632956961374517,7.130930643756777,7.260485656430433,44689947
2015-10-12,7.6059651374816895,7.624858509827381,7.309067889005131,7.584372638400074,33795374
2015-10-19,8.599222183227539,8.712582431253901,7.587072698942033,7.595169565340574,66725852
2015-10-26,8.655902862548828,8.715282632245419,8.450773825463813,8.599222734899408,41911292
2015-11-02,8.869131088256836,8.893422723571463,8.5047570733434,8.566835468122566,42490133
2015-11-09,8.76926326751709,9.014878158963711,8.677495009745183,8.847535375630924,34093883
2015-11-16,8.928508758544922,9.1633271579794,8.647805712317655,8.699087583804436,39232392
2015-11-23,8.971694946289062,9.006782059484877,8.631612087470936,8.942005058498859,28604399
2015-11-30,8.34011173248291,9.068859059706162,8.294227601469139,8.958197422815157,52642572
2015-12-07,8.156903266906738,8.638168826861165,8.156903266906738,8.422145995308849,40914640
2015-12-14,8.413944244384766,8.676452487844193,8.06393273154801,8.178780218450889,48474631
2015-12-21,8.397536277770996,8.482305012905421,8.170575851927387,8.403005329371435,16643084
2015-12-28,8.520586967468262,8.572541912340888,8.378394761268149,8.430349706140776,10488136
2016-01-04,8.367457389831543,8.542462865506126,8.18424833690067,8.301830336453575,51231109
2016-01-11,8.403005599975586,8.802236991629885,8.230734641473761,8.367457806542902,49794636
2016-01-18,8.660043716430664,8.679184872599095,8.01471032813851,8.348315123842198,45781325
2016-01-25,8.930757522583008,8.930757522583008,8.471367582794652,8.709266130741304,46917097
2016-02-01,8.315503120422363,9.116700976482239,8.266282695993668,8.952633590463254,53202447
2016-02-08,8.145964622497559,8.403003740424424,7.913535189004228,8.372925005424607,54533123
2016-02-15,8.71746826171875,8.785830361783136,8.340112577845762,8.446756473418192,41318389
2016-02-22,8.64637279510498,8.930756694301314,8.449491112565441,8.78309543239666,36213533
2016-02-29,8.695591926574707,8.884270536724374,8.547931199262338,8.597151615552265,33601313
2016-03-07,8.993648529052734,9.083886307633655,8.408473621176546,8.660044234932581,42211380
2016-03-14,8.493242263793945,9.094823834363215,8.487773733963936,9.018259201168595,55229549
2016-03-21,8.430349349975586,8.665513333251534,8.326439986177737,8.44949050739434,25090784
2016-03-28,8.419412612915039,8.57254240916663,8.274485872632075,8.430350194725701,31483879
2016-04-04,7.782282829284668,8.085808443069645,7.681107972394687,8.039322542954446,54600265
2016-04-11,8.279953956604004,8.367456687092394,7.768609158171018,7.919004411003265,42403218
2016-04-18,8.17331314086914,8.38386700465057,8.118624171048507,8.151437448629359,29445874
2016-04-25,7.919004917144775,8.318236802461652,7.913536387307792,8.113152069187507,31509156
2016-05-02,7.771342754364014,8.181512145646652,7.670167408362395,7.9736929248098996,30708214
2016-05-09,8.255343437194824,8.271750068153437,7.804157174152478,7.826032855949762,29549932
2016-05-16,8.315503120422363,8.323706698346314,8.14870068687123,8.184249002984176,25131033
2016-05-23,8.457694053649902,8.526055627932157,8.143230916263008,8.296360696619184,28777338
2016-05-30,8.405740737915039,8.564339600081077,8.375661472511258,8.465898747165081,20647043
2016-06-06,8.061198234558105,8.52879176204826,8.061198234558105,8.403006170435477,26630695
2016-06-13,7.815095901489258,8.042056329036749,7.651028003146591,7.968225696548928,44640350
2016-06-20,7.682769298553467,8.360247267412001,6.957502402854504,8.250614067792172,55141536
2016-06-27,8.200014114379883,8.323703198376126,7.545025008760342,7.590002759999505,41011746
2016-07-04,7.958259582519531,8.295593307381745,7.69401538542721,8.23374902350045,34425552
2016-07-11,8.22812557220459,8.239369742239127,7.924525474792643,7.991992103531175,24007868
2016-07-18,8.132548332214355,8.287159301135627,7.8036481570058305,8.211259136969703,30042571
2016-07-25,7.6968255043029785,8.16909247261766,7.646225931563953,8.118492363701495,45824247
2016-08-01,7.781160354614258,7.817704585276751,7.539404481043681,7.795215704212782,25630415
2016-08-08,7.941391944885254,7.955447291378813,7.696824948186793,7.783969812213577,24097070
2016-08-15,7.5928144454956055,7.9582588328574335,7.545025514578093,7.9413923090562895,17837002
2016-08-22,7.679960250854492,7.76148278119271,7.561893489239394,7.604060074921095,20217387
2016-08-29,7.70244836807251,7.882359937935655,7.505670809022771,7.64622643813423,35719405
2016-09-05,7.657471179962158,7.755860234903409,7.595626891570876,7.71931546835344,22407229
2016-09-12,7.514104843139648,7.615305081676936,7.328571429939453,7.5141048431396475,50345266
2016-09-19,7.724936485290527,7.775536592567772,7.508480709127697,7.561891993051136,28208741
2016-09-26,7.831759929656982,7.944204327203747,7.578759364955285,7.668715419169879,29798751
2016-10-03,7.646224498748779,7.941391030546047,7.587190870683102,7.7671018587365195,27365175
2016-10-10,7.817702293395996,7.857058225853053,7.570324674214928,7.660280172098953,23333668
2016-10-17,7.916090965270996,7.952635719758172,7.778346548291185,7.803646597958603,21397048
2016-10-24,8.155038833618164,8.38836118992012,7.88517170825288,7.955449532876087,34001522
2016-10-31,7.758667945861816,8.124112231036476,7.747423242353932,8.096001008443737,28035752
2016-11-07,7.615302562713623,7.958258038725674,7.587191335065438,7.868302539193141,40396650
2016-11-14,7.679960250854492,7.767104599420303,7.500049199318049,7.660282546614846,30838530
2016-11-21,7.741804122924805,7.7952148746570735,7.620926199003173,7.722125884932897,18869636
2016-11-28,7.533780574798584,7.823325328006952,7.491613998511975,7.708069769274237,32255481
2016-12-05,7.705003261566162,7.927592440626439,7.470999545895649,7.4966829336449505,46259441
2016-12-12,7.9903740882873535,8.033179554900114,7.673612655611059,7.7192718925714745,54103166
2016-12-19,8.155889511108398,8.224378371190847,7.9703987803474705,7.990374629833883,25336022
2016-12-26,8.238646507263184,8.244353503547828,8.081692406963345,8.15588880167401,11520050
2017-01-02,8.441258430480957,8.492625201862742,8.198693423567516,8.215816043562093,20943568
2017-01-09,8.55540657043457,8.586797496349286,8.25006025424916,8.464088107011005,29189494
2017-01-16,8.484065055847168,8.572530305053327,8.389892810160811,8.55540768270959,29666700
2017-01-23,8.247206687927246,8.441258699645697,8.187279148938249,8.435551159465511,26511481
2017-01-30,8.19869327545166,8.287158510922527,8.053154273932872,8.247206275957923,24109536
2017-02-06,8.221522331237793,8.335670399866563,8.030324112171755,8.307133790935065,22857742
2017-02-13,8.21581745147705,8.395600637821119,8.16159690080459,8.23579330059294,28459855
2017-02-20,8.230085372924805,8.444113250769309,8.150181435914481,8.275744609987548,32925694
2017-02-27,8.204401969909668,8.275744595734968,8.070278029306476,8.270037055036696,31060908
2017-03-06,8.426990509033203,8.481210508585388,8.121643636818645,8.21866964400813,28686632
2017-03-13,8.478358268737793,8.649580697288398,8.270037910413418,8.415576947466379,32006936
2017-03-20,8.361353874206543,8.512600406971304,8.321402185827559,8.446965334834134,28405019
2017-03-27,8.312844276428223,8.435553705838615,8.195842388920907,8.30428350787476,31556709
2017-04-03,8.164450645446777,8.361355909795263,8.115937635904167,8.361355909795263,26875553
2017-04-10,8.075984001159668,8.241498850304605,8.056008155550947,8.16444923785682,21852820
2017-04-17,7.9960808753967285,8.104521416882543,7.921884486253388,8.07598426039649,33131510
2017-04-24,8.104521751403809,8.466942401843632,8.0560087466654,8.421283167301718,53289086
2017-05-01,8.561115264892578,8.561115264892578,8.104522341904765,8.104522341904765,31564992
2017-05-08,8.746604919433594,8.755166229602137,8.45838067537109,8.646725144671185,36274092
2017-05-15,8.726630210876465,8.855047158639131,8.566822877005967,8.766581908268826,29861710
2017-05-22,8.97775650024414,9.014854973488733,8.698093514974351,8.72092313531676,29099045
2017-05-29,8.875022888183594,9.012000601090739,8.815094798598563,8.960633822675298,30527690
2017-06-05,8.715214729309082,8.903559202756144,8.678116262062876,8.883582811923034,25983985
2017-06-12,8.636090278625488,8.829501150662637,8.471984202733287,8.732795714644062,43564152
2017-06-19,8.422167778015137,8.694701482474903,8.360628197752659,8.662466144846407,33476343
2017-06-26,8.140843391418457,8.49249934936602,8.11739966088862,8.457334033042574,31268839
2017-07-03,8.208243370056152,8.296157212558912,8.149633769092596,8.205312834113718,28006262
2017-07-10,8.37821102142334,8.489568598893593,8.146703699209962,8.23461810568474,27003191
2017-07-17,8.33718490600586,8.51887367922315,8.281505835981308,8.401655025705118,25128965
2017-07-24,8.395794868469238,8.665398080419864,8.25806300544005,8.3635600845772,35646767
2017-07-31,8.471986770629883,8.518874235096595,8.293227963011377,8.387003450887468,24753155
2017-08-07,8.243409156799316,8.53645606055808,8.225826499077721,8.471985942950493,26998810
2017-08-14,8.33718490600586,8.457334095729669,8.2199656935452,8.260992641483483,22251102
2017-08-21,8.293225288391113,8.413374447205994,8.263921051757228,8.322530083967484,20695294
2017-08-28,8.354767799377441,8.407516334680407,8.184800607258245,8.266853387558283,23837437
2017-09-04,8.093955039978027,8.366488167803722,8.076371824807934,8.31374019912113,28951314
2017-09-11,8.143773078918457,8.199451583785276,8.102746135559798,8.13791200716114,34765541
2017-09-18,8.076372146606445,8.334253723284002,8.017763103865246,8.187730278017122,37288143
2017-09-25,8.123258590698242,8.170146042617286,8.04413636492393,8.058788484045186,31104828
2017-10-02,8.108606338500977,8.129119528511087,8.006039829507916,8.123258457381768,25240528
2017-10-09,8.105677604675293,8.187730941897149,8.044138020965873,8.134982407893286,26267063
2017-10-16,8.000181198120117,8.167218422590478,7.92691946348919,8.129122007574496,34032858
2017-10-23,8.176008224487305,8.20238248964231,7.912266131879829,8.011902120478167,38655953
2017-10-30,8.37528133392334,8.428029871364334,8.246340526727872,8.269784259041352,36962380
2017-11-06,8.360627174377441,8.442679938017147,8.33132237638789,8.375279293900952,33124345
2017-11-13,8.269784927368164,8.392864671696346,8.143775205338843,8.384073620707506,37271765
2017-11-20,8.360627174377441,8.398723020504086,8.228755862895726,8.26685170902237,24452883
2017-11-27,8.46905517578125,8.641952888997217,8.33718440805316,8.357697601325802,39068579
2017-12-04,8.730842590332031,8.817315801820566,8.411784689345195,8.659278376731992,46092420
2017-12-11,8.742770195007324,8.868007718443305,8.66524215014297,8.796443500585864,50268917
2017-12-18,8.730842590332031,8.844152453013308,8.641386896775622,8.77557015273933,30074519
2017-12-25,8.632440567016602,8.76662323623042,8.61454908946137,8.730841418603429,11746962
2018-01-01,8.718912124633789,8.718912124633789,8.569819918873138,8.63243894103826,24257525
2018-01-08,8.626477241516113,8.823278956104623,8.507203561271831,8.72189618571154,31077736
2018-01-15,8.617530822753906,8.75469597077611,8.569821354417938,8.65629512124046,28784593
2018-01-22,8.853096008300781,8.8978235596706,8.60262103813979,8.61753003234917,31369227
2018-01-29,8.444581985473633,8.847131032952092,8.36407206222962,8.847131032952092,33984308
2018-02-05,7.991341590881348,8.462472914140534,7.9406502207763,8.402836376143869,49102988
2018-02-12,8.13745403289795,8.179199674513145,8.000288888139622,8.104653560919319,29272038
2018-02-19,8.358110427856445,8.364073684676685,8.068871144260747,8.140435344779,37582318
2018-02-26,8.194109916687012,8.438621115484965,8.161310008458713,8.438621115484965,36390660
2018-03-05,8.480366706848145,8.504221442319574,8.15534558058634,8.179200316057768,31630710
2018-03-12,8.370037078857422,8.537020204793913,8.292509056772918,8.522111210399142,35784362
2018-03-19,8.083781242370605,8.367056150382458,8.039053116441908,8.352147154234057,29961514
2018-03-26,8.220946311950684,8.241819135286654,7.982398947051331,8.104654542654972,24837783
2018-04-02,8.331274032592773,8.396874409525633,8.098689947344349,8.220945531339337,22198744
2018-04-09,8.444581985473633,8.537018988786238,8.346181157755929,8.36407206222962,23321180
2018-04-16,8.802406311035156,8.856079610415167,8.402839047585958,8.444584694329619,35433546
2018-04-23,8.966407775878906,9.005172079166266,8.70102375430059,8.77258796566749,33737137
2018-04-30,9.040950775146484,9.052878423955308,8.957459508451112,8.99025940519218,22927959
2018-05-07,9.058844566345215,9.082699302822908,8.930625713241227,9.011135093389829,22259463
2018-05-14,8.581750869750977,9.085682309591684,8.56087747517147,9.064809483754026,43880847
2018-05-21,8.906768798828125,9.020078627204539,8.495273984281823,8.626475287197911,41082569
2018-05-28,8.820295333862305,8.951496641078505,8.689094026646105,8.945532816036483,35754585
2018-06-04,8.991158485412598,9.263803305182405,8.902318820726688,9.122885941711106,30172512
2018-06-11,8.966653823852539,9.10450773215825,8.834926327427459,9.02792203277646,43009838
2018-06-18,8.880874633789062,8.975840705376225,8.718512795531645,8.926825921053668,28223821
2018-06-25,8.788973808288574,8.905383798144959,8.672563234129756,8.847178511065549,25631413
2018-07-02,9.104504585266113,9.141265965356231,8.654181038900479,8.70013232578639,28020982
2018-07-09,8.945208549499512,9.153521129052919,8.932954559012732,9.153521129052919,25462144
2018-07-16,8.635801315307617,8.975841332256232,8.534708242544133,8.954397435655245,35325199
2018-07-23,8.963587760925293,8.99115865155782,8.52551759232219,8.623547165992354,35837057
2018-07-30,8.954397201538086,8.997285577921083,8.85024063422592,8.93601680268957,26131768
2018-08-06,8.71851634979248,9.012605759921005,8.678692040408674,8.954400460696156,22128628
2018-08-13,8.666437149047852,8.798164047894112,8.617421768825285,8.703197953836705,20356061
2018-08-20,8.77059268951416,8.847178377137345,8.660309696662422,8.690944088572182,16395975
2018-08-27,8.571470260620117,8.831861722753114,8.546962863260685,8.810417823101416,17789765
2018-09-03,8.347841262817383,8.577598361794008,8.252875158845082,8.546963965069954,31011073
2018-09-10,8.357030868530273,8.458123957958756,8.298825579373736,8.329459972840464,23287329
2018-09-17,8.433615684509277,8.45199608496017,8.271253825002951,8.33864901619115,39926463
2018-09-24,8.415234565734863,8.550025530266973,8.335585385979634,8.399917662986791,26540402
2018-10-01,8.366220474243164,8.461187148977272,8.274317881477344,8.418298765957779,24832207
2018-10-08,8.249809265136719,8.531644581413248,8.209984385669168,8.332521936982541,37075357
2018-10-15,8.608231544494629,8.687880731023194,8.216112607193022,8.23449300891425,37949593
2018-10-22,8.384600639343262,8.660308974949912,8.301887963370554,8.660308974949912,46050481
2018-10-29,8.550026893615723,8.68788137753958,8.262064518476155,8.344777208830468,37143530
2018-11-05,8.963587760925293,8.994222148772806,8.516327100677232,8.543897991309759,42479598
2018-11-12,8.981968879699707,9.095315948528082,8.868622395173729,8.981968879699707,36851338
2018-11-19,8.966653823852539,9.095317822186047,8.856370229765957,8.978907231916317,33688803
2018-11-26,9.288310050964355,9.322007933056188,8.96665046767751,9.012601753246733,61998437
2018-12-03,9.165586471557617,9.534460787591877,9.049922854918071,9.534460787591877,45871454
2018-12-10,9.090559005737305,9.321886777444,9.012407707339891,9.149954159468525,38854725
2018-12-17,8.862360000610352,9.146830763917215,8.784208678905228,9.053048820122708,52702473
2018-12-24,8.80296516418457,8.865486462426983,8.63728414121528,8.849855839742736,13313634
2018-12-31,8.928006172180176,8.953014569448298,8.681048323688389,8.856107104565233,18861009
2019-01-07,8.609149932861328,8.965519771009022,8.46222506564465,8.95926752213868,45230617
2019-01-14,8.484106063842773,8.59351801762149,8.330929567051443,8.571635746115183,33100308
2019-01-21,8.427838325500488,8.446595072183612,8.287166302860697,8.424712797300574,28658845
2019-01-28,8.499738693237305,8.609150672884004,8.302797010623783,8.421587364382138,32419542
2019-02-04,8.296545028686523,8.540376783453759,8.265284379133794,8.505990009321026,31453176
2019-02-11,8.393452644348145,8.41533492052239,8.221519367091222,8.330931344209754,32727792
2019-02-18,8.543501853942871,8.581014748027293,8.28091338409359,8.396577594293936,36578559
2019-02-25,8.334056854248047,8.543502419144637,8.262157781764193,8.543502419144637,32344895
2019-03-04,8.480981826782227,8.530999225099785,8.25903234212642,8.40283049901655,35456239
2019-03-11,8.849855422973633,8.865486044921782,8.421586517797767,8.546628512146661,46270288
2019-03-18,9.009284019470215,9.131199887130471,8.852981380419733,8.87173753015656,35919827
2019-03-25,9.0655517578125,9.078056253332258,8.896744645778732,8.999904945075254,27536555
2019-04-01,9.290627479553223,9.321888122672787,9.053047426590584,9.16245937938547,26702621
2019-04-08,9.103066444396973,9.312512015704703,9.056175173192168,9.278125242487121,28977254
2019-04-15,9.143705368041992,9.184343796217806,9.046797888355583,9.081184067197482,22042155
2019-04-22,8.981149673461914,9.18121746083136,8.815469254406578,9.143704564372321,24237783
2019-04-29,8.709183692932129,9.00615836486884,8.5997717206408,8.965519938944949,32621340
2019-05-06,8.584139823913574,8.806089860042947,8.562257551953042,8.615400467963129,28473671
2019-05-13,8.643535614013672,8.649787862525857,8.387199387486438,8.565384296353065,34286691
2019-05-20,8.721687316894531,8.840477658883849,8.562258550275562,8.606023695546645,32185572
2019-05-27,8.77795696258545,8.83422601302627,8.64666271030597,8.743570188149992,33482395
2019-06-03,8.830644607543945,9.104088477609405,8.721266814080712,8.981843033287769,33716748
2019-06-10,8.891769409179688,8.978628376756461,8.814561642531261,8.833863430795171,18325909
2019-06-17,8.95932388305664,9.136258218164876,8.86924787570389,8.878899073717877,40530470
2019-06-24,8.920721054077148,8.97862702373561,8.840296232572104,8.968975824261635,22589316
2019-07-01,8.981843948364258,9.065485835039555,8.882117343079079,8.962542163313861,23832733
2019-07-08,8.624757766723633,9.0075800924591,8.586154195653577,8.975410040838922,30166812
2019-07-15,8.508944511413574,8.650491724713119,8.473557401292409,8.61832229397667,25280940
2019-07-22,8.698747634887695,8.734134133600348,8.415651963630882,8.496076772620928,37921801
2019-07-29,8.621539115905762,8.837077624483035,8.541114308430549,8.66336035940472,36885277
2019-08-05,8.49929428100586,8.653709775041957,8.451039515818659,8.579719094182073,35183800
2019-08-12,8.660143852233887,8.727700400347425,8.428520612654092,8.525030142414183,36700132
2019-08-19,8.621539115905762,8.772738146658416,8.61510559763811,8.685879207322966,30014211
2019-08-26,8.878899574279785,8.9207202075129,8.602238018207581,8.60867215057964,26260636
2019-09-02,8.808125495910645,8.962541607515996,8.76952192820379,8.898201509881046,23626295
2019-09-09,8.92393684387207,8.975408673184104,8.56685049112631,8.743785441279954,37071572
2019-09-16,9.168429374694824,9.17808057387734,8.837078899207228,8.901418999905314,41637117
2019-09-23,9.261722564697266,9.274590216827644,9.081570526130514,9.136259428268158,28024230
2019-09-30,9.190946578979492,9.345362056674716,8.98505927538586,9.232767821017303,32612202
2019-10-07,9.525513648986816,9.544815429465885,9.149125554886021,9.152342620564623,30661526
2019-10-14,9.602723121643066,9.60594018790364,9.432222291388573,9.49334532315417,29018875
2019-10-21,9.445089340209961,9.638108382248582,9.374315118776067,9.593070687585247,29844383
2019-10-28,9.261722564697266,9.464392841094007,9.023664557562109,9.432222790379038,42342009
2019-11-04,9.190946578979492,9.29710729659403,9.142691818898806,9.29710729659403,32213471
2019-11-11,9.329277992248535,9.499778810931245,9.149126589031736,9.20059841852225,28853283
2019-11-18,9.538382530212402,9.567335511467224,9.358231124087768,9.38074997315427,33189648
2019-11-25,9.65097713470459,9.89546862908155,9.474042799338712,9.560901127220676,44055533
2019-12-02,8.922229766845703,9.716629931453761,8.882837748897462,9.713347211115169,56155962
2019-12-09,8.715423583984375,8.918947881220593,8.70229332751604,8.895969462814799,40504354
2019-12-16,8.73512077331543,8.879556739352227,8.639923743499581,8.73512077331543,48944263
2019-12-23,8.66290283203125,8.741686263065429,8.626794150795826,8.712143024278284,11429698
2019-12-30,8.705574989318848,8.72855340492982,8.613660700760091,8.649769997357257,17619616
2020-01-06,8.613661766052246,8.735119925736374,8.58083518564181,8.692445183368324,33149055
2020-01-13,8.554574012756348,8.636640150400904,8.383876922303026,8.610379011399242,40570956
2020-01-20,8.593966484069824,8.659619021952341,8.518465783753193,8.557857181259708,28899150
2020-01-27,8.406855583190918,8.662901539314932,8.377311722697385,8.534878561252926,40032222
2020-02-03,8.397006034851074,8.452811025891847,8.236156502113518,8.406854195428219,37966516
2020-02-10,8.77122688293457,8.872989324889343,8.33135241947824,8.393722847432,49812366
2020-02-17,8.82046890258789,8.89268687956691,8.744967578797379,8.81062074049827,31170143
2020-02-24,8.003089904785156,8.797490185624149,7.858653945443503,8.777794486825737,83178695
2020-03-02,7.944002151489258,8.265701251759793,7.861936016147902,8.085155378339856,70346381
2020-03-09,6.307930946350098,7.704368132601316,6.226521610085075,7.576345168935028,129423725
2020-03-16,7.310451507568359,7.714216744345229,5.803717208264501,6.068955143783071,112370476
2020-03-23,7.179145812988281,7.799565597353529,7.024861077449675,7.45488745239456,60482863
2020-03-30,7.211971282958984,7.477865995107712,6.972338333494966,7.11020945701527,42409709
2020-04-06,7.461454391479492,7.664978723982134,7.254647963877256,7.3137356935107665,30604228
2020-04-13,7.461454391479492,7.658413281552844,7.29732208743754,7.461454391479491,29985121
2020-04-20,7.343277454376221,7.5566492632737505,7.228384749242204,7.464734973943564,29067793
2020-04-27,7.310451507568359,7.500844917065049,7.244798348659876,7.425344222600741,28134783
2020-05-04,7.0412750244140625,7.24808142060646,6.9920348397880545,7.202124582811473,29421071
2020-05-11,6.640791416168213,7.116775244040372,6.6079648373296305,7.064252968344606,34932507
2020-05-18,6.749119281768799,6.988752890090354,6.6079654186261605,6.696597001452696,35166384
2020-05-25,7.120057582855225,7.23166756925445,6.667052196619577,6.791793064296301,46435737
2020-06-01,7.71278715133667,7.739532812014177,7.2313646214746825,7.331661327265474,43976264
2020-06-08,6.960565090179443,7.7629355899897154,6.846895866959076,7.662639516638512,52370356
2020-06-15,7.064203262329102,7.291541670516396,6.766657742142849,6.887013520045952,57721976
2020-06-22,6.94719123840332,7.131067549980688,6.79674651971874,7.020741635500916,32159880
2020-06-29,7.181216716766357,7.278170137010504,6.943849053686183,6.953878278079121,32111927
2020-07-06,7.017399311065674,7.431957368924226,6.907073381455469,7.2881992041694765,34669704
2020-07-13,7.358407497406006,7.368437359979563,7.054175347010624,7.060861922059662,30563127
2020-07-20,7.114352226257324,7.45201656577848,7.114352226257324,7.355063154480266,28849581
2020-07-27,6.627580165863037,7.141097691565981,6.5794382365888655,7.094292311873365,42494235
2020-08-03,6.488503456115723,6.816806217071644,6.449721835613019,6.640953650493769,32572740
2020-08-10,6.623569011688232,6.770001545893916,6.460420041682717,6.507225424255425,26545280
2020-08-17,6.572751998901367,6.716510156953659,6.520597867547511,6.626243317571967,25970319
2020-08-24,6.400241851806641,6.833522410208472,6.315993314876747,6.620894330480481,35533068
2020-08-31,6.163543224334717,6.445710147875955,6.12476160458884,6.424313238234518,57827938
2020-09-07,6.349427223205566,6.479143349844408,6.104704033766183,6.205000119727538,41365531
2020-09-14,6.362798690795898,6.517923907405538,6.311981743527204,6.393556551704214,102739135
2020-09-21,5.9442291259765625,6.352100620467566,5.9442291259765625,6.352100620467566,46832048
2020-09-28,5.910797119140625,6.0913301806104885,5.771719419835313,6.020454143490188,37197331
2020-10-05,6.309307098388672,6.329366183889579,5.960275694805366,5.96161351981668,39055846
2020-10-12,6.354774475097656,6.5339709651483435,6.282561259221577,6.418964567135784,40034751
2020-10-19,6.364135265350342,6.425650343576396,6.098015868017378,6.352099942226452,28263110
2020-10-26,6.439023971557617,6.511237191016793,5.918820461243433,6.2905853328543975,45739653
2020-11-02,6.302619934082031,6.492514547895,6.263838954054552,6.48582797413161,37995186
2020-11-09,6.9104156494140625,7.007368415598669,6.29994538306288,6.396229874489942,53817866
2020-11-16,6.960565090179443,7.10766655040584,6.853582441893659,7.007369839387754,33475955
2020-11-23,7.147785186767578,7.26479770501983,6.846896309595308,7.020743443131971,37675771
2020-11-30,7.050832271575928,7.181217300619689,6.9271331801154234,7.157814924911006,43966715
2020-12-07,6.886116981506348,7.228059551470182,6.884727070750145,7.071683655046662,44068542
2020-12-14,6.915303707122803,7.043879999798041,6.67066163806592,6.923643830382261,56918121
2020-12-21,6.776304721832275,6.820785171174019,6.613673265341556,6.820785171174019,23803093
2020-12-28,6.765185832977295,6.890286412076626,6.71236524969959,6.833296096712889,16042986
2021-01-04,7.064732551574707,7.269759275581791,6.82912580634267,6.834685448669543,37672201
2021-01-11,6.776304721832275,7.1655081564657825,6.741554308645694,7.054306701706921,46816141
2021-01-18,6.663714408874512,6.824955301502155,6.610893830768455,6.75545513387596,30922582
2021-01-25,6.7443342208862305,7.009131034566896,6.578922294647707,6.720703756335314,47942741
2021-02-01,6.841634750366211,6.877775071898855,6.727654144184157,6.772134590901947,35343003
2021-02-08,6.773525714874268,6.902796684191369,6.730435170832207,6.873606572218004,31964534
2021-02-15,6.786034107208252,7.019556278155431,6.57336257985885,6.80549417765236,49102165
2021-02-22,6.635913848876953,6.858315433696988,6.635913848876953,6.74711464128697,44061682
2021-03-01,6.8610944747924805,6.883335028431896,6.637303004926116,6.701243519574924,34122873
2021-03-08,7.116856575012207,7.148131877356637,6.852754390108649,6.893065103836949,37072659
2021-03-15,7.2697577476501465,7.422659147256749,7.137706990814158,7.1411814351336815,63447121
2021-03-22,7.26628303527832,7.356633837099411,7.162032466997265,7.2628079279610915,37569894
2021-03-29,7.275318145751953,7.419184136124306,7.236397343095231,7.269757841712729,31159862
2021-04-05,7.2794880867004395,7.3503788169034845,7.239178035382048,7.275318355657409,21398966
2021-04-12,7.193307876586914,7.2836580169372755,7.033456251671515,7.2780983753945225,38081015
2021-04-19,7.162727355957031,7.310068465055908,7.102957231191135,7.204427982498681,34954088
2021-04-26,7.193307876586914,7.290608231674675,7.127976785987899,7.158557465708874,27912506
2021-05-03,7.285048484802246,7.339258965914044,7.168287397576145,7.193307772583656,29709545
2021-05-10,7.337869644165039,7.36706041805657,7.171068441286015,7.297559585452446,28164629
2021-05-17,7.319797992706299,7.461579450297744,7.148827092775226,7.354548401944118,35779205
2021-05-24,7.280879497528076,7.380960354084319,7.216938968695174,7.318409735885533,37695372
2021-05-31,7.307288646697998,7.350379183670804,7.235008002540636,7.290608396075688,18950778
2021-06-07,7.236399173736572,7.376790755260265,7.161338695667559,7.31979977856982,33382451
2021-06-14,7.21901273727417,7.664270081907025,7.178866337897552,7.60587569887701,39279102
2021-06-21,7.013171672821045,7.266457630024609,6.973755500613531,7.209523004365771,35765362
2021-06-28,7.010982513427734,7.092004848044702,6.944559123769072,7.027771439352987,28985341
2021-07-05,6.9233903884887695,7.027770887621185,6.775944675788715,7.014631698967031,38413252
2021-07-12,7.002223968505859,7.059888130303329,6.903683178572303,6.9270406551220605,27911660
2021-07-19,6.951859474182129,6.977406934969482,6.781785781412528,6.968647706111518,30047445
2021-07-26,6.857697010040283,7.062806873550803,6.693462377993214,6.925580147468055,46667823
2021-08-02,6.951859474182129,6.968647706111518,6.835800213901188,6.871566659003482,22435790
2021-08-09,7.026310920715332,7.05404766011387,6.921930424728571,6.951857840972063,20565225
2021-08-16,7.1679182052612305,7.199305382279992,6.967187570499401,7.008793731275518,29590228
2021-08-23,7.064996719360352,7.219012366571445,7.034339774261248,7.197113951972726,18992042
2021-08-30,6.970106601715088,7.106603813787203,6.919011686443605,7.051859162265471,30634098
2021-09-06,6.8284993171691895,7.014631673400349,6.79565308594341,6.9730262151423785,24571336
2021-09-13,6.827038764953613,6.901491837976805,6.782513105472687,6.8365282165122325,31656143
2021-09-20,6.810251235961914,6.866455637173169,6.7190099271241435,6.788353516753313,26958664
2021-09-27,6.773754596710205,6.963536686819184,6.7394479145884985,6.819740712158575,39404907
2021-10-04,6.896382808685303,6.959157149932508,6.740177877281121,6.751856614036253,40160182
2021-10-11,6.943099021911621,6.998573896198375,6.783244341624241,6.880324675510088,38202358
2021-10-18,7.055508613586426,7.114632528551194,6.864266757715679,6.934339880989027,38803346
2021-10-25,6.886895179748535,7.070837576123455,6.719741013714002,7.047479402674367,54656577
2021-11-01,7.0241217613220215,7.049669219094756,6.8898145295030595,6.8898145295030595,35423907
2021-11-08,7.198575019836426,7.2299614971079835,6.96718676445609,7.008062694756522,30496473
2021-11-15,7.05112886428833,7.248939972658474,6.98543500468927,7.166457883373167,33676237
2021-11-22,7.055508613586426,7.298574912216221,6.994924247287726,7.097844299370827,45436906
2021-11-29,6.729228496551514,7.0795954629856555,6.650396155341499,7.043828331928384,59383332
2021-12-06,6.7336106300354,6.846019461828153,6.6591575299338785,6.7503988626112355,39584471
2021-12-13,7.020306587219238,7.028605471730562,6.734363463192039,6.763033252704629,56206970
2021-12-20,7.07990837097168,7.103296919126167,6.896573121357578,6.976546472087385,29243468
2021-12-27,7.1017889976501465,7.1327223819434025,7.045204187895435,7.079909269259431,18061340
2022-01-03,7.113860607147217,7.197606388236942,7.067838274032895,7.1161242010996215,41698037
2022-01-10,7.5197625160217285,7.543905116832585,7.116877378689928,7.163654477215154,47494898
2022-01-17,7.466948986053467,7.559748397860493,7.250416785332164,7.529569072186262,39166007
2022-01-24,7.900766849517822,7.921891802225872,7.476756814407012,7.476756814407012,63267965
2022-01-31,7.911330223083496,7.9520713107143655,7.701588775107427,7.921892700635395,47099696
2022-02-07,8.238768577575684,8.25234870046458,7.8434282765374475,7.911330330011588,47795219
2022-02-14,8.308178901672363,8.419839681103797,8.003374452345149,8.151249849760736,48676283
2022-02-21,8.217643737792969,8.385135280181514,8.003375096661536,8.299125915302305,56766419
2022-02-28,7.86907958984375,8.267437494089897,7.761945282077005,8.075803373672032,53502834
2022-03-07,7.915856838226318,8.066750610946002,7.463177678611764,7.727240341841545,61735192
2022-03-14,7.953580856323242,8.102965097721368,7.905294931904422,8.010920436540273,54503619
2022-03-21,8.148232460021973,8.149741282566115,7.921892529560151,7.921892529560151,29847161
2022-03-28,8.131635665893555,8.271966264920799,8.015447671628328,8.155778990170527,31558444
2022-04-04,8.326286315917969,8.359482569813228,7.994320898906226,8.148232307769712,32908148
2022-04-11,8.493778228759766,8.522447296881142,8.229714849698864,8.317233035191238,28177098
2022-04-18,8.37909984588623,8.51641278679756,8.27649270564068,8.493779006937636,24447770
2022-04-25,8.539045333862305,8.593367261101449,8.293089277811553,8.345902382546518,38161108
2022-05-02,8.73218822479248,8.81517921122839,7.813248486946177,8.490758657817132,35258677
2022-05-09,8.801600456237793,8.91175242096103,8.706537437065016,8.723135924733871,37564312
2022-05-16,8.738224029541016,8.90722437663192,8.673340346741572,8.789527590700168,32871524
2022-05-23,8.830269813537598,9.006814281295313,8.750295743816162,8.768403053205361,31272149
2022-05-30,8.718608856201172,8.846868132944385,8.61600172261254,8.809144689281997,41784934
2022-06-06,8.44379711151123,9.067584641686924,8.315599829838353,9.067584641686924,37732502
2022-06-13,8.550106048583984,8.629838436685175,8.437542896404663,8.575120496554957,41299387
2022-06-20,8.681429862976074,8.728331487067226,8.50476844560545,8.509458235276552,33377198
2022-06-27,8.81744384765625,8.879978852247879,8.651726010940829,8.684556776530025,31380997
2022-07-04,8.282769203186035,8.940950773407973,8.179586368986552,8.873725977583861,41612373
2022-07-11,8.24837589263916,8.42347407337698,8.148319576367223,8.278080134828521,28607396
2022-07-18,7.909121990203857,8.290585802797079,7.880981015498547,8.245248187001879,35708635
2022-07-25,7.814537525177002,8.067022803601086,7.605045340665563,7.934135736485669,39868446
2022-08-01,7.910685062408447,7.940389299634062,7.66210832220442,7.785615060706498,27602999
2022-08-08,7.910685062408447,8.045135388785644,7.81453729359417,7.9341355013585595,25405949
2022-08-15,8.112360954284668,8.156135305944721,7.876291064295076,7.9247552055718415,24912816
2022-08-22,7.83720588684082,8.118613369598718,7.7918682755352995,8.095162932404548,24547653
2022-08-29,7.9591498374938965,8.023248100646864,7.789523482329627,7.824699513000061,27215010
2022-09-05,7.896615982055664,7.99979882151734,7.838770763230499,7.896615982055664,23774222
2022-09-12,7.87003755569458,8.07327668942041,7.860657230639846,7.884108416014702,38419867
2022-09-19,7.589410781860352,7.880980606616716,7.539383378947811,7.876290817147163,32343651
2022-09-26,7.229052543640137,7.594882195619981,7.218890215417276,7.590192406385091,40504826
2022-10-03,7.19622278213501,7.443236274239376,7.0992930030573635,7.22123648581411,38308181
2022-10-10,7.285335063934326,7.346306807908386,7.141504397966199,7.2102932042262875,28351874
2022-10-17,7.386952877044678,7.540945836386071,7.282206801989733,7.298622181593245,34601244
2022-10-24,7.461995601654053,7.5386014610091205,7.1657359840335815,7.375228904403193,40916302
2022-10-31,7.629278659820557,7.675398285515948,7.4573070099192735,7.490137778283561,30718390
2022-11-07,7.565179347991943,7.712917785350141,7.48388369721595,7.629277612495778,36544452
2022-11-14,7.6652350425720215,7.712136667135099,7.520623128998261,7.571432538921899,35641086
2022-11-21,7.762165069580078,7.811411217859282,7.656636970002305,7.7004113240282654,31249472
2022-11-28,7.5464186668396,7.787960350599536,7.501862310873279,7.771544968739736,52570217
2022-12-05,7.502046585083008,7.698088911246963,7.3923276954072685,7.539964176487923,39199768
2022-12-12,7.40604305267334,7.551259055108712,7.3374685514676665,7.498820092720768,50178695
2022-12-19,7.550451278686523,7.567393129535764,7.3447278148797155,7.422176385816914,31407096
2022-12-26,7.487525463104248,7.590790756429938,7.479457693760247,7.550452679094763,15992896
2023-01-02,7.979649066925049,8.067585919636233,7.493980203755481,7.494787288566663,39297593
2023-01-09,8.002236366271973,8.05306269366353,7.858633776206358,7.997396166674324,37470798
2023-01-16,7.7585954666137695,7.934469135524377,7.65291046384651,7.898164944872047,40650602
2023-01-23,7.701314926147461,7.817488173121312,7.652102770803322,7.780377670160706,26653259
2023-01-30,7.737619400024414,7.869121103792673,7.698088411248433,7.708576664245595,32615196
2023-02-06,7.815876007080078,7.825557176638128,7.675500202565622,7.752948789645175,31783469
2023-02-13,8.643610000610352,8.683948077782668,7.800547342186716,7.8150694808242545,54845383
2023-02-20,8.779146194458008,8.822711074544005,8.62102144444204,8.696856634568956,34341806
2023-02-27,8.669426918029785,8.858207800416283,8.608113100796979,8.761396874494148,28005547
2023-03-06,8.77430534362793,8.798507882017967,8.635542943801653,8.703310359047686,29134704
2023-03-13,8.527437210083008,8.76946491711853,8.527437210083008,8.76946491711853,60644803
2023-03-20,8.614567756652832,8.792054075384495,8.482258948258183,8.522597027746242,39308834
2023-03-27,8.83561897277832,8.96631438135758,8.680721793596428,8.730740273652625,38241911
2023-04-03,9.245451927185059,9.313219341976751,8.764624115633247,8.845299499520765,25899087
2023-04-10,9.082486152648926,9.303537315015184,9.063123816098003,9.245451074747162,21989939
2023-04-17,9.306766510009766,9.3438770203953,9.035695289707641,9.07603336967205,27797170
2023-04-24,9.532657623291016,9.579449298453182,9.12121063818533,9.297084308792556,43415183
2023-05-01,9.389054298400879,9.532657663092625,9.329354654260383,9.532657663092625,24218219
2023-05-08,9.327741622924805,9.469730823917738,9.269654607028949,9.408417008044832,23392964
2023-05-15,9.132505416870117,9.379374075237685,8.938883573330108,9.351943967846351,23696277
2023-05-22,9.188979148864746,9.451981810139499,9.048602579591376,9.14702767195727,28870494
2023-05-29,8.89854621887207,9.237384857250234,8.775919349101663,9.221250087005256,43029853
2023-06-05,8.813158988952637,9.094430394204238,8.804787635601247,8.982256175302487,27137747
2023-06-12,8.695962905883789,8.838272727185249,8.57039579218779,8.833250393905354,29905614
2023-06-19,8.679220199584961,8.706007571290275,8.543607633446499,8.690939774498057,21378133
2023-06-26,8.958816528320312,9.049225702502016,8.60722769039992,8.664152251367119,29630130
2023-07-03,8.64908504486084,9.049227155091927,8.52016970237627,8.988954362629084,26939394
2023-07-10,8.78134822845459,8.861711940943247,8.634016086119008,8.657455236149476,20631949
2023-07-17,9.010719299316406,9.08103675803161,8.640713589641177,8.766281506636389,25727433
2023-07-24,8.69428825378418,9.176467345444768,8.603879873681866,9.049226128573117,31360264
2023-07-31,8.448177337646484,8.690941022128545,8.354419926546182,8.674199111993374,29112756
2023-08-07,8.590487480163574,8.61225252296988,8.407995783171552,8.448177646302058,17556363
2023-08-14,8.59216022491455,8.667500807133992,8.490032270425887,8.597183356175144,17170040
2023-08-21,8.590487480163574,8.645737142799867,8.530214685467815,8.562025194056748,13773675
2023-08-28,8.731122016906738,8.776326207620686,8.608903131210473,8.608903131210473,18904200
2023-09-04,9.035832405090332,9.074340154428555,8.548630939424607,8.746190422833621,21426720
2023-09-11,9.258505821228027,9.320451923859796,9.074340027767006,9.081036472194091,31611041
2023-09-18,9.286967277526855,9.474481292612067,9.219998043449012,9.245111306644143,25768338
2023-09-25,9.091082572937012,9.31375613077097,8.967189560673031,9.29199108818836,22874329
2023-10-02,9.19488525390625,9.276922290459863,8.96718936731063,9.091082376903067,25110549
2023-10-09,9.2417631149292,9.285293197057026,9.101127403567281,9.1865134567159,23935570
2023-10-16,9.070992469787598,9.281945653076749,9.00569734182473,9.275248409823003,21239302
2023-10-23,9.216650009155273,9.27357377944838,8.823205152174197,9.044203788804055,24917115
2023-10-30,9.32882308959961,9.43262516115231,9.196558734797044,9.231717462338947,20428768
2023-11-06,9.251809120178223,9.358960220647973,9.111173400603711,9.323800692002127,19575674
2023-11-13,9.271899223327637,9.342216677667396,9.089407546584608,9.26520198077023,25171129
2023-11-20,9.348915100097656,9.363982899833161,9.17981708879233,9.22502208467149,15029715
2023-11-27,9.528057098388672,9.55484447341304,9.357285786351728,9.375701807304882,29692067
2023-12-04,9.538373947143555,9.658743123623733,9.424883313871476,9.528056542305372,22411181
2023-12-11,9.079253196716309,9.608875609735243,9.055178705262776,9.543533138483465,38723965
2023-12-18,9.003593444824219,9.11192497796041,8.890102798711242,9.096449278926103,19042255
2023-12-25,8.859149932861328,9.00359278642843,8.840234553243027,9.00359278642843,10089104
2024-01-01,9.204780578613281,9.266684187614267,8.859149566851652,8.859149566851652,16975776
2024-01-08,9.258086204528809,9.258086204528809,9.017348672064127,9.204780569592069,21751629
2024-01-15,9.632950782775879,9.653584774134977,9.375017281333182,9.43004317150277,22406727
2024-01-22,9.605437278747559,9.775673239468931,9.560728794924897,9.638108926152427,18520945
2024-01-29,9.4214448928833,9.627791359401938,9.381894702495844,9.61059623049937,24129507
2024-02-05,9.043142318725586,9.431762403622026,9.029386051460184,9.411127592749935,21291391
2024-02-12,9.256366729736328,9.321710019936358,9.034544577143913,9.044861981909598,25857732
2024-02-19,9.258086204528809,9.376735949923985,9.065496014567477,9.29763639297651,24077476
2024-02-26,9.093009948730469,9.319991229269721,9.079253681414025,9.254647934581637,24036898
2024-03-04,9.117083549499512,9.185865705486355,8.967482401225524,9.110205005921635,21916981
2024-03-11,9.048301696777344,9.20478139387381,8.912456811158126,9.125681829843025,42042760
2024-03-18,9.130839347839355,9.173828398110642,9.008750740250155,9.024227257518664,19956135
2024-03-25,9.361259460449219,9.392211674985,9.06377661059668,9.123961608852023,19409507
2024-04-01,9.208220481872559,9.448958041805403,9.178128389374455,9.388773856809198,22792797
2024-04-08,8.971779823303223,9.203919354274102,8.90729584586058,9.186724228251142,26235619
2024-04-15,9.332886695861816,9.371576758604096,8.864308595884744,8.971780810180423,31616095
2024-04-22,8.937389373779297,9.556428712781615,8.928791400195069,9.367278213615963,42447366
2024-04-29,8.9846773147583,9.087850546264043,8.902998199002438,8.980378327618734,23424742
2024-05-06,9.092148780822754,9.182425863385282,8.9416875231838,8.997573531424386,27842583
2024-05-13,9.294198036193848,9.307094177951774,9.096448723109907,9.096448723109907,27308770
2024-05-20,9.178126335144043,9.341483723549134,9.062056158674514,9.294196511613572,24915213
2024-05-27,9.221116065979004,9.277001255129198,9.074953792881075,9.199621131730543,38314485
2024-06-03,8.995504379272461,9.777916506861944,8.991033350497707,9.657201288228226,43611074
2024-06-10,8.308769226074219,8.991033012281395,8.21935121222742,8.940064309480348,62108488
2024-06-17,8.550199508666992,8.598485422929585,8.253329354128947,8.358843239715,39612360
2024-06-24,8.364209175109863,8.596697552131369,8.274790306174966,8.550199876727069,26634387
2024-07-01,8.741554260253906,8.741554260253906,8.365996419865356,8.54483328367861,30915174
2024-07-08,8.888200759887695,9.01338699836215,8.687903289985458,8.73797829703213,35535686
2024-07-15,9.116218566894531,9.129631652956526,8.859587660124706,8.893566795939202,26596910
2024-07-22,9.183281898498535,9.223519445702223,8.991031954834488,9.147513673852748,28578140
2024-07-29,9.250346183776855,9.250346183776855,9.093863602361765,9.210107781334075,27159922
2024-08-05,9.067039489746094,9.219051063003295,8.929334697472276,9.14751545256322,33628842
2024-08-12,9.169869422912598,9.236933143052024,9.01338684074629,9.102805702773171,20065562
2024-08-19,9.187753677368164,9.281643577927255,9.071510338026906,9.192224706229222,18605066
2024-08-26,9.210107803344727,9.406828787672726,9.169869400805783,9.169869400805783,22489675
2024-09-02,9.652729034423828,9.68849640732107,9.236932791517491,9.236932791517491,26603752
2024-09-09,9.719792366027832,9.755559737504713,9.532013452583849,9.630374363716326,24142395
2024-09-16,9.684025764465332,9.813683029353118,9.572252613118538,9.684025764465332,34274405
2024-09-23,9.326351165771484,9.715321219232411,9.245874367741942,9.684024876167898,34893967
2024-09-30,8.743342399597168,9.326351506905855,8.625309985572885,9.312938422489852,52143364
2024-10-07,8.982091903686523,9.125161423160495,8.712942434133232,8.78089985895025,26332946
2024-10-14,9.098335266113281,9.241404772451757,8.955265759774804,8.986562107691157,31008932
2024-10-21,9.035741806030273,9.286114297336699,8.946323790073578,9.07151003572679,30291416
2024-10-28,8.995504379272461,9.089393425257658,8.854223110484108,9.031271756708946,32283337
2024-11-04,8.83633804321289,9.080450389231274,8.766591536813145,8.977619296777279,29903007
2024-11-11,8.757649421691895,8.950793919954634,8.643194338650343,8.873893598247838,37417516
2024-11-18,8.959737777709961,8.959737777709961,8.73797967729585,8.79520765670223,23986787
2024-11-25,9.017858505249023,9.093864287504926,8.90608534621161,8.964207013695992,37558349
2024-12-02,8.967524528503418,9.3242713270959,8.657791412288487,9.236698475524085,48081886
2024-12-09,8.858749389648438,9.046802368882421,8.748130352090431,8.984118335511747,26663386
2024-12-16,8.705727577209473,8.890092656619165,8.633825064371386,8.862438114488222,39155664
2024-12-23,8.836626052856445,8.840313090274748,8.661478588657971,8.705726554165363,9610729
2024-12-30,8.882716178894043,9.004397198355004,8.829250622724365,8.840312613504626,15136724
2025-01-06,8.952775001525879,9.008084954443218,8.702038013503742,8.88271602087121,27447230
2025-01-13,9.421064376831055,9.476373458675434,8.952776304389019,8.969368853117931,36450603
2025-01-20,9.361144065856934,9.545509115281417,9.324271055972037,9.39340783961598,29133782
2025-01-27,9.563946723937988,9.642301985274889,9.43028150437188,9.43489074081781,38373917
2025-02-03,9.725266456604004,9.771357941815976,9.527073685577891,9.540901394878071,36906354
2025-02-10,10.10782527923584,10.310627306556158,9.711439698364773,9.711439698364773,59534082
2025-02-17,10.209224700927734,10.209224700927734,9.969549684705461,10.093996429181097,33737392
2025-02-24,10.642483711242676,10.656311420936959,10.186179840795184,10.213834381061764,53410371
2025-03-03,10.82223892211914,10.82223892211914,10.471944875348427,10.60100085440772,43998463
2025-03-10,10.89598560333252,10.99277781325839,10.753102785855457,10.845285759201813,42628242
2025-03-17,10.905203819274902,10.960513777802538,10.81763008457363,10.877549279572067,44654989
2025-03-24,10.923640251159668,10.95590402581517,10.647092229778044,10.923640251159668,33968819
2025-03-31,11.232452392578125,11.532045725319467,10.882158338606633,10.951295126297412,64459577
2025-04-07,11.25088882446289,11.366117100730738,10.33367185086546,10.766930415786723,69356803
2025-04-14,11.596573829650879,11.656493026529843,11.287762009391125,11.333853496423714,32482309
2025-04-21,11.366116523742676,11.79015659404732,11.366116523742676,11.596573064579504,36263534
2025-04-28,11.684146881103516,11.822420454961,11.352288897250444,11.421426563301129,32195609
2025-05-05,11.656493186950684,11.896167340399039,11.610401699283766,11.693366201259815,24250139
2025-05-12,11.739456176757812,11.757893122479175,11.306198501769313,11.633446376225857,33681719
2025-05-19,12.297162055969238,12.380126557376725,11.684147647829699,11.799375926646318,38109348
2025-05-26,12.108187675476074,12.34325346832847,11.979131687501622,12.324816521851265,22886546
2025-06-02,12.096366882324219,12.645117063426525,12.096366882324219,12.606943161527347,24172282
2025-06-09,12.167943000793457,12.249062657204252,11.919812179991306,12.129769098372943,23379250
2025-06-16,12.201345443725586,12.349269206591297,11.94367182164137,12.139313191600499,38982630
2025-06-23,12.249063491821289,12.268149989263234,12.053422114818495,12.158400126093412,23658020
2025-06-30,12.692834854125977,12.826443057659985,12.23951896606741,12.296780274823146,26690709
2025-07-07,12.396986961364746,12.764411357182093,12.301552656178695,12.740553008419997,24377771
2025-07-14,12.58785629272461,12.649889454794192,12.377900278387575,12.430388826903007,23072163
2025-07-21,12.711921691894531,12.726237247002574,12.358812857134977,12.587856278037771,21455653
2025-07-28,13.193867683410645,13.193867683410645,12.311095148722696,12.616487284212331,33047757
2025-08-04,13.294075012207031,13.332248916134512,13.017313981198376,13.160465893392017,22321887
2025-08-11,13.780791282653809,13.804650540099107,13.279758708091467,13.332248164333514,23812640
2025-08-18,13.818965911865234,13.895314629571612,13.718759755732913,13.82850961534574,17969394
2025-08-25,13.265443801879883,13.771249162786585,12.945737017590334,13.728303407423985,34617038
2025-09-01,13.002998352050781,13.332248840390793,12.816900685228783,13.327476988659761,23431000
2025-09-08,13.265443801879883,13.313161408964733,12.850302713558285,12.993454624675184,15245631
2025-09-15,13.079345703125,13.298846324405707,12.921878242045686,13.265443363453928,27755908
2025-09-22,13.131834983825684,13.184323530055407,12.764410609529563,12.97913937636174,15453419
2025-09-29,12.711921691894531,13.203411495618887,12.668975936708051,13.098433488572853,17782019
2025-10-06,12.969596862792969,13.019699942936189,12.478107034823823,12.726237874777432,19601901
2025-10-13,13.680585861206055,13.69967235804232,12.816900718664446,13.017313941202362,23099616
2025-10-20,13.284530639648438,13.637639460728607,13.174780785151414,13.59469370720584,18531523
2025-10-27,13.203411102294922,13.298846313230271,13.017313442122378,13.28930261010921,17611950
2025-11-03,13.518345832824707,13.618552893902066,12.907562493787427,13.3179326208076,16470887
2025-11-10,13.379966735839844,13.728303728471383,13.255901318572924,13.384737677536013,16862293
2025-11-17,13.308389663696289,13.422911375533397,12.988682876849404,13.384737471587695,18696262
2025-11-24,13.542203903198242,13.585149655619162,13.203410645363872,13.360878100861378,21268937
2025-12-01,13.396881103515625,13.903895981425386,13.372505781633356,13.801517583830215,18259755
2025-12-08,13.338379859924316,13.445632577211702,13.153124067503745,13.367630431937435,16474274
2025-12-15,13.56263542175293,13.60163649331639,13.167749455940537,13.26525166991974,26261036
2025-12-22,13.704014778137207,13.77714167050365,13.372505207559856,13.513883742153794,5505278
2025-12-29,13.981898307800293,14.025774631642008,13.66013921953367,13.679639291319468,8227582
2026-01-05,13.8405179977417,14.323156600929453,13.645512642391932,13.977022211415976,22610794
2026-01-12,14.40116024017334,14.537663529365444,13.655263680489234,13.835643292595632,21955091
2026-01-19,14.610790252685547,14.635166503939955,14.016023669961601,14.386534320298438,22983158
2026-01-26,15.22993278503418,15.371312249932997,14.654666284848041,14.727793177445168,21389511
2026-02-02,16.097707748413086,16.351215176701217,15.234808000120148,15.268933821262994,26181969
2026-02-09,16.726600646972656,16.872854428140222,15.946577381216084,15.975828881336689,28366976
2026-02-16,17.30674171447754,17.77475456521284,16.458466795266773,16.687598900399113,31167587
2026-02-23,17.735755920410156,17.735755920410156,17.072736729408966,17.16536369943611,23615980
2026-03-02,17.038610458374023,17.760130776779185,16.672975048793973,17.687002950976026,23021929
2026-03-09,17.082487106323242,17.19461507755772,16.404843098587367,16.78510333666237,22346903
2026-03-16,16.687599182128906,17.31649250701305,16.599846538669826,17.00448393458867,36707447
2026-03-23,16.867979049682617,16.999608016902624,16.365840361920156,16.60472297496042,22289161
2026-03-30,17.44324493408203,17.44324493408203,16.872854623025077,16.872854623025077,19145414
2026-04-06,17.496871948242188,17.81863101796677,17.214114879559503,17.44324512666846,18913689
2026-04-13,16.71197509765625,17.891759646287525,16.590096628484968,17.452996413383776,27014697
2026-04-20,17.209239959716797,17.72600535305547,16.799728217379222,16.848480722251495,23853430
2026-04-27,17.326242446899414,17.360368267172074,16.882604923637135,17.126361845423393,12531421
2026-05-04,17.38474464416504,17.83325837456855,16.819228625633887,17.370119823078543,21197933
2026-05-11,17.765005111694336,18.21351884819596,17.345744737199116,17.4529965261547,21423899
2026-05-18,17.75037956237793,18.33539656612923,17.648002098143845,17.72112806128914,18993353
2026-05-25,17.48712158203125,17.838132155227967,17.345743976465045,17.77963101293444,20760438
2026-06-01,16.999608993530273,17.511498211204234,16.960608848993683,17.428621741740283,16631201
2026-06-08,17.834999084472656,18.020000457763672,17.364999771118164,17.524999618530273,22493963
2026-06-15,17.084999084472656,17.770000457763672,16.674999237060547,17.770000457763672,33078536
2026-06-22,16.979999542236328,17.184999465942383,16.655000686645508,17.084999084472656,20904160
2026-06-29,15.859999656677246,16.985000610351562,15.704999923706055,16.954999923706055,27285948
2026-07-06,15.869999885559082,16.049999237060547,15.625,15.859999656677246,20973808
2026-07-13,16.46500015258789,16.645000457763672,15.90999984741211,15.90999984741211,23246151
2026-07-20,16.15999984741211,16.545000076293945,16.094999313354492,16.3799991607666,16179881
2026-07-27,16.56999969482422,17.520000457763672,16.03499984741211,16.15999984741211,31580866
2026-08-03,16.454999923706055,16.739999771118164,15.829999923706055,16.469999313354492,21922358
2026-08-10,16.405000686645508,16.450000762939453,15.96500015258789,16.399999618530273,18465697
2026-08-17,15.96500015258789,16.454999923706055,15.944999694824219,16.315000534057617,20064408
2026-08-24,15.194999694824219,16.1299991607666,14.795000076293945,16.030000686645508,31353770
2026-08-31,15.34000015258789,15.694999694824219,15.1850004196167,15.239999771118164,26696214
2026-09-07,15.545000076293945,15.6850004196167,15.1899995803833,15.239999771118164,17907910
2026-09-14,15.029999732971191,16.104999542236328,15.0,15.630000114440918,32304593
2026-09-21,14.15999984741211,15.109999656677246,13.944999694824219,15.010000228881836,34762913
