Price,Close,High,Low,Open,Volume
Ticker,PUB.PA,PUB.PA,PUB.PA,PUB.PA,PUB.PA
Date,,,,,
2000-09-18,21.262304306030273,23.022198589328934,20.68276157121657,22.995614469578243,3650109
2000-09-25,18.396488189697266,21.746139543682286,17.811629524082317,21.639801051323737,4399302
2000-10-02,17.01409149169922,19.220607293324065,16.62064074764794,19.220607293324065,3562237
2000-10-09,16.508983612060547,17.487293857202378,15.472188122801356,17.014089808910075,3921822
2000-10-16,18.87501335144043,18.981351860476497,15.870962133542054,17.785048197357032,4180326
2000-10-23,20.47007942199707,20.62427011740737,18.63574722398873,18.928176524369697,3146038
2000-10-30,21.427125930786133,21.480296195710288,20.33716085281866,20.629590211067754,2257036
2000-11-06,19.087688446044922,22.27251318577892,18.6676524932106,21.63980226454209,3399620
2000-11-13,19.67254638671875,20.682759039494133,18.082791070069966,18.98134921661679,2408023
2000-11-20,19.353530883789062,20.09789620809611,18.343318337940662,19.911805384078814,1971557
2000-11-27,18.60916519165039,20.204236493791853,17.78504542452491,19.353532610611623,1961203
2000-12-04,19.821422576904297,20.5498400731678,17.705294482330366,18.662337043600413,2704835
2000-12-11,19.938392639160156,21.256984762308033,19.247195433316907,20.198921862069984,2816058
2000-12-18,18.508142471313477,20.193599967148554,18.343317726791195,19.938388833468693,1599819
2000-12-25,19.135540008544922,19.14085602057032,18.077475130538637,18.508145121167182,771069
2001-01-01,18.890962600708008,19.300364524431615,17.07258208498218,19.13554176938222,1293523
2001-01-08,19.45986557006836,19.672542516678877,18.157225863851387,18.57725968963876,1221022
2001-01-15,20.47007942199707,20.87948125382555,18.609163110906426,19.34821240707866,2205692
2001-01-22,19.087688446044922,20.762512188697052,18.635750335243053,20.762512188697052,1050917
2001-01-29,19.140853881835938,19.667228256011082,18.720817990429673,18.880324700464065,1543377
2001-02-05,19.406700134277344,19.619377111427628,18.635748627405036,18.720819012617554,1668809
2001-02-12,18.290151596069336,19.390750623475483,17.556418235052565,19.29504618385425,2029231
2001-02-19,18.603849411010742,18.742088033156794,17.763777541218516,18.29015196989363,1672956
2001-02-26,18.502822875976562,19.66722598401292,18.07747102227641,18.42838655510874,1726091
2001-03-05,19.752296447753906,20.044725721784776,18.343316270735677,18.52940707378142,1717911
2001-03-12,19.007932662963867,19.82673640291482,17.94455181468617,19.69912980869677,1321339
2001-03-19,17.22677230834961,19.619379460718267,16.668496697658792,19.061102835908343,1737515
2001-03-26,18.343324661254883,18.609169946200605,17.09385263330541,17.09385263330541,2445643
2001-04-02,17.216135025024414,18.39648628618098,16.69507768332506,18.34331805962214,1917198
2001-04-09,16.966238021850586,17.81162571137051,16.748245071885705,16.801414306683707,1590287
2001-04-16,19.087688446044922,19.140856681086007,16.211242106258833,16.966242604799767,3098660
2001-04-23,20.289308547973633,20.470083391521797,18.077476241863405,18.077476241863405,2593027
2001-04-30,19.513042449951172,20.470084978356528,19.247197190491995,20.41691673776004,1056681
2001-05-07,20.18828582763672,20.28399026516961,19.30036177457891,19.412016275621287,1096850
2001-05-14,19.544940948486328,20.20955404155322,18.715505106411296,20.20423802923349,1628717
2001-05-21,20.613637924194336,20.613637924194336,19.151489262285235,19.30567997159095,2247869
2001-05-28,19.67254638671875,20.592370609520003,19.27909456655962,20.42222983005608,3017749
2001-06-04,19.67254638671875,20.20423682960304,19.247194438058933,19.67254638671875,2529198
2001-06-11,16.344165802001953,19.64064628419139,15.052157728403207,19.364166981586074,3415914
2001-06-18,15.684865951538086,16.344161890179656,15.137224504079546,16.12616891910135,3415072
2001-06-25,15.206345558166504,15.897542668670864,14.621485918598763,15.631697470150888,4783197
2001-07-02,14.004725456237793,15.89222600281626,13.558105431482954,15.41370483747007,4326567
2001-07-09,13.931198120117188,14.424148248323874,13.197130692575367,13.957988476938155,1758149
2001-07-16,13.716870307922363,14.268759349422544,13.261427150868965,13.936554473915216,1438619
2001-07-23,14.842082023620605,15.43147794885849,13.234636361365078,13.502543971741,2244115
2001-07-30,16.074459075927734,16.449530196494013,14.09194204776868,14.47237144399866,2000107
2001-08-06,14.402713775634766,15.956578851162796,14.2848347860511,15.956578851162796,1440040
2001-08-13,14.467010498046875,15.222509853408187,13.995493568525287,14.681336375102141,1222364
2001-08-20,15.404687881469727,15.404687881469728,13.941912547045176,14.57417468274159,1132011
2001-08-27,13.98477840423584,15.426121730911815,13.668647321024629,14.600965745042153,1248656
2001-09-03,12.859563827514648,14.343772064550345,12.720251763411548,14.18838517774778,2148553
2001-09-10,9.167799949645996,13.395382265649175,9.10885994064144,12.484495862790407,4080403
2001-09-17,10.100116729736328,10.635931930019566,8.637341478239819,8.637341478239819,2597333
2001-09-24,9.912582397460938,10.796677379864205,9.457139218045159,9.725046850408967,2727767
2001-10-01,9.076711654663086,9.59109386267897,8.48195633240644,9.376767942672352,4615863
2001-10-08,11.198539733886719,11.348568388056416,8.840952582855818,9.00169676647674,6080760
2001-10-15,11.418225288391113,11.959398936618111,10.909201298306746,11.252122809267728,2796934
2001-10-22,14.097297668457031,14.118730767075284,11.50395201085897,11.648622360573013,3939984
2001-10-29,13.438246726989746,14.38128171053123,12.805984554457327,14.38128171053123,1508610
2001-11-05,14.199104309082031,14.788501296120472,13.395381423662295,13.545410063522452,2618484
2001-11-12,15.35110855102539,16.529902651335913,13.395382858135003,14.172315472701476,4593979
2001-11-19,15.029618263244629,15.538643190343606,15.01890273430589,15.43147972506386,2637668
2001-11-26,14.954598426818848,15.779754119923599,14.574170220092,15.013538411179512,3098236
2001-12-03,16.31557273864746,17.78906449257506,14.22589270639741,14.547382020742521,2997858
2001-12-10,15.002827644348145,16.67992899920299,14.734920007841927,16.44417101490782,1420294
2001-12-17,15.576146125793457,16.015514381857187,14.750991332646368,15.16356821822677,1936417
2001-12-24,15.940502166748047,16.476317365630333,15.05640729298955,15.324314892430692,443020
2001-12-31,17.162160873413086,17.601529191085927,15.779758666191249,15.940502823685947,1151089
2002-01-07,15.533285140991211,17.226462398330593,15.227870589080675,17.01213546465125,8985663
2002-01-14,15.002827644348145,15.656521909508163,15.002827644348145,15.538642917360578,3317335
2002-01-21,15.002827644348145,15.377898744251459,14.359848907938613,15.217153549155812,2687506
2002-01-28,15.479704856872559,15.565435229576256,14.847442591692813,15.002829530959922,2613310
2002-02-04,14.836726188659668,15.318959762241875,14.386641247453182,15.163572832117127,1864822
2002-02-11,15.431478500366211,15.967293740267626,14.520593205725682,14.520593205725682,3091725
2002-02-18,15.270736694335938,15.822626844537647,14.734921371727658,15.822626844537647,1969264
2002-02-25,16.615633010864258,16.8246006563022,15.270736449997973,15.270736449997973,2874677
2002-03-04,20.414560317993164,21.137912135795226,16.61563111514255,16.86210564092415,13560641
2002-03-11,19.825164794921875,20.46814352138962,19.182186068454126,20.46814352138962,4142385
2002-03-18,20.23238754272461,20.596742159118797,19.878749479044775,19.921615689902175,2849253
2002-03-25,20.591379165649414,21.111120585582494,19.921610137477035,20.307397751775643,1673289
2002-04-01,19.610837936401367,21.37902995103796,19.610837936401367,20.59138085520795,2666384
2002-04-08,20.200233459472656,20.484214861551482,19.18218376134539,20.03948930818224,2295956
2002-04-15,20.414560317993164,20.7253341457836,19.943044367099578,20.602096882892802,1919692
2002-04-22,18.887489318847656,20.64496284820377,18.38918092649212,20.25381792460796,3788426
2002-04-29,17.46757698059082,18.973218624791848,17.44078662589129,18.973218624791848,2389110
2002-05-06,17.681900024414062,18.21771517666903,17.119294523340862,17.413992448286574,1927982
2002-05-13,18.003393173217773,18.619581582754297,17.23717713449593,17.62832410025448,2558777
2002-05-20,17.226465225219727,18.040902801316182,16.883542688250603,18.003395888363322,2521265
2002-05-27,17.392560958862305,17.39792025550475,16.669211254063516,17.146086456602116,1932896
2002-06-03,16.29414176940918,17.5157998927355,16.261993140370723,17.397921926923317,1797673
2002-06-10,15.051050186157227,17.29611530783601,14.440221139073492,16.44952829078206,4314556
2002-06-17,14.965319633483887,15.75296765872487,14.424146125071587,15.15821344455778,2900465
2002-06-24,14.97603988647461,15.211797911652381,13.132834741526956,15.002830245976314,4260718
2002-07-01,14.584887504577637,15.051047118434862,13.025665554413182,15.040330570533257,3523120
2002-07-08,13.193811416625977,15.20908211239233,13.085753581197627,14.4796942995407,3315507
2002-07-15,12.858832359313965,13.863766678786085,12.151056558333545,13.10196196257846,3295084
2002-07-22,11.400060653686523,12.85343357749165,10.265457275075011,12.70755577941672,5029448
2002-07-29,11.200152397155762,13.042531500323525,11.086692590050372,11.400059096528631,3699881
2002-08-05,11.38385009765625,11.38385009765625,10.157398018535407,11.346030161998808,3602716
2002-08-12,10.627450942993164,11.605370640834401,10.108774613240563,11.605370640834401,2785595
2002-08-19,12.377979278564453,12.761583714315545,10.42754221840951,10.42754221840951,3116476
2002-08-26,12.167264938354492,12.631911113016116,11.859301476510222,12.626509149225685,2544904
2002-09-02,11.319014549255371,12.286127870442893,10.638252716157588,12.053804265038593,3048289
2002-09-09,11.508115768432617,12.421201331403369,10.778728947593606,11.048872519909075,3173233
2002-09-16,10.373513221740723,11.626979188010246,9.881852019980107,11.42707249814951,3661984
2002-09-23,10.81114673614502,10.816549731677249,9.02279643561809,10.249247566985462,4549032
2002-09-30,9.860240936279297,10.57341984185639,9.757586084562593,10.57341984185639,3150273
2002-10-07,10.605836868286133,10.80574357790441,9.184882041218748,9.779198144106694,3685072
2002-10-14,12.739972114562988,12.739972114562987,10.38972259218926,10.486974452917504,4484580
2002-10-21,12.20508861541748,13.426137879607355,11.681010372990846,12.588692054298438,4587260
2002-10-28,12.486038208007812,12.966893512670868,11.886319053281628,12.372577353903566,3572293
2002-11-04,11.940347671508789,13.32888565079329,11.886318743842653,12.480634887138,3655267
2002-11-11,11.724230766296387,11.983568333256592,10.859771179246478,11.886316488017544,4699202
2002-11-18,12.956083297729492,13.23703281291932,11.421667983096766,11.983567013476423,3943669
2002-11-25,13.825948715209961,14.263581032860976,12.12944733700737,13.1343807690017,4247761
2002-12-02,12.513051986694336,14.479697146206114,12.156462502398597,14.04746778054949,3571904
2002-12-09,11.762054443359375,12.480636491285589,11.49191080082296,12.426607556675064,2890769
2002-12-16,10.994845390319824,12.091627813047973,10.735507765976665,11.616175501752183,3217547
2002-12-23,10.73010540008545,11.183946784594669,10.54100465145391,10.994846035963132,588173
2002-12-30,12.134851455688477,12.134851455688475,10.384320843861127,10.805745280798076,1467258
2003-01-06,11.767455101013184,12.259116350267263,11.259584865442724,12.15646149796221,2735838
2003-01-13,10.708490371704102,12.097028081646366,10.708490371704102,12.097028081646366,2980938
2003-01-20,10.254650115966797,10.913801114970925,9.9953125248091,10.69768542515686,2604518
2003-01-27,10.378914833068848,10.50318165089781,9.898059637499848,10.25464904575576,2980742
2003-02-03,10.08716106414795,10.740908016620917,9.725168634852256,10.324887697099916,3144381
2003-02-10,9.17407512664795,10.276261355270993,9.12544920300188,10.10336964031426,3484477
2003-02-17,9.417204856872559,9.898060073629043,9.125449311526431,9.4226078518437,2621746
2003-02-24,9.033600807189941,9.50365108268711,8.450091239719413,9.50365108268711,3077316
2003-03-03,8.02326488494873,9.211896070912529,7.628854972869296,8.952558470031265,4168493
2003-03-10,9.206494331359863,9.292940200437004,7.472171893153137,8.104307954852255,5614067
2003-03-17,9.730570793151855,10.389720684063853,8.84990224319964,8.914737148616558,4816201
2003-03-24,8.903932571411133,9.660334425151918,8.552746106872483,9.660334425151918,3124373
2003-03-31,9.022796630859375,9.29294023022024,8.223171308817035,8.698624105523125,4007162
2003-04-07,9.16326904296875,9.995311700819755,8.709428811114263,9.698154197596338,4624639
2003-04-14,9.968299865722656,10.162802568942745,9.087631098431386,9.292940824156517,2354560
2003-04-21,10.438348770141602,10.854370170672945,9.881853601355383,9.968299472827342,2446254
2003-04-28,10.330290794372559,11.102900555703176,10.168204030546056,10.427541616049309,3394962
2003-05-05,10.935410499572754,11.697215208572242,10.535598179499791,10.535598179499791,4430812
2003-05-12,12.858832359313965,12.907458279966866,10.757115904154078,10.940813597617066,5644295
2003-05-19,12.232098579406738,12.7507746873953,11.205553382355017,12.7507746873953,5050753
2003-05-26,12.021387100219727,12.691342931806032,11.670200716878263,12.264516689733856,4359381
2003-06-02,13.469361305236816,13.5450011904596,12.172672111546618,12.172672111546618,3792745
2003-06-09,13.123575210571289,13.485566607429494,12.394187360725946,13.334286866776141,5811351
2003-06-16,12.880444526672363,13.561206395289432,12.43740927023487,12.99390432285061,5297123
2003-06-23,12.63731575012207,12.880445372929092,11.918733902234116,12.81561046334191,2598234
2003-06-30,12.588855743408203,12.92732501082639,12.092070961495532,12.774467754370617,3786980
2003-07-07,12.457836151123047,13.23849827803694,12.239469377468266,12.719876279508787,11680901
2003-07-14,12.741714477539062,12.883653151868499,12.501510487038864,12.610694403063043,4142414
2003-07-21,12.637994766235352,12.8290661728048,12.31044393229564,12.8290661728048,2011022
2003-07-28,12.790849685668945,12.889115021430353,12.446921010504022,12.774471782623644,4947086
2003-08-04,12.850899696350098,12.97100118314824,12.457838391819635,12.829062494429474,3131153
2003-08-11,13.882686614990234,13.920900685565444,12.829065337677958,12.856360804873013,6623681
2003-08-18,14.472273826599121,14.59237530819252,13.735284953797922,13.920896997059115,3627897
2003-08-25,14.565083503723145,14.794368965223109,13.920900490877756,14.417685483918458,4063159
2003-09-01,15.291156768798828,16.02268665940939,14.630595729700259,14.636055032317412,5912093
2003-09-08,14.434062004089355,15.498600726516592,13.888144390150705,15.203805756442433,6111752
2003-09-15,14.128345489501953,14.70701883211571,14.084672127913658,14.586916306806591,5195007
2003-09-22,13.21666431427002,14.270285426395834,13.112940722186305,14.1938572972278,3361080
2003-09-29,13.664315223693848,13.702529281600398,12.801765626463885,13.102019831091061,5105477
2003-10-06,13.909981727600098,13.997328469904078,13.331309299522404,13.675236967187413,3928111
2003-10-13,14.73431396484375,14.990894828309951,13.926356272807368,13.997325093338853,5521913
2003-10-20,13.882686614990234,14.816205337631477,13.789880568769586,14.472277661199264,3000596
2003-10-27,14.685185432434082,14.88717543285608,13.839013442130941,14.08467577419217,4316718
2003-11-03,15.154669761657715,15.280230535403588,14.466813594118825,14.466813594118825,3933818
2003-11-10,14.548702239990234,15.203803704818325,14.548702239990234,15.121916282028582,3393645
2003-11-17,14.264823913574219,14.559619865375561,13.899059144443855,14.499568606766768,3547145
2003-11-24,14.384926795959473,14.76706843349852,14.237528816317042,14.275742875945443,2495624
2003-12-01,14.543244361877441,14.707020264728284,14.242990101866992,14.62513283393045,4198556
2003-12-08,14.275741577148438,14.559618910353931,13.975487386309315,14.559618910353931,3025995
2003-12-15,14.384926795959473,14.586915694353891,14.057376077172412,14.575998135356514,2819408
2003-12-22,13.975489616394043,14.406763943395804,13.926356953143133,14.166560968897018,927689
2003-12-29,14.079214096069336,14.10650955703195,13.839010082828985,13.948192967934533,1161811
2004-01-05,14.641509056091309,15.040028632161935,13.920898030523835,14.057377422979952,4750312
2004-01-12,15.4603853225708,15.520436588110325,14.341254727321374,14.739774301117013,5330682
2004-01-19,15.449466705322266,15.722425488393368,15.09462049558086,15.531355173247697,4889023
2004-01-26,15.378498077392578,15.87528298566212,15.247477984786284,15.547732233518817,4632638
2004-02-02,14.963600158691406,15.514977016382321,14.772528805431367,15.36757902604557,2916279
2004-02-09,15.613241195678711,16.148240112479574,15.121915638591084,15.121915638591084,5201209
2004-02-16,15.711508750915527,15.968089645582424,15.476764018584769,15.678752945528553,2577549
2004-02-23,15.187423706054688,15.831606481200891,15.01818958349668,15.706045714182206,4955267
2004-03-01,15.094622611999512,15.400336200351846,14.930847735696009,15.285693995190448,3891211
2004-03-08,14.030084609985352,15.26385763443055,13.877227286721943,15.209266700144994,6236000
2004-03-15,13.571510314941406,14.084672050468466,13.304010846527072,14.084672050468466,4886698
2004-03-22,13.11293888092041,13.511458414559756,12.758092706566815,13.511458414559756,6312917
2004-03-29,14.172019004821777,14.455896378852605,12.97100102748803,13.107480414088803,6844213
2004-04-05,14.079214096069336,14.43406029485878,13.87722414467868,14.43406029485878,2855296
2004-04-12,13.811714172363281,14.242989554584863,13.620643854928542,14.07921469928219,2429072
2004-04-19,13.964573860168457,14.182940718404005,13.598808982153175,13.757125605158517,5103767
2004-04-26,13.647937774658203,14.341253263512044,13.647937774658203,13.964569889380073,5034173
2004-05-03,13.167532920837402,13.920898747863625,13.129317814326168,13.544215313722923,3577818
2004-05-10,12.512429237365723,13.211204017562894,12.408704620020867,13.129315558932479,3216711
2004-05-17,12.80722427368164,13.091101628536455,11.92829779139791,12.436001241858055,4615930
2004-05-24,13.167532920837402,13.167532920837404,12.605237420091438,12.894574121859685,4542130
2004-05-31,13.39681625366211,13.39681625366211,12.719877622003738,13.03105147871582,3576720
2004-06-07,13.282174110412598,13.5660514897455,13.134776120229542,13.374980136684696,2445999
2004-06-14,13.140235900878906,13.314929358773037,13.02013440889048,13.282174595731673,2715295
2004-06-21,13.227582931518555,13.571511595690144,12.93824727575296,13.28217489866938,3529572
2004-06-28,13.211206436157227,13.511460701920036,13.009216464481286,13.211206436157225,3500668
2004-07-05,12.462145805358887,13.36101880118583,12.340077077315263,13.327727522321329,4361638
2004-07-12,12.489887237548828,12.967066737251026,12.317881092104509,12.484338515655722,3679389
2004-07-19,12.417757987976074,12.68409141328169,12.295689251014451,12.53982778324845,3143967
2004-07-26,12.495436668395996,12.750671540097194,11.984965866683053,12.445499226835231,4037243
2004-08-02,11.618757247924805,12.52317769110798,11.607659804864786,12.456595149368704,3153375
2004-08-09,11.441203117370605,11.846250289940164,11.235904640989734,11.657597979204386,3471494
2004-08-16,12.090391159057617,12.539827137506458,11.341330489435752,11.374621769018077,4552086
2004-08-23,12.478790283203125,12.600858994707735,12.140325642621912,12.245749246104845,3074014
2004-08-30,12.512079238891602,12.64524642825045,12.206906987527548,12.523176681056562,3101427
2004-09-06,13.116877555847168,13.238947316786478,12.57311552825892,12.59531041508805,3516989
2004-09-13,13.00590991973877,13.399859745905854,12.878291401541,13.316631013732177,3632492
2004-09-20,12.717378616333008,13.0891344895808,12.523177597476327,13.078037046603752,3437673
2004-09-27,12.822805404663086,13.122429031565334,12.600860723033954,12.717381786720315,13988574
2004-10-04,13.111329078674316,13.31107883062013,12.767316792890382,12.944871657593119,4640424
2004-10-11,12.789512634277344,13.205657310771972,12.650797742112466,13.127977309819046,3252987
2004-10-18,12.545373916625977,12.922678554465937,12.417755424431498,12.911581110221107,2945521
2004-10-25,12.972616195678711,13.100234700256006,12.212459182428926,12.40111151965383,4709991
2004-11-01,13.083590507507324,13.471992685915943,12.861646859121311,12.861646859121311,5001851
2004-11-08,14.087883949279785,14.259891175590383,13.105783328245238,13.139074605658962,6203155
2004-11-15,13.91032886505127,14.148918642868555,13.571864198072273,14.093432475744203,3904639
2004-11-22,13.899230003356934,14.03794487787471,13.627348976299354,13.760515128839158,3179734
2004-11-29,13.92697525024414,14.17111375441877,13.73832291406065,13.92697525024414,4005642
2004-12-06,13.37766170501709,14.037943689859212,13.344369375966751,14.037943689859212,4260891
2004-12-13,13.31662654876709,13.743868571201194,13.294431663196821,13.499730121480221,3767595
2004-12-20,13.333277702331543,13.455346443715637,13.066944267376849,13.316631531924754,3327126
2004-12-27,13.233399391174316,13.40540554120581,13.18346195111509,13.22230194709215,1290657
2005-01-03,13.399858474731445,13.594059536921018,13.23340102617504,13.23340102617504,4950762
2005-01-10,13.105781555175781,13.582959994584199,13.094684111435695,13.499731283154514,4460111
2005-01-17,12.817255020141602,13.283337097842063,12.778415023384985,13.216753490323194,5167285
2005-01-24,13.12242603302002,13.177912190748417,12.67853888781372,12.817253752979495,5864802
2005-01-31,13.205656051635742,13.527474528441001,13.005907345615247,13.205656051635744,4765627
2005-02-07,13.422056198120117,13.677291147544079,13.233403818845506,13.305535112892446,4295575
2005-02-14,12.967068672180176,13.582962077870874,12.900485057837876,13.5219282445603,4700816
2005-02-21,12.967068672180176,13.01145739563816,12.606409103484578,13.01145739563816,3975587
2005-02-28,13.455342292785645,13.51637717380402,12.76731666955386,13.07803767978198,7736835
2005-03-07,13.705032348632812,14.065690871847217,13.377665104618483,13.549671281847994,6949829
2005-03-14,13.727224349975586,13.810453066023499,13.460892035298048,13.727224349975586,3088598
2005-03-21,13.266694068908691,13.766067539313294,13.183465333559724,13.74387370376527,4174474
2005-03-28,13.333277702331543,13.427603884681776,13.07804171431471,13.266694079015172,3775298
2005-04-04,13.41650390625,13.466441349737131,13.07249052426205,13.277789020632545,2493016
2005-04-11,13.028101921081543,13.466441471588096,13.028101921081541,13.405406582704753,3450113
2005-04-18,12.950421333312988,13.127976211094158,12.517630524988476,12.900483891648216,4406426
2005-04-25,12.273493766784668,12.955970762355557,11.89064037923806,12.950422039833361,6209317
2005-05-02,12.722928047180176,12.750670597859152,12.284588549941176,12.406658312873795,4618766
2005-05-09,13.03365421295166,13.08914039455828,12.462148341532009,12.789515648869076,5498934
2005-05-16,13.000359535217285,13.205656977790762,12.900484646047223,13.005908257761247,4028978
2005-05-23,13.04474925994873,13.139075433825255,12.833902020313815,13.01145798043663,4401404
2005-05-30,13.344372749328613,13.422053811772868,13.017005505750443,13.083589122372565,3769147
2005-06-06,13.649543762207031,13.69393247938858,13.133524263527484,13.383211459117748,4080239
2005-06-13,13.760517120361328,13.877038182141499,13.399858606080087,13.655094562453863,4359171
2005-06-20,13.638450622558594,13.910331733388658,13.516381876362695,13.76051936875449,3444114
2005-06-27,13.843748092651367,13.926976824892987,13.349922305837689,13.621803395592714,4340438
2005-07-04,13.632694244384766,14.042742055268315,13.121538519283096,14.042742055268315,4027839
2005-07-11,13.778738975524902,13.93039977641368,13.59899097615,13.677631060681582,2359576
2005-07-18,14.295511245727539,14.351681354509438,13.565288046425222,13.761886641290312,6124409
2005-07-25,15.755952835083008,15.975020293487365,14.278657153784126,14.329211100233135,10938095
2005-08-01,15.385226249694824,15.80650846745318,15.227948240745729,15.78404063962163,6156222
2005-08-08,15.143693923950195,15.6155301865185,14.997650335829034,15.362761448884525,2433749
2005-08-15,15.284114837646484,15.362754895445816,15.008877313788417,15.166156358011243,2825542
2005-08-22,14.992032051086426,15.379610969027125,14.88530690911123,15.334674236307498,2511318
2005-08-29,14.947093963623047,15.31782224280272,14.778580427665664,14.941476738620189,4217812
2005-09-05,15.109987258911133,15.312203047489255,14.7841957502997,14.958325417477537,3575733
2005-09-12,15.143693923950195,15.244801847554303,14.986415884011622,15.166162827585016,3671676
2005-09-19,14.72802734375,15.418931060635787,14.660622782487502,15.143692376122676,8475142
2005-09-26,14.874074935913086,15.166164282937022,14.728030262401116,14.857224327946271,4933528
2005-10-03,14.907777786254883,15.284122303032602,14.728029760185771,15.00326741848109,3475650
2005-10-10,14.610071182250977,15.10999253252013,14.576368896184023,15.031353507905123,3613746
2005-10-17,14.829132080078125,15.121221306642585,14.435936033280692,14.907772146538374,6897000
2005-10-24,15.261651992797852,15.531272381084294,14.857221410368183,14.9246259717517,7375611
2005-10-31,15.418930053710938,15.671698749002653,15.295353247172836,15.390843928872226,4752715
2005-11-07,15.581825256347656,15.643613659474257,15.312204886774314,15.491951799823209,2250316
2005-11-14,15.716635704040527,15.806509162068368,15.396461375894326,15.615527795915172,2942431
2005-11-21,16.053661346435547,16.194088755369158,15.621144669789754,15.727869800564608,3628779
2005-11-28,16.216556549072266,16.334515050271072,15.918850076741515,16.064894700637204,3677347
2005-12-05,16.63222312927246,16.65469095822432,16.188471990179718,16.250260394705577,3149027
2005-12-12,16.323280334472656,16.958012769162337,15.98625436724925,16.643454628353286,5764091
2005-12-19,16.542348861694336,16.727712994830377,16.17723674885345,16.323281379714587,4442377
2005-12-26,16.514265060424805,16.705246445230074,16.430008819216887,16.542351188411597,1379934
2006-01-02,17.11528968811035,17.126524136296574,16.452473315762546,16.531112310314196,4064759
2006-01-09,17.413000106811523,17.553427527027743,17.115293590257703,17.188316448740807,5300454
2006-01-16,17.16584587097168,17.547808588080688,16.941162234841702,17.31750772712545,3842967
2006-01-23,17.457935333251953,17.46355255814144,16.91869460037404,16.91869460037404,3842912
2006-01-30,17.525341033935547,17.946623260026538,17.35682750067349,17.457935406355503,4448169
2006-02-06,17.55342674255371,17.941006705014615,17.525341688316082,17.620832372650618,5942171
2006-02-13,18.030879974365234,18.16007508712869,17.502873643526247,17.553427600726433,3834818
2006-02-20,17.901691436767578,18.171310806829208,17.609602089521516,18.171310806829208,4647756
2006-02-27,18.24432945251465,18.873443670117965,17.81742998345289,17.957857398089935,5394109
2006-03-06,18.384756088256836,18.72178315475852,17.963473862193887,18.536417946769763,4525946
2006-03-13,18.210628509521484,18.50833612498814,18.087053825372717,18.452163866054537,3218194
2006-03-20,18.339824676513672,18.401610950724997,17.98594692474414,18.182544485309045,5042979
2006-03-27,18.08704948425293,18.390373181435145,18.058964432903185,18.390373181435145,3654238
2006-04-03,17.952239990234375,18.199393608841692,17.839898702493755,18.115136303816058,5146815
2006-04-10,17.800580978393555,18.137607018072554,16.851291270187634,18.00279574509996,3668347
2006-04-17,18.317352294921875,18.339821195508193,17.553426817005434,17.80057936657419,3938933
2006-04-24,18.508331298828125,18.845356193538137,18.15445365945619,18.171304261366085,4516851
2006-05-01,18.407224655151367,18.97455043318269,17.750024351518643,18.508332558998877,5080280
2006-05-08,18.109519958496094,18.86782712469466,18.098285508428052,18.401607089256128,3973148
2006-05-15,17.401765823364258,18.188160241236435,17.081591473613308,18.115137382051294,5870136
2006-05-22,17.620834350585938,17.660153859482683,16.873760467418997,17.401766831712802,4903793
2006-05-29,17.63768196105957,17.91291954796941,17.132143514258313,17.542191282223417,4743733
2006-06-05,17.34559440612793,17.693854878312948,16.91307876779285,17.57589636005143,4758641
2006-06-12,16.688392639160156,17.457935305792375,16.59290303031731,17.28942284487711,6114135
2006-06-19,16.430009841918945,17.05912522009201,15.789661083228161,16.744566995317328,9067801
2006-06-26,16.963632583618164,17.193933464251703,16.18847263351527,16.547966482040568,6008060
2006-07-03,16.52762794494629,17.39750349946484,16.43097510555534,17.289479482636093,4097987
2006-07-10,15.828315734863281,16.62996525528806,15.799888877594638,16.448030766172522,7059349
2006-07-17,15.680493354797363,16.02162105677481,15.521300138030536,15.794202950261534,5033454
2006-07-24,16.77210235595703,17.005206064659497,15.680494294836784,15.75440477722885,6180651
2006-07-31,17.027950286865234,17.118917544903194,16.510573600118615,16.823273414072197,3849741
2006-08-07,16.635648727416992,16.91423601398818,16.345690265618828,16.91423601398818,3129531
2006-08-14,17.181455612182617,17.323592078120505,16.68113572922392,16.766417391903623,3954575
2006-08-21,17.062061309814453,17.357705415906683,16.993835329787338,17.181455419342953,3434841
2006-08-28,17.568069458007812,17.619238679736448,16.954039881679503,17.07343509385143,3027586
2006-09-04,17.499841690063477,17.772743438375755,17.4429868880613,17.619235798294415,3323913
2006-09-11,17.721574783325195,17.943307325262605,17.408874989084477,17.48278547492522,3268386
2006-09-18,17.551010131835938,17.778428245431613,17.198511242451314,17.778428245431613,3910616
2006-09-25,17.659032821655273,17.784113595769927,17.471412744898387,17.62492037617632,3930080
2006-10-02,17.994474411010742,18.096812828846407,17.442985373625852,17.744313954569684,3355493
2006-10-09,17.659032821655273,17.994474941374417,17.40318785394048,17.994474941374417,5307125
2006-10-16,17.243993759155273,17.698829957173814,16.74367394133488,17.630605069678552,7681844
2006-10-23,17.363393783569336,17.676093621403645,17.181458169183834,17.380449467994456,5870988
2006-10-30,16.75504493713379,17.39181673313717,15.976137770442657,17.369074379801468,8286294
2006-11-06,16.504886627197266,16.772102789728912,16.254726146358284,16.68113553931749,7436405
2006-11-13,16.81758689880371,16.988150227128713,16.37980631584363,16.544685139717632,5302491
2006-11-20,16.51625633239746,16.851698467069312,16.357064190122777,16.77210239593197,3799470
2006-11-27,16.51625633239746,16.760731218793737,16.203556552002073,16.340007424415433,6899920
2006-12-04,16.55605697631836,16.698193450384082,16.357065695743294,16.567427070088037,4726400
2006-12-11,16.90287208557129,17.147347035690853,16.62428467956064,16.62428467956064,17694238
2006-12-18,18.074077606201172,18.426575513968572,16.897186491852104,17.027952894167836,10202404
2006-12-25,18.165042877197266,18.27875249683776,18.028590899862554,18.074075615250994,2216007
2007-01-01,18.079757690429688,18.335603758028707,18.02858847690988,18.16504043590613,2697171
2007-01-08,18.341289520263672,18.568708744578856,18.051332069650748,18.216210898837733,4986899
2007-01-15,18.284439086914062,18.665366030824174,18.182100634450503,18.506171677641497,3284644
2007-01-22,18.540281295776367,18.733586979664807,18.19346796566796,18.324233256411553,5639769
2007-01-29,18.534595489501953,18.864353152843652,18.483426271701706,18.506168628241927,4883835
2007-02-05,19.60346221923828,19.864992810684427,18.534595328280826,18.648304941162337,7657683
2007-02-12,19.677371978759766,19.84793529794153,19.432897092694798,19.575033553484648,2828804
2007-02-19,19.48975372314453,19.614834521364532,19.24527880053122,19.597778837545658,2390110
2007-02-26,19.43290138244629,19.70011868174427,18.653994012649047,19.4897551117804,7245564
2007-03-05,20.194746017456055,20.28002658168676,19.05196780482666,19.245273453444916,5852056
2007-03-12,20.234548568725586,20.26866210333761,19.535237375407664,20.1947505294268,5712536
2007-03-19,20.791723251342773,20.894061686169223,20.285717750717808,20.342571472807847,4465393
2007-03-26,20.55861473083496,21.144216173482928,20.314139878911448,21.007766404725135,4092625
2007-04-02,19.67168617248535,20.786037722485283,19.648945986068085,20.558618507669696,5947552
2007-04-09,19.84794044494629,19.938907716688384,19.62620785562686,19.67169040708249,3639033
2007-04-16,20.189064025878906,20.20612187774377,19.75697009464124,19.819510490874563,3969262
2007-04-23,20.001445770263672,20.240234017190826,19.8195112481771,20.18338029235024,3828989
2007-04-30,19.95595932006836,20.30845932368642,19.245276977205094,20.001444031050195,6335580
2007-05-07,19.097454071044922,20.06966689715083,18.84729469245825,19.842249871752994,4955842
2007-05-14,19.393098831176758,19.557977644290784,18.938262595715862,19.097454735919612,4165382
2007-05-21,19.250961303710938,19.74559554677304,19.131567205183902,19.609145768122175,5160244
2007-05-28,19.27370834350586,19.38741579709015,18.99511987703078,19.25096598525674,3903490
2007-06-04,18.892776489257812,19.432895427749727,18.699470832392183,19.296443482796892,4839268
2007-06-11,19.046289443969727,19.262337513591827,18.56302625098337,18.98943571614687,5893218
2007-06-18,18.05701446533203,19.046284012256756,18.00584525735187,19.046284012256756,7504211
2007-06-25,18.563024520874023,18.619878243398006,17.966050674635017,18.01153430330335,6392927
2007-07-02,19.06726837158203,19.113462909011922,18.484046641709234,18.76699616855139,6137070
2007-07-09,19.044172286987305,19.13079008388844,18.131807484739507,19.13079008388844,6442883
2007-07-16,18.616863250732422,19.05572131792104,18.328139099069862,19.05572131792104,6380976
2007-07-23,18.09716033935547,18.824741435114408,17.90660317591556,18.518695715845123,7377678
2007-07-30,18.085609436035156,18.40897890359923,17.750690783567503,18.03941379781172,6016489
2007-08-06,18.20687484741211,19.05572016746194,17.802662160879258,17.906602628924333,8096033
2007-08-13,17.97589683532715,18.518696484569286,17.560136034579088,17.871957461183417,6076463
2007-08-20,18.120258331298828,18.32813928201445,17.53126413992297,18.131807517758816,3984058
2007-08-27,18.31658935546875,18.414755233630153,17.854632929645085,18.27616830588305,3331860
2007-09-03,17.571687698364258,18.45517966218492,17.502393671108127,18.45517966218492,3586017
2007-09-10,17.080854415893555,17.773790128658828,16.87297348178578,17.60633024254069,4337165
2007-09-17,16.208911895751953,17.236766353104688,16.151167065313523,17.08085564133824,6991249
2007-09-24,16.653547286987305,16.74016399042029,16.116522183755198,16.168492426093216,5570097
2007-10-01,17.288734436035156,17.323380889424556,16.1973606910556,16.255105514298528,8690128
2007-10-08,17.369579315185547,17.60055754383341,16.901848264499733,17.294511803896643,4625740
2007-10-15,16.653547286987305,17.31761014849505,16.428343637783314,17.31761014849505,4340198
2007-10-22,17.080854415893555,17.09817819419952,16.255106373622073,16.295527421611705,4258502
2007-10-29,15.966384887695312,17.121277119736796,15.793151493445512,17.034660422611896,5862223
2007-11-05,14.678679466247559,16.012579608891254,14.413053695483,15.845120817632052,4036413
2007-11-12,13.82983684539795,14.84036768917551,13.72012175968399,14.597840242613248,5752195
2007-11-19,14.008842468261719,14.130105620162036,13.419847184026112,13.85870635062964,5759806
2007-11-26,14.34953784942627,14.516996669558102,13.21196816548474,14.18785252189279,7990248
2007-12-03,14.661354064941406,14.75374533983848,13.922223865764819,14.401504017314965,4311940
2007-12-10,15.065567970275879,15.637239444216396,14.615159641690486,14.661355282976862,5878330
2007-12-17,15.065567970275879,15.105989018727588,14.638258013029157,14.857687033791702,4969771
2007-12-24,15.036698341369629,15.302323042880186,14.89233680322925,14.921208670300874,816992
2007-12-31,13.97996711730957,15.648786804581405,13.887575845513512,14.805715072703826,3853338
2008-01-07,13.0040864944458,14.083910089492282,12.975213528482158,13.864481055123761,6798450
2008-01-14,12.571000099182129,13.217739023745917,12.357344587519437,12.929016014217934,5912747
2008-01-21,13.19464111328125,13.419844697303198,11.277520599579482,12.334246718945979,12356616
2008-01-28,14.314887046813965,14.47657122393596,12.830849883177066,12.969436792734857,6591505
2008-02-04,13.275481224060059,14.488117844863485,13.125345156590047,14.488117844863485,4192181
2008-02-11,13.431396484375,14.257144587667968,12.848175788333178,13.188869077123856,7007609
2008-02-18,14.10123348236084,14.436152168617117,13.569983038500089,13.569983038500089,6220350
2008-02-25,13.852930068969727,14.632482426452341,13.616177285781871,14.147427675191643,5905945
2008-03-03,13.593084335327148,14.153206763484736,13.489143841126694,13.575760552496659,4590170
2008-03-10,13.362105369567871,13.645053889249942,13.084931444335387,13.523790709982459,5209425
2008-03-17,12.957891464233398,13.188869695931007,12.403542606768049,13.188869695931007,8261172
2008-03-24,13.737441062927246,13.766312922779186,12.957888731625516,12.957888731625516,3484239
2008-03-31,14.418828010559082,14.580513307098949,13.593081053384866,13.673923150959313,4631651
2008-04-07,13.997292518615723,14.580513177898581,13.760539719481912,14.447700846948583,5134321
2008-04-14,14.453474998474121,14.574738140058747,13.598854009162894,13.82983330980378,3266624
2008-04-21,14.736424446105957,14.996274525153698,14.222496678281654,14.424603029579458,5271858
2008-04-28,15.117541313171387,15.34274497307953,14.447703826077923,14.742201512860753,7157529
2008-05-05,14.730649948120117,15.296546854293295,14.603612204302978,15.181058296657083,5068975
2008-05-12,15.071343421936035,15.163734709773614,14.603612389584418,14.724875541849604,3843424
2008-05-19,14.476572036743164,15.209928771378797,14.459249360445117,15.181056909954776,4555613
2008-05-26,14.75374698638916,14.915432286198913,14.210948461139061,14.48234772376411,4200684
2008-06-02,14.48234748840332,14.903882857988744,14.436151846549999,14.782619711145395,3275640
2008-06-09,13.292811393737793,14.557417741196371,13.119576878045514,14.401508108881863,8520443
2008-06-16,12.703813552856445,13.616178300324133,12.651843318392574,13.229289388976957,5630094
2008-06-23,12.166788101196289,12.97521235117849,12.051299551993651,12.617196416842098,7071439
2008-06-30,11.341041564941406,12.149467022650052,10.850213238835401,12.120594055508413,7210744
2008-07-07,10.705851554870605,11.543147765017315,10.601911077422765,11.398786235537772,6047147
2008-07-14,11.889615058898926,11.918486922788341,10.28431453521071,10.890633589407482,6340781
2008-07-21,12.253669738769531,12.473974311356583,11.431995588210649,12.283440105164171,5781362
2008-07-28,12.49778938293457,12.771681501772704,11.932144516775981,12.158402236106099,6195015
2008-08-04,13.188472747802734,13.259923213951689,12.29534816710729,12.450156564041164,5527100
2008-08-11,13.271831512451172,13.694576592580423,13.18251814787932,13.200381047927012,4086400
2008-08-18,12.890767097473145,13.29565050230836,12.50374659661602,13.176566747121466,2501588
2008-08-25,13.652898788452148,13.712440658004788,12.730002649552977,12.890765356645096,4266873
2008-09-01,13.712441444396973,14.403124445217362,13.444503583877523,13.545724427221897,5773938
2008-09-08,14.397168159484863,14.456710024243405,13.730301318389088,14.022055206472674,4920712
2008-09-15,14.242358207702637,14.438845544949517,12.932441868945777,13.992283311600563,8486946
2008-09-22,13.0277099609375,14.49243485373057,12.920535965952604,14.11732189645025,6046982
2008-09-29,12.563288688659668,13.277787824976677,12.146496674057921,13.027712843349004,7488619
2008-10-06,9.967270851135254,12.307257590819344,9.81246244384402,12.271532923188047,10179558
2008-10-13,10.580549240112305,11.598710694683637,9.586203849957876,10.53291597561189,8172551
2008-10-20,9.645745277404785,11.074744283328979,8.978878468951331,10.830623671868313,9123502
2008-10-27,10.509099006652832,11.039020363499326,8.990787673601938,9.234908301493782,7523724
2008-11-03,10.985434532165527,11.580851013352456,10.264979999382605,10.622230115228122,6019798
2008-11-10,10.139942169189453,11.301003521417226,9.705287314006707,11.25337025264378,3243421
2008-11-17,9.22299861907959,10.407876954275757,9.145594429687389,10.181619253385632,4896349
2008-11-24,10.87230396270752,10.908028629911735,9.175366939006906,9.413533847646182,5265973
2008-12-01,10.407877922058105,11.193827352302012,10.181620200129277,10.824669837207622,3874241
2008-12-08,10.919937133789062,11.77138278830915,10.729404062838185,11.015203669264503,4178916
2008-12-15,11.446882247924805,11.515355007998025,10.777038696643121,10.90207561442896,6931402
2008-12-22,10.806805610656738,11.372451549545943,10.806805610656738,11.205734576817244,1398747
2008-12-29,11.193828582763672,11.312912324658345,10.717495886518433,10.836579628413107,2362997
2009-01-05,11.286116600036621,11.402222603814826,10.80680626799508,11.223598157335516,5626431
2009-01-12,10.333451271057129,11.312911514187576,10.122078723220463,11.27123254821039,4902178
2009-01-19,10.163758277893066,10.657953869342073,9.883912964646857,10.488260277653763,5484194
2009-01-26,10.943753242492676,11.312911920649311,10.223299923192387,10.276887491564588,5623487
2009-02-02,11.312911987304688,11.342682354057231,10.601389546651932,10.777037436092014,5405722
2009-02-09,11.81603717803955,12.018478829968164,11.16405667694588,11.199781340325465,6250319
2009-02-16,11.27718734741211,12.325120386109683,11.164057909278084,11.640390592473937,5254974
2009-02-23,11.006272315979004,11.193827660866416,10.574595206746132,10.878257701468566,5000685
2009-03-02,11.670161247253418,11.94107565407954,10.640091184874233,10.738334296792889,7811025
2009-03-09,11.798176765441895,12.206036698099012,11.015203849503987,11.81306194891599,6494240
2009-03-16,12.054206848144531,12.310234974442967,11.682071557071081,11.908329314350354,4894439
2009-03-23,11.539168357849121,12.206035169227006,11.324819244203763,12.128631543456901,5992375
2009-03-30,12.676414489746094,12.789542777255424,11.134286070260467,11.312910518924232,5636939
2009-04-06,12.485879898071289,13.438546243042358,12.018478174860455,12.91458037792485,4513437
2009-04-13,12.68237018585205,12.93839944620902,12.075046257741844,12.485882798826177,4465302
2009-04-20,13.099160194396973,13.250990869684179,12.384660093163225,12.682368279399519,4344446
2009-04-27,13.852362632751465,14.01014875613242,12.417409152972642,12.878856650835122,4246887
2009-05-04,14.32869815826416,14.8556418885041,13.724349648305267,13.932745647061202,5137176
2009-05-11,13.68266773223877,14.510297248037315,13.411753332835866,14.355488857569002,4571437
2009-05-18,13.521903991699219,14.197701646662145,13.402821409895074,13.402821409895074,4897835
2009-05-25,13.63503646850586,13.914882926640459,13.188474131312436,13.545724228200525,4246317
2009-06-01,13.096184730529785,14.185796739771483,12.831223468194116,13.670760534216406,5402469
2009-06-08,12.80145263671875,13.277785303818364,12.500767853549617,12.98007710296444,4133224
2009-06-15,12.628778457641602,12.798473138276803,12.10183606158042,12.798473138276803,5948228
2009-06-22,12.938397407531738,13.170610563366974,12.334050157263821,12.664506423298635,3971131
2009-06-29,12.601621627807617,13.593586530063739,12.537327919971833,13.305793645230633,3596522
2009-07-06,12.665916442871094,12.886353366623643,12.460788547201812,12.48528088988828,3598707
2009-07-13,13.073110580444336,13.210883639696778,12.221979885459646,12.430170026571178,4008518
2009-07-20,14.54268741607666,14.6039200177273,13.097603155946432,13.106788805338606,4480990
2009-07-27,15.271352767944336,15.354016604145638,14.175292830069345,14.686583705555613,4709719
2009-08-03,15.246857643127441,15.709162622336978,14.95906596710867,15.155009335284394,3547117
2009-08-10,15.433616638183594,16.042879147760353,15.338706057601046,15.55301955600107,3816898
2009-08-17,15.620377540588379,15.660178907629149,14.701892001558276,15.442803109110141,2708637
2009-08-24,15.782642364501953,16.11635881144963,15.61731469326225,15.61731469326225,2703109
2009-08-31,15.553018569946289,15.920412948494452,15.19480983920414,15.62037453692257,3029985
2009-09-07,16.58172607421875,16.67051329275817,15.61425465597678,15.61425465597678,2748429
2009-09-14,16.854209899902344,16.894011268105643,16.15922234825372,16.379659257792255,2491276
2009-09-21,16.823589324951172,17.573685887448573,16.661322794310284,16.915437621439445,3314123
2009-09-28,16.073495864868164,17.163432385868507,15.993894303991276,16.77154445440974,2896055
2009-10-05,16.96136474609375,17.138937988629742,16.00307795349924,16.052063796396887,3107252
2009-10-12,17.50633430480957,17.974761551633094,16.946057570604008,16.946057570604008,3616534
2009-10-19,17.025657653808594,17.613487741232067,16.942993828780686,17.549194044404103,2685428
2009-10-26,15.859185218811035,17.126695220610895,15.745905649738678,16.982799930572455,4547490
2009-11-02,16.43476676940918,16.639894630436515,15.568328248806187,15.889799097627023,2607775
2009-11-09,16.379653930664062,16.624583101651858,16.15921709281784,16.52661143325674,2135497
2009-11-16,15.883675575256348,16.80828441335687,15.7305946649996,16.495999216283344,2659568
2009-11-23,15.853059768676758,16.31230253062373,15.706102225003496,15.951031464458932,2476204
2009-11-30,16.69500160217285,16.820527886102177,15.644866596262966,15.813256510729328,4003398
2009-12-07,16.884824752807617,17.07158248099306,16.440889882521503,16.655203388995627,3886821
2009-12-14,17.07464599609375,17.601244735833703,16.84502461556734,16.92156507574281,4207660
2009-12-21,17.659414291381836,17.659414291381836,17.102199859151582,17.1083232358471,1377320
2009-12-28,17.45121955871582,17.726765597861295,17.40835710105194,17.610423807120497,756718
2010-01-04,17.974761962890625,18.1370285378407,17.45122547882541,17.503272432812288,4543546
2010-01-11,17.882909774780273,18.155393575949084,17.763506865766033,18.002312683794514,1932532
2010-01-18,18.075794219970703,18.492174484038145,17.90128207516518,17.910466556076628,2797634
2010-01-25,18.231935501098633,18.308475953385287,17.604304025930972,17.852295511789002,3460924
2010-02-01,17.126691818237305,18.427879555355968,17.114446233032506,18.210504943101544,4486178
2010-02-08,17.806371688842773,17.90434337937416,16.933810955074254,17.18180128576916,3576775
2010-02-15,17.313447952270508,18.11253036309929,17.120565709125586,17.83392319762972,5894743
2010-02-22,17.739015579223633,17.739015579223633,17.206294661985034,17.328758690264007,3578628
2010-03-01,18.61463737487793,18.6574998403995,17.89821870967782,17.990067016926123,4571673
2010-03-08,18.54728126525879,18.663621901213606,18.33602888877047,18.620759438712938,3156715
2010-03-15,19.141237258911133,19.282071416785485,18.418695171848423,18.522790238084823,3361926
2010-03-22,19.594356536865234,19.624972251788222,18.758534905989336,19.031018739713772,4230465
2010-03-29,19.527000427246094,19.79642432269208,19.190222893767917,19.618849907208006,3344040
2010-04-05,19.226964950561523,19.744378083634544,19.02796043841721,19.527003439081515,3143951
2010-04-12,20.016862869262695,20.12708133290574,18.929989596990705,19.285137330998907,4661635
2010-04-19,20.776138305664062,21.063931122561545,19.845406226349773,19.86071524948095,5228364
2010-04-26,20.362825393676758,21.308864393445365,19.303504500059873,20.972086824021154,5414982
2010-05-03,19.689268112182617,20.59244698430642,19.10450018481543,20.35976332089251,5982680
2010-05-10,20.681230545043945,21.4313260214635,19.545369378291294,19.545369378291294,6367943
2010-05-17,19.915828704833984,20.987395149057775,19.35555197482647,20.497529662804364,5276909
2010-05-24,20.629180908203125,20.88023348669432,19.21471374218196,19.99236614977147,6135002
2010-05-31,20.47916603088379,21.207825723861184,20.05360124476955,20.63224695641638,4373205
2010-06-07,20.90472984313965,21.17415375445666,19.81479445158829,20.32914643084961,4938282
2010-06-14,21.373157501220703,21.605841155811643,20.84962103026321,21.024133187249042,4126856
2010-06-21,21.12516975402832,21.8813899725792,20.965966603936977,21.73749351501465,3574690
2010-06-28,19.97980308532715,21.641415245347456,19.83328797334075,21.52918645101306,4341224
2010-07-05,20.578365325927734,20.6282434762891,19.84576111367112,20.169976226323577,3940886
2010-07-12,20.765413284301758,21.510486465813873,20.447426091231918,20.70929887664486,3483784
2010-07-19,21.67259407043457,21.78482288904796,20.254150333771218,20.646951198918078,2812516
2010-07-26,21.56348419189453,22.09345416162739,21.385788952136018,21.809763976548396,3916090
2010-08-02,21.270442962646484,21.968753741681763,21.155096019513206,21.329673119663372,4054902
2010-08-09,21.080278396606445,21.604012095231287,20.893228778327455,21.314088041020486,2895612
2010-08-16,20.877643585205078,21.76611978763173,20.718652355791434,21.074042836762093,2237048
2010-08-23,20.862049102783203,21.098976812258513,20.148150225730934,20.840226970228507,2399711
2010-08-30,21.469953536987305,21.55100580588556,20.491071029170556,20.886987507046967,3997191
2010-09-06,21.897050857543945,21.99992766701797,21.329672909219195,21.800410303547814,4012211
2010-09-13,21.59465217590332,22.27425894629462,21.585304927882806,21.95316551696497,9458606
2010-09-20,21.744293212890625,22.00615407134603,21.1020969271286,21.641416416112932,3717539
2010-09-27,22.05292510986328,22.15892005266828,21.59465306700944,21.797293325778497,5135379
2010-10-04,22.345964431762695,22.523659644547703,21.878345200388,21.950047862376593,4030265
2010-10-11,22.76370620727539,23.044278259631852,22.171390337054195,22.249326886129058,3460593
2010-10-18,23.16274070739746,23.449546604615477,22.071629144193118,22.766821751111447,4683490
2010-10-25,22.314790725708008,23.287437223672537,22.28985046205906,23.193914802640652,4139901
2010-11-01,22.302322387695312,22.695123247239298,22.289852254867846,22.395844816249358,3536294
2010-11-08,21.94381332397461,22.498721141398704,21.819114376832943,22.321025914713072,3102125
2010-11-15,21.669477462768555,21.906398088313175,21.267324608404014,21.87211295381908,4113634
2010-11-22,21.6445369720459,21.8222321962206,20.874523541144015,21.81599831924717,4441655
2010-11-29,22.59224510192871,22.65147763475484,21.3795527026331,21.660124728606203,4703088
2010-12-06,23.2250919342041,23.40590530129473,22.3116754717215,22.514310977706877,4418390
2010-12-13,23.730121612548828,23.86105444579242,23.06610068400606,23.284324451180137,3714214
2010-12-20,24.20397186279297,24.24449325080688,23.727000614785123,23.73635261910928,1710464
2010-12-27,24.316200256347656,24.359844528071473,23.66153380205595,24.116682906057505,1185942
2011-01-03,23.985750198364258,24.79628973485426,23.90157740363799,24.366080892319847,3682891
2011-01-10,22.863460540771484,23.702058410211187,22.539246651386815,23.680236275763484,4664187
2011-01-17,23.446430206298828,23.879757211656,22.59536445615373,22.632772476024513,4927762
2011-01-24,23.468252182006836,24.216443493907033,23.1346838626658,23.48695619181309,3478290
2011-01-31,23.43084144592285,23.895342536924634,23.14403318434878,23.412135059850723,4212211
2011-02-07,25.522661209106445,25.796996997679123,23.437078455083206,23.50566299683504,5216865
2011-02-14,25.578777313232422,26.008986223959507,25.251442843516617,25.56942292910884,4628436
2011-02-21,25.619298934936523,25.89675282068296,24.59053567921454,25.475895990045565,3683003
2011-02-28,24.892932891845703,26.083803247102487,24.871110753598906,25.585009816865167,3638087
2011-03-07,23.90469741821289,25.17038616065693,23.904697418212887,24.89293224793826,3902857
2011-03-14,23.237560272216797,23.970163311005212,22.648360189147578,23.910930776395375,5216914
2011-03-21,24.169679641723633,24.33802285518978,23.240677407719243,23.630360111547972,3914222
2011-03-28,25.30754852294922,25.307548522949215,23.779992155462985,24.160322778460444,4289934
2011-04-04,24.702770233154297,25.43849151532604,24.606129664385662,25.276384524639784,3209698
2011-04-11,23.66777229309082,24.656002476179214,23.281207648841118,24.618599209097827,5099171
2011-04-18,23.368494033813477,24.247618191347065,23.262501471239375,23.69271035567167,4459881
2011-04-25,23.854816436767578,23.92963723178082,23.01622083729677,23.368493161354426,3299232
2011-05-02,23.764413833618164,24.16968246589404,23.134685178725324,23.929638938798192,4470091
2011-05-09,24.020044326782227,24.347376391534286,23.46201837437486,23.645947480506788,3870503
2011-05-16,24.39413833618164,24.82746533168697,23.658417168611173,23.942107331166163,4133708
2011-05-23,23.68647575378418,24.384786529574157,23.41213759375503,24.15097689505909,4338227
2011-05-30,23.253143310546875,23.998223678416803,23.053625931525485,23.69271135392074,3764531
2011-06-06,23.502544403076172,23.87975699679858,23.038043259194474,23.181446217089675,4519570
2011-06-13,23.870403289794922,24.23826385240285,23.480720591203237,23.555539003371194,4067353
2011-06-20,23.51189422607422,24.26631934350897,23.362257404954367,23.418371807482906,3302238
2011-06-27,24.381874084472656,24.705694771056088,23.931061568866244,23.94376075176854,3243638
2011-07-04,24.48981285095215,25.15650419170178,24.248533226504733,24.423143959089323,6085708
2011-07-11,23.667558670043945,24.416793420149272,23.429454467818637,24.305676188080504,3373708
2011-07-18,23.553272247314453,24.337429266966346,23.010394869583507,23.667562476533764,6084445
2011-07-25,22.5373592376709,23.511999159685956,22.05480237873733,23.467553228815298,4662554
2011-08-01,20.664262771606445,22.91832253137782,20.143614530024504,22.76275938475519,6341149
2011-08-08,21.378582000732422,21.378582000732422,18.737213960310257,20.451563531893264,7273401
2011-08-15,19.997577667236328,21.543667193901886,19.04833510179682,21.530968013179496,3842476
2011-08-22,20.242034912109375,20.975396418949092,19.683284152893982,19.803923975508745,3248516
2011-08-29,20.09282112121582,20.97221828112085,19.826144354529255,20.52775902174433,3159361
2011-09-05,19.311838150024414,20.39124431805265,19.311838150024414,19.705503074086078,3301005
2011-09-12,20.457914352416992,20.949994929635768,18.476886806474734,18.97214278466483,4609884
2011-09-19,19.553117752075195,20.740464610832223,18.905474010935,20.178538530524754,3335607
2011-09-26,19.9436092376709,20.515060330718747,19.041987882158455,19.25151954592244,3697896
2011-10-03,20.956348419189453,20.981744363853196,19.321365494738988,19.695982927396834,4363033
2011-10-10,22.083372116088867,22.270682030074298,20.813482933158003,20.984918263508238,3567913
2011-10-17,21.58176612854004,22.29607874094538,20.946821584179734,22.14369098456557,4026644
2011-10-24,22.908803939819336,23.29611813844375,21.58176953571856,21.68018518055279,3222965
2011-10-31,22.46116065979004,23.077057571688425,21.591287412784965,22.80720423383872,3325206
2011-11-07,22.750064849853516,23.035787965443003,21.915111199536405,22.36592125785713,2372119
2011-11-14,21.159528732299805,22.86435338906023,21.05793769581151,22.82943366531487,3704552
2011-11-21,20.724592208862305,21.054763705096818,20.31822803568799,21.054763705096818,3953349
2011-11-28,22.556407928466797,22.826258899576295,20.44521664486642,20.86110458361022,5321064
2011-12-05,22.632598876953125,22.88022686502479,22.111944537386737,22.870703084271458,2681061
2011-12-12,21.394454956054688,22.721489071729646,21.283340151824227,22.45481354157654,2539592
2011-12-19,22.038923263549805,22.181787230942103,21.010313840082183,21.223019668684614,2020146
2011-12-26,22.569101333618164,22.73101286106063,22.038923251701526,22.038923251701526,908147
2012-01-02,23.353261947631836,23.41675786181475,22.41036881557839,22.623077100439318,2233144
2012-01-09,23.985034942626953,24.378699944479035,23.02626717193296,23.45802972446296,3264881
2012-01-16,24.6961669921875,24.873950679801368,23.740574827020797,23.912010135271775,2525443
2012-01-23,24.365997314453125,24.95014514282637,24.232659539122874,24.73109091824703,2988962
2012-01-30,25.346986770629883,25.346986770629883,24.026303288120072,24.286630472112765,2758572
2012-02-06,25.10887908935547,25.524769383889062,24.718389578251443,25.22316929312276,3121533
2012-02-13,26.264482498168945,27.04863698647016,25.166026290113013,25.207299236211828,4506305
2012-02-20,25.91525650024414,26.559727142758764,25.677152334751604,26.400991032430404,3421948
2012-02-27,26.524808883666992,26.645447473195066,25.626361786511875,25.73112821595848,4121732
2012-03-05,26.661319732666016,26.953393611628215,25.670805473695676,26.353371272884164,3805801
2012-03-12,27.388334274291992,27.49310071467391,26.45179195748999,26.613703508796466,4736200
2012-03-19,26.137495040893555,27.388334255878952,26.00415725619972,27.302617800610463,3580223
2012-03-26,26.24543571472168,27.06451486919838,26.00733147833577,26.324803793516985,3687571
2012-04-02,25.86129379272461,26.84863285955238,25.43905504383757,26.245434992873967,2832200
2012-04-09,25.60096549987793,26.191464158307667,25.223172696333805,25.861292683112012,2943063
2012-04-16,24.242185592651367,26.162894021730892,24.0263043266827,25.597791279841232,5615924
2012-04-23,24.81363868713379,24.86443300086391,23.721533087536773,24.000907868356663,4106102
2012-04-30,24.254884719848633,25.473977215136465,24.21678717107533,24.800937474991862,2327308
2012-05-07,24.092971801757812,24.664422890410666,23.562793660804044,24.25488334722968,3202344
2012-05-14,23.410404205322266,24.251706194239553,23.089758960744604,24.026301176143125,4805312
2012-05-21,23.588191986083984,23.689783021440252,23.01356549730263,23.197700005798783,4102860
2012-05-28,23.432632446289062,24.400924044119897,23.229450344141235,23.696135067616368,4668939
2012-06-04,24.000904083251953,24.334250948873752,23.23579714158969,23.41992922470941,4594977
2012-06-11,23.718353271484375,24.534256917802537,23.14372923131124,24.5025101748648,5343831
2012-06-18,23.445331573486328,24.24218781654643,23.40723644325222,23.848522797356495,3680322
2012-06-25,23.344301223754883,23.891484675849256,22.732363415177783,23.791114682234923,4693152
2012-07-02,24.066320419311523,24.454851434341403,23.230976019755335,23.457618700152775,4357372
2012-07-09,24.24116325378418,24.25087615988372,23.253643296659877,23.86881954190681,6015631
2012-07-16,25.56216812133789,26.12230286953056,23.888243263959776,24.231445757289123,4730630
2012-07-23,26.43960952758789,26.484938073147614,25.196305573065565,25.62369076707189,5255588
2012-07-30,26.35866355895996,26.601496095256984,25.68520739877668,26.601496095256984,4306862
2012-08-06,27.113059997558594,27.190768183633388,26.193535360988353,26.277717994125965,3055194
2012-08-13,26.857271194458008,27.349413068648676,26.031642247831645,27.070964961724417,2118904
2012-08-20,26.99973487854004,27.459497132649073,26.718048301333607,26.870223723380075,2367109
2012-08-27,26.721288681030273,27.116296621073953,26.23886212534381,27.00297527849257,4292662
2012-09-03,27.61815643310547,27.786519248100724,26.517315042073587,26.549692221470313,3344965
2012-09-10,28.98448944091797,29.07514899297833,27.45950146225494,27.45950146225494,4572494
2012-09-17,28.544153213500977,28.948874062352427,27.84479440098005,28.890594161309018,6005576
2012-09-24,28.200952529907227,28.518254810414675,27.799470078633234,27.974309808273617,4208436
2012-10-01,28.906787872314453,28.910026331479298,28.13943855502429,28.188003091394123,3106599
2012-10-08,27.757375717163086,28.864691364080613,27.595487378015374,28.689851661374686,3196146
2012-10-15,27.5566349029541,28.13943394614269,27.39150809568064,27.83832151886528,2661638
2012-10-22,26.68890953063965,27.611672495053988,25.545978343994886,27.49835116086623,4792628
2012-10-29,26.756908416748047,27.080685142478515,26.174109322345057,26.69862850730775,2386134
2012-11-05,26.60472869873047,26.938218277577427,26.335993466568752,26.614441603711256,2157855
2012-11-12,26.944698333740234,27.524258943912447,26.8249000611727,27.229620950659978,3150875
2012-11-19,28.2365665435791,28.28513354405591,27.048306612377147,27.135725237059198,2005117
2012-11-26,28.165334701538086,28.304558782633087,27.747662458253085,28.120006160736942,2291234
2012-12-03,29.376258850097656,29.622327344878094,28.165332305371823,28.165332305371823,3047860
2012-12-10,29.363311767578125,29.46044330224084,28.693094050501916,29.139905038479267,2415875
2012-12-17,29.411874771118164,29.897539829850395,29.162567794532517,29.447490406376144,2672536
2012-12-24,29.08485984802246,29.619091865733726,29.036292851826882,29.57052486953815,592519
2012-12-31,30.192176818847656,30.19217681884766,28.91973430826329,28.91973430826329,1312723
2013-01-07,30.758787155151367,30.862395602549384,29.916968211264958,30.088569470684774,2302636
2013-01-14,31.66535758972168,31.759250645115088,30.60660655315377,30.891531588178687,3027920
2013-01-21,31.83048439025879,31.924379923206516,31.25092384082145,31.73011441065467,2389352
2013-01-28,31.84343910217285,32.16721581387816,31.166746960414493,31.73011774712005,2856961
2013-02-04,31.58441925048828,31.81430041963134,30.97248146229415,31.7883976898129,2783690
2013-02-11,32.37767028808594,32.584887180312066,31.11817911149701,31.474332990621914,3734583
2013-02-18,32.68849563598633,33.41375475898993,32.28701321595829,32.35824448584815,2449280
2013-02-25,32.73381805419922,33.44612814964595,31.859622107764302,32.6107838193603,2639864
2013-03-04,34.25556945800781,34.25556945800781,32.66258651379766,32.73381776974532,2785828
2013-03-11,34.598777770996094,34.96788300509897,33.892944478195474,34.19729536148808,2141470
2013-03-18,33.59506607055664,35.02615827815412,33.30366658999566,34.23614245757098,3136337
2013-03-25,33.87351989746094,33.93827425062344,33.12883248499111,33.841140250659464,1768972
2013-04-01,34.372135162353516,36.69037501642983,33.731056218695514,33.873518755112876,3261977
2013-04-08,35.20747756958008,35.226905851276406,33.74400797649891,34.423938550586264,2796589
2013-04-15,32.88923645019531,35.16862462253914,32.38414313885032,35.15567325863593,5304086
2013-04-22,34.262046813964844,34.96788004705682,32.82447762155991,32.93456297288908,2999735
2013-04-29,35.17510223388672,35.2074794114475,34.04836064536146,34.31385745371238,2126117
2013-05-06,36.107582092285156,36.133484825151854,35.013217565983176,35.07149747982296,1821700
2013-05-13,35.99748992919922,36.26946114372326,35.49887356568521,36.10757281025326,2768226
2013-05-20,36.062252044677734,37.065961904632765,35.867986496700155,35.867986496700155,2551202
2013-05-27,35.79027557373047,37.32497639115534,35.79027557373047,36.54791184187764,2213953
2013-06-03,34.66236114501953,36.703649141435044,33.918278592370974,36.3480696017375,3096478
2013-06-10,35.90030288696289,35.979319724171326,34.53725051359249,34.60968366099188,2827559
2013-06-17,35.235233306884766,37.04605174518287,35.235233306884766,36.08467237716053,3052136
2013-06-24,36.01882553100586,36.5456085756625,34.2870239167912,35.22864970807106,3542240
2013-07-01,36.40733337402344,36.9077767055045,36.05833751927345,36.13077066859704,2719663
2013-07-08,37.90866470336914,38.34984727559664,36.58512201048656,36.736571994415414,2723797
2013-07-15,38.71859359741211,39.798499561556746,37.25018463281057,37.928417705240456,3933193
2013-07-22,39.08075714111328,39.18611376015438,37.981097586865545,38.61323730111214,2641082
2013-07-29,39.06759262084961,41.662001124548745,37.08556778321362,41.036445054253996,11854974
2013-08-05,38.38935089111328,39.350730271696456,38.30374786048883,39.153186941862884,3031009
2013-08-12,37.4148063659668,38.90297149739739,37.14482986150727,38.40911185422264,3369205
2013-08-19,37.658443450927734,38.23790614119079,37.17775369501521,37.36212967167623,4448651
2013-08-26,37.08556365966797,37.84939974666213,36.19661737728592,37.66502629832211,4238553
2013-09-02,38.916133880615234,39.1663567710274,37.368708202115705,37.38846178149834,3866529
2013-09-09,40.01580047607422,40.10140351645911,38.501298092133894,38.88321490510493,3017139
2013-09-16,39.903846740722656,40.931075408751504,39.37706377451529,40.16723947977599,4008581
2013-09-23,39.09392547607422,40.29235791191723,38.916135717539284,39.8380079813723,3032018
2013-09-30,38.336673736572266,39.159773035197404,38.05352737689324,38.83711700490047,3302633
2013-10-07,38.23131561279297,38.65274203509581,37.23701029276631,38.30374623820783,2862949
2013-10-14,39.199275970458984,39.45608252205691,38.014013610522724,38.07327685411451,3662679
2013-10-21,39.9367790222168,40.061889211474806,38.85028694196138,39.31122305212731,3414917
2013-10-28,40.72695541381836,40.871821705291445,39.745822381295866,39.92361214485831,3436372
2013-11-04,42.37974548339844,42.97895927910425,40.57551035822302,40.85207308352592,4622519
2013-11-11,42.10317611694336,43.255517693390374,41.23398342349403,42.57069844646065,3276290
2013-11-18,42.97895812988281,43.13699683943031,41.398608712909954,41.95831783900671,3494847
2013-11-25,42.840667724609375,43.433300183396284,42.228281687829416,43.19624719988152,3957671
2013-12-02,41.94514846801758,42.99871727099787,41.31959238373243,42.76824540599255,4420827
2013-12-09,40.62818145751953,42.35998306704297,40.58867178731492,42.01757346096877,3422982
2013-12-16,42.65629959106445,43.53207849861615,40.42405457248962,40.77304789046744,4604789
2013-12-23,43.30161666870117,43.59134425487854,42.406084077679594,42.86701775373469,1274075
2013-12-30,43.854732513427734,44.59223134212132,42.91969285433748,43.30161215975736,2030105
2014-01-06,43.565006256103516,44.09178684333118,42.23487484896884,43.32136703183827,4029386
2014-01-13,44.48028564453125,44.77001316542266,42.37314854243478,43.63084661252413,3875051
2014-01-20,42.676055908203125,44.92805967543636,42.57070179781211,44.40127405208121,2979027
2014-01-27,43.314781188964844,44.36834739594757,42.05050174058556,42.37974149425516,4345192
2014-02-03,44.03911209106445,44.33543091358089,42.19537229854193,43.29503198117292,3937212
2014-02-10,44.8885498046875,46.33720783177212,43.10407082358897,44.025943200133675,7757026
2014-02-17,44.52638244628906,45.36923534281067,44.30908302096096,45.10584255669778,3105969
2014-02-24,45.30339050292969,45.70506339002233,44.03252489802012,44.38151822068755,3594559
2014-03-03,44.77660369873047,44.96756334677219,44.11812423257267,44.80294348023274,3190760
2014-03-10,42.18218994140625,44.89512695418833,42.017572598681234,44.743674477461965,3334848
2014-03-17,42.63654708862305,43.07772714236093,41.68833752483571,42.27438135865921,3401048
2014-03-24,43.1765022277832,43.41355525854713,42.03733295163439,42.72214974818567,3268506
2014-03-31,42.69580078125,43.47280665412291,42.287546779031366,43.426713298266,3265815
2014-04-07,40.05530548095703,42.66946965765206,39.989456029915765,42.47192381642797,4518302
2014-04-14,42.07026290893555,43.3938083640391,39.25197091308187,39.8380173783972,3739530
2014-04-21,40.694026947021484,42.597034547773944,40.233090858645106,42.070249011401174,3352537
2014-04-28,40.21992874145508,40.91133170850093,39.41658295412374,40.397715994549785,4307640
2014-05-05,39.64046859741211,41.08912408000925,39.377075778067145,40.035555314529475,7167448
2014-05-12,39.06759262084961,40.25943898999738,38.55397686752228,39.83801248299043,5902366
2014-05-19,41.214237213134766,41.220820903730676,38.64616583388402,38.97540562548539,4231137
2014-05-26,41.668582916259766,41.879296160162724,41.06278296801377,41.28666610364816,2590424
2014-06-02,40.87805938720703,42.61370168311462,40.5161874282878,42.47967474762404,2968233
2014-06-09,41.78273010253906,42.98896977432606,40.817740921460235,40.99867687222829,3295449
2014-06-16,41.695621490478516,41.9435696600876,40.83785063514379,41.56159455467454,3377773
2014-06-23,41.554893493652344,41.69562318796898,40.99868513849588,41.68222023820781,2929144
2014-06-30,41.126007080078125,41.91006298199196,40.75073473267081,41.66211225948225,2475447
2014-07-07,39.544498443603516,41.11931058554408,39.430577201127896,40.94507478883253,2560135
2014-07-14,39.8460578918457,40.26154167445246,39.24294047754293,39.61151265678651,2071462
2014-07-21,38.56610107421875,39.886262102909875,36.877367909151985,39.872859154415174,6991393
2014-07-28,35.925777435302734,38.24443357445439,35.617517324482726,38.10370646599535,4564493
2014-08-04,36.29435729980469,36.42838424165862,35.64432829344146,36.02630341609682,3336728
2014-08-11,36.36137008666992,37.11191995077477,36.26755199274464,36.522202930792766,2253814
2014-08-18,37.1722297668457,37.50729582912093,36.4618887945358,36.75004581260059,2225592
2014-08-25,37.99648666381836,38.90116388300537,37.25933989600781,37.346457775804225,2942710
2014-09-01,38.93467712402344,39.22283415474535,37.976387939315906,38.036699935428665,2158676
2014-09-08,38.063507080078125,39.028499049444804,37.949585837223104,38.93467839748308,2136226
2014-09-15,38.164031982421875,38.8006581284173,37.74184795098362,37.92948416213322,2859555
2014-09-22,36.153629302978516,37.93618068517199,35.530406211050796,37.92277773566964,4163105
2014-09-29,35.70464324951172,37.0918167165467,35.62422810027315,36.1536331584927,3993345
2014-10-06,34.6324348449707,36.80366190093503,34.61233169552619,36.02630859407655,3782975
2014-10-13,35.65773010253906,35.75825094480158,33.251955648270965,34.364374884274106,5576248
2014-10-20,34.40458297729492,36.207237451123426,33.262006491151226,35.57061398527157,6606917
2014-10-27,37.03820037841797,37.245942243560734,34.3576720576902,34.7463473348932,3695602
2014-11-03,37.634620666503906,37.92947788614363,34.913883273262385,36.187135354574956,5063585
2014-11-10,38.244441986083984,38.50579311823355,37.473788983182835,37.601115729046384,3344757
2014-11-17,38.800655364990234,38.887770710332866,37.775351361663496,38.003196411697054,2666130
2014-11-24,39.577999114990234,39.59140206252264,38.55939810968513,38.74703426243709,2733784
2014-12-01,40.4893798828125,40.50948558394645,39.303248326303226,39.39706641042477,4008745
2014-12-08,38.29134750366211,40.52958880347207,38.29134750366211,40.32184693371194,3257467
2014-12-15,39.69192123413086,39.805845012563026,37.62791583802475,38.25783904822026,4410993
2014-12-22,40.14092254638672,40.51619496797365,39.73884166509146,39.819256818809855,961130
2014-12-29,39.712032318115234,40.73063355017647,39.51769592651026,40.140919065576355,1122675
2015-01-05,39.510990142822266,40.19452522861212,38.425376797791905,39.59810803631983,4086737
2015-01-12,42.04408645629883,42.2317226145627,39.59810342132634,39.77233663166408,5564505
2015-01-19,45.18030548095703,45.22721452399507,41.80954179674572,42.050789764570595,4233940
2015-01-26,44.51688003540039,45.54888418557343,44.175111198849585,44.9591646067873,3824039
2015-02-02,45.29422378540039,45.70300475376102,44.07458363252002,44.58388543309591,3405104
2015-02-09,46.86904525756836,47.47886286913123,44.496776779873,44.9926731504311,4012443
2015-02-16,47.76701736450195,48.06857989034646,46.50046804898125,46.90924905692204,3054005
2015-02-23,48.8325309753418,49.07377895521729,47.76031545913849,47.914448101221026,2758598
2015-03-02,49.536163330078125,49.536163330078125,47.86753584189385,48.88613437865275,2744882
2015-03-09,51.10428237915039,51.137785921119274,47.988166664683376,49.321728294832724,4117033
2015-03-16,50.04547119140625,51.613578031756454,49.45575671611864,51.21149974802841,4487902
2015-03-23,47.59278869628906,50.18620226539712,46.125202590112885,50.05217786455927,5012799
2015-03-30,48.42375183105469,48.785623814849274,47.75361966388754,48.16909833540145,2996853
2015-04-06,50.581581115722656,50.63518780650308,48.42375459619377,48.42375459619377,2633561
2015-04-13,48.79232406616211,50.588278574776375,48.55777881764406,50.58158093389226,3319368
2015-04-20,52.17648696899414,53.20849104132096,48.18250017052935,48.8794381848034,6259136
2015-04-27,50.166099548339844,52.60538047604731,48.67170241388946,52.00226044167937,3738732
2015-05-04,50.08567428588867,51.151187038028034,47.47886069248498,50.186195128573885,3437656
2015-05-11,50.166099548339844,50.84963217882136,48.97326498742504,50.15269404051877,2739178
2015-05-18,50.970245361328125,51.90843131413873,49.75730790897207,50.36713056774471,3020759
2015-05-25,48.79232406616211,51.633688288132895,48.705208720341965,50.93004742987579,3223189
2015-06-01,46.902679443359375,50.27526065048921,46.5347664080835,49.73701019040682,6294241
2015-06-08,46.889060974121094,48.00644010402147,46.36443993798754,47.086647005376705,5197189
2015-06-15,45.89431381225586,46.51432039056496,45.23342396638524,46.35080291469936,4831856
2015-06-22,47.400054931640625,47.74071940727355,46.33718343106665,46.705101688525495,5726917
2015-06-29,45.212989807128906,46.80048751763426,45.1312284613161,45.47870768336127,5087757
2015-07-06,47.25016403198242,47.679404618987604,44.10242745062507,45.04265957784013,5680060
2015-07-13,49.9073486328125,50.09811991875286,47.59764376722607,47.693029410196246,3896895
2015-07-20,46.977630615234375,50.397904971092494,46.63015658161083,50.22075798261365,5522993
2015-07-27,46.970821380615234,47.025323748247985,45.67629528350919,46.87543573959845,4063629
2015-08-03,45.751243591308594,47.44093660780565,45.66266749411637,46.88906177877372,3097069
2015-08-10,43.618675231933594,46.13959535831855,43.60505094069057,46.04420972523596,3475887
2015-08-17,42.112945556640625,44.10923709430735,41.90173263533612,43.98659766891297,4269609
2015-08-24,43.18263626098633,43.5369276816984,39.38763363015801,41.17952717461671,7986479
2015-08-31,42.46723937988281,43.380217778369165,41.64282928426495,42.923728579125985,4316305
2015-09-07,42.201515197753906,43.795825081377345,42.03118295633714,42.719326667136556,2481256
2015-09-14,41.14545822143555,42.73295605161374,40.88655247163823,42.276464266469425,3605764
2015-09-21,41.056888580322266,41.95624534311016,39.57840574720784,41.179528020744975,4116117
2015-09-28,41.51337814331055,42.242399999899824,39.65335019713812,40.97512758405259,4031763
2015-10-05,44.2182502746582,44.449899624547974,42.099316806096894,42.20151459003702,4377494
2015-10-12,43.04636764526367,44.286386252405926,42.39910455714649,44.25231772219138,3956907
2015-10-19,40.818416595458984,44.36132759494108,37.88188793530088,42.957789046178384,10394598
2015-10-26,40.239288330078125,41.009188164740934,39.39443929673267,40.723031256083324,5894802
2015-11-02,40.736663818359375,40.93424986321568,39.925880599488345,40.04170788749736,5138238
2015-11-09,38.917510986328125,41.09776426323142,38.43376802962398,40.81160733641392,3864587
2015-11-16,39.339935302734375,40.341487106793714,38.37244682780614,38.60409877822019,3480742
2015-11-23,40.56632995605469,40.87974067747331,37.95002644873384,39.40125797052204,4767268
2015-11-30,40.67533874511719,42.910096864488814,40.38236708933814,40.57313836321708,5472368
2015-12-07,39.30587387084961,41.4384346288248,39.22411510861044,40.811613119884164,5276805
2015-12-14,40.9138069152832,41.63601660833509,39.278618835350535,39.52389509804248,5272883
2015-12-21,41.68370819091797,41.84722569451247,40.627648766735334,40.947871627551166,1593031
2015-12-28,42.112945556640625,42.2560240199128,41.445243462306664,41.785907955276876,1206809
2016-01-04,37.60935592651367,41.45205051960905,37.09154450529368,41.45205051960905,5334942
2016-01-11,35.224708557128906,38.0385979539986,34.863602432709875,37.60935997164741,5596258
2016-01-18,35.97417449951172,36.28758524901074,34.028980309881014,35.224713559568116,5330658
2016-01-25,37.65705490112305,37.65705490112305,34.78184563145311,36.32846280452342,4606988
2016-02-01,36.22625732421875,37.92957961929911,36.14449858179269,37.745623098606366,3915214
2016-02-08,37.8955192565918,38.71311459807297,34.40711541187792,36.66912754390201,9083382
2016-02-15,39.00608444213867,39.54433496476621,37.98409096330535,38.897071908359,5777234
2016-02-22,38.42014694213867,39.448955322788656,37.77969853365372,39.190049541033375,4246563
2016-02-29,39.72829818725586,40.11665554121391,38.031787694388534,38.26343967736913,3364661
2016-03-07,40.51863479614258,40.87973831959863,39.04014957540394,39.63290505330026,4792339
2016-03-14,41.874481201171875,41.94942780967985,40.66852851651888,40.75710201739775,3516751
2016-03-21,41.295345306396484,42.34459244281719,40.64808232748431,41.73139538930808,2384574
2016-03-28,41.86085510253906,42.9101024434178,41.254472675388,41.29535335327586,2419573
2016-04-04,42.8896598815918,43.46878847592199,41.731400093867606,41.731400093867606,3145109
2016-04-11,42.31052780151367,43.237135612274486,42.14701030494632,42.876032091546485,2828636
2016-04-18,44.22507095336914,45.458274865526064,41.97668301812833,42.03118799039658,4600426
2016-04-25,44.0342903137207,44.92683481645632,43.727694350525965,44.23187634262774,2884096
2016-05-02,43.305274963378906,44.395402992992686,42.78065128771934,44.136494629524066,2318551
2016-05-09,43.02592468261719,44.05473286336472,42.2560222333183,43.54373354645075,2465072
2016-05-16,44.129676818847656,44.2046234243175,42.419542181115396,42.760206679386386,2273673
2016-05-23,43.993412017822266,44.736063308831646,43.523295957422576,44.14330522507889,2980981
2016-05-30,43.32589340209961,46.22406427694528,43.19320440466206,45.09272860199762,3724189
2016-06-06,42.438987731933594,44.01028478109548,42.41105292280831,43.360815120987766,3295464
2016-06-13,42.29233169555664,42.52278719836677,41.126078785668184,42.00600657751383,3286841
2016-06-20,42.3621711730957,44.93909754708749,40.09950209875373,43.04655805839408,4471588
2016-06-27,42.906883239746094,43.28399516601192,40.31598966723496,42.033940445988165,4885008
2016-07-04,42.0688591003418,43.13035516323136,40.65119823180642,43.12337279324297,2477475
2016-07-11,44.338504791259766,44.63181224650934,42.096786014095606,42.23645737259951,2588035
2016-07-18,45.57460021972656,46.929403852757595,43.682058162094584,44.177889044288946,3924930
2016-07-25,46.51038360595703,46.545303443374564,45.70029559245775,46.00058807898349,3086285
2016-08-01,46.182159423828125,46.8176642770758,44.82037092118238,46.59419115541036,2304126
2016-08-08,47.117958068847656,47.19477745601705,46.06344174972025,46.363734264649786,1761454
2016-08-15,46.112327575683594,47.26461308633488,45.88186940794938,47.11795934178215,1483351
2016-08-22,47.09002685546875,47.257630382074325,45.93075625373176,46.18216420765014,2013711
2016-08-29,47.397300720214844,47.43221523284916,46.44753859703952,46.92939936434227,1992033
2016-09-05,47.35539627075195,48.56355137275636,46.93638481924291,47.48808527280402,2794601
2016-09-12,45.86091613769531,47.11097071607685,45.74219720992093,46.684974254750536,2889419
2016-09-19,47.523006439208984,47.94201790240444,46.17518259178338,46.245016947645986,2394405
2016-09-26,47.01321029663086,47.94202277526617,46.014563455034924,47.30651781787768,2436402
2016-10-03,45.204471588134766,47.46015276414534,45.085747319907945,46.929402058252286,2517227
2016-10-10,45.7421989440918,46.210094967543306,44.77847209053233,45.393021852915524,2097348
2016-10-17,43.577308654785156,46.92940604175608,43.144327077959154,45.77014069376834,4642093
2016-10-24,43.59126663208008,43.8496595967387,42.50881818600111,43.64713624519863,3412786
2016-10-31,42.07583999633789,43.84267524660553,41.97108580211237,43.58428494192837,2736057
2016-11-07,41.37749481201172,42.62056468974579,40.77690965094592,42.557712692331684,4216045
2016-11-14,42.22947692871094,43.38175969487889,41.286697213835666,41.782530692329935,4231366
2016-11-21,42.390098571777344,42.7741928317503,41.5450906670349,42.20154262655213,3505572
2016-11-28,42.07583999633789,42.9767175418459,41.90125144863524,42.2853457207791,2730785
2016-12-05,44.513099670410156,44.513099670410156,41.87331887671568,41.985055446649156,3883254
2016-12-12,44.85530090332031,45.46286575971623,44.066157101488265,44.40835189491867,3670366
2016-12-19,45.714263916015625,45.98662161957237,44.156934416593636,44.56896348874634,2366934
2016-12-26,45.777122497558594,46.02853044983965,45.56761409465105,45.714267845478325,788367
2017-01-02,46.82465362548828,46.887502949239064,45.665383037009526,45.81902182131587,1835060
2017-01-09,45.812034606933594,47.13192362308677,44.91115704657163,46.90845049146347,3273384
2017-01-16,45.32318878173828,46.16121169304751,44.76450328885231,45.630461007607806,2942980
2017-01-23,45.5047607421875,45.64442944641473,44.73656688487911,45.2254180057135,3284195
2017-01-30,43.70999526977539,45.658401721008275,43.59825868954694,45.434928560551384,4138366
2017-02-06,43.619205474853516,44.15693856283357,41.39145639380188,43.73094204742015,7575374
2017-02-13,44.32454299926758,45.134631120303844,43.51445221422139,43.54238435824994,3883005
2017-02-20,43.94742965698242,44.72260323883636,43.514450802473036,44.45722789910037,3051606
2017-02-27,44.059165954589844,45.19049899649096,43.76585580949855,44.184869921913275,3293174
2017-03-06,43.51445388793945,44.16392354776019,43.297963113329196,44.108053929534314,3249053
2017-03-13,43.996315002441406,44.129001342611566,43.018618047894314,43.6401555293479,4685328
2017-03-20,43.339866638183594,44.0940878589807,42.83705071497879,43.99631868813756,2936051
2017-03-27,45.74918746948242,45.74918746948242,42.97672030145628,43.03957228922546,3450734
2017-04-03,45.1067008972168,45.77712570224693,44.60388762146459,45.77712570224693,2697121
2017-04-10,45.225425720214844,45.47683369312438,44.92513315968515,45.106701440548356,1839310
2017-04-17,45.39302444458008,46.356751353162466,44.00329837018933,45.22542092309181,3782464
2017-04-24,46.27993392944336,46.950358699930256,46.000596491097276,46.789734877663165,3682754
2017-05-01,45.59554672241211,46.43356963791365,45.260334359399636,46.27993086020042,3184142
2017-05-08,46.9433708190918,46.9433708190918,45.15558574758508,45.85393995714487,3855347
2017-05-15,46.11931228637695,47.488085887295455,45.47682769721475,47.07605946425222,3641922
2017-05-22,46.76878356933594,46.775768603471626,45.86790597454962,46.20311834880358,2240972
2017-05-29,47.704566955566406,48.18643299043684,46.46149750771643,46.71989044328821,4791045
2017-06-05,46.97121047973633,49.22536868773734,46.6122680201562,49.19665263372765,2821862
2017-06-12,48.30647277832031,48.73002221579767,46.511760632344796,46.8850583488159,3521714
2017-06-19,48.263404846191406,49.268439337257725,48.076753236267436,48.607986535406376,2539207
2017-06-26,46.88506317138672,48.93103960986823,46.88506317138672,48.44287763686975,3191508
2017-07-03,45.556976318359375,47.79677923814908,45.442114840819926,47.19375305792492,4327927
2017-07-10,45.22674560546875,45.61440408218741,44.56629285714516,45.55697197963055,2900361
2017-07-17,46.6768798828125,48.098294580301726,44.989851242938826,45.60723277571388,5366713
2017-07-24,46.368186950683594,48.004969260654725,46.073856965053785,47.279903917279704,3683301
2017-07-31,45.521080017089844,46.36818165393285,44.997024384625824,46.30357464386784,3310215
2017-08-07,44.4155387878418,45.772340834862135,44.307857694030716,45.65030171417352,2251929
2017-08-14,44.17145919799805,45.22675092934037,43.97045229241425,44.609369446745916,1823127
2017-08-21,42.11112976074219,44.329394297476284,42.08959408922973,44.020703559400616,4546879
2017-08-28,40.37385177612305,42.21163554022763,40.36667139288049,42.03216429835718,4041431
2017-09-04,40.16566467285156,41.48657312895644,39.72057675764094,40.35231356035479,3778315
2017-09-11,41.220951080322266,41.666041705566236,40.072336295691265,40.323594924043775,3964643
2017-09-18,41.68757629394531,41.73065037419253,40.79022016098022,41.27838211639431,2637077
2017-09-25,42.419822692871094,42.44135836549743,41.615792298826904,41.8167992127095,3086579
2017-10-02,42.87208557128906,43.49664464517206,41.622964685009606,42.498785108016044,3830292
2017-10-09,43.20949172973633,43.668940372303815,42.73568779886656,42.87208768436066,2563906
2017-10-16,41.486568450927734,45.09752857135428,40.9912261241721,43.31717437275082,7523676
2017-10-23,39.3831672668457,41.57989337595,39.3831672668457,41.47221228073697,4869944
2017-10-30,39.62724685668945,40.33795137105478,38.981149354072286,39.46931130304669,3568805
2017-11-06,39.2252311706543,39.81389657967038,38.7298915670228,39.65596376115064,3116264
2017-11-13,38.7729606628418,39.4118804981372,37.35872932970523,39.23958692421759,4011922
2017-11-20,39.17497634887695,39.77799973708864,38.5863109863981,38.837569590439045,2820776
2017-11-27,39.605712890625,40.51024949576138,39.024227811551185,39.18216338291141,3652154
2017-12-04,40.854827880859375,40.95533132459243,39.66313910507108,39.89286204460761,2797079
2017-12-11,41.32145309448242,41.99626386994666,40.85482684496655,41.0630141094283,3428515
2017-12-18,40.768680572509766,41.608604517767375,40.079511785860454,41.50092343526716,2903990
2017-12-25,40.668182373046875,41.084554208349545,40.46717273049148,40.76868582506774,828454
2018-01-01,39.91440200805664,40.66818339416684,38.34941260254483,40.66818339416684,3422212
2018-01-08,40.80458068847656,41.063019708771364,39.56981769751862,40.02926362759216,3757694
2018-01-15,41.709110260009766,42.12548480317336,40.73278912760094,40.905079964520475,3742611
2018-01-22,40.11540985107422,41.881406086231706,39.813896762490906,41.709112501539295,3386234
2018-01-29,39.79953384399414,40.459989309209185,39.56981091831411,40.14411823251418,2751426
2018-02-05,40.67536544799805,42.85773658344328,37.9617609270847,39.555463822003084,6647357
2018-02-12,44.982669830322266,45.35597032441995,40.87636713376145,41.06301875006714,7117002
2018-02-19,43.733543395996094,45.19802913546819,43.20231014483348,44.93959015338331,3432762
2018-02-26,42.21163558959961,44.76730706268902,41.8239770494627,43.877128497024316,4249267
2018-03-05,41.106082916259766,42.570568582361815,40.54613364213795,42.25470025259035,3301863
2018-03-12,41.56553649902344,41.59424981354148,40.589212604057806,41.22094933967147,3088510
2018-03-19,39.971832275390625,43.79097980306899,39.13908588375806,41.56553766258077,5564002
2018-03-26,40.6179313659668,40.804580246092954,39.411884443342274,39.98619184970783,2145562
2018-04-02,41.01994705200195,41.048663108258346,39.340096100197066,40.617933218467904,2467444
2018-04-09,40.10104751586914,41.307094263603055,39.72774707123595,41.09172935976057,2591407
2018-04-16,42.64236831665039,43.790983173332265,39.21087629759987,40.07233880936819,5157117
2018-04-23,43.604331970214844,43.76226479304956,41.95319443597093,42.4987885178034,2581665
2018-04-30,44.59501647949219,44.9539589879136,43.30282399687791,43.561263041103565,2805329
2018-05-07,44.537574768066406,45.154956149737686,44.36528120679244,44.52321674308414,2019963
2018-05-14,44.221710205078125,44.738588226473084,43.77662231916228,44.46579118867978,2569846
2018-05-21,43.546897888183594,44.95395163376822,43.11616804394783,44.20735341966047,3446158
2018-05-28,43.001312255859375,44.035065661831645,42.09677562943395,43.69048119317422,3468363
2018-06-04,40.732791900634766,43.47511209849994,40.5030662049135,43.21667308701297,2900238
2018-06-11,42.455711364746094,42.85772788340819,40.948154212161846,40.948154212161846,5092350
2018-06-18,43.53253936767578,43.96327194553824,41.66603974581242,42.412640689963176,3681429
2018-06-25,42.31214141845703,43.63304994374161,41.92448559510713,43.38896893129183,3101326
2018-07-02,42.75722885131836,42.958235762138465,41.7091147370801,41.7091147370801,2633859
2018-07-09,43.61868667602539,43.819696316468,42.51314597690248,42.929517807828695,2578012
2018-07-16,38.59348678588867,43.76225804664952,37.55973362914181,43.64739658478876,7607775
2018-07-23,38.83757019042969,38.93807637211216,37.17207751887975,38.507343809013314,4389091
2018-07-30,38.794498443603516,39.368805783189664,38.263262442915455,38.765782391995856,3104312
2018-08-06,39.512386322021484,40.115409759294835,38.52170437396234,38.8375727502432,2594669
2018-08-13,40.244632720947266,40.302062094972264,39.00986968650044,39.31138006178786,2454643
2018-08-20,39.84261703491211,40.40256645205129,39.69903948888532,40.2159175591762,2083232
2018-08-27,39.68467330932617,40.23026732446193,39.498024454788165,40.01490241891396,1558375
2018-09-03,37.08592987060547,39.67031413967026,36.51162255953699,39.58416872763831,3853907
2018-09-10,36.74134826660156,37.50230722296997,35.147642961486795,36.99978726078379,4157705
2018-09-17,37.0141487121582,37.2295136477349,36.32497708439355,36.72699363904679,3799938
2018-09-24,36.95671463012695,37.602812140895125,36.10961022201472,36.95671463012695,3208305
2018-10-01,38.148406982421875,38.33505860875123,36.77006915036126,36.971076066241636,3067692
2018-10-08,37.0428581237793,38.32069505205659,36.066537002849756,38.03354000921567,4250704
2018-10-15,38.90936279296875,40.56049754349687,36.655204606589685,36.95671495525835,5397167
2018-10-22,36.05217742919922,39.210869072284964,35.60708685805141,38.70834913814238,4918037
2018-10-29,37.516658782958984,37.76073972671091,36.0665338837123,36.35368616320602,3694771
2018-11-05,37.574092864990234,38.564774717034204,37.200792417285065,37.34436993386603,2609164
2018-11-12,38.03354263305664,38.20583621834999,36.88492785947974,37.76074559738951,3432527
2018-11-19,37.186439514160156,38.392486437950325,37.0572200052888,38.03354396631072,2827542
2018-11-26,37.58845901489258,38.67964454283874,37.30130391966477,37.44488146727867,3050489
2018-12-03,34.781524658203125,38.16276194854411,34.30772072413314,37.81817751817626,4013355
2018-12-10,35.87989044189453,36.00910995546729,33.85545504727304,34.70255953024388,4584274
2018-12-17,35.86553192138672,36.42548405201748,35.1045756169229,35.7434927927515,5160571
2018-12-24,35.35582733154297,35.68605369100049,34.29335812817098,35.31275325654332,1616663
2018-12-31,35.657344818115234,35.95168028208681,34.96099826579639,35.29122469172193,2242439
2019-01-07,37.97611618041992,38.579139667491894,36.167045719204,36.38241066347674,3358142
2019-01-14,38.07661819458008,38.32069918577022,37.01414880307996,37.86125325847436,2751526
2019-01-21,39.02422332763672,39.253946274939594,37.775102405477995,37.84689253808111,3049651
2019-01-28,38.98115158081055,39.0960130613356,38.04790170923028,38.92372220980487,3175847
2019-02-04,33.941593170166016,40.029256071540985,33.13038530110591,38.8662834382546,8577702
2019-02-11,34.22157287597656,35.33429669454535,33.90570449654246,34.085175726825995,4377377
2019-02-18,34.55180358886719,35.26250815947281,34.12107097353267,34.22875481199474,2861974
2019-02-25,35.721954345703125,35.937322024158746,34.11389357152458,34.63794926283809,3579323
2019-03-04,35.75784683227539,36.45419330317231,35.50658548135273,35.82245658096824,2685988
2019-03-11,36.15268325805664,36.51162570066878,35.66452131702305,36.109609179078326,3544827
2019-03-18,34.96099853515625,37.0141499844913,34.93228247915527,36.123971418057685,2976316
2019-03-25,34.2646484375,35.18354029992766,33.84827658928013,34.838955851517284,3203915
2019-04-01,33.4031867980957,34.738453281270196,32.39096909932049,34.738453281270196,5834137
2019-04-08,33.876983642578125,34.08517089745319,32.73554667015936,33.36728607803291,3627322
2019-04-15,37.028499603271484,37.22950647260178,34.09952828067651,34.60204819251544,5730583
2019-04-22,38.22019577026367,38.22019577026367,36.612132284583,37.02850686818838,4276887
2019-04-29,37.94740295410156,38.67964601004557,37.732037993768394,38.134051856119896,3081226
2019-05-06,36.61212921142578,38.14840243037051,36.55469710601941,37.3730881769791,4314984
2019-05-13,36.2531852722168,36.683915090936786,35.642984239277915,36.61212770065459,3259801
2019-05-20,35.456336975097656,36.58341611902158,35.26250771143693,36.1239701926467,2902908
2019-05-27,35.104576110839844,35.98039391161219,34.95381818594476,35.42762215636713,3025313
2019-06-03,35.592735290527344,35.99474908904005,34.803060243352114,34.996889498426576,3363959
2019-06-10,35.89424514770508,36.32497499407211,35.57837677627016,35.67169984192442,2363173
2019-06-17,34.42975997924805,36.58341473132215,34.42975997924805,36.12396882237519,4469830
2019-06-24,34.89369583129883,36.148755227443345,33.458267158557774,36.0811171070787,5490167
2019-07-01,35.96086502075195,36.02850312821836,34.53295355972038,35.27696987497906,3464711
2019-07-08,36.118690490722656,36.27651179156886,35.156725942267826,35.84813805105948,3471859
2019-07-15,33.2177734375,36.47191123409446,32.05289736066187,36.096144572735575,5973348
2019-07-22,34.37513732910156,34.73587299977924,32.684187260184316,33.217775260548855,5507067
2019-07-29,32.65412139892578,35.07405659693907,32.54139026083448,34.33004025952669,4011273
2019-08-05,31.81991958618164,32.616545904977265,30.827895873576065,32.49630069335453,3934207
2019-08-12,31.79737091064453,32.135558559131525,30.745223277722406,31.9176161086752,3272885
2019-08-19,32.248291015625,33.029886268472914,31.47421270057911,31.86501032700307,2909462
2019-08-26,32.78187942504883,32.8870936209089,31.97022500921982,32.2482915078317,2287930
2019-09-02,32.879581451416016,33.24783402509555,32.42866262397396,32.819457412092014,2374750
2019-09-09,34.55550003051758,34.961328691647594,32.9998263630578,33.007340434468965,3875539
2019-09-16,34.998905181884766,35.337095736686166,33.66117683941699,34.42022420297392,4438147
2019-09-23,33.736331939697266,35.08909140902975,33.09001279392661,34.923756019949806,3173152
2019-09-30,32.72175979614258,34.600593001706045,31.910102475240624,33.736328580398066,2914797
2019-10-07,27.3182315826416,32.28586665870751,27.04016509210917,31.789854844870757,8356878
2019-10-14,28.377891540527344,28.70105103642471,27.055194408639565,27.355808826595293,6298005
2019-10-21,29.151979446411133,29.51271511177068,28.107348544602235,28.415477104609696,4520106
2019-10-28,29.212095260620117,29.279733364636403,28.64844534944162,29.106881069232937,3415266
2019-11-04,30.15903091430664,30.647525819464548,28.971606972140336,29.159490289556125,3565973
2019-11-11,29.535261154174805,30.42958770794977,29.294770702791364,30.0613350916532,3667953
2019-11-18,29.36992645263672,29.971152595260975,29.0693119478884,29.580354885837114,3857108
2019-11-25,30.016233444213867,30.061326465986586,29.287248226886312,29.415007488268436,3583433
2019-12-02,30.128969192504883,30.21915238302942,29.076821457854837,30.151514273418034,4319583
2019-12-09,30.106428146362305,30.45213281209659,29.354894768571786,30.121459157942795,3022548
2019-12-16,30.6926212310791,30.6926212310791,29.29476878225929,29.798297602807303,4534862
2019-12-23,30.850439071655273,31.338936826668775,30.49722039669049,30.68510370756156,978600
2019-12-30,30.647523880004883,30.918076298661823,30.27927420662206,30.81286210626673,1543324
2020-01-06,31.504276275634766,32.16562641837628,30.256731044367918,30.70765276904848,3188995
2020-01-13,31.39906120300293,32.84200666867283,31.376516120794246,32.315932771117424,4538386
2020-01-20,31.038326263427734,32.03786697833865,30.94062612683466,31.45166902565236,3288191
2020-01-27,30.08387565612793,30.910563967079934,29.956116377280157,30.81286383998512,3599757
2020-02-03,30.474674224853516,31.94016470837697,29.482650515025448,30.136483672213952,6411182
2020-02-10,30.75273895263672,31.053353396831536,29.96362962021509,30.512248544029593,4115309
2020-02-17,30.903047561645508,31.812405006053957,30.62498105175251,30.850440461581208,3393407
2020-02-24,26.288633346557617,30.46715934488757,25.552131088616246,30.44461139739531,9449920
2020-03-02,24.687868118286133,26.80719182584348,23.680814800360928,26.724525569810417,6253286
2020-03-09,18.923608779907227,23.99645857006858,18.5703872104525,23.29753236962992,10026235
2020-03-16,16.94707489013672,18.78081649464589,15.759652365108412,18.247228553910553,9154439
2020-03-23,17.180051803588867,20.727288485621788,16.02268982633881,16.090327938434513,5603715
2020-03-30,20.41164207458496,20.877593300191474,16.315785465442353,17.35290210841601,7053482
2020-04-06,22.606121063232422,22.959341189704375,20.411643822648177,20.749834372892796,8530883
2020-04-13,19.81793212890625,22.80903407395308,19.036336872858453,22.60611975554422,4284402
2020-04-20,20.216243743896484,20.824985263157956,17.84891433926996,19.87805464805606,5328525
2020-04-27,20.389095306396484,21.696764350000944,19.38955619689448,20.667163224123737,3503862
2020-05-04,19.72023582458496,20.63710603704827,18.645542856091343,20.216247743361066,3583033
2020-05-11,18.983732223510742,20.186185846793265,17.420542943274285,20.065940627808622,3847394
2020-05-18,18.4952335357666,19.712716584519487,17.698607267541142,19.096459555714212,4484965
2020-05-25,19.179128646850586,21.275905643034626,18.457655990385824,18.728208415739598,5290824
2020-06-01,24.011489868164062,24.229435216479054,19.532350587661632,19.56241260816137,7272701
2020-06-08,22.245384216308594,24.77805186873742,21.238329558873833,23.83111837979857,5538953
2020-06-15,21.98234748840332,23.03449374816963,21.08050701806882,21.764402158588716,6834792
2020-06-22,20.764863967895508,22.74139730389281,20.411643841104176,21.809496205464555,4751180
2020-06-29,21.448760986328125,22.034956040640974,20.50934436499496,20.667165669329645,4014506
2020-07-06,20.14860725402832,22.403207140867977,19.562412200849053,21.877134694000326,3896203
2020-07-13,20.674680709838867,21.215784155533473,19.802902219501796,20.29891406974751,4664285
2020-07-20,22.282960891723633,23.575599017448656,19.938177921205202,20.607042064488354,7048949
2020-07-27,20.47928237915039,22.388177644925985,20.47928237915039,22.28296200842506,4874114
2020-08-03,21.75688934326172,22.44078452325342,20.30642986258614,20.51685826662297,4012491
2020-08-10,22.192781448364258,23.52299445479493,21.794468236962064,21.832044332961665,3779857
2020-08-17,21.65167236328125,22.365629518620594,21.088022430151,22.17023070312313,3768084
2020-08-24,22.606121063232422,23.147224510187836,21.67421996564678,21.786949671249662,3434312
2020-08-31,22.63618278503418,23.087101601518928,21.238330440310783,22.69630538946121,5206058
2020-09-07,22.45646858215332,23.09718874676169,22.253313153561248,22.690879379915575,3196065
2020-09-14,21.815750122070312,23.300345995874743,21.815750122070312,22.628370409592865,4351983
2020-09-21,20.651514053344727,21.729799022437007,20.034233886080663,21.67510361325424,5336676
2020-09-28,21.471948623657227,21.78449489009234,20.94061922554846,20.94061922554846,4372160
2020-10-05,23.706653594970703,23.823858241575547,21.534454750519995,21.534454750519995,4722815
2020-10-12,24.323932647705078,24.613038839023265,23.105001617733798,23.7769771232629,8369984
2020-10-19,25.128740310668945,25.355337255032094,23.987946217957532,24.456764809827014,5203972
2020-10-26,23.28471565246582,25.206876077088776,22.50334933539867,24.691175917389472,4916798
2020-11-02,24.542715072631836,25.23813059447424,22.948728614516437,23.331597918134047,4984194
2020-11-09,28.855857849121094,28.97306398700749,24.839635522919885,24.847447874463555,6719402
2020-11-16,29.57471466064453,30.231062502895313,29.004317592364547,29.223102193565495,5122843
2020-11-23,30.051347732543945,30.926480150644533,29.520018400367142,29.66066457539488,4599294
2020-11-30,30.949918746948242,30.949918746948242,29.60596779503885,29.92632784977588,5763433
2020-12-07,31.575016021728516,31.7547299355747,30.1529294159228,30.84053268070371,5352476
2020-12-14,32.43451690673828,33.30964939260889,31.731288957817743,31.840679773382526,6481511
2020-12-21,32.32512283325195,32.72362131341905,30.87178104567945,31.793793513479727,2424274
2020-12-28,31.84848976135254,32.9892868491972,31.825049725664783,32.62204372648395,1285313
2021-01-04,34.13008117675781,36.09912466549491,31.856305299408298,32.19229305625685,4858840
2021-01-11,34.591087341308594,34.61452737709041,33.40341017732268,34.22384421712172,4449108
2021-01-18,33.73939514160156,35.63030004866362,33.286201282812705,34.45825066573816,4187851
2021-01-25,33.41122055053711,34.23165752242892,31.598451034081915,33.864414419988805,5015834
2021-02-01,36.37260055541992,36.89611752473855,33.27839073243287,33.645633846103735,4529977
2021-02-08,36.724220275878906,37.06020806153786,35.71625691890207,36.48981095535961,3811651
2021-02-15,37.27898406982422,37.54464872116115,36.841420865746294,36.95862401797755,3065739
2021-02-22,37.92752456665039,38.56824475584476,36.63826885533119,37.11490282109982,4565886
2021-03-01,37.59153747558594,38.83391015411246,37.5212143813042,38.28695308532964,3903866
2021-03-08,40.02158737182617,40.209113635882986,37.70874059660773,37.91189752679155,4462193
2021-03-15,39.30272674560547,41.14675180554561,39.208963618345685,40.24036696023152,7905378
2021-03-22,40.615421295166016,41.16237831986976,38.58387003846752,39.22459018776517,4261091
2021-03-29,40.58416748046875,41.94374625217246,40.55291509152497,40.70918597827217,3047162
2021-04-05,40.31850051879883,41.59994377462385,40.14660195696786,40.58416518418407,2691534
2021-04-12,43.225189208984375,43.475226219683925,39.78717584085107,40.36538829101647,3914764
2021-04-19,42.818870544433594,43.490846006394435,41.30302106979979,43.272064406937695,3221402
2021-04-26,42.084388732910156,43.037656557731296,41.81872407586209,42.86575502061907,2850267
2021-05-03,43.631500244140625,44.209712696262045,41.97500429748327,42.146902879998045,2889984
2021-05-10,43.33457565307617,43.990923485059945,41.91248918055734,43.58461263852942,2758999
2021-05-17,42.94389724731445,43.83465447923906,41.7249675533866,43.350208138849176,2828704
2021-05-24,43.36582946777344,43.662749495115,42.66259860845811,43.115792491278185,2908454
2021-05-31,43.55335998535156,44.66289872895206,43.30332002074659,43.39708612522694,2007607
2021-06-07,43.67837905883789,44.522253145664415,43.35020365013935,43.553360565208926,2436450
2021-06-14,43.645538330078125,46.075690750170025,43.38632231914288,45.37904656199457,3323151
2021-06-21,44.61760330200195,44.76340961538147,43.127109580966845,43.256717596269944,2418927
2021-06-28,44.974021911621094,45.47625255495438,43.12710703026092,44.60139927592538,3045164
2021-07-05,43.06230545043945,45.1360368538749,42.21985177809702,44.876820814707834,3076447
2021-07-12,42.77068328857422,44.277378329699566,42.33325509790582,43.07850346979628,2529520
2021-07-19,44.39078140258789,45.76786832416657,40.53494111226602,42.41425864403277,4198943
2021-07-26,43.11090850830078,45.038827363781664,42.85169247579749,44.32598481944704,2762985
2021-08-02,44.09916305541992,44.29357660096122,42.981295211377514,43.32151505345169,1895522
2021-08-09,44.53659439086914,44.698605175355524,43.64553971134207,44.131568974702525,1796845
2021-08-16,43.029903411865234,44.73101217446934,42.39806469180888,44.212580087233455,1991261
2021-08-23,45.168434143066406,45.31424354361878,43.20811256468258,43.434925814386816,1981328
2021-08-30,45.184635162353516,46.10809263158689,44.617602042718104,45.200836550071486,2233166
2021-09-06,45.36284637451172,46.205299977376335,44.731007717412595,45.28184252773956,1712017
2021-09-13,45.44384765625,46.658923829840624,45.249437198930664,45.57345565782906,2758909
2021-09-20,46.3673095703125,47.09635344283619,43.88855298749532,44.95781980594228,2444218
2021-09-27,46.96674728393555,47.77679812309987,45.57345885174132,46.46451662888131,3565927
2021-10-04,46.05949020385742,47.43657721839581,45.83267696267416,46.82093686361458,3058671
2021-10-11,48.019813537597656,48.11702186474899,45.13603448094764,45.99468640675971,3644531
2021-10-18,46.56172180175781,48.01981269227365,46.44831517884306,47.7767980588708,2827436
2021-10-25,46.93434524536133,47.24216543430253,45.26564246815637,46.577923982970674,4214377
2021-11-01,47.047752380371094,48.05221365116301,46.20529879899177,46.86954021389892,2737039
2021-11-08,48.60304641723633,48.61924780352056,46.3187034828341,46.95054209742666,2942642
2021-11-15,48.53824234008789,49.461702845627194,48.084615870803916,48.37623465254279,3354995
2021-11-22,46.7075309753418,49.834327689700885,46.529318802990126,48.586848663436605,3578643
2021-11-29,46.14049530029297,47.84160392556052,45.62206325491195,46.77233705943748,5166584
2021-12-06,46.788536071777344,47.85780604433366,45.73547057724781,46.156697393079384,3192048
2021-12-13,46.05949020385742,47.5985849106132,45.784072800949744,46.99914903317209,3739682
2021-12-20,47.792999267578125,48.100819450122366,44.747209487457255,45.362846762447035,2267516
2021-12-27,47.95500564575195,48.586844250191255,47.56618165147404,47.59858133342338,1362405
2022-01-03,49.25109100341797,49.81812721576348,47.955010880998586,47.987413656583755,2508459
2022-01-10,49.13768768310547,50.417569593893376,47.906409938963584,49.445507891665684,2555529
2022-01-17,49.00807189941406,50.692978995070945,48.42483435244077,49.477902832275554,2655315
2022-01-24,48.37623596191406,48.81366105626335,45.99468457331887,48.79746275914926,3683451
2022-01-31,51.79465103149414,52.167276776688155,47.89020612177772,48.538246193703905,3941809
2022-02-07,52.32928466796875,54.16000135419899,50.271757818360555,52.03766586201357,4104438
2022-02-14,50.6929817199707,52.71810876681967,49.98013613425224,51.21141374954825,3758150
2022-02-21,48.61925506591797,51.0818105271872,47.17736546232562,50.80639309941237,4236488
2022-02-28,40.907569885253906,48.79746690197412,40.04891483067237,47.776801051609425,6135145
2022-03-07,44.82821273803711,46.27010221638463,38.27490144618661,39.46567714667732,7060738
2022-03-14,46.837135314941406,47.501376699711436,43.159504074318164,44.60139654743959,8242206
2022-03-21,45.7840690612793,47.64718518048671,44.22877000422116,46.69132504200581,4038212
2022-03-28,44.61760330200195,47.647191818499074,44.228776165993814,45.84887790233203,3693309
2022-04-04,44.650001525878906,45.4924551428065,43.872353459529776,44.71480707645737,3842550
2022-04-11,45.05502700805664,45.26564195762473,43.04610128886947,44.747209912685946,3238798
2022-04-18,46.98295211791992,48.13322291066288,44.487993867031165,45.05503011406033,3562946
2022-04-25,46.64272689819336,47.38797215655337,45.73546777049605,46.17289594741098,3296465
2022-05-02,44.19637680053711,47.59858799946291,42.51146949926819,46.20530259736622,3248212
2022-05-09,44.504188537597656,44.504188537597656,42.34945359623821,43.82374576190002,2699202
2022-05-16,44.22877502441406,45.70306731922128,43.49973111593837,44.42318858740016,3162680
2022-05-23,41.928226470947266,44.09916278048093,39.96790509194512,43.38632032817022,4377224
2022-05-30,41.361202239990234,42.754487759940886,41.19919143345668,42.13885040323234,5215168
2022-06-06,38.24250030517578,42.25225267455452,38.24250030517578,41.669015067343416,3084375
2022-06-13,36.95451736450195,38.169593588627215,36.23357263260341,37.667362947883056,4302510
2022-06-20,37.7564697265625,39.14975814468591,36.44418824559666,37.0679246661672,3218139
2022-06-27,37.73217010498047,38.574620641146936,37.10843057919364,37.84557672965102,3195893
2022-07-04,37.79195022583008,38.26168002902187,35.14437987477621,38.090868302962306,3516924
2022-07-11,37.826114654541016,38.27022385592255,36.570652167134796,37.13432860389544,2780578
2022-07-18,42.92482376098633,43.14687999353481,37.70654790757696,38.073791996977036,4598862
2022-07-25,44.325477600097656,45.111207022656195,42.258661789607665,42.8735827345407,3646686
2022-08-01,41.951202392578125,44.684180458164704,41.951202392578125,44.39380147760932,2599767
2022-08-08,43.386016845703125,43.98385632107737,42.04515003014422,42.1988802740394,2262041
2022-08-15,43.45433807373047,44.51336490650921,42.9760658943694,43.45433807373047,1907576
2022-08-22,42.16471481323242,43.129798341823616,41.26795728148014,43.112716842613885,2531041
2022-08-29,42.2586669921875,42.62591112862795,40.840934950799934,41.59250472513891,2687079
2022-09-05,44.03509521484375,44.29131116939151,41.20817082089604,41.49854977150687,2357302
2022-09-12,44.154666900634766,46.853481960779945,44.05218116006197,44.274234140963515,3671865
2022-09-19,41.69498825073242,44.15466894405066,41.378988635530575,44.018020197642045,2966196
2022-09-26,41.76331329345703,42.771098996804106,39.75628100785838,41.49001580691847,3073243
2022-10-03,44.54753112792969,45.46991255676163,40.91779554803025,41.114227906104546,3525491
2022-10-10,45.760292053222656,46.58018449396598,43.91552917460575,44.05218117269259,3412473
2022-10-17,48.9373779296875,50.01348964965141,45.74321228653797,45.77737202939093,3456865
2022-10-24,48.049156188964844,50.23553922307426,47.19510077441688,48.90321160351281,4304269
2022-10-31,49.347320556640625,49.774348261721876,47.79293997078192,48.18580467754558,2798960
2022-11-07,53.89089584350586,54.352086553455194,49.12526828125138,49.36440275694531,3963772
2022-11-14,53.122249603271484,54.30084703565091,51.772840429422686,53.82257481112925,3289589
2022-11-21,54.31792068481445,54.454569414843114,52.78062165750135,52.88310739053217,2463639
2022-11-28,53.993385314941406,54.57414326784714,52.968518147580525,54.11295255384031,4130712
2022-12-05,52.13154602050781,54.130035925700454,51.379976304052,53.89089818166818,3722231
2022-12-12,50.76505661010742,53.275981808964644,50.52592211801173,51.80700533931828,3906012
2022-12-19,51.072513580322266,51.72159752545464,49.928079184606325,50.71381186693033,2702857
2022-12-26,50.74797058105469,51.58494774462843,50.47467311220062,51.07251254705495,1140194
2023-01-02,53.002681732177734,53.10516747265706,50.79921713511313,50.987110374294346,2418708
2023-01-09,53.412628173828125,53.73716689635396,51.94365176968584,53.12224919296193,2537963
2023-01-16,53.105167388916016,54.26668330572659,52.216948951594645,53.65176234789442,2048008
2023-01-23,55.05241012573242,55.325707592219906,52.76354140042763,53.2247320968613,2260964
2023-01-30,64.07123565673828,64.07123565673828,54.74495190092169,54.881603897718314,4904942
2023-02-06,63.268428802490234,64.63491620856354,61.69696339856149,63.13177680391994,4441321
2023-02-13,64.54950714111328,65.52312975238901,63.11469384303449,63.35382830672671,2791328
2023-02-20,64.36162567138672,65.5914677275045,63.49048537632775,64.5665971754308,3003172
2023-02-27,66.25761413574219,66.32594012603693,64.0370715785638,64.36161025857619,3390456
2023-03-06,63.64420700073242,66.56508148782888,63.14885980947462,66.37718825297127,3338645
2023-03-13,59.90345001220703,63.644210616810774,59.66431552368343,63.644210616810774,7186831
2023-03-20,58.63945388793945,62.58518613651386,57.71707238206763,59.749722130850614,3939427
2023-03-27,61.30409622192383,62.687668330382685,58.89566022892738,59.442255169470855,3150074
2023-04-03,61.150367736816406,62.44853564468464,60.279234061633815,61.16745249440528,2267307
2023-04-10,62.773067474365234,63.285499375052574,60.4158729120933,61.150361025584374,2249484
2023-04-17,64.65199279785156,66.0526431677654,62.53393900155902,62.56810200032835,3946640
2023-04-24,63.30259323120117,65.04486715674904,62.38021176780653,64.65199590995326,2746238
2023-05-01,60.142581939697266,63.62712966504118,56.572629974363956,63.30259094671119,3427527
2023-05-08,59.57890701293945,60.620855651960404,59.237283546976336,60.210906189619536,2263090
2023-05-15,61.150367736816406,61.56031721191318,58.26366271725355,59.98885182595572,2492838
2023-05-22,59.93761444091797,61.7482144221914,58.72485721112387,60.894158933729145,2635334
2023-05-29,60.46712112426758,60.79165981012774,58.89565589879818,60.00593045535564,5495906
2023-06-05,61.28702163696289,62.465615826085354,59.63015195938806,60.586696420366756,1832917
2023-06-12,63.23426818847656,63.866267415892686,61.50907247903302,61.74821348555307,2955520
2023-06-19,60.67210006713867,63.49047914802861,60.1938310993109,63.14886218010934,2031153
2023-06-26,62.773067474365234,63.98582449304114,59.78387378510975,60.68917036018822,3128443
2023-07-03,62.25737762451172,66.95202727611654,60.95923825445711,63.21764733394755,2766625
2023-07-10,64.32017517089844,64.80031002350378,61.56385149134431,61.97285374721306,1755580
2023-07-17,63.28877258300781,66.59636334243736,63.182073699821466,63.92895231497186,2877715
2023-07-24,65.44048309326172,66.57857738962811,61.332674416287816,63.11094845025459,2873549
2023-07-31,65.68943786621094,65.99174796791048,64.08899536685328,65.20930308133059,2460693
2023-08-07,64.9247817993164,66.04509633673433,64.55134588136946,65.47604919026934,1589722
2023-08-14,63.12872314453125,64.94256332778359,61.43936159099046,64.72917236021759,1821764
2023-08-21,63.35990524291992,63.96451868116719,62.73750526566644,63.09316142644314,1139954
2023-08-28,64.39130401611328,65.10261637488169,63.8400433824663,63.98230178407354,1737471
2023-09-04,65.244873046875,65.28043934222832,63.1465091060701,64.6580461324884,1362291
2023-09-11,65.244873046875,66.27627526138942,63.32434058283666,65.44048427952961,2754220
2023-09-18,63.270992279052734,64.92478086085248,63.02202822044304,63.94673151597668,2052885
2023-09-25,63.80447769165039,64.03564844440305,61.97285072469241,63.0931653261319,2407293
2023-10-02,63.89338302612305,64.26681892440813,61.67054060741177,64.17790658437502,1685200
2023-10-09,66.98757934570312,69.21042187961008,62.6663797006789,63.69777510895165,2537281
2023-10-16,63.911170959472656,67.3965934735631,63.591081067529885,67.3965934735631,2205893
2023-10-23,64.3557357788086,65.52939638687396,61.22597641849337,63.608863929847544,1884176
2023-10-30,63.78668975830078,65.0492695186974,63.57329876673716,64.6402605081326,2020154
2023-11-06,62.55968475341797,64.88922631762237,62.20402856889842,64.19569370519937,2145452
2023-11-13,65.70722961425781,65.70722961425781,61.58163422845961,62.64859597929187,2560801
2023-11-20,66.47188568115234,67.05871258836258,65.7961396448576,65.7961396448576,1575096
2023-11-27,69.54829406738281,69.65498616104897,66.22292373777994,66.27626978461302,2991217
2023-12-04,70.47300720214844,70.95314204170744,69.44160492822667,69.56608357734444,2369318
2023-12-11,74.15402221679688,74.42075922888148,70.29516436640239,70.43742953304205,3030802
2023-12-18,75.09650421142578,75.36324800356385,73.10483938981109,73.79836510907839,1848008
2023-12-25,74.68750762939453,75.41659969443364,74.56302899269836,75.0965098333358,535970
2024-01-01,75.23878479003906,75.86117805443311,73.94064542174733,74.68751733902019,1563491
2024-01-08,75.93230438232422,76.21682796306771,74.56303253012824,75.32769092529712,1700895
2024-01-15,77.19487762451172,78.36853824723138,75.7189136639839,75.96787095007939,2130720
2024-01-22,82.13847351074219,82.86756557844782,77.53274358540844,77.62166271215399,2235669
2024-01-29,82.52969360351562,83.73892043008247,81.88951389726532,81.96064648319907,2399786
2024-02-05,84.96593475341797,85.09041339835612,81.44495283178709,82.35187642613926,2563030
2024-02-12,86.58415985107422,87.33103846917155,84.57471508663042,85.35715321568647,2970102
2024-02-19,87.52664947509766,87.70447416374802,86.19294395948886,86.24629000936856,1888613
2024-02-26,86.76199340820312,87.98900007306962,86.3174248911907,87.38438661858963,2248337
2024-03-04,85.71281433105469,86.54859855842824,84.78811097041427,86.47747274882316,2065328
2024-03-11,88.00679016113281,88.45135869607098,83.0276171429634,85.2504598176542,3242197
2024-03-18,88.34465789794922,88.84257247558357,86.60195009265166,87.65113208379357,1739173
2024-03-25,89.84729766845703,89.98066279323571,87.50886298820751,88.13126296600855,1187562
2024-04-01,89.135986328125,90.6919761144015,88.1846099872876,89.58055483848972,1669897
2024-04-08,92.02568817138672,92.95928482278836,88.64696453958592,88.95816794577154,2361600
2024-04-15,88.64695739746094,92.51470882715488,88.52247875844675,91.93676841254498,2105461
2024-04-22,92.82591247558594,94.07070574385719,88.45135967160583,89.0915326707722,2759392
2024-04-29,93.13710021972656,93.58166871719543,90.91425773238225,92.47024747352327,1397334
2024-05-06,96.11570739746094,96.33799164527356,92.42578752705609,93.13709983348723,1459078
2024-05-13,94.0262451171875,96.3824597085181,93.62613614926876,95.93789117368506,1615159
2024-05-20,94.69308471679688,95.67113400034896,92.24795811612842,94.24851624394806,1752705
2024-05-27,91.40328216552734,95.76004784095467,91.40328216552734,94.69308620280444,3245382
2024-06-03,91.8923110961914,93.53721325217919,90.11403702840414,92.3813391782638,1622329
2024-06-10,86.92203521728516,91.71448311550931,86.72642399146751,90.73643376999811,2068774
2024-06-17,90.42523956298828,91.62558006431617,87.06430243985663,87.66891593389359,2733421
2024-06-24,88.36243438720703,93.04819026983375,87.971218712206,90.91426007039034,2056811
2024-07-01,92.75386047363281,93.62845982239344,88.5649736426914,90.49831034858981,1489298
2024-07-08,91.49259185791016,94.5951305414928,89.7618027036063,92.24751135353917,2457003
2024-07-15,90.77449798583984,97.12687308022262,89.09894462692766,91.14275293783923,3049588
2024-07-22,90.25894927978516,91.73196212938578,88.06784310499667,91.08752120264779,2101536
2024-07-29,83.70402526855469,90.94020765911307,83.37259653128646,90.84814568184493,1960665
2024-08-05,83.72244262695312,84.42211927955019,79.92942872423357,80.97895072700786,1716938
2024-08-12,86.72370910644531,86.88942348660301,83.39101893998793,84.1459384442888,1445357
2024-08-19,88.98847198486328,88.98847198486328,86.5395825538975,86.5395825538975,1221022
2024-08-26,91.5294189453125,92.33958125748627,88.91482208953485,88.91482208953485,1567831
2024-09-02,87.58910369873047,91.5110058561915,87.23926536523894,91.4557630490979,1375163
2024-09-09,88.84117126464844,89.28307862673076,86.72371048713103,87.79164918156708,1402648
2024-09-16,91.36370086669922,92.89195642179084,88.14148240723884,88.36243958736601,1940351
2024-09-23,92.98401641845703,94.27290517952821,90.59036987582695,91.4925870918617,1915930
2024-09-30,89.06211853027344,92.4776693417776,87.25767698969834,92.4776693417776,2835154
2024-10-07,89.7249755859375,90.20370912882109,88.14148421527159,89.43037303027027,1466000
2024-10-14,93.4443359375,94.31893528696939,89.06211683719323,89.70656474764124,2271286
2024-10-21,91.49259185791016,93.76655865022215,90.9218033513852,92.9840212621973,1655999
2024-10-28,90.22211456298828,94.59512521782699,89.06211398049241,92.0633822071309,1939127
2024-11-04,94.91735076904297,97.03481148353913,89.85386447461035,89.89069067234443,1937659
2024-11-11,90.2037124633789,96.57449735511548,88.65704723298074,95.60782895216192,2652046
2024-11-18,94.31893157958984,94.45702805667763,89.46719446286583,89.90910178477102,1746503
2024-11-25,94.5490951538086,95.46972901907986,92.66179994432986,95.05544658925939,2283594
2024-12-02,96.11418151855469,96.11418151855469,92.38561137700293,94.22687919527455,2040347
2024-12-09,98.32369995117188,99.10623733450822,94.08877853757942,97.67925202898742,2367120
2024-12-16,94.68718719482422,98.36972248309256,93.3522709623784,97.86337809528285,2612293
2024-12-23,94.91735076904297,95.19354374010909,93.95068941806962,94.59513031871852,671160
2024-12-30,92.47766876220703,95.05544638908987,92.33957930181032,94.54909495470537,948760
2025-01-06,92.431640625,93.26021250087341,90.70084447898023,92.84592305099726,1960635
2025-01-13,91.51100158691406,92.20147694040102,89.31988863656653,91.87925651354948,2650846
2025-01-20,91.89767456054688,93.3983052716984,91.08751926645732,91.80561257638111,1831722
2025-01-27,94.77925109863281,94.9173475795254,90.84814768901371,91.56624096100063,1967600
2025-02-03,98.27766418457031,100.62528332827321,91.97132367211606,93.03005401190126,3595178
2025-02-10,97.26496887207031,98.96814011106636,95.79195609844884,98.50782318031722,2420191
2025-02-17,94.5490951538086,98.36972709946019,93.81259227591896,97.03481080436842,2775352
2025-02-24,87.9205322265625,95.51576145032314,87.40497952083331,94.54909310320207,3993243
2025-03-03,87.25767517089844,88.85957610306033,83.09641325980006,88.08624704059558,4325333
2025-03-10,84.14593505859375,88.34402315516927,82.15736257671345,88.06783721527178,3984820
2025-03-17,84.75355529785156,85.91355598827577,83.15165426509004,84.3668907423366,3240269
2025-03-24,82.85704803466797,86.17132855127889,82.45196688552387,85.21386848667947,2917207
2025-03-31,74.47928619384766,82.19419598332796,72.15928476148306,81.807531419227,4403085
2025-04-07,75.23419952392578,79.4875234257124,66.37769933736303,68.36627182953251,5071392
2025-04-14,78.10657501220703,81.08943384077064,76.37578584630447,76.72562419212802,2899981
2025-04-21,81.77069854736328,82.6729228138636,77.20435547907744,78.10657272169887,3042801
2025-04-28,84.09069061279297,84.23799539697076,80.79482684141996,81.3287891243677,2426580
2025-05-05,84.86402893066406,84.86402893066406,82.93069924231347,84.10910945144606,2461507
2025-05-12,87.51544952392578,89.92751268413905,85.47164130003283,85.47164130003283,3482748
2025-05-19,88.32561492919922,89.2646583775208,86.31863282996393,87.49704304898668,2705405
2025-05-26,88.27037048339844,89.85386181978299,87.93894173746313,89.319892504234,2275407
2025-06-02,87.58910369873047,88.52815415665437,83.40942518776211,87.47862510842211,3851699
2025-06-09,87.51544952392578,92.56973430156766,86.99989682740457,87.38656134979547,3304328
2025-06-16,86.39227294921875,90.1484605619357,86.09767041237106,87.86529265733573,3784386
2025-06-23,88.17831420898438,88.56497876296706,85.50847448237583,85.618953079462,2904210
2025-06-30,86.21125793457031,92.21887642203517,85.71380763392762,92.02754657621591,2006865
2025-07-07,85.19722747802734,87.01482086053788,83.39877072922563,86.2877820478362,3253793
2025-07-14,80.45236206054688,89.92297468374525,79.49573467029427,84.41279887231364,4571934
2025-07-21,79.89751434326172,81.38985799618982,78.46257329522659,80.43323063083307,3464566
2025-07-28,76.20494079589844,80.87327979520668,75.32483805711688,80.56715932473546,3569683
2025-08-04,74.71259307861328,76.60671840500348,74.0046908973709,76.28146131730574,3802531
2025-08-11,73.64117431640625,75.2674378412647,70.75215572240334,75.2674378412647,3794657
2025-08-18,77.23809051513672,77.41028373078899,73.06719466799305,73.60291094918203,3155117
2025-08-25,75.42050170898438,77.19982928036723,74.56910389561696,77.19982928036723,2384552
2025-09-01,78.74956512451172,81.2750608076326,75.05698287751922,75.59269187136678,3063996
2025-09-08,79.55313873291016,81.58118416633711,78.50084274557967,78.82609985943307,2719924
2025-09-15,75.95621490478516,80.12711083653043,75.84141699252594,79.99318358813852,3607774
2025-09-22,76.26233673095703,77.83120506734453,75.01871820403359,75.63095915001466,1844768
2025-09-29,79.40007019042969,79.49573146590139,75.30570629294625,76.62584941082561,2533181
2025-10-06,78.59651184082031,80.24190486223964,78.32865003415915,79.40007536533989,2284499
2025-10-13,82.26995086669922,83.6666259009433,78.04165979472211,79.03655309962626,3280882
2025-10-20,82.63346862792969,84.37453012905341,81.6385752989322,82.48041204573106,2517427
2025-10-27,83.0352554321289,84.47019643177292,80.91154158489778,83.15004604106852,2887737
2025-11-03,80.52889251708984,83.3222426934338,79.59139448061099,82.92046094858041,2403433
2025-11-10,83.1500473022461,85.3694224567517,80.64368832255126,81.61944500577455,2655687
2025-11-17,80.45236206054688,84.14494437080097,77.58247988978904,83.55183276138875,2695613
2025-11-24,80.33757019042969,81.61944737007997,78.80696055113286,80.70108596559447,2948936
2025-12-01,82.48041534423828,82.90133373447082,78.97915556764103,79.59139651789499,1715234
2025-12-08,83.7431640625,85.86687807323764,81.504652135497,82.2699569802902,2631530
2025-12-15,85.00590515136719,86.97655511620039,81.67683883070507,84.20233439872985,3286208
2025-12-22,84.2597427368164,85.00591093745572,83.60923581601766,84.45106529649753,651206
2025-12-29,83.85795593261719,85.88600121766794,82.82479665618338,84.66151939307412,1092343
2026-01-05,85.00590515136719,85.38855754317127,82.02122525348003,84.08754379012974,2027288
2026-01-12,82.53781127929688,85.75207994178166,82.0021022683787,85.71381396978923,2242624
2026-01-19,83.55183410644531,84.29800961358437,80.66282255270839,81.77251384653988,2280991
2026-01-26,80.54801940917969,85.04417230305006,78.42431283718423,83.57096531813413,3230062
2026-02-02,75.42050170898438,82.84393247461995,71.34527418606437,80.58629119691886,6674210
2026-02-09,69.58507537841797,77.75467429085782,68.8771731424747,76.33886981897128,4946043
2026-02-16,70.8860855102539,71.46006046326856,67.05957609217286,69.94859478997705,4196558
2026-02-23,72.14883422851562,72.74194582319066,67.61442255496243,70.54169996088457,3757469
2026-03-02,72.58888244628906,73.58377579017156,69.39375052328076,70.71389367075625,3818230
2026-03-09,72.34016418457031,73.83250054290642,70.61823200303819,71.59398870691464,3537457
2026-03-16,67.46135711669922,72.78021011460923,67.0978413532776,72.18709853361744,5625905
2026-03-23,65.58637237548828,69.08763217167781,65.1845906181023,66.37080655354619,4746919
2026-03-30,69.33635711669922,69.45114773358979,65.58637216437069,65.85422666843246,2810421
2026-04-06,70.33123779296875,73.43071558397783,68.13099932236176,69.33635179664307,3188078
2026-04-13,76.75978088378906,78.4243178223197,69.9294618004025,70.35038019384537,4398766
2026-04-20,74.63606262207031,76.54931732172182,73.7177012420561,75.9179470660503,2622624
2026-04-27,75.93708038330078,76.28146683117417,74.06209155515003,74.34908269454047,1931093
2026-05-04,77.77381134033203,78.99829325718403,75.47790409699056,76.26233828112936,3067751
2026-05-11,73.75596618652344,78.38604629052688,72.83760481927614,77.77380537902867,3276342
2026-05-18,79.68706512451172,82.76739921347551,74.04296202003398,74.06209135664774,3928376
2026-05-25,80.10797119140625,80.83501001141676,78.175587181166,80.35669634271015,3178771
2026-06-01,83.64749908447266,87.30181532479544,79.41920058667986,80.01231218010467,3933637
2026-06-08,85.77120971679688,86.74696637985231,82.97785237267364,83.7048911854033,2801887
2026-06-15,85.9816665649414,88.75588743560859,84.33627359675117,86.51738286244512,4655162
2026-06-22,82.86306762695312,86.09646559633775,81.96383553965305,85.94340170978121,3700129
2026-06-29,85.69999694824219,88.58000183105469,81.5199966430664,87.08000183105469,3055797
2026-07-06,87.16000366210938,88.44000244140625,84.27999877929688,85.86000061035156,2444411
2026-07-13,87.69999694824219,92.26000213623047,85.16000366210938,87.12000274658203,3870404
2026-07-20,88.41999816894531,89.23999786376953,85.0199966430664,87.83999633789062,2490679
2026-07-27,92.62000274658203,96.04000091552734,88.72000122070312,89.0,3897018
2026-08-03,100.0,100.8499984741211,92.76000213623047,92.76000213623047,3754974
2026-08-10,101.80000305175781,103.0999984741211,97.33999633789062,99.81999969482422,2733567
2026-08-17,102.3499984741211,102.6500015258789,100.4000015258789,101.25,2457231
2026-08-24,101.6500015258789,104.8499984741211,100.3499984741211,102.6500015258789,2943610
2026-08-31,101.0999984741211,104.0,97.4000015258789,101.75,3253469
2026-09-07,96.80000305175781,100.8499984741211,95.36000061035156,100.75,2540352
2026-09-14,97.5199966430664,100.80000305175781,96.5,97.30000305175781,4172552
2026-09-21,97.86000061035156,98.76000213623047,96.91999816894531,97.18000030517578,2139750
