Price,Close,High,Low,Open,Volume
Ticker,RI.PA,RI.PA,RI.PA,RI.PA,RI.PA
Date,,,,,
2000-01-03,11.209874153137207,11.4876415481592,10.832905335059442,11.269395809433219,967183
2000-01-10,11.198779106140137,11.884831050853125,11.067622641782272,11.693140441352794,1137371
2000-01-17,11.037360191345215,11.410652355205183,10.946558429732052,11.34003000967882,1419428
2000-01-24,11.097891807556152,11.400561584125866,11.0575360413751,11.097891807556152,2377332
2000-01-31,11.128152847290039,11.44091163635114,11.057529532936027,11.087797104862293,1523709
2000-02-07,10.89610767364502,11.198777331246271,10.512726515406428,11.097887445379188,1384279
2000-02-14,10.310949325561523,10.896110402060181,10.129346873442547,10.886022227060014,927447
2000-02-21,10.39166259765625,10.39166259765625,9.483653244462985,10.310951063206677,1371938
2000-02-28,9.887210845947266,10.694330098677655,9.786320939355967,10.39166037890376,3182022
2000-03-06,9.40294075012207,10.086469994449883,8.742111686299697,9.988101865498885,1963394
2000-03-13,10.149524688720703,10.341216325120943,8.979201581885016,9.180981392713893,1460949
2000-03-20,10.058724403381348,10.341216762576408,9.907389538857904,10.341216762576408,1401543
2000-03-27,10.139437675476074,10.815399507080395,10.068814325541668,10.088991696850695,2624724
2000-04-03,10.664064407348633,11.01717910931195,10.18988139951288,10.240327377077314,1041734
2000-04-10,10.583352088928223,11.0171782821407,10.411838838509695,10.583352088928224,793630
2000-04-17,9.972968101501465,10.593440320458148,9.725786909230512,10.290770597016486,726201
2000-04-24,10.038549423217773,10.492553104723155,9.937658469377219,9.972970660270866,613215
2000-05-01,11.26940631866455,11.400562828099432,10.038549705060733,10.038549705060733,3717929
2000-05-08,12.487095832824707,12.610526131371023,11.108783031997868,11.108783031997868,2180721
2000-05-15,11.931655883789062,13.021961442640398,11.520218469814793,12.48709478057324,2406746
2000-05-22,11.623076438903809,12.651668314257241,11.520217355373687,12.075657238478115,3282412
2000-05-29,12.363663673400879,12.404808143570463,11.437931815527172,11.633363888623379,3504620
2000-06-05,12.631093978881836,13.165961540222058,11.993367351134037,12.343089008961432,2433992
2000-06-12,12.857380867004395,12.857380867004393,11.787646033360529,12.631090566029325,798587
2000-06-19,12.240227699279785,12.888239282865232,12.157939837203447,12.476803092639082,542118
2000-06-26,11.725933074951172,12.50766104523627,11.643645208569861,11.972794593991303,1008747
2000-07-03,12.28137493133545,12.373947894927731,11.509931834646146,11.725936109729584,744548
2000-07-10,11.777360916137695,12.343086716353358,11.76707584344892,12.137368621748333,745589
2000-07-17,12.137371063232422,12.188799557176894,11.64364691283453,11.839078934010923,620415
2000-07-24,11.705360412597656,12.075653197399237,11.653930888043321,11.931650736657472,895610
2000-07-31,12.024225234985352,12.312231258848838,11.725935176078758,11.725935176078758,681689
2000-08-07,12.055083274841309,12.322517061631016,11.941938091193503,12.12708399894296,341543
2000-08-14,12.40480899810791,12.445952431059437,11.890512446030424,12.116802887342423,666695
2000-08-21,12.260801315307617,12.445948261643515,11.643646907625396,12.301945774528074,766121
2000-08-28,12.343086242675781,12.661948445035458,11.962507366240821,12.32251401798402,3063577
2000-09-04,12.116795539855957,12.548803924013038,11.869934051788386,12.548803924013038,386856
2000-09-11,11.756794929504395,12.229945924279487,11.232213348283851,12.11680175425641,686365
2000-09-18,10.7899169921875,11.797935435741795,10.61505616175059,11.45850092966079,944712
2000-09-25,11.725933074951172,11.725933074951174,10.697341505522143,10.944203024562274,981836
2000-10-02,11.211640357971191,11.705364594096677,10.913349217008093,11.705364594096677,616598
2000-10-09,11.993365287780762,11.993365287780762,11.036776550783797,11.25278076108849,922835
2000-10-16,10.532772064208984,11.921371011243462,10.532772064208984,11.869941459133017,1090649
2000-10-23,11.623076438903809,11.767079987887747,10.882491661518255,10.903062854192953,934135
2000-10-30,10.954490661621094,11.705361365200828,10.841344450331281,11.52021443770652,892525
2000-11-06,11.746505737304688,11.931652679885039,11.005920047087342,11.005920047087342,992992
2000-11-13,12.445952415466309,12.8573888245709,11.561363927880956,11.561363927880956,1527463
2000-11-20,11.890506744384766,12.497374949563044,11.869935557799343,12.137369303825064,744291
2000-11-27,12.795669555664062,13.392251765021113,11.86993789559492,11.931653547609951,1844411
2000-12-04,12.343086242675781,12.96024050280698,12.343086242675781,12.75452241609658,1154556
2000-12-11,12.857380867004395,13.556821913569914,12.137367596695047,12.754521828388771,1673909
2000-12-18,15.325998306274414,15.325998306274412,12.651663212839594,12.754522254894779,10627924
2000-12-25,15.120282173156738,15.326000283811226,14.935135249536543,15.326000283811226,1505358
2001-01-01,15.223142623901367,15.634578882924322,14.729418489042608,15.120283559145628,2720231
2001-01-08,15.371420860290527,15.746842455579605,15.016856430362015,15.016856430362015,4352069
2001-01-15,16.44554328918457,16.47682903828396,15.121140659867844,15.267137658959651,4643841
2001-01-22,16.414257049560547,16.56025403491048,15.350562769447626,16.26826006421062,1768345
2001-01-29,15.830266952514648,16.51853961209479,15.64255670647332,16.497682449442575,1222916
2001-02-05,15.851123809814453,16.26825861916596,15.037710298904726,15.798980904188372,1965543
2001-02-12,15.1732816696167,15.85112582080939,15.131567339823638,15.642558389673177,2313601
2001-02-19,15.433988571166992,15.611270227536014,15.08985173034987,15.08985173034987,1457222
2001-02-26,16.476831436157227,16.841824514232854,15.121142860447755,15.475707353972581,3366653
2001-03-05,16.184831619262695,16.7896766538557,15.976264220512402,16.268258156979968,1042394
2001-03-12,15.423562049865723,16.12226335117675,15.016855778643787,15.871981595541168,1159096
2001-03-19,14.286866188049316,16.070117580076815,14.015729425126443,15.05856637315924,1962386
2001-03-26,15.81983470916748,16.101401067508842,14.09915398575385,14.09915398575385,2166162
2001-04-02,15.642557144165039,16.080549136459734,15.048139590973264,15.851124558694476,1366235
2001-04-09,15.81983470916748,15.861547970358851,15.225418364662376,15.371415306060634,580928
2001-04-16,15.997126579284668,16.007554109731505,15.433994593482035,15.819843799283134,1760783
2001-04-23,16.268259048461914,16.330829482407214,15.642556817923271,15.871980336446473,2937140
2001-04-30,16.382976531982422,16.382976531982422,15.381853424673416,16.26826525617738,956907
2001-05-07,16.09711456298828,16.68860976850671,15.906991599933676,16.43511212843039,690727
2001-05-14,16.213306427001953,16.4668052320609,15.88587242848754,16.16049542196077,1968167
2001-05-21,16.54073715209961,16.857609486783264,16.06542758206353,16.06542758206353,1479688
2001-05-28,16.89985466003418,17.153352250312473,16.551294538892492,16.68860649013388,4576514
2001-06-04,17.51247787475586,17.913849060874963,16.78367173784982,16.89985847109816,2859136
2001-06-11,17.544166564941406,17.956101462727272,17.23785578084205,17.533603939970636,2778159
2001-06-18,17.427978515625,17.692038779982795,17.343478590224183,17.427978515625,2043987
2001-06-25,17.49134635925293,17.55472101541167,16.89985241646515,17.23784880262814,2100532
2001-07-02,17.047733306884766,17.49135395666326,16.329489739808736,17.427980340988224,2151392
2001-07-09,17.354042053222656,17.533603468869423,16.762546818868675,16.899858803778137,2177937
2001-07-16,17.734289169311523,17.934975835502698,17.33291797295035,17.41741683491778,909574
2001-07-23,17.49134635925293,17.776531777962177,17.322348700176523,17.607534118885773,1599119
2001-07-30,17.74485206604004,17.74485206604004,17.40685447696857,17.501915965141606,649779
2001-08-06,18.16735076904297,18.7905307271801,17.5441676068738,17.5441676068738,2048167
2001-08-13,18.315216064453125,18.5898378141171,18.040594314789146,18.526464221431727,1268344
2001-08-20,18.420846939086914,18.431409564434844,18.10397458671286,18.315222821628897,1639393
2001-08-27,17.734289169311523,18.53703263004445,17.406854210169204,18.37859539483699,8778744
2001-09-03,17.533597946166992,18.463090469670608,17.427973868587735,17.73428347996553,2472226
2001-09-10,15.632365226745605,17.639222787664327,14.998620733823904,17.427974623357095,2084766
2001-09-17,14.375441551208496,17.28010435366175,14.375441551208498,15.209871742674787,3560399
2001-09-24,16.952665328979492,16.952665328979492,14.259250312964793,14.259250312964793,2374834
2001-10-01,17.026609420776367,17.111109361799045,16.477364610177254,16.899861111258446,2563999
2001-10-08,16.604110717773438,17.744851760221948,16.477362425063994,16.794234758853484,2130637
2001-10-15,16.646358489990234,17.375164524724486,16.392860878084026,16.709732091958976,936148
2001-10-22,16.604110717773438,17.03716978755452,15.23099727135232,16.8576094392135,3157615
2001-10-29,16.47736930847168,16.899865930021953,16.054872686921406,16.878740671740026,1098643
2001-11-05,16.044301986694336,16.477361019535227,15.061997194931754,16.477361019535227,2093715
2001-11-12,16.054866790771484,16.66748623983047,15.938680048912534,16.149928282106757,1589609
2001-11-19,16.89985466003418,17.026602921168163,15.854175364619444,16.09711140081098,1956536
2001-11-26,17.427978515625,17.660350907453537,16.50904836845566,17.005482092652528,4507271
2001-12-03,17.332916259765625,17.956099310219738,17.089980186602528,17.41741511338119,1961547
2001-12-10,17.32235336303711,17.734287136938697,16.920981144663138,17.533601561756946,1554042
2001-12-17,18.66377830505371,18.66377830505371,16.899855564752137,17.512474863054877,2535299
2001-12-24,18.378599166870117,18.779972581630556,17.956104770320014,18.779972581630556,457200
2001-12-31,17.94553565979004,18.473656197559087,17.491352424512883,18.37859471436277,1117589
2002-01-07,17.880285263061523,18.3077875849901,17.687909650459556,18.297099810808938,2839387
2002-01-14,18.094039916992188,18.553605650181176,17.79478866613908,17.955102067810017,2277722
2002-01-21,18.286418914794922,18.6818602242489,17.848229734531508,18.168857677242148,3437547
2002-01-28,18.275732040405273,18.596356719058925,17.955104119756438,18.3826076537332,1830752
2002-02-04,18.970422744750977,19.216237307670575,17.741353172148226,18.425356892072394,9603407
2002-02-11,18.703231811523438,18.852858530547653,17.955103619727534,18.617731755508203,4074318
2002-02-18,18.703231811523438,18.863546307715815,18.190229314101952,18.414668311973237,1871946
2002-02-25,19.045228958129883,19.29104344272113,18.44672656932363,18.44672656932363,2442591
2002-03-04,19.237607955932617,19.55823475519816,18.607042133510035,19.130732356177436,2675049
2002-03-11,19.836105346679688,19.985729834741278,19.087976422384557,19.34447647105974,2924509
2002-03-18,19.205537796020508,19.857478865391293,18.778035597175982,19.836103323183302,1899937
2002-03-25,19.558231353759766,19.665106934927852,19.023853447919333,19.023853447919333,1949320
2002-04-01,20.09261131286621,20.09261131286621,19.355169943580155,19.55823335241764,2038560
2002-04-08,20.19948959350586,20.49874302025141,19.665111561931628,19.665111561931628,2721461
2002-04-15,20.349109649658203,20.541485245823164,18.361224887071465,20.30635855658631,7268484
2002-04-22,21.364437103271484,21.909502948750067,20.1139909112535,20.30636658346238,6210710
2002-04-29,22.230127334594727,22.37975188030915,21.107932435087086,21.214808036881628,3452433
2002-05-06,22.144620895385742,22.529374285172,21.417867374228788,22.01637192678647,2763590
2002-05-13,22.05912208557129,22.4438754966895,21.27892964980037,22.01637314744455,3321455
2002-05-20,21.054485321044922,22.059116449626398,20.73385864102901,22.037740905359527,2994755
2002-05-27,20.55217742919922,21.246869872709652,20.55217742919922,21.075867625057516,6150930
2002-06-03,20.819368362426758,21.20411965333685,20.520114956907985,20.797992810414012,3899441
2002-06-10,20.650775909423828,21.581575127008968,20.46677901004421,21.083706185281407,3092611
2002-06-17,20.304428100585938,20.74818178336512,20.304428100585938,20.564184912534113,4247598
2002-06-24,21.473337173461914,21.473337173461914,20.239485321155747,20.391011755218294,3586216
2002-07-01,20.607479095458984,21.473339524868667,20.43430788508558,21.430047816660984,1767322
2002-07-08,19.481861114501953,20.61830410723365,18.832465744018556,20.455954170227052,4398756
2002-07-15,18.854116439819336,19.893150552277806,18.442833061225578,19.633391476970207,2888962
2002-07-22,18.875761032104492,19.61174206834587,17.598617147336856,18.637648940998606,3084207
2002-07-29,19.373632431030273,20.21784833267372,19.005642960687272,19.24375508195153,1736496
2002-08-05,19.503503799438477,20.196192918647103,18.70258433092271,19.265391777912324,2350115
2002-08-12,19.308687210083008,19.59009095604255,18.72423058229481,19.59009095604255,1244707
2002-08-19,19.373632431030273,19.48186501444385,18.724236930548813,19.070581635226645,1646935
2002-08-26,19.297866821289062,19.914791779568134,18.962345653951793,19.11387211908756,3699200
2002-09-02,19.914794921875,19.990559260783325,19.222107716116394,19.222107716116394,1902805
2002-09-09,20.08796501159668,20.40183922550599,19.590093908396614,19.741620372146965,1544921
2002-09-16,18.832468032836914,20.131258931653253,18.832468032836914,19.936440734585155,1323720
2002-09-23,19.741619110107422,20.087963727416064,18.442828436778548,18.832464763268657,1971029
2002-09-30,22.079444885253906,22.339201721361384,19.319513453807854,19.525155103182257,5104002
2002-10-07,22.209320068359375,22.880362327311254,21.64651254998486,21.798036809250576,4896812
2002-10-14,21.862977981567383,22.83707096243453,21.570748555167306,21.884622741236257,2644135
2002-10-21,22.144392013549805,23.14013240459183,21.884632889357153,22.079453326887812,1982416
2002-10-28,22.4257869720459,22.663899042886303,21.213581856762328,22.469080871751963,2810020
2002-11-04,22.10108757019043,22.728838123206145,21.419224024297293,22.295907914931195,1891620
2002-11-11,21.159467697143555,22.81542660964303,20.910532139303168,22.057798649441985,4005600
2002-11-18,20.369367599487305,21.430048405684992,20.19619638435414,21.202759817840587,3173029
2002-11-25,19.57927131652832,20.49924694655606,19.48186004640207,20.347720492908827,3873009
2002-12-02,19.80655860900879,20.12043500494752,19.287042755379247,19.67668128718001,4091107
2002-12-09,19.9797306060791,20.196195712176785,19.00563762863952,19.784912448345448,2289355
2002-12-16,19.968904495239258,20.14207568174367,19.39527138319047,19.97972796799216,2118323
2002-12-23,20.023025512695312,20.131258083034204,19.265397520323056,19.69832780167863,666194
2002-12-30,20.401840209960938,20.401840209960934,19.492685761132226,19.611741805087014,589079
2003-01-06,19.947261810302734,20.66159803194453,19.698326261357426,20.30442992112363,1633391
2003-01-13,19.63511848449707,20.588387485134792,19.613203847086922,20.193930659266023,2085657
2003-01-20,19.646074295043945,20.336372025444156,19.503631378650777,19.76660257570927,1662549
2003-01-27,19.810434341430664,20.073403355760924,19.02152286676375,19.50363383428826,3895849
2003-02-03,18.40792465209961,20.02957572431454,18.287396359690817,19.974789129656905,4088081
2003-02-10,17.860065460205078,18.65993292974734,17.50395932866945,18.539404666522397,4958395
2003-02-17,18.257261276245117,18.42161770936115,17.77788806934365,17.832673547048994,3489891
2003-02-24,19.68168067932129,19.68168067932129,17.586136755324965,18.2161690983911,5253152
2003-03-03,19.394060134887695,19.681684739013747,19.133829932943474,19.54472159145562,2302033
2003-03-10,19.065349578857422,19.6405988573394,18.91469031973387,19.394062502630824,2863497
2003-03-17,21.54439353942871,21.804625986922062,18.832511385799208,18.887297980580232,6523684
2003-03-24,21.859411239624023,21.859411239624023,20.76370145858618,21.47591170834173,4846386
2003-03-31,22.023765563964844,22.40726282280439,20.996536410963294,21.503302940833244,2725066
2003-04-07,22.366182327270508,22.735983621552805,21.366345012812236,22.256611327204805,3164818
2003-04-14,22.571622848510742,22.599015038037493,21.749839436004137,22.338782590019328,1875149
2003-04-21,21.68135643005371,22.57162251922768,21.65396424092657,22.57162251922768,2303250
2003-04-28,21.859411239624023,22.29769515203916,21.28416415853868,21.640269283416455,1799153
2003-05-05,22.955116271972656,23.270133045833767,21.74983576216553,21.968977673039554,2989327
2003-05-12,22.210697174072266,23.23537959905099,21.97529730888918,23.221532811712922,3512115
2003-05-19,22.847658157348633,23.152294137098817,22.030679949846654,22.29377557608353,3250478
2003-05-26,23.429231643676758,23.540008147334287,22.473783459549065,23.01381919490669,2534106
2003-06-02,22.59840965270996,23.373845201177843,22.224537541705683,23.31845582760719,3116356
2003-06-09,22.4322452545166,22.76457479724857,21.90605625180328,22.57071533726722,3574142
2003-06-16,22.515329360961914,23.387694735632607,22.155306231163443,22.653799450850926,4135025
2003-06-23,21.726037979125977,22.695330448947885,21.462942452566214,22.598402994139033,4960273
2003-06-30,21.269092559814453,22.01683465517485,21.11677567974116,21.8091283931182,4441246
2003-07-07,20.9090633392334,21.421405452711888,20.59058064601348,21.421405452711888,13850352
2003-07-14,20.839832305908203,21.241395742998833,20.604430268723217,21.04753629600759,4094164
2003-07-21,21.33833122253418,21.85067354486817,20.81214211313953,20.978308038303286,3953923
2003-07-28,21.407562255859375,21.53218554968813,20.909066840326958,21.39371547212478,2899750
2003-08-04,22.044530868530273,22.113764797000712,20.964459182214302,21.40756528529596,3455090
2003-08-11,21.60141944885254,22.196844590206783,21.55987909768627,22.0445277290464,1741209
2003-08-18,21.753740310668945,22.07222308270267,21.476797893163173,21.69835093108076,2642602
2003-08-25,21.642961502075195,22.26608019537952,21.504491428080016,21.712195418964118,5060307
2003-09-01,22.36301040649414,22.70918899402924,21.767587447542876,21.87836396829318,3415271
2003-09-08,22.321475982666016,22.598418478241086,21.324487030988536,22.432252532852402,2830113
2003-09-15,22.40454864501953,22.944584358686612,22.155302081855396,22.321465710559096,3602975
2003-09-22,23.401533126831055,23.401533126831055,22.293768324621897,22.418391584843327,4959915
2003-09-29,22.70919418334961,23.401547036195428,22.376864545157442,23.401547036195428,2803033
2003-10-06,22.36301040649414,22.903046225179057,22.23838710067725,22.70918899402924,1946921
2003-10-13,23.041513442993164,23.207677067135396,22.321465097797855,22.432241593965045,2916263
2003-10-20,22.889198303222656,23.20768106458816,22.5984113508323,22.847657950086177,2216148
2003-10-27,22.986133575439453,23.221533447063173,22.515333832192013,22.833816670335292,2588118
2003-11-03,24.689308166503906,25.00779082532459,23.041509992935463,23.09689711261726,4895589
2003-11-10,25.063186645507812,25.243197071089913,24.03850226510418,24.329291439037757,3232306
2003-11-17,24.53699493408203,24.966254135233985,24.121582514874703,24.620077865966916,2650545
2003-11-24,24.550846099853516,25.215505193180675,24.176976199938554,24.592386453104897,5092783
2003-12-01,24.28774642944336,24.80008628114551,24.232357065892977,24.80008628114551,2764273
2003-12-08,23.66462516784668,24.398520150333766,23.42922543993227,24.30159045527195,2939649
2003-12-15,23.92772102355957,24.13542721524953,23.553851222647793,23.8169467775563,3109512
2003-12-22,24.080041885375977,24.12158223072052,23.69232303462527,23.80309952909446,977982
2003-12-29,24.44007682800293,24.495466222305605,23.900040874588168,23.900040874588168,1657659
2004-01-05,23.747722625732422,25.03549852820865,23.623099295829437,24.384688303208172,6744615
2004-01-12,24.320566177368164,24.390531863927936,23.536934640631102,24.1106645898981,4039945
2004-01-19,24.67040252685547,24.726375078655707,24.1106656893757,24.390532976167847,3091064
2004-01-26,24.488487243652344,24.810336208688767,24.152645140644182,24.670402565075904,2229870
2004-02-02,26.587491989135742,26.643466786045604,24.516465253575817,24.516465253575817,5729354
2004-02-09,26.85338020324707,27.11925438058681,25.705917865501473,26.405588421371327,3811461
2004-02-16,27.3431453704834,27.65100118763246,26.517534409474294,26.74142913760172,3910589
2004-02-23,27.637008666992188,27.762949171388033,26.79740228582593,27.343145980804906,3222366
2004-03-01,27.511079788208008,28.294711749777232,27.189232927758745,27.651015764982105,3851171
2004-03-08,27.091266632080078,28.042818174221406,26.75542451181333,27.51106758449182,3019707
2004-03-15,26.923343658447266,27.832915758112332,26.685455779817527,26.95132993501652,4135277
2004-03-22,27.245176315307617,27.427091531861596,26.46154519336569,26.69943292953986,2686738
2004-03-29,28.714506149291992,28.79846725625235,26.783414272579083,27.301171790956094,4598204
2004-04-05,28.798463821411133,29.106319667616702,28.518594252889077,28.630541627518774,2016631
2004-04-12,29.246259689331055,29.91794408339212,28.462627896259807,28.79847009329034,2011439
2004-04-19,29.358192443847656,29.722020743171377,28.91040307117385,29.358192443847656,2863457
2004-04-26,29.470144271850586,30.253775793284596,28.910407470826293,29.30222209959563,4288029
2004-05-03,29.274246215820312,30.33774764718248,28.854442900077558,29.21827364779922,4409235
2004-05-10,29.77800178527832,30.05786906988494,28.63053957948389,29.02235649460771,3691399
2004-05-17,29.470144271850586,29.638064180210208,28.63053793836648,29.470144271850586,3832261
2004-05-24,29.213642120361328,30.15417825902247,29.0141337559497,30.011673272512265,4916302
2004-05-31,29.555648803710938,29.98316597229188,28.729117301817485,29.09963110535661,2365357
2004-06-07,29.071128845214844,29.698151990382915,29.04262601164295,29.44164262670029,1960595
2004-06-14,30.296680450439453,30.553192169087396,28.871626105818102,29.185138891613125,2676467
2004-06-21,30.12567710876465,30.610195436320694,29.840664836058107,30.467690452715182,2084959
2004-06-28,30.068666458129883,30.52468413974893,29.86916045154277,29.983164871947533,2552402
2004-07-05,29.384632110595703,30.610179879958185,29.09962228822918,30.068658450868572,3321349
2004-07-12,29.5297794342041,30.13067548297782,29.30086643327723,29.35809352619029,2543283
2004-07-19,29.501163482666016,29.81591943663482,29.30086634344705,29.472549936297206,1977865
2004-07-26,28.471057891845703,30.01622195862383,27.584021661282375,29.529782362083047,4576512
2004-08-02,28.871665954589844,29.415335135978463,28.31368999403814,28.31368999403814,2591497
2004-08-09,28.9002742767334,29.18641675206633,28.35660750848518,28.843047170449523,2689953
2004-08-16,28.7572078704834,28.98612095414115,28.47106535859214,28.843050855514594,2159671
2004-08-23,29.243642807006836,29.3008722258711,28.57121044451893,28.81443026675706,2463614
2004-08-30,28.614137649536133,29.300876897573684,28.5282946648719,29.300876897573684,2697534
2004-09-06,28.642749786376953,29.443945536038445,28.485372917825558,28.64274978637695,2668083
2004-09-13,28.986116409301758,29.70146910490992,28.64274683765331,28.785816913847384,2664257
2004-09-20,29.58701515197754,29.701471685806002,28.156309636440703,28.843048839411498,4599499
2004-09-27,31.046337127685547,31.50416327171072,29.100576015578564,29.701472250952097,5906562
2004-10-04,30.960487365722656,31.332470447607868,30.61711783291226,31.160786838521435,2990772
2004-10-11,30.531278610229492,31.07494768242206,30.27375200774168,30.931877604888587,3169145
2004-10-18,30.674352645874023,30.760193308210603,30.073454121690393,30.73157975409841,2134371
2004-10-25,31.046337127685547,31.218020774375972,30.21652782029943,30.388211466989855,2177727
2004-11-01,32.33397674560547,32.64873283884129,30.5599013662222,31.046341128271347,3400550
2004-11-08,32.190895080566406,32.477037512059276,31.733069041887816,32.190895080566406,1970087
2004-11-15,32.13367462158203,32.849027376143475,31.990602218959356,32.019218088266676,1948927
2004-11-22,32.534271240234375,32.705957197048114,31.876145596844996,31.9906021298415,1643306
2004-11-29,32.36258316040039,32.99209284824184,31.990597743191074,32.53426677903436,1971314
2004-12-06,32.41980743408203,32.47703684506025,31.84752489748708,32.10505146029544,1873073
2004-12-13,32.44842529296875,32.934867249675506,32.0192150694808,32.59149768210249,2178424
2004-12-20,32.04782485961914,32.56287799320189,31.961981899142856,32.33396497502345,3115761
2004-12-27,32.248130798339844,32.591500394489366,31.904761202190326,31.933374756543298,869258
2005-01-03,32.677337646484375,32.849023583956466,32.19089801470964,32.19089801470964,4032101
2005-01-10,31.606828689575195,32.93460528430552,31.231588391679573,32.93460528430552,3549315
2005-01-17,31.116132736206055,31.98207448534955,31.0295380943106,31.722290559663175,2044910
2005-01-24,30.942949295043945,31.924347564759604,30.65430123430617,31.029541611850053,3233769
2005-01-31,30.942949295043945,31.549107187215725,30.01927923653236,31.000677506248017,4443148
2005-02-07,31.02952766418457,31.318175595176097,30.336775431690615,31.08725818434478,3462934
2005-02-14,31.664562225341797,31.86661561063531,30.509974787815356,30.885215121285068,3400162
2005-02-21,31.635704040527344,32.21299786727226,31.52024527517836,31.6645681481381,3716546
2005-02-28,32.039794921875,32.18412006834392,31.058397001354187,31.577960056946388,3270348
2005-03-07,32.097530364990234,32.32844783283257,31.28931922754205,31.924341096655812,2453609
2005-03-14,31.69342613220215,32.58823197449613,31.26045526207209,32.155261104366076,3699411
2005-03-21,31.895465850830078,31.98206045473626,31.3470364726303,31.60681794944432,2236162
2005-03-28,31.231578826904297,31.895466920951513,31.087256038821515,31.895466920951513,2648911
2005-04-04,33.309844970703125,33.88713862413901,29.8749471490333,31.058400889755816,10993073
2005-04-11,34.262386322021484,34.57989848377762,33.107801100455646,33.136665205640995,4350471
2005-04-18,35.73447799682617,36.34063807871339,33.19438594433436,33.8582742235983,12958423
2005-04-25,33.91599655151367,35.7633382412597,33.598486851078974,35.47469029961335,7645032
2005-05-02,34.37784194946289,35.12832496033225,33.82941466122225,34.06033215150428,2628980
2005-05-09,34.46442413330078,34.810800243510315,33.80053600500633,34.3489654298976,3270588
2005-05-16,35.619022369384766,36.023129125838345,34.40670676983495,34.493299073441754,3680276
2005-05-23,35.763343811035156,35.93653073507119,35.1860501727397,35.50355992262329,1739587
2005-05-30,36.196319580078125,36.83134387757703,35.70562047240532,35.73448457640827,2733492
2005-06-06,39.01390075683594,39.36353987089757,36.39160622292347,36.6829733297584,5728810
2005-06-13,39.6549072265625,40.79123022981728,37.906709288384135,39.217855385117424,6454141
2005-06-20,39.159576416015625,39.887992879730774,38.751663007783144,39.62576417838135,4842614
2005-06-27,38.693397521972656,39.62577084670618,37.935844932158055,39.334401383907654,6169310
2005-07-04,38.605987548828125,39.27612977802798,38.08153005251554,38.98476266915394,5432257
2005-07-11,38.460304260253906,39.0139001041485,37.527933305021094,39.0139001041485,5617109
2005-07-18,40.25618362426758,40.431338600500304,37.59968380171987,38.592220795683204,10026642
2005-07-25,40.314571380615234,40.78164821895916,38.65061073436673,40.60649322387674,11695611
2005-08-01,40.869224548339844,41.07357126143328,39.87668741858364,40.43134413206982,5439477
2005-08-08,41.774192810058594,42.00773127110517,40.869230683151265,40.8984271232449,3932854
2005-08-15,40.518917083740234,42.18287768875812,40.31457038167647,41.80337599595203,4134038
2005-08-22,40.197811126708984,40.81084662584252,39.497193392852964,40.66488804167481,4033076
2005-08-29,41.89095687866211,41.89095687866211,39.75991939468355,40.08103294989733,3651938
2005-09-05,42.795921325683594,43.20461476352901,41.686612589880646,42.09530602772605,4487056
2005-09-12,43.408958435058594,43.408958435058594,41.74499762853863,42.97107798939692,3526523
2005-09-19,43.496543884277344,43.700890637310515,41.19035088652204,43.37977228705202,7856698
2005-09-26,42.88349533081055,44.05118746313881,42.38722676492278,43.64249403612043,3776069
2005-10-03,42.06611633300781,43.11703696897723,41.83257788914635,42.91269024024667,3774317
2005-10-10,41.45309066772461,42.59159157071488,41.36551549165457,42.32886131968881,2764071
2005-10-17,41.39469528198242,41.86177219865234,40.95681008225255,41.42388699892247,3243857
2005-10-24,41.599037170410156,42.50399445842253,41.277918875902316,41.30711058943684,2376568
2005-10-31,41.45309066772461,42.79593837102759,41.015205341742515,41.65743746803732,3888416
2005-11-07,41.248722076416016,42.59156907031584,40.13941348481122,41.65741546113569,5601610
2005-11-14,40.7780647277832,41.748970350843095,40.042530309097764,41.337069553218306,6005429
2005-11-21,40.954586029052734,41.10169480405369,40.277898039729905,40.45442285787802,2740346
2005-11-28,40.9251708984375,41.48418051302033,40.160215634136904,41.18996292223855,4420077
2005-12-05,42.513916015625,43.10234627418864,41.425322655214536,41.484169012984715,4371771
2005-12-12,42.602176666259766,43.16118610296372,42.16085994027209,42.690443819358634,3253556
2005-12-19,43.01408767700195,43.072929286604364,41.95491966464731,42.572766085228245,3060035
2005-12-26,43.367130279541016,43.69076376854,42.925808856439474,43.014071237109384,1403675
2006-01-02,43.60251235961914,44.77936819739813,43.1906116264272,43.425982793982996,3193201
2006-01-09,43.984989166259766,44.13209793640199,43.19061323119744,43.54367237558783,3032930
2006-01-16,44.86764144897461,45.514913506228424,43.72020613471323,43.89673574303306,5007054
2006-01-23,45.5149040222168,46.0444879769477,43.83788499231735,44.4263105509345,3092388
2006-01-30,45.25010681152344,46.426962552527755,44.74994371658121,45.54431955680531,3996059
2006-02-06,41.54301071166992,45.30894914400819,41.45474831461583,45.16184038904114,9293915
2006-02-13,43.10234832763672,43.1906107286816,41.2782206270257,41.7783837527009,5629083
2006-02-20,42.77870559692383,43.367135822900025,42.2785425227762,43.13176468448487,3159469
2006-02-27,42.95524597167969,43.69078036970422,42.2491323783908,42.778716383388016,4343738
2006-03-06,43.42599105834961,43.42599105834961,41.86665499158247,43.24946145911825,4116951
2006-03-13,44.74994659423828,45.01473855800717,43.10234845088301,43.60251157798836,5174558
2006-03-20,46.72118377685547,47.015396575531625,43.60251668718184,44.98532302880073,6008709
2006-03-27,46.51523208618164,47.33903361124019,46.456390480071036,46.78002407355687,3971995
2006-04-03,46.69175338745117,46.86828293436752,45.60316006798982,46.5740654362147,3512818
2006-04-10,45.27953338623047,46.89771083152177,44.74994942519039,46.69176045558898,2232106
2006-04-17,46.30927658081055,46.48580613948694,44.42630731460099,45.27952954830607,2450293
2006-04-24,45.22068786621094,46.30927649632931,44.66167839140164,46.25043489683686,2867829
2006-05-01,44.66167449951172,45.77968859182778,44.16151142765688,45.22068392560804,2032911
2006-05-08,45.014732360839844,45.86794973554911,43.30829285154485,44.69109408088421,4750938
2006-05-15,44.13209915161133,45.3089550655226,43.63193598318373,44.985321474151064,4876106
2006-05-22,45.720863342285156,45.77970495768543,43.39657193519114,44.27921520570852,4193649
2006-05-29,45.073577880859375,45.867953732018385,44.161514074041506,45.7502705362364,2491333
2006-06-05,44.01441192626953,45.51490129471537,43.57309040381438,45.2501093332177,3383237
2006-06-12,43.7496223449707,44.514582314004606,42.63161271615719,43.98499354470163,5725864
2006-06-19,44.16151809692383,44.27920606330344,43.19061260377058,44.04383489042152,2593705
2006-06-26,45.603153228759766,46.22100417036784,44.073243411267356,44.19092658497785,4656269
2006-07-03,45.11155700683594,46.208221208389325,44.48912247433089,45.79326964857358,3862082
2006-07-10,44.2816276550293,45.85253052563384,44.192710524597004,45.14117909661805,4702723
2006-07-17,43.27262496948242,44.46061730346123,42.916224866829005,44.401214083072624,5222818
2006-07-24,48.64828109741211,48.64828109741211,43.213216259311665,43.45081469592306,6938489
2006-07-31,48.97500228881836,49.47989857567244,47.6979071586148,48.55920365084879,3713951
2006-08-07,48.767086029052734,49.1234813057066,47.846391424061295,48.559186782288286,2893809
2006-08-14,49.27198791503906,50.04418177572054,48.82649016332133,48.856189372779866,2228578
2006-08-21,48.588905334472656,49.687800417787805,48.52950689886675,49.331400194310014,2199238
2006-08-28,50.69757080078125,51.52916294919212,48.52948560805542,48.6482824271488,3935834
2006-09-04,49.59868240356445,51.11337567090216,49.42048715263504,50.90547640656484,3522894
2006-09-11,50.66788864135742,50.78668550041564,49.034398194862106,49.4798960261718,3982926
2006-09-18,48.20277786254883,50.87576356948719,47.04448982211093,50.75696196243913,7456933
2006-09-25,48.73739242553711,49.21258938564662,47.341500754600425,48.41069151238693,5878755
2006-10-02,48.677982330322266,49.09378081295285,47.90578858037915,49.09378081295285,3907869
2006-10-09,48.79679489135742,48.97499496740774,47.96519773973608,48.648294027162116,2164024
2006-10-16,47.93551254272461,49.00470850670574,47.84641488111019,48.88590681963156,3426092
2006-10-23,46.391109466552734,49.153188950831215,46.39110946655273,47.93549727207531,6699429
2006-10-30,47.371192932128906,47.697888991863934,46.45049835797127,46.45049835797127,3964875
2006-11-06,47.549400329589844,48.47009504630965,47.10390257602091,47.69789637749959,4556362
2006-11-13,49.647544860839844,50.42656359836167,48.02957913876596,48.11946423823063,4272088
2006-11-20,49.52769088745117,50.57637456887611,48.83855728176818,49.73742762373616,3162685
2006-11-27,48.83856201171875,50.63630286976355,48.5689018524895,49.61758563547809,4563082
2006-12-04,48.9284553527832,49.64755077634208,48.38913014957326,49.108225573132145,3542786
2006-12-11,50.93592834472656,51.145665116207226,48.98837884190466,48.98837884190466,6003661
2006-12-18,51.1157112121582,51.86476845466103,50.666275897178814,50.96589782470225,3858811
2006-12-25,52.13441848754883,52.25427014357328,51.11570122458475,51.11570122458475,1095904
2007-01-01,50.426570892333984,52.37412044153622,50.33668577986784,52.134421960905364,3202795
2007-01-08,51.774871826171875,51.774871826171875,49.67750910476779,50.516451284897,4497639
2007-01-15,43.954715728759766,52.19434989753593,42.9060317553998,52.19434989753593,5750029
2007-01-22,47.34043884277344,48.68874422944121,43.29552753015657,44.01462276690209,13365943
2007-01-29,46.50151443481445,48.62883440772295,46.08204084266844,47.640078688656104,6399533
2007-02-05,46.50151443481445,46.80113635175235,45.99215087441527,46.71124638349919,3165466
2007-02-12,47.5501823425293,48.538937828178746,46.11199166387788,46.47153690984717,3800696
2007-02-19,47.29849624633789,48.206358534299504,46.648316210754956,47.729957327283245,3201259
2007-02-26,46.25283432006836,47.939716121936954,45.27306544082455,47.44234004206198,6123946
2007-03-05,45.11425018310547,47.100753317685786,44.16744386173226,45.78241411330356,9104663
2007-03-12,44.36818313598633,45.446828573891764,43.71500741114741,45.446828573891764,7866618
2007-03-19,45.30601501464844,45.44084511192917,44.52699128881752,44.52699128881752,4908823
2007-03-26,45.488773345947266,46.141949005934755,44.26631089980895,45.35693897048581,4767851
2007-04-02,45.56966781616211,45.96217037947806,44.26930312049323,45.84232360064805,3352375
2007-04-09,45.545711517333984,45.84233771841322,44.95245426778772,45.56968184995923,2488973
2007-04-16,46.39964294433594,46.591400782329224,45.332984820148106,45.79739856125942,5074292
2007-04-23,46.97490692138672,47.13071164793339,45.58765250437828,46.36967182253898,4739144
2007-04-30,47.900753021240234,48.35617970347813,46.831099212817854,46.84008627090933,4045586
2007-05-07,47.2685432434082,47.948689951361054,46.8340912446698,47.93670236078599,3758702
2007-05-14,47.568172454833984,47.858807313437,46.621361188063204,47.34045669599692,4068069
2007-05-21,48.66777420043945,49.11421368681468,46.92096985609068,47.55617143585387,4978014
2007-05-28,49.1381950378418,49.4378169369122,48.008613061842745,48.8265855482713,3684736
2007-06-04,47.067787170410156,49.287992151041166,46.83108442226282,49.213085481771216,3842695
2007-06-11,48.41010284423828,48.53894155679823,46.888018319518196,47.36741524922787,4193087
2007-06-18,47.61610794067383,48.76666462314074,47.478282150920954,48.556927828886636,3658067
2007-06-25,49.12320327758789,49.138186551278274,47.17864968416649,47.49325480518015,3793135
2007-07-02,48.708473205566406,49.49662951460149,48.57560422351229,49.179555474329526,3532828
2007-07-09,49.31846237182617,49.82577985430589,48.22833289056078,48.70847273800458,3087362
2007-07-16,49.101043701171875,50.32705653235559,49.070846870253156,49.50870824671676,3364962
2007-07-23,46.289669036865234,49.82881056946536,45.21765935957716,48.85947306725766,7104046
2007-07-30,46.564453125,47.005338552663886,45.845757848102295,46.41044978590921,4395776
2007-08-06,46.84226608276367,48.22832525000961,45.80951122958474,46.35306384419099,7610530
2007-08-13,45.776302337646484,46.972118275949626,45.13611587614254,46.80603327178839,4957192
2007-08-20,45.98466110229492,46.63994346833281,45.296157830500995,45.84877294147077,3321047
2007-08-27,46.66410827636719,46.806034844729126,45.326360844088114,46.35307261834057,2730150
2007-09-03,45.33845520019531,47.28920714031109,45.32939272874799,46.87852329272293,3996519
2007-09-10,46.066200256347656,46.61579136246373,45.14517494628744,45.43205216274173,3608877
2007-09-17,44.61973571777344,47.708933052942555,44.10939910055503,46.09035191761552,7606136
2007-09-24,46.21113967895508,46.624847434455596,44.57443847770195,44.60463530390763,5870937
2007-10-01,46.95400619506836,47.47038129326802,45.90313594569474,46.244363559618066,5440767
2007-10-08,46.35307693481445,47.62741163052988,45.800466582377155,46.90569217268019,3523714
2007-10-15,45.76724624633789,46.751679525824244,45.49244580794546,46.41045192320095,4133415
2007-10-22,46.21113967895508,46.49499766197209,45.151212025969485,45.29615776884217,3866108
2007-10-29,46.77583312988281,49.07084085254259,46.35306777800957,46.49198002279976,5904215
2007-11-05,45.637386322021484,47.20161207585718,45.29615390974296,46.50405128219708,4370933
2007-11-12,46.15214157104492,46.5297391368788,45.7075483459754,45.73190995601439,3924577
2007-11-19,45.46394729614258,46.237415039206034,44.94627405219276,45.95725892462848,4243797
2007-11-26,46.088191986083984,46.34094185096073,45.00716705917953,45.90548236814612,4427684
2007-12-03,46.27090835571289,46.56324280176714,45.69233356208547,45.95725688126118,3582661
2007-12-10,45.77759552001953,46.6210985366889,45.604019638031694,46.06992995822452,3532792
2007-12-17,48.737464904785156,48.8958129141759,45.524840859741644,45.57051949651194,8868029
2007-12-24,48.23502731323242,48.9810839161049,47.753894037020316,48.7222497615831,1028955
2007-12-31,47.50724411010742,48.70093876374315,47.2179542060375,47.87570311481262,1915215
2008-01-07,44.35853958129883,48.46947772861972,44.16365167621877,47.16920359784289,6349085
2008-01-14,40.45164489746094,45.15029823165778,39.73908123255341,44.358558089252476,7796730
2008-01-21,43.06437683105469,45.00717756755301,37.54658400048413,39.8426207866626,10181002
2008-01-28,43.31407928466797,44.385965707337405,42.18737553360583,42.77204443798162,5675544
2008-02-04,40.944950103759766,43.84392261233671,40.80487453936972,43.52113743388789,4986711
2008-02-11,42.144744873046875,44.05100567476176,40.78052388822478,40.80488550508036,4449263
2008-02-18,42.3578987121582,43.76475353844909,41.78541312172394,42.72940715305703,3419992
2008-02-25,42.875579833984375,45.28124153423397,41.77933167648668,42.66242430176052,5177763
2008-03-03,42.187381744384766,43.44807209969234,41.694070054857384,42.53452864955731,4112244
2008-03-10,41.803680419921875,42.57714799124405,41.23119243666522,42.144733107659476,4517588
2008-03-17,40.87187957763672,41.998580979908304,40.4699202808558,40.951053602450315,5090869
2008-03-24,41.46871566772461,42.31526814456311,40.76224615605443,40.87187094780128,3026420
2008-03-31,45.03763198852539,45.09244439847331,38.983892959487186,40.50646455530504,13420988
2008-04-07,44.800106048583984,45.32386842692303,44.18498638722824,45.287328469624995,5533721
2008-04-14,45.84764099121094,47.138782171776164,43.971835731410586,44.5443214643455,6685857
2008-04-21,44.45296859741211,46.060800955725206,44.16063409776007,45.981626926100375,4226736
2008-04-28,44.80619812011719,45.66492904756817,43.14964276667285,44.46514043271039,4487679
2008-05-05,43.99010467529297,44.98891127346719,43.19836443334596,44.75747837354842,3390873
2008-05-12,44.83665084838867,45.3604132832958,43.85002262963859,44.221531120597966,3154568
2008-05-19,43.52116394042969,45.66494754116043,43.27146344082716,44.97674271544325,4148984
2008-05-26,44.45904541015625,44.82446466475766,42.64414225947155,43.3749758421603,4983738
2008-06-02,43.277530670166016,44.6661179667855,42.6989559142507,44.46513589287331,4898308
2008-06-09,42.81467056274414,43.77693704060249,42.2056450127564,43.32016541485454,4291103
2008-06-16,40.2811164855957,42.97910985376453,39.970512060523696,42.83294509406015,5476341
2008-06-23,39.13004684448242,41.06066626912217,38.8438040832533,40.40291511110655,4895831
2008-06-30,35.87639236450195,40.17565317066276,35.87639236450195,39.09314988752204,9798348
2008-07-07,32.32135009765625,36.159318639499084,32.161436503831425,36.04245880122902,8004817
2008-07-14,34.18498229980469,35.59961679077847,32.339805254415,32.499718856993795,7876300
2008-07-21,36.50989532470703,37.493989484668965,33.68677408387406,34.43099666055239,8310654
2008-07-28,34.086570739746094,37.04500325610347,33.772890541713316,36.602161794245326,6690238
2008-08-04,37.94298553466797,37.94298553466797,34.15422324510384,34.283384493403425,6413386
2008-08-11,38.88404083251953,39.14851538704474,37.40174696491903,38.07216129046934,5158063
2008-08-18,37.97989273071289,39.000888831805256,37.14341058051599,38.68720864739384,3694482
2008-08-25,39.36376953125,39.94807607021578,36.95273730723986,37.955284866103625,3480685
2008-09-01,39.87735366821289,40.833767984356,38.800999800124806,39.13620564791759,3848157
2008-09-08,41.759429931640625,41.759429931640625,40.01881871181652,40.8337703768894,5318431
2008-09-15,36.1746940612793,41.69484861764602,33.705233980518315,40.88912124407269,11150363
2008-09-22,36.848182678222656,37.03885106867956,34.72622752875391,36.17469135418799,5149924
2008-09-29,34.82463836669922,38.594949873962605,34.206504719277376,36.84203010737219,7981326
2008-10-06,25.73406219482422,33.8159370409217,25.46343829711355,33.37001845196963,12839052
2008-10-13,28.784759521484375,31.847752649396714,26.865774226638994,27.677650994071954,12259015
2008-10-20,24.802257537841797,30.445424726680947,23.827389735816446,29.375222708124085,13035165
2008-10-27,31.232688903808594,33.77288218609613,23.741270288816068,24.171812703681354,11766602
2008-11-03,31.61403465270996,33.95125882055487,30.125591644422688,31.709368858589617,6263530
2008-11-10,28.923240661621094,32.98510816630194,28.099001761310483,32.78216998428904,6731321
2008-11-17,24.976892471313477,29.435266568981504,24.864494193589202,28.879530893963615,6886033
2008-11-24,28.854549407958984,28.854549407958984,25.320319224051033,25.69497252012015,6386759
2008-12-01,26.943819046020508,29.347846453401953,26.38808340430045,28.367502697836425,5237250
2008-12-08,30.446826934814453,30.971342061085267,27.09367900842309,28.0989975625089,6001600
2008-12-15,32.27013397216797,32.8883129653147,29.859863995604094,30.5966843199477,5847543
2008-12-22,33.67509078979492,33.824950091324226,31.948562024376738,32.07344645933111,2925014
2008-12-29,34.81154251098633,34.81154251098633,32.54488817244159,33.843687422228115,1841511
2009-01-05,33.5970344543457,34.777192146478015,31.995390248617745,33.28170058612609,5697890
2009-01-12,30.818355560302734,34.311995278161355,29.597610282706913,33.309798368549146,6212956
2009-01-19,29.166757583618164,31.564539048606374,28.42057510155697,31.3272588936698,5414370
2009-01-26,30.746545791625977,31.527075338246522,28.87952503592785,28.923234205638813,5119854
2009-02-02,29.02940559387207,30.765299961261054,28.473669672756916,30.6154380501187,5560643
2009-02-09,30.49991226196289,31.502109569211097,28.5610801634587,28.710942033122137,9088561
2009-02-16,29.166757583618164,31.124323281504424,28.982553751269982,30.346917799054943,5918846
2009-02-23,27.17485809326172,29.528930882039166,26.55043583733457,29.528930882039166,7328316
2009-03-02,26.53794288635254,27.55575011645485,25.794879384408013,26.722141676770402,7264783
2009-03-09,27.246654510498047,28.09899465953057,25.95098464375106,26.75336748877248,7321367
2009-03-16,25.317190170288086,27.93040367288172,24.42115087142336,27.793030544749765,8984545
2009-03-23,24.905073165893555,26.55667476191333,24.692767864282906,25.901032127310707,6549521
2009-03-30,27.818008422851562,28.130220771935555,24.236947452128867,24.658433997116262,7085335
2009-04-06,25.482666015625,28.270710742106374,25.104891232259767,28.06777262268563,10500531
2009-04-13,27.144054412841797,28.348985406687262,25.289107417669673,25.482678479946248,13673460
2009-04-20,28.00470733642578,28.95143879646706,26.68060767488773,26.776605203411602,14737569
2009-04-27,29.782323837280273,30.32189375388044,27.276464336330434,27.302946946175034,9102681
2009-05-04,30.983930587768555,31.533433142049677,29.44135584449189,29.792241435454304,5290892
2009-05-11,29.65984535217285,31.212353716931357,29.5936413493069,31.212353716931357,7001860
2009-05-18,29.75914192199707,31.228890904209845,29.46121897779184,29.514184179214908,5585083
2009-05-25,29.13020133972168,30.116656996318522,28.501253305691783,29.686323466319003,5285953
2009-06-01,29.570465087890625,29.891559755349164,28.7991761996375,29.788940283720702,4855394
2009-06-08,29.13020133972168,29.845216584855567,29.004412743123876,29.7922513701699,3187952
2009-06-15,28.799179077148438,29.150064818657423,28.262917592041678,29.130204124012213,5779952
2009-06-22,29.285783767700195,30.116657270626174,28.52442521554198,28.81903727973318,4162254
2009-06-29,30.0456485748291,31.444521619155218,29.493461376471494,29.493461376471494,3591767
2009-07-06,29.550363540649414,30.49744569904944,28.988136835659986,30.102543233662814,3749744
2009-07-13,32.16403579711914,32.16403579711914,29.275933218561057,29.526927149417833,4684450
2009-07-20,35.032066345214844,35.273020973212304,32.133921313151646,32.46857995131639,5834565
2009-07-27,36.49116516113281,37.80972054097001,33.33533522976401,35.139144440096274,7626683
2009-08-03,35.34663391113281,36.55140407621892,35.07890607300617,36.477778793072005,4278995
2009-08-10,34.5501708984375,35.70139789089115,34.26236415032409,35.21279639027261,3658328
2009-08-17,35.38010787963867,35.55412922958486,34.29581472199239,34.52338267391742,2767614
2009-08-24,35.9691047668457,37.13371517810834,35.259627668630756,35.440343605531986,3346998
2009-08-31,34.13517761230469,36.81244644464231,33.46586040422028,35.5942893301881,6554087
2009-09-07,34.335975646972656,35.339951558014214,34.1351809754129,34.456452960557066,5140141
2009-09-14,36.83922576904297,36.83922576904297,34.13518319348651,34.161956498965594,6532450
2009-09-21,36.02934646606445,36.946310324433455,35.9624132134418,36.792367673265126,3433122
2009-09-28,35.795082092285156,36.71204590404489,35.17261691736819,35.78169544244106,3470129
2009-10-05,37.81642532348633,38.07076659809208,35.5139748601264,35.795086884762185,3074062
2009-10-12,36.183284759521484,38.090837547788226,35.600977021425564,37.93020031408261,5860670
2009-10-19,37.29434585571289,38.8873185542066,36.3573009892233,36.47777825929315,5512863
2009-10-26,38.01052474975586,38.82039795641317,37.16049159156253,37.649092845659325,4482293
2009-11-02,38.017215728759766,38.81370481573803,37.34120649299978,37.97705833159612,3543768
2009-11-09,38.131004333496094,38.566059011585565,37.729412453825816,38.37195895064973,3445384
2009-11-16,37.649085998535156,39.871218514544886,37.03331550642641,38.579436337358004,3842861
2009-11-23,38.37195587158203,38.82039716500066,37.74279607655684,38.61290791615836,2842210
2009-11-30,40.01177215576172,40.10547613359617,37.99712897259523,38.35186618960906,4994696
2009-12-07,40.11219024658203,40.754734309936325,39.422794171519186,39.824383572804834,4432206
2009-12-14,39.295616149902344,40.70118394316002,39.295616149902344,40.41337731396528,4676924
2009-12-21,40.13896179199219,40.13896179199219,39.3893245310801,39.3893245310801,1357617
2009-12-28,40.09879684448242,40.69448879587821,39.86453682536365,40.19919545452916,1455471
2010-01-04,39.42948532104492,40.72796007189878,39.101518693334214,40.09211062659619,4442783
2010-01-11,39.97831344604492,40.33305072190525,39.10150705197917,39.57002957211539,4069896
2010-01-18,39.355857849121094,40.37991508346316,39.21530182490022,40.152347092858584,2400339
2010-01-25,39.02790069580078,39.469650102375866,37.82312726582929,39.088139367299355,3244969
2010-02-01,37.12033462524414,39.82437696830747,37.12033462524414,38.80701442676158,4432152
2010-02-08,37.40144348144531,37.81641940424779,36.738818371997354,37.18726219527356,4297042
2010-02-15,38.653079986572266,39.08813731940675,36.919547812317475,37.528626546339794,3990463
2010-02-22,37.0333251953125,38.519207775262494,36.73882396704427,38.358573062791386,4043969
2010-03-01,39.201908111572266,39.29561211084272,37.080173817900615,37.24080851572354,3820610
2010-03-08,40.092105865478516,40.49369520989941,38.89402732830818,39.20191266258038,3275833
2010-03-15,40.259429931640625,40.47361122781864,40.00508868496332,40.373212628191624,3060572
2010-03-22,41.48427963256836,41.48427963256836,39.844451986546424,39.9180772868575,2965075
2010-03-29,42.8363037109375,42.8363037109375,41.37049986249622,41.403965214121854,2846365
2010-04-05,43.35836410522461,43.50561469507625,42.10674175121256,42.83629754592123,2601611
2010-04-12,43.92729187011719,45.13206503377216,43.20443307840988,43.505623816080785,4531189
2010-04-19,44.10131072998047,45.185606452734106,43.45207221671665,43.84697202752545,3726683
2010-04-26,42.802833557128906,44.8375558146522,41.99965244201169,44.19501194385537,6509723
2010-05-03,41.35710906982422,43.385139303520575,39.48971352914252,42.58865278032039,5607972
2010-05-10,41.55790710449219,43.43199484648684,40.25943259147104,40.82835121829782,4750522
2010-05-17,40.21927261352539,42.50164427481488,39.22198881341401,41.0425325033256,6185680
2010-05-24,41.02915573120117,41.236645042456395,39.17514624389968,40.286213015529675,4593885
2010-05-31,41.075992584228516,42.41462687782918,40.56731267608687,41.25001647221229,3433247
2010-06-07,42.98354721069336,43.311511176905285,40.12556273892107,40.31966532077676,4559369
2010-06-14,44.39581298828125,44.74385570021891,43.04378932719161,43.104030533123925,4030163
2010-06-21,43.24459457397461,45.94194268878618,43.21782126708363,44.84426263868648,3905916
2010-06-28,41.95852279663086,44.533617266705356,41.29615984592451,43.73608072926309,3815717
2010-07-05,43.81718063354492,44.18215544442958,41.67464560959206,41.94499789430747,2145184
2010-07-12,43.08047103881836,45.054036422832205,42.78308302603431,43.93883653143267,3011024
2010-07-19,42.31673049926758,43.492757011847786,41.70168149875781,42.573564912813445,4631322
2010-07-26,40.593238830566406,42.74928899976874,40.593238830566406,42.539765864636045,4238120
2010-08-02,40.43778991699219,41.85713296435335,40.40399394774083,40.809522374322924,4198018
2010-08-09,41.41780471801758,41.73546821612601,40.5661995374391,41.012278932650695,3491103
2010-08-16,40.992000579833984,42.526241327859275,40.85006424433584,41.55973818701692,2324123
2010-08-23,40.75545120239258,41.22180876766732,40.07957306444819,41.17449492600237,2955847
2010-08-30,40.72840881347656,42.499211102349065,40.30260751239346,40.768962423314505,4836951
2010-09-06,40.60676574707031,40.99201613618839,39.41721860522397,40.96498038790305,4509072
2010-09-13,39.86329650878906,40.91766744436503,39.674051435071874,40.883874049525645,4912425
2010-09-20,40.11336898803711,40.45806830398099,39.52535569282011,39.87681265613103,4890438
2010-09-27,41.12718200683594,41.80306011756961,40.12012506567417,40.153918455556784,5000339
2010-10-04,42.478939056396484,42.69521984978585,40.620274215645686,41.09338941803634,3912796
2010-10-11,41.978782653808594,43.621166386818274,41.674637040608665,42.445137541868526,4552181
2010-10-18,44.499813079833984,44.90534407828938,41.5191932430482,41.70843829217227,6487467
2010-10-25,43.06019973754883,44.77693099367626,42.93178380702745,44.66203293662093,2846555
2010-11-01,42.61412048339844,44.236226635051786,42.485704552102156,43.14806488631112,3001660
2010-11-08,42.872684478759766,43.66586321637319,42.06582993086407,43.488080291097674,3525066
2010-11-15,43.802616119384766,43.89834418300371,42.53763366431592,42.66071334851003,2347020
2010-11-22,43.761592864990234,44.219720788266386,42.76328215377225,43.94620978950252,2873903
2010-11-29,44.342803955078125,45.45736044952767,42.6333665997028,43.75475969588032,4174836
2010-12-06,46.31208038330078,46.81123318320677,44.1992130420211,44.34964436806036,3390562
2010-12-13,47.672794342041016,47.72749759465261,45.47103798392268,45.51206281498673,3346082
2010-12-20,49.14289855957031,49.5736748213536,47.71380646233537,47.80270052834551,2221396
2010-12-27,48.11040496826172,49.57368291559977,48.11040496826172,48.944611225803534,1438983
2011-01-03,47.775352478027344,48.97879250404898,46.585580437354515,48.151425529863495,3384692
2011-01-10,48.04202651977539,48.814690288141335,47.105253017323136,47.7206514781754,3426830
2011-01-17,47.78219223022461,49.765140653576374,47.611248490569956,48.11724571603576,3368580
2011-01-24,47.86423110961914,49.539477111740936,47.86423110961914,48.54116663175477,2948751
2011-01-31,48.07622146606445,49.19077812170299,47.05739811561774,47.864252872715085,3990291
2011-02-07,48.3565559387207,48.50014802441215,46.29155306802391,48.137748205745005,4701075
2011-02-14,45.81975555419922,48.5411766186525,45.81975555419922,48.5411766186525,6534730
2011-02-21,45.655643463134766,46.14112818703011,44.561604769879594,45.853938791410386,3501970
2011-02-28,45.6419792175293,46.69499329665252,45.245388483160355,45.58727596793585,3841015
2011-03-07,44.70520782470703,46.195837540139046,44.431701996898,45.457364501549684,3572488
2011-03-14,42.838497161865234,44.55477356681902,42.26412615985115,44.42485467059095,5479585
2011-03-21,44.95135498046875,45.10178627479973,43.132516681127996,43.72056083232544,3056472
2011-03-28,45.129150390625,45.69668489756683,44.42486296921516,44.81461451391717,3301272
2011-04-04,44.88983917236328,45.347967266052315,44.34281697135615,45.01975290208996,3035758
2011-04-11,44.41117858886719,44.83512091369879,43.9735630611391,44.718880430318514,3134297
2011-04-18,45.224884033203125,46.03857805963896,42.995778387598136,44.29494949350216,4768347
2011-04-25,46.400962829589844,46.56506733674855,44.88982100156574,45.22486922524466,2226404
2011-05-02,47.180458068847656,47.180458068847656,45.70350209480839,46.76335505118586,3930064
2011-05-09,47.50868606567383,47.72065463189132,46.5172092530024,47.08474371644995,3105478
2011-05-16,47.303550720214844,47.638598981263854,46.530886913407066,47.132606984628175,2639750
2011-05-23,47.173641204833984,47.43347907340849,46.10011454026467,46.90013013007706,3902274
2011-05-30,47.03688430786133,48.19929975653064,46.77021246708673,47.235179689912336,2851445
2011-06-06,45.84710693359375,47.29670631334864,45.73770045078073,46.96165808911317,2488276
2011-06-13,45.90180206298828,46.3462567420031,45.18384162776855,45.94283209984933,2944687
2011-06-20,44.91717529296875,46.14113300204377,44.80776880383223,45.19752029200115,2596063
2011-06-27,46.7317008972168,47.39465924347202,45.4265008297886,45.4265008297886,2700546
2011-07-04,48.036895751953125,48.893221466409855,46.68335528330334,46.75241244899205,2957004
2011-07-11,46.172332763671875,48.29242020309449,45.889191493130106,47.68470967893932,2731075
2011-07-18,48.11287307739258,48.11287307739257,45.426508044750534,45.90991887125521,3729009
2011-07-25,47.733062744140625,48.72059589776845,47.58804105610487,47.99548218886349,2770871
2011-08-01,43.88648986816406,48.64460252668943,42.74703103726547,48.271687577946686,5261213
2011-08-08,42.89205551147461,43.83124760778118,38.9971728109717,43.23734656838957,9060132
2011-08-15,39.2388801574707,43.88649801942045,39.2388801574707,43.2097277836105,4726876
2011-08-22,40.78578186035156,41.27609454418172,38.73475207545629,38.89358565045641,5574729
2011-08-29,42.74703598022461,43.40308691280228,40.813403859905684,41.28990722763023,5073775
2011-09-05,41.6421012878418,42.98873694802579,40.12972739418508,42.0219209267753,4495192
2011-09-12,42.056453704833984,42.81609301096115,39.597980319060156,40.88936819322106,5317654
2011-09-19,41.46945571899414,42.64344584816412,40.12282006007451,41.46945571899414,4511934
2011-09-26,40.626953125,43.409998618870354,39.75681805560054,40.709822253488774,4807694
2011-10-03,42.726318359375,43.00945694528497,39.839684661872454,40.05376608414075,3852313
2011-10-10,45.05358123779297,45.21932475921924,42.62963887571736,43.09233031943194,2853072
2011-10-17,46.74551773071289,46.74551773071289,42.39484711854365,45.21933147481047,5644663
2011-10-24,47.6363639831543,47.912592656924794,45.77869612031965,46.75241431342636,3390834
2011-10-31,46.717891693115234,47.50515506066209,44.92928087125029,47.11843067484247,3786660
2011-11-07,48.65843200683594,48.68605593322948,45.96515977380586,46.26901769540957,2913888
2011-11-14,46.16135787963867,49.17218315581345,45.75618730832705,49.06739692810886,6594221
2011-11-21,46.105472564697266,46.78308415058894,44.54766676600235,46.0984853947342,4079934
2011-11-28,48.089385986328125,49.58432539694463,46.42679719122935,46.45474053185882,4616788
2011-12-05,48.41073989868164,49.598302762545295,47.970638871644795,48.4526522518668,3296065
2011-12-12,46.734169006347656,48.962595811633435,46.734169006347656,48.20115975917572,3467761
2011-12-19,48.70413589477539,48.7041358947754,46.45474727904631,46.55953348921437,1845836
2011-12-26,50.05936813354492,50.05936813354492,48.57840256681567,48.70414497653465,945359
2012-01-02,50.24797821044922,50.67410496211421,49.24902611993688,49.94759386631896,2931309
2012-01-09,51.17707061767578,52.02233688559411,50.11524474103645,50.11524474103645,3412988
2012-01-16,51.62413787841797,52.49734722910282,50.92557039787008,51.72193689932292,3361291
2012-01-23,51.3447151184082,52.52529598784247,50.96748800042955,51.62414320539026,2451039
2012-01-30,53.42644119262695,53.42644119262695,50.813795079000485,51.17006597261259,2745062
2012-02-06,53.9713249206543,54.38347717504,52.66500181623173,53.272757441643776,1927850
2012-02-13,52.0921745300293,54.634959621497224,51.78480314656174,54.14596453838673,4074661
2012-02-20,53.64301300048828,54.362536861011336,52.05027953648608,52.37162003100859,2834411
2012-02-27,54.397464752197266,55.17287526904314,53.126071844065436,53.447412323082474,1860794
2012-03-05,55.64789581298828,55.878419063159924,54.0691315946544,54.25076065720727,2569663
2012-03-12,55.99018859863281,57.45717934578728,55.16587869999976,55.45927578350119,7096316
2012-03-19,54.22980880737305,55.74570477179908,53.698901191006335,55.696805245827186,3657451
2012-03-26,54.767696380615234,55.612962467215326,53.77573174969421,54.222814550381074,2943915
2012-04-02,53.622039794921875,55.51515697454225,53.06318369430214,54.76769000451024,2570646
2012-04-09,52.9444465637207,53.87354288280386,52.287791220962895,53.622058084711455,3040848
2012-04-16,54.62101364135742,55.86446337367368,53.23085999262279,53.23085999262279,4107378
2012-04-23,56.19975662231445,56.93325467327697,53.14003270701262,54.5231987852242,3374552
2012-04-30,55.87143325805664,56.75162450636195,54.77468245181982,56.03210080496195,2233301
2012-05-07,55.70378112792969,56.64684635918232,53.936405882991096,55.089043534365665,2452965
2012-05-14,53.21688461303711,55.81555716396207,53.06319887491707,55.186845203311144,3068244
2012-05-21,54.29268264770508,54.29268264770508,52.797748191920284,53.20291873816253,2949484
2012-05-28,53.6010856628418,56.42329362235367,53.454381800372204,54.48826402695395,5170994
2012-06-04,55.22177505493164,55.95526789217403,52.867600147633944,53.13305393687668,3627812
2012-06-11,55.42436981201172,55.95528286218336,54.23680661705769,55.88542714418306,4041600
2012-06-18,56.185787200927734,56.779568541309104,54.39046884444439,55.76664774475544,3350404
2012-06-25,58.861305236816406,59.042928968584455,54.67688163410523,55.780619679377004,3258300
2012-07-02,59.19247055053711,59.784322201874076,58.81199218514221,58.87540255825003,2882578
2012-07-09,58.41954040527344,59.22770017424747,57.31121883410589,58.96700590226106,3122593
2012-07-16,60.946903228759766,61.52466556457554,58.38220160386211,58.417433177927144,3293416
2012-07-23,61.806495666503906,62.00377955955467,59.2488363192992,60.22117175731074,3419151
2012-07-30,62.172855377197266,62.764712204470996,61.207573074948506,61.81351929963266,2568489
2012-08-06,61.75713348388672,62.80696800027691,61.65144421868168,62.15874839120238,1753319
2012-08-13,60.798927307128906,62.708361025880784,60.53118567840781,61.799441440098704,1704695
2012-08-20,61.700782775878906,61.883977196168125,60.65094795973923,60.925736902382624,1767497
2012-08-27,60.36208724975586,62.320842151783644,60.24935590047647,61.44010664723281,2421166
2012-09-03,62.01785659790039,64.19503712776502,60.362075253527806,60.48185396820226,3168413
2012-09-10,61.228736877441406,61.97559890812318,60.178901600723655,61.96150950449549,3282463
2012-09-17,62.00377655029297,62.34198133309639,60.4889104799136,61.32737236026878,3461525
2012-09-24,61.517601013183594,62.701309538733284,61.454190648256166,62.003768646621744,2591385
2012-10-01,62.165828704833984,62.83518544639074,61.51760337681631,61.70784523007201,2506640
2012-10-08,61.20758056640625,62.36310481640074,60.91869681611687,61.57396407530973,2595776
2012-10-15,60.14365768432617,62.79291119600382,58.6710653428491,61.18644535741553,4108437
2012-10-22,58.76267623901367,60.76370480340365,58.12854557579744,60.08025316502522,3351230
2012-10-29,58.55128860473633,59.143145591748834,58.262410187418915,58.50196763711715,2053914
2012-11-05,58.73448181152344,59.269970431008936,58.2624089350894,58.4878769787282,2554147
2012-11-12,58.59367370605469,60.47299902994535,58.59367370605468,59.398085555813644,3097922
2012-11-19,61.74723815917969,61.96792025100262,58.69333321615443,58.80723435143143,2250303
2012-11-26,61.97504806518555,62.63708361802501,61.12793127515678,61.62623526929135,2023167
2012-12-03,62.86489486694336,63.18523787730303,61.733030351218524,61.98218240520442,1798937
2012-12-10,63.135398864746094,63.98251573288435,61.85403786009882,61.85403786009882,2170366
2012-12-17,62.35945510864258,63.348948328387664,61.953691741057234,63.049965937768164,2791861
2012-12-24,61.676082611083984,63.07133960904314,61.647607313438975,62.69405141968527,523154
2012-12-31,62.736751556396484,62.85777290969262,61.540816403267954,61.540816403267954,1106974
2013-01-07,62.24555969238281,62.637082701730755,61.91810201086947,62.58013755402427,1962460
2013-01-14,65.48455047607422,65.70523262470006,62.16013762772999,62.37369959579204,2486904
2013-01-21,65.4774398803711,65.56286032812964,63.99675723334574,65.3350634155955,1706901
2013-01-28,66.97235870361328,67.23574566390867,64.56624799968085,65.35641974278084,2700978
2013-02-04,64.94355010986328,66.95101240024691,64.35269991230838,66.90118198786924,2826912
2013-02-11,68.6523666381836,69.38558783315538,64.1035428118627,64.65167730493349,3997533
2013-02-18,69.67744445800781,70.01202235818847,68.00456038821123,68.35337321918168,2843536
2013-02-25,70.674072265625,71.0442457142774,68.43881293336653,69.7201742077666,2806211
2013-03-04,70.79507446289062,71.54253596632479,70.04761839056324,70.73812930817053,2350649
2013-03-11,71.2577896118164,71.93406560937301,70.53880338975765,70.61710908874954,2756473
2013-03-18,69.47100067138672,72.00524733688074,67.46353875885481,70.65982102481716,3389822
2013-03-25,69.20050048828125,69.9123665631708,67.92625956249609,69.76287533917686,1764981
2013-04-01,67.18592071533203,69.74152284430977,66.50965009123964,69.20050308637144,2332061
2013-04-08,68.08997344970703,68.60251775937093,66.71607206506575,67.25709166205606,2125086
2013-04-15,67.29267883300781,67.9974245132394,65.47030397054814,67.76251290723253,3220951
2013-04-22,65.5628433227539,70.06895543087514,65.02182375914731,67.42793379425494,3921120
2013-04-29,66.63065338134766,67.5845566006783,65.11438082782881,65.71946581316132,2078567
2013-05-06,66.68049621582031,67.1005000385696,65.46320583778935,66.48829475870272,2205248
2013-05-13,66.07540130615234,70.45337825284433,65.9401450294195,66.57370532921047,2436713
2013-05-20,67.70559692382812,68.36051254571376,66.11813285638603,66.31033977807289,3053275
2013-05-27,65.98287200927734,68.4316877543954,65.98287200927734,68.02592428564711,3038130
2013-06-03,64.72997283935547,66.48828265341787,64.02522705009174,65.58420983051717,2917457
2013-06-10,63.007266998291016,64.97913361067033,62.64421378405979,64.41675876701241,2964076
2013-06-17,60.99269485473633,64.06795655198741,60.76489789312913,62.6513443667148,4163844
2013-06-24,60.64387512207031,62.04625221556573,59.78963253882626,60.928617218710976,3490729
2013-07-01,61.98400115966797,63.32008041295105,61.330325560536764,61.58892189861488,2703919
2013-07-08,62.874717712402344,64.79263595193481,62.34316101822706,62.4221768690268,2388777
2013-07-15,62.479637145996094,63.89472659201285,61.41651839286609,62.94654196586374,3061092
2013-07-22,63.78699493408203,64.36164923813462,62.42218205636911,62.69514243976695,2356971
2013-07-29,65.72645568847656,66.08561664852289,63.70078809302977,63.75107040822181,2224516
2013-08-05,66.63155364990234,66.66746646351521,65.76238464325479,65.87012856445563,1803065
2013-08-12,67.1631088256836,67.24930944095706,66.20773922442707,66.51661791203774,1859191
2013-08-19,66.8111343383789,67.14874657334698,65.66182017279988,67.09127949497748,1832763
2013-08-26,63.097389221191406,66.85421494066412,62.92499351019582,66.7895686041761,2924918
2013-09-02,63.607425689697266,63.743903165360365,61.68950147110978,63.391926862326095,3263584
2013-09-09,64.8501205444336,65.64027378557215,62.96812008505388,63.60742633764113,2160755
2013-09-16,67.20620727539062,68.11847932116733,65.16617534372993,65.30983755737624,2515120
2013-09-23,66.01377868652344,67.59408455421583,65.40320621402232,67.21337485302199,2159747
2013-09-30,63.370361328125,66.2149155037056,63.118949749543646,65.52532711087044,3248101
2013-10-07,63.92347717285156,64.5915168931093,63.197975854138555,63.262622207536594,2347475
2013-10-14,64.11741638183594,64.16051394350055,62.048645736153226,63.679239570374605,2824021
2013-10-21,62.1204948425293,64.15334212958392,61.79006186858071,64.07432626368697,3607971
2013-10-28,62.9034538269043,64.00248554900226,62.06301844887193,62.14203430291206,2596052
2013-11-04,63.64332580566406,63.80135751681519,61.840336116271594,62.9968349329375,3123084
2013-11-11,63.6899528503418,64.7705483185764,62.62385960550152,64.24113140182078,2741342
2013-11-18,62.96473693847656,64.31367093465087,61.66656903750926,63.57393561405015,2858661
2013-11-25,60.50617218017578,63.10250690872428,60.426396130247575,63.09525303152523,3372160
2013-12-02,58.874385833740234,60.81075565121908,58.16365541322322,60.43363711363527,2956624
2013-12-09,57.619754791259766,59.20801669828404,57.177362255815446,58.888912434530575,3955039
2013-12-16,58.526275634765625,58.86713588299078,57.23536233704282,57.65599862349456,2959968
2013-12-23,60.2160758972168,60.2160758972168,58.43925782721477,58.874396381798235,944088
2013-12-30,59.266021728515625,60.57869124679509,58.82362930453773,60.317607011887254,1456371
2014-01-06,57.77206039428711,59.447346765497905,57.32966784493119,59.33856071460756,3084207
2014-01-13,59.614139556884766,59.99851762485072,57.64151080303942,57.815565142154774,4021497
2014-01-20,61.28216552734375,61.63752801486528,57.45293760808879,58.381234614806765,4479843
2014-01-27,57.75754165649414,61.4562279520065,57.300646969318954,61.245909769091384,5478384
2014-02-03,59.4038200378418,59.8317047248407,57.16284785639705,57.62699639585794,3336302
2014-02-10,61.006595611572266,62.166967184358555,59.106483357136646,59.53436812678454,3879085
2014-02-17,62.26123809814453,62.73264054993494,60.89054847559642,61.100866662797905,2272515
2014-02-24,61.855098724365234,63.08799212260527,61.6737905462072,62.18870510820564,2466040
2014-03-03,61.02835464477539,61.949398068724655,60.44091218511656,61.28218507396705,3391177
2014-03-10,59.13549041748047,61.41272124569463,58.2724615092093,60.90506043676326,4077288
2014-03-17,58.69309997558594,59.39657678775058,57.699528891083865,59.077472534870616,3241642
2014-03-24,61.61579132080078,61.934895592251806,58.67134728797366,58.758371701577865,4346284
2014-03-31,61.07185363769531,61.971140763577154,59.26602550864185,61.782584218740226,2528946
2014-04-07,61.1661262512207,62.19596094069293,60.58594338271982,60.69472939965332,2588403
2014-04-14,62.04366683959961,63.8639971423015,61.03559371321504,61.04284205722714,3202260
2014-04-21,61.75358200073242,62.776157503570204,61.477989959969996,62.043676264809136,2168968
2014-04-28,62.81242370605469,63.305582313466616,61.6520521395231,61.6520521395231,1764108
2014-05-05,62.42805862426758,62.87045120156569,61.847870004932396,62.768919023145344,2071903
2014-05-12,64.50221252441406,65.40875360202011,62.362772261411195,62.55133435481779,3229931
2014-05-19,64.70528411865234,65.00988062704843,63.71896687262749,64.39343373155495,2113215
2014-05-26,65.23468780517578,65.4159960042264,63.689943941175926,64.93009135871166,1739094
2014-06-02,63.57392120361328,65.37249576876602,63.428871297979576,65.32898356361997,2275251
2014-06-09,64.20486450195312,64.55297871089188,63.14602518551722,63.65368597658661,2390467
2014-06-16,64.19034576416016,64.69800642461708,63.71168954165543,64.14682804105941,2311539
2014-06-23,63.49410629272461,64.38613915099639,63.11698230189178,64.33537309835559,1948856
2014-06-30,64.75492095947266,65.17217492247597,63.759366664428484,64.25714381195057,1914628
2014-07-07,62.76380920410156,64.67439451331715,62.06838782913618,64.58655510547688,2168386
2014-07-14,62.85163879394531,63.50314030532862,62.30262028986466,62.763793822726605,2421448
2014-07-21,62.17085647583008,63.3347730396461,61.9805284947055,62.9687606985862,1906559
2014-07-28,60.897132873535156,63.23960953699319,60.47987904332842,62.258699179452925,2063860
2014-08-04,61.30707550048828,62.536877357804755,60.83125827514511,61.10210945508651,2548162
2014-08-11,62.45634460449219,63.407978909202605,61.16797962185939,61.49739407421531,1683244
2014-08-18,63.18834686279297,64.58651616697809,62.954099274933526,62.976059113654244,1899713
2014-08-25,65.69189453125,66.21163139424019,63.320136084460984,63.43726271635437,2471609
2014-09-01,65.92615509033203,66.70210521596252,65.18681402545215,65.69190736568474,2391718
2014-09-08,66.24091339111328,67.69764656198784,65.6186935144856,65.70653848885507,3176636
2014-09-15,66.70209503173828,67.20718829485212,65.80170216156117,66.0652315096664,2961939
2014-09-22,65.28195190429688,66.76063909030543,64.08875385610632,66.59227656538931,2240217
2014-09-29,63.58367156982422,66.22628141972679,63.44458507722753,65.3624919731533,2869476
2014-10-06,62.25870132446289,64.4986950601261,62.25870132446289,63.71542887521147,2728519
2014-10-13,61.826805114746094,63.027325168632025,60.194393171248684,61.88536843076619,4620034
2014-10-20,64.30103302001953,65.28927061858988,61.82679208126105,61.84875192391301,3709117
2014-10-27,66.48979187011719,66.68743604320117,64.06678678807718,64.87933449335252,2941571
2014-11-03,66.41661071777344,67.22183685844085,65.5674592925892,66.48981207876032,1829271
2014-11-10,67.05358123779297,68.42006090999321,66.90585583796263,67.11267365187021,1985890
2014-11-17,68.56780242919922,68.70075756352045,66.39620378040689,66.63256783749313,2445786
2014-11-24,70.39962005615234,70.52519285981452,68.32404807471251,68.54564183612723,2162188
2014-12-01,70.5325927734375,71.07918935179234,69.66099906876245,69.93429735793987,2327412
2014-12-08,67.09791564941406,70.30360952716201,67.09791564941406,70.30360952716201,2396828
2014-12-15,67.7626953125,68.0581518434988,64.9263261397865,66.99451058604895,3612258
2014-12-22,68.4200668334961,69.17348108980121,67.54109104829115,67.61495375460102,779772
2014-12-29,67.28255462646484,69.18086031461904,66.89846522093985,68.25017455362813,1045614
2015-01-05,69.5501937866211,71.07917503464546,64.96324440718428,66.88370873718596,3712817
2015-01-12,75.37803649902344,75.5996245952528,69.83824956284914,69.84563188796957,4292873
2015-01-19,78.81270599365234,79.3297561956149,74.60246985030513,75.30417399574195,4097880
2015-01-26,78.73884582519531,80.32691938141784,78.03714165715813,78.8127085320366,3145996
2015-02-02,78.11101531982422,80.0314741438771,77.66783338125265,79.29283570113645,3000334
2015-02-09,76.5968017578125,79.73601503699112,75.00873366604857,77.63089667096766,3148536
2015-02-16,76.22747802734375,77.37236976246116,75.26725152129507,75.82123030241054,2559646
2015-02-23,78.25874328613281,78.44340290279227,76.26442168035636,76.78146635285714,1985403
2015-03-02,78.77579498291016,78.9604546028254,77.29851802358831,78.11101922414245,2281456
2015-03-09,79.25589752197266,79.92066753130584,77.29850475967405,78.29566540903721,2403933
2015-03-16,80.62237548828125,81.61953611464544,79.36668693606875,79.40362110700801,2516002
2015-03-23,81.58258819580078,82.06270416028805,78.03712816226273,80.40076818462143,3094366
2015-03-30,82.17351531982422,82.61669719672365,80.14225988495217,81.87805885677017,1645643
2015-04-06,84.16783905029297,84.20477322251841,82.17351772811556,82.17351772811556,1466807
2015-04-13,83.09683227539062,85.46047325041144,82.91217264811198,84.13092731522396,2372504
2015-04-20,86.6053466796875,86.97466585529385,82.80135804386948,84.09397515849169,3207214
2015-04-27,81.98885345458984,86.82693670087532,80.99169285045801,86.0882983814646,2563636
2015-05-04,82.21044921875,84.90647464236238,79.62521503747311,82.76442797188075,3015779
2015-05-11,80.17920684814453,82.24739114876107,79.14511188015415,82.17352843005409,2180357
2015-05-18,82.69055938720703,83.31840648053695,79.36668687817544,80.62237542947202,1623279
2015-05-25,83.13374328613281,84.1309038684621,81.73032938286495,82.98601224426287,2166031
2015-06-01,77.55702209472656,84.8695424478734,77.15076877246611,83.20760626012925,4808741
2015-06-08,77.55702209472656,79.69907430822495,76.92918066198472,77.9263412475586,2953415
2015-06-15,77.40930938720703,78.73885517430458,76.26441757145604,76.67067096036483,2933998
2015-06-22,79.9206771850586,80.77011252058875,77.07692030990465,77.85249292829394,3193686
2015-06-29,76.81838989257812,79.21896457672119,76.52293341976474,77.26157178411646,3034063
2015-07-06,79.10403442382812,79.2901615636489,75.26981420749031,75.49316904733506,3231717
2015-07-13,82.26819610595703,82.82657752749068,79.62518843863796,79.99744271966038,2387271
2015-07-20,81.70980072021484,83.16158989603167,81.44922390406164,82.56598655627415,1709745
2015-07-27,81.18866729736328,81.56092160742887,79.51352290206816,81.37479445239607,2053290
2015-08-03,82.0820541381836,82.97546197919284,81.07696889701106,81.26309600390036,2049961
2015-08-10,78.21063995361328,82.64046437555822,76.31214052697945,82.49156491000481,2810264
2015-08-17,73.57978820800781,78.99236337100521,73.57978820800781,78.76901419330717,2058024
2015-08-24,69.11273193359375,71.93442009621629,65.91878948587825,71.47282273784717,8488406
2015-08-31,67.93638610839844,70.02101173501666,67.2663274655463,68.84468719313712,4675595
2015-09-07,66.73773193359375,69.85722391975686,66.73773193359375,68.5841152485914,2626825
2015-09-14,68.02574157714844,69.18717298342965,65.62097669756868,66.74518608809535,3595476
2015-09-21,67.74282836914062,69.54454329713424,66.3506010776923,67.86939913393982,3336842
2015-09-28,68.34588623046875,68.95638300594138,65.51675150697159,67.61626536214811,4664197
2015-10-05,72.19497680664062,72.31409519094088,69.26905871536933,69.38817709966956,3234559
2015-10-12,73.64676666259766,74.59973646822066,71.88972645342473,72.31409599749584,3363895
2015-10-19,79.25294494628906,79.5879772529068,73.15542285558996,73.52767718728724,3252206
2015-10-26,79.81131744384766,80.25802713563107,78.02450139731276,78.88068171954836,2170165
2015-11-02,80.03466796875,81.22588049551082,78.91790515988372,79.02958257680022,1701758
2015-11-09,78.88068389892578,80.70473337703848,78.24785272494785,80.03467450100014,1758879
2015-11-16,81.08247375488281,81.53334826686533,78.30207042015977,78.90324025825677,1568602
2015-11-23,81.0073013305664,81.72118525330085,79.24136768337755,81.082446101405,1603965
2015-11-30,78.22689056396484,82.84836514018922,77.32514194414551,80.85699739381212,2364006
2015-12-07,76.64885711669922,79.65469465068743,76.16040737079013,78.64022562960243,2246145
2015-12-14,78.26448059082031,80.06798390419681,75.40893320020929,76.9869964494716,2708395
2015-12-21,78.90322875976562,79.27895842052641,76.04768104471177,78.11419417889611,931613
2015-12-28,79.69227600097656,81.12004435214676,78.15178185385433,79.01596135752824,661705
2016-01-04,74.51469421386719,77.85116903748231,73.83086361572967,77.85116903748231,2338959
2016-01-11,72.95917510986328,76.08524831090904,72.73374077699764,74.7777108341154,2606077
2016-01-18,77.55059051513672,78.03904016298826,72.09500061406196,72.89906176365919,3704209
2016-01-25,81.12001037597656,81.12001037597656,75.97251650839868,78.0766043549251,2549775
2016-02-01,75.9725341796875,81.79634376207134,75.78466935444932,81.1576045028974,2881064
2016-02-08,70.11865997314453,76.64884261485057,69.28453975662272,76.64884261485057,4742529
2016-02-15,72.74125671386719,73.0117824988791,70.14120269867729,71.62157831855384,3275692
2016-02-22,73.89850616455078,75.22107616208226,72.71871527125371,73.64301274979402,2773570
2016-02-29,74.58984375,75.8598059326852,72.96668908358117,73.53028349833568,2307610
2016-03-07,76.01010131835938,77.43787498428605,72.98923204064792,74.20659804209298,2110888
2016-03-14,76.68641662597656,77.70088543866612,75.40893249654839,76.49855181869408,2639888
2016-03-21,75.1308822631836,78.45233006158965,74.48462698779699,76.27309755620536,1809383
2016-03-28,72.20772552490234,75.85981839093925,71.08805270899927,75.13090764401994,2543795
2016-04-04,72.84645080566406,74.04126808534532,72.04238975585956,73.22969083885715,2426857
2016-04-11,75.18350219726562,75.52165657522629,72.02736982585608,72.6059966738785,2286261
2016-04-18,72.51582336425781,78.11419292656859,72.03488986484871,74.28175159488622,4891142
2016-04-25,70.84758758544922,73.38000769409376,70.67475514312763,72.47825302165177,3286186
2016-05-02,71.62158203125,72.17014982739924,70.08860441444287,71.44874960769812,2501052
2016-05-09,72.05741119384766,73.6655331769116,71.02791018357006,72.20019025459843,1893188
2016-05-16,71.25335693359375,73.04934385755264,70.02096437656367,71.60654365417768,1887501
2016-05-23,73.82335662841797,74.71759498887116,70.47936519062287,71.18573873472398,2440782
2016-05-30,73.6505126953125,74.6800080587621,72.90656401095924,73.7181412667019,2199763
2016-06-06,71.31348419189453,74.39446597977464,71.06550126266563,73.39502379822477,2033059
2016-06-13,68.81864166259766,71.10307854266662,68.68337876400214,70.76491842958822,3507734
2016-06-20,71.51637268066406,73.54531601710278,67.63132988437984,70.41172670857725,3987588
2016-06-27,75.89737701416016,76.46097139792867,70.63716276565401,71.47128291228569,3743119
2016-07-04,75.2011947631836,77.08179594198359,73.48742759357286,76.74055481551375,2616850
2016-07-11,75.68650817871094,76.09599404895734,74.45805635338648,75.67134460666392,2202046
2016-07-18,76.7784652709961,76.7784652709961,74.791701914074,75.64859120445499,1896002
2016-07-25,77.4988784790039,78.2951021711824,76.2097604668652,76.85431947293455,2032247
2016-08-01,78.14342498779297,78.33300146201331,75.94433672975397,77.80218386294743,1538992
2016-08-08,80.45626068115234,80.49417829307447,77.42303686067221,78.18134281579225,1544474
2016-08-15,79.88753509521484,81.02499408314505,78.82590554939686,80.60792925882,1530331
2016-08-22,78.06758117675781,80.4562456460933,77.08178709056875,79.96334571029165,1994008
2016-08-29,81.100830078125,81.100830078125,77.15764091552737,77.76428807227288,2528396
2016-09-05,78.93962860107422,81.85910462524895,78.82588157978661,81.74536338937517,1948917
2016-09-12,77.4988784790039,79.81171431977674,77.3851371961923,77.91594913403382,2329797
2016-09-19,80.64582061767578,80.98706169869051,77.99175031949379,78.2192443735036,1631696
2016-09-26,79.88753509521484,81.02499408314505,78.63632905140851,80.19085864907935,1774993
2016-10-03,78.37090301513672,82.01077315732998,78.3329911965099,80.00126163685691,2142293
2016-10-10,79.16712951660156,80.56999413983584,77.76426489336728,78.4088236894031,2076271
2016-10-17,83.60323333740234,84.66486285432546,78.52258564376267,78.78799157663958,3008946
2016-10-24,82.27618408203125,84.28569572591029,81.0628958885957,83.41364284814227,2184409
2016-10-31,79.2808837890625,82.73117214670674,78.93964266440656,82.23827215692474,1870900
2016-11-07,76.17182922363281,80.57000598199235,75.83059386540457,80.11502357588296,2806204
2016-11-14,77.87800598144531,78.9017234744221,75.98224141728731,76.74054724295051,2081248
2016-11-21,74.98128509521484,78.40883099326318,73.82866267608759,78.40883099326318,3880276
2016-11-28,74.44515991210938,76.06120248190403,73.31929662599202,75.03490366721346,4162860
2016-12-05,77.3172607421875,77.73850621665305,74.00858760788176,74.38388115543378,3343472
2016-12-12,78.5427017211914,78.5427017211914,76.81943430418812,77.47044527083496,3102669
2016-12-19,78.1597671508789,79.27031512202022,77.96829295976292,78.38953267422094,1899435
2016-12-26,78.84907531738281,79.23202372755627,78.12147567538486,78.1597728537338,722669
2017-01-02,80.18939208984375,80.30427777774615,78.65759850002188,78.96395838665201,1580768
2017-01-09,81.33822631835938,81.37652349027425,79.53837026159304,80.34256412518108,1936388
2017-01-16,82.41047668457031,83.67420729987002,80.34255810922721,80.99356907973689,2403042
2017-01-23,84.5932846069336,85.47406694342084,82.21900610581898,82.71684010847072,2932640
2017-01-30,83.78910827636719,84.40182218980473,81.95095484939722,84.24864517227752,2336867
2017-02-06,82.64026641845703,84.21035136252524,81.72118674656767,83.78911162582206,2572488
2017-02-13,82.8700180053711,84.09545736162606,82.14241850050662,82.71684100750318,2551111
2017-02-20,82.67855072021484,83.67421881923968,82.29560235033274,83.48274463429863,2157734
2017-02-27,83.02320861816406,83.86569387195638,82.29560320186233,82.908322937345,1814095
2017-03-06,82.71684265136719,83.29126516977946,81.83606028780277,82.90831682417128,1606917
2017-03-13,84.2486343383789,84.2486343383789,82.60195531673591,82.98490365463763,1644249
2017-03-20,82.7551498413086,84.93795450685232,82.37220144934201,84.24864623264673,2207576
2017-03-27,84.93794250488281,84.93794250488281,82.14241846987645,82.3338926388039,1889441
2017-04-03,85.58895874023438,85.93360992803153,84.44011365647283,84.86135919118337,1608834
2017-04-10,87.54200744628906,87.61859595838352,85.12943133367564,85.55067107185963,1628609
2017-04-17,88.078125,88.80572456484255,85.51237209257872,87.54199961994006,2685174
2017-04-24,87.96324920654297,90.1077626544587,87.50371228008362,89.57163137081524,2704063
2017-05-01,91.37147521972656,91.40976654729329,87.88664302812133,87.96323152658266,1536732
2017-05-08,92.9798583984375,92.9798583984375,90.60557985201007,91.56295070487016,1596631
2017-05-15,91.29489135742188,93.24793043067292,90.18434339393625,92.40544516423604,2079271
2017-05-22,92.06077575683594,92.8266724131934,90.91193077229975,91.17999927668707,1390023
2017-05-29,93.82235717773438,93.82235717773438,91.14171840122768,92.0990893928372,1742733
2017-06-05,92.67351531982422,94.1287204480575,92.09909270420548,93.8223605510617,1355580
2017-06-12,94.32018280029297,94.32018280029297,91.56295576048231,92.25225813793877,2097551
2017-06-19,93.28624725341797,95.31586941806144,93.13306436332144,94.77974391104803,1467263
2017-06-26,89.80140686035156,94.89462214945529,89.57163546495498,94.01383959154077,2069539
2017-07-03,89.44224548339844,91.25656696096758,88.59298924818424,90.83194178850587,1637821
2017-07-10,90.83193969726562,90.83193969726562,88.70879621296626,89.55805242862787,1373361
2017-07-17,89.21061706542969,91.64257631974347,88.94039413469285,90.90912922563132,1771710
2017-07-24,91.02494812011719,92.64625642957671,88.3227656409212,89.51944291896235,2317553
2017-07-31,92.53046417236328,92.53046417236328,89.48086003591277,90.79334655001495,1769385
2017-08-07,89.55805206298828,92.64626075481546,89.51944709822419,92.49185267634036,1576767
2017-08-14,90.52311706542969,92.33743848953583,89.82826893335121,89.98268290175233,1430185
2017-08-21,90.09848022460938,91.06354537650232,89.40363802747865,90.175690148993,1469286
2017-08-28,87.47351837158203,90.7933393640315,86.54705217881471,89.63526104079055,2818320
2017-09-04,89.13341522216797,89.44223724934957,87.2032849151458,87.28049483965889,2115726
2017-09-11,88.86320495605469,90.98634845621811,88.82460588113523,89.55805309780267,2079741
2017-09-18,89.05619812011719,90.13707211150358,87.31908109869634,89.28781607908905,2005806
2017-09-25,90.36870574951172,90.94774485711571,88.97900953514599,89.05621357143511,1864284
2017-10-02,92.14442443847656,92.83927256295178,90.29149806997285,90.60032011310523,1614830
2017-10-09,93.95875549316406,94.69220865722221,92.10583482463878,92.22163794870325,1543242
2017-10-16,98.7840576171875,99.05428054740015,93.45690317493865,94.11314624054862,2816481
2017-10-23,98.86128234863281,99.59472955122716,97.00835596962163,98.7068683810457,2443152
2017-10-30,99.6333236694336,100.17375777142938,98.51384461488527,98.62965360539579,1624124
2017-11-06,98.51386260986328,100.25098600425166,98.35945452117103,99.71054002295574,1800929
2017-11-13,98.93846893310547,99.2859017921413,96.50650960333338,98.59104785464943,2450065
2017-11-20,100.94730377197266,101.64806352416734,98.68932784766207,98.88398135426496,2040158
2017-11-27,100.44120788574219,102.27095557237766,100.24655438208765,100.79158181617896,2765923
2017-12-04,102.77705383300781,103.28314820944797,100.40227862208849,100.83051872253418,1779514
2017-12-11,100.51907348632812,102.85491551732841,99.19542610454921,102.69918321069616,2552466
2017-12-18,101.84273529052734,102.582416372097,100.2855069585031,100.8694675830122,1643639
2017-12-25,102.73812866210938,103.36102232154472,101.2198335352227,101.84272719465807,811776
2018-01-01,102.73812866210938,102.85492790615196,100.79159340181663,102.73812866210938,1503071
2018-01-08,101.9594955444336,104.02282966399531,101.80377512879082,102.77704257744082,2348763
2018-01-15,101.2198257446289,102.50453416525852,100.36334554373752,101.99843978881836,2163744
2018-01-22,101.29769134521484,102.46561240508723,99.39008338321105,100.44121114902546,2001127
2018-01-29,98.80612182617188,101.6091311526572,98.76718874843935,101.25875721447915,2050008
2018-02-05,99.19541931152344,100.0518934761671,93.47260791554869,98.41680535451047,3391564
2018-02-12,104.80145263671875,104.91823998831897,99.07863479416393,99.81831574261547,2648607
2018-02-19,104.80145263671875,105.42433435286287,103.01063800103643,104.60679913024691,1622260
2018-02-26,101.57019805908203,106.08616181908164,101.21982412095863,105.22968163192908,2128605
2018-03-05,104.10069274902344,104.5678659162285,101.2198232331446,101.57019716819481,2003222
2018-03-12,103.86709594726562,105.73577655154317,103.86709594726562,104.99609567682552,2285703
2018-03-19,103.82819366455078,104.37322115146569,102.15416624245229,102.58240636813834,1985876
2018-03-26,105.30755615234375,105.81365056086655,102.34882022072036,104.139635012022,2149941
2018-04-02,108.81131744384766,109.08383712353941,104.45107385302745,105.30755409145185,2190873
2018-04-09,108.81131744384766,109.90137240119871,107.40980972674774,108.928104803311,2202087
2018-04-16,108.22735595703125,110.48533201248472,107.02050176985803,108.92810386921808,2487528
2018-04-23,107.37088775634766,107.83806100395535,105.11291144789871,107.48768700860418,2591650
2018-04-30,107.37088775634766,108.227368083392,106.51441931001253,107.29303346888585,1778047
2018-05-07,107.72125244140625,108.18841371640441,106.98155963142212,107.4097997107006,1459819
2018-05-14,108.22735595703125,109.2006235465729,107.29302144721284,107.72126156275274,1639893
2018-05-21,113.36620330810547,113.40512450359354,108.4219996490269,108.49986580141665,2061477
2018-05-28,111.10822296142578,114.02802565950482,110.75784901379782,113.67765171187685,2301090
2018-06-04,109.8624496459961,114.02802777753855,108.57772930655351,111.45859897936118,2321000
2018-06-11,114.65093231201172,115.0402393826807,110.0960348329012,110.52427498677885,2459275
2018-06-18,109.9402847290039,113.2104608644889,107.9548168279469,112.78223270681673,2771435
2018-06-25,108.92808532714844,110.0570850434013,107.60444400682762,110.01815197030537,1884950
2018-07-02,108.1988296508789,109.92436136745168,107.5321531981938,109.72827794584154,2014258
2018-07-09,108.27727508544922,109.33611845253334,106.82625288079907,108.55178471336744,1863938
2018-07-16,108.78707885742188,109.14002661929017,107.29684965487476,108.23804767585094,2237966
2018-07-23,107.96355438232422,108.86554553002382,107.49296123255446,108.47337858788973,2112221
2018-07-30,110.27733612060547,110.66950301723922,107.14000094753543,107.72825129248605,2039829
2018-08-06,108.82630920410156,110.63027924576623,108.70866392729049,110.473414887357,1435285
2018-08-13,108.98316955566406,110.51261793789372,107.92432619934335,108.63022177022383,1642791
2018-08-20,108.55177307128906,110.00279512031842,108.35568965752736,109.10081620420729,1300880
2018-08-27,106.66936492919922,109.02236562616686,105.68894797212938,108.74784409099512,2180505
2018-09-03,105.02227020263672,107.06154246536003,103.92420788762055,106.6693756431426,2584633
2018-09-10,105.72819519042969,106.08114299533871,104.63012072539941,105.25759013856191,1924910
2018-09-17,107.06153106689453,107.17917631384182,104.39480174692594,105.49286394503527,3232422
2018-09-24,110.82633972167969,111.49301609877416,106.55172400884945,107.06153606003821,2879531
2018-10-01,108.0419692993164,111.57147101871331,107.37528085401502,111.2969494311227,2196699
2018-10-08,102.51239776611328,108.6694212316049,101.80650232267256,107.9243067150884,3139849
2018-10-15,103.68890380859375,104.2379349576717,100.66922650467437,102.70848676810405,3166925
2018-10-22,104.63009643554688,105.3360038494723,99.64958530475822,105.06148230494895,3049230
2018-10-29,107.41450500488281,107.68902660543479,100.63002283335508,103.92422220006229,2718367
2018-11-05,111.68911743164062,111.68911743164061,107.10077233026615,107.45372011222068,2305162
2018-11-12,110.12042236328125,114.15974720663993,107.92429806286937,112.04204907811142,3179559
2018-11-19,110.591064453125,111.10087662972245,108.51258469563216,110.159678474782,2201600
2018-11-26,111.81278991699219,113.07979522991636,110.6645731488749,111.89198228019677,2223424
2018-12-03,109.27880096435547,113.95086081004263,108.76408680752967,113.67371168062074,2203658
2018-12-10,117.51432800292969,119.0980791193199,108.64532416775685,109.0808581413766,3324726
2018-12-17,112.6838607788086,117.98942302155542,112.28792311766243,117.07877123414266,4013889
2018-12-24,111.97119903564453,113.51536603974836,109.95192602977727,111.49608095081898,1180895
2018-12-31,111.73362731933594,113.47575083801411,108.96206333137427,112.05037265616467,1367678
2019-01-07,109.63513946533203,111.81279667136559,108.17017732201752,110.86254867079909,2386969
2019-01-14,110.54581451416016,111.10012489680784,107.69505814188618,108.80367890718155,1811034
2019-01-21,112.05035400390625,113.43613576720544,109.19959811475326,110.8229448826582,2161754
2019-01-28,115.89097595214844,116.52446664029625,111.10012710390335,111.53566101430023,1612447
2019-02-04,119.21683502197266,120.28585948264708,114.94070093009853,115.37623478432535,2218543
2019-02-11,119.21683502197266,119.9295179957556,115.97014129016408,118.78130116774582,2058790
2019-02-18,120.28588104248047,121.51329045782434,117.75188191332403,119.57319794095743,1649041
2019-02-25,121.27569580078125,121.4736646232331,118.26657936595952,120.32544786962397,1645028
2019-03-04,123.17623138427734,123.92851066177822,120.99857384868699,121.55288425931602,1476204
2019-03-11,125.74979400634766,126.3041042730662,121.8695979732026,123.2949758612343,2087000
2019-03-18,124.7203598022461,127.13558188486948,124.16604950862553,125.43304273932138,1702698
2019-03-25,126.70004272460938,127.84825944518961,123.53254165649415,124.56198192024313,1860591
2019-04-01,126.85844421386719,127.92748090071899,125.51225837035558,126.70007154105295,1721368
2019-04-08,125.74979400634766,127.65028980168486,125.07669520050953,127.05638335525978,1501703
2019-04-15,122.50311279296875,126.34371302869043,121.79042981954314,125.86858299103416,1869771
2019-04-22,123.3345947265625,124.44321546391443,121.75084391145415,122.50312313201866,1290065
2019-04-29,122.8990478515625,124.24523348556869,121.31529720377675,123.5325505272885,1512460
2019-05-06,121.6320571899414,124.44320498356174,120.44424417864533,121.19652333585442,1863286
2019-05-13,127.13558959960938,127.76909229492809,120.28586058625532,122.02799601914651,2023524
2019-05-20,128.9173126220703,129.1548776496259,125.2746810877096,126.97722038264179,1759518
2019-05-27,124.95793914794922,130.06553300457637,124.64118174163353,129.4320302750046,2121333
2019-06-03,126.85844421386719,126.97723278077318,123.33460089074374,124.9183517850069,2553672
2019-06-10,124.99751281738281,127.37313856304313,124.00766875669102,126.9772009387664,1617196
2019-06-17,128.9173126220703,130.58024364884082,125.11630843035896,125.31427727281206,2809478
2019-06-24,128.3234100341797,129.82796844978878,126.93762809446513,128.719347731241,2000959
2019-07-01,127.88785552978516,131.01576041560492,127.45232171663257,129.1944448861853,1926405
2019-07-08,125.47880554199219,130.06560222265756,125.07995365671694,127.87191685364368,2007498
2019-07-15,125.43891143798828,126.27650278818902,123.12557549171287,125.15971026392373,1942739
2019-07-22,126.6354751586914,128.51008391172778,124.24236381710983,124.84064165250523,1793678
2019-07-29,124.48170471191406,129.507242066841,124.48170471191406,125.95744972664896,1971570
2019-08-05,124.48170471191406,125.75802373773914,121.25100125717557,124.0828527340944,1788652
2019-08-12,126.9146728515625,127.27363710850413,123.04580475387506,125.07995177253554,1732648
2019-08-19,129.5869903564453,134.09402449416538,125.59847103385854,127.35341710139772,2144799
2019-08-26,138.56112670898438,139.31894277018878,129.26788371065166,129.34764677541455,2134207
2019-09-02,139.39874267578125,143.1878358243361,138.08253624034413,138.60103885503284,1899493
2019-09-09,131.18235778808594,139.39870750306545,131.18235778808594,139.39870750306545,2250059
2019-09-16,131.1425018310547,133.2963118611659,129.18812992594843,130.5841115970235,2388156
2019-09-23,129.5869903564453,132.53849222076053,128.82917411955282,131.38182405160936,2054363
2019-09-30,137.2050323486328,137.28480758507422,128.62971782684326,129.6268474224002,2873026
2019-10-07,135.80908203125,139.11954817819174,134.811952207232,137.56402808712267,2044329
2019-10-14,128.43032836914062,136.12816616346169,124.840660806028,135.76920184154955,3037988
2019-10-21,127.07423400878906,128.35055294864898,124.52158395707362,128.35055294864898,2297905
2019-10-28,130.9829559326172,133.01710297015774,125.79788145402034,126.63547284265391,2050650
2019-11-04,133.5355987548828,133.61537399621503,129.4274294381247,130.86329857815426,1798757
2019-11-11,135.6495361328125,136.36746469729073,133.2564246885594,133.2963123136958,1585068
2019-11-18,132.81768798828125,136.96574547904189,132.69803728231483,135.96861568934008,1790675
2019-11-25,134.54489135742188,135.23093803375244,132.40606023908046,132.93067547475218,2103274
2019-12-02,131.72000122070312,135.35198661639615,129.98472423562302,133.8991899950212,2391439
2019-12-09,129.94439697265625,132.0832283941462,128.2091195790317,131.8814513802135,2612808
2019-12-16,129.41978454589844,131.0340006933222,128.12840670176269,130.02511560118236,2342379
2019-12-23,130.75148010253906,131.5585880044066,129.41975699065335,129.74259522520467,544485
2019-12-30,130.1057891845703,130.87253921567404,128.33015429267513,130.6304167014753,857026
2020-01-06,128.24945068359375,130.99362515327354,128.12838941506692,129.33905136229592,1713872
2020-01-13,137.69264221191406,138.0961962485076,127.88627173339583,128.12840661845033,2479317
2020-01-20,132.52711486816406,137.32940441554737,130.99361478260946,137.32940441554737,2065463
2020-01-27,126.3124008178711,130.87255604899735,124.8999618310898,130.02510250932107,2646781
2020-02-03,130.18650817871094,131.31645432506235,125.46492198508595,126.71594170707533,2603703
2020-02-10,133.97987365722656,134.7466234831316,127.5230122761554,129.98469314078594,2869400
2020-02-17,133.53599548339844,137.5311770023808,132.48675278258267,133.45529208517496,2737470
2020-02-24,118.16063690185547,130.71117201813885,116.667494104117,130.71117201813885,4482068
2020-03-02,121.26795196533203,125.22277542269833,118.32201329969061,124.0524715273951,3986196
2020-03-09,98.5478744506836,119.25019354668186,97.25650302791989,117.03064679708203,7332983
2020-03-16,102.58341979980469,106.65931127595498,90.59786790534581,93.62452273514577,5747196
2020-03-23,104.88365936279297,111.13874500458328,95.48085813068403,98.83035067718943,3768396
2020-03-30,102.34127807617188,107.54712125743009,101.00954888909013,105.12579770191572,3203523
2020-04-06,112.59156799316406,113.5197372833988,103.63266410837184,105.32759586457284,2271206
2020-04-13,112.9547348022461,113.80220046026047,108.43493848531563,112.59153875323642,1846262
2020-04-20,108.9595718383789,115.17430050976625,107.34535595929181,113.15653066090739,1564569
2020-04-27,112.26873016357422,113.92329174710252,108.47531262882575,110.21060225579369,1444425
2020-05-04,110.33167266845703,111.34055777390284,106.98217904457368,109.96847649359493,1508481
2020-05-11,102.623779296875,111.13876465916218,101.45346904937915,110.53343368355074,1917783
2020-05-18,107.30499267578125,109.12098544796987,103.47123015671637,103.47123015671637,2091218
2020-05-25,113.07582092285156,116.54637501611067,107.99103872542874,108.31387695696802,2259592
2020-06-01,118.40271759033203,120.33978379440502,114.00398232820001,114.1654014330007,2219300
2020-06-08,115.9410629272461,120.985488086202,113.92329286366373,117.59563684248185,2458822
2020-06-15,115.17431640625,118.03955245019054,112.67228883762634,114.36720835530853,3230381
2020-06-22,113.03547668457031,116.38496992345162,110.8159297077117,114.48827353252135,1769062
2020-06-29,114.97254180908203,116.38498092790489,111.42127123652413,112.51085973889242,1628891
2020-07-06,115.00167083740234,117.48401648096785,113.37390483098156,116.95498507755966,2137890
2020-07-13,113.25181579589844,116.22249623167252,112.7227968073107,116.01902547931276,2315938
2020-07-20,117.40264129638672,118.37929856689789,112.68211666689992,113.41461893393654,2541934
2020-07-27,118.82694244384766,121.83830767954072,116.54806709128722,117.60611769271223,2527347
2020-08-03,117.19916534423828,123.3846818160657,116.91430129425619,118.9897056643345,1952742
2020-08-10,116.26321411132812,119.68152089184417,116.22251746964562,117.56541971306825,1798241
2020-08-17,116.83292388916016,120.08845635604656,115.97834413282831,118.01305192463232,1807178
2020-08-24,118.42000579833984,121.02442955892754,117.44334844047846,117.89098668500262,1696136
2020-08-31,115.00167083740234,122.73355936790108,114.06569793238894,118.90831173658604,2689507
2020-09-07,115.85626220703125,116.71082951184688,114.18779939771494,114.75751507388213,1916010
2020-09-14,112.76351165771484,117.36194643634295,111.8275385943385,116.99570150670489,8036323
2020-09-21,107.71744537353516,112.11240964053361,107.14771720432964,112.07171299718009,2694962
2020-09-28,109.63004302978516,111.86822139030697,108.65338586533139,108.65338586533139,2829295
2020-10-05,112.43793487548828,113.37390780505451,109.1824027772462,109.58934428952645,2178159
2020-10-12,115.1644515991211,115.61208976048881,111.66475199961414,112.4786350497846,3014448
2020-10-19,120.3733139038086,121.43136449125268,114.71682844873276,117.60611613868228,3429821
2020-10-26,112.64141845703125,120.98372040863487,110.8101814432646,119.39665081381126,3057741
2020-11-02,120.08846282958984,120.73957184184026,112.56004359408463,113.25183682926763,2544465
2020-11-09,129.2039337158203,131.93044689091465,120.82093584764984,121.34996727954038,3810146
2020-11-16,126.19257354736328,132.2559999860255,126.19257354736328,129.77365411789836,3324198
2020-11-23,129.9771270751953,130.46546189706646,125.82633076477214,127.82034185281694,2579843
2020-11-30,128.3900604248047,131.84906363751733,128.22728628680412,130.2212974197702,3278443
2020-12-07,130.2288818359375,131.09159933344375,127.14775687136485,129.36616433843125,2220205
2020-12-14,129.32508850097656,133.0635228730597,128.83211599714616,130.80403108672851,2726075
2020-12-21,129.61265563964844,129.6537398128872,125.6688132141857,127.72289650482989,1143698
2020-12-28,128.8321075439453,132.44728915001622,128.8321075439453,129.8180650240438,821562
2021-01-04,129.7769775390625,131.6667366410241,124.92934607227899,130.39320251554156,2157123
2021-01-11,127.80509948730469,130.31108428845437,126.61373336328913,129.61269076551446,2238814
2021-01-18,125.79206848144531,129.16075762940284,124.76502681369064,126.8191101492,1843146
2021-01-25,127.92828369140625,130.1877749376926,123.98444191773547,125.87420074023682,2665830
2021-02-01,134.09056091308594,134.37813760194027,128.1337190944664,128.91426827361812,2552926
2021-02-08,130.8861846923828,134.8300269643271,129.85914308703946,134.131633657842,2203219
2021-02-15,134.21380615234375,136.76086189009814,130.26996375841674,131.4613295500381,2301522
2021-02-22,129.28399658203125,133.55648696401985,128.91425159074458,133.55648696401985,1751044
2021-03-01,130.146728515625,131.70783953353435,128.2569816821979,130.35213687031327,2040610
2021-03-08,132.11866760253906,132.61164017389828,128.50347272691096,128.99645783540228,2279748
2021-03-15,131.62567138671875,134.04948746847936,131.62567138671875,132.81703733838438,2291176
2021-03-22,129.61265563964844,131.83106308611826,129.407247310584,131.5845705838151,1931010
2021-03-29,132.6116180419922,133.43325139426508,129.77698548407673,129.90023800919568,1487538
2021-04-05,138.48629760742188,139.6365792323802,132.61161188897114,132.61161188897114,1791673
2021-04-12,140.37606811523438,141.36202566470297,137.45926710616146,138.48630883209344,1854216
2021-04-19,142.51231384277344,146.00425586922688,140.29390612162922,140.49931447612647,2124164
2021-04-26,140.25282287597656,143.6215249269857,140.04741452011334,142.34799061320757,1643297
2021-05-03,143.0874481201172,144.11448984517438,140.41713963496846,140.82795632499133,1396270
2021-05-10,144.0734100341797,144.23773419344246,139.10252585942024,143.210692526638,1783954
2021-05-17,146.90805053710938,147.81183973089742,142.5533911250003,144.44315040238314,2183455
2021-05-24,148.8799591064453,149.3729441266412,146.99019991186753,147.60642491854748,1785070
2021-05-31,147.6064453125,149.6194573088182,146.0453467614079,148.9621480367836,1297275
2021-06-07,146.66156005859375,149.49619274557742,146.3329117175724,147.48319344827775,1587726
2021-06-14,147.154541015625,149.49618858883653,145.01828924699282,145.8810067895993,1942805
2021-06-21,153.6454620361328,154.46709552295707,145.55236717606124,146.08643646477623,1793870
2021-06-28,152.28973388671875,156.6033086187247,152.0432413946069,153.80974793667204,2181398
2021-07-05,149.67372131347656,153.77040054338872,148.47367312076534,153.19107433594854,1765497
2021-07-12,152.44618225097656,153.31517768661345,149.17711621059152,149.4254024248251,1572724
2021-07-19,154.22555541992188,154.59797842505645,148.51502303719974,151.3289124025351,1745051
2021-07-26,154.01864624023438,156.08767688489974,151.78408304130707,154.01864624023438,1379303
2021-08-02,154.8876495361328,155.79802819178573,153.48071103696583,154.55660964045677,1343151
2021-08-09,153.6876220703125,155.34284689094778,152.19791720606813,154.92904068578898,1234062
2021-08-16,145.452880859375,153.97729119643634,143.09418044274258,153.10829564144737,1711843
2021-08-23,147.06671142578125,149.79783469450263,145.6597729626103,146.652905252592,1306820
2021-08-30,152.03237915039062,155.30144525629393,146.19770982658957,147.31499149885252,1915699
2021-09-06,156.25320434570312,156.74976414735158,150.459918261274,152.8599888734786,1558056
2021-09-13,153.149658203125,157.78427949286703,150.50130137636364,156.74976412082262,2340431
2021-09-20,158.40496826171875,160.5567650090604,150.87370490274265,151.1219910856451,1952325
2021-09-27,157.28773498535156,160.14299516415622,155.54974393997688,158.98434288614826,2394730
2021-10-04,163.41204833984375,164.90175302584998,156.58424677164672,157.1222023510065,2111076
2021-10-11,163.53619384765625,165.43969201536956,161.50853363084283,163.1223877019166,1834519
2021-10-18,165.06727600097656,165.52246530624112,159.64641273652478,162.58443902138293,1812367
2021-10-25,164.44654846191406,167.17767136131056,162.749940855595,166.7638652440796,1862877
2021-11-01,169.4949951171875,170.40536103553546,164.65345829504054,165.0258812901993,1561188
2021-11-08,173.38478088378906,173.96410698159477,168.4191069682629,168.99843306606857,1576753
2021-11-15,175.61935424804688,177.52286535326505,173.38480322381832,173.38480322381832,2104540
2021-11-22,172.68968200683594,178.36532434272254,171.18731695727737,176.111764032592,2146615
2021-11-29,170.8534393310547,174.85977563989078,167.26442945572668,173.6077963393665,2642435
2021-12-06,175.61097717285156,178.61573291432583,171.5211827752054,172.18890768839896,1858950
2021-12-13,174.85980224609375,177.78108772514545,173.2739666517833,175.86138329175267,2026259
2021-12-20,176.1952362060547,177.78107165703506,171.02037792223913,171.52117476770283,1043387
2021-12-27,176.52908325195312,177.5306641558696,174.52592144412017,175.44403196613018,876571
2022-01-03,169.8518829345703,181.28662631470203,168.09910656672648,179.19999384621838,1768029
2022-01-10,165.3447723388672,171.4377293429887,162.42348669850412,170.35269057948958,1773807
2022-01-17,164.6352996826172,168.0991044422052,162.79906568071758,165.1360965630415,1707020
2022-01-24,158.95965576171875,164.9691546050768,157.16515696859022,164.05104397855735,2252681
2022-01-31,158.79273986816406,164.80223917146918,157.74942357468072,159.9195265594439,1994747
2022-02-07,160.0029754638672,166.09594483147714,156.9982323445731,158.91792403087464,1743052
2022-02-14,164.51010131835938,165.55341750445805,155.62103977132253,158.58406028700148,2355235
2022-02-21,164.30142211914062,166.34631909807223,154.86984216593441,165.34473820388044,2930617
2022-02-28,152.3658905029297,163.75889757293078,152.07375689157885,160.92108278749092,2699538
2022-03-07,148.19264221191406,154.36906929737225,143.72724358221802,147.94224376557517,3891488
2022-03-14,158.33364868164062,158.33364868164062,146.35638750322525,149.1524670078568,3309729
2022-03-21,156.33050537109375,160.3785646740707,155.32892434436715,158.6258010612476,2132631
2022-03-28,166.30459594726562,169.18414600245617,156.33049600222938,156.8730153112533,2455668
2022-04-04,168.01564025878906,169.85187418935317,164.17623162014243,166.26286398119097,1981453
2022-04-11,163.96755981445312,168.26602989503428,158.2501950854678,167.34790660984035,1661445
2022-04-18,161.63055419921875,165.17782957746576,158.3336772771834,163.9675852308698,1510974
2022-04-25,164.96914672851562,166.59673013270543,157.99980239569012,158.66752728769197,2242233
2022-05-02,152.9084014892578,168.1825513828486,150.2792500731231,163.29982705483621,1980228
2022-05-09,157.2069091796875,157.6659581747359,147.02413164387067,151.0722040852237,2063227
2022-05-16,147.7335662841797,160.9628201107242,146.23118848667355,156.28875868199236,1950496
2022-05-23,153.11708068847656,153.53440716227223,145.81386739705215,150.11233771862362,1633119
2022-05-30,152.198974609375,156.87302361327485,149.98713659106906,153.7430749668177,1821754
2022-06-06,145.89730834960938,155.16194655714645,144.0193395964314,153.28397780396844,1812559
2022-06-13,141.598876953125,147.60838876711594,140.17996939429707,143.81071505393376,3116259
2022-06-20,150.15406799316406,152.0320372229964,139.05319340101263,141.6823452284603,2338563
2022-06-27,146.27294921875,151.2391323939965,142.97607216868184,150.48794973198426,1959282
2022-07-04,149.7671356201172,152.84078820458325,145.51453811672206,148.50398861016197,2122293
2022-07-11,152.1671142578125,154.27235937164332,146.94610894539136,147.66189742385242,1860455
2022-07-18,156.20916748046875,157.3460048363918,149.93554041299197,152.9249906624163,1894407
2022-07-25,161.26174926757812,163.19857702448272,154.44075107786014,156.20916182316313,1628086
2022-08-01,161.43019104003906,163.61965107487214,158.4407404403465,160.84072498432135,1314627
2022-08-08,163.4091339111328,165.72490361578855,161.30388872508212,162.39861879170786,1337738
2022-08-15,164.54592895507812,165.17750239710028,162.8196384930666,164.41961940643154,1136866
2022-08-22,158.18809509277344,164.3775069261482,157.2617822663066,164.20908991662535,1383718
2022-08-29,159.5354766845703,160.0828481393411,150.98818641956439,157.13550489631882,1766250
2022-09-05,158.94598388671875,159.83018928086815,153.59865690494414,156.63021458505796,1626503
2022-09-12,157.8933868408203,163.36702425130207,156.2512981875551,157.05128877766927,2486405
2022-09-19,154.44078063964844,160.08284797871892,153.80920708820594,157.38812387971348,1524410
2022-09-26,159.03016662597656,159.74594201013687,152.54600361443278,153.80915025054256,1907114
2022-10-03,154.06182861328125,159.4091561253439,153.17762313144624,155.99865660934938,1673411
2022-10-10,149.68292236328125,152.7986824530034,143.87245119189117,152.67237289034554,1934463
2022-10-17,145.1355743408203,155.6617978105812,143.9987370663286,150.01973175127426,2011488
2022-10-24,148.0829315185547,149.97765192999793,145.13558865630966,145.68294719096852,2148301
2022-10-31,153.93553161621094,156.67235037660797,147.5776885414092,148.88294313547794,2156042
2022-11-07,157.43020629882812,159.8301905521234,149.8934323542651,152.9670846757042,2270600
2022-11-14,156.37759399414062,160.04072538620628,153.43025103251398,158.061789972213,2520508
2022-11-21,159.53024291992188,163.49930185168134,157.35367692024371,157.56706676525394,1833676
2022-11-28,162.7737579345703,163.7980265024844,157.99383360954408,159.48756240316754,2302635
2022-12-05,159.060791015625,162.6884182744129,158.03650937018858,162.6884182744129,1546041
2022-12-12,156.15869140625,162.30431655148888,153.89676418016418,158.37795108127546,2747410
2022-12-19,157.86578369140625,160.42646149021016,154.1954762415978,156.71348649651296,1548932
2022-12-26,156.84152221679688,159.78629921274575,156.11599159819028,157.86579077743804,679556
2023-01-02,159.0181121826172,160.17040950991566,156.45743408957756,157.52438329501075,1556716
2023-01-09,165.5051727294922,165.76124317025278,158.0792080931365,159.65829829092385,1975248
2023-01-16,163.4565887451172,168.6633051367885,162.60302953495992,166.2306561781283,2146338
2023-01-23,157.2256317138672,166.91353567231795,155.04905273814893,164.39553816186367,2246629
2023-01-30,165.84657287597656,165.84657287597656,156.84151974945115,156.84151974945115,2118912
2023-02-06,159.274169921875,165.3344331118955,157.43900962000106,165.16372385746755,1615558
2023-02-13,166.40138244628906,170.32776042458465,158.7620293383587,159.9143395997206,2603275
2023-02-20,169.13278198242188,174.46752798267846,166.05997610084341,166.35871406228844,2615749
2023-02-27,171.7361297607422,172.9311206036999,166.18799427179394,170.45579080175412,2267631
2023-03-06,170.79722595214844,172.93112426227384,169.3888452528967,172.3336223160134,1888262
2023-03-13,169.9010009765625,174.12611739677473,166.1453318063761,170.37046125087116,3574249
2023-03-20,177.28428649902344,177.96713663051992,168.87673414183962,169.81564167639968,2782836
2023-03-27,178.13783264160156,179.07675313052425,173.01647657318398,175.0650268151202,2338120
2023-04-03,176.94284057617188,179.33280915459142,175.40643127402495,177.8817479655032,2012125
2023-04-10,178.39390563964844,179.16210385135034,176.17464610140405,176.94285733738812,2039203
2023-04-17,183.17384338378906,183.2591915049952,176.68678705514338,178.39390577065203,2279650
2023-04-24,178.73533630371094,186.0759524829344,175.49182094591194,183.17385568144593,2781076
2023-05-01,183.08847045898438,184.79558906466255,178.30853315337293,178.73531280479247,1645853
2023-05-08,182.74705505371094,185.22237186430468,180.95457527756955,183.17383471238443,1639280
2023-05-15,180.95458984375,184.7102459326808,178.991400650966,184.02740884326258,1648515
2023-05-22,179.50352478027344,183.00311012271465,177.1135561169713,181.7227711628329,1486505
2023-05-29,174.38218688964844,180.52781192478454,170.66919831410644,180.52781192478454,2642266
2023-06-05,169.77297973632812,174.72362745273375,169.21817126974764,174.4675569972795,1451846
2023-06-12,173.52862548828125,174.9796738371966,170.58384821636545,170.58384821636545,2377414
2023-06-19,167.93780517578125,173.52862162511735,166.52943743230466,173.27255121059005,1574622
2023-06-26,172.76040649414062,173.2725473116712,166.44407254076788,167.42566057937242,1377506
2023-07-03,169.34747314453125,177.36647551721822,168.87324174995857,174.17612341284115,1593787
2023-07-10,174.6934814453125,174.95214832767198,166.24335015355163,166.9762615819257,1306229
2023-07-17,174.00364685058594,174.69345580198498,170.08037077420207,174.69345580198498,1313150
2023-07-24,174.9521484375,176.6766644917169,170.98576940700912,173.31386344879928,1412775
2023-07-31,168.83010864257812,174.43478529769888,166.9762461624463,173.74497630874313,1719157
2023-08-07,169.34747314453125,173.74499439449255,167.53673916167517,168.0540860894854,1240050
2023-08-14,166.02774047851562,170.9426072614401,164.734353790535,169.64922057345944,1153410
2023-08-21,166.58824157714844,168.2265396576721,164.51882765723866,166.02777914463496,1098326
2023-08-28,156.41357421875,169.7354689945795,155.1633029237561,167.14869535375996,2469317
2023-09-04,150.46401977539062,158.1381106501269,149.34308175311122,156.28426122802034,2398686
2023-09-11,148.2221221923828,151.62805129535042,144.38507731258323,151.28314025406954,3758678
2023-09-18,143.39349365234375,148.0065655955513,141.36718229273083,147.44610321455792,2705934
2023-09-25,136.107421875,143.65217889341434,135.934959760398,143.39349887852345,3179248
2023-10-02,136.75411987304688,139.64267619034194,135.07270629895027,136.9696843664426,2487769
2023-10-09,135.46072387695312,139.2977689720496,134.81403043990275,136.45231521762568,1908045
2023-10-16,143.09170532226562,145.41979917459264,135.71939715905322,136.58165511599006,2825102
2023-10-23,142.27255249023438,147.10120195876806,140.84983222813656,143.30725933148835,2664994
2023-10-30,149.55865478515625,150.80892631491818,142.57437253768595,142.87615495824167,1776153
2023-11-06,141.6689910888672,151.15382902576377,141.23786209173554,149.29996644388993,1927984
2023-11-13,144.29885864257812,148.61014795777902,141.10849402372077,141.62585400434924,1808444
2023-11-20,143.63372802734375,147.92654044235238,142.84525909803529,146.74382368043115,1599422
2023-11-27,138.5524444580078,144.20318737648753,135.4861556542255,143.58991892136441,3298889
2023-12-04,139.5161590576172,140.2170278363652,137.1069318211434,138.72769003650072,2069744
2023-12-11,142.8452606201172,144.33459826243526,135.6175796752608,138.33342752467405,2858084
2023-12-18,140.8740692138672,143.41470312642772,139.69135248714804,141.53113109138712,1386990
2023-12-25,139.9541778564453,142.0567704864482,139.47232981308193,140.8740671450558,609128
2024-01-01,128.7841339111328,140.65505505068273,125.58643797412832,139.95418634220047,2129994
2024-01-08,129.4849853515625,133.6025700838335,128.30226872822774,128.3460755231581,2020372
2024-01-15,124.53512573242188,129.26597939392764,123.9218706377707,128.1708762363511,2194951
2024-01-22,137.1507110595703,137.8077729010873,123.08958497751534,125.2797911159053,2394971
2024-01-29,134.17202758789062,136.09941975438988,132.0694349654742,135.13572367114025,1965295
2024-02-05,135.66140747070312,139.20953160746305,133.95303556134672,134.0406491759663,1576021
2024-02-12,137.67637634277344,144.1593956553449,134.08444567485168,136.23084538840828,2269309
2024-02-19,138.37722778320312,141.09308887217844,135.5737664652674,135.61757326372663,1912672
2024-02-26,136.71267700195312,141.0054759111555,135.26713285402803,138.37722840724595,1996968
2024-03-04,131.4123992919922,136.5374882115641,129.57262035472007,136.5374882115641,1688960
2024-03-11,132.63890075683594,136.14323116909537,130.88673555070622,131.41239045972898,2188056
2024-03-18,129.7916259765625,132.814121504321,126.2435023012964,132.63889429787318,1716241
2024-03-25,131.36856079101562,133.33974630482265,126.72532112934535,129.79160970637852,1336444
2024-04-01,123.65904235839844,132.20084692892218,122.95818703672218,131.32476440886845,1391631
2024-04-08,123.74665832519531,128.03945740840803,123.17721002344867,123.48383089055892,1483195
2024-04-15,127.0319595336914,127.0319595336914,121.51263723898084,124.00947765286064,1697519
2024-04-22,124.84175109863281,129.70401144659212,122.56393134543967,129.1345498243151,2302083
2024-04-29,123.74665832519531,126.72533360318471,123.13340322301616,125.14839573128363,1943254
2024-05-06,130.8429412841797,131.54379666781404,123.6152598547842,124.31611523841855,1891077
2024-05-13,130.3172607421875,131.93801857591177,128.78411649816178,130.8429155444648,2298627
2024-05-20,123.52764892578125,130.9305443615712,123.44003531694783,130.0544617450763,1682371
2024-05-27,119.97950744628906,124.49134078373054,118.13974203696795,123.5276445922104,2555208
2024-06-03,120.41754150390625,123.26480973654989,119.62907257128067,121.29362403702737,2171989
2024-06-10,115.55529022216797,119.67288915896142,115.02964868008091,119.1034274450842,2981078
2024-06-17,114.54779815673828,116.12474948564281,112.57661233759747,115.81811523325936,2862192
2024-06-24,110.99964904785156,117.70168813152324,110.47400088951818,114.63539940993643,2230613
2024-07-01,114.02213287353516,115.90571828328082,109.77314073779462,113.89072584474373,2326371
2024-07-08,114.0659408569336,115.20485080079932,110.60541759392329,113.32127873945245,2015934
2024-07-15,111.4712142944336,115.93542677935059,110.44444562725779,115.57828215129949,2391921
2024-07-22,114.06045532226562,114.28366560665361,110.26588048766969,112.31941782877418,1633699
2024-07-29,109.9533920288086,113.52475672767798,107.31950647628989,113.43547397257376,2428430
2024-08-05,109.10518646240234,110.84623080249104,107.09629386280285,109.55160704009113,1884250
2024-08-12,109.73017120361328,111.15871558368686,107.54270644839842,109.46231615217083,1245564
2024-08-19,112.8551254272461,113.34618398441322,108.07842652262705,110.26588466782046,2245135
2024-08-26,114.99794006347656,125.97988866760991,112.587264929677,112.98904752456221,3211102
2024-09-02,109.9533920288086,116.38185257387603,109.81946449023349,114.55152544097044,1861393
2024-09-09,112.2747802734375,116.15864492123336,109.01590854925647,109.19448087536259,2737115
2024-09-16,114.37295532226562,115.62292746703399,111.02479424014741,111.87299740905429,2790500
2024-09-23,124.72989654541016,124.72989654541016,112.31941094366266,114.1050931093054,2649977
2024-09-30,117.0068359375,125.66739240516351,116.56041536057225,123.97099966230797,2458410
2024-10-07,112.67655181884766,118.65858487416024,111.20336935233577,117.18540240764835,2471307
2024-10-14,113.9711685180664,115.08721308848259,108.65875985143884,112.76583438760034,2706861
2024-10-21,110.13195037841797,114.99793855135147,109.50696432148644,112.76583575968577,1732079
2024-10-28,102.94458770751953,111.82835445874906,101.7392467010092,110.84623055241696,3017044
2024-11-04,100.57855987548828,103.8374315314456,97.58754329716379,102.58745252222172,2499995
2024-11-11,97.36433410644531,101.78389525460769,96.91791351322335,101.11426436477474,2340786
2024-11-18,95.22151184082031,98.03396287976659,94.19474313620977,97.3196872212973,2254152
2024-11-25,96.68224334716797,98.23426899656543,94.76503314340758,96.7735377444297,3302891
2024-12-02,99.37547302246094,99.37547302246094,94.9019776042615,95.4497579551028,3209554
2024-12-09,104.03155517578125,104.99016380534793,100.42537407468063,100.42537407468063,3848355
2024-12-16,98.64510345458984,103.30118733139396,96.27140735260078,103.07294785738085,4409229
2024-12-23,99.96888732910156,99.96888732910156,97.18436302376281,98.59945051637415,871244
2024-12-30,96.08881378173828,100.33406918036039,95.76927992707115,99.32981693769989,1674165
2025-01-06,95.63233947753906,101.06443616531585,95.49539440025983,95.90622963209755,2929636
2025-01-13,98.05168914794922,98.23427795913146,93.85208380290757,94.94763060063437,2982268
2025-01-20,100.88185119628906,101.0644399960382,96.18011646692818,98.41686757309446,2566926
2025-01-27,100.60795593261719,103.07294639620424,98.91898524192649,100.19712767134395,2766064
2025-02-03,91.88921356201172,99.8319444656007,91.52402901080069,97.54954972717674,4791370
2025-02-10,90.18197631835938,92.30003827546368,89.23249930788975,92.16309320336711,4571032
2025-02-17,90.56541442871094,91.04015640339766,87.6622082353485,89.63420050192623,4020113
2025-02-24,94.26290130615234,94.26290130615234,89.54291072840628,91.524027660453,3839953
2025-03-03,93.39559173583984,96.0888146330142,91.93485358959371,94.21724823645866,3236763
2025-03-10,87.71700286865234,96.91048928918157,87.20574167230471,93.94337590564521,3550391
2025-03-17,86.91358947753906,89.83505894290231,86.82229508040935,87.6987338304235,3326741
2025-03-24,85.92759704589844,88.64820759203205,82.76876365837455,87.86306326830646,3754387
2025-03-31,80.85154724121094,86.822292583988,80.21247951436213,84.57641704565613,3459985
2025-04-07,82.78702545166016,86.27452446904488,75.81202741689071,77.80227598484217,4590143
2025-04-14,84.21123504638672,85.70848545050735,81.874065042943,84.21123504638672,2108208
2025-04-21,87.44310760498047,89.43335612966077,83.90083341765826,84.2112357640602,2198427
2025-04-28,88.17347717285156,88.46562342727242,85.81804407859303,87.93610616447332,2240381
2025-05-05,88.2647705078125,90.29153817076144,87.82654764880351,88.1734761104028,1782977
2025-05-12,86.56666564941406,90.89408403764963,85.28852322809486,88.79428509898993,2178038
2025-05-19,83.22525024414062,87.9178535599962,81.92884465871516,87.18748441230063,2177351
2025-05-26,83.09742736816406,85.7450067468944,83.06091518059864,84.72249832747363,2440275
2025-06-02,80.34029388427734,84.8868272165584,80.19421727931794,82.47661199193945,2600562
2025-06-09,81.89231872558594,84.32079002012097,80.50462581822008,80.50462581822008,2547977
2025-06-16,79.84729766845703,82.11143634136728,79.53689532359172,81.45410553422185,3349258
2025-06-23,78.53263854980469,81.89232403117857,77.8205324745396,78.84304786985035,2289037
2025-06-30,81.94709777832031,83.44434808069815,76.8162722031425,78.97085326565022,3308408
2025-07-07,86.4936294555664,88.10043730910911,81.14369560682424,82.07491656496899,3673239
2025-07-14,86.01889038085938,86.58491979426486,84.01037891674001,85.81803853791587,2542777
2025-07-21,93.639404296875,94.38814085365023,87.15343647518365,88.14551580467166,2993810
2025-07-28,83.821533203125,95.37086415965801,83.33485480796551,94.62212047728299,2891543
2025-08-04,89.62428283691406,90.61636219028222,83.40973427739986,84.0461642932802,2221505
2025-08-11,92.00153350830078,92.6566788866331,89.11887956254041,90.27942586439299,1670874
2025-08-18,95.32406616210938,96.7747543866632,90.57892140421232,91.62716114418697,2250239
2025-08-25,90.97201538085938,100.5652580447489,89.88634480222693,95.1368908704875,3275782
2025-09-01,89.96121215820312,94.10736473755263,89.13759268566035,91.1404738093548,1836748
2025-09-08,84.62643432617188,90.20455289861171,84.12103338678496,90.01737053908292,2250586
2025-09-15,83.18510437011719,86.14263410195359,82.773301765588,85.16927015757258,7837529
2025-09-22,78.01879119873047,83.16638415040005,77.92520002771893,82.94176391186262,2670299
2025-09-29,78.87984466552734,79.08574953461417,76.03462867747535,78.03750981042167,2970954
2025-10-06,78.31829071044922,80.52707671910461,77.32621140065532,78.95472069837618,2244670
2025-10-13,83.48460388183594,83.84026036390031,76.59618732861789,78.52419991827658,4306825
2025-10-20,82.54867553710938,84.55155673187139,82.15558830611103,82.94176990865687,2331873
2025-10-27,79.51627349853516,82.75457665849707,78.05623119788902,82.67970086345142,2223181
2025-11-03,77.13902282714844,81.08863187502956,75.60410468634379,79.55371373422491,2486720
2025-11-10,76.5025863647461,79.5349916319464,76.01590800488283,77.90647531197082,2320640
2025-11-17,76.01591491699219,76.82081189116734,72.66529794454672,76.65234491655977,3500249
2025-11-24,74.77259826660156,76.87371045006026,73.48108529990094,76.0448308595843,3988456
2025-12-01,74.0979232788086,76.29542257618138,73.19194427319897,74.79186965131495,2818198
2025-12-08,73.4425277709961,73.90516112117473,70.53181653465087,73.57746096619243,2840718
2025-12-15,73.4425277709961,74.98463403605311,72.63292859981803,73.48108116295329,3843447
2025-12-22,70.51254272460938,73.36542751768081,70.14628918177701,72.82568738964036,1308787
2025-12-29,70.33905792236328,71.12938408538724,69.79931778064145,70.4354377269647,1773986
2026-01-05,71.84260559082031,73.09555779435674,68.71985423875523,70.39688641906508,4513504
2026-01-12,72.17029571533203,73.67384859813382,70.95589695072881,71.24503636231199,3094990
2026-01-19,72.78713989257812,74.5605592797992,70.04991505241478,70.51254843487057,3351803
2026-01-26,72.36306762695312,75.50509209696439,69.52945560907368,72.80642063769137,3020961
2026-02-02,77.606201171875,78.0495615179396,71.63056492634459,73.32687746411956,3310726
2026-02-09,81.57711029052734,82.50236964494091,76.81587296888154,77.49054630354048,3838510
2026-02-16,83.69749450683594,84.48782800992957,77.60619830637822,81.7313229953157,3808127
2026-02-23,75.42798614501953,82.36743484463534,72.82568736768293,81.26868892308462,5137499
2026-03-02,70.70530700683594,74.7533177917668,69.8378740234056,74.13647819317369,3624236
2026-03-09,66.04045104980469,70.76313532837315,64.28631201528592,70.35833570963227,4099279
2026-03-16,62.18519592285156,66.38742013681703,62.18519592285156,66.27176731195142,4783209
2026-03-23,62.35868453979492,62.82131791421393,56.47942799446239,61.56836202318532,6291908
2026-03-30,60.73948287963867,64.44052416544825,60.31540657275311,62.3394119748418,3772161
2026-04-06,62.85987091064453,63.47671050376342,60.18046887263512,60.739482051807855,3942894
2026-04-13,65.17301940917969,65.67419879301207,62.41651441483273,62.609274019389595,3802626
2026-04-20,63.22611618041992,66.04044770131442,62.35868321759412,64.63328194086716,3588848
2026-04-27,60.56599426269531,63.245396247884415,59.27448501131752,63.014075890043976,3131852
2026-05-04,61.3755989074707,64.03572427313084,60.64309912640033,61.125005522547774,3418796
2026-05-11,59.52507400512695,61.144279724233286,58.310671554124134,61.1057300083718,2968128
2026-05-18,62.4165153503418,62.994801525987384,59.043167070229735,59.255207050404906,2213414
2026-05-25,61.125003814697266,64.07427587696556,60.91296750644148,62.744209554643916,3934046
2026-06-01,59.8527717590332,61.04790121580799,58.48415938556355,60.97079442914009,3179632
2026-06-08,61.14427947998047,62.416515691328,59.23593067793996,60.084086926620365,3211885
2026-06-15,61.81895065307617,62.89842360569735,59.02389581822214,61.95388385299034,5690227
2026-06-22,63.573089599609375,64.63328217882965,60.12264178549031,61.43342774451796,3153055
2026-06-29,61.568359375,64.13210113775114,59.17810420103047,63.399601390305754,3390071
2026-07-06,61.87677764892578,64.07427696816191,59.96843245885468,61.91533104259392,3125137
2026-07-13,62.87914276123047,64.4019686954886,60.527440937045654,60.56599433006194,3068883
2026-07-20,62.900001525878906,65.83999633789062,61.15999984741211,64.58000183105469,3063915
2026-07-27,67.81999969482422,69.55999755859375,63.36000061035156,63.36000061035156,3853102
2026-08-03,70.31999969482422,71.13999938964844,66.83999633789062,67.37999725341797,3274618
2026-08-10,69.16000366210938,70.4800033569336,67.63999938964844,70.33999633789062,2786649
2026-08-17,68.41999816894531,69.0,66.83999633789062,68.68000030517578,2200824
2026-08-24,63.20000076293945,69.19999694824219,62.02000045776367,68.0999984741211,4599511
2026-08-31,61.7599983215332,64.80000305175781,61.7599983215332,63.599998474121094,3856721
2026-09-07,59.41999816894531,61.29999923706055,58.900001525878906,61.279998779296875,3139153
2026-09-14,59.439998626708984,61.79999923706055,59.2400016784668,59.65999984741211,3836179
2026-09-21,59.040000915527344,60.63999938964844,59.0,59.15999984741211,3155460
2026-09-28,58.619998931884766,61.36000061035156,57.97999954223633,59.599998474121094,3651476
