Price,Close,High,Low,Open,Volume
Ticker,RMS.PA,RMS.PA,RMS.PA,RMS.PA,RMS.PA
Date,,,,,
2000-01-03,32.042171478271484,36.13778841801087,30.114821843612756,35.89686799049449,334455
2000-01-10,37.318302154541016,37.318302154541016,30.74122327699006,32.52402188104527,395244
2000-01-17,32.524024963378906,38.0651533042611,32.524024963378906,37.34239719396379,257814
2000-01-24,34.52364730834961,35.89688215587379,32.04218412253651,32.5240224106145,257226
2000-01-31,32.64447021484375,35.96914872762542,32.49992125275758,35.60777080822054,200289
2000-02-07,36.137794494628906,36.137794494628906,32.76493275609857,32.76493275609857,306366
2000-02-14,33.48768615722656,36.619627194967336,33.29495145138535,36.13779180891166,303954
2000-02-21,30.476211547851562,35.65596414907453,28.910241947113274,33.60815626351918,295791
2000-02-28,30.163007736206055,34.8850117458062,30.163007736206055,32.403549526637576,292440
2000-03-06,34.981388092041016,34.981388092041016,30.572575267657154,31.656709161950634,323373
2000-03-13,35.77642059326172,36.01733833142366,30.86168053792966,34.933204374052096,216651
2000-03-20,34.933189392089844,35.776405249665494,32.644462211295384,32.644462211295384,922881
2000-03-27,34.933189392089844,35.415027418860795,32.042166745652224,34.933189392089844,194535
2000-04-03,33.36722946166992,35.05366176253566,31.34351345772604,33.96952789359126,296073
2000-04-10,34.25862503051758,34.933195069108926,33.246765836988814,33.608143726521305,277461
2000-04-17,34.62000274658203,36.06551429746906,11.540000226253724,33.72860101596759,413394
2000-04-24,37.583309173583984,39.26973879439258,11.540002943817575,11.540002943817575,418782
2000-05-01,37.318302154541016,38.42652771768982,12.527770472185606,12.527770472185606,130344
2000-05-08,37.46285629272461,39.02882873507751,36.42690792224395,37.34239602574495,285531
2000-05-15,34.933189392089844,38.01694669781703,34.57181156128514,37.824212038527456,278937
2000-05-22,36.740089416503906,36.86054964811105,33.367227745357546,35.24639467579268,221991
2000-05-29,34.90910720825195,37.53512143195908,34.089982620138564,36.74008833804097,359334
2000-06-05,35.884429931640625,35.908675798737654,34.429655707725985,35.157042819683305,178218
2000-06-12,35.520729064941406,36.126883941895834,11.961473257101739,11.961473257101739,124941
2000-06-19,35.641971588134766,37.824133113938935,34.67212017126944,34.696368815238664,141075
2000-06-26,34.30842971801758,36.3693620860696,32.9991332378715,35.64197484434821,157950
2000-07-03,36.34510803222656,37.33920241055507,33.94472845513679,34.308421994118696,197010
2000-07-10,34.33267593383789,36.39360538123736,11.444224617588816,35.76320166983112,125250
2000-07-17,33.77500915527344,35.88443012655021,33.45980733177678,34.30842378382858,215838
2000-07-24,35.593467712402344,35.787437374679676,33.581027957288505,33.62952245392853,253500
2000-07-31,34.55088424682617,35.56922720821611,34.211436593029525,35.399500606556444,197298
2000-08-07,33.94471740722656,34.91456837869744,32.90213163629822,34.91456837869744,557571
2000-08-14,35.27827072143555,35.81168805822141,34.30841950468236,34.4054057362622,260748
2000-08-21,34.914588928222656,35.64197619756063,34.09021539475059,35.52074406108356,576546
2000-08-28,38.55150604248047,39.278892948942364,34.67210735817646,34.91457151017099,862794
2000-09-04,38.793975830078125,38.793975830078125,37.33920170176568,38.793975830078125,276114
2000-09-11,38.793975830078125,41.291338823617544,36.85427606740772,38.30905019572016,633738
2000-09-18,39.15766143798828,41.46105426660908,36.85426860936748,38.74547625831495,444174
2000-09-25,39.278900146484375,40.97613564764658,37.581661870560815,39.521361568147164,268218
2000-10-02,39.49712371826172,40.85491183976324,37.60591814105126,37.72714748910199,258900
2000-10-09,36.39359664916992,40.00628586380936,36.39359664916992,39.18191261778773,220866
2000-10-16,37.824127197265625,40.2487498106314,36.975508033944955,36.975508033944955,254712
2000-10-23,38.55150604248047,39.93354227466241,36.611806700328465,38.30904189048594,198138
2000-10-30,40.70943069458008,41.073124235300256,37.82412823489847,39.40013172817823,200850
2000-11-06,41.655025482177734,46.383040619020896,39.763817762583884,39.763817762583884,574755
2000-11-13,42.06720733642578,43.64321318179992,39.52135323415412,41.65502217408943,296253
2000-11-20,39.52137756347656,42.43092690004569,38.55152870954101,41.70353956590341,342813
2000-11-27,38.60000991821289,42.164207992155234,38.066592500515654,40.733679589001824,529761
2000-12-04,39.036441802978516,39.763828951788824,37.339206047341726,38.793980344962335,433371
2000-12-11,37.824127197265625,40.00628838172326,37.799881331850955,39.715332447224334,393141
2000-12-18,35.641971588134766,38.987951484463075,35.1570458797021,37.9453624599757,300099
2000-12-25,36.587562561035156,37.55741089034909,35.64196009310895,35.64196009310895,36207
2001-01-01,34.18718719482422,38.38178515502071,12.195854537708541,12.195854537708541,476283
2001-01-08,35.86018371582031,36.32086351046881,33.459806824656006,34.18719392953983,460767
2001-01-15,36.22386932373047,37.533165270417406,33.96897090303414,35.64196032239861,596733
2001-01-22,35.39950942993164,37.58167108416422,35.302525947394386,36.41785264514499,147102
2001-01-29,36.70878982543945,38.357533156289,35.03579786162335,35.641955415814344,253860
2001-02-05,36.126895904541016,38.79398324085903,36.126895904541016,36.61182163153392,262821
2001-02-12,36.36935043334961,37.387693355387896,34.211435271002706,37.387693355387896,434058
2001-02-19,36.85427474975586,37.096738945646734,36.17538221564091,37.07249308100992,293244
2001-02-26,36.22386932373047,36.975502130629245,35.69045204548602,36.854270048149736,196608
2001-03-05,35.641971588134766,36.85428169707361,34.96307615128141,36.611820230238216,220773
2001-03-12,32.853641510009766,35.666205816260614,32.68392048095349,35.666205816260614,355647
2001-03-19,33.33857727050781,36.85428095528693,32.80515983439683,32.97488369019405,793782
2001-03-26,35.641971588134766,35.641971588134766,33.33857794153196,33.33857794153196,453720
2001-04-02,34.18718719482422,36.005654598804234,32.51419773811482,35.884422513618546,496632
2001-04-09,34.25993347167969,34.89033714484434,11.419978055123375,34.18719586697381,304605
2001-04-16,35.15702819824219,35.76318294785931,11.419972769544366,11.419972769544366,296616
2001-04-23,38.55150604248047,39.278892948942364,35.157032887404675,35.64195841663289,635916
2001-04-30,39.06068420410156,40.200256481862304,13.092966586307027,38.55151272634847,307626
2001-05-07,39.036441802978516,40.248754642582945,39.036441802978516,39.521367493772644,263034
2001-05-14,40.4912109375,40.4912109375,38.139328712683266,39.49711658910664,633972
2001-05-21,40.539710998535156,40.8549100645329,39.03644217516907,39.59410825101832,361401
2001-05-28,40.4912109375,40.90339897075905,40.248749510400465,40.4912109375,727539
2001-06-04,41.475433349609375,41.499859027820705,13.597168192001067,13.597168192001067,216687
2001-06-11,40.27854919433594,42.45246760532831,40.27854919433594,41.06018190087821,539580
2001-06-18,40.00987243652344,40.08315227042086,37.39628559321201,40.058723795561825,403779
2001-06-25,39.81446075439453,40.18085150610779,38.39775189768562,39.8388864317968,517407
2001-07-02,38.8374137878418,40.30297657228866,38.348891927913115,39.57019518006523,357240
2001-07-09,39.00840377807617,39.93659353316375,37.909231478998265,38.93512394760048,380631
2001-07-16,40.30298614501953,40.30298614501953,37.958084573877706,38.71529181964791,304635
2001-07-23,39.57019805908203,40.27855382914789,39.20380733631276,39.76560625820302,231915
2001-07-30,40.5472297668457,41.402142189258946,39.47248352019441,39.54576332516625,213678
2001-08-06,40.8403434753418,41.40214226963581,39.325926781935614,40.54722984556286,182262
2001-08-13,41.280033111572266,41.52429273626173,39.570210148065556,40.74265970098326,208338
2001-08-20,40.376258850097656,41.25559719431765,39.81445989593979,40.54724138356653,155550
2001-08-27,39.643470764160156,41.03575647705294,39.57019374572962,40.058712792611345,641541
2001-09-03,37.73823928833008,40.5472335139342,37.51840544377654,39.570192651841246,490836
2001-09-10,30.288305282592773,38.66644234376665,30.28830528259277,37.64054698288577,1315299
2001-09-17,26.624391555786133,34.44072789675959,24.426047221950416,29.311257784476247,1211823
2001-09-24,31.50960922241211,33.95221365671057,26.868657163303038,26.868657163303038,651552
2001-10-01,32.633201599121094,32.70647862912563,29.848632528855937,32.36451356509209,325503
2001-10-08,34.684993743896484,35.271218446952616,30.77682626151572,32.24238941682599,528900
2001-10-15,34.929256439208984,35.17351885034088,32.73091151106268,34.66057114137205,298146
2001-10-22,35.051387786865234,37.86038316354805,34.269754776890906,34.46516302938449,638916
2001-10-29,35.53989791870117,36.63907001927956,33.952203952752654,35.05137605333104,283254
2001-11-05,36.39481735229492,37.59169526187206,35.05138535999973,36.150557752424874,215697
2001-11-12,39.59462356567383,40.815926901475386,34.68498734243845,36.39480977628914,840096
2001-11-19,41.96394348144531,41.96394348144531,39.44806019947706,40.058710368800476,363609
2001-11-26,41.03575897216797,42.9898408691879,39.59462182602874,41.28001851046065,509505
2001-12-03,43.42952346801758,45.090494939984076,39.96102364222342,40.93806486239782,770196
2001-12-10,39.81446075439453,43.47836827152714,39.81446075439453,42.8432922730493,456747
2001-12-17,40.18085479736328,42.012808705986835,39.69233282328373,42.012808705986835,658029
2001-12-24,42.2570686340332,42.2570686340332,13.597168964352761,40.05872392606594,176103
2001-12-31,44.0401725769043,44.211155134788456,14.085691383327402,14.085691383327402,229653
2002-01-07,43.600502014160156,43.84476159786573,42.03723341056112,43.47837082463749,548136
2002-01-14,44.13786697387695,44.38212651131426,42.01279977355292,43.01426918819042,519657
2002-01-21,42.37918472290039,44.11343530970298,42.01279406882534,43.9668784890052,559581
2002-01-28,43.03871536254883,43.30740070217582,41.890688560486524,42.72117585589284,291603
2002-02-04,41.64642333984375,42.86772703618757,41.15790130223819,42.86772703618757,505482
2002-02-11,38.3488883972168,41.5242732060547,36.93217988593341,41.10903120078227,975729
2002-02-18,38.66643524169922,39.91216429529069,38.47102703675737,39.057251651582924,403056
2002-02-25,41.03575897216797,41.28001851046065,38.568726733588846,38.568726733588846,1023597
2002-03-04,43.42952346801758,43.42952346801758,39.448075953379345,40.596102531841794,668439
2002-03-11,41.64642333984375,42.98985544908381,40.40069396092069,42.98985544908381,345810
2002-03-18,40.79149627685547,43.429511007451104,40.302977204601596,41.646408846308574,680571
2002-03-25,41.5242919921875,41.71970304284577,13.84143159584256,40.7915103359096,557964
2002-04-01,40.79149627685547,41.768540012041655,13.841426825304906,13.841426825304906,208791
2002-04-08,42.33034133911133,42.57460088930192,40.30297952511311,40.79149862549429,355122
2002-04-15,41.573123931884766,42.37918220482006,41.03575081814834,42.01279157251516,297264
2002-04-22,41.499847412109375,41.52427308348402,39.64346843424753,41.06017973668801,361500
2002-04-29,42.01280975341797,42.35477486426529,13.947275732664771,41.035768576239846,331170
2002-05-06,41.84181213378906,42.37918528660286,40.74264015694341,42.354759615384815,179355
2002-05-13,42.2570686340332,42.843296125763025,41.28002747338326,41.841826490174455,245385
2002-05-20,42.74558639526367,42.989845962495494,41.57313711814345,42.25706446546046,534066
2002-05-27,42.74558639526367,43.576073396395174,42.40362132393538,42.74558639526367,864324
2002-06-03,42.35563659667969,43.36586281049649,41.04973290478561,43.36586281049649,288486
2002-06-10,40.335174560546875,42.82378492610905,39.86702192213906,41.912116145232375,549777
2002-06-17,38.95533752441406,40.975791621797406,38.6842995204861,40.90187088445896,485682
2002-06-24,39.39885330200195,39.743809246531185,37.82191224412377,39.423492609498616,309369
2002-07-01,38.437904357910156,39.91628529475285,37.69871388948881,39.91628529475285,301557
2002-07-08,36.46673583984375,39.32494103728069,35.727545229442946,37.74799975252438,433914
2002-07-15,37.78779220581055,38.504031781342874,35.21920987509143,37.04685510373583,393990
2002-07-22,35.68846893310547,37.78779263019457,33.836126157115544,36.45410639677198,506955
2002-07-29,34.60177230834961,36.92337432970795,34.45358428377426,36.182437033282696,418269
2002-08-05,34.03371047973633,35.663769787456125,32.8482094610439,35.26860372337553,1181298
2002-08-12,33.71263885498047,34.82404453151828,32.74942116727119,34.083107413826404,506178
2002-08-19,35.36740493774414,36.30592526640479,33.71264489023302,33.959623031527514,202821
2002-08-26,34.92281723022461,36.281203153117936,34.57704637081356,36.281203153117936,1041120
2002-09-02,33.3421630859375,35.02162000109545,32.00847712779004,34.60175647891851,342114
2002-09-09,34.824039459228516,36.50349649294568,32.05787443432076,33.36686296315252,450678
2002-09-16,35.07101821899414,35.564977177498434,33.58914416993171,35.564977177498434,399792
2002-09-23,32.35425567626953,35.3180044604439,31.045269644807018,35.3180044604439,618357
2002-09-30,32.10727310180664,33.26807662074175,30.995867461823515,32.13197062805728,487350
2002-10-07,32.872894287109375,33.11987510158277,29.390490806370327,31.391020706067188,807090
2002-10-14,35.83664321899414,37.04684135562095,32.378939910102645,32.848198393167344,910062
2002-10-21,36.355316162109375,38.158264018313034,35.31800299996319,35.31800299996319,568713
2002-10-28,37.91127014160156,38.2076460372049,35.56497180280017,37.29382365661962,193581
2002-11-04,36.92335891723633,39.24496279596708,35.88604883110368,37.29382741080877,529488
2002-11-11,36.99745559692383,37.046850644062474,34.40417605183946,36.23182106047326,484749
2002-11-18,36.330596923828125,37.54079206338627,35.81194065268208,36.37999195161842,431271
2002-11-25,36.15773010253906,37.54081137738011,35.56498098475004,36.1824276291406,1928325
2002-12-02,36.305904388427734,37.66428762407616,35.811945563442094,36.182413975568906,692205
2002-12-09,35.49088668823242,37.046853400472,35.29330083207601,36.30591633246256,188706
2002-12-16,33.836116790771484,36.55288638566444,32.6259213528987,35.51557641412349,299943
2002-12-23,32.848201751708984,34.60175392927227,11.377497759463692,33.416253188811886,59526
2002-12-30,34.05840301513672,34.33007858446675,32.3542457271157,32.72471421121588,134058
2003-01-06,33.09519577026367,36.30592578523128,32.28016591382881,34.77465619971059,353781
2003-01-13,32.848201751708984,34.33007555744698,32.18136023499687,34.009004972267064,442347
2003-01-20,32.08256530761719,33.34215852842544,31.48981638795736,33.34215852842544,258930
2003-01-27,32.15666961669922,33.21867733268086,30.87237569453888,31.563917706025038,330879
2003-02-03,32.10727310180664,33.09518828408584,31.884992539100153,32.47774164846768,274944
2003-02-10,31.440427780151367,32.77411382870834,30.427812362197667,32.77411382870834,332121
2003-02-17,30.452510833740234,31.86029232276832,30.403115785409554,31.11935529200627,203355
2003-02-24,28.698963165283203,30.724191377897377,27.217089001246034,30.378420362761947,1407471
2003-03-03,27.4146728515625,29.118827625693804,26.920713840014727,28.723661547035885,359922
2003-03-10,28.77304458618164,29.02002257560545,25.340038944747523,27.46405643727121,495498
2003-03-17,31.983776092529297,32.60122542811953,27.538154443240273,27.538154443240273,603900
2003-03-24,30.872371673583984,31.98377712166781,30.40311310294426,31.98377712166781,523389
2003-03-31,29.143518447875977,30.575997273309145,27.785135011677337,30.575997273309145,685977
2003-04-07,29.143518447875977,31.267539165097585,28.77304998105361,29.662174866717304,404640
2003-04-14,29.884450912475586,30.353712219285335,9.96148269534197,29.192911950552855,163155
2003-04-21,29.217615127563477,30.62539366779569,9.961484624991938,9.961484624991938,338067
2003-04-28,30.477209091186523,31.292241540504723,10.257860973788143,29.415201394272707,496875
2003-05-05,31.094654083251953,31.613307682166695,30.131433796238564,31.094654083251953,241560
2003-05-12,33.0457878112793,33.09518285567861,29.884456920069553,30.995862377755405,683241
2003-05-19,30.699487686157227,32.32954667804691,30.40311178229541,32.1072661633756,444330
2003-05-26,32.47773742675781,32.798810879181936,30.427811923462087,30.625394934234546,1426914
2003-06-02,31.39102554321289,32.872899352601856,30.946464530976197,31.662703915707528,919209
2003-06-09,32.44722366333008,32.99760081363608,31.64667325916799,31.971896771390593,240657
2003-06-16,32.7724609375,33.57301174776836,31.82181239734032,31.82181239734032,539283
2003-06-23,31.721744537353516,32.99761970075438,30.295765908319815,32.99761970075438,329766
2003-06-30,30.971227645874023,31.671708521960916,30.295763534935194,31.071297569451545,375540
2003-07-07,31.171348571777344,32.47223973020508,30.92117818618947,31.14633181951693,510834
2003-07-14,31.733253479003906,32.86210446135938,31.131200195910957,31.331884623608605,739878
2003-07-21,31.181367874145508,32.58615861655632,30.880339851078055,31.407137456038104,378828
2003-07-28,31.808513641357422,32.20988251830105,30.80509144899835,31.407144764413793,328767
2003-08-04,30.10268783569336,31.607822227478028,30.10268783569336,31.607822227478028,215244
2003-08-11,31.356971740722656,31.808513883838913,30.02743911997206,30.353549540714337,453072
2003-08-18,34.9943733215332,35.496082853125934,31.03085309370785,31.156281912013995,518532
2003-08-25,35.872379302978516,36.34900668683314,34.492673290038404,34.994385872387966,1028619
2003-09-01,35.997806549072266,36.8256324162999,35.621522846918836,35.822207296679544,821970
2003-09-08,34.868953704833984,36.875800973241816,34.317070777792246,35.99780475503526,1022427
2003-09-15,33.79027557373047,35.119808179340744,33.3638186316187,34.743524499770544,491505
2003-09-22,33.79027557373047,34.96929700416598,32.711594926744795,33.51433267761011,730017
2003-09-29,34.24181365966797,34.417412895464295,32.987533814096594,33.23838863488425,427539
2003-10-06,34.9943733215332,35.621511671432074,34.116377335022044,34.266891342826234,613905
2003-10-13,36.650020599365234,36.90087535786264,34.994372303324354,34.994372303324354,592869
2003-10-20,36.37407684326172,36.8757892181341,35.62150971636102,36.1232220912334,508983
2003-10-27,37.151737213134766,37.47785047104707,36.12322992309431,36.17340031021424,352104
2003-11-03,39.334171295166016,39.886053994655875,36.951041325968205,36.951041325968205,813951
2003-11-10,39.384342193603516,40.01148045880739,38.656860313142936,38.656860313142936,455598
2003-11-17,38.88264846801758,39.50978990418415,37.87922618929473,38.631793616041094,455424
2003-11-24,38.68195343017578,39.5097761633676,38.1802410298928,38.556524612401056,640350
2003-12-01,38.85755920410156,39.50978577013939,38.40601994362661,38.63178957386409,442941
2003-12-08,37.753787994384766,39.108411324290984,36.49951117376847,38.5314432978116,533361
2003-12-15,38.80739212036133,38.80739212036133,37.42768615504741,37.879225454003425,301335
2003-12-22,37.87922286987305,38.732133885158085,12.626407144821574,38.406020596594686,134910
2003-12-29,38.054832458496094,38.606715531181905,12.827095070422107,36.90089590764869,78771
2004-01-05,38.43110656738281,38.8826458446389,37.402599159936514,38.02973768297369,329028
2004-01-12,39.93623733520508,40.66371944217779,37.85413466078709,38.25550350515484,440319
2004-01-19,40.23727035522461,40.764065234020954,39.835901461467024,40.136926696376825,244497
2004-01-26,37.929386138916016,40.26234319437592,37.678528504201516,39.886059613120075,400881
2004-02-02,38.355857849121094,38.50636905462432,36.87580802846817,37.954488892811355,362610
2004-02-09,40.31251907348633,40.638632320622584,37.90430325069358,37.90430325069358,702996
2004-02-16,41.41628646850586,41.64205608311395,39.78572303710716,40.13692149130482,337245
2004-02-23,39.96132278442383,41.616971431130445,39.936237590342635,41.19051739011731,315936
2004-03-01,40.337608337402344,41.3912037633413,39.98640986208936,40.136923904483005,530532
2004-03-08,39.48469924926758,41.39120275076993,38.832472705123,40.96474870010095,412170
2004-03-15,38.932823181152344,40.13692996034403,38.205340925500984,39.484706172652785,255960
2004-03-22,40.41286087036133,40.83931486895397,38.130071115434234,38.807382771518206,747669
2004-03-29,42.118682861328125,42.29428208627745,40.086750613095305,40.086750613095305,755289
2004-04-05,43.097015380859375,43.87466778198358,14.365672750558485,42.16884896352685,590271
2004-04-12,43.623802185058594,43.64888736973708,14.365669188393191,14.365669188393191,396897
2004-04-19,43.74924087524414,43.77432606724293,42.39462041159621,43.247531293635994,691572
2004-04-26,41.69223403930664,43.7994221311134,41.51663192160462,43.69907847397178,408360
2004-05-03,42.54513168334961,42.89633009025583,41.51662165300768,41.69222372727681,473034
2004-05-10,41.09017562866211,42.82108280786251,40.638636372846,41.56680295052717,419556
2004-05-17,40.68880081176758,41.49153842505396,39.50977958340118,41.014914043721234,499845
2004-05-24,40.337608337402344,41.366118568078456,40.136923904483005,40.78915046458329,519300
2004-05-31,41.190513610839844,41.39119801589279,40.18709158557511,40.588460395681004,254799
2004-06-07,40.905433654785156,42.562038057728536,40.344735927377705,41.84842515466724,285756
2004-06-14,40.37021255493164,41.1093140681957,40.08986521369494,41.1093140681957,208542
2004-06-21,41.33869934082031,41.542589159291055,40.24278974362132,40.70154402268301,669963
2004-06-28,41.05835723876953,42.05232059681471,40.77800687923322,41.28773294959989,364914
2004-07-05,41.38967514038086,41.77196895222758,40.82898027189797,41.08384184090568,258153
2004-07-12,40.9564094543457,41.54259310267567,40.19182183333529,41.54259310267567,179862
2004-07-19,40.574119567871094,41.313221395217695,40.013421730458866,41.109331537674215,232797
2004-07-26,40.87995910644531,41.41516820270259,39.63113107627974,39.911481475910534,316311
2004-08-02,39.146873474121094,41.67001118257625,38.73909102039532,41.23674578903743,243969
2004-08-09,38.38230514526367,40.52315023470646,37.71966088146545,39.503697969889316,420201
2004-08-16,39.17236328125,39.758546789470635,38.48423342014901,38.73909492734549,224001
2004-08-23,39.885982513427734,40.319250937165044,38.993965636132856,38.993965636132856,184506
2004-08-30,39.6566047668457,40.21730247723836,39.24882514413648,39.936955080377,377436
2004-09-06,40.19181442260742,40.75251210240939,39.248823002789095,39.248823002789095,178176
2004-09-13,41.33869934082031,41.46613157111579,39.784038381229664,39.784038381229664,488625
2004-09-20,40.39570999145508,41.54259137528191,40.0389020609307,40.39570999145508,283488
2004-09-27,38.89201736450195,40.166330876883016,38.56069824295222,39.80952297674952,257445
2004-10-04,39.197853088378906,39.7585507940213,38.66264124435617,39.24882481161824,339129
2004-10-11,38.560691833496094,39.60562658162653,38.28034156570317,39.019443105032494,304302
2004-10-18,37.974517822265625,39.24883153833851,37.77063089436482,38.942998229816894,632424
2004-10-25,38.535213470458984,38.96847896858272,37.082495966941714,37.719651282810155,362424
2004-11-01,39.78404998779297,39.98793986574636,38.45876432276049,38.53522484991231,247176
2004-11-08,37.33736038208008,38.7391033514858,37.209928142435835,37.71965418434257,681813
2004-11-15,36.77666473388672,37.46479478434905,36.70020713568886,37.209930290348716,370521
2004-11-22,35.476863861083984,36.776660376465756,35.24748526032714,36.776660376465756,540738
2004-11-29,34.941650390625,36.292421487053005,34.81421816454578,35.34943001407459,741285
2004-12-06,36.088539123535156,36.16499672496059,33.641857961204366,34.76325361546725,709563
2004-12-13,37.54125213623047,37.66868438239453,35.93561925124716,35.93561925124716,743232
2004-12-20,37.36284255981445,37.69416460019342,36.47082572033718,37.20992447066494,382638
2004-12-27,37.413814544677734,37.6431902037839,37.006034947006825,37.36283990746656,104139
2005-01-03,36.64923095703125,37.89805574276969,36.44533821990042,37.031524734978944,211446
2005-01-10,36.57277297973633,37.43930696410113,35.96110347606896,36.700205220085046,350937
2005-01-17,37.15895462036133,37.5412484041785,36.445338779457245,36.47082755949248,351837
2005-01-24,38.22938537597656,38.688136833820025,36.59826357215526,36.7256958289654,453843
2005-01-31,38.48424530029297,39.32529349201252,37.71965762600456,38.688135152325174,490842
2005-02-07,41.287715911865234,41.415145189369305,37.87255877471061,38.229366585060404,739647
2005-02-14,41.77196502685547,42.00134362574472,39.885982010084156,41.28772779957826,726033
2005-02-21,41.44064712524414,41.95037023051338,41.05835333795715,41.77196626866811,276699
2005-02-28,40.803504943847656,42.02684729512346,40.39572513231282,41.185798881745484,539391
2005-03-07,40.8289794921875,41.67002469552073,40.242792936324626,40.778004846023165,376467
2005-03-14,40.981895446777344,41.313217528023,40.44668644374398,41.032867177224276,580413
2005-03-21,40.34473419189453,41.236753928187234,13.448245702854807,41.13480756546669,403209
2005-03-28,39.631126403808594,40.37022820356933,13.44824841786064,13.44824841786064,422586
2005-04-04,39.70758819580078,39.83501753318307,39.019458107254124,39.554670074271456,634413
2005-04-11,38.586181640625,39.98792437305529,38.35680306470953,39.45271255703545,396639
2005-04-18,38.33133316040039,39.12140682483188,37.69417763801038,39.12140682483188,533034
2005-04-25,37.64320373535156,39.35078323733911,37.13347759669727,38.356816829462616,376851
2005-05-02,38.254859924316406,38.71361124641446,37.46478658255323,37.46478658255323,302991
2005-05-09,39.50368881225586,40.08987533280654,37.209926123157004,38.17840642522415,575553
2005-05-16,40.01340866088867,40.268270170405025,38.99395970615362,38.99395970615362,475233
2005-05-23,40.08987808227539,40.65057294472806,39.758556004459486,40.01341757072618,334266
2005-05-30,41.54259490966797,43.07177021820385,39.40175006105182,39.60563990774524,738714
2005-06-06,42.8618278503418,42.8618278503418,41.67480588135327,42.19090354518133,411501
2005-06-13,42.44895553588867,43.094075471273136,42.3199303675601,42.60378514725712,597417
2005-06-20,42.3457145690918,43.09405186673803,41.77800827378503,42.52634852455884,555207
2005-06-27,43.42953109741211,43.42953109741211,41.958657444521734,41.984461882784714,439599
2005-07-04,42.552162170410156,43.61015875034493,40.53938379539225,43.35211145226704,472182
2005-07-11,43.14568328857422,43.61016912625242,42.319926422626736,42.319926422626736,328728
2005-07-18,43.73918151855469,44.6423484897138,42.836011594267504,43.61015639990564,374925
2005-07-25,44.07466125488281,44.69397673639817,43.532759101133436,43.868219807915196,470841
2005-08-01,42.836021423339844,44.3843113898838,42.78441254528938,44.306898072808096,378204
2005-08-08,41.57159423828125,42.990859331261134,40.90066688125595,42.836029714014586,769236
2005-08-15,41.107086181640625,41.98445163405345,40.38455027413923,41.674792544230584,572937
2005-08-22,42.24250793457031,42.31992124700625,40.332950029864875,41.08129052925987,768621
2005-08-29,45.158451080322266,48.51307796360944,41.80382419703509,42.319918823307944,1397757
2005-09-05,46.216434478759766,46.70672449721163,44.693949663233944,45.15843525472807,875100
2005-09-12,49.41625213623047,49.67429947102191,45.597139178176796,46.448697450178614,1561218
2005-09-19,49.803314208984375,50.83550327127812,48.38404686551082,48.82272810292402,1040901
2005-09-26,50.70650100708008,51.196791299321966,49.39045382543082,50.06137816037472,688437
2005-10-03,48.84854507446289,51.04195773087284,48.66791105625114,50.7581030080564,854793
2005-10-10,47.3260612487793,49.3388399564553,47.3260612487793,48.71952456683527,1086747
2005-10-17,46.78415298461914,47.893758400059724,46.03581259433456,47.816345098910894,625323
2005-10-24,47.1196174621582,49.13239594243732,46.268059266777904,46.80996127889645,457809
2005-10-31,49.0291862487793,49.13240696844967,46.70675106405087,47.093823594838945,371799
2005-11-07,49.0291862487793,49.235624734991,47.9195804928148,48.513088556685524,407376
2005-11-14,49.313026428222656,49.854928401679025,48.51307420847572,49.02917174792867,557649
2005-11-21,51.04194641113281,51.58384539246071,49.28721549390584,49.28721549390584,1174827
2005-11-28,51.325801849365234,51.48062844459092,50.11296989507329,50.52584672193114,1698204
2005-12-05,52.51283264160156,54.47399938845873,51.09356497898842,51.35161525571546,970938
2005-12-12,52.74506759643555,53.6740449612128,52.306386301786496,52.512827684933605,492339
2005-12-19,53.828880310058594,54.68043860302844,52.30639479573057,52.59024952880633,521814
2005-12-26,54.52560806274414,55.454579605545995,17.942957833128574,17.942957833128574,225738
2006-01-02,55.29976272583008,56.099712224794516,54.44820434386897,54.52561766836397,425946
2006-01-09,55.144927978515625,55.99649223288426,54.49981106044329,55.325564968081515,327813
2006-01-16,53.932106018066406,55.480396199506195,53.02893871431264,54.8352792280785,333948
2006-01-23,55.86745834350586,56.151313065590855,53.44180575252521,53.69985603680768,351228
2006-01-30,54.164337158203125,55.94486683824483,53.983700202886936,55.94486683824483,354885
2006-02-06,53.95789337158203,54.83526186111456,53.286972170036094,54.19013918774638,559332
2006-02-13,53.003116607666016,53.44179789204275,52.33218951096919,53.44179789204275,527283
2006-02-20,55.09331130981445,55.09331130981445,52.8224854316747,52.8224854316747,445287
2006-02-27,54.9901123046875,55.40298934086417,53.674067859297935,54.75786638784981,600360
2006-03-06,53.932106018066406,56.20293240501254,53.441815702279364,55.06751921153947,514320
2006-03-13,54.9901123046875,55.68684414894157,53.5192352793198,53.932112315496475,410295
2006-03-20,54.6030158996582,55.919059771070486,53.699848884351134,54.7062336371204,607008
2006-03-27,53.828880310058594,55.19653919157664,53.54502557698283,54.34497499234934,454695
2006-04-03,53.64824295043945,54.448192272045446,52.4612152796623,53.62243260840552,660147
2006-04-10,51.76449203491211,53.6224351230239,17.25483166268021,53.6224351230239,549045
2006-04-17,52.564449310302734,52.77088483729036,17.254834261279594,17.254834261279594,995022
2006-04-24,52.487030029296875,52.87410250471571,50.706494279867336,52.358001933319095,1433445
2006-05-01,51.86771011352539,52.487028417682254,51.30000068367209,52.487028417682254,458430
2006-05-08,50.57746505737305,52.51282716535599,50.345219241912524,51.945117797010894,717852
2006-05-15,48.04859161376953,50.47424400531952,45.98420722800962,50.47424400531952,1141128
2006-05-22,49.235618591308594,49.46786444330475,46.706745235924465,48.461473626331234,730431
2006-05-29,50.37102127075195,51.351607448220804,47.4292715977296,48.487268121441474,708882
2006-06-05,50.74104309082031,52.178838749173536,49.799944176884985,51.76057190038439,1060704
2006-06-12,51.172401428222656,53.17224479692371,49.6431106722613,51.68216601077028,715698
2006-06-19,52.231136322021484,53.015387636115996,50.38814693057194,50.38814693057194,1313403
2006-06-26,54.23097229003906,54.544673970259474,51.64294090742302,52.85853267451641,628802
2006-07-03,52.66245651245117,54.2701674927603,52.07426825501506,54.113319684121485,808484
2006-07-10,50.85869598388672,53.093811008719115,50.30972246317793,52.427198595469115,297832
2006-07-17,50.623416900634766,51.64293986150039,49.643099917720534,50.427354102388094,267103
2006-07-24,52.11349105834961,52.505616667466946,49.60388955334342,49.60388955334342,480507
2006-07-31,49.7607421875,51.91743012363925,49.56467937587997,51.91743012363925,374641
2006-08-07,48.741207122802734,50.19207046295018,48.701992174409135,49.87836882588453,284766
2006-08-14,51.133182525634766,51.79980091939743,48.505941859138844,49.05491836918194,318564
2006-08-21,51.44688034057617,51.95664484516341,49.95680477398768,50.937115835988934,244525
2006-08-28,52.584041595458984,52.976167167435975,50.623413735574026,51.25081106072038,390509
2006-09-04,51.211605072021484,52.74089249833099,50.97632732180691,52.54482970093943,290773
2006-09-11,53.25066375732422,53.32908768960702,50.03523167514798,51.2116116011588,434519
2006-09-18,54.66230392456055,55.485770042923825,52.662467039532174,53.32907933454163,437051
2006-09-25,57.17192077636719,58.19144387295601,54.62310405985131,54.662313034703246,667808
2006-10-02,56.97583770751953,57.44638712208638,55.64260738565963,57.21110942312274,480625
2006-10-09,59.21098327636719,60.112873622282585,56.54452720367264,56.74059006220365,491217
2006-10-16,59.0149040222168,59.48545355528966,58.19143785181784,58.8972651431081,478715
2006-10-23,62.622440338134766,63.64196901820708,58.89724813662779,58.97567203893484,1954741
2006-10-30,65.44579315185547,68.582799529097,61.87745198776213,62.62248860901106,1541237
2006-11-06,66.42607879638672,70.03363935016937,65.36734080054279,65.36734080054279,2280449
2006-11-13,64.9752426147461,67.32799736953496,64.34784493682125,66.3868978609653,1889476
2006-11-20,64.62228393554688,67.13188475536293,64.38700624096899,64.93598553386397,952777
2006-11-27,64.30862426757812,65.99476622248625,63.52437275211985,63.99492246472197,986070
2006-12-04,68.03379821777344,68.42592385591622,64.3478196125762,64.3478196125762,1227445
2006-12-11,70.54341125488281,71.17081477016905,67.87696127332474,67.91617025342804,1118710
2006-12-18,72.07268524169922,73.01378427222866,69.40623001071685,69.9552034479654,1074930
2006-12-25,74.30780792236328,76.07237328199724,71.95505410951802,72.07269299683274,476199
2007-01-01,73.24906921386719,75.99394863635307,72.66088076619164,74.30780722301071,924070
2007-01-08,73.01378631591797,73.9548913561511,71.52370782307028,73.9548913561511,1007167
2007-01-15,71.83740234375,74.19015573481187,71.52370069493617,73.1706328553685,843067
2007-01-22,72.38639831542969,73.01379577349083,71.87663376719318,71.87663376719318,861392
2007-01-29,72.34719848632812,74.19018825380572,71.8374338314861,72.34719848632812,1015701
2007-02-05,74.30780792236328,74.93521133246696,71.99426906641037,72.22954085767749,914231
2007-02-12,74.11174011230469,75.3273318937349,72.7785154348461,74.11174011230469,909004
2007-02-19,80.56611633300781,80.56611633300781,73.79802566209312,75.2410507651531,1532471
2007-02-26,76.5193862915039,81.31900559800697,74.73913877121588,81.16999596127674,2034073
2007-03-05,77.9702377319336,78.38588982990677,73.87644630530754,74.64501496478749,876848
2007-03-12,79.35838317871094,79.67992306882782,75.8763058335349,77.64087108547757,926161
2007-03-19,83.75804138183594,84.30701489946416,79.40544426577438,79.60150709112197,1600528
2007-03-26,81.23274230957031,83.75018799245642,80.47986186095257,83.21689692676529,1259645
2007-04-02,83.13062286376953,83.42863615021442,80.69944546725611,81.3739019427443,806170
2007-04-09,83.73450469970703,83.91488512283739,81.56213133434663,83.13063386000714,540532
2007-04-16,84.42463684082031,85.24809695193079,83.28746909210386,83.36589899318605,1049385
2007-04-23,83.703125,85.09124685518913,82.98160941940331,83.93839674691006,990851
2007-04-30,83.59331512451172,84.46383425386209,82.76985512604556,83.20903379189417,786439
2007-05-07,81.23274230957031,85.16968077734761,80.85629909358047,83.66391988011213,1628904
2007-05-14,81.72683715820312,81.79742289510486,79.94658912416203,81.01317150007361,1123970
2007-05-21,81.42879486083984,82.34636723112281,80.40142182955643,81.40526828468303,849508
2007-05-28,80.77787017822266,82.34637251178037,79.68776153506897,80.8092409428972,1132114
2007-06-04,71.6468276977539,81.95794899939541,69.74469835155287,81.95794899939541,2628566
2007-06-11,70.35494995117188,72.75639139869574,68.67474091651145,71.80532386243937,2933929
2007-06-18,67.88219451904297,70.45006563768193,66.66166165453689,70.4183627785997,2654536
2007-06-25,66.50315856933594,68.38150625385694,65.8294833432612,67.37496609832948,2259111
2007-07-02,65.3301773071289,67.0817196036552,64.78331352364555,67.0817196036552,1366410
2007-07-09,62.88912582397461,65.60758486514047,61.42290289958342,65.53625794483628,2422428
2007-07-16,61.42289733886719,63.17443987931305,61.42289733886719,63.008004366966986,1418524
2007-07-23,58.331932067871094,64.1968287425835,57.547305854094105,61.121723567282665,2637228
2007-07-30,56.382259368896484,59.43358934359616,56.231672258635,57.97529370610893,1960595
2007-08-06,64.8546371459961,68.1595829127672,55.47873027783377,55.89085532792035,4482723
2007-08-13,60.138938903808594,63.87186401491666,58.395324158844396,63.87186401491666,3171220
2007-08-20,62.8494873046875,63.58656221167523,60.63033535661405,60.82847370745266,1486752
2007-08-27,62.746463775634766,63.40428468040285,60.37673032878176,63.40428468040285,1570649
2007-09-03,61.89049530029297,63.80055199536667,61.46252176328594,63.40427527489855,1429201
2007-09-10,62.2075309753418,62.61173500834626,61.02662779294509,62.12827682391257,1228219
2007-09-17,63.43595886230469,64.03037376238622,60.82845810834293,61.81914960847881,1428781
2007-09-24,62.548309326171875,63.92735651751469,61.86671295712719,63.118948709251356,1557286
2007-10-01,68.71438598632812,69.74470795433487,62.05694142804974,62.93667629621,1921543
2007-10-08,70.576904296875,72.12238148136534,68.23886742302786,68.6430714738578,1524619
2007-10-15,70.94937133789062,73.1922987097379,70.53724626743875,70.73538459965066,981814
2007-10-22,71.72608947753906,73.11305805859645,69.42768319101762,69.74470579031423,1045869
2007-10-29,68.9521484375,73.58065756812863,68.47661758865091,72.51863887392241,1538849
2007-11-05,65.306396484375,69.34841731268841,63.79261670118958,68.16751452809751,1880534
2007-11-12,66.3922119140625,68.95216268343404,64.83088641299086,64.83088641299086,1130759
2007-11-19,66.21784210205078,67.16097658063646,63.10310685173692,65.7977837010707,1135285
2007-11-26,69.8952865600586,70.45799875070136,64.07001420943439,66.97076256743523,1220447
2007-12-03,70.28364562988281,70.90183640127643,67.44630260798057,69.75263622847582,900525
2007-12-10,69.62581634521484,72.28086907790914,68.15959373581973,69.7447005668853,984911
2007-12-17,66.65372467041016,69.66542932860374,66.17819394719571,68.79362199492704,1012182
2007-12-24,68.35772705078125,68.95214206861412,65.94836411956103,65.94836411956103,361104
2007-12-31,63.53108596801758,69.30879516224128,63.48352865037224,68.15959510530962,697289
2008-01-07,53.57661056518555,63.6420427366463,52.688954595024015,63.48352842290117,2493429
2008-01-14,51.37329864501953,53.55281996465762,50.28750159777435,52.45909871561527,3402007
2008-01-21,55.748207092285156,58.49836854712781,47.09352481955085,50.60453686517974,3478255
2008-01-28,55.494598388671875,57.531460824560064,51.66656923569867,54.7654505544583,2583286
2008-02-04,57.70579147338867,58.16547374010061,53.22787112523775,56.30297509352007,2306795
2008-02-11,62.93665313720703,66.57446945878858,57.333296152925925,57.6186157914854,2550403
2008-02-18,63.00008010864258,64.82295569557108,60.79678220319052,63.039710204894654,1568301
2008-02-25,61.54970932006836,66.37635735872064,60.63034433363736,63.72130427371251,1624857
2008-03-03,61.30399703979492,64.1413393278735,59.837774632316936,59.837774632316936,1470986
2008-03-10,62.0093879699707,64.98939100677293,60.56694075290803,61.31987025235019,1687790
2008-03-17,59.084861755371094,61.18512354768318,56.358475969075215,60.97906400556764,2362947
2008-03-24,61.803321838378906,64.19683064124384,59.04523312065019,59.08486321256675,1509898
2008-03-31,64.79124450683594,65.58379795646084,60.27369226265517,61.49421925397892,1746612
2008-04-07,60.55107116699219,66.23367667385139,59.90909890516052,65.38564491500365,1723904
2008-04-14,64.16513061523438,65.18752535553347,59.053162960442265,59.70305658838006,1640798
2008-04-21,66.60618591308594,66.93112965036744,61.43081337658098,64.49006986726242,1485670
2008-04-28,70.25987243652344,70.53726496581231,66.79641129453485,66.79641129453485,1762824
2008-05-05,79.1126937866211,79.57237628908746,69.83981982648743,70.43423497897558,3108037
2008-05-12,83.09921264648438,89.32075486840985,73.83426864212726,79.0809676403884,4670451
2008-05-19,83.09664916992188,87.83923717820109,79.61064092580956,84.79911586710638,1802233
2008-05-26,86.12055969238281,88.1635185031305,82.40755669305811,83.09664962364025,1194233
2008-06-02,80.12163543701172,88.42137916661231,77.36870833352113,86.67622258800047,2893219
2008-06-09,83.97247314453125,84.93108649732525,76.87713409246594,79.47438837735527,1656578
2008-06-16,82.24370574951172,87.05313782610286,81.68656541738693,83.97247915135733,1133491
2008-06-23,81.92414855957031,85.61929900367689,76.90169815065059,81.53087681108558,1746371
2008-06-30,77.8275375366211,84.39032052373035,76.85254682198764,81.55546196304627,1684736
2008-07-07,71.05172729492188,79.47437097085803,71.05172729492188,78.17164974611757,1809611
2008-07-14,79.06471252441406,79.40882687144455,70.48639504622591,73.50970056170955,1813814
2008-07-21,79.10570526123047,82.86639802123646,74.968118100653,79.22041007846744,1503193
2008-07-28,83.39896392822266,86.02899237352868,74.57484378138062,78.63869501718949,1659886
2008-08-04,85.3488998413086,88.0526690156509,82.25185901491588,84.17726736588561,1286600
2008-08-11,81.84222412109375,86.79913380895762,78.67963490305148,85.92245791178686,1175200
2008-08-18,78.45841979980469,82.53045857884243,75.5498188859371,81.91596595627396,1140757
2008-08-25,79.68739318847656,80.99830933805328,76.41009968906414,78.55672293057687,802034
2008-09-01,75.66449737548828,82.7516444092399,74.96807389549951,79.07288493774581,1415592
2008-09-08,79.09747314453125,82.33379772057873,76.65588692886594,78.64684282338708,1256856
2008-09-15,91.379150390625,91.78061716166914,75.78742494079404,77.84392870837024,3889200
2008-09-22,89.26528930664062,90.5352431819681,83.73485589959732,90.12558144811304,1265995
2008-09-29,92.50164794921875,97.33565908004769,87.6594418310397,88.26574587607072,1987923
2008-10-06,77.42607116699219,91.35457074200664,74.2389032349025,88.67538563299199,2291724
2008-10-13,76.8607406616211,85.35712817370374,74.72230568390344,77.99959990251224,1518776
2008-10-20,68.18411254882812,79.39245990275799,64.8166919758728,78.24540558638158,1236345
2008-10-27,82.75166320800781,85.69303120673165,62.27677323977523,65.2427199402914,1859387
2008-11-03,82.26007843017578,84.390318222497,77.48342105386078,83.16133300566452,1150391
2008-11-10,83.98064422607422,108.0605572265289,81.75208369133904,82.75165918861948,2442235
2008-11-17,77.02458190917969,86.02894284316794,75.99223284479835,84.43126497645672,827187
2008-11-24,80.89999389648438,83.94787806258505,77.75379491918156,79.46617789099714,750164
2008-12-01,81.10485076904297,82.75169314526748,77.13113210086985,81.17859315203938,674218
2008-12-08,85.83232879638672,89.7159203088055,81.39978580624836,83.24326362081285,1130260
2008-12-15,85.29157257080078,91.48566229777833,84.84913714380652,85.4554410165072,1023115
2008-12-22,81.94874572753906,86.82372501743535,81.94874572753906,85.61931829580283,220412
2008-12-29,83.57100677490234,85.74221555404674,77.83574160407571,81.71114496277775,241935
2009-01-05,77.43013763427734,83.98063572186165,76.97541921736918,83.98063572186165,540750
2009-01-12,70.77315521240234,75.19750295829343,70.05215284862682,72.33806595485291,928209
2009-01-19,62.88308334350586,71.19921874270527,61.457462096796526,71.19921874270527,721688
2009-01-26,64.64460754394531,67.99563673286607,62.73148845000338,63.21079181499633,909408
2009-02-02,65.54178619384766,66.77486582156307,60.86344971891626,64.02193833792386,1512123
2009-02-09,63.59177017211914,68.49542689243668,61.6131098958604,66.0784256485457,866653
2009-02-16,58.663570404052734,64.21858359127272,58.31945598116763,63.65734890745227,715681
2009-02-23,55.0175666809082,58.99128385721273,53.79677658468224,58.7864530104863,1784392
2009-03-02,57.62301254272461,62.2685744238576,53.12492286327101,53.70254107267184,1457141
2009-03-09,57.967132568359375,60.62993371107553,53.91967283112948,56.688990020156965,946668
2009-03-16,62.67824172973633,63.20669633512129,57.05768255951732,59.13876479974182,793566
2009-03-23,70.3717041015625,71.28115380536153,62.309562809546684,63.899046356404284,936556
2009-03-30,71.29341888427734,72.32166741055602,68.9788329831046,68.9788329831046,1285042
2009-04-06,74.27165985107422,74.64035284292513,68.8231585490836,71.62934340696721,700423
2009-04-13,75.95128631591797,76.78699979047606,72.70267162320295,74.27167688338295,431679
2009-04-20,82.13311767578125,84.2428739885164,73.12465012440148,76.19711441534272,996497
2009-04-27,82.5796127319336,84.38622247126983,79.0974880080251,80.3100832348822,559143
2009-05-04,81.9323501586914,85.2915752650093,81.19495775707473,82.75167366027831,688794
2009-05-11,81.48989868164062,82.59188957456928,79.14663342814875,81.80123930063694,467636
2009-05-18,82.10850524902344,84.04620991444796,80.29370661526352,81.07206147493243,398105
2009-05-25,77.55715942382812,83.11626568456393,77.4301527895618,82.56321986508964,555330
2009-06-01,77.83927154541016,81.23906805606175,77.35476973879881,79.0443179027122,621130
2009-06-08,78.69232940673828,79.50811631400072,76.48515021123134,77.80200667342541,445362
2009-06-15,76.20771026611328,79.02362433346339,74.33181591862422,78.07532074787447,551153
2009-06-22,79.59095764160156,81.16455746851446,73.63613369141946,76.19529884799317,619302
2009-06-29,80.33633422851562,83.64917275340287,77.93867012637321,79.15199420311892,647547
2009-07-06,77.3879165649414,81.16455078348261,76.43547414404057,81.16455078348261,267921
2009-07-13,81.9596176147461,82.39856767223725,76.92410195407157,76.92410195407157,301475
2009-07-20,85.4298095703125,86.71353047975067,81.08999364177501,81.82709957731186,726843
2009-07-27,87.33467864990234,88.36994039927879,84.06325404936727,86.2994169005259,398262
2009-08-03,85.38841247558594,88.03868711033866,84.3531504273399,87.79022169126438,282340
2009-08-10,83.649169921875,85.38840882481989,82.58077877551538,85.38840882481989,253610
2009-08-17,83.23503875732422,84.02183510365535,81.70285274046392,82.82093408688978,208707
2009-08-24,85.30558013916016,86.9619991709885,82.30745941680546,83.15223666153072,489254
2009-08-31,81.27220153808594,85.67827612773186,80.33632701360082,84.5187878031441,416097
2009-09-07,83.23503875732422,84.31171342794812,81.2473350754917,81.82708540534142,351280
2009-09-14,84.06326293945312,84.85005942469215,82.58905106343401,83.15223376740347,290201
2009-09-21,81.38813781738281,84.76723380460632,81.37986027258209,83.56633265990637,325411
2009-09-28,80.53510284423828,85.26417908458082,80.32805043624393,81.33018333268804,365555
2009-10-05,81.44611358642578,82.22463248479178,80.09613446916715,80.66760100679637,399178
2009-10-12,81.98445129394531,83.23504932670726,79.50810681954127,81.64488870681322,421695
2009-10-19,81.17279815673828,82.73811328405608,80.88292615514901,82.3074408942071,262175
2009-10-26,78.50598907470703,82.34059726420028,78.09188427295338,81.74428533867697,273007
2009-11-02,81.82710266113281,82.63046058345057,76.62594159591136,77.93451414693406,333336
2009-11-09,81.02373504638672,82.77953510219442,79.93877632948663,81.16452914166622,261772
2009-11-16,77.8599624633789,82.44824300298554,77.80198806185125,81.81051826744545,249152
2009-11-23,79.4335708618164,80.18723817063315,77.43758306740627,78.67989723426305,565564
2009-11-30,80.9574966430664,81.72773190224103,77.93453003152136,79.88082152594457,480195
2009-12-07,79.15196990966797,81.31359688920588,78.67989081751234,81.1313898152623,482752
2009-12-14,76.2946548461914,79.83939019001109,76.2946548461914,79.67374451303006,587230
2009-12-21,76.84127044677734,77.85168696950709,76.0296287381409,76.44373345606381,410508
2009-12-28,77.28023529052734,77.9345216288519,76.68392337110559,77.02349233806322,162504
2010-01-04,78.30724334716797,78.6716513821083,76.19530571559845,76.97382499164583,469647
2010-01-11,79.08572387695312,80.96576299212273,78.39003092562596,78.59708330191197,385974
2010-01-18,79.0029296875,81.8271280445133,78.43146292252027,79.5081381541872,294736
2010-01-25,82.53106689453125,83.23504361157846,79.44184309268347,79.44184309268347,411816
2010-02-01,78.29893493652344,83.1522436108895,77.85170100230422,82.39029230906611,374815
2010-02-08,79.69859313964844,81.45439301919394,77.68604405001493,78.7958416102004,326440
2010-02-15,82.08384704589844,82.17495059972194,78.76272506045785,80.05473622434704,169080
2010-02-22,81.98445129394531,82.39027847199375,79.34246745782853,81.81881193223258,249678
2010-03-01,86.21661376953125,86.38225947246112,81.89335886349276,81.99274628525069,324837
2010-03-08,85.92671203613281,86.34081667245152,84.06324117269861,86.34081667245152,204702
2010-03-15,87.29328155517578,87.74879298367067,85.01570545649051,86.09237400280865,235449
2010-03-22,85.34699249267578,87.70738833131328,83.64916047048301,87.25187057353362,278243
2010-03-29,84.06326293945312,85.71968191362953,83.64915819590901,85.22275748512399,202795
2010-04-05,82.67188262939453,84.80866492966172,81.82711161140449,84.06327502041295,170552
2010-04-12,82.5062255859375,84.85005346760336,82.40683817971933,83.19363460971955,200324
2010-04-19,83.98043823242188,84.27031027182088,81.57862959974797,82.0755539985372,277663
2010-04-26,82.51451110839844,84.43595691656327,80.77527240321479,84.22890453930957,343698
2010-05-03,82.2412338256836,86.21663698540989,80.78358284108103,84.47739770810844,686147
2010-05-10,87.45893096923828,91.47574619535798,83.69058114627553,84.35314502346463,540874
2010-05-17,84.97428894042969,88.9911035391605,83.64915507428734,87.25186494492762,358953
2010-05-24,87.95584106445312,89.03251587697163,82.82094500183406,85.26416035189351,384020
2010-05-31,89.44662475585938,91.93125322129991,86.96199629041884,87.25186834763952,344861
2010-06-07,93.58992767333984,95.63903432266247,88.23715133957235,89.57534382776294,299604
2010-06-14,91.58264923095703,94.96995524806609,91.58264923095703,94.0499417948224,437474
2010-06-21,91.58264923095703,94.76086244160271,90.11899958571342,92.00083484388378,394640
2010-06-28,89.90990447998047,93.12993234096929,88.780804630154,92.0008324911428,382286
2010-07-05,95.30448150634766,95.4717595500603,89.90989062146191,90.70444059083101,323962
2010-07-12,96.01541137695312,97.35360395196527,94.09175516343187,94.88630521018752,276114
2010-07-19,104.75548553466797,105.29912805316474,95.42994602524095,96.18268132923606,522096
2010-07-26,110.1082534790039,111.1119090384078,104.79730449354271,105.25730478359579,577592
2010-08-02,112.45010375976562,115.79558851431135,110.23372521468372,110.27554632651784,429786
2010-08-09,114.08098602294922,115.92101221848645,112.07370096128138,113.5373500409996,457087
2010-08-16,115.04283905029297,116.50648836960455,113.53736862659919,113.53736862659919,345683
2010-08-23,122.94654846191406,125.45566169583068,114.79193045168508,115.41920876016422,623687
2010-08-30,123.69928741455078,124.87021467640301,117.4265038182346,122.23563790874367,548888
2010-09-06,130.2229766845703,130.2229766845703,123.03019293883507,124.2011073647424,311090
2010-09-13,131.26844787597656,135.91031025556893,130.0975333847329,130.51571895475004,504237
2010-09-20,136.24484252929688,136.28666363530047,130.76662221709157,131.05934443509707,306626
2010-09-27,140.008544921875,144.2322223705424,134.07031658631425,136.32851645369686,439439
2010-10-04,142.6012725830078,143.8558292332982,140.00851706760358,140.34307316488713,358323
2010-10-11,150.83950805664062,153.39042928037546,141.47214307542018,142.1412423972228,466378
2010-10-18,147.36862182617188,151.80139230823656,141.43039320024778,151.80139230823656,497525
2010-10-25,127.50481414794922,173.75615394882354,127.42118466727638,158.07419059604163,2839559
2010-11-01,130.89208984375,136.66304588860598,120.4374500798722,128.42479741187714,1367927
2010-11-08,126.33385467529297,140.51034198375163,124.61929140225593,130.22297510753927,1104508
2010-11-15,120.85566711425781,127.42118769897323,119.39201716650729,125.45570980718804,691859
2010-11-22,119.26651763916016,122.82109462563291,113.99737743622218,121.3992536214362,848577
2010-11-29,125.91566467285156,139.96670092584168,114.24829102744361,119.93560398235982,5191426
2010-12-06,124.5774917602539,127.37934047665593,119.85199943057398,121.35747019219279,657816
2010-12-13,131.60301208496094,131.60301208496094,123.61566465387739,125.24658592487071,709263
2010-12-20,132.94119262695312,137.54123398264016,128.38297238144727,130.09753580278738,397519
2010-12-27,131.1011962890625,132.983031642494,128.09025461876698,132.06301814267795,160219
2011-01-03,134.32119750976562,136.37030405694128,127.33749404517704,130.93389216010283,485568
2011-01-10,129.7629852294922,135.4503118829143,129.21934905993464,133.81939061223005,291914
2011-01-17,124.61930847167969,131.56119196579303,123.78293727388318,130.97573467973783,306641
2011-01-24,124.15930938720703,126.62660201986246,119.22472412189617,124.32658108463897,338903
2011-01-31,125.4557113647461,128.80119700113931,122.7375042851766,124.535697709932,341466
2011-02-07,127.18172454833984,130.04446588215194,124.02428358560876,126.59233813816208,387176
2011-02-14,123.18231964111328,127.98162812631773,122.08773735734258,127.98162812631773,356253
2011-02-21,127.13969421386719,128.8236636736535,120.65641436322333,122.97187237042952,541936
2011-02-28,127.98157501220703,135.8962199067939,125.70822065717948,126.46600115963635,1607319
2011-03-07,128.86566162109375,134.6332446639089,127.0974899742996,127.56058377204636,394699
2011-03-14,123.64540100097656,128.19211113364744,119.60387374545745,127.72901719384592,709134
2011-03-21,130.04449462890625,131.05487339079565,124.61369754204564,125.07679155514666,304618
2011-03-28,130.5076141357422,132.6125756540606,129.03414107291928,130.38132158370928,211008
2011-04-04,127.68690490722656,130.71805331148437,127.18172207162354,130.54965903295002,236325
2011-04-11,126.71862030029297,127.98159658235569,125.03465192420934,127.85530409321306,187386
2011-04-18,130.0023956298828,130.92858367598078,125.0767942419889,126.46606346347258,125624
2011-04-25,133.20196533203125,134.71754022914226,129.62353066969465,130.00242118205597,193078
2011-05-02,134.08604431152344,135.26481758398728,132.3599733536788,133.201957933343,303997
2011-05-09,144.7371368408203,147.01050536994484,133.4545491786617,133.91764324376723,667858
2011-05-16,147.81039428710938,149.87325392041353,143.34787348286744,143.34787348286744,382550
2011-05-23,150.96778869628906,151.13618298802487,143.30572636953096,147.347253609495,360237
2011-05-30,156.19764709472656,156.83088079916465,149.44315424738704,150.62518534240237,474113
2011-06-06,154.25572204589844,165.7805827648416,152.44045731444677,156.8308749241132,732053
2011-06-13,159.57489013671875,162.95213648881864,153.664709020544,153.664709020544,394037
2011-06-20,164.17636108398438,167.17366934843128,157.75960170758324,158.68833658517224,403427
2011-06-27,171.98626708984375,173.92818630974233,164.55632257376396,164.55632257376396,541884
2011-07-04,183.21559143066406,184.05990291191137,171.22637097358657,172.53505634615405,425487
2011-07-11,185.87518310546875,189.92788113357685,174.3081174143552,182.6668095129229,335035
2011-07-18,197.8644256591797,200.4395656941951,183.21561446461544,185.32639343310177,400741
2011-07-25,203.31028747558594,204.57675519713257,195.03602911817953,198.20219842204608,386595
2011-08-01,188.57699584960938,209.34705291097524,181.52698902938528,202.97249792889028,548500
2011-08-08,209.93809509277344,216.35486904503728,177.72760949845988,185.74857049720273,637065
2011-08-15,208.3760986328125,226.14885980743134,203.90124472271881,210.6979554567772,649921
2011-08-22,216.77696228027344,217.3679905949739,204.3233685368108,205.58983569716293,259231
2011-08-29,229.01951599121094,230.07490546582483,215.76382676669513,218.761135451233,342636
2011-09-05,226.27552795410156,228.21743449194483,211.1623541880486,224.20695405245982,255986
2011-09-12,213.61085510253906,227.03540566519985,205.7587538996054,217.4102576636514,463971
2011-09-19,209.64256286621094,223.65812702840188,208.88267473251952,213.3153104212842,387881
2011-09-26,190.6878204345703,212.3444124119858,187.26835515309014,208.54500940660236,392346
2011-10-03,190.85662841796875,194.31829804240968,179.37398618687587,188.23925746019597,406734
2011-10-10,200.94615173339844,206.0542392595583,191.65872455244303,193.34734767625312,261145
2011-10-17,206.096435546875,208.54493366333824,197.27337035458186,201.36828614860798,236212
2011-10-24,207.3629608154297,212.4288310677626,200.94618667587164,206.8563686369267,211300
2011-10-31,212.9353790283203,213.31531666470025,197.82220681946123,206.85633819672452,201325
2011-11-07,213.52638244628906,218.17009589744592,207.06740434476683,212.76650721664114,165147
2011-11-14,195.71139526367188,216.4814490527565,192.7985233589846,215.0039040259993,185845
2011-11-21,189.54798889160156,196.72463880509204,184.27104042579973,195.03601529603546,243042
2011-11-28,194.10720825195312,200.10182504148545,189.97008706470137,190.8143985627667,206808
2011-12-05,193.64288330078125,199.2575506553861,185.7485641702752,195.12042869759026,233434
2011-12-12,182.5823974609375,197.44228791044972,181.94916371251807,193.34737118406792,253666
2011-12-19,191.236572265625,193.98058489195296,177.3054312396523,181.52698912631072,263356
2011-12-26,194.48715209960938,195.50032328609922,190.8143920550167,191.2365477896517,57775
2012-01-02,200.6084747314453,203.4791294963816,192.62971847577353,194.48721461174088,147513
2012-01-09,212.72427368164062,213.61080330757497,199.63744581101844,199.9329599807201,202531
2012-01-16,212.6820526123047,219.35210802413383,209.81139878818922,210.74014655178743,174699
2012-01-23,225.97994995117188,227.11977553930257,211.077858307902,212.59762146435293,176585
2012-01-30,231.93243408203125,232.1012809620661,217.87462367695431,226.02225218749743,155169
2012-02-06,225.5578155517578,234.5497280122214,219.52099338688694,231.93238293491333,160187
2012-02-13,237.84259033203125,245.61024166751872,224.20693724677983,226.6132304833739,162645
2012-02-20,237.2515869140625,242.27525181896004,233.03002842804716,238.89800503014777,88676
2012-02-27,241.92027282714844,242.9813266553377,231.22484505807395,239.37374363949425,573636
2012-03-05,224.60382080078125,241.41089868259283,219.5107637572471,239.58589175625198,252838
2012-03-12,212.2107391357422,230.54575217799655,209.83397626695873,224.0521087413691,742367
2012-03-19,210.17347717285156,215.77583174050548,206.69321659949145,212.97464798052206,382648
2012-03-26,214.46006774902344,217.7281167881713,209.66411246268345,209.74900189966505,257602
2012-04-02,213.69619750976562,217.94041195881758,210.3432706854775,215.60609401183902,200077
2012-04-09,210.2583770751953,214.75724689306227,206.99033978516778,213.69619330169337,206341
2012-04-16,214.46006774902344,220.6990657501931,210.25829966462592,210.25829966462592,256198
2012-04-23,226.25904846191406,229.18756661945818,210.93744557383468,213.78107426652014,212368
2012-04-30,227.4049835205078,237.54866545750642,225.45265542019615,226.42881947035198,224718
2012-05-07,228.80557250976562,229.82419425891362,225.02823749131508,225.53754836588908,119121
2012-05-14,220.6991424560547,228.08408566162777,218.70435656446855,226.3015104839417,158850
2012-05-21,220.6991424560547,224.81603548664134,216.45492817805365,221.7177642446262,210287
2012-05-28,224.52586364746094,237.9142094616097,220.97295978923438,224.43920229573217,345841
2012-06-04,224.13587951660156,230.7650623920954,217.5066966411077,222.35944097874008,292544
2012-06-11,217.85330200195312,231.84824863313406,217.85330200195312,229.3785723917055,183966
2012-06-18,212.91392517089844,223.78926275268682,212.48064489451377,219.84640959305332,151870
2012-06-25,209.92430114746094,218.3732668283185,209.18771936314062,212.65396169374884,155246
2012-07-02,204.8115692138672,211.65739153218897,202.08189584188074,211.05080185707973,233644
2012-07-09,199.65554809570312,207.8878734305786,195.62604677348793,205.59149323149506,181138
2012-07-16,198.65902709960938,206.28476339071426,193.24302308926013,199.13563809705332,269752
2012-07-23,194.1529083251953,197.57582010797134,189.77677457739352,197.57582010797134,171472
2012-07-30,194.0662384033203,194.84615085553094,184.1441224499613,194.36953989406862,155577
2012-08-06,192.72303771972656,203.72836595168638,187.82697649350547,193.7629208320771,232339
2012-08-13,194.58621215820312,197.57584399517563,191.683228459558,193.41634989811217,119161
2012-08-20,191.76988220214844,196.44930461127933,189.3435096400312,194.9761540915653,137164
2012-08-27,198.39901733398438,201.82192855237,190.21002352166192,191.72650434700546,175253
2012-09-03,196.44927978515625,201.7786352570993,194.7594893077753,200.04551410641832,122525
2012-09-10,190.12338256835938,197.18585910286083,184.14411996218269,196.8825576162101,199788
2012-09-17,186.26719665527344,190.64333029056726,185.44396673718813,190.64333029056726,188566
2012-09-24,181.11119079589844,187.69705756845255,181.11119079589844,186.22389376374923,215507
2012-10-01,189.43016052246094,189.6034700053142,180.6778928003786,181.63111479007048,189188
2012-10-08,188.0436248779297,190.29668742359706,183.71082246138752,189.34346560289234,157566
2012-10-15,186.18051147460938,191.4231914360303,185.14062839276664,188.78019273389089,150458
2012-10-22,183.40753173828125,185.87723454933112,179.98462027339752,185.83390387809678,151099
2012-10-29,189.77674865722656,190.21002890530244,182.06436553054178,183.71082518416452,90731
2012-11-05,197.83578491210938,198.57235347841143,188.73689873685947,189.77676879806927,207588
2012-11-12,192.76641845703125,199.09231399453566,192.37646879994304,199.09231399453566,143579
2012-11-19,204.8982391357422,204.8982391357422,192.72306077958794,194.06623227486912,136521
2012-11-26,205.89480590820312,206.6747051669367,201.04206121060508,205.1582241017705,137101
2012-12-03,204.50831604003906,206.6747176930056,203.16514437066655,204.94159637063237,116761
2012-12-10,199.3955841064453,205.6348173049595,195.97265941997549,203.68505610400732,120507
2012-12-17,200.00218200683594,201.04205204529586,194.54284777659015,199.7422111915547,118391
2012-12-24,193.936279296875,199.3089527705031,193.15636676547754,196.75260145558863,63360
2012-12-31,200.1322021484375,200.2188635123229,194.19626895698136,195.40944871537116,91343
2013-01-07,198.4423828125,201.95195598275643,196.01601042178783,201.47534499522382,185315
2013-01-14,210.27093505859375,211.96073889317805,196.70926626383212,199.22228684333447,179113
2013-01-21,211.26748657226562,212.43733550208867,205.0282526118781,210.57423541607457,176685
2013-01-28,212.82730102539062,212.82730102539062,205.80815446814734,211.44079869569663,118207
2013-02-04,213.4772186279297,213.4772186279297,209.96764539674174,212.95727695565517,155718
2013-02-11,218.67657470703125,219.9330849440359,210.87752923541768,213.1739095574377,216094
2013-02-18,222.05615234375,222.6627553380408,217.7666800454477,218.58990996570122,114216
2013-02-25,224.762451171875,225.80845008402773,219.6195367321391,223.14983958891398,98740
2013-03-04,226.59295654296875,227.24671576369107,222.3653082619916,224.80599871207593,87336
2013-03-11,223.41136169433594,228.29277038989008,222.36536264627688,226.72375851703285,133983
2013-03-18,228.8592987060547,230.34116356829836,222.45246637534265,222.45246637534265,157953
2013-03-25,236.09426879882812,237.00952113274872,229.42592959038927,230.99494119183393,93160
2013-04-01,227.1595458984375,242.71902090147452,225.63410769424823,236.09425538011766,130968
2013-04-08,230.55911254882812,232.52039044385594,224.37018587087792,226.72372998552493,100582
2013-04-15,216.91734313964844,230.51554203030582,216.0020774507214,229.0772502752913,112263
2013-04-22,221.27577209472656,226.0264078136168,216.6122830153362,217.74546864498677,121220
2013-04-29,230.16680908203125,230.38472881288018,220.7526873499692,221.84228600421386,69452
2013-05-06,232.60757446289062,233.3485070223627,225.76488816911802,230.1668570082493,60966
2013-05-13,241.10641479492188,241.45508107183116,230.12325416232284,232.3024516449206,109666
2013-05-20,239.7117919921875,246.0750398299098,236.66091463955968,240.67064448046415,102697
2013-05-27,239.88613891601562,246.8595728775098,236.87883487950546,243.06776284063943,84202
2013-06-03,229.03416442871094,239.6655443710041,226.6278838091161,239.6655443710041,83389
2013-06-10,224.74659729003906,231.00292106147702,223.12782147983575,230.82790816726424,74271
2013-06-17,210.0902099609375,226.4091647042928,210.0902099609375,224.09039019385995,144209
2013-06-24,217.00277709960938,221.55283265879507,206.06513712483067,209.04016985732596,108462
2013-07-01,217.70277404785156,221.77157050345141,214.55272860688945,217.65902082058062,82689
2013-07-08,221.81532287597656,225.31536741839827,219.4090422530616,219.4090422530616,75613
2013-07-15,227.54660034179688,231.746669172459,218.05273898302352,222.1215481524478,90270
2013-07-22,222.47161865234375,231.8779899424625,221.596607369542,225.7529109628503,80102
2013-07-29,229.2091827392578,229.95292085844935,221.81532779803482,222.77784540920308,59011
2013-08-05,228.94664001464844,231.70291953113897,225.62160864605966,229.69040476118553,56327
2013-08-12,223.9591064453125,230.30295078378938,223.9591064453125,228.5966683198264,63659
2013-08-19,225.62161254882812,227.54662090486067,222.5153205413371,224.1340830300229,46972
2013-08-26,221.99034118652344,225.18414011226164,212.62772391491333,225.14037352985156,94889
2013-09-02,225.57786560058594,227.1091351253853,221.509069061049,223.12784504219547,111880
2013-09-09,226.6278839111328,231.09044603921623,224.00285050675674,225.00910797112343,115651
2013-09-16,236.42800903320312,240.1905460681005,226.4091212937013,226.4091212937013,104401
2013-09-23,233.4967498779297,237.12804110775434,231.87797377695534,235.81552427505457,51646
2013-09-30,230.74049377441406,235.11555033666517,229.12171750573594,233.62802042420935,62180
2013-10-07,227.50294494628906,229.90922609475942,226.1466880711691,229.55922690471814,58462
2013-10-14,224.04656982421875,230.12790733430222,221.3777967892717,227.41536772469914,73991
2013-10-21,216.302734375,228.15913707349387,215.8652288389051,224.92158542510404,81745
2013-10-28,220.98406982421875,223.25909081582662,216.7840136106826,218.2715299035821,50611
2013-11-04,219.19027709960938,225.66535379703785,219.05903077731932,222.25281590140034,84622
2013-11-11,216.74029541015625,221.1153518913932,215.99654381931364,219.27783618024137,68043
2013-11-18,218.88401794433594,221.81531042471465,215.3402337253471,216.47773745649386,75003
2013-11-25,224.87786865234375,224.87786865234375,218.22777847995698,218.8840368515105,93183
2013-12-02,218.5777587890625,226.6278576251155,216.56523074214704,225.3153410751631,115715
2013-12-09,215.77774047851562,220.32779548344485,213.9402118459434,218.62152652554758,91547
2013-12-16,221.640380859375,223.1278975057573,214.11527779892748,217.00281796638356,104089
2013-12-23,230.21548461914062,230.56548380799515,219.2778430722718,221.72786409747982,39673
2013-12-30,229.9967498779297,232.22801824769428,227.85296128483935,230.9155011588378,38962
2014-01-06,218.31527709960938,230.12792736351608,217.74652520532464,229.4279291402765,92660
2014-01-13,213.50270080566406,219.62777828779377,210.00265653016137,219.62777828779377,123837
2014-01-20,210.65896606445312,218.27156154474636,207.3339205237467,215.69028093411296,93786
2014-01-27,206.72137451171875,210.26517217367018,195.95873520015172,210.26517217367018,146433
2014-02-03,210.87770080566406,210.87770080566406,204.00885749271882,207.37765597901404,90684
2014-02-10,210.92149353027344,212.62776303243314,208.69021186516585,211.31524597667737,72362
2014-02-17,208.8651885986328,212.49649339957165,204.44637899111626,211.62148212487978,76798
2014-02-24,205.60008239746094,211.32342516227249,203.839053854442,210.97122482790132,67897
2014-03-03,202.6504364013672,206.43665199152647,201.7699217727528,205.07185163005676,70482
2014-03-10,203.79507446289062,208.59387570952845,201.85794528684053,203.00261680219256,66492
2014-03-17,210.44296264648438,211.10334851252983,203.83910398602984,205.11584730660076,100526
2014-03-24,213.216552734375,213.6568099264225,208.68190903051897,210.44293779870898,100656
2014-03-31,213.3486328125,214.97757632247487,212.64421863508088,214.00901858465863,69350
2014-04-07,218.8078155517578,218.8078155517578,212.29201474859448,213.04044388329714,103479
2014-04-14,225.10350036621094,225.10350036621094,216.56251339683513,217.83925658620444,69992
2014-04-21,221.9336700439453,225.67584302481222,218.3675838305632,225.10351400594163,52601
2014-04-28,222.72608947753906,227.08463257502453,220.96506087769993,221.0090892798123,69229
2014-05-05,225.85194396972656,225.85194396972656,220.48080074670045,221.53742877689697,57779
2014-05-12,223.8267822265625,226.68846777453714,222.32991027027566,226.29222550281523,45393
2014-05-19,227.3048095703125,229.3300090142324,223.34249437662487,223.34249437662487,51752
2014-05-26,228.9337921142578,228.9337921142578,226.2922483590933,228.14133436194297,47035
2014-06-02,225.74920654296875,230.83565402652752,225.74920654296875,226.89918562191556,61794
2014-06-09,226.45689392089844,228.75685214893565,224.24540081620216,225.66076180236087,49180
2014-06-16,228.22607421875,229.77411929581515,225.04151894677747,226.54534496280343,79474
2014-06-23,234.418212890625,234.418212890625,226.67798888008548,228.75679729921075,92608
2014-06-30,238.9296875,240.6104166287692,233.48942061140627,234.41823678905823,88217
2014-07-07,234.59518432617188,239.1508544310482,228.66837238670234,239.1508544310482,54290
2014-07-14,234.28558349609375,238.44317431036055,229.72991312707902,235.43554910528633,40594
2014-07-21,229.06643676757812,237.4701094716063,229.06643676757812,234.4182385860492,56766
2014-07-28,227.65109252929688,233.62212356923652,225.79343302882953,229.15489155671224,53006
2014-08-04,226.41262817382812,230.34908262364306,224.55498233688886,229.1991171760581,50616
2014-08-11,229.24331665039062,230.79136146453956,226.76645574605598,227.78373693905917,38456
2014-08-18,230.52601623535156,234.28555401759965,228.93372521247173,230.61448134702744,47424
2014-08-25,231.6317596435547,233.9759365959306,229.37602080594795,230.48176719817826,52317
2014-09-01,215.134033203125,232.64906020727986,206.11114459428217,230.87986583308,417399
2014-09-08,214.3821258544922,218.93779580233777,213.3648310277929,215.4436397406242,104609
2014-09-15,217.257080078125,218.98204193727818,212.83409403010032,213.27639263490278,107222
2014-09-22,210.00332641601562,218.495463177533,209.25142705036706,217.16856765216335,150093
2014-09-29,210.2245330810547,211.15336290204604,207.92458830770983,210.75529683530203,173839
2014-10-06,206.332275390625,212.70137186709388,206.15535866864434,211.77254220434452,123313
2014-10-13,208.10147094726562,208.58800205925834,202.57273898798653,205.2265303284405,154241
2014-10-20,205.71304321289062,210.88792776951826,203.0150195562491,208.45528592298368,157926
2014-10-27,218.58395385742188,218.76087058193173,206.28804578471542,207.4380247408507,131466
2014-11-03,223.2722930908203,223.7145916219019,212.61290929005867,218.89354033268887,142109
2014-11-10,228.27032470703125,230.7472133688008,222.87428922280253,223.2723553121326,149381
2014-11-17,231.27796936035156,232.78176853698025,227.03188622428837,227.12035135132925,107236
2014-11-24,238.17779541015625,238.39894470951572,230.74718435083065,232.20676432745037,149006
2014-12-01,257.41778564453125,266.21953859803654,236.36438304648007,236.49706722755639,254854
2014-12-08,243.48533630371094,280.77109630038615,243.043037781815,257.19659048248485,377493
2014-12-15,269.8021545410156,270.155988033064,236.54129336893743,243.26423770091574,2131836
2014-12-22,260.16009521484375,269.80220127094657,258.3909004524113,268.47530519912226,344021
2014-12-29,265.069580078125,266.3080109201468,252.994832125819,256.53322138631995,447367
2015-01-05,250.16404724121094,265.9541107591939,248.5275642148596,264.40606584558304,683097
2015-01-12,250.9159698486328,258.6561947152576,248.5717928596074,251.31404935436402,487295
2015-01-19,258.96588134765625,258.96588134765625,245.51999045888093,252.68523459045502,358467
2015-01-26,265.7772216796875,267.9887145310886,256.62163587573457,258.1696808717153,372444
2015-02-02,259.4965515136719,266.4848628498351,253.03897681396276,265.99834526783224,394710
2015-02-09,260.2926330566406,262.5041252661278,254.54275331197397,259.18688695189707,298826
2015-02-16,253.3043975830078,262.7253517674351,251.71210652635378,262.7253517674351,247131
2015-02-23,255.07357788085938,255.117796937329,247.77565184314795,253.92358545927857,308099
2015-03-02,264.1480407714844,265.2595878663608,252.0988811179759,256.5450694974816,349145
2015-03-09,267.26031494140625,268.1051014060933,257.9233213600995,264.05908170914347,342616
2015-03-16,277.7977600097656,280.50995037856393,269.0832442920993,269.6612431781147,456797
2015-03-23,281.44366455078125,283.088759328711,269.883577223261,278.3313333472181,440350
2015-03-30,296.7829895019531,301.3625567963814,276.4194579718404,281.44364397713304,430037
2015-04-06,307.0982666015625,311.1887657351366,295.4047954561732,296.7831031326225,326572
2015-04-13,297.9835510253906,306.1200703434261,297.3166227675618,305.230832666321,352653
2015-04-20,300.82904052734375,309.8992740370364,297.4943998454531,298.5614957186082,318137
2015-04-27,299.717529296875,310.34392972255574,294.426581734462,301.0069347022496,324434
2015-05-04,300.0731506347656,311.41092669697537,287.84613723434336,301.0068389849408,265142
2015-05-11,302.4741516113281,305.2307934839609,291.8477790164539,299.67305871549837,243125
2015-05-18,311.90008544921875,313.0116324394155,301.7183041640651,303.2300189256838,236642
2015-05-25,316.2572937011719,318.2136269463448,306.83137130261986,311.90003562314854,262076
2015-06-01,313.7961730957031,330.90738386261137,311.0348226719654,320.26945838959995,331597
2015-06-08,324.6605529785156,330.9527583886769,306.64398043881323,314.33950373314576,321179
2015-06-15,311.8044128417969,324.1172525424448,308.9978054084553,322.668678290147,521991
2015-06-22,323.8004150390625,327.7387173060227,317.19133041028573,318.54936376928856,269223
2015-06-29,302.8414001464844,322.759220186014,300.57801150562875,313.7056656225914,396235
2015-07-06,305.1047058105469,306.0100610206672,290.16634484356166,299.5367767941566,242285
2015-07-13,308.0472412109375,310.8085647240927,300.44225973848864,306.870289989095,223626
2015-07-20,315.697509765625,318.73042893176546,305.8291115911478,310.40117396309836,389402
2015-07-27,320.9033508300781,320.9033508300781,309.0884419288977,314.4753195955881,312937
2015-08-03,317.32708740234375,322.1254602685656,314.6562777548157,321.4011869552982,184043
2015-08-10,298.85791015625,321.129665012329,293.47103290475457,318.5041114838112,300298
2015-08-17,283.6931457519531,303.5656820001944,280.66019936202827,300.3516810914609,200768
2015-08-24,287.4504089355469,299.8990486925981,269.8412311002319,280.66024179533713,396292
2015-08-31,278.5326232910156,291.8866173591086,277.53672668211976,285.91126533499164,305376
2015-09-07,283.2856750488281,295.0552942481596,278.8946962063041,280.0716747037883,286809
2015-09-14,290.9812316894531,300.08007040146117,280.66018524189263,284.2363502668382,351232
2015-09-21,289.0799560546875,295.8701212701523,278.53257161251605,289.8495136382908,407388
2015-09-28,290.48333740234375,297.95252078392724,277.0388017896417,288.9442218962532,345576
2015-10-05,308.90728759765625,310.03898189918743,293.2899062365258,293.74258395713827,235929
2015-10-12,301.07598876953125,313.07195027195604,296.23235849271475,309.9032057241457,282247
2015-10-19,311.7138977050781,313.07193099910995,293.65207147200914,299.67268021636545,238444
2015-10-26,317.19134521484375,319.4094498938537,308.18304579463523,311.7139271669908,285856
2015-11-02,318.2324523925781,324.56994077592964,310.8990674517058,314.5657737367703,235098
2015-11-09,301.07598876953125,322.44238610347566,300.39697208071476,319.454723724387,220233
2015-11-16,299.9443054199219,305.4217234905461,290.61915359913075,293.3352204551974,332158
2015-11-23,299.7632141113281,304.018368419765,289.804303527093,299.67267303471084,236650
2015-11-30,298.1788635253906,310.26536595208916,295.77967678253515,299.672694695149,307754
2015-12-07,284.82489013671875,307.41349679832626,282.8783810347473,299.5369193005032,281399
2015-12-14,281.0676574707031,295.0101282046436,279.2569462681327,285.9112878341709,285819
2015-12-21,279.8001708984375,284.28169271103343,277.35572706096445,280.7960677044881,362520
2015-12-28,284.7342834472656,286.68079210078383,278.8947298574559,281.4297416453503,92149
2016-01-04,272.9194030761719,283.78366814266263,265.2238819874076,279.3474044704417,441916
2016-01-11,268.3021240234375,280.61496508688725,262.55311072819256,273.4173773790143,296412
2016-01-18,275.09234619140625,277.4462766332718,261.6478079721735,267.84950029598275,255825
2016-01-25,283.8741760253906,284.05525815798984,271.24448471034094,276.1333983687232,238454
2016-02-01,284.8701171875,293.3351970733385,277.8536117019495,284.191100527608,285796
2016-02-08,270.70123291015625,286.5449505553995,254.58591972840918,286.36386844489635,467066
2016-02-15,290.1212158203125,291.97718376619184,276.72193623581154,278.0347129199529,256212
2016-02-22,287.7115478515625,298.0356956548959,281.52616976496154,293.12377449679764,255125
2016-02-29,291.2591247558594,292.6690187931852,281.4807503905859,285.89236685028203,222341
2016-03-07,297.2624816894531,304.7213435915231,287.71151420374866,291.34997800782656,201140
2016-03-14,287.5296325683594,301.12837555814747,284.34597646409566,297.94471945388375,246519
2016-03-21,287.39312744140625,291.9866761968695,278.25147185818423,287.43859712838247,249104
2016-03-28,278.9337158203125,291.4864321495637,275.29525214678023,287.39316051683994,223480
2016-04-04,271.0201416015625,281.7081313090629,269.9285911234668,277.8877323950096,308179
2016-04-11,280.38922119140625,286.028853289076,263.0610419830484,271.02018451484014,288763
2016-04-18,279.6614074707031,288.02985673342306,277.4328375083205,277.4328375083205,248597
2016-04-25,282.8905944824219,288.12088682413867,276.5232820664188,280.16174630413485,285693
2016-05-02,287.8934020996094,292.5324482540166,282.34474014078,283.8910981120062,251984
2016-05-09,288.439208984375,298.17208251086004,285.89226779518987,289.3942945807729,202944
2016-05-16,290.0765380859375,292.80538609758185,284.9826829123459,288.43924038266186,189942
2016-05-23,295.17047119140625,296.2165243201968,285.4830637442232,289.6673040186702,222731
2016-05-30,296.6819763183594,298.92334076777826,293.75451123188026,297.0021752280824,242455
2016-06-06,298.74041748046875,306.4708118115321,295.812951850174,297.09371980834345,262576
2016-06-13,299.47222900390625,300.3870670164927,293.1140936489742,296.40751607801354,369069
2016-06-20,297.5052795410156,314.3382903720288,287.2590844689369,303.9548752063831,332957
2016-06-27,311.77679443359375,312.78312186638647,292.4737340273621,297.3223644963068,382030
2016-07-04,308.71209716796875,314.20112521954104,305.28145463573605,312.5086693199115,289949
2016-07-11,318.63812255859375,323.8527112805695,309.2153006012217,310.2673589100708,303823
2016-07-18,344.3450927734375,344.3450927734375,317.49458602928627,318.5924030363531,392800
2016-07-25,352.02960205078125,352.94443992297,343.5673517330352,344.436458879069,349744
2016-08-01,354.9571838378906,354.9571838378906,347.22679070282976,351.6180303468556,233700
2016-08-08,364.0139465332031,364.42563470104005,351.5721471601066,354.72834866383397,189355
2016-08-15,364.6544189453125,365.0203485480991,357.83886492902644,363.4193821070986,203230
2016-08-22,352.99029541015625,364.79170161536337,349.97131285249793,363.87686349219,222343
2016-08-29,352.3955993652344,355.506042898517,345.67153466091025,351.5722228522907,234053
2016-09-05,350.6116638183594,360.8121019438935,350.3372235855663,352.21263031981306,220102
2016-09-12,324.7674865722656,355.68899947845074,319.27845863019917,346.26617934535926,657670
2016-09-19,338.85601806640625,341.6920216882433,325.2249363056774,325.4079150884962,301609
2016-09-26,331.4000549316406,337.25501236119777,326.18546733047793,332.8180426189649,312621
2016-10-03,328.1524353027344,336.06577922770424,327.5120374698334,331.4915887602485,258957
2016-10-10,341.78350830078125,346.44918803830245,327.6492489615404,327.8779584788832,261913
2016-10-17,336.1114501953125,342.2408754991846,335.1508815354188,340.3654409898444,213880
2016-10-24,342.2408447265625,344.9395996286059,335.3795608624319,338.1698051330575,257643
2016-10-31,334.6019287109375,345.3970036919159,333.0466932678622,342.0121205490966,271542
2016-11-07,335.10516357421875,344.7109630139883,333.18402602117794,338.49007549664174,240380
2016-11-14,344.57366943359375,348.23302082100724,332.6807774245,336.8433063788641,215555
2016-11-21,349.3309326171875,350.24577071338615,341.4633194061504,344.6652527428457,145416
2016-11-28,354.0423583984375,359.8973168812461,346.3119649868795,348.4618401887901,246017
2016-12-05,362.2758483886719,363.8768148903895,352.029651610223,352.2126303778754,197242
2016-12-12,354.3167419433594,364.0140302096968,351.5722279765831,359.7143084129312,262431
2016-12-19,355.04864501953125,359.8515446769339,351.0690940053837,353.127479572842,163409
2016-12-26,356.78680419921875,359.028168367413,354.9113975497297,355.04861765992473,82825
2017-01-02,357.42718505859375,363.00767401300016,353.40187589204555,355.8719494334604,144799
2017-01-09,371.92742919921875,372.7965365869404,356.92408950681056,358.38783609308933,212727
2017-01-16,372.4305725097656,375.95270455545716,368.3138013204579,371.28702495718017,182002
2017-01-23,372.84222412109375,378.7429405213096,370.28068883091805,370.64661845542304,179880
2017-01-30,369.8232421875,373.66557275430614,364.5171932320427,372.1560677982217,205699
2017-02-06,366.8043212890625,370.8296030592065,359.02819799180935,370.8296030592065,215924
2017-02-13,372.7964782714844,377.8280871806701,366.1181721594756,367.0330101429639,178410
2017-02-20,380.18603515625,382.894774385134,371.876219726569,374.26357884025145,180306
2017-02-27,383.9048156738281,385.7871408934035,377.4313979735244,382.2520156555738,159256
2017-03-06,393.9593200683594,394.37252717277266,382.1603041290471,383.30807050615067,138542
2017-03-13,400.38671875,401.1672053094118,391.4341430887298,394.37243554005653,156199
2017-03-20,399.697998046875,400.7080376741301,388.58764621195724,400.34075817920893,224998
2017-03-27,407.7784118652344,408.0538645653346,396.07119574313,396.07119574313,207638
2017-04-03,416.54730224609375,416.54730224609375,404.7023607077549,408.6047657741371,185245
2017-04-10,421.7351989746094,422.14840601296635,413.2876566025569,416.50140194468935,138492
2017-04-17,420.31195068359375,423.158416248858,413.2876276746392,421.73516945540905,191763
2017-04-24,403.27911376953125,429.99908653556116,396.1170363919453,427.1067215272586,836405
2017-05-01,412.23175048828125,418.8887949470791,403.27917345748415,403.27917345748415,346136
2017-05-08,406.8141784667969,414.94036752361774,404.2431937808749,413.19576877091134,385453
2017-05-15,402.3609313964844,409.5229812956919,395.06112713558616,406.7683424080527,528484
2017-05-22,404.28912353515625,404.6105036504081,399.51443332867734,403.00363109578245,367255
2017-05-29,412.6908264160156,415.032258257264,402.3609306076213,404.93191568905627,681772
2017-06-05,405.6432189941406,416.0715569067376,403.0592215125638,415.471703366028,332756
2017-06-12,405.4586486816406,407.21207749026667,399.22934211380084,404.44349679344896,552140
2017-06-19,404.3973388671875,415.1024943377473,403.6590338310906,407.9964879073555,423663
2017-06-26,399.2755432128906,413.4414558715391,397.98354429598487,405.04342066645563,537821
2017-07-03,409.65771484375,410.5805752187814,396.922252933702,400.29068766987393,1018158
2017-07-10,417.0867004394531,419.6706978690297,402.5516515303004,411.5956706972782,384060
2017-07-17,402.22869873046875,421.51647487073353,401.0289633489053,418.4248869921362,417228
2017-07-24,395.6302185058594,403.9359611351206,392.7231860548491,403.9359611351206,361881
2017-07-31,406.6584167480469,408.919435921824,393.27694137185097,395.07653036024203,278817
2017-08-07,399.2755432128906,410.81129812002064,396.92226047722176,407.81200184416684,186890
2017-08-14,405.3202209472656,410.5805073169196,399.87532310428736,401.2596134379004,149554
2017-08-21,406.4738464355469,410.44213461670904,403.197675343227,404.07440392819797,164089
2017-08-28,413.34912109375,414.779571451139,401.2596455791279,405.18180183853264,215843
2017-09-04,403.52069091796875,415.3794521328132,393.59994208465105,411.2727122806128,403632
2017-09-11,385.61724853515625,409.8423355907735,385.38653342034087,405.68946352409625,450351
2017-09-18,391.477294921875,392.1694400485661,383.6329834860424,387.0014174699144,283483
2017-09-25,393.6460266113281,396.46076725931357,389.493155504904,391.7541743726743,241303
2017-10-02,391.477294921875,397.5681495059909,390.2314280611395,395.21486734062404,242406
2017-10-09,398.3065490722656,399.9676865051915,391.3850961626345,391.4773878341224,197243
2017-10-16,395.5379638671875,401.5826880811206,393.50765976905376,397.8451148134923,238169
2017-10-23,408.31951904296875,409.8883645321052,394.8457540848102,394.8457540848102,268421
2017-10-30,411.8263854980469,415.5639582355024,406.7506541361662,407.9042294456845,250527
2017-11-06,410.48822021484375,414.3642444573339,408.0888061407357,411.59566375940074,351213
2017-11-13,408.3656921386719,411.5495715122564,405.0895492637351,410.6728429417152,212814
2017-11-20,409.3808288574219,410.7651192876227,407.25823329970405,407.8581150168931,186806
2017-11-27,402.7824401855469,409.70389331168093,400.6137125733319,409.4270182885566,462546
2017-12-04,406.0585632324219,409.9345880559349,399.55240888237864,405.6894247167214,267848
2017-12-11,405.8739318847656,409.6576645909356,405.18178668839766,406.05851520251446,371360
2017-12-18,413.81048583984375,415.1947760655547,407.02745810116863,407.02745810116863,258667
2017-12-25,411.8263854980469,415.5639582355024,411.78025375105005,413.8105293977265,102982
2018-01-01,412.9800109863281,412.9800109863281,405.68941977702747,411.82643553664565,140527
2018-01-08,411.50335693359375,416.85596298368586,410.02677498310425,413.25678567828703,210069
2018-01-15,410.7651672363281,415.2871775368139,405.78172673857915,412.5185963532351,239476
2018-01-22,413.5337219238281,413.8105687590621,405.13568723902824,410.6728492514067,177359
2018-01-29,408.8270568847656,413.71820453922294,408.1810434978943,413.34906610249254,206975
2018-02-05,390.2776184082031,407.90425591410684,385.66331687071323,405.5971051453619,401743
2018-02-12,410.7651672363281,411.7803193029998,392.8616812152116,393.13852806818386,252198
2018-02-19,413.9245910644531,414.8505968610179,406.2387542567472,413.7393786013585,210699
2018-02-26,408.183349609375,416.6100081294822,404.9423292754457,414.8506027429543,256834
2018-03-05,414.6653747558594,414.6653747558594,405.12752657680403,407.90554390190215,254672
2018-03-12,418.2767639160156,420.9621746523822,411.2391153155913,415.77653735420375,289645
2018-03-19,431.7964782714844,440.686139295287,415.4061931351937,418.1842104389162,396218
2018-03-26,445.87176513671875,446.9829833318063,429.66666463849947,434.4819058046085,291644
2018-04-02,461.61383056640625,462.6324424642805,444.11232890093413,445.8717340375619,293285
2018-04-09,478.3744201660156,478.3744201660156,459.4839418191602,463.0027514262213,268524
2018-04-16,479.300537109375,487.44943264426036,476.1521515789908,478.74495628604353,276575
2018-04-23,494.6721496582031,494.8573620620765,475.4112465520748,479.11526855397983,285952
2018-04-30,507.4511413574219,514.4887623161309,493.0054745394804,495.22785438590745,297898
2018-05-07,540.787353515625,540.787353515625,507.45114679205903,507.45114679205903,311125
2018-05-14,551.7142333984375,551.7142333984375,535.6017667092137,541.3429573402672,346394
2018-05-21,563.011474609375,565.9747042005735,551.1586127634846,553.5662050144501,436162
2018-05-28,562.6410522460938,569.1230922789699,557.6406552749315,566.5302875696002,584613
2018-06-04,528.2604370117188,569.1555748979392,523.7582289254154,563.340196547485,700264
2018-06-11,514.5660400390625,536.8895861988019,512.6901156389949,528.2603225087573,1380251
2018-06-18,496.1821594238281,515.3166172046756,492.80551734423733,514.5662014103777,571589
2018-06-25,491.3045654296875,496.18198008631845,483.2381137946696,493.5556975015685,449347
2018-07-02,492.6177978515625,493.743364030319,483.98853347932805,489.4287032198648,383834
2018-07-09,503.685791015625,505.56171574938895,491.11707239993456,495.43173363679944,352353
2018-07-16,510.81427001953125,513.2530064649361,499.74632580190695,505.18649595138214,318887
2018-07-23,507.4376525878906,523.9457677393367,506.68729412622145,511.3771060725051,345922
2018-07-30,510.0638732910156,514.7536846622987,501.99742063187824,507.4375903728319,260306
2018-08-06,512.1275024414062,519.0684475351412,507.250086206513,511.3771439241962,221537
2018-08-13,510.81427001953125,523.3829883378689,505.936911626078,511.0018739382052,209568
2018-08-20,519.6311645507812,523.3830141143249,510.6267484977492,512.6902199587532,167760
2018-08-27,525.4464721679688,537.2647738044682,521.8822270116176,522.0697736656307,154055
2018-09-03,497.4953918457031,528.8233087084093,493.3683334572295,525.2590622358337,333683
2018-09-10,508.00042724609375,523.1954300037296,493.7434441635547,499.18361478701655,371440
2018-09-17,525.2588500976562,528.8230951307274,500.30907761748614,508.7507377083413,524633
2018-09-24,535.2012939453125,541.0166719643396,521.3194626167398,524.5085575058226,346331
2018-10-01,501.8097839355469,538.5779141334556,498.6206895120024,534.6384613892742,391417
2018-10-08,461.4774169921875,501.24703842919416,461.00843587735807,500.49662284653,620918
2018-10-15,460.35186767578125,476.86000924541037,452.2854151056511,460.5394715782973,423169
2018-10-22,468.88739013671875,473.29582479219494,452.66065233979464,464.3851821422948,428471
2018-10-29,475.92205810546875,483.8009355815765,458.94493500707136,468.8873409617409,353950
2018-11-05,464.4789733886719,477.047663322087,456.6938686048331,476.6724841019315,322596
2018-11-12,460.5395202636719,471.6074646980731,455.00554804647123,465.13553011781005,305180
2018-11-19,462.9782409667969,465.979703437197,446.18871992742163,462.4154578084905,327543
2018-11-26,448.06463623046875,467.01145895657817,445.90730560182317,465.22933617593355,458599
2018-12-03,452.191650390625,467.66802901950905,446.8452535963658,456.88146209634743,375782
2018-12-10,455.66204833984375,462.13401074641047,441.4050393538823,450.409482653842,397864
2018-12-17,445.9072570800781,455.09930449340226,440.93606850274887,453.22337995488755,386732
2018-12-24,447.220458984375,448.06464804028775,434.7455705667168,444.1251945271638,160993
2018-12-31,448.1583557128906,454.72409152314253,433.71374265520365,448.6273368421943,210122
2019-01-07,465.6044921875,469.919124605351,438.96636789481886,450.5032930371909,357934
2019-01-14,469.3563232421875,469.3563232421875,455.47449282798874,460.53948345888085,289413
2019-01-21,473.108154296875,474.0461165490989,465.4168810032407,468.98112611195705,189529
2019-01-28,492.4301452636719,495.0564279220111,462.32155351411194,469.91905290876116,310476
2019-02-04,495.244140625,500.8719149502841,486.99008306431955,492.43025346235794,237991
2019-02-11,507.25,517.7551892016527,495.24409401897213,497.8703770072164,262486
2019-02-18,520.8760986328125,524.0739886492263,508.0846533802842,509.40138772320023,213843
2019-02-25,528.9649047851562,533.6676508895529,519.747476495284,521.252389692632,276645
2019-03-04,532.5388793945312,535.1724052324655,525.0144870538287,533.2913071472899,274408
2019-03-11,549.2807006835938,549.4688219939078,530.4697177834707,534.2319143634953,300894
2019-03-18,548.5281372070312,562.8244921571871,545.706490469759,550.0329925042898,309046
2019-03-25,553.2308959960938,560.3790449517194,521.0641108826761,536.8653215364361,311292
2019-04-01,561.884033203125,569.9727321823633,557.7455943632697,558.6861434262769,270063
2019-04-08,563.76513671875,564.5175644950372,551.7260626719167,561.5077959833288,262474
2019-04-15,573.7349853515625,573.7349853515625,561.50784631948,563.3889446321081,209001
2019-04-22,583.140380859375,585.0214788621471,569.4083884017601,573.7348908455141,255765
2019-04-29,584.457275390625,589.9124490784178,579.5664082404584,581.6356278893634,218191
2019-05-06,572.4181518554688,583.8928622076004,569.4084406998466,571.8538453654297,259089
2019-05-13,583.140380859375,583.140380859375,560.7553261076971,571.6656715611537,324131
2019-05-20,567.1511840820312,584.2691915008127,565.458206954145,579.9426306111377,280818
2019-05-27,559.4386596679688,574.1112618152197,552.8548151857143,570.1609436445533,266010
2019-06-03,577.9547729492188,582.1140463121495,558.2925436103951,561.3175064083962,307563
2019-06-10,578.7110595703125,586.462509518366,573.4173596977131,578.7110595703125,216193
2019-06-17,595.5374145507812,603.4779364900102,576.253322810585,578.9002019212478,375459
2019-06-24,599.5077514648438,599.8858358882766,590.432859856653,595.5374899922845,222868
2019-07-01,602.3433837890625,611.0401295164988,598.7512659897454,603.4777519615736,194504
2019-07-08,610.094970703125,613.4980182961716,598.3732597557421,598.9404151224581,199531
2019-07-15,605.7466430664062,614.0652497551729,594.9702858888162,610.2840596515169,257317
2019-07-22,610.2840576171875,616.333984841423,597.2389633423356,604.801343524439,251877
2019-07-29,587.9750366210938,611.607473784321,587.7859655845119,607.8262838382046,289692
2019-08-05,584.3828735351562,593.268634618983,567.1784490416187,581.3579102676592,348106
2019-08-12,572.6611938476562,593.4577381172378,565.098814113263,588.1640953817139,320841
2019-08-19,580.2235107421875,594.024886880554,574.3626555435044,579.2782133777667,226052
2019-08-26,587.029541015625,589.1092063233904,567.9345266929139,576.6312721731582,209547
2019-09-02,619.35888671875,620.6822685008804,583.0594423842596,588.542155930517,217279
2019-09-09,607.826171875,620.1150369362364,591.9451885659067,618.2244423114307,312996
2019-09-16,593.07958984375,603.6668741740131,583.6266161943206,602.1544214686533,410395
2019-09-23,596.2935180664062,600.830933512084,580.9796904529221,593.0795419032197,213926
2019-09-30,578.7110595703125,604.4231594899271,566.422193800297,595.53734116229,285941
2019-10-07,604.423095703125,604.9902509848768,575.3078937173847,578.7109984969944,248454
2019-10-14,597.8060302734375,605.3684086060737,594.4029254059305,603.2887430253252,228005
2019-10-21,617.46826171875,617.46826171875,587.4078164979094,597.2388746569784,238766
2019-10-28,616.1447143554688,619.1696769884254,608.2042523523666,616.5228563207246,244086
2019-11-04,613.1198120117188,619.9259641810418,609.1496094679519,618.9806668713127,294398
2019-11-11,622.3838500976562,625.2197423835878,605.9356517607029,608.9606150716385,268876
2019-11-18,619.926025390625,635.2398548595498,613.6870856089472,624.2744280625479,233898
2019-11-25,642.80224609375,646.394364753234,619.3588815990178,620.6822633702088,392308
2019-12-02,629.3790893554688,651.4990748265378,608.9606856101611,645.0710631064508,326457
2019-12-09,628.0556030273438,634.2945426635175,620.871308313778,630.5133531394429,246531
2019-12-16,635.05078125,636.3742206874438,624.65250985869,631.26959165316,295522
2019-12-23,640.3445434570312,643.7475913459468,634.672758511252,635.2399139272779,91390
2019-12-30,638.453857421875,642.2350468464728,629.7571102060259,640.3444521341739,131431
2020-01-06,651.3098754882812,653.5786122114915,626.5430733281173,635.8069758378781,230936
2020-01-13,685.90771484375,685.90771484375,647.339595584747,651.8770111982116,281279
2020-01-20,672.1064453125,683.8281560448822,657.9269844409282,680.8031928530055,340950
2020-01-27,639.588134765625,657.9269255979073,635.0507192318097,656.9816282910137,470984
2020-02-03,657.3598022460938,670.9720495092208,634.6726657778437,639.777236865377,355092
2020-02-10,666.4346923828125,672.8627034083643,648.0958990457844,654.1458257147607,276175
2020-02-17,656.6035766601562,678.7235597644567,654.3348974291874,668.1362169308054,270046
2020-02-24,595.5374145507812,643.3694441329746,581.3579522995722,642.8022887214781,743757
2020-03-02,600.7380981445312,626.8900805456851,587.8516257970421,607.3708531713636,571383
2020-03-09,542.7489013671875,591.641819983533,520.0080251269447,568.5219060060705,851784
2020-03-16,574.396484375,589.5570643237535,488.928703347298,510.3429993917031,826406
2020-03-23,611.1609497070312,636.3653936470087,539.3377054786093,550.7081417522285,547963
2020-03-30,573.0700073242188,624.4264921445996,560.9415528825538,608.6974109233356,397067
2020-04-06,608.1287231445312,611.1608505588691,573.0698836551077,591.2625903081153,255213
2020-04-13,648.8729248046875,656.0742362516187,608.1288589986628,608.1288589986628,269620
2020-04-20,639.0184936523438,664.2229356967863,634.091293404393,649.0623551387997,231401
2020-04-27,635.5922241210938,655.198728062864,634.4500880899743,652.9144560006251,203524
2020-05-04,647.0136108398438,656.5313163776216,615.034143469496,622.4579421706699,249219
2020-05-11,633.1177368164062,649.2978350250171,625.5035729535306,646.2521578615748,251995
2020-05-18,664.1453857421875,668.1428331141532,639.5897205879073,639.5897205879073,340655
2020-05-25,711.7338256835938,715.3505412406811,659.5768243517055,666.2392165168742,379900
2020-06-01,748.281982421875,750.1855234312965,702.5969981957595,717.8253262711314,372016
2020-06-08,702.7874145507812,742.381047162882,702.4066830848807,741.238910856646,348974
2020-06-15,703.5487060546875,724.6780209961497,681.2772549909788,686.4168384953597,393579
2020-06-22,702.2161865234375,718.0156099513014,684.5132803951019,699.170509638064,287704
2020-06-29,714.3988647460938,729.8175573999825,695.3634560601712,698.7898644785115,260579
2020-07-06,732.8633422851562,742.3810480291194,722.7745974331417,727.7237579468299,257872
2020-07-13,714.5894165039062,741.4293613574778,708.3077532386218,741.4293613574778,307155
2020-07-20,705.8328857421875,728.1043357183902,700.8837262732122,710.9724689956046,245523
2020-07-27,653.1048583984375,717.0638407302607,653.1048583984375,707.7364443613734,355881
2020-08-03,659.386474609375,664.5260576404551,646.2520556417215,647.3941916587894,263086
2020-08-10,668.1427612304688,678.4218690157244,648.9169892462878,659.7671940754992,258390
2020-08-17,665.28759765625,672.9017618640469,654.2470827915297,667.9525435106863,233165
2020-08-24,685.0843505859375,694.4116892727327,668.9042531179299,670.9981597026693,188116
2020-08-31,702.5969848632812,719.5384879073582,681.6580341569825,686.987925645638,263806
2020-09-07,707.3557739257812,710.9724898327438,687.9396345009957,705.0715017258811,190157
2020-09-14,708.1172485351562,728.4851603720798,703.929435119063,709.8304238084814,247988
2020-09-21,695.7442016601562,707.1654471046458,684.703687633733,703.9294043254571,246534
2020-09-28,710.4014892578125,715.5410148484287,694.411699176451,702.0258627994009,239009
2020-10-05,724.8683471679688,725.8201176123025,708.878615321454,712.4953313916305,191162
2020-10-12,751.898681640625,767.698048423325,725.2491081141218,725.6298395439417,311819
2020-10-19,785.2105712890625,785.2105712890625,728.1043479225852,753.4214170451418,288870
2020-10-26,760.4645385742188,789.969420546435,754.3731848659537,779.8806776892911,385785
2020-11-02,794.1572875976562,809.3856148145512,753.6118315277985,762.1777655873019,332375
2020-11-09,794.7283325195312,818.3322282622986,782.9263556024182,804.2460371006035,363813
2020-11-16,815.857666015625,818.9033431659649,798.9161631119006,802.1521478848255,276311
2020-11-23,783.6878662109375,823.2814964450024,778.5482821872971,818.5226438643955,295796
2020-11-30,786.5430297851562,804.0555691322382,776.4542293574214,780.4516763913747,323890
2020-12-07,794.7283325195312,797.012604855572,781.974585144311,785.7816669767399,268689
2020-12-14,818.3322143554688,832.2280976625611,791.1116029527758,794.7283190138286,350407
2020-12-21,810.3373413085938,818.5225435070826,801.0099449210467,809.5758785158882,147117
2020-12-28,837.1773681640625,847.2661710371851,809.576021699057,814.3348745378511,93278
2021-01-04,844.6011352539062,848.0274856969061,820.9971812102751,845.7432133406,246544
2021-01-11,838.5098876953125,854.8803534207107,831.6571278461381,844.2205112210468,231217
2021-01-18,833.3701782226562,848.0274663090249,820.8068548245776,836.9869523860293,204694
2021-01-25,801.9617919921875,838.3194363445635,798.9161728960087,831.6570429116163,271145
2021-02-01,857.16455078125,859.8295548463054,806.7207106491766,809.004983250234,253019
2021-02-08,879.8165893554688,882.291169182397,854.3090959199652,862.4943562926042,185257
2021-02-15,917.1259765625,968.9023119504634,874.1059989687104,883.433337701219,266731
2021-02-22,878.6744995117188,909.3215199148549,875.4384567140027,907.798652325329,252421
2021-03-01,848.4459838867188,896.6834513818363,845.0140908215739,887.531697751163,223097
2021-03-08,909.6484375,912.317693932938,832.0489781901543,852.4498359995023,283645
2021-03-15,902.9754028320312,938.8198418772511,902.9754028320312,911.7458680153529,378307
2021-03-22,899.1620483398438,901.8313048354637,886.0063813228813,900.8779947880689,221186
2021-03-29,911.9363403320312,917.8468740832272,894.2047972638691,903.5472238071526,173849
2021-04-05,943.3955688476562,945.4928625205822,905.0725527410884,911.9363383100449,207645
2021-04-12,978.5726318359375,982.385871511869,934.4343942241136,944.7301297120448,240882
2021-04-19,1000.9754028320312,1012.4151217215402,957.1231470889137,980.0025848679315,253309
2021-04-26,995.2556762695312,1015.7518420164613,990.0124710784562,999.068916408495,201199
2021-05-03,1025.82177734375,1030.6019347405056,998.0968644425675,998.0968644425675,226158
2021-05-10,1021.0415649414062,1028.6898163641883,983.7563392553436,1028.6898163641883,232049
2021-05-17,1034.426025390625,1037.772135454273,996.6627832437399,1024.8657109230592,209953
2021-05-24,1093.699951171875,1096.5680454494236,1037.7721127596767,1038.2501284726015,287168
2021-05-31,1107.5623779296875,1116.6446762381313,1091.3098441145778,1098.0020639207994,215396
2021-06-07,1144.8475341796875,1148.1936438829266,1106.1282647564913,1107.5623117721652,236823
2021-06-14,1159.666015625,1183.0887834591406,1131.4630910900144,1149.6276865532254,301440
2021-06-21,1173.050537109375,1177.8306941473106,1140.5454692514136,1153.929908957633,236149
2021-06-28,1164.4464111328125,1184.523073393723,1159.6662534516433,1170.1826003502156,215354
2021-07-05,1181.1767578125,1187.3909617184338,1138.633361841107,1164.4462088349858,232957
2021-07-12,1195.0391845703125,1228.5002817382813,1177.8306203125,1181.1767300292968,184217
2021-07-19,1231.3681640625,1232.8022108374175,1167.3140747828513,1186.434698448418,200295
2021-07-26,1232.32421875,1253.834920784038,1208.42343871218,1225.1539847386541,211540
2021-08-02,1281.56005859375,1288.730293908523,1230.4123800150364,1233.2804741409457,186788
2021-08-09,1288.2523193359375,1294.9445391766437,1268.6536755167267,1282.994146603954,160413
2021-08-16,1178.7867431640625,1281.560121014944,1149.6277847970682,1280.1260738821409,361114
2021-08-23,1186.4349365234375,1227.5442856535808,1165.880261958366,1194.0831875243944,239678
2021-08-30,1199.8193359375,1223.242103850224,1176.396568024776,1185.4788657868526,201839
2021-09-06,1244.7529296875,1260.0494326636906,1205.555640811012,1205.555640811012,165111
2021-09-13,1221.330078125,1249.5330036081214,1186.9129487218688,1243.3187996881115,312835
2021-09-20,1231.3681640625,1267.2193334354376,1176.3963710239955,1195.0389790979232,251317
2021-09-27,1142.935546875,1245.7089231101004,1115.2106360766938,1240.9287660759096,336296
2021-10-04,1159.187744140625,1181.6544756765463,1119.5124522793171,1137.6770437338919,264236
2021-10-11,1232.802490234375,1241.8847885338914,1150.1057741387772,1158.2320410383445,253443
2021-10-18,1298.29052734375,1305.938777873021,1194.5611295405122,1224.6761159995167,273670
2021-10-25,1310.240966796875,1310.240966796875,1270.0876500471713,1303.0707316629994,241343
2021-11-01,1394.849853515625,1409.668340650301,1314.543213559962,1324.1035278403979,245932
2021-11-08,1413.4925537109375,1414.44858519806,1341.3121764331722,1395.805971199167,235243
2021-11-15,1601.83056640625,1601.83056640625,1412.5363544406055,1412.5363544406055,471519
2021-11-22,1533.474365234375,1595.1383905196724,1511.4856430396178,1587.490139321496,419029
2021-11-29,1535.8642578125,1604.2204946214597,1523.4358511199619,1544.9465550108932,497809
2021-12-06,1522.4798583984375,1564.0672203075942,1489.0187626094607,1540.6444532553105,386697
2021-12-13,1457.947998046875,1592.2704201620134,1457.947998046875,1524.3921854988473,1172650
2021-12-20,1463.2060546875,1508.1395303949894,1397.7179039223292,1429.744955756391,323245
2021-12-27,1468.464111328125,1489.0187847614288,1450.2995162010193,1450.2995162010193,172515
2022-01-03,1383.3775634765625,1512.9198301324534,1378.5974060353858,1483.7608697412752,381972
2022-01-10,1241.406982421875,1382.421637722011,1237.104840395769,1382.421637722011,517087
2022-01-17,1304.02685546875,1326.0155781049532,1231.3684676273826,1243.3188603644496,429444
2022-01-24,1238.538818359375,1302.1149136283047,1203.1656525706471,1282.516267718334,485364
2022-01-31,1252.401123046875,1304.0268181953722,1239.9727149555702,1253.8351701343333,360960
2022-02-07,1149.149658203125,1252.8790574668847,1146.7595798790753,1252.4010418020746,425016
2022-02-14,1150.105712890625,1220.3740170447904,1099.4360513917031,1132.8971486079722,613173
2022-02-21,1178.3673095703125,1195.611709222561,1108.431688758416,1154.4167544977452,572229
2022-02-28,1111.7847900390625,1195.6117345702282,1111.7847900390625,1166.8710678738287,585032
2022-03-07,1077.77490234375,1129.9871087239583,1015.5034635416667,1071.5477584635416,721016
2022-03-14,1166.8712158203125,1185.5526515415736,1050.4715009416852,1079.212171282087,671556
2022-03-21,1172.619140625,1203.75486127068,1143.3994643267463,1161.6018856272979,349216
2022-03-28,1217.167236328125,1263.1523031079362,1167.829091762286,1171.6611806606036,339927
2022-04-04,1239.6807861328125,1263.1523311561928,1206.62901865091,1219.083307846989,297720
2022-04-11,1229.6214599609375,1252.1349810431984,1152.9796860638787,1235.8486040900734,280317
2022-04-18,1180.762451171875,1229.6215870824353,1157.290905489351,1229.6215870824353,279373
2022-04-25,1141.78857421875,1173.0638617552938,1116.2871859197219,1149.4871065354378,343167
2022-05-02,1002.7340087890625,1130.2409724786505,979.1572494653274,1127.8351807109225,379897
2022-05-09,1029.6788330078125,1029.6788330078125,958.2749246166898,986.8557413546839,419440
2022-05-16,995.5164794921875,1059.5105306146916,981.0817311186903,1020.5367100062492,380083
2022-05-23,1050.849853515625,1051.3310118734619,964.2413491049966,1009.4702347416581,346501
2022-05-30,1076.832275390625,1102.8148235903989,1046.519302490889,1071.5395340906712,585126
2022-06-06,1009.4700317382812,1097.5219935152618,1005.62076564967,1083.5684039440464,306772
2022-06-13,937.1038818359375,996.4788270745137,921.5143413601719,985.8933446043837,551491
2022-06-20,1027.2728271484375,1031.1220930112888,935.7565547532025,941.915344892683,455586
2022-06-27,1025.3482666015625,1054.2177626109917,1004.1773028613144,1048.9250216759297,317527
2022-07-04,1029.6788330078125,1083.5685663241093,997.922383017852,1029.1976746746313,354166
2022-07-11,1080.6815185546875,1086.4554180304917,999.8469258934286,1007.5454585278342,342850
2022-07-18,1159.5914306640625,1175.4696535735704,1074.907575146687,1082.6061074664483,315996
2022-07-25,1283.73046875,1309.231861120221,1128.3163227956334,1159.5916153251499,418103
2022-08-01,1297.20263671875,1341.9503537865703,1259.1911351235046,1270.2577748284496,329930
2022-08-08,1326.0721435546875,1339.0634163689026,1270.257786278801,1302.9765474405276,247817
2022-08-15,1343.875,1366.4894378804154,1318.373612602936,1327.9967776584317,253409
2022-08-22,1286.13623046875,1361.6780891232931,1271.7014804073724,1336.6578556835718,256399
2022-08-29,1223.1043701171875,1289.0230556821184,1191.8290813455048,1268.3332492639286,311316
2022-09-05,1259.6727294921875,1268.814739370091,1183.6496999811998,1200.971402907754,270579
2022-09-12,1180.281494140625,1288.0609701648812,1161.9974758865103,1267.852318410333,444861
2022-09-19,1127.3538818359375,1224.5478571372005,1122.0611406066607,1179.3189775415633,332156
2022-09-26,1171.13916015625,1171.13916015625,1116.7682788507216,1123.5044942337074,378456
2022-10-03,1217.3304443359375,1262.5593225049406,1150.9306019176136,1178.8377820644453,364097
2022-10-10,1226.4725341796875,1257.2666660696443,1150.9306793871372,1200.4899853975364,397278
2022-10-17,1254.86083984375,1309.7128857571654,1191.8291028730707,1230.3217666719588,375125
2022-10-24,1270.2579345703125,1322.2230318936436,1222.1421037153764,1256.304343622381,383659
2022-10-31,1305.8636474609375,1323.6665048507882,1251.9739169835518,1278.9187822222445,349439
2022-11-07,1412.6806640625,1491.5906194120403,1276.0317169937841,1294.3157310381898,381349
2022-11-14,1414.6053466796875,1421.3415626162575,1382.3677418403886,1406.425655899567,355008
2022-11-21,1422.784912109375,1441.550083422282,1392.4719430654484,1405.944373751638,276598
2022-11-28,1463.202392578125,1500.2515817358085,1414.605404202462,1418.4546706084552,638782
2022-12-05,1470.90087890625,1481.9675194737488,1443.9560149158183,1467.532770907446,261958
2022-12-12,1430.4835205078125,1525.7528568887565,1404.9821324866507,1462.239965968127,452706
2022-12-19,1388.6226806640625,1456.9471507452465,1378.0371993838792,1430.9646057847963,248694
2022-12-26,1390.5474853515625,1429.040149305931,1385.7359023572665,1388.6228521538442,147255
2023-01-02,1531.5267333984375,1532.007891655867,1395.3589465458588,1405.9444282093102,275318
2023-01-09,1588.7847900390625,1592.1528983159471,1520.9414661760982,1529.6023160309446,338559
2023-01-16,1566.6514892578125,1619.0977461156447,1551.2544230243204,1584.9355054100843,316387
2023-01-23,1633.5323486328125,1652.7786796918147,1556.5470243968036,1574.3498806263806,253339
2023-01-30,1710.9989013671875,1710.9989013671875,1615.2484004189112,1623.9092497509162,317270
2023-02-06,1611.88037109375,1690.7903355293843,1586.3789801480875,1688.3845439307368,304312
2023-02-13,1681.1669921875,1695.6017402600887,1609.9555683627289,1616.691784129937,302253
2023-02-20,1617.526611328125,1685.5061201797691,1615.5981146231138,1669.113898187174,327931
2023-02-27,1673.4530029296875,1688.3988522788145,1625.7227098469912,1634.8830691254884,349909
2023-03-06,1658.50732421875,1695.6308893248092,1629.5798708893533,1685.0241564373637,257487
2023-03-13,1668.14990234375,1714.4338302700505,1601.616755949693,1657.0610446114072,516876
2023-03-20,1723.1119384765625,1747.7002733568938,1656.0966728223257,1669.114026582501,319107
2023-03-27,1797.35888671875,1807.4834941814897,1722.1475169955406,1736.1291177774192,267540
2023-04-03,1805.0728759765625,1850.1997449584146,1779.0381710345928,1793.5018960023538,192941
2023-04-10,1904.390625,1913.6473862689056,1805.0730379746835,1805.0730379746835,264817
2023-04-17,1931.87158203125,1932.3537062094458,1864.8563212620102,1904.3905038740797,242979
2023-04-24,1905.4718017578125,1957.0128859027411,1875.6321520335182,1937.6365206957832,277757
2023-05-01,1931.6298828125,1933.567519321184,1884.545221040325,1905.4717899452683,175900
2023-05-08,1913.8035888671875,1963.7945867619649,1888.614314443995,1926.0106751271762,247494
2023-05-15,1940.05859375,1944.9026851201625,1892.683356497023,1920.1978191323346,206069
2023-05-22,1898.1087646484375,1972.5140573389046,1788.4385804752544,1949.2624181561278,410824
2023-05-29,1896.1710205078125,1922.1353967615817,1826.609941522893,1904.115401069731,433038
2023-06-05,1856.643310546875,1894.0396711949163,1796.964130237717,1891.1332164565097,226579
2023-06-12,1924.0731201171875,1949.7468047511782,1858.1934765280794,1872.7257508492062,447607
2023-06-19,1842.1112060546875,1923.2981115795776,1818.2782986634656,1912.4473935317885,242898
2023-06-26,1927.9482421875,1937.248873371395,1837.6544321202753,1850.2490688782839,256116
2023-07-03,1804.13330078125,1927.367053340222,1774.4874859357808,1922.3291274736532,296404
2023-07-10,1933.955078125,1937.6366350371525,1781.6568859166618,1794.0578076864815,229261
2023-07-17,1855.2869873046875,1890.1644450294752,1795.2202545564417,1871.1756305876584,284973
2023-07-24,1948.778076171875,1958.4662594986057,1776.0377201506844,1843.6612870768472,343926
2023-07-31,1866.9127197265625,1986.561770523776,1851.2179117858657,1920.5852730487084,309682
2023-08-07,1864.7813720703125,1915.1599199130837,1824.2847228449689,1860.130997271556,239054
2023-08-14,1804.5208740234375,1878.9261639691617,1776.8126953388814,1862.6499698360508,212354
2023-08-21,1824.4783935546875,1874.0819565330423,1801.4205912693847,1804.908313149252,180587
2023-08-28,1826.9974365234375,1890.1643368141085,1815.5653342847972,1847.923886307443,246871
2023-09-04,1791.7327880859375,1851.2182620124383,1758.405411185334,1839.7861574881265,231991
2023-09-11,1844.242431640625,1863.6187970040776,1762.6679807660691,1799.870625916688,314197
2023-09-18,1737.091064453125,1842.498533851563,1695.6255974271944,1835.135420785393,290133
2023-09-25,1675.8619384765625,1729.5343775518802,1631.490013141365,1722.752649468751,366886
2023-10-02,1701.6324462890625,1701.6324462890625,1642.1469803965394,1686.1313538487411,242249
2023-10-09,1652.6102294921875,1729.5343044587155,1647.37858725351,1685.7437665638988,273500
2023-10-16,1602.619140625,1660.5545206825134,1598.9377021442835,1654.5478946927421,317989
2023-10-23,1694.2694091796875,1731.0845028160186,1589.8307541373583,1604.556744286312,322179
2023-10-30,1758.017578125,1782.2380344484015,1689.0377658215307,1696.9820281900277,247733
2023-11-06,1787.8572998046875,1823.3160256409833,1736.8974812955673,1768.6746503164866,243502
2023-11-13,1864.587646484375,1889.1956545606733,1788.2448366328063,1795.026564623537,288456
2023-11-20,1890.3582763671875,1919.6166608633418,1861.29372649522,1862.2625448242857,180254
2023-11-27,1855.480712890625,1898.8838189142448,1811.8838905175937,1890.1644544396383,288976
2023-12-04,1920.5855712890625,1928.7236692962458,1842.692550244242,1850.443097248424,216583
2023-12-11,1960.40380859375,1999.1565401696087,1913.4161215580214,1920.004133231498,348756
2023-12-18,1880.6700439453125,1962.3414742575135,1873.8883158190213,1954.5909278274664,234094
2023-12-25,1858.9686279296875,1893.8460872284513,1849.0866101699985,1880.670063548866,99353
2024-01-01,1763.0556640625,1867.8817612415298,1755.8863846871009,1858.968679810898,226191
2024-01-08,1779.5255126953125,1828.547695351712,1751.8172145180858,1763.2493178404347,269441
2024-01-15,1775.6502685546875,1801.0332612953332,1733.0222623701825,1776.6190868770625,233305
2024-01-22,1904.8905029296875,1904.8905029296875,1752.9798637482515,1791.3450449521981,263938
2024-01-29,1959.91943359375,1972.029662422184,1884.7391566796227,1887.2580606231463,256261
2024-02-05,2106.6953125,2136.72867864739,1933.954968933786,1958.466118288687,309482
2024-02-12,2133.8486328125,2161.989428788654,2048.4558726089986,2109.5893259365052,274281
2024-02-19,2232.82666015625,2240.1044523992628,2110.5597504736393,2123.659776511062,219919
2024-02-26,2239.61962890625,2273.0974786450997,2209.5380827640947,2217.301062413683,228066
2024-03-04,2244.470947265625,2263.878391686426,2180.426380676982,2231.8561083921045,196801
2024-03-11,2319.18994140625,2349.271484579302,2217.3008435620422,2223.608263904779,265919
2024-03-18,2315.30859375,2363.8272147422463,2270.186276227211,2319.1900834293797,215059
2024-03-25,2295.90087890625,2349.7565419575167,2283.2860389122593,2315.3083250508503,199370
2024-04-01,2275.523193359375,2331.8047904659184,2259.9972355368805,2295.9010130013994,179831
2024-04-08,2202.744873046875,2295.9006033607516,2166.841101988402,2275.5227873545914,249825
2024-04-15,2251.263671875,2296.8711686759157,2191.1005909886853,2212.4487809806033,257027
2024-04-22,2280.375,2315.308404255319,2160.048829787234,2267.760159574468,256543
2024-04-29,2238.68310546875,2307.2642071680116,2182.8384940850656,2304.325017095186,194782
2024-05-06,2249.4599609375,2293.547808603958,2204.3923833228987,2240.6423914042084,179552
2024-05-13,2248.480224609375,2267.0950935712826,2189.696427887561,2259.2572540083743,216955
2024-05-20,2135.8115234375,2271.0142712514335,2115.237192248423,2247.5007498924883,255632
2024-05-27,2131.892333984375,2176.9599108976477,2097.601786332972,2142.6693632462448,274145
2024-06-03,2156.3857421875,2204.3925124588254,2108.3789719161746,2145.60871212659,231174
2024-06-10,2069.189697265625,2135.8113352457685,2041.7572580973308,2109.3586260477705,378742
2024-06-17,2117.196533203125,2152.4668132564857,2044.696513093439,2072.1289531349416,342129
2024-06-24,2096.6220703125,2178.919385221963,2093.6828804943048,2121.115318797459,252906
2024-07-01,2073.108642578125,2149.52758119868,2041.7572831440514,2140.7100113578467,239537
2024-07-08,2126.013916015625,2136.790945082985,2006.486866359447,2063.3112014418925,264785
2024-07-15,2020.2032470703125,2114.2573264683483,1997.6694572145332,2106.4194865185123,277759
2024-07-22,2032.939697265625,2083.8856559440887,1956.5207592479292,2029.0207773672814,364974
2024-07-29,1920.7606201171875,2034.8991624500884,1914.3923752659955,2030.0005125645562,333555
2024-08-05,1975.1356201171875,1989.8315696716309,1860.9970785776775,1899.6964124043784,325620
2024-08-12,2078.00732421875,2095.642464169687,1947.7032345812706,1977.0951344994992,295470
2024-08-19,2150.50732421875,2173.041113948605,2067.2302752171126,2067.2302752171126,201393
2024-08-26,2125.034423828125,2166.18308487044,2075.0681925624567,2149.5276744485504,204285
2024-09-02,1870.7943115234375,2142.6693685790824,1864.9159319114235,2117.196390260355,378982
2024-09-09,1877.16259765625,1901.1659816033157,1852.179483752161,1869.8146229785766,273005
2024-09-16,1890.8790283203125,1955.5412127084683,1849.7303655278497,1870.304696924081,430773
2024-09-23,2186.75732421875,2230.8451734973537,1856.5883196212058,1876.6727842925698,501370
2024-09-30,2094.662841796875,2205.372337177159,2059.3925600828024,2176.960165796378,319130
2024-10-07,2088.7841796875,2127.9733763045265,2037.838224085366,2105.439588249736,245395
2024-10-14,2046.6558837890625,2096.6221116843435,1965.3382972143893,2083.8856222208406,326875
2024-10-21,2062.331787109375,2088.7844988680226,1991.7912224196482,2038.8182655461326,250191
2024-10-28,2038.818115234375,2120.1357046454527,2014.3248654117613,2080.9465049292708,264619
2024-11-04,2026.0816650390625,2126.9938562861726,2012.3654448695524,2035.8789651601412,308277
2024-11-11,1992.770751953125,2053.5140098789334,1920.2707344287733,2043.7167102134802,350145
2024-11-18,1979.0546875,2000.6087484529703,1917.3316947710396,1997.6695583230198,226764
2024-11-25,2023.142578125,2051.5547499243344,1986.8925658292978,2004.527706946126,267773
2024-12-02,2213.2099609375,2230.845100068476,2021.1828904002048,2025.1018102070882,352696
2024-12-09,2227.90576171875,2262.1963077434452,2163.2435892150397,2238.6827904693687,291081
2024-12-16,2257.2978515625,2273.953261057536,2203.412703196208,2204.392433166504,343102
2024-12-23,2267.09521484375,2275.9127848236953,2242.601964899457,2249.4600748838593,84806
2024-12-30,2191.656005859375,2274.9330557020426,2179.4093808825123,2253.378995742764,137392
2025-01-06,2319.02099609375,2352.3318173304156,2214.1898822018907,2222.027722492871,299266
2025-01-13,2439.52783203125,2462.0616232508155,2277.8723732821913,2309.2237349789784,305547
2025-01-20,2608.041259765625,2653.108839761575,2431.689859781473,2441.4871597805927,317713
2025-01-27,2668.784423828125,2690.3384830514065,2565.912777535191,2588.4465667231666,302092
2025-02-03,2651.1494140625,2714.831864880705,2604.1223734582873,2610.9804835464015,243346
2025-02-10,2781.453369140625,2897.0615049485127,2640.372254256423,2648.210093972212,342384
2025-02-17,2696.602294921875,2803.524684935147,2635.7840547308397,2771.1536861237896,309589
2025-02-24,2684.830810546875,2696.6020819120786,2622.050696599122,2696.6020819120786,325817
2025-03-03,2475.890625,2705.4304056061806,2457.252779566165,2682.8688032389064,446700
2025-03-10,2461.176513671875,2499.43314341807,2407.2248563374974,2493.5475080725014,392378
2025-03-17,2465.100341796875,2472.9478558177166,2385.6442623358535,2461.1765847864544,399672
2025-03-24,2389.568115234375,2491.585801599061,2367.006511519108,2481.7764086793795,278717
2025-03-31,2229.675048828125,2397.4156706273375,2195.3421730212685,2364.063734129248,437319
2025-04-07,2243.408203125,2334.635559001968,2057.0297341290448,2094.305427928236,600354
2025-04-14,2243.408203125,2322.8642872759074,2220.8465989833844,2279.702957613686,321757
2025-04-21,2335.616455078125,2376.8159053566974,2192.399318395468,2243.40816159751,261280
2025-04-28,2405.26318359375,2413.1106980589825,2314.0358279354227,2339.540249947428,280470
2025-05-05,2428.528564453125,2451.299113569481,2380.01739459654,2415.6582540830104,268089
2025-05-12,2558.221923828125,2580.00245104338,2464.169647216797,2465.1596711811267,313167
2025-05-19,2349.32666015625,2547.331435559221,2292.895299166403,2540.401268420117,329852
2025-05-26,2403.778076171875,2421.5985067201013,2346.356688849812,2381.007526026919,305004
2025-06-02,2296.85546875,2386.947644463901,2282.0051101158406,2368.1371901939656,294898
2025-06-09,2272.104736328125,2368.13704980256,2257.2543785743464,2291.905213333163,284400
2025-06-16,2234.484130859375,2296.855641822663,2201.813339402415,2270.1249942669683,300314
2025-06-23,2252.304443359375,2307.7457835036057,2203.7932707331734,2212.703486113496,250788
2025-06-30,2318.635986328125,2343.3865839618584,2252.30438466972,2261.214599817864,242909
2025-07-07,2411.6982421875,2457.2393419989226,2320.6160425646553,2326.556186018319,238142
2025-07-14,2343.38671875,2421.5986117712296,2332.4964551647654,2372.0974136565274,205416
2025-07-21,2361.20703125,2387.9376768867924,2274.084926952306,2339.4265051755765,228404
2025-07-28,2057.269775390625,2396.847991444034,2042.419416087998,2385.957727955441,389420
2025-08-04,2092.91064453125,2134.49165071399,2040.439374824459,2055.2897341754374,245391
2025-08-11,2044.3994140625,2103.8008498221852,1987.968050090799,2101.820801963529,291730
2025-08-18,2074.10009765625,2097.860671567348,2029.5490215729417,2044.3993802673779,223301
2025-08-25,2070.139892578125,2160.2320638954893,2043.4092483411046,2072.1199402993857,267444
2025-09-01,2018.6588134765625,2084.0003935106247,1978.0678319402512,2074.1001541115247,271921
2025-09-08,2069.150146484375,2099.840890283904,2005.7886108982507,2023.609042781848,229372
2025-09-15,2107.760986328125,2156.272159803972,2075.090196028065,2079.050291822012,293679
2025-09-22,2048.359375,2156.2719761962303,2022.6187545311745,2107.760806851136,241850
2025-09-29,2139.44189453125,2139.44189453125,2037.4694210760354,2063.210045443371,279526
2025-10-06,2014.69873046875,2165.1823702875463,2011.7286586302212,2143.4018434716677,289605
2025-10-13,2169.142333984375,2180.032596729162,1993.9081061818947,2034.4990855033732,336263
2025-10-20,2172.112548828125,2245.3743212133945,2116.671207563597,2189.9329799488664,362751
2025-10-27,2127.5615234375,2194.8831537742844,2114.6912117554675,2178.0527461900883,209512
2025-11-03,2037.46923828125,2129.541463334776,2022.6188794016489,2121.621271932322,224558
2025-11-10,2134.491455078125,2215.6734120894453,2057.2695935307715,2070.139903788664,258185
2025-11-17,2102.81103515625,2145.382068353858,2039.4494973737642,2135.4818280753443,225314
2025-11-24,2079.050048828125,2134.4913834635418,2070.139834333147,2125.581168968564,243900
2025-12-01,2143.401611328125,2150.3317782007794,2065.1897280510248,2074.0999426015806,274179
2025-12-08,2112.7109375,2135.48148649836,2066.1798156337863,2125.581247803421,283959
2025-12-15,2081.0302734375,2168.15237812946,2079.0502256035916,2120.6312301156636,323973
2025-12-22,2074.10009765625,2095.8806237414233,2057.269691135889,2074.10009765625,80776
2025-12-29,2083.01025390625,2121.621185418771,2066.1798478623305,2074.100038941822,124991
2026-01-05,2194.883056640625,2209.7334156165425,2039.4492993593537,2088.950495945746,317929
2026-01-12,2168.15234375,2277.054972888128,2168.15234375,2201.813156392694,336908
2026-01-19,2108.7509765625,2131.521527013644,2035.4892055457747,2120.6312637544015,318209
2026-01-26,2008.758544921875,2137.461655242153,1999.8483295920096,2118.6512006568814,329741
2026-02-02,2034.499267578125,2042.4194593740497,1972.6227691724644,2012.7187401393323,273987
2026-02-09,2125.581298828125,2181.0226368506565,2026.5789095021762,2034.499100648252,317181
2026-02-16,2095.811279296875,2133.520004966042,2007.493474440141,2118.6349816755815,254101
2026-02-23,2033.294189453125,2125.5813342160045,2020.39383588412,2087.872608398914,285844
2026-03-02,1890.8941650390625,1989.6314882725376,1858.643280565817,1976.7311344832394,397602
2026-03-09,1858.643310546875,1958.869137757358,1830.361765244907,1843.262119242296,378255
2026-03-16,1643.306640625,1879.482353468448,1643.306640625,1860.6279898380888,663814
2026-03-23,1609.071044921875,1716.7393818777946,1598.6515284422699,1603.6132029563676,531095
2026-03-30,1654.718505859375,1659.184013071589,1582.7742229959238,1610.0634337372328,357960
2026-04-06,1744.028564453125,1785.7066297202834,1630.4062198557522,1654.718424594928,424305
2026-04-13,1727.655029296875,1779.75261059388,1517.280034345159,1711.2815037463877,818614
2026-04-20,1648.0,1712.5,1628.0,1705.0,416402
2026-04-27,1623.5,1670.0,1579.0,1648.0,320408
2026-05-04,1661.0,1749.5,1570.5,1620.0,471351
2026-05-11,1575.5,1663.0,1551.5,1661.5,421431
2026-05-18,1605.0,1656.0,1530.0,1550.0,346109
2026-05-25,1620.0,1674.5,1593.0,1624.0,1002884
2026-06-01,1619.0,1673.0,1562.0,1625.0,473998
2026-06-08,1697.0,1739.0,1580.0,1591.0,503676
2026-06-15,1721.5,1793.0,1708.0,1766.0,514824
2026-06-22,1626.0,1726.0,1573.0,1721.0,465117
2026-06-29,1641.0,1657.5,1574.0,1629.5,367202
2026-07-06,1641.5,1675.5,1564.0,1642.0,378045
2026-07-13,1681.0,1709.0,1610.5,1640.0,367872
2026-07-20,1643.0,1689.5,1617.0,1671.5,317743
2026-07-27,1531.5,1705.0,1465.5,1670.0,843812
2026-08-03,1635.5,1643.5,1520.0,1531.5,456692
2026-08-10,1576.0,1663.5,1572.5,1632.0,314999
2026-08-17,1573.0,1585.5,1528.5,1565.0,374873
2026-08-24,1598.0,1628.5,1544.0,1580.0,381124
2026-08-31,1457.0,1609.0,1454.5,1600.0,1328813
2026-09-07,1399.5,1479.5,1395.0,1449.0,377064
2026-09-14,1331.5,1422.5,1320.0,1393.0,600267
2026-09-21,1347.5,1372.0,1298.5,1318.5,463341
2026-09-28,1299.5,1387.5,1288.5,1369.0,491264
