Price,Close,High,Low,Open,Volume
Ticker,RNO.PA,RNO.PA,RNO.PA,RNO.PA,RNO.PA
Date,,,,,
2000-01-03,24.556652069091797,24.934809963827565,22.216797503315554,22.958932935234213,3590160
2000-01-10,25.052976608276367,25.762023116057772,22.78402814401557,24.840262295302242,4963998
2000-01-17,24.580280303955078,25.525675700261043,24.060313557266245,25.431135799990724,2921134
2000-01-24,25.903837203979492,26.18745694536545,23.682157344184418,24.580283820441643,3909655
2000-01-31,22.122255325317383,25.76202852317661,21.200494311096058,25.52567963764288,7309559
2000-02-07,19.853303909301758,23.162187894185386,19.806034859368605,22.63749314521348,4252280
2000-02-14,20.89324188232422,21.602288540299934,19.853306423320056,20.31655002348032,3495434
2000-02-21,19.144254684448242,22.093888792200165,18.837000492924645,21.082314313940177,6166335
2000-02-28,20.359092712402344,20.58126124026484,18.577021911630236,19.522417447114716,4125969
2000-03-06,18.40684700012207,21.03504674865621,17.740343343809442,20.80342409217376,3707681
2000-03-13,20.42053985595703,20.727792261814685,18.340669371265673,18.600652731052463,3172821
2000-03-20,19.130077362060547,20.59071339331289,18.964632077651505,20.444176450527515,2401931
2000-03-27,21.27139663696289,21.451022269015084,18.940996816701954,19.1442569732666,5270251
2000-04-03,21.375394821166992,22.42951068537665,20.373274199608886,21.2666745449336,3344214
2000-04-10,21.30921173095703,22.19315586488884,20.893237278377974,21.98044155372918,1816330
2000-04-17,21.84808921813965,21.98044400285368,20.231462076395474,20.32600198113351,2018406
2000-04-24,23.634891510009766,23.894874955980047,21.848094288876744,21.848094288876744,3437436
2000-05-01,23.162187576293945,24.10758298757125,21.862268885787653,23.634885281932597,1884972
2000-05-08,23.14801025390625,23.894871788970512,22.736761897835283,23.247276352323844,1559733
2000-05-15,23.989412307739258,24.81663342179923,22.689493414216443,22.689493414216443,2959711
2000-05-22,24.202125549316406,25.26569550389692,22.68949236438435,24.10758563715837,3150106
2000-05-29,23.176366806030273,24.769359295050986,22.925837611219862,24.580279500689336,2673886
2000-06-05,21.989900588989258,23.56398323345773,21.74409753095116,23.445808790354736,2650388
2000-06-12,21.744096755981445,22.429508862190193,21.328122226188736,21.989899805259007,1352652
2000-06-19,20.179468154907227,22.334970742370135,20.04238716522655,21.98044739725315,2718411
2000-06-26,22.500415802001953,22.6611331350105,20.27873746180024,20.562355436192213,5774409
2000-07-03,23.683250427246094,23.779328890281334,22.13158938825022,22.290119127140006,3002797
2000-07-10,22.626394271850586,23.889821937039567,22.434239150529162,23.346980100031107,1292702
2000-07-17,22.530317306518555,23.7072726764121,21.13718399219687,22.722472425102737,2584144
2000-07-24,21.9010066986084,23.913842576730335,21.521497699157585,23.539138509322747,2757263
2000-07-31,22.722476959228516,22.722476959228516,21.425421861652076,22.07395032671273,1889494
2000-08-07,22.962663650512695,23.106780422186002,22.045117944054816,22.660017147217822,1543751
2000-08-14,23.39021110534668,23.779328042115388,22.770508797588775,23.058742343869465,1207826
2000-08-21,24.692075729370117,24.836192532100615,22.847375889803885,23.106785401700947,2135597
2000-08-28,24.47589874267578,24.740113177087228,23.519920747571664,24.379820266741298,2424093
2000-09-04,24.95629119873047,25.700896237225262,24.331783806204015,24.499919777541837,3037827
2000-09-11,23.976293563842773,25.460700516302577,23.923450307299913,25.26854355297301,1461119
2000-09-18,23.202863693237305,23.97148968915315,21.47826150866246,23.97148968915315,2843272
2000-09-25,23.346981048583984,24.788152763497678,22.150809551430594,23.587176334402933,4660686
2000-10-02,24.571975708007812,25.38863812188399,23.14041035293531,23.14041035293531,3387524
2000-10-09,23.635217666625977,24.95629180433577,22.631201248664745,24.716096506570356,2796703
2000-10-16,24.014724731445312,24.644035187780933,23.169236325580016,23.539137274078016,2716318
2000-10-23,25.89305305480957,25.989129704995722,23.366197571949613,23.856196184586462,4254345
2000-10-30,27.334224700927734,29.303825343453475,24.884231646456485,26.325403384659115,10525109
2000-11-06,26.709716796875,27.670498002986253,25.845014077883814,27.670498002986253,2839068
2000-11-13,26.80579376220703,27.91069172000002,26.27736486186309,26.4214816680892,2811434
2000-11-20,26.49353790283203,28.150883730284438,26.037166542464156,26.85383079272071,3638169
2000-11-27,25.941089630126953,27.14206600189209,25.388639766097185,26.901870727539062,4379584
2000-12-04,26.277362823486328,26.685694048209502,24.37981982982824,25.941089080014283,3493286
2000-12-11,23.875408172607422,26.853829633639645,23.659232081496054,26.277360668190777,2545881
2000-12-18,24.836191177368164,26.4214795860205,23.851390941125388,23.966683644003115,3092375
2000-12-25,26.66166877746582,26.70970708729048,24.836185515967962,24.836185515967962,1001537
2001-01-01,26.66166877746582,27.262156812994327,25.700887920620204,26.66166877746582,3052828
2001-01-08,25.148439407348633,26.66167006285251,25.0283417944529,26.66167006285251,2701548
2001-01-15,27.06999969482422,27.06999969482422,24.812166165103346,25.268535602465622,3931577
2001-01-22,27.28618621826172,27.69451933534235,26.27736667261732,26.90187409766122,2818876
2001-01-29,26.229328155517578,27.094032771724965,25.724918351093176,26.613642132740797,1931456
2001-02-05,26.66166877746582,27.95872330071621,25.748926230444862,26.301375956148714,3371237
2001-02-12,27.238143920898438,27.982748889650633,25.508736881410513,26.637655747300784,5202259
2001-02-19,28.054813385009766,29.303828283758598,26.757758323973782,26.78177748884495,4729102
2001-02-26,28.823436737060547,29.592060983697593,26.97393361278373,28.102850818634032,5749030
2001-03-05,29.784212112426758,30.74499314831149,27.98274767014288,28.655295128279953,3414850
2001-03-12,26.421478271484375,30.648914428412997,24.98030672940341,29.303821355646306,5160713
2001-03-19,26.44549560546875,27.790588585400176,25.220500245755204,26.421476447934023,5915693
2001-03-26,27.526378631591797,28.246964469238414,26.277363912688816,26.85383294931502,3472717
2001-04-02,27.166080474853516,28.391075796151465,25.941085153555562,27.766568557111746,4238453
2001-04-09,28.054813385009766,28.198930206781583,26.229327534084035,26.9018751457456,2301689
2001-04-16,28.799415588378906,29.303825330009488,27.622458302877796,28.05481055715808,2406759
2001-04-23,27.76656723022461,29.20773855877479,26.75774803325713,28.583231349578533,5091459
2001-04-30,27.862648010253906,28.439116956285254,27.238140748946723,27.766569547157975,2753624
2001-05-07,28.87147331237793,28.943532632863494,27.214127266656316,28.343044403965912,3659826
2001-05-14,28.19893455505371,30.192554867493612,27.238153151696142,28.847461269302034,9036766
2001-05-21,26.997949600219727,28.511178751336935,26.901871122558823,28.150885834516952,4596619
2001-05-28,25.941089630126953,27.598437389671744,25.748932677626726,27.14206600189209,5428801
2001-06-04,25.16639518737793,26.974466670751408,25.16639518737793,26.38806485666812,8481186
2001-06-11,24.848764419555664,26.217036165769702,24.702164407924244,25.41073330561645,6953342
2001-06-18,25.899396896362305,26.070429903803504,24.433393298455005,25.06866115139084,4449118
2001-06-25,26.046003341674805,26.339205252430354,25.190834364181878,25.532902328003136,4719312
2001-07-02,26.02156639099121,27.316537107270758,25.77723243426829,25.77723243426829,4833009
2001-07-09,26.534666061401367,26.852300935635885,25.459596330284615,26.16816514380157,3182316
2001-07-16,25.55733299255371,27.12107077970298,25.215265060346017,26.803435871770066,3318367
2001-07-23,25.972700119018555,26.119300118951088,24.604428481994557,25.312997323141953,4003014
2001-07-30,25.068660736083984,26.19259643636893,24.702159842678896,26.19259643636893,3608082
2001-08-06,24.677730560302734,25.655066424077102,24.579996601101254,25.068664532988436,2775356
2001-08-13,24.350322723388672,25.557331187207197,23.563567094122753,24.970929325434078,2374291
2001-08-20,24.335657119750977,24.531124993853314,23.50492145099574,24.218377886585415,4131007
2001-08-27,22.2099552154541,24.286793677086177,21.799474127296136,24.286793677086177,4586357
2001-09-03,20.572919845581055,21.99005763908106,20.27971982270809,21.99005763908106,5445202
2001-09-10,17.274412155151367,21.354790861224053,16.38503659057647,20.572920983451134,6097312
2001-09-17,14.415701866149902,17.137581696493356,12.710251147052587,16.33127898206072,7247716
2001-09-24,15.637374877929688,15.881708860397339,14.528098373832108,14.5720785652411,4797777
2001-10-01,15.735106468200684,16.463220582122986,14.586736737560877,16.321508310417617,3441979
2001-10-08,17.391693115234375,17.733761066829697,15.021653275907267,15.637375029542735,3462851
2001-10-15,17.396574020385742,18.22730970507087,16.863926010568793,17.34770798298302,3989571
2001-10-22,16.712444305419922,19.09714442945161,16.12115653180175,17.738646257387337,6416800
2001-10-29,16.609821319580078,17.103375036124024,15.456563943967982,16.81994678360497,4666840
2001-11-05,17.494312286376953,17.880360415351543,16.810178272925068,16.903024512602883,4106600
2001-11-12,19.742185592651367,19.854578995561162,16.863929849838634,17.49431194209468,4116111
2001-11-19,19.194875717163086,20.37745307853995,18.681774762864787,19.96208421906402,3729150
2001-11-26,18.76973533630371,20.866121227916103,18.76973533630371,19.488077798325357,5405365
2001-12-03,19.24863052368164,20.34324756733067,17.802173818672827,18.97008993738333,4198020
2001-12-10,18.202878952026367,19.44898170209275,18.202878952026367,19.05804776185311,2720622
2001-12-17,18.46676254272461,19.424551291071587,18.08560026865648,18.41300876919447,3372351
2001-12-24,19.35614013671875,19.44898638735481,18.227316364730505,18.4667645093779,852704
2001-12-31,20.84168815612793,21.550255169994596,19.204649456762297,19.356137187570052,2654987
2002-01-07,21.286375045776367,21.696856168888974,20.406771307592095,21.01272034232791,4945372
2002-01-14,21.037158966064453,21.452527922819197,20.426323909766875,21.134892947896194,3746294
2002-01-21,21.623554229736328,21.819022132263328,20.79281844017668,20.79281844017668,3678992
2002-01-28,21.623554229736328,22.356556068032475,21.07135898959961,21.745721202785685,4939418
2002-02-04,20.426315307617188,21.647984905729697,19.620014491334853,21.257051007157667,5989187
2002-02-11,22.473838806152344,22.869658634394188,19.620018034960303,20.279718991443517,7977338
2002-02-18,22.9918212890625,23.201948607471817,21.84833847934756,22.234386516808385,4806860
2002-02-25,25.508466720581055,25.655066729065954,23.016259119856787,23.065127032098584,6314931
2002-03-04,25.410734176635742,26.265903115272522,24.72659828007818,25.899402141571045,5821309
2002-03-11,27.023338317871094,27.047771343501537,24.97093247486764,25.019800390248893,4553939
2002-03-18,27.41426658630371,28.025101419903347,26.754565711664092,26.754565711664092,3646013
2002-03-25,26.82787322998047,27.75634128674011,26.24147127279939,27.14550630303491,5659723
2002-04-01,24.775461196899414,27.365400515744053,24.677727250804903,26.82786660840421,16543289
2002-04-08,25.044233322143555,25.21526636503688,24.482264414144872,24.995367271065565,6423420
2002-04-15,25.7528018951416,26.241469855716886,25.01979995427867,25.288566959771014,6098425
2002-04-22,24.970935821533203,25.948271890698816,24.43340172914036,25.655071815597378,6171378
2002-04-29,25.410734176635742,26.094870073193306,24.335664280954006,24.677732229232788,6495522
2002-05-06,27.267671585083008,27.43870648823741,25.044232757038305,25.141966721109345,6918495
2002-05-13,28.1441707611084,28.541616736927182,27.200234910263372,27.37411693244287,6867284
2002-05-20,26.579227447509766,28.293215390916306,26.206621455254954,28.268375370467066,6684704
2002-05-27,26.231460571289062,27.05119448405548,25.660132539966668,26.554386511511474,8288628
2002-06-03,24.58702278137207,26.430179558804305,24.1498313169233,25.93337167948532,5144912
2002-06-10,23.583473205566406,26.132096539450956,23.354940115865844,24.93975863636306,6648562
2002-06-17,22.13776397705078,24.840398670095215,21.45713568896632,23.648058775861838,5015274
2002-06-24,23.523853302001953,23.623215261015478,21.16401577749645,21.710505604484975,6910233
2002-07-01,22.987302780151367,23.598376296838353,21.198793123708946,23.454301544605894,5610043
2002-07-08,21.228605270385742,23.00220965018243,20.94045762052003,22.853167631619332,4342555
2002-07-15,20.627464294433594,21.785025719255948,19.201626148002507,21.36273976111653,5366053
2002-07-22,21.596242904663086,21.7105085095081,19.137043092085328,20.64237062373865,8917374
2002-07-29,22.70412254333496,24.06040795067453,21.760186728107122,22.1079526545159,8434460
2002-08-05,23.916337966918945,24.33365678279486,21.417394213198794,23.27545516125732,5768497
2002-08-12,24.8155574798584,25.337205448288785,23.43939923103071,23.60831400982618,3811450
2002-08-19,25.213010787963867,25.8091808802113,24.368436648544375,24.423085842149824,4510257
2002-08-26,24.492630004882812,25.709809784334965,24.219386028721342,25.262681899582155,4765555
2002-09-02,22.952531814575195,24.33862670026413,21.76019176115352,24.244231959805116,6787273
2002-09-09,23.374813079833984,24.54231287003681,22.61469754193046,22.95252709103689,3889522
2002-09-16,22.331518173217773,24.070346032609137,21.96387944907079,23.369846885061207,5734475
2002-09-23,22.48552703857422,23.200931701248457,20.543008025090796,21.983751841712476,6422193
2002-09-30,20.1207218170166,22.06820805604285,19.623913870917427,21.874453260291677,6086377
2002-10-07,20.115753173828125,20.567848297560815,17.189552982666232,20.12072041906836,8023963
2002-10-14,22.276866912841797,22.60476005988156,19.151944682689468,19.763018188755762,5073352
2002-10-21,24.239259719848633,25.56076875748549,21.87445287660044,21.87445287660044,10007798
2002-10-28,24.209449768066406,24.939758018546957,22.232154469485828,24.890076089333284,5869900
2002-11-04,22.853164672851562,24.631737963595103,22.609727954417316,24.244226491295116,5975240
2002-11-11,24.418113708496094,24.780783317368666,22.57992374824945,22.604763768961142,5114374
2002-11-18,24.775808334350586,24.989435873410667,23.653023364438326,24.29390598161857,4815471
2002-11-25,24.661550521850586,24.80065616501315,23.65303081857749,24.775816142330157,4517085
2002-12-02,23.32513427734375,24.84039818776289,22.579922331710865,24.66154701758348,4185556
2002-12-09,23.051891326904297,23.980921730819098,22.853167374276545,23.846783347071174,3554449
2002-12-16,22.316612243652344,23.777228832136835,21.5316566667582,22.609729010475863,4946033
2002-12-23,21.551528930664062,22.753803233707202,21.412421418987186,22.65444126684426,806846
2002-12-30,22.654443740844727,23.593412440310047,21.41242375735166,21.536625755700967,2086142
2003-01-06,22.62960433959961,23.320167166095477,21.44720075230269,22.679286277402422,3318792
2003-01-13,22.92768669128418,23.474174655350588,22.356356814619605,22.62960079665281,5697075
2003-01-20,21.958911895751953,23.444366613527738,21.61114594971073,22.76374024874821,3949914
2003-01-27,22.028461456298828,22.53023658079716,20.652303402446954,21.829737546398935,5928082
2003-02-03,20.29460334777832,22.550111823195962,19.976646573215316,22.371260663711304,5840433
2003-02-10,19.171817779541016,21.00503832886193,18.660106226502705,20.29460284901963,10005133
2003-02-17,19.792827606201172,20.319444683599016,19.20162686373488,19.340732474862993,5521732
2003-02-24,19.484806060791016,19.946837550307162,18.138455237970703,19.633848048821967,8422916
2003-03-03,16.051868438720703,19.46990638600217,15.848176270743748,19.345704376125518,7391104
2003-03-10,16.21581268310547,16.220781824360895,14.660804072861277,15.952505051730993,7008296
2003-03-17,17.562164306640625,17.765855537100517,14.958891112234797,14.958891112234797,6384712
2003-03-24,15.485504150390625,17.562160627122807,14.884366026073584,17.51248058919388,5219371
2003-03-31,16.543704986572266,16.831854518238366,14.829718062290743,15.331494224627573,6436724
2003-04-07,16.141292572021484,17.388279804096697,16.03696145286611,16.792109831778962,10542536
2003-04-14,17.164716720581055,17.373377074575327,16.12142063612627,16.29530268514467,5447564
2003-04-21,18.307371139526367,18.973093829791242,16.995798530687342,17.164713299714904,9078365
2003-04-28,19.400352478027344,19.48481082550664,18.18317247031682,18.431576476169084,6639300
2003-05-05,19.539459228515625,20.195245626122798,18.431575738974264,19.43512810989969,6816582
2003-05-12,18.63325309753418,20.424911974114266,18.30051566792517,20.276459769965435,13503447
2003-05-19,18.326108932495117,18.889202848709804,17.814206437437974,18.428489822057156,9904374
2003-05-26,19.355037689208984,19.401109000557938,17.844924653608253,18.223731477807707,6205768
2003-06-02,20.552886962890625,20.573361579602015,19.344796703027388,19.657057552725462,5556490
2003-06-09,21.064788818359375,21.545976469074766,20.09217327976627,20.363480981975123,9080956
2003-06-16,22.769420623779297,23.163585742568824,20.87538117803525,20.988000341333077,9119711
2003-06-23,23.071447372436523,23.788111711117566,21.663715384333436,22.68240230039036,9265991
2003-06-30,24.340965270996094,24.57132180345412,22.528829819330582,23.291565459524218,8977549
2003-07-07,24.71977424621582,25.543937652089006,23.598706428368324,24.827273311481047,7186551
2003-07-14,24.561084747314453,25.487629089671568,23.972397971303003,24.745369982501796,4658243
2003-07-21,25.492746353149414,25.543937779306777,23.598706545898157,24.827273435129577,7412936
2003-07-28,25.28798484802246,25.44155521091468,24.750485648770027,25.13441253237713,14827660
2003-08-04,25.149768829345703,25.953455548835677,24.730008961309654,25.170243443997673,6437427
2003-08-11,27.028453826904297,27.284405097902923,25.11393941337638,25.359652399204673,5671216
2003-08-18,27.361186981201172,28.026659791171557,26.593333288292364,27.02844959983952,6156107
2003-08-25,28.10344886779785,28.18023307343203,26.926071520542486,27.335595094937286,7008214
2003-09-01,28.794517517089844,29.101658256170857,27.796307185946755,27.949877555487262,5943741
2003-09-08,27.719526290893555,28.743331480544235,26.670124409298865,28.56416440070331,5815580
2003-09-15,28.922496795654297,30.86772627808567,27.87309685999098,28.103453419710597,11283476
2003-09-22,26.516555786132812,28.052263672813325,26.15822355535665,28.0010741910254,8490443
2003-09-29,27.5915470123291,27.745117380022776,25.72310200592205,26.64452616483728,7890456
2003-10-06,26.90047836303711,28.052259089879595,26.362981081061267,27.412380908300435,6391518
2003-10-13,27.949878692626953,28.58975688570681,26.874884109354095,26.874884109354095,4353247
2003-10-20,27.335596084594727,28.66654189130399,26.926072495373543,27.89868809064406,4529028
2003-10-27,29.127260208129883,29.434401002708903,27.386790498172633,27.540360895462143,6130375
2003-11-03,29.587961196899414,30.40700628792692,28.896893671027254,28.973677866817006,5790851
2003-11-10,29.51118278503418,30.07427480886481,28.896899334557776,29.357610457850136,4130604
2003-11-17,27.847503662109375,28.973687878182588,27.130839203923188,28.871308915087607,5521536
2003-11-24,28.38499641418457,29.178444965683205,27.821902444949274,27.898688607539206,6285701
2003-12-01,28.87130355834961,29.69034682766673,28.564160867790804,28.615352292593865,4876782
2003-12-08,27.5915470123291,28.768922434984848,27.48916611628226,28.666541538938006,5594544
2003-12-15,27.8218994140625,28.2570177000821,27.489163968844828,28.12904207820922,5940365
2003-12-22,27.847503662109375,27.949882625204356,27.48917143301628,27.668336571186053,1342358
2003-12-29,28.38499641418457,28.461780624021273,27.489166963483772,27.847499134314738,2192201
2004-01-05,27.745121002197266,28.61535580307635,27.31000262538101,28.436188723415505,5232243
2004-01-12,28.10344886779785,28.28261396703073,27.386784565360074,27.51476019417017,6440475
2004-01-19,28.615352630615234,29.17844464082818,27.94987776958676,28.1546395657114,6715725
2004-01-26,27.668331146240234,28.845706565765806,27.54035551471021,28.436184935420368,5421791
2004-02-02,27.00285530090332,28.282611476301582,26.286191061579114,27.77070900614228,8374471
2004-02-09,27.5915470123291,28.180233747280386,26.951668852977804,27.028453060448058,7116021
2004-02-16,28.615352630615234,28.97368284470354,27.540356130090693,27.64273702815301,5991529
2004-02-23,28.743331909179688,28.999283210409235,27.796310922978282,28.92249703893899,7348401
2004-03-01,29.639162063598633,29.895113370010527,28.82011671142848,29.07606801784037,5928514
2004-03-08,28.692134857177734,30.151058160070004,28.308207980535517,29.792726017986652,6072578
2004-03-15,28.23142433166504,28.871302471977003,28.052257280725822,28.512970322851682,5771373
2004-03-22,28.436185836791992,28.589756208945264,27.233215643379236,28.154639829052115,7174631
2004-03-29,29.920703887939453,30.30463079338071,28.487377164842727,28.487377164842727,7682362
2004-04-05,30.81653594970703,31.14927145768044,29.920706427638535,30.04868207364832,5923630
2004-04-12,30.30463218688965,31.405221528111458,29.94630000144984,30.816534751016995,7540780
2004-04-19,33.42723846435547,33.60640357782925,29.997488996328343,29.997488996328343,13841445
2004-04-26,31.86594009399414,33.45283753444098,31.763559173020937,33.273672387303115,9293654
2004-05-03,31.072484970092773,32.582597873158235,31.046890233312663,31.81474405323545,6665289
2004-05-10,30.074270248413086,31.277240277248424,29.818319012256378,30.714148338804854,12727693
2004-05-17,31.295303344726562,31.720005948209806,29.623034438655452,30.498985203767322,10742512
2004-05-24,32.38359451293945,32.410138037839864,31.268750265993077,31.374924365594723,6252372
2004-05-31,32.41014099121094,32.51631712562901,31.16257698093721,32.09161461309804,6367544
2004-06-07,32.755210876464844,33.15336983681456,32.383595441776876,32.91447405557649,4490942
2004-06-14,32.64903259277344,32.914471882145584,31.985434369343086,32.64903259277344,4837809
2004-06-21,33.04719543457031,33.33917828237762,32.197790418196114,32.808299640858415,9850582
2004-06-28,32.83484649658203,33.76388421342306,32.67558329300901,33.04719878477373,5884268
2004-07-05,32.197792053222656,32.96756450240205,31.90580716544686,32.86139038881965,3177057
2004-07-12,31.932353973388672,32.56940678047413,31.799634301055622,31.95889750282699,3045345
2004-07-19,31.746538162231445,32.303960257130036,31.481098876552018,31.905801328610895,3252410
2004-07-26,34.799095153808594,35.01144336153807,31.613821409335966,31.746541064308108,8518273
2004-08-02,34.45402145385742,35.303426391568024,34.00277546041262,34.50710850303641,6297244
2004-08-09,32.967559814453125,34.63982819241948,32.834840166206305,34.480562994410406,6581838
2004-08-16,33.47188949584961,34.02931152374646,32.78174784106586,32.96755450865121,3715353
2004-08-23,35.276878356933594,35.40959799567342,33.57806860117657,33.843507878656226,3835426
2004-08-30,35.35651779174805,35.83430939372087,34.77255207835136,35.117624015903,5217203
2004-09-06,36.49790573120117,37.05532991157252,35.32997436791574,35.32997436791574,4600875
2004-09-13,36.312095642089844,37.373852800921235,35.96702375541322,36.65716752876647,5467989
2004-09-20,35.17070770263672,36.78988907358803,34.48056389364186,36.31209751738253,6762302
2004-09-27,36.17938232421875,36.17938232421875,34.427481085664894,35.03799236881444,5362424
2004-10-04,35.542327880859375,36.76335052938543,35.276888526856595,36.33864594286773,4664173
2004-10-11,34.082401275634766,35.728128020172086,33.843507548347425,35.35651060515834,6204537
2004-10-18,34.082401275634766,34.90526464790342,33.843507548347425,33.94968366333122,4463633
2004-10-25,34.82563400268555,35.542319274903534,33.17991121640813,33.684246271925744,6174915
2004-11-01,34.56019973754883,35.409604778124674,34.29476040922621,34.77255201026347,4147878
2004-11-08,35.037986755371094,35.276880499499384,34.00277513043891,34.56019521683232,4208508
2004-11-15,33.578067779541016,35.35651008508089,33.44534814404876,35.223790449588634,4853521
2004-11-22,32.83484649658203,33.73734068368448,32.25088074176713,33.41881427653844,5379697
2004-11-29,32.38359451293945,33.471895234985425,32.33050746313863,33.02064923625502,5533700
2004-12-06,31.242197036743164,32.38358655318206,30.976757802700686,32.38358655318206,9108934
2004-12-13,31.932353973388672,32.702126452807185,31.374929729476673,31.40147528405647,6400127
2004-12-20,32.755210876464844,32.755210876464844,31.879260353638994,31.905803879300734,2393922
2004-12-27,32.675575256347656,32.887927492310645,32.4897685687358,32.75520785111903,1423696
2005-01-03,34.53364944458008,34.53364944458008,32.83483574556717,32.83483574556717,6136040
2005-01-10,34.215126037597656,34.77255021846467,33.76388001275805,34.77255021846467,4708770
2005-01-17,33.6046142578125,34.77254755791576,33.498438135050186,34.42747566522351,4212344
2005-01-24,33.020652770996094,33.68425109024786,32.542861171078286,33.44535529028896,6867423
2005-01-31,33.68425369262695,33.896603956108464,33.126831466418395,33.1799185260034,5492193
2005-02-07,36.36518096923828,36.524446155639694,33.71078819776103,33.8435078363349,13918726
2005-02-14,36.57754135131836,36.869522191071646,35.99357562152895,36.36518907222689,6686311
2005-02-21,36.524452209472656,36.94915269313286,35.03799039095544,36.630626317817054,6452740
2005-02-28,36.2059211730957,36.68371275315057,35.75467514482043,36.55099309481769,4781187
2005-03-07,36.71025466918945,37.10841360475489,36.099743491266025,36.20591758730395,5819822
2005-03-14,36.020111083984375,36.86951600761203,35.4095999028425,36.71025486271556,4720596
2005-03-21,37.42694091796875,37.55966056661403,35.6219528863365,35.96702478287067,4937916
2005-03-28,37.055328369140625,37.692381077091206,36.55099126258761,37.42694177373141,7213845
2005-04-04,37.50657653808594,38.223261888437634,36.36518665774969,36.8960652950891,8024559
2005-04-11,35.83430480957031,37.453486128486,35.72813071172891,37.40039502928309,6455940
2005-04-18,35.22379684448242,35.967027748229285,34.85218341775028,35.17070979070391,5917721
2005-04-25,34.34784698486328,35.51578244333192,34.188585820264834,34.56019925461055,6407367
2005-05-02,35.462684631347656,35.48922612558841,34.42746914920412,34.69290839330019,4648941
2005-05-09,37.057315826416016,37.575789112925804,36.320536464170814,36.920875049561644,8699118
2005-05-16,38.2307014465332,38.44900332477339,36.48425727372172,36.8662938883249,5526516
2005-05-23,37.957820892333984,38.44900429460537,37.412057855284424,38.23070241085877,3924906
2005-05-30,38.148834228515625,38.80374815775592,37.657646699664795,37.82137726389548,3491090
2005-06-06,38.2307014465332,39.21307239013832,38.0396810573109,38.06697087401164,4299470
2005-06-13,38.612728118896484,38.749168854298944,37.794083706481715,38.2034059126891,4947380
2005-06-20,38.96748733520508,39.731556530766376,38.12155283943326,38.2852834398543,5093007
2005-06-27,40.05900955200195,40.05900955200195,38.25798978328446,38.61273660607326,5858483
2005-07-04,39.649681091308594,40.03171350947456,38.121543090962625,40.00442785894331,5835679
2005-07-11,41.50527572631836,41.641716469450444,39.64968078695372,39.73154606560118,5542145
2005-07-18,41.53257369995117,42.02376135373734,41.068675868425125,41.3688472579173,15903037
2005-07-25,41.25967788696289,41.94188156949813,40.823070028444846,41.55984917281473,7946218
2005-08-01,40.932228088378906,42.65138250085913,40.90493827078336,41.259685080317624,5942883
2005-08-08,41.31426239013672,42.07833151455557,40.82307896229194,40.87765443607005,3965239
2005-08-15,40.79579162597656,41.42342002222153,40.38646930197011,41.396130201750964,3750346
2005-08-22,39.26765060424805,41.477992668570394,39.15849965749902,40.850364315159204,5010631
2005-08-29,38.28528594970703,39.78613461786927,38.12155533855237,38.88562458420345,6463060
2005-09-05,39.86800003051758,39.94986117247235,38.3125717118982,38.44901250027938,4684811
2005-09-12,40.46833419799805,40.74121574462805,39.294942714720634,39.97714658129565,5112969
2005-09-19,40.79579162597656,41.205113949983016,39.704265428626016,40.086297932161905,6661568
2005-09-26,43.00613021850586,43.52460345303672,41.25968595155237,41.31426142405431,7130444
2005-10-03,42.07833480834961,44.998166604374724,41.94189403130318,43.0334202476746,8008702
2005-10-10,41.55986785888672,42.733259553193726,40.932239355992955,42.05105556392718,6333556
2005-10-17,39.786128997802734,42.242062835150534,39.07663533480998,41.58714464688603,7442037
2005-10-24,38.31256866455078,40.5502007470968,38.03968710949317,38.80375629642288,7383539
2005-10-31,38.749168395996094,39.67696372022308,38.257980921588555,38.69459293524875,6291491
2005-11-07,37.76680374145508,39.73155417462643,36.920873459690306,38.858329909287214,10555725
2005-11-14,36.37511444091797,38.31257110703762,34.92884127414205,37.87596308941626,10650857
2005-11-21,36.293243408203125,37.24832876105057,35.96578640570948,36.020361878818136,6810426
2005-11-28,37.87596130371094,37.87596130371094,35.88392508594337,36.347822904476104,8649763
2005-12-05,36.56612014770508,37.87595214994334,36.129508092345276,37.657646122263436,6012669
2005-12-12,36.81171798706055,37.41206070461078,36.34782020300597,36.59341608668793,7433674
2005-12-19,36.83900451660156,37.221036971977874,36.26595166969561,36.6479882889134,5663366
2005-12-26,37.60307693481445,38.03968489923267,36.75714249775128,36.83900779228027,2996858
2006-01-02,39.10392761230469,40.168164009853626,37.60307906179911,37.60307906179911,8965851
2006-01-09,40.932228088378906,41.31426055166715,39.62239595678246,39.64968577437801,10433662
2006-01-16,41.31426239013672,41.69629903426702,39.404091661010476,40.65934837711585,9184459
2006-01-23,42.67866897583008,43.08799126458999,40.41375564243188,40.55019640535185,8504129
2006-01-30,41.669010162353516,42.67867102363852,41.259687853953494,41.80545093182019,7166461
2006-02-06,43.470035552978516,43.63376199900533,39.24037115772895,41.55986453576904,20936455
2006-02-13,45.080020904541016,45.84408990234837,43.224425956677756,43.36086670043474,15169225
2006-02-20,44.58883285522461,45.81679953419293,43.74290275246214,45.81679953419293,6327892
2006-02-27,43.8520622253418,45.598506562924456,43.579180687954675,44.20680905671342,7519991
2006-03-06,44.37053680419922,44.56155303537349,42.896974098337225,43.79748394683485,6689640
2006-03-13,45.571205139160156,45.70764587310974,44.17950798733813,44.643409813839305,6074342
2006-03-20,47.64511489868164,47.808841311830825,45.407483111068956,45.43477292851459,6080389
2006-03-27,47.89070510864258,48.6274843544688,47.208501332166186,47.53595831210657,6781819
2006-04-03,47.26307678222656,48.54561904871045,47.15392584357145,47.972570375009006,6591834
2006-04-10,46.11697769165039,47.59053626004813,45.32562293525931,47.099352846476634,5486538
2006-04-17,46.74460983276367,47.31765858314495,45.298336800929455,46.116981441910106,4224536
2006-04-24,50.2101936340332,51.52002560508054,46.41714262830298,46.77188523051407,9919820
2006-05-01,50.75596237182617,51.46545598449583,50.073758576505924,50.210199335569975,5272844
2006-05-08,50.91969680786133,53.21190006834564,50.155627666419285,51.192578346673365,9362900
2006-05-15,48.95909118652344,51.64791738189593,48.06281578806594,51.47986814868539,10860559
2006-05-22,50.24748229980469,50.303502980821804,47.39060279282659,48.566964439961346,8487690
2006-05-29,49.575279235839844,50.863678032836205,48.3989175324569,50.051425130806976,6314008
2006-06-05,47.39060592651367,49.547269801165676,45.40199555846965,49.49125339022242,11521080
2006-06-12,46.83042526245117,48.42691620714591,44.869821298214056,47.194538281993566,8939775
2006-06-19,46.802433013916016,48.42693050192801,46.690395904336015,46.858449431816645,8131906
2006-06-26,47.054500579833984,47.6426835465931,44.53372376305717,46.774414266858784,10947408
2006-07-03,47.30657958984375,47.89476259437367,45.14991569619777,46.942470778616716,9033494
2006-07-10,45.26195526123047,47.278576099373154,44.56173939564076,46.60636630413994,6226743
2006-07-17,44.16960906982422,46.63436938771422,43.63744680434041,45.31796462011389,8824924
2006-07-24,48.28688049316406,49.85536561529122,43.49740692247881,44.16961238980294,11778386
2006-07-31,48.25887680053711,48.62298989400151,47.250564276140025,47.95078011981068,6550445
2006-08-07,47.75471878051758,48.51095100908979,46.9144597990422,47.64268595916547,4684617
2006-08-14,50.835662841796875,51.33981903052065,47.81072998323193,48.20285336280718,5154289
2006-08-21,50.49956512451172,50.947700679111215,49.2391766652,50.49956512451171,4987243
2006-08-28,51.087738037109375,51.98401759203712,49.79934365601164,50.331505902194536,4544273
2006-09-04,49.491249084472656,51.36782646736751,49.04311356213627,51.05973409709459,5363742
2006-09-11,50.303504943847656,51.171769974382826,48.95908974875343,48.98709581657696,7106278
2006-09-18,49.4072265625,50.66761503882682,48.65099433145954,49.85536639692748,6764164
2006-09-25,50.6676139831543,51.42385047221657,49.04311673320244,49.40722553308799,5339448
2006-10-02,50.4715576171875,51.75995649079951,49.15515267384033,50.61160078719844,7789102
2006-10-09,50.63960266113281,51.115748504777955,49.71531703889363,49.88337052431081,5751142
2006-10-16,50.4190673828125,51.14978024451147,48.817124573488464,50.700110131408714,8451421
2006-10-23,51.09357452392578,53.622959358888714,49.969403486164474,50.531489005045124,8148458
2006-10-30,51.7399787902832,52.97656533745296,50.13803147404941,50.25045116184741,6204399
2006-11-06,53.17329025268555,53.960210851950954,51.79618242025029,51.79618242025029,4481406
2006-11-13,54.0726318359375,55.871308290085004,52.86415125275556,53.0327743560873,5375665
2006-11-20,52.30207061767578,53.960221543507224,51.85240038946397,53.763492426804476,3661665
2006-11-27,49.66025161743164,52.47067903537765,49.266793494267965,51.992907232001215,6535133
2006-12-04,49.49163818359375,50.70011877795775,48.95765429717053,49.49163818359375,6579945
2006-12-11,51.599456787109375,52.021020962532255,49.91320008541786,49.94130179075586,5567822
2006-12-18,49.547847747802734,51.96481331576084,49.463534048000874,51.149790890546356,4642824
2006-12-25,51.1497802734375,51.48703071426928,49.43541779068227,49.54783746320754,2305991
2007-01-01,51.599456787109375,52.3301654514855,50.81253613531216,51.14978661797595,3847882
2007-01-08,51.7399787902832,52.21775067040004,50.643909348208894,51.149787222368374,5092943
2007-01-15,52.92034912109375,53.117078182614236,50.672007187438126,51.79617815426594,6543174
2007-01-22,53.31380844116211,53.98831360942626,52.66740926304846,53.06087168329555,6544912
2007-01-29,51.599456787109375,54.32557093050281,51.40272340788066,53.51054428499505,8156262
2007-02-05,51.43082046508789,52.61119909349752,50.44717089335124,50.86873499552409,9008710
2007-02-12,52.61121368408203,52.89225649680509,50.390977178919066,51.14979191559672,8030248
2007-02-19,52.498802185058594,53.35879256991348,51.90861051902669,52.60559554575492,5001870
2007-02-26,49.03634262084961,52.836042173656885,48.67660820869451,52.55499939613743,8705373
2007-03-05,50.84062957763672,50.8462516331396,47.83347313937442,47.94589280757273,7658349
2007-03-12,48.22132110595703,51.200372025580286,47.38381481537234,50.86874360085541,8694664
2007-03-19,49.94130325317383,50.5314948313973,48.27190838347517,48.89582372444079,7542539
2007-03-26,49.21059036254883,50.16051200172427,48.27190425883048,49.913197282126205,6885007
2007-04-02,50.627044677734375,50.913709505359144,48.817128543447275,48.90706428873048,5502583
2007-04-09,51.18914031982422,51.526390854428215,50.334772012935886,50.627054666026496,5731214
2007-04-16,52.79669189453125,53.3025697089894,50.76194081343158,50.986775874120994,9077389
2007-04-23,54.814579010009766,55.75888287213921,52.11094898243186,52.746104087648696,10917207
2007-04-30,56.74252700805664,57.0797817238858,53.08335365200563,54.39300955010439,10742201
2007-05-07,56.15235137939453,56.71443697020254,54.460472550318066,56.6301232739068,8454437
2007-05-14,61.00001525878906,61.68397609195323,57.62078927552484,58.38589762938575,12388339
2007-05-21,60.57110595703125,61.63761900146114,59.64370234835109,61.3651976462623,8280349
2007-05-28,65.95585632324219,66.19350145206958,59.88715177397775,60.536336584952835,10561478
2007-06-04,62.391136169433594,67.55562200095505,61.70717518710684,66.077569338963,12315772
2007-06-11,66.89483642578125,67.51503790130032,62.11290779740632,63.173623150458305,10061827
2007-06-18,67.15567016601562,69.92049253410863,66.30361668249131,67.03394887154197,9344525
2007-06-25,69.09742736816406,69.55533384665294,64.68066207690634,66.33260479353157,7435491
2007-07-02,69.65386962890625,71.2188672964918,67.84543377597501,68.53518783071344,7890579
2007-07-09,67.61937713623047,70.40158775279315,66.02540078369044,69.26551786492061,7928757
2007-07-16,65.02264404296875,68.22218741847298,64.860348973356,67.43969080586353,5592643
2007-07-23,59.85235595703125,67.23681142148267,58.66411743457863,64.39663488216803,11867025
2007-07-30,59.97988510131836,62.344763101810074,58.600368143638384,60.05523512132755,10619031
2007-08-06,55.13998794555664,59.64369817671641,54.60673146063904,58.71629463290125,12318084
2007-08-13,54.45602798461914,58.165646648969584,51.82452176354036,55.96885683926485,12437446
2007-08-20,58.10767364501953,58.948131993695156,54.090853733867014,54.83857395532576,9084315
2007-08-27,57.394737243652344,59.54516006463214,54.78641239662741,58.252588250223496,8611653
2007-09-03,52.43891906738281,58.19462234268064,52.2534383790656,57.96277037673202,8274679
2007-09-10,53.766265869140625,55.0298544127324,51.06519870572925,52.74611989450117,7901990
2007-09-17,57.96277618408203,58.17724004795833,52.995366441994555,54.00971502521599,10878397
2007-09-24,58.901763916015625,60.026238560051716,56.95421464068112,58.02072740363627,8080312
2007-10-01,64.54734802246094,64.80238565321272,58.28157332138176,58.54240404577144,9492768
2007-10-08,64.00249481201172,66.49489589492683,62.54763234990452,64.39664185716553,9604786
2007-10-15,61.672760009765625,64.5106939163915,61.36453787769355,64.4292780888494,6648046
2007-10-22,64.49906158447266,66.41233786765861,59.427996061255534,60.073510400466816,9949510
2007-10-29,64.18502807617188,68.2151291279666,63.463910150895686,66.87757583650465,10077288
2007-11-05,56.694732666015625,64.40019193655972,55.82823320545157,63.53369247599566,12103923
2007-11-12,54.93266296386719,57.863646177011816,54.6709698563916,56.00851881446573,9466835
2007-11-19,54.665130615234375,56.16551505227851,52.35640045276229,54.84540781769109,9479493
2007-11-26,57.83454895019531,58.44517192413413,53.560201443109435,54.851229831326165,8686399
2007-12-03,57.57867431640625,58.96856416090531,55.078033270706115,57.44491724040561,8952992
2007-12-10,56.95642852783203,61.033049327877045,56.0666667966862,57.92178939200367,9284167
2007-12-17,56.38069534301758,56.53189804227264,54.25806305462853,56.025953108320586,10390894
2007-12-24,56.99130630493164,57.63100375364177,56.20622287074975,56.61911853707018,1744705
2007-12-31,50.27448654174805,57.66591608528415,49.79180830237142,56.70055073287199,7620223
2008-01-07,49.844139099121094,50.88510346237077,47.814551643334056,50.25122258891741,11679907
2008-01-14,44.871944427490234,51.03049425392712,43.45297541819394,49.66968320350047,14163205
2008-01-21,45.040584564208984,47.56448802966866,41.64436946703843,44.19153078991635,18169019
2008-01-28,44.523014068603516,46.849190426408576,42.21428332358931,43.86587084478214,12949087
2008-02-04,39.14373016357422,45.3022842084728,38.759913382253885,45.01151217175195,15054075
2008-02-11,40.545249938964844,44.99406259630195,38.61452396267265,38.87621699793945,19090754
2008-02-18,40.539432525634766,43.59253858724407,40.353338619352684,41.1093476093398,12865677
2008-02-25,41.40592956542969,43.2901352535153,40.830202268039976,41.71996384677729,11434642
2008-03-03,38.27141571044922,41.5455118252551,37.10832973162231,40.49291398970749,12351504
2008-03-10,36.9861946105957,39.172801121340555,36.29415810352394,38.184178173642074,12975874
2008-03-17,39.417057037353516,39.417057037353516,34.7821522277056,35.474188884361425,21424000
2008-03-24,40.26611328125,41.574587540031274,39.41705940574925,39.41705940574925,9106413
2008-03-31,40.60340881347656,43.35992660034081,39.47521184166535,40.06257262394977,10944596
2008-04-07,38.253963470458984,41.10934662971297,37.643344934785254,40.806941266192894,9632472
2008-04-14,40.10327911376953,40.44639242717437,36.81755640188082,37.80036509574083,9758247
2008-04-21,39.2135124206543,39.9520713545366,36.33486915324688,39.9520713545366,10083113
2008-04-28,40.80693817138672,41.23146720984518,37.451431510323076,39.26003356150222,7352224
2008-05-05,41.51553726196289,42.56835964517675,40.36807692796826,41.403155823557185,8082000
2008-05-12,42.75993728637695,43.50407931341722,40.902716683769384,41.83445429375351,7705180
2008-05-19,39.076759338378906,43.21017663832186,39.076759338378906,42.57234398867425,8234985
2008-05-26,41.27165603637695,41.453001764193296,37.86361729567954,38.91416873107686,7906560
2008-06-02,38.30759811401367,42.12835554794495,38.18878663452292,41.27165433885086,10525106
2008-06-09,36.8255729675293,38.301347726922344,35.574916715221626,38.07622921983696,12183242
2008-06-16,34.37428665161133,37.38836792305518,33.711438002394196,37.069449254064544,10869118
2008-06-23,32.19814682006836,35.18721455124912,31.535298136166077,34.155422171141204,11320247
2008-06-30,32.660884857177734,33.58011788474976,31.01627136277202,32.116850103411785,11410151
2008-07-07,30.78490447998047,33.51758782238576,29.99073744473109,32.523315970350126,12221781
2008-07-14,34.94333267211914,35.53739480640034,30.64107494999354,31.447748720161574,12752409
2008-07-21,35.53114318847656,38.764090772991345,33.46130627576764,34.91206969247503,11631634
2008-07-28,32.37948989868164,35.42483961781978,31.948014346531558,35.387319071157265,8338030
2008-08-04,36.64422607421875,36.81931956607644,32.06057229556556,32.2794361785909,8805200
2008-08-11,38.01369857788086,39.301873032300904,36.08768674268235,37.5134365380363,9977600
2008-08-18,36.99441909790039,38.40765989037832,35.030888778640474,37.62599957949855,6752847
2008-08-25,35.81254959106445,37.33209744753059,34.7057182891053,36.81307384882743,5793977
2008-09-01,34.15230178833008,38.49833100941723,33.90529685515268,35.61244260967196,9209138
2008-09-08,33.13301467895508,36.24089656067785,32.55458657767161,35.85944598137935,13462443
2008-09-15,31.951141357421875,32.79220606469203,29.077757855461538,31.735402390638132,19541800
2008-09-22,29.59052848815918,32.02305466103877,28.83388198328503,31.579072237726262,9708924
2008-09-29,25.560285568237305,29.678070450578645,24.644179824930696,29.20282215382587,14803827
2008-10-06,17.509185791015625,24.325262642407324,16.82132468211057,24.306501178391045,22630841
2008-10-13,17.862497329711914,22.51181137220461,16.949517692736567,19.37891747977989,18175470
2008-10-20,13.882285118103027,19.060001328979617,12.38149663516958,18.634778004996388,17319591
2008-10-27,14.920331001281738,15.626951331479619,11.584204486029016,13.009953189201381,21285767
2008-11-03,13.51333999633789,16.564940458102516,13.20067596082961,15.148572758919967,17058802
2008-11-10,11.693636894226074,14.257481357712436,11.631103840617405,14.226215427267496,14106892
2008-11-17,9.195449829101562,12.000046789995913,9.007851276436757,11.753041899776058,18208444
2008-11-24,10.768150329589844,11.868728018348197,9.392429113180995,9.548761150912828,18346476
2008-12-01,10.236621856689453,11.950020763617413,9.53625383698054,10.899469330413412,21059583
2008-12-08,11.093321800231934,12.068833429722671,10.69311214561396,11.130841157172656,16031011
2008-12-15,10.786910057067871,11.437251873593187,10.69311107772407,11.387224479043178,14413398
2008-12-22,10.693111419677734,10.843190029970907,10.361687076497748,10.805670675577307,3634459
2008-12-29,12.478423118591309,12.49718339236942,10.605564794593406,10.818176459870193,5635421
2009-01-05,12.981812477111816,13.710319148280185,11.599836651786868,12.259558037822007,15495890
2009-01-12,10.386701583862305,13.200678429730168,10.314788985371946,12.775455071075118,16681199
2009-01-19,8.817127227783203,10.905723361786505,8.441930096080318,10.643085488866364,19743836
2009-01-26,9.479973793029785,10.202228169714356,8.629527801367677,8.75146658864926,19192202
2009-02-02,10.399208068847656,10.499261684187767,8.807748252445823,9.314264387414749,15389997
2009-02-09,10.21160888671875,11.33407299060003,9.555014194198314,10.21160888671875,18876089
2009-02-16,7.957301616668701,10.255382284147675,7.941668053787955,10.070910416670992,18977960
2009-02-23,7.206906318664551,8.129265530907407,6.650364675526268,8.004200026626858,19706859
2009-03-02,6.772304058074951,7.166260878173976,6.356460847363662,7.013055547528703,17239936
2009-03-09,8.179292678833008,8.773354340158573,6.444007189842118,6.816077033574362,23679280
2009-03-16,9.386175155639648,9.486227558689983,8.229317903561608,8.47632279540656,16549823
2009-03-23,10.580551147460938,10.78690936588211,9.05475030029668,9.720725038586277,18403620
2009-03-30,13.341373443603516,13.382020101026036,9.414314032527626,10.292899184005265,32681769
2009-04-06,14.169936180114746,14.632678880937908,12.293951677617097,13.75721968498277,21266744
2009-04-13,15.070409774780273,15.126689407884975,13.450809650364734,14.169936837823943,14475595
2009-04-20,14.573272705078125,14.939089099783242,12.834860021264868,14.78901048713098,15420496
2009-04-27,15.364311218261719,15.633202491958395,12.928657983762115,14.22621426768214,15369904
2009-05-04,16.28041648864746,17.846863999015955,15.445604073262013,15.464363152346575,17083012
2009-05-11,14.995370864868164,16.53993237646802,13.657168816871911,16.25228076669972,16724445
2009-05-18,16.424245834350586,16.805696442244624,14.16368439092005,14.388802938886233,10406657
2009-05-25,16.92137908935547,17.362235379172155,15.636329574244195,16.352330578889074,8618268
2009-06-01,19.23509407043457,19.3851726835682,17.299703872211932,17.38099600705643,10988781
2009-06-08,19.04123878479004,19.566514419730353,17.846862355816324,19.016225091355476,10507991
2009-06-15,16.899494171142578,19.03811663813449,16.458637842946473,18.88803801499527,10675505
2009-06-22,16.12408447265625,16.958898080978486,15.014127367460176,16.768172825444545,10600121
2009-06-29,15.70198917388916,16.952645389916174,15.52064345006026,15.902093977618488,6580432
2009-07-06,14.004223823547363,16.008400441926135,13.688432448487823,15.461238325599588,11538720
2009-07-13,16.252275466918945,16.5586860605731,13.660290478718151,13.885408952716539,9883676
2009-07-20,17.540451049804688,17.91564811245305,15.97713094936867,16.308555240039794,9803452
2009-07-27,18.70981788635254,18.95994890233611,16.664994594339166,17.806218920207584,12605761
2009-08-03,20.510761260986328,21.79268339252846,19.138166268434976,19.38517115488683,15613811
2009-08-10,19.916706085205078,21.09545004374601,19.291377801165478,20.316916998039375,10686444
2009-08-17,21.25177764892578,21.404982378398508,19.260106624029962,19.904195050621425,10457321
2009-08-24,20.373193740844727,21.845841354014862,19.660318787400204,21.542556797729112,9674563
2009-08-31,18.928682327270508,20.229363566040835,17.70303860165884,20.229363566040835,14910460
2009-09-07,20.826553344726562,21.311183594630904,19.210079525209117,19.447704880069875,12785979
2009-09-14,20.323163986206055,21.852091055256405,19.891687247614588,20.166831955542932,22351396
2009-09-21,19.466463088989258,20.623320304259728,19.435197161300334,20.573295297044925,12228402
2009-09-28,19.231964111328125,20.554532825473974,19.009972934539654,19.19757206964205,12095941
2009-10-05,21.15172576904297,21.570694496778206,18.922430515175677,19.288246921112442,11026507
2009-10-12,22.321086883544922,23.165274114102626,21.292421847681698,21.423740179382335,12254339
2009-10-19,21.91461944580078,23.368512665397738,21.27366428409987,22.380495413273895,13368083
2009-10-26,19.135042190551758,22.830730377460107,18.49408105652009,22.58060054137619,23828187
2009-11-02,19.78225326538086,20.2418685771347,18.50971076229074,19.135038820525438,16485541
2009-11-09,20.395078659057617,20.46699006045275,19.466464782045612,20.066780426177413,11512433
2009-11-16,20.004243850708008,21.229887428968407,19.785378798227374,20.729625474200027,10903628
2009-11-23,20.113679885864258,21.24239735201757,18.934936216990078,20.385696095895312,16199867
2009-11-30,22.252302169799805,22.3867478206366,19.90106931996659,21.0110253811191,14580130
2009-12-07,22.005294799804688,22.35547939169072,21.292421153320053,22.092842736854227,12673183
2009-12-14,21.64885711669922,22.599356069405328,21.64885711669922,22.199146486252708,11805231
2009-12-21,22.480546951293945,22.599358438297195,21.404981794751293,21.66762085212364,11333151
2009-12-28,22.636878967285156,22.82447693072415,22.199148795635818,22.67439712871044,3579202
2010-01-04,24.628541946411133,25.013124556941477,22.980808186689984,23.01207411529867,15590805
2010-01-11,24.14079475402832,25.257005490029055,23.743712398606604,24.981861942162546,11729804
2010-01-18,22.324216842651367,24.625424770889044,21.924007183033986,24.13766716097234,13951585
2010-01-25,21.423742294311523,22.786957910999167,20.961000779179134,22.105350102655343,16235223
2010-02-01,20.10117530822754,22.511815236929543,20.041768365789995,21.386224952170622,14058768
2010-02-08,18.4815731048584,21.14859720223796,18.22831478239288,20.329416491767695,26594141
2010-02-15,20.19184684753418,20.55453593970237,18.797364145053173,18.950570068963174,16617626
2010-02-22,18.884910583496094,20.454483188442815,18.222061886566607,20.379444478459078,19591654
2010-03-01,20.567045211791992,20.582679371799824,18.4565624243814,19.135044177733178,15734431
2010-03-08,21.198623657226562,21.411235307777908,20.18871772074831,20.785907204443053,11462534
2010-03-15,21.339323043823242,21.8083191546765,20.992265730956824,21.182991006872157,11732540
2010-03-22,22.227285385131836,22.887011610665084,20.842190456106447,21.136093093721158,14088582
2010-03-29,22.199146270751953,22.786953792121494,21.304926948447246,22.46491022084956,10095327
2010-04-05,22.3648624420166,23.13714314207761,22.199150852533922,22.199150852533922,10407667
2010-04-12,21.548805236816406,22.543076987394116,21.448752838632874,22.377365426537384,10307395
2010-04-19,22.95892333984375,23.105875838153835,21.2611573011165,21.461262120174354,17115820
2010-04-26,22.142868041992188,23.59988366766197,21.273662360092572,23.199671677790562,16773636
2010-05-03,20.019882202148438,22.474294942036906,18.91617829643946,22.139744446095904,23655219
2010-05-10,19.607162475585938,21.411235397076048,19.435197484995392,20.323163443143006,20423250
2010-05-17,18.000070571899414,19.9479676019082,17.22778993057554,19.388298625461193,22744344
2010-05-24,18.231443405151367,18.74733843484719,16.608716024691436,18.262709336871534,20245023
2010-05-31,18.25645637512207,19.3351477448964,17.559215584148586,18.259583684004728,12631482
2010-06-07,19.14754867553711,19.54775831400015,17.371616615779175,17.812472918373242,13982972
2010-06-14,20.567045211791992,20.717125037378313,19.325769479726798,19.416441167089886,13150372
2010-06-21,19.607162475585938,21.420614936995204,19.36641101167169,21.042291719152264,14221515
2010-06-28,18.866151809692383,20.241873131726415,18.40028177668667,19.816650958331895,12483735
2010-07-05,20.92035484313965,21.011025327611048,18.68480499007779,19.02560888670242,9320076
2010-07-12,21.21112823486328,22.386745743415524,20.882832410098803,20.917225646803285,10109130
2010-07-19,21.820825576782227,21.89899159372781,20.13243913367007,21.00477216903531,8452186
2010-07-26,21.408113479614258,22.38675135309792,20.717126034795452,21.898996070975944,10959244
2010-08-02,21.082935333251953,22.308577740612233,20.9922624796115,21.079808025074776,10222904
2010-08-09,20.73587989807129,21.63322658887509,20.173083648536252,21.292421530701816,7886880
2010-08-16,20.301279067993164,21.708267445886133,20.173085648552842,20.873454914174673,7125951
2010-08-23,20.348180770874023,20.85782240940192,19.604039858054122,20.32629437867805,7821748
2010-08-30,21.52692222595215,21.83333408526121,19.510239789646388,20.507631848709586,7336828
2010-09-06,22.443025588989258,22.60561223417865,20.854691609811812,21.661365447910292,7496041
2010-09-13,22.577472686767578,23.224687229961784,21.99904462210067,22.793211662978177,11532839
2010-09-20,23.34662628173828,23.584251650467365,22.280443009336466,22.586852471899842,10303528
2010-09-27,23.037090301513672,24.01260312339584,22.549335083291442,23.41854087389268,9464561
2010-10-04,24.165807723999023,25.013127118899213,22.08659105515299,23.043342404110824,17302447
2010-10-11,24.53162384033203,24.80051514445869,23.862522888790153,24.440950969364884,8813024
2010-10-18,26.707759857177734,26.845332788500066,24.218954559020524,24.47220687950129,10638472
2010-10-25,24.96622657775879,27.392500532414047,24.268987007751555,26.770299674486317,11224579
2010-11-01,25.325786590576172,25.700982474780176,24.156423778884346,25.322659282333916,9436771
2010-11-08,25.929231643676758,27.054821828276612,25.269510259463882,25.504008313982084,8748288
2010-11-15,26.986034393310547,27.054820868532428,25.482121020357074,25.625946202440332,6492929
2010-11-22,26.885986328125,28.074110908128507,26.035534790775746,27.076711627316687,7099897
2010-11-29,27.411252975463867,27.77394436931185,25.16320038277956,26.929750117477965,8671917
2010-12-06,27.526947021484375,28.746337460718717,27.236169319708782,27.358108125088446,7546265
2010-12-13,26.957897186279297,28.414910549301975,26.95476987757683,27.80834386009194,6258175
2010-12-20,27.342466354370117,28.274211074742315,26.73902939331206,26.964147898448978,3838272
2010-12-27,27.2017765045166,27.57384754418283,26.764046290574758,27.514440602269666,2580687
2011-01-03,29.546756744384766,29.89068676908371,27.408135496467974,27.51756745176704,8642338
2011-01-10,30.462860107421875,31.266406663249896,29.334142636043552,29.509233750017746,9449209
2011-01-17,29.42168617248535,30.90996769537026,28.69630568313123,30.503503482487087,9397748
2011-01-24,29.881301879882812,31.59782677274721,28.983955236160313,29.64367654416474,12622224
2011-01-31,29.684326171875,30.484745390058613,28.177285520830115,30.047015235575415,14258373
2011-02-07,29.140295028686523,31.238273372989948,28.468069079063124,29.890689393744797,13430728
2011-02-14,28.13351821899414,29.51549303978483,27.992817935472782,29.51549303978483,8580795
2011-02-21,26.857845306396484,28.98395964741912,26.026157697521896,28.389899795866018,11284769
2011-02-28,26.366960525512695,28.327363115258038,26.232514885451618,27.029802029456423,12093870
2011-03-07,25.482118606567383,27.061072922253516,25.416459446103545,26.232512760412646,11083084
2011-03-14,23.850017547607422,24.819275796014878,22.327344882945443,24.700464294873104,22815107
2011-03-21,23.68743324279785,24.475345737142458,23.071484574795907,24.387800169486148,12168971
2011-03-28,24.978731155395508,25.085038174490116,23.2340651565297,23.662415770504797,12474357
2011-04-04,24.928709030151367,25.08504107568353,24.556637998444753,25.006875052917447,7405783
2011-04-11,23.27158546447754,24.74736017023678,23.237192227954026,24.70358739383184,10988980
2011-04-18,24.00947380065918,24.156426292653066,22.514939953928817,23.274713726127256,10117908
2011-04-25,25.725994110107422,25.863567036504914,23.918796531611175,24.00946937987888,8739052
2011-05-02,25.41020393371582,26.132464350709366,24.337770815930664,25.876079900803497,9322000
2011-05-09,25.689590454101562,26.064414832157055,24.974591853829818,25.607697950412692,7831248
2011-05-16,24.867488861083984,25.43760505788841,24.66905853977321,25.415556710389513,8797960
2011-05-23,24.609216690063477,24.993490022430855,23.891067630992026,24.59976773977413,7858995
2011-05-30,24.04225730895996,24.977741808411636,23.69893023938566,24.568269685746515,6476185
2011-06-06,22.930387496948242,24.149350188272802,22.829594685222563,24.12100333642348,7997011
2011-06-13,23.320960998535156,23.440651719995596,22.28153310127062,22.776048244409,10132001
2011-06-20,24.672210693359375,25.198223022206378,22.69100011986762,22.83588961387453,10827980
2011-06-27,25.695890426635742,26.01716673685266,24.58716718495502,24.70055938928805,9063880
2011-07-04,24.69426155090332,26.196704693865904,24.6092161938339,25.75888571662718,8246418
2011-07-11,23.30521011352539,24.4422803279225,22.816995894899673,24.190299493399944,10570626
2011-07-18,23.969812393188477,24.017059548327804,22.672105270981106,23.24851287379247,8508009
2011-07-25,23.475296020507812,24.234393703389316,22.300430123642503,23.752478033950354,11257513
2011-08-01,19.717613220214844,24.08005122026176,18.80732741253544,23.897370697096427,14635506
2011-08-08,18.41045570373535,19.86880349603906,16.50168948660487,19.298693150928457,19178587
2011-08-15,16.019771575927734,18.967964063716614,15.496908460463981,18.67503460489496,11447873
2011-08-22,16.580429077148438,16.971002027827588,15.333117437198394,15.736288585090579,12271141
2011-08-29,16.826112747192383,17.95688304671286,16.596179107654976,16.97415269106992,7773748
2011-09-05,15.509510040283203,16.567834619104428,14.967747747584902,16.359949283785685,10196455
2011-09-12,16.882810592651367,17.752150044662542,14.514178454656777,14.942547278561316,12231376
2011-09-19,15.52840518951416,17.25763382792475,14.583471796218634,16.845012480296187,8298096
2011-09-26,15.792984008789062,16.640274915408085,15.011839342073559,15.181927613463037,9735324
2011-10-03,16.164661407470703,16.73792093598743,13.903120594359434,15.326820465673562,11768093
2011-10-10,17.30803108215332,17.852942555008696,15.878031521317128,16.28435318886862,10671409
2011-10-17,17.336381912231445,17.953738236919587,15.981977338176376,17.619861268729377,9514614
2011-10-24,19.94754409790039,20.394811984762896,17.065496827157627,17.437170716980376,14806903
2011-10-31,18.760082244873047,19.856205080990883,17.330082436221502,19.742812856298485,14648501
2011-11-07,18.18996810913086,19.20734626784577,17.169439499523214,18.561642012505963,9989492
2011-11-14,16.36309814453125,18.48289874905452,16.211908933682455,18.388405642467152,9308923
2011-11-21,15.276422500610352,16.328448345621396,14.703163030731657,16.328448345621396,8646373
2011-11-28,18.10492515563965,18.246665416563154,15.544155113438462,15.547305564539563,10954872
2011-12-05,17.937984466552734,19.046706375029217,16.917455950286875,18.33800638364996,10350277
2011-12-12,16.18671226501465,17.92224097134003,16.076470493053595,17.859245158128626,8140092
2011-12-19,16.895410537719727,17.40252503412888,15.755191134359645,16.063869262272814,5736223
2011-12-26,16.882810592651367,17.128494108156275,16.211908704292444,16.89540999376342,2075052
2012-01-02,17.83404541015625,18.07342924740527,16.85761456236693,16.90486051862085,5804440
2012-01-09,18.89236831665039,19.465627817037653,17.619857715145617,18.20571661591489,8333962
2012-01-16,20.564899444580078,20.70349043609494,18.668733074014234,18.854570011372452,7853045
2012-01-23,21.034217834472656,21.72086955858889,20.105034253241556,20.552302168128186,7479155
2012-01-30,22.735097885131836,22.82329128535513,20.28457096568491,20.92712597128453,8344253
2012-02-06,22.70359992980957,24.080051349280833,22.347673485214877,22.587057281114603,10233569
2012-02-13,25.069082260131836,25.19822431322026,22.25633277813496,22.94613253460821,12269745
2012-02-20,25.16042137145996,26.486477387745815,24.385576408178625,25.198219565921054,11616433
2012-02-27,25.39666175842285,25.9415744657728,24.190298486816015,24.911595608210977,7523134
2012-03-05,26.29119873046875,26.39514198666611,23.547742236840794,25.128929818474727,10143532
2012-03-12,26.451833724975586,27.610951994674156,25.85967398962839,26.190401603650585,9228138
2012-03-19,25.3872127532959,26.363643550905326,24.54307206825307,26.30064894580413,8349972
2012-03-26,24.89899444580078,26.357340700657296,24.25328903619856,25.576194749664396,7075756
2012-04-02,23.922565460205078,25.037587277633193,23.251663540884756,24.880098361099677,8993576
2012-04-09,22.650056838989258,23.922565153548824,22.511465825227468,23.922565153548824,8397864
2012-04-16,22.36027717590332,23.654836347703146,21.979154261048212,22.508317151733472,10735409
2012-04-23,22.473665237426758,22.785492582233132,21.17280780659623,22.04844569394718,11866580
2012-04-30,20.470407485961914,22.56816088344864,20.363316182544043,22.546112532563196,7264116
2012-05-07,21.70435333251953,21.714163549160467,20.154275481551277,20.926044126907705,12149079
2012-05-14,20.007112503051758,21.478704621630357,19.85014282676813,21.367516364176513,11367121
2012-05-21,22.031370162963867,22.332228399314637,20.428969346360027,20.585939023693136,10432865
2012-05-28,22.152368545532227,23.133430070958415,21.517950455668522,22.237394576327002,8860374
2012-06-04,21.946346282958984,23.06475581090022,21.423113974124057,21.844970724832095,10516295
2012-06-11,20.340673446655273,22.7410037420071,19.559094724368343,22.718112408947285,13008556
2012-06-18,20.621912002563477,21.94634470250449,20.137921839874412,20.791962802559766,10719479
2012-06-25,20.563047409057617,20.563047409057617,18.973727732512902,20.53688517278464,9871196
2012-07-02,21.06338882446289,22.299525752229645,20.383185675384777,20.618639556040705,9864161
2012-07-09,21.118982315063477,21.691268131159397,20.422428372462615,21.037227198478345,9640260
2012-07-16,22.0935001373291,22.85872926463521,20.870444389804256,21.135330147926236,8651477
2012-07-23,23.506229400634766,23.735145216051563,20.912958340895642,21.73050823068287,11978973
2012-07-30,22.89143180847168,23.872493171691893,22.404172029996698,23.4669885068186,10481013
2012-08-06,24.20932388305664,24.415348366474305,22.89143184867766,22.911052277586744,5984086
2012-08-13,24.97782325744629,25.24597995010135,23.97060207952743,24.19951541656166,4407364
2012-08-20,24.441513061523438,25.28849750901008,24.14719409338197,24.853559616921498,4469962
2012-08-27,24.30743408203125,24.912421501024816,23.82998445696185,24.765263275717977,4530031
2012-09-03,25.196928024291992,25.494515352397674,22.982998061657735,24.166813052451378,7884667
2012-09-10,27.19829559326172,27.19829559326172,24.75545195065393,25.05958112894985,7308890
2012-09-17,25.919641494750977,27.13615796462104,25.21981793326108,26.29898391833083,8860821
2012-09-24,23.885578155517578,25.743054737008123,23.87576793949233,25.743054737008123,7386286
2012-10-01,24.04908561706543,24.33686273192487,23.323099775863103,23.87903357580944,6628699
2012-10-08,22.469579696655273,23.686096433869626,22.371475037344535,23.548748413853446,6591530
2012-10-15,24.36302375793457,24.673692190417654,22.413982156695972,22.47284593805749,12975897
2012-10-22,22.72138214111328,24.516723727033845,22.057528526659137,24.317241051379554,8122668
2012-10-29,23.081106185913086,23.31656133181709,22.034639148002878,22.446685653334885,6204346
2012-11-05,22.397628784179688,23.60433498177257,22.08696037044788,22.84891857903512,6102179
2012-11-12,22.23412322998047,22.557875323302667,21.625864896728878,22.39436507232038,6160301
2012-11-19,24.97782325744629,25.017066613067122,22.404173687626777,22.485928807277322,7141740
2012-11-26,25.15114402770996,25.448731340070623,24.29434954981885,24.856825123474998,7458190
2012-12-03,25.124984741210938,25.255793435661683,24.454591741506075,25.108632718791473,6460070
2012-12-10,26.68486976623535,26.913785591471896,24.90260920851799,24.94185006801075,7389041
2012-12-17,26.79606056213379,27.469721993586614,26.34804157904976,26.711034533562483,7571816
2012-12-24,26.370929718017578,26.877812429451048,26.331686364594514,26.812406840412603,1051357
2012-12-31,26.665254592895508,27.2408114302721,26.181263105676145,26.181263105676145,3809348
2013-01-07,26.259746551513672,26.779707937118232,25.579543328171642,26.599845668216325,4600406
2013-01-14,28.51618766784668,28.542349907616952,26.227044082286604,26.312070114055732,7073234
2013-01-21,28.774532318115234,28.93804256369261,27.508964614126096,28.565239403373663,5509852
2013-01-28,29.454730987548828,29.735968766086188,28.66334212002182,28.764717658226694,7018556
2013-02-04,28.51618766784668,29.569194116399277,28.09760181139637,29.529953251712378,6635407
2013-02-11,31.46918487548828,31.979336074325996,27.829444990795892,28.476946700447876,7437519
2013-02-18,30.981916427612305,32.25729666897653,30.707220449917124,31.393962889123088,6855383
2013-02-25,31.874691009521484,32.23114218461795,29.83081272579787,31.20756883831786,6338998
2013-03-04,35.45555877685547,35.52096436787004,31.060405354371788,31.49861158681259,6641014
2013-03-11,34.324066162109375,35.78257707096697,34.19325748300332,35.70409286149055,5127033
2013-03-18,33.428035736083984,35.29859338559203,32.6366467289747,33.925105795723745,5480235
2013-03-25,31.96624755859375,34.36984725965811,31.609796481611934,33.91201815112968,4201305
2013-04-01,32.440433502197266,33.6896517470629,31.537858693529113,31.96625476202672,6231551
2013-04-08,32.401187896728516,33.14025234271457,31.433207630905766,32.545075203088146,6133966
2013-04-15,30.45868682861328,32.52872703325249,29.307575854901533,32.51891681820168,7037501
2013-04-22,34.245582580566406,34.47449590197337,30.69086932264233,30.707221343443436,6922059
2013-04-29,35.089298248291016,35.46210139319818,33.166416243013806,35.25280848710884,5611625
2013-05-06,35.42059326171875,37.164582912335554,34.325527294188,36.427780413561585,5397867
2013-05-13,41.429927825927734,41.6935539692453,35.934327361816834,35.96136660179911,8365495
2013-05-20,40.05095291137695,43.038718962563465,39.456102593384635,41.67327102277288,7093335
2013-05-27,40.395694732666016,41.896338878188956,38.868013928496765,40.04419496283164,5874495
2013-06-03,40.267269134521484,40.57821268045041,38.76662473144981,39.84141009985984,5630767
2013-06-10,38.1514892578125,41.01758391452964,36.58324961236842,40.55792719997497,5779057
2013-06-17,34.9609375,39.51694365823374,34.9609375,38.27316699898522,7120275
2013-06-24,34.947418212890625,36.44805992728753,33.96050916371168,35.06909221386927,7199187
2013-07-01,37.137550354003906,38.11770102187868,34.79870992014298,35.72478210051373,6417292
2013-07-08,38.38132095336914,39.37499108134778,37.42145116387984,37.5701644017008,5786827
2013-07-15,39.13163757324219,39.39526367326659,37.54311987490857,38.394835165649226,3378580
2013-07-22,39.976600646972656,42.504712839433125,38.67198698033721,39.206000362763916,4796968
2013-07-29,42.30192184448242,42.30192184448242,39.86844451936702,40.25374464458797,5773953
2013-08-05,40.125308990478516,42.51822727049183,39.61833490972673,42.49794655381136,3312650
2013-08-12,41.970699310302734,42.04505593020399,39.834648366666066,40.38218136708131,2746346
2013-08-19,40.253746032714844,41.77466844638369,39.57778051552869,41.77466844638369,2578330
2013-08-26,36.556217193603516,40.490336381974686,36.41426247220161,40.46329714184063,5180775
2013-09-02,38.72606658935547,39.199242985323124,34.866303956492345,37.211902637979755,7321131
2013-09-09,40.27402877807617,40.42273944588894,38.59763194193494,38.82070181156,4261709
2013-09-16,41.11222457885742,41.88282489392081,39.13840640894796,40.76072218313301,4578639
2013-09-23,40.564697265625,41.531328345306136,40.03068636523818,41.112230366963225,3130444
2013-09-30,41.3420524597168,41.93014175944886,39.462869077467275,40.01716061580856,4090826
2013-10-07,44.039154052734375,44.31629723036833,40.76071977873756,41.30149167156683,4821874
2013-10-14,46.229286193847656,46.411799790814406,43.61329750925356,43.964802503377875,3812378
2013-10-21,44.688079833984375,46.64161972586805,44.14054942663929,46.34419325412132,5193080
2013-10-28,41.429927825927734,45.086898650301606,41.044627681293775,45.08014270821181,6853938
2013-11-04,41.30149841308594,42.585834124472015,39.712980235122714,41.30149841308594,8340738
2013-11-11,41.6665153503418,42.159969883656416,40.564690801376884,41.369091441914925,4501876
2013-11-18,43.552459716796875,43.890442484998864,41.23389772064291,41.73411335216756,4684180
2013-11-25,44.1337890625,44.49204996004745,43.599775687156736,44.072949484444386,2757244
2013-12-02,41.08518600463867,44.26222723815434,40.294307535378515,44.2013876558685,4991962
2013-12-09,38.55707550048828,41.49076608375596,38.39484263428282,41.4840049842536,4841980
2013-12-16,38.935611724853516,39.99011883196719,38.15825294788834,38.563831215991584,5962063
2013-12-23,39.56425857543945,39.88196317503784,39.0708040862655,39.34119130872416,1438399
2013-12-30,39.54398727416992,40.044202948634116,39.1857263342752,39.76029605809927,2181242
2014-01-06,42.54526901245117,42.82241477323627,38.99645002311323,39.42230902384286,5957441
2014-01-13,46.13465118408203,46.23604705329087,42.8224187855781,43.464589185762,6311116
2014-01-20,43.11308288574219,46.99988488225597,42.842698207060145,45.92510210998416,6671669
2014-01-27,43.77552795410156,45.42488029470819,42.41683583242335,43.092801343697026,7333450
2014-02-03,43.302345275878906,44.01211106452658,41.28797111364902,43.73496275329232,6286268
2014-02-10,48.804710388183594,48.90610625158722,42.57230980370026,43.74172988956343,8855252
2014-02-17,50.068763732910156,50.224238065076094,48.40588924322329,48.80470640761964,5613362
2014-02-24,48.81147384643555,50.440553367476014,48.48701325651412,49.47392238310461,5426605
2014-03-03,47.121559143066406,49.30493019764946,45.78990614848256,47.60149407765104,8320477
2014-03-10,44.079715728759766,47.317591540158446,43.50514600578519,47.04044317139187,5831746
2014-03-17,45.729068756103516,47.46629994748529,44.02563274661639,44.14055080523972,6548163
2014-03-24,47.8448371887207,48.00706746444448,43.883678952446715,45.72906703368181,5256405
2014-03-31,49.29816818237305,49.31844632389032,47.55417581097664,48.203102125568996,4397911
2014-04-07,49.311683654785156,51.18411107247113,47.797522302263545,48.79795356200588,6148305
2014-04-14,49.59558868408203,49.75781895382434,46.52670481325051,48.770909980647076,4706914
2014-04-21,48.20309829711914,51.440973670550974,47.78400298649363,49.595590738134625,4382150
2014-04-28,47.31758499145508,48.82499032535415,47.09451513876556,48.52756385510147,3334516
2014-05-05,46.2225227355957,47.22295402489649,44.97198749187565,47.189153684306255,5105797
2014-05-12,44.7663688659668,48.12246259437166,43.92734675643491,46.28493238543381,7218763
2014-05-19,47.82429504394531,48.09472342653764,43.78172983094939,44.551412239951254,5663842
2014-05-26,47.88670349121094,48.677187341227565,47.24877008422867,48.039253934245295,3279813
2014-06-02,49.81437301635742,50.20268466373469,47.047679641465734,48.524640431664466,4847441
2014-06-09,47.49839782714844,50.19575167469422,46.86046441066942,49.84904804091941,3653445
2014-06-16,47.32504653930664,48.95455257820891,46.791125265046894,47.15169472048134,4896211
2014-06-23,46.74951171875,47.44291891228926,45.82034861874038,47.03381120743408,4005919
2014-06-30,48.93374252319336,49.426060966462906,45.633122997170666,46.818848592697606,4873281
2014-07-07,47.85896301269531,50.5840535428784,46.43054586175236,48.95454766743657,5069680
2014-07-14,48.61478042602539,50.27202325207863,47.75495695788815,48.13632775322034,4620266
2014-07-21,48.14326095581055,49.06549377941315,47.539994801743596,48.649450527422175,3583403
2014-07-28,41.73617935180664,49.40526410805829,41.2022554784152,48.38595465475294,10177839
2014-08-04,40.321632385253906,43.56677850591554,38.90014541581951,42.013545112081594,8259437
2014-08-11,39.89864730834961,41.590559770826616,39.62128339542104,41.07050441793928,6966621
2014-08-18,42.249298095703125,42.512793554804944,40.39789961945117,40.68219644672421,4668032
2014-08-25,41.31320571899414,43.33102073483248,40.987303461150205,42.824831108553646,4964629
2014-09-01,43.45582580566406,43.663850071489165,39.829306646393604,41.40334122998223,9244537
2014-09-08,41.327064514160156,43.948145303843724,40.938758208383575,43.56677190561101,5531048
2014-09-15,41.216121673583984,42.138354489218806,40.23148475131431,41.27852842535731,5782116
2014-09-22,40.869422912597656,42.0828856164233,39.75303944699464,41.2091936335299,6772833
2014-09-29,38.21367263793945,41.417213280570344,37.645078924381465,40.70300468442428,9543927
2014-10-06,36.882328033447266,39.059628864408374,36.230526217384394,38.59504466471341,8314376
2014-10-13,37.769893646240234,38.10272880787448,34.32365877712308,36.50095711269213,10228033
2014-10-20,38.24140548706055,39.16363562365708,37.235964587732646,37.76295285933947,7385316
2014-10-27,41.07050704956055,41.285464228110634,37.021009003131226,38.71292421915719,8887437
2014-11-03,40.89715576171875,42.37411381752468,40.39790173831652,41.06357465123234,7030599
2014-11-10,41.11904525756836,41.777782607797846,40.25228628230285,40.834748419486814,4375269
2014-11-17,43.275543212890625,43.37261979759375,40.15521081529196,40.70300313770364,5181779
2014-11-24,44.7386360168457,44.79410986970465,42.9357781211524,43.39342947182199,4155533
2014-12-01,44.655426025390625,44.72476568933414,42.568268811944066,44.32952378555112,6266388
2014-12-08,41.59056091308594,45.26561831206199,41.34093391362204,44.50980705110728,5469287
2014-12-15,42.06208038330078,42.33944431962264,38.60891286630017,41.47961823313571,10175337
2014-12-22,42.28396987915039,42.55439825843169,41.63910098464644,42.10368517467568,1113340
2014-12-29,41.535091400146484,42.33250807505679,41.174519346871975,42.103685079695914,1802280
2015-01-05,40.80007553100586,41.999669545431495,39.420194181962344,41.340932244582966,5208720
2015-01-12,43.64304733276367,43.68465271617179,40.370167213674826,40.87635414201702,7153239
2015-01-19,47.831233978271484,48.906012031393395,43.54597435723644,43.68465633494655,8189714
2015-01-26,47.297298431396484,48.68411265412716,46.46521201386865,47.52612404781339,6472318
2015-02-02,49.33592224121094,49.67569028037957,47.09621470728256,47.40825111451158,4924200
2015-02-09,55.0218620300293,55.333898454222606,47.1308897449588,48.8158695067154,9923991
2015-02-16,59.04362487792969,59.12683035719499,55.001059581605894,55.07733479778386,8112185
2015-02-23,59.52901077270508,59.84104720632223,57.08821960427947,59.47353692358059,5566283
2015-03-02,59.55674362182617,60.61072552195815,57.34477297441772,59.67462157544129,5988055
2015-03-09,61.734031677246094,62.64239326197238,58.863326780372965,59.286305523705714,5255776
2015-03-16,58.16299057006836,62.99603931288531,56.24225506809828,62.05994070665041,8027017
2015-03-23,58.031253814697266,59.418068299625176,55.20908654948006,58.13526066884492,6248993
2015-03-30,58.703853607177734,59.861842312508934,57.47651995255931,57.913364565573715,3985124
2015-04-06,62.01834487915039,62.37197876050168,57.72615239553087,58.703859137599125,4355074
2015-04-13,62.690948486328125,65.01386158514066,61.22092329449696,61.91433050550233,6363435
2015-04-20,67.31597137451172,68.77906097079963,62.58693454332259,62.91283676954934,7566892
2015-04-27,65.24960327148438,68.36993504069721,63.169382092009144,67.6418608020465,5271247
2015-05-04,65.72113800048828,66.38680832253466,62.6285423148181,64.59088609278622,5684791
2015-05-11,64.27698516845703,67.7382166043393,63.4205255792327,67.21443251676112,5393052
2015-05-18,69.93952941894531,70.20850384802621,64.07171465080111,64.41146983482024,6838143
2015-05-25,66.91007995605469,70.95880251998427,66.78267241382521,70.06694972437793,4714174
2015-06-01,65.33163452148438,68.00718696542307,64.75829799762226,67.2427418670905,5642443
2015-06-08,67.00916290283203,68.23369104278542,62.903819651433174,65.31039775732451,6491667
2015-06-15,65.22547149658203,66.64818809857744,62.74102721553286,65.92621025269418,6729529
2015-06-22,69.4440689086914,69.9820124454441,66.51370094305965,66.93131123853884,5414158
2015-06-29,67.28522491455078,69.59979443479989,65.65016590683052,66.53493903225952,5771013
2015-07-06,64.55303955078125,67.36307962087183,60.97855966986537,66.1739444259783,8116031
2015-07-13,65.99698638916016,67.09410707399199,63.20818555326118,65.84126547645104,4748559
2015-07-20,64.53887939453125,67.70282838236636,64.31237773143162,66.42167345650462,3871436
2015-07-27,59.301021575927734,64.60965929733771,58.168513275405374,64.14957628143708,9005695
2015-08-03,62.18893051147461,62.99584312624207,58.33132205316041,59.449671119094745,4944719
2015-08-10,58.92588806152344,62.81888967519766,57.34745048569773,62.57823398573374,5512377
2015-08-17,52.343170166015625,59.831890369577664,51.75568497971182,59.49214055101956,5772128
2015-08-24,53.66679382324219,54.54448717544518,46.7301709616922,50.488690544534755,9352385
2015-08-31,50.13478088378906,53.44029166841702,49.58975766648787,53.10761614101454,6268480
2015-09-07,52.39979553222656,55.45757081847141,50.163092185917556,50.60901583591494,4383641
2015-09-14,52.37856674194336,54.84177739185326,51.47255996503785,52.343173658378525,5118945
2015-09-21,46.16391372680664,51.57164549766452,43.60868904709462,51.18942294001011,13610696
2015-09-28,45.64013671875,47.501697326175524,42.17890217808113,46.01527963885779,9742582
2015-10-05,52.90943145751953,54.21889456739279,45.406556638572084,46.475364057001435,10752704
2015-10-12,54.891319274902344,56.27156299971057,52.77493836322861,53.18547433273982,7920208
2015-10-19,58.55073928833008,59.527526742526405,53.99238703496219,54.77806589602966,6342794
2015-10-26,60.681270599365234,61.990733490077645,56.84489097005557,58.494109050901606,7532837
2015-11-02,65.81295776367188,67.37723579284993,60.32736511736421,60.32736511736421,10096517
2015-11-09,63.49130630493164,64.6662874037505,62.33048459778987,64.34069159811081,5778706
2015-11-16,65.84127044677734,66.31551291679888,61.61559879771074,62.387118323178306,3534937
2015-11-23,66.59156036376953,66.83221604210128,61.95534740549099,65.40242516440843,6102557
2015-11-30,65.72093200683594,69.46529168587645,64.1991214907457,66.5349241805796,5712800
2015-12-07,62.17477035522461,67.77361691378819,61.09180898554701,66.37213399994138,6378060
2015-12-14,65.06267547607422,65.53691257685759,60.36984074697028,62.88259319157166,6075293
2015-12-21,67.41970825195312,67.41970825195312,64.1708241156999,64.97065703067048,2199067
2015-12-28,66.76851654052734,67.29230068817893,65.31040684268054,66.65526299496685,1464545
2016-01-04,59.29395294189453,64.77954627739,59.003750167102254,64.75831258657917,4974056
2016-01-11,53.17839813232422,63.3709848785513,47.42383608570716,59.17362125973265,11563659
2016-01-18,55.97428512573242,57.15634065815007,50.658566977846064,53.1783989679534,7466699
2016-01-25,55.16028594970703,58.04110650793322,53.70218183136041,56.483908249517945,4701667
2016-02-01,51.9680290222168,56.20786540297627,50.75058043075721,55.66284217529378,6570525
2016-02-08,48.36524200439453,52.597993838102596,46.82219737532851,52.237010271835196,7608837
2016-02-15,56.29280090332031,57.97033258697972,50.11354881077378,50.962928797305025,6902158
2016-02-22,58.58613204956055,58.72769898288388,54.16934633417292,56.99354050120081,4976016
2016-02-29,61.55189514160156,61.77839684202168,57.42531205560314,57.97033531613769,5236076
2016-03-07,58.34547424316406,62.57115119530064,56.172471847704394,61.332468924919446,5593430
2016-03-14,60.695430755615234,61.67929794750741,58.543662066805936,58.741850364420756,4097980
2016-03-21,59.881439208984375,62.94629436380341,59.739877680448295,60.41230304133393,3005536
2016-03-28,60.33443832397461,62.54283365482781,59.64785361853825,59.88143498434715,3022772
2016-04-04,57.89955139160156,61.22629594774705,56.34942725745327,60.192881658390256,4787682
2016-04-11,61.20506286621094,62.60654038752549,56.951072425813244,57.70135826247202,4287690
2016-04-18,61.82086181640625,64.11419751912824,60.0725547532257,60.23534997519422,6862522
2016-04-25,59.65493392944336,63.278966084044534,59.65493392944336,61.83501589901342,4465023
2016-05-02,57.35452651977539,60.09378578800031,56.427286104532996,59.45674812094497,3665700
2016-05-09,58.875755310058594,60.55271403312585,58.27788408545434,59.692362215994905,5503624
2016-05-16,58.24871826171875,58.82471702384935,55.9520158858682,58.4528685950958,5631658
2016-05-23,61.201629638671875,62.22238143110657,56.76133709086069,58.328928147356926,4328665
2016-05-30,58.5330810546875,62.411954722886456,58.496628810616116,61.2453772216763,4514551
2016-06-06,56.936317443847656,60.552715574568666,56.61551214912146,58.62786155549307,4044904
2016-06-13,55.5437126159668,56.20720116834672,52.875161936428704,55.908268354962985,5227337
2016-06-20,51.39507293701172,59.49550291294658,47.75680776555278,57.42482872724404,8507695
2016-06-27,52.262718200683594,52.882461930243736,47.64014789763193,51.54089929508672,8195027
2016-07-04,50.72429275512695,52.77309452929033,46.40066083278692,52.75851474516686,6345614
2016-07-11,54.23860168457031,55.02604340541717,50.49096918233278,50.709704847905485,4534386
2016-07-18,55.040626525878906,56.76862281321931,53.31263580121789,54.31880768599113,4330292
2016-07-25,57.052974700927734,58.31434003965811,54.785437497831786,55.186451046679984,6274468
2016-08-01,56.2217903137207,57.811253665702395,52.93349576812913,57.563352853833216,4965580
2016-08-08,55.412479400634766,56.81966495528966,55.077088745468295,56.61551460542136,3463859
2016-08-15,53.370967864990234,56.52072981173261,52.67831405747269,55.602053184164525,3196949
2016-08-22,53.261600494384766,54.34068246400126,52.08043779098113,53.29805273396338,3979763
2016-08-29,54.114662170410156,55.19374418997615,52.56165095026792,53.07203239211011,3902101
2016-09-05,53.84489059448242,55.11354322203982,53.33451469910877,54.33339403186578,3407009
2016-09-12,50.57118225097656,53.63344882038316,50.39619702027109,52.57623919974236,4565073
2016-09-19,52.773094177246094,54.01258720130994,51.190923383107325,51.190923383107325,3612172
2016-09-26,53.327213287353516,53.91779180703939,51.05238346355594,52.488733971478574,4001480
2016-10-03,55.33956527709961,56.60092508696218,52.88975013389113,53.22514076433665,4782172
2016-10-10,55.23020553588867,56.34574543094115,53.742817154925284,55.33228071826731,4407075
2016-10-17,56.05409240722656,56.980067165152725,54.73440231837503,54.92397287366912,3707951
2016-10-24,57.89146041870117,58.175813489170466,54.318812573165076,56.35303454376224,4974923
2016-10-31,54.69065856933594,58.02269810877863,54.15111202069611,57.745632161455575,4690855
2016-11-07,53.99799728393555,56.834240646090144,52.4376990792477,55.58017350683068,6705203
2016-11-14,54.20943832397461,54.931257143588454,52.95536566755995,53.95425041428075,3732430
2016-11-21,53.48761749267578,55.11353294377353,52.95536367589318,54.06361621728086,3457067
2016-11-28,54.158409118652344,55.704127723511256,52.79497397768745,53.36368013944608,3861549
2016-12-05,59.371559143066406,60.37773117108451,53.71365144252763,53.85218442969454,5813464
2016-12-12,62.15675354003906,62.4702716982907,58.649729108629074,59.335090115774264,5113205
2016-12-19,62.18593215942383,63.12648683825458,61.75575340119256,61.974489117266806,2690438
2016-12-26,61.61721420288086,62.63067873925345,61.12870527198616,62.185920280824696,1066585
2017-01-02,62.93690872192383,63.46916260056677,61.318280192221344,61.37661045121668,2546192
2017-01-09,61.07038116455078,65.00758440074715,59.13094189280972,62.98064974591574,6347430
2017-01-16,62.681705474853516,63.20666655216917,59.74338753881662,60.45791356752424,3942214
2017-01-23,62.30258560180664,64.7305286274702,62.06927010629628,62.65985430015078,3499410
2017-01-30,61.85053253173828,62.64526143072434,60.79331747380511,61.97448015700921,3376865
2017-02-06,61.106842041015625,62.84941833782636,59.531963861499534,61.82866653752894,4240199
2017-02-13,63.491031646728516,66.17416222691831,61.391186937122974,61.45680986563784,5816190
2017-02-20,61.17975616455078,64.19098502758172,60.36314918148545,63.68789625060862,3609689
2017-02-27,63.666015625,63.70247342488132,60.65478714829055,61.49326091876823,3686993
2017-03-06,61.73387145996094,64.0889041322696,61.65366874723133,63.57852272738304,2763888
2017-03-13,57.34461975097656,62.958775994003965,56.14158468099091,62.04738663229957,8249496
2017-03-20,58.94866180419922,59.1309396734532,57.1477555659413,57.308160980913456,4793305
2017-03-27,59.371559143066406,60.056925842506665,58.06644868225237,58.51849988696321,3279441
2017-04-03,57.59252166748047,59.72881880161369,55.959313299419115,59.48821064717237,4516076
2017-04-10,56.863407135009766,58.6570208460457,56.579054080984534,57.59981134391901,3947849
2017-04-17,58.6643180847168,59.13824173253685,56.01764500561834,56.86341156060859,4481907
2017-04-24,62.41923904418945,63.133765234394254,60.020461423142784,61.47868449519453,6395276
2017-05-01,62.30258560180664,62.630689167876966,60.866240385412354,62.41924613090192,4287761
2017-05-08,64.35868072509766,64.97843005681857,61.471399356097244,62.703599783054486,5259833
2017-05-15,62.9660758972168,64.70135943861038,62.01094151652417,64.3295165414631,4777455
2017-05-22,61.73387145996094,64.22743153933754,61.128707559430055,63.447282430432715,4059839
2017-05-29,62.12759017944336,63.03897955344531,60.46521685129249,61.792199557332154,5397638
2017-06-05,61.3255729675293,62.441112749946726,60.567296287364584,62.12759456067362,3873456
2017-06-12,60.47979736328125,63.24313064611149,58.99241478212515,61.44951700396033,6749019
2017-06-19,60.95945358276367,63.93918824242655,59.230753618615424,63.55250352898604,4132937
2017-06-26,60.08751678466797,61.922364489341376,59.602267900533235,61.18690752239945,4791699
2017-07-03,61.60392761230469,62.14225047020815,60.02686567712002,60.35289284848393,4365052
2017-07-10,63.24163818359375,63.65864585625415,60.73198536865609,61.747979162481144,3693865
2017-07-17,61.475032806396484,64.59882201793405,60.989783884514466,63.46151877265618,4368232
2017-07-24,58.32090759277344,62.635079647991766,57.01679897810912,60.769903065840474,7184270
2017-07-31,57.37314987182617,58.737915926500506,56.90306828547829,58.43463393828145,5534998
2017-08-07,56.57704162597656,58.0631170173925,56.296504772256654,57.6688486940768,3702089
2017-08-14,57.32007598876953,58.42705032943905,56.67560537884436,56.78933684756593,3638965
2017-08-21,57.11536407470703,57.62335807999754,56.379907131567414,57.168437988922115,2891166
2017-08-28,56.59220886230469,57.41106858489996,55.88708062084045,57.031967504212155,3757966
2017-09-04,58.47255325317383,59.314158122057385,56.281349451377444,56.36474636796755,4947781
2017-09-11,60.84571838378906,60.89879229928097,58.161682261863426,58.760662613628064,4341048
2017-09-18,61.801063537597656,62.68815873184158,60.883639560906445,60.959458624712774,3706632
2017-09-25,63.01418685913086,63.01418685913086,61.49019877984424,61.71766175930453,4032408
2017-10-02,65.22054290771484,66.02424107725159,62.47585497374622,62.80945996835064,6732441
2017-10-09,64.18180847167969,65.72854143898388,63.54491570414365,65.19021864591505,3854719
2017-10-16,63.309871673583984,65.6451353942843,63.309871673583984,64.39410084500751,5661899
2017-10-23,64.30311584472656,64.76561957119691,62.56683240651576,63.38569203219664,4929735
2017-10-30,68.23818969726562,69.22385475118645,64.0453329669622,64.30311890697728,6475825
2017-11-06,64.8187026977539,68.98881468448882,63.795130912480055,68.04864560171954,8430949
2017-11-13,64.4244384765625,65.06132551449969,62.96110807601817,64.95517767484348,5614741
2017-11-20,65.10681915283203,66.99474084168784,64.0453350111803,64.15148284688316,4658717
2017-11-27,63.08241653442383,65.7512913404706,63.02934261533546,64.9779219084705,4951057
2017-12-04,63.99984359741211,64.94001260463132,63.19614541828091,63.855783343821756,4020883
2017-12-11,63.575252532958984,65.01583785220666,63.20373507921242,64.21214538114816,4861437
2017-12-18,63.825462341308594,64.98551079837966,63.105172554844174,64.12116074077284,3852281
2017-12-25,63.620750427246094,64.05292545698445,63.15824661485299,63.82546247938582,1133208
2018-01-01,66.11522674560547,66.20621308824349,61.81622184071431,63.62074670298231,3723046
2018-01-08,67.16154479980469,68.33675460841465,65.9180937927749,66.35026876735692,4644212
2018-01-15,68.45806121826172,68.63244444382552,66.65354248948006,67.36624845617676,4113081
2018-01-22,67.9652328491211,69.73184505421665,66.76727219449317,68.30642146555259,4031052
2018-01-29,66.40335083007812,68.84476286777247,65.36461172163477,68.23819878692804,4080046
2018-02-05,62.612335205078125,65.82711071523462,62.20290534815928,65.73612437437819,7376650
2018-02-12,66.57015228271484,68.31401378834614,62.900450802622856,63.48426970802595,6886765
2018-02-19,66.56256103515625,67.40416580341089,64.18939061656869,67.40416580341089,4038246
2018-02-26,67.13121795654297,68.6476222317268,66.03182138626075,66.91133864248651,6303017
2018-03-05,71.99128723144531,76.35094931554688,65.98632797521842,66.5701468328261,9919128
2018-03-12,72.18843078613281,72.74192093750746,71.08145626800723,72.10502808134179,4048805
2018-03-19,69.86074829101562,72.33248901356826,68.45049177569483,72.08986454774015,3616744
2018-03-26,74.68291473388672,76.4267820618269,69.42857339482832,70.25501677907559,5687658
2018-04-02,74.8724594116211,75.32737952707087,71.604610122811,74.68290888146508,3777690
2018-04-09,71.34680938720703,75.47901389374579,70.60377464218273,75.27429610763126,5076248
2018-04-16,71.36198425292969,72.57510646481879,70.64927242267228,71.36198425292969,3590338
2018-04-23,67.60131072998047,71.82449674018616,66.75970582768353,71.2710065905781,5042501
2018-04-30,67.78326416015625,68.71584943859732,67.26010289663598,67.48756582458981,3538857
2018-05-07,67.47998809814453,68.33675440389263,66.49432303679433,67.78327010045406,3146521
2018-05-14,68.95089721679688,70.12610693952297,66.43366660791146,67.4799833686922,4629182
2018-05-21,64.92485046386719,70.0351373119945,64.3107085503487,68.98881460348325,6692770
2018-05-28,63.408443450927734,65.31153245898545,62.30146901081549,65.09923678343289,5491529
2018-06-04,63.309871673583984,64.59881285488575,62.94593214148392,64.2348791074083,3626423
2018-06-11,63.597991943359375,65.25845644246637,62.081587698585324,63.30987721931663,5597943
2018-06-18,60.84172439575195,66.51985915025922,60.207293159876606,66.3771124247065,6358870
2018-06-25,57.75681686401367,60.65139965109893,57.54269374270437,59.47770363715636,7098139
2018-07-02,59.04153060913086,60.5086521197433,56.62277432345418,57.26513157811305,6725473
2018-07-09,58.36744689941406,59.94558680500599,57.50304058567267,58.60536011349237,5469263
2018-07-16,58.08195877075195,59.7235431568395,57.320644886663445,58.44675462872864,4812034
2018-07-23,59.14462661743164,59.715613508247856,56.67828416150217,57.899560333440284,8011515
2018-07-30,57.39201736450195,60.072476860122116,57.209616422757485,59.009811526781085,4951287
2018-08-06,57.79646682739258,59.390471028376325,56.91619630225118,57.542695526024744,4345882
2018-08-13,57.257198333740234,57.645790340563025,55.71871256624899,57.33650677620019,4746574
2018-08-20,57.12238693237305,58.970162420395106,56.662424561465535,57.43167051444206,5205100
2018-08-27,58.8432731628418,59.874222459786814,57.27306515409873,57.43166994575875,4663610
2018-09-03,56.852760314941406,58.59743732613614,56.21832901066042,58.518134925697346,3900926
2018-09-10,58.470550537109375,59.22393236327568,55.3142644008825,56.86861433040233,6074810
2018-09-17,60.532447814941406,62.61813060908478,58.05024091484574,58.4071107950872,8119678
2018-09-24,59.08118438720703,60.572089949309444,57.97093273226981,60.50865166503842,5063951
2018-10-01,57.34443664550781,59.50942779236613,57.114455457718094,59.184280097440464,5031689
2018-10-08,56.400726318359375,57.392021385503305,54.7194877063447,57.10652792213506,4725078
2018-10-15,52.951011657714844,57.098592646872135,51.9042043678709,56.07557546923619,7740907
2018-10-22,51.15082550048828,54.275389490439736,49.32684318070316,53.45063126795156,8937079
2018-10-29,52.55449676513672,54.66397557812841,50.83360997583399,51.943861664230404,6126692
2018-11-05,51.4997673034668,53.006531083391806,51.12703936092636,52.65759930665248,5156742
2018-11-12,51.15082550048828,52.91929856368228,51.04773299157161,51.824904936541756,5310502
2018-11-19,47.93902587890625,51.983511215886345,43.45837135539094,51.253913511689184,17553133
2018-11-26,49.207889556884766,49.88197205914999,48.335551054179945,48.65276368007595,7960335
2018-12-03,45.655086517333984,50.50846644094567,45.20305619737563,49.961272639204644,7413166
2018-12-10,44.1324577331543,46.39260928301927,43.33942167703431,45.20305519883929,8941720
2018-12-17,43.728004455566406,44.473460229977825,42.03883693239103,44.06108114790161,9445521
2018-12-24,42.84773635864258,44.544833003598406,42.26089138197926,43.2283932955791,2528186
2018-12-31,43.006343841552734,43.64077206490556,41.22201276170218,42.91910939361815,3960263
2019-01-07,43.88661575317383,45.55199027182016,42.704990690756865,43.03806740960163,6477427
2019-01-14,45.28235626220703,45.44096407380342,43.29976618023313,43.482167129944024,5709288
2019-01-21,48.50208282470703,48.716202912964626,44.28313144358307,45.55198786452549,6918025
2019-01-28,48.700340270996094,49.84231101329776,47.47906411417832,48.438639966073566,5784339
2019-02-04,44.89377212524414,49.08893363528643,44.75895442108934,48.78757908352203,6486341
2019-02-11,47.28874206542969,47.9548924903689,44.06108547768173,45.32201295970264,8652084
2019-02-18,47.375972747802734,47.93902759098774,46.10711331188472,46.7970537961423,4459590
2019-02-25,48.09763717651367,48.56552856248753,47.13013223682715,47.58216253893161,3806778
2019-03-04,45.35373306274414,48.605182858668165,44.71137576363453,48.33555046608122,5041704
2019-03-11,47.32838821411133,47.62974273793118,45.71059406542653,45.82955067422685,7187213
2019-03-18,45.66301345825195,49.45372449764865,45.66301345825195,47.185641097021566,7140522
2019-03-25,46.71775436401367,47.28874129760261,44.14831618805596,45.43303678863107,6564361
2019-04-01,49.29512023925781,49.96127063540423,47.027036675588036,47.185644488992885,4286599
2019-04-08,49.35063171386719,49.961269819124006,47.89144529972952,48.93825261582911,4212416
2019-04-15,50.651214599609375,50.912914938164114,48.96204989343003,49.25547240186796,3733908
2019-04-22,48.30382537841797,50.675004483977816,46.81291676681114,50.651211345497714,6260997
2019-04-29,47.79628372192383,49.06514020844947,47.53458036990713,47.867657088365426,3241910
2019-05-06,44.195899963378906,46.709825886644005,43.70421844541632,46.60673035015115,6509340
2019-05-13,40.992034912109375,44.172111366610494,40.056252072272514,44.172111366610494,11242690
2019-05-20,39.63990783691406,41.25373609368204,39.536812302336415,41.07926719288795,5950915
2019-05-27,42.76050567626953,46.257797831865425,42.340197505272734,46.07539686406672,17993190
2019-06-03,42.57810592651367,45.45682773588024,41.00789485554806,42.61776015055632,13246709
2019-06-10,44.20383071899414,44.83825895339461,42.64154873381412,42.82394666212973,6965500
2019-06-17,47.5319709777832,48.03988031498053,44.51836675057498,47.489642508676084,8616289
2019-06-24,46.80397033691406,47.96369882864449,44.86544378334065,47.40499720503918,5692200
2019-07-01,46.27912139892578,47.76052738320702,45.466465176844466,47.41345525320091,4188323
2019-07-08,44.02738952636719,46.43996720316541,43.206269453073425,45.830473351475895,5390435
2019-07-15,43.22319793701172,44.924697211748054,43.1893364516416,44.3152033919218,4284926
2019-07-22,44.37445831298828,45.7542831312588,42.96923899590341,43.1639409175098,5871092
2019-07-29,41.62751007080078,44.027387137817705,40.77675882050685,44.01892338109637,6065666
2019-08-05,43.096214294433594,43.858081486357506,41.32699224137352,41.62327213311691,6308464
2019-08-12,40.92490005493164,43.73110512380655,40.28154478176128,43.35863849090343,5643760
2019-08-19,42.723751068115234,43.968129941227026,41.153461059058074,41.21694730574065,5469428
2019-08-26,44.154361724853516,44.62841278457439,42.30471944556237,42.54597685336481,3805012
2019-09-02,46.736244201660156,47.15103932000473,43.4094291858825,44.018922999218546,5158336
2019-09-09,49.09803009033203,49.18268057466625,46.7108502649664,46.7108502649664,7207625
2019-09-16,47.7266731262207,48.81021484640723,46.93094434990081,48.43774818739537,6290462
2019-09-23,44.89929962158203,47.447316479919124,44.47604077121842,47.40499124072451,4827457
2019-09-30,42.56291198730469,45.51726039387808,41.92379340281662,44.645348133444706,4844770
2019-10-07,45.20404815673828,45.30562938034644,41.872999720552855,42.368211818502594,5972019
2019-10-14,41.106903076171875,47.464249953745835,39.532379545507474,45.04320867362392,11908772
2019-10-21,41.504764556884766,42.11425837475064,40.90797121789857,41.22541537650222,6776973
2019-10-28,39.55354309082031,42.59677562882432,38.486932078885715,41.75449131822297,10247689
2019-11-04,39.570472717285156,40.40429324716091,38.91018988230942,40.20959454528881,7256150
2019-11-11,37.62771224975586,39.75670373946815,36.84468402644979,39.50697933984868,9224264
2019-11-18,37.361061096191406,37.91129894924534,36.42565932936699,37.75469199618622,6971097
2019-11-25,36.78542709350586,38.148317836844754,36.56956418234115,37.63194476796186,5145534
2019-12-02,35.401371002197266,37.64464426519633,34.9823456324885,36.91663850500164,6549124
2019-12-09,35.94314193725586,37.14942905318938,34.59717862126455,35.55374455758764,6000377
2019-12-16,37.20022201538086,37.238316993063464,35.85425867275907,36.103983086519264,7229793
2019-12-23,36.4002685546875,37.18753043525354,36.345246055434174,37.18753043525354,2159478
2019-12-30,34.893463134765625,36.49338118606117,34.48713499707223,36.40026371569641,3549460
2020-01-06,35.418304443359375,36.70924536408559,34.030015785193605,34.70722937098068,6628026
2020-01-13,33.23428726196289,35.06276557280676,33.02689130604747,35.06276557280676,8453861
2020-01-20,30.70319938659668,33.67024502448945,30.254546009424704,33.246986146641476,9182642
2020-01-27,29.83551597595215,30.940221852917606,29.209094674895077,30.436546008102123,9336018
2020-02-03,29.6746826171875,31.134924573799843,29.226029203231903,29.835519841441013,8736968
2020-02-10,29.20486068725586,30.65240518109235,28.078990594799414,29.6281195377958,13801191
2020-02-17,26.821914672851562,29.90747389858143,25.53097541661719,29.399561306962166,18593731
2020-02-24,22.428489685058594,26.187027531691026,21.353411698090074,26.03042219173248,17921679
2020-03-02,19.808515548706055,22.855979851877258,18.593762997556656,22.82211836597542,18067296
2020-03-09,14.136847496032715,18.771531024995518,13.779616245611871,17.823432020658252,25817476
2020-03-16,13.67126178741455,14.136847533928629,10.810032409113989,13.339427457927881,26417848
2020-03-23,15.174678802490234,16.801685171814263,12.460742419359304,13.544284992733328,14778971
2020-03-30,13.385139465332031,15.626717555246772,13.351278786182613,15.46926616413913,8797510
2020-04-06,15.69274616241455,16.57651122427176,14.433127012349154,14.983364842321539,8155262
2020-04-13,13.865961074829102,16.219281177637992,13.535819644234593,15.692747317222464,8785570
2020-04-20,13.545977592468262,14.428048924655757,13.37498048544747,14.185943830006735,9259165
2020-04-27,15.327051162719727,16.82708007508449,14.045421724683269,14.355248177415746,9437365
2020-05-04,14.836068153381348,15.36937519889404,14.306148547791771,15.040925923908198,7711757
2020-05-11,14.795437812805176,15.841733806004068,13.447780737783818,15.11034219698089,9566041
2020-05-18,14.56010627746582,16.0923029877742,14.035264550085946,15.208537907055115,15866713
2020-05-25,17.103891372680664,19.605351303004557,14.390802001163195,14.661687427554254,28726851
2020-06-01,21.950204849243164,21.950204849243164,17.27742662364309,17.56524277907092,19647548
2020-06-08,18.62339210510254,23.626312309623078,17.874223638031086,22.005231518250596,22777536
2020-06-15,17.886919021606445,20.079400083380758,17.56524299288558,17.785337797633304,16326886
2020-06-22,17.747243881225586,19.427582048642307,17.39593825731952,17.726081261441887,11897389
2020-06-29,18.873111724853516,19.503768106367144,17.649893936583833,17.658359307129476,10868748
2020-07-06,18.97469711303711,19.96935487438608,17.941944371798474,19.444513132080676,10271911
2020-07-13,20.202146530151367,20.43493859562659,18.75036841516716,19.139767431715033,9796130
2020-07-20,21.366107940673828,21.907878787155422,19.745027279577727,20.062471437676376,10875637
2020-07-27,16.976913452148438,21.52694628270132,16.930354718336304,21.340711347452775,13521175
2020-08-03,19.266742706298828,19.71962953865123,16.65100293021624,17.108121640568157,11009985
2020-08-10,20.688894271850586,21.755506831106366,19.48683900169926,19.588420227568683,9801905
2020-08-17,19.49953842163086,20.89629254233132,19.10590749471464,20.616941718191228,6333277
2020-08-24,20.439172744750977,21.33224928541922,19.626514814125077,19.72386416773568,7218335
2020-08-31,20.69736099243164,21.5692732988388,18.881579911943508,20.587312773526833,13247066
2020-09-07,20.70582389831543,21.6877859978586,20.58308004865148,21.048664176739727,9011443
2020-09-14,19.160930633544922,21.1714104124054,19.156697140358236,21.027502321544887,9059290
2020-09-21,18.255155563354492,19.143998546857876,17.552545901884873,18.911206490664558,12835998
2020-09-28,17.937711715698242,19.63921260033582,17.539847336721536,18.72920536608536,10212953
2020-10-05,19.283674240112305,20.130191959991794,18.13240962440279,18.284783072317804,8917407
2020-10-12,20.202146530151367,20.506893446179745,18.691112429184866,19.304838139695562,10016311
2020-10-19,20.968244552612305,21.60313284990057,19.541861015522798,20.257169530481086,9802908
2020-10-26,17.992734909057617,21.522714156575073,17.24356808604968,20.396845560895166,14080767
2020-11-02,19.22441864013672,20.13019405075099,17.632965871897998,18.187435617264907,11411075
2020-11-09,24.565946578979492,24.6971558026856,19.508002476111667,19.715400044460175,18958182
2020-11-16,26.11507225036621,26.754192425036575,24.60827011219281,25.02729709827793,13459910
2020-11-23,28.878955841064453,30.03445081663202,26.462146322313036,26.462146322313036,12247161
2020-11-30,30.233381271362305,30.415382714980378,28.053597440832032,28.55304303756008,10903062
2020-12-07,29.7000732421875,31.51162063478594,29.530769053423136,30.051378868762015,9927686
2020-12-14,30.61008071899414,31.922182543137215,30.034448409309245,30.034448409309245,9129454
2020-12-21,30.9825496673584,31.422739303461903,28.366809580172553,29.115979628932706,5548033
2020-12-28,30.271472930908203,31.54971652537139,30.000587512719097,31.48622704909387,2883949
2021-01-04,31.016408920288086,32.76023659590755,30.017517746678053,30.639708791085276,11752316
2021-01-11,28.840858459472656,31.431203844955157,27.94778200661617,30.897896777224588,12913526
2021-01-18,29.13714027404785,30.059844778237547,28.24829725587828,28.553044171641343,7450596
2021-01-25,29.831289291381836,30.37306017757837,27.630341029696908,29.27258766134051,9956154
2021-02-01,34.16545486450195,34.48713249445282,29.412256561512905,30.246077012096393,10352312
2021-02-08,33.30200958251953,34.656436738354,32.65019050464636,34.02578189665693,5941416
2021-02-15,32.19729995727539,34.06810326248197,30.81324496584023,33.50517145724886,7956410
2021-02-22,31.426971435546875,32.29465342006373,30.67780464844032,31.617436637412066,8043403
2021-03-01,32.63325881958008,33.623686272427456,31.503158391312972,32.07879072322912,6835092
2021-03-08,33.68294143676758,35.06276301921807,32.70098099374094,33.01419165138327,7659776
2021-03-15,32.853355407714844,34.77071761625081,32.31158132911571,33.674475438542856,8684880
2021-03-22,30.813247680664062,32.69251490742659,30.394219065453782,32.472421711214395,7228015
2021-03-29,32.133811950683594,32.32428037565044,30.61431418978128,30.940222091884923,5330027
2021-04-05,30.318031311035156,33.077680916789134,30.212216594877294,32.133812227809116,5838644
2021-04-12,30.584686279296875,30.88096619108113,29.441885414110068,30.212216413957982,6548481
2021-04-19,28.548810958862305,30.783620619995148,28.239833776220152,30.72859489736997,6713307
2021-04-26,28.37950897216797,29.966729759667096,27.875829875588046,28.42183421399282,6101233
2021-05-03,28.908580780029297,29.492676831187893,28.146713557466988,28.42606594880942,5664322
2021-05-10,28.277925491333008,30.025986778905846,26.622984905718575,29.18793275337093,7812561
2021-05-17,27.55415153503418,29.297979225739986,26.910799479466245,28.35834402640075,6086229
2021-05-24,28.887420654296875,29.46728652445156,27.579552170298584,27.71499489254963,4821617
2021-05-31,28.933977127075195,29.59002967894814,28.565740741098846,28.781603672823532,3860005
2021-06-07,31.236507415771484,31.27036567281822,28.718115079352785,28.933978017722172,6156236
2021-06-14,29.865144729614258,31.740181646338137,29.526539572321443,31.253433301695264,6864083
2021-06-21,29.848215103149414,30.762455843354697,29.137140048281644,29.518073690033845,6282387
2021-06-28,30.059844970703125,30.423847874727507,28.78583803582685,29.68737830972404,6051966
2021-07-05,28.35834312438965,30.26724145380687,26.84307565706141,29.992122553773278,7823507
2021-07-12,26.21242332458496,28.299089792416392,26.038887243357408,28.299089792416392,4760316
2021-07-19,26.424053192138672,27.139361764752287,24.616737499765538,25.835723580901018,6771398
2021-07-26,27.109731674194336,29.306442994104835,25.831488089800168,26.22511896456938,7514815
2021-08-02,29.03132438659668,29.20486207357589,27.321361390949125,27.638805543922775,6272566
2021-08-09,28.49802017211914,28.980535020164492,28.049363579094837,28.976301527333533,3509143
2021-08-16,26.36902618408203,28.248294907657403,25.742603276223573,28.248294907657403,5008629
2021-08-23,26.39019012451172,27.07587066229514,25.954234001354127,26.788054499063584,4190286
2021-08-30,25.488651275634766,26.868474568433832,25.463255160575436,26.470611786798354,4181380
2021-09-06,24.764875411987305,25.92037353108204,24.379709910490536,25.632557374512537,4322331
2021-09-13,24.341617584228516,25.89497852017796,24.22310561398658,24.832597822579466,5468470
2021-09-20,26.013490676879883,26.182794876671476,23.262307925195824,23.905661623957563,6995971
2021-09-27,26.195491790771484,27.071637542062877,25.463254123076986,26.24205052584761,6733518
2021-10-04,26.618751525878906,26.754194242488076,25.16697339353262,26.013491179642195,6398443
2021-10-11,28.11708641052246,28.345646584147214,26.44944707083266,26.529865673580147,6599309
2021-10-18,26.36902618408203,28.235597658757612,25.4463217565948,27.93508426103037,7469347
2021-10-25,26.2928409576416,26.89386940190138,25.848419460211282,26.326702442773747,4411407
2021-11-01,27.54568862915039,27.727690076347027,26.19549177136118,26.369027847222565,4853704
2021-11-08,29.094812393188477,29.319139066616973,27.143588839814512,27.45680271328897,9722892
2021-11-15,27.875829696655273,29.763563886965272,27.334058854673255,28.735044694099464,7660624
2021-11-22,25.065391540527344,28.20597167394332,24.972274069695715,27.83350501982581,7126201
2021-11-29,24.307758331298828,25.471720285954216,23.685567242500497,25.3955335561175,7913054
2021-12-06,25.217763900756836,25.92883730708401,24.0411031605033,24.426268662290884,6507603
2021-12-13,24.650598526000977,25.569069544599962,24.38817685102595,25.357440099067897,6232472
2021-12-20,25.200834274291992,25.47595157940251,23.583985470851584,24.125756324266945,4147339
2021-12-27,25.856884002685547,25.856884002685547,25.023063525984963,25.052691517223664,2235831
2022-01-03,28.98053550720215,29.437655864361712,25.463253696628144,25.628324398512056,7917822
2022-01-10,28.396438598632812,29.281051395882187,26.965824651557305,29.04402744065787,9415238
2022-01-17,28.20173454284668,29.247184364521456,27.626102278517315,28.870484265995287,6417440
2022-01-24,29.264116287231445,31.202642572491786,27.15205555469619,28.781601462230746,12687418
2022-01-31,29.03132438659668,30.576219910243566,28.434531058194853,29.83975037952319,7514129
2022-02-07,30.423843383789062,31.03333712924875,29.11174166327654,29.289509595966084,6089581
2022-02-14,30.749759674072266,32.22693232816658,28.527650453174676,29.060957570368654,9815762
2022-02-21,25.856884002685547,32.019533628610944,23.702496325645388,31.57087703801349,14972696
2022-02-28,19.575721740722656,24.464361117376846,18.94083346805057,24.464361117376846,16578890
2022-03-07,18.88157844543457,20.333356498425964,17.323985674963364,18.45408608263763,15967513
2022-03-14,19.72809410095215,21.59466545550409,18.33134030070993,19.199020569450983,15808816
2022-03-21,19.46567726135254,20.42647353066369,18.843486169991934,19.816981304064523,10629814
2022-03-28,20.379913330078125,21.95866857375451,19.372556861613372,19.474138076733336,12556402
2022-04-04,18.50064468383789,20.925917797310138,18.17050328434459,20.595776397816838,9176275
2022-04-11,18.818090438842773,19.266745457255816,18.035062114177553,18.513345126630604,5167071
2022-04-18,19.647676467895508,21.565040295476773,18.636088001317436,18.818089449194314,8823202
2022-04-25,19.956655502319336,20.10056357647302,18.02659455742363,19.4699071770513,8759386
2022-05-02,19.61381721496582,20.815872538658414,18.85618340710719,19.59688647169864,7607083
2022-05-09,19.977819442749023,20.066703419971994,17.946177143314518,19.50376994962202,9253158
2022-05-16,20.46456527709961,21.41689771405138,19.48683834184262,19.79581711652333,7780709
2022-05-23,21.319549560546875,21.611599224203843,19.99475041455406,20.976710897442793,5502233
2022-05-30,21.814762115478516,22.58932499265161,21.247595176321493,21.56503932253764,6260575
2022-06-06,22.293045043945312,23.545892590089917,22.026393104771916,22.08988096974459,7178706
2022-06-13,20.346052169799805,21.907876697408327,19.728094655151867,21.666619289434756,8810328
2022-06-20,20.91745376586914,22.822118788814443,20.705824318875216,21.120619455835307,7773464
2022-06-27,20.616939544677734,22.614721964038562,19.347162911613715,21.289921224785846,7995464
2022-07-04,20.841266632080078,21.07829055641252,18.902740310336096,20.9513132234338,7658018
2022-07-11,20.536521911621094,20.684661879984834,19.07204651297975,20.206380488065008,7282847
2022-07-18,21.865554809570312,22.33113895586108,20.62117421912811,20.76084881717351,7876125
2022-07-25,24.333152770996094,24.857992857513505,21.42536321648026,21.797831468418202,8570179
2022-08-01,25.19659996032715,25.823022892829627,24.362781086148463,24.362781086148463,9911685
2022-08-08,25.992324829101562,26.148930144976266,24.90454975916923,25.357436580599224,5640883
2022-08-15,24.811433792114258,26.305538658077296,24.743712439450523,25.988094514727713,4754291
2022-08-22,23.198820114135742,24.63366747879586,23.063377399835375,24.595574114486098,7133260
2022-08-29,24.862226486206055,24.896086355873962,22.74169866448146,22.855978751993966,5602072
2022-09-05,24.866458892822266,25.12464706476956,23.45277418650147,24.049569135345024,5720677
2022-09-12,27.075870513916016,27.12665951177865,25.0272975122261,25.20506546316315,10276810
2022-09-19,23.47817039489746,27.224010805884273,23.36812218283472,26.758426687600473,8101901
2022-09-26,23.67710304260254,25.310882707233528,22.877143954334063,23.207287004832434,9967612
2022-10-03,25.971166610717773,26.41135625843272,23.08877289289371,23.51626529016069,8518248
2022-10-10,26.026187896728516,27.72345520739663,25.12041258406648,26.915030852955958,9818244
2022-10-17,27.731922149658203,28.078994324027967,26.119306748273093,26.16163360771123,8208028
2022-10-24,26.496004104614258,27.795408681259,25.98809476210375,27.634571476279405,6351126
2022-10-31,25.83148956298828,27.46526913817728,25.179672098908323,26.627216728984877,7126951
2022-11-07,27.537220001220703,27.774247155265243,24.493989422955686,25.869580698122366,11717018
2022-11-14,27.97317886352539,28.383740508979894,26.84307838714857,27.710760414915867,8050165
2022-11-21,28.586904525756836,29.319140563997053,27.786945518157868,27.87159600064739,6364976
2022-11-28,29.289512634277344,30.131800114115023,27.92662177973778,28.50225087446249,7829216
2022-12-05,29.12444305419922,30.224918746527653,28.514952451252093,29.044026061329593,7390454
2022-12-12,27.676897048950195,29.43342199247114,27.46950110834247,28.90858190168043,8490629
2022-12-19,26.576425552368164,28.146715614960904,26.280144012447675,27.79540996836552,5412260
2022-12-26,26.47484016418457,26.821912284407535,26.30130410407309,26.57642299638355,2326156
2023-01-02,30.597383499145508,30.825943671963692,26.584889684067612,26.665308286531307,6773777
2023-01-09,31.43543815612793,32.3962377003104,29.82705621870365,30.347662875132862,10114503
2023-01-16,30.880964279174805,32.83218777097359,30.31802925242838,31.232269887975235,7323986
2023-01-23,32.341209411621094,32.51051036371601,30.88519797330236,31.122221889602184,5713864
2023-01-30,33.02265548706055,33.55596256534785,30.70743218977442,32.252324475849505,8750819
2023-02-06,34.618343353271484,35.49872257758831,32.62056097086365,33.026889098423204,8275600
2023-02-13,35.73151397705078,37.212920061298746,34.495598818916925,34.580249303476066,9350766
2023-02-20,34.34746170043945,36.12514785705285,34.0469482573991,35.84579865150926,6751282
2023-02-27,36.50607681274414,36.97166091465911,34.39401599755342,34.63103992670093,7894590
2023-03-06,34.296669006347656,36.51031452945074,33.24698871650548,36.50608103616651,6682040
2023-03-13,29.937101364135742,33.96652439486111,29.755099920452864,33.86070967712011,11925516
2023-03-20,30.009056091308594,31.651299429899264,28.70118443572365,29.73393716564233,7355678
2023-03-27,31.829065322875977,32.011066763803115,30.267242308528903,30.64394243964642,5174359
2023-04-03,31.046037673950195,33.55596291881544,30.787849503206214,31.820602186182143,5038452
2023-04-10,32.2015380859375,32.70944747739149,31.046039860947307,31.046039860947307,4566224
2023-04-17,28.20173454284668,32.493578799778916,27.60917476710344,32.24809113377468,10623877
2023-04-24,28.468393325805664,28.540346560781774,27.58378058266812,28.201738163280428,5654229
2023-05-01,27.76578140258789,28.832395570122372,26.40288893045881,28.468392681272707,4926429
2023-05-08,28.404903411865234,28.65462459855455,27.393314957090148,27.731920120187976,4891924
2023-05-15,28.632776260375977,29.003856180054175,27.314808475360188,28.747940452823876,4743148
2023-05-22,28.347003936767578,28.841777166220748,27.233767424642995,28.662633227264745,3855970
2023-05-29,28.231842041015625,28.568798986729128,26.60250631508927,28.50908217300407,4803939
2023-06-05,28.223310470581055,28.79912167088742,27.630437787891797,28.193453689947244,4947103
2023-06-12,31.354019165039062,31.985277674859795,28.34273455700394,28.402448111874964,8665087
2023-06-19,30.428455352783203,32.16868747961866,29.797196784946504,31.179144295482907,7237801
2023-06-26,32.91084671020508,33.49518700511914,29.528485226678097,30.30476475138208,6761677
2023-07-03,32.22413635253906,33.75110149662468,31.537427191718812,33.14969974176816,5773259
2023-07-10,32.7317008972168,33.17102345268901,31.45211912206522,32.07484852880828,3716094
2023-07-17,33.537837982177734,33.82787665519607,32.219870283263774,32.48005217762484,3518741
2023-07-24,34.57856750488281,34.770503485027845,32.898048929547635,33.43974041384628,5554547
2023-07-31,32.78288650512695,34.64681186201795,32.42886808708847,34.591361233804186,4383153
2023-08-07,32.26252746582031,33.18382807445851,31.54596141048349,32.586689152653605,3494094
2023-08-14,31.26871681213379,32.3606289649997,30.79100829601608,32.05779495806217,3026752
2023-08-21,31.055450439453125,32.603746559672544,30.782473238615935,31.27298026498257,3344639
2023-08-28,29.856910705566406,32.544033970725394,29.771606548065655,31.37534683726595,5922331
2023-09-04,30.69717025756836,31.41373625070485,29.49436340346193,30.03605164186,5652428
2023-09-11,32.53976821899414,33.11557942513813,30.73555630198823,30.850720495704063,6134108
2023-09-18,32.71464157104492,33.67859414964108,31.83173021820557,32.45872584998836,5302066
2023-09-25,33.162498474121094,33.36296683121952,32.0279342633705,32.42460479329107,3957413
2023-10-02,30.475374221801758,33.62314777209816,29.45597423719188,33.571963324709294,5147973
2023-10-09,30.923229217529297,32.531235705017004,29.707627064634742,30.138420548343007,4112773
2023-10-16,28.35553550720215,31.9383621191867,28.082555049365894,31.000003388265974,6867037
2023-10-23,27.67735481262207,28.56453233197011,26.717668436999546,28.449368144574272,4889974
2023-10-30,29.630849838256836,29.797195212499332,27.472622902801483,27.673087985345024,4192975
2023-11-06,29.008121490478516,30.51376228204871,28.278760225474752,29.814257796753463,3840623
2023-11-13,30.33462142944336,30.7312919313737,28.65836908311125,29.217118780506983,4987589
2023-11-20,29.92089080810547,30.52229261020178,29.178734215721377,30.37727488988957,3370327
2023-11-27,30.918962478637695,31.0042698895046,29.541281148123346,29.916623993502753,3537599
2023-12-04,32.39901351928711,32.65492925005197,30.462579174729385,30.923229442593176,5094430
2023-12-11,33.503719329833984,34.250142073937205,31.16634839076128,32.288113971835664,7563161
2023-12-18,32.147361755371094,33.79802022014591,31.993811676674156,33.43973887261628,3283305
2023-12-25,31.481975555419922,32.279582691360126,31.469180258471606,32.147360284034605,1392125
2024-01-01,31.02559471130371,32.202810963652134,30.181072484511933,31.481978789496953,3229426
2024-01-08,29.434648513793945,31.27298004988172,29.379197884722686,30.965879887515943,3856925
2024-01-15,29.20859146118164,29.68629996312107,28.376861258734767,29.238448242552852,4080897
2024-01-22,29.306690216064453,30.17254010918848,28.914285883421698,29.545544461300036,4104548
2024-01-29,30.283435821533203,30.73555368120441,28.61997883684538,29.37493391837933,5744965
2024-02-05,31.93836212158203,32.202810211366234,30.138419701527827,30.79953504477089,6758505
2024-02-12,32.65919494628906,34.48473125372076,31.47771576740659,31.968219554817008,8799411
2024-02-19,32.07911682128906,32.9876187698754,30.71423080639716,32.53550088759464,6697575
2024-02-26,33.004676818847656,33.593286495538315,31.592872688966583,32.074847300998485,4447778
2024-03-04,33.74684143066406,34.13497958476553,32.05352751479215,32.84260237558432,4192120
2024-03-11,36.51073455810547,37.265689666873044,33.226475800081246,33.354432031737765,8291955
2024-03-18,38.7585334777832,38.9462032602852,36.532060649000314,36.532060649000314,5060601
2024-03-25,39.91868591308594,40.47743885346452,38.3618639701466,38.46849578838326,4752994
2024-04-01,42.36268997192383,42.75509429457305,39.752341806625886,39.81205536641403,6103986
2024-04-08,42.806278228759766,44.22234867307764,42.1408967109914,42.311505020263866,6268521
2024-04-15,40.71629333496094,43.693455150230086,39.8035252255829,42.80627763605961,6161495
2024-04-22,41.41579818725586,42.08118295607245,39.590261951719214,40.784539635937804,5837174
2024-04-29,40.946617126464844,42.46505313691159,39.1125485993507,41.611998613443575,5091457
2024-05-06,41.202537536621094,41.79114730766612,40.56274657097746,41.02339684723571,3137959
2024-05-13,42.823341369628906,42.99395293965632,41.270782265255015,41.38167701974955,3851808
2024-05-20,44.5826416015625,44.90172268369147,41.2588859645509,44.49400947034849,5166745
2024-05-27,47.48982238769531,48.26979461312098,43.65199090453176,44.31674203505762,6823879
2024-06-03,45.3980712890625,48.340702668078826,44.68900071683282,47.667086300680445,4478932
2024-06-10,42.66815948486328,46.514852900376084,42.13635992298006,44.86626952499929,6367459
2024-06-17,43.12905502319336,44.6890029206073,42.588390206700694,42.588390206700694,6095010
2024-06-24,42.40225601196289,43.79380134612483,40.585270389117575,43.07586895710352,5325842
2024-07-01,44.40537643432617,45.415801044447825,42.5086203193404,43.687447340599356,4313175
2024-07-08,44.476280212402344,44.901720507589545,42.88087826017561,44.183788107593,3078877
2024-07-15,42.83656311035156,44.795362234480756,42.739065740002324,44.30787876383353,3094102
2024-07-22,38.83032989501953,43.253138777736034,37.10197631029124,42.934057699804775,7460301
2024-07-29,37.11970138549805,39.77870571492429,36.676533997260336,38.954414102314246,5484277
2024-08-05,35.93201446533203,36.99561692706348,34.73546042797203,35.60406814707465,6411946
2024-08-12,36.68539810180664,37.12856551715796,35.32044165106079,36.05610118347153,3024441
2024-08-19,38.2630729675293,38.65306245642229,36.60562778303124,36.694263294642845,3062698
2024-08-26,38.068084716796875,38.768290100834776,37.83763574886321,38.112400785676634,2355657
2024-09-02,35.75474548339844,38.17443904892244,35.43566441874052,38.12125774444649,4241672
2024-09-09,34.69114303588867,35.86996992599114,32.95392766414713,35.77247255840686,6405047
2024-09-16,34.0973014831543,35.56861714375116,33.281871693552965,34.57591971457571,6131246
2024-09-23,36.59676742553711,36.86266720909499,33.59209277102476,34.09730337411449,6054124
2024-09-30,32.767799377441406,35.86110600583443,31.544656379130334,35.86110600583443,7366108
2024-10-07,34.868412017822266,35.29385232646857,32.103048321071824,32.87415866917455,4867480
2024-10-14,35.87883377075195,36.437225664376314,34.04412092994241,34.886139700719035,3850824
2024-10-21,38.20103073120117,38.62647443511012,35.5420261778155,35.73702092701551,5687031
2024-10-28,36.41063690185547,38.97214405211869,35.994058444511936,38.52011138966101,5273288
2024-11-04,36.064964294433594,37.44764789546173,34.91272965079307,36.339729318672916,4968197
2024-11-11,36.499267578125,36.91584601885737,35.373621968879306,36.41063544997294,4363855
2024-11-18,35.7281608581543,37.20833851085057,35.16976892722908,36.51699837424745,3824642
2024-11-25,35.92314910888672,36.22450308239579,33.99093893422836,36.05610068409034,5057762
2024-12-02,38.723968505859375,39.211455379831854,34.03525970367139,35.355896741071895,6995167
2024-12-09,39.681209564208984,40.221874335398596,38.63533422543867,39.04304742364433,3730186
2024-12-16,41.49819564819336,42.36680335865771,38.70623963655159,39.44189915380856,7884406
2024-12-23,41.524784088134766,41.92363542493638,40.93980325452538,41.65773566076828,1743286
2024-12-30,40.84231185913086,42.154087042582574,40.735949241832685,41.347522457450125,1996860
2025-01-06,40.585269927978516,42.508614755866475,40.035739936211534,41.17911260092496,4234185
2025-01-13,43.22654724121094,44.00652278736953,40.18641870240863,40.60299712724882,4651002
2025-01-20,43.545631408691406,44.476282309615556,41.808412561720715,43.20882322454109,5676279
2025-01-27,44.006526947021484,44.458556235838095,43.182235260562535,43.34177580510937,3135019
2025-02-03,43.57221984863281,44.476281775592405,41.96795259867034,42.50861738273334,5201146
2025-02-10,46.53257751464844,46.88711279100916,43.191094875959905,43.51903780887923,5408473
2025-02-17,43.21768569946289,47.20619251533982,42.73906745119299,46.47939821049018,5597136
2025-02-24,44.1749267578125,44.45855362454814,41.19684127598935,43.075870113387694,6154359
2025-03-03,42.198402404785156,46.56803345008048,41.640010507138534,43.92675602438721,8355126
2025-03-10,42.83656311035156,43.06700867391424,41.081617206263175,42.58838706370832,5699814
2025-03-17,41.790687561035156,43.935616174052534,41.03730094537034,42.97837633932298,4488721
2025-03-24,42.10090255737305,44.29901243253139,41.88818071992596,42.58838601602812,4658738
2025-03-31,39.220314025878906,42.22498838993652,37.412190262713644,41.40956201503779,6674451
2025-04-07,37.881954193115234,40.62959096390525,35.74588727126772,36.410638430113615,8506277
2025-04-14,38.90123748779297,39.98256712739107,38.404892117039154,38.6796537669638,3377003
2025-04-21,41.47160720825195,41.88818227620208,38.82146459796961,38.901234867338616,4481579
2025-04-28,41.994544982910156,42.49975556300551,41.08161781341059,41.51592336563066,3019726
2025-05-05,44.292884826660156,44.95272342876391,42.2668986170845,44.14418875371855,4308325
2025-05-12,45.59397888183594,46.06794651434432,44.50663594990223,44.84120300588183,5243849
2025-05-19,44.199951171875,46.225937384263005,43.14978316109549,45.5196283779144,3618420
2025-05-26,42.17396545410156,44.74826913113809,41.96021506801906,44.515931292544835,4764110
2025-06-02,39.96210861206055,41.6999946683493,39.711183318608036,41.6999946683493,4394741
2025-06-09,39.99928283691406,41.76504826959151,39.73906204894933,40.2037377225793,3635656
2025-06-16,35.88225555419922,38.0104709587924,35.52910105480965,36.89524864953703,11184895
2025-06-23,37.257694244384766,37.38780286084944,35.398991620160416,35.6963837564208,5027803
2025-06-30,37.6759033203125,38.82829697047843,35.62203775632136,37.2855739228606,5495332
2025-07-07,38.289276123046875,38.949114727150445,36.82089929625343,37.49003339911566,4137306
2025-07-14,31.24479103088379,38.558788622841824,30.622127335320204,37.89894647767011,15436097
2025-07-21,31.988271713256836,32.16485073839371,30.70576940488339,31.142562127940703,6505361
2025-07-28,29.915817260742188,32.53658765977265,29.63701257801012,32.52729570659893,7804447
2025-08-04,30.138864517211914,30.22250628038951,28.689076909795315,29.832176870496053,6855358
2025-08-11,30.770822525024414,30.910223094787227,30.008754732367183,30.287559417086722,3940835
2025-08-18,31.18903160095215,31.449248836302694,30.343322040868937,30.696472990217835,3967561
2025-08-25,31.22620391845703,32.07191350451375,30.30614806795709,31.291258229292623,6189384
2025-09-01,30.677885055541992,32.09049946628636,30.12956764311618,31.27267286942953,6295423
2025-09-08,31.941804885864258,32.27637193887554,30.315440024432558,30.687181982265997,5274957
2025-09-15,32.87115478515625,33.68898492919514,31.98827033314546,32.09979504269206,6810915
2025-09-22,32.294960021972656,33.01056100040081,31.700175713978894,32.74104825296798,4562683
2025-09-29,33.25218963623047,33.670398446074515,31.94180439551513,32.43436301386211,4878151
2025-10-06,31.904632568359375,33.83768147355255,31.904632568359375,33.17784288614296,5914434
2025-10-13,31.960391998291016,32.545884334832486,30.770823418188744,32.16485042744385,4104103
2025-10-20,31.941804885864258,33.493823482845706,31.523596069600153,31.960392338275337,4952819
2025-10-27,31.319141387939453,32.41577627099423,30.120277288553353,32.127676074532694,5261254
2025-11-03,31.635120391845703,32.60164663407414,30.752235911833072,31.402782557378906,4348810
2025-11-10,33.68898391723633,34.460347181723996,31.978977419353683,32.04403172537146,5558883
2025-11-17,31.89533805847168,34.05143290753804,30.835878086367664,33.64251958967858,5929014
2025-11-24,32.03474044799805,32.536587455690444,31.356314424367604,32.15555356446803,5407408
2025-12-01,34.571868896484375,34.88784847871502,31.0310391848875,31.95109852718062,6845180
2025-12-08,34.50681686401367,35.01795940111673,32.45294767153248,34.47893391258305,4983300
2025-12-15,33.69827651977539,35.28746993437148,33.01055854427455,34.376706087371474,6299019
2025-12-22,33.20572280883789,33.8005070966286,32.89903871146818,33.79121514315425,1835266
2025-12-29,33.79121398925781,33.79121398925781,32.60164545429757,33.20572167493474,2300568
2026-01-05,31.41207504272461,34.162954198541335,30.482723689122142,33.912032452839455,6309190
2026-01-12,29.581253051757812,31.523595719629043,29.55337187345073,31.495716313918965,6120882
2026-01-19,30.03663444519043,31.37489907267929,28.419563357526997,28.865651566689948,7834310
2026-01-26,29.62771987915039,30.185331036538546,29.18163166227867,30.055222416433544,4747657
2026-02-02,28.689075469970703,30.11098360003119,28.01994139813192,29.49761010997999,8173929
2026-02-09,30.482723236083984,31.0217487148555,28.62402055650333,28.809891533500195,6418809
2026-02-16,30.06451416015625,31.78381625078833,28.809891280533204,30.343322395800467,8430518
2026-02-23,29.841472625732422,30.57566104824565,29.54408047525513,29.92511438962879,6090686
2026-03-02,26.495805740356445,28.856357117456195,26.198413608368785,28.763423405657747,11017839
2026-03-09,26.45863151550293,27.10917815034244,25.817380379197758,26.021837032028788,7232679
2026-03-16,25.687271118164062,26.737439151502077,25.231889162791642,26.39357836708773,6408634
2026-03-23,26.291349411010742,26.570154094974765,24.971670479893604,25.26906261548108,5308611
2026-03-30,27.973474502563477,28.150051746004518,25.752323688764825,26.086890724211656,5143283
2026-04-06,28.791303634643555,29.479023402708204,27.21140744506702,27.973475248257664,5486418
2026-04-13,30.222505569458008,30.222505569458008,28.066410775147308,28.531086438493475,5377693
2026-04-20,27.657495498657227,30.51060554032191,27.490211977425105,29.80429655174319,6785035
2026-04-27,27.666790008544922,28.893533502212588,26.96977649872493,27.60173569791058,3934055
2026-05-04,28.600000381469727,31.719999313354492,28.25,30.059999465942383,8673655
2026-05-11,28.389999389648438,28.770000457763672,26.950000762939453,27.549999237060547,6700289
2026-05-18,27.860000610351562,29.06999969482422,27.219999313354492,28.059999465942383,6285968
2026-05-25,29.59000015258789,30.209999084472656,28.139999389648438,28.139999389648438,5864226
2026-06-01,26.809999465942383,29.43000030517578,26.68000030517578,29.43000030517578,7191989
2026-06-08,27.770000457763672,28.280000686645508,26.34000015258789,26.5,6888966
2026-06-15,28.079999923706055,29.75,26.299999237060547,28.690000534057617,9339214
2026-06-22,26.06999969482422,28.139999389648438,25.739999771118164,28.06999969482422,7509514
2026-06-29,26.3700008392334,26.559999465942383,24.65999984741211,26.030000686645508,9454742
2026-07-06,25.809999465942383,27.059999465942383,25.06999969482422,26.559999465942383,5487921
2026-07-13,26.139999389648438,27.219999313354492,25.5,25.600000381469727,5871606
2026-07-20,26.139999389648438,26.56999969482422,25.459999084472656,25.989999771118164,6195889
2026-07-27,27.260000228881836,28.290000915527344,26.489999771118164,26.700000762939453,8841522
2026-08-03,28.639999389648438,29.020000457763672,27.65999984741211,27.65999984741211,6826754
2026-08-10,28.6299991607666,28.829999923706055,28.079999923706055,28.709999084472656,5075799
2026-08-17,28.6299991607666,29.6299991607666,27.709999084472656,28.639999389648438,5559008
2026-08-24,29.43000030517578,29.510000228881836,26.959999084472656,28.5,7358152
2026-08-31,29.139999389648438,30.06999969482422,27.440000534057617,29.43000030517578,9180791
2026-09-07,29.579999923706055,29.8700008392334,28.790000915527344,28.920000076293945,5779537
2026-09-14,27.40999984741211,30.440000534057617,27.049999237060547,29.799999237060547,11308008
2026-09-21,26.299999237060547,27.809999465942383,25.8799991607666,27.809999465942383,6958005
2026-09-28,24.68000030517578,26.790000915527344,24.65999984741211,26.56999969482422,6426994
