Price,Close,High,Low,Open,Volume
Ticker,SAF.PA,SAF.PA,SAF.PA,SAF.PA,SAF.PA
Date,,,,,
2000-01-03,29.00044822692871,31.211788892643288,26.77036489784298,31.015017735305793,5583975
2000-01-10,36.590213775634766,36.99312859143566,29.675086857567845,29.85311785734477,12864150
2000-01-17,36.09360122680664,39.804157407824945,34.84737911378506,37.48037413006046,5126250
2000-01-24,38.95147705078125,38.998327310571824,33.91036611898592,35.83123442984267,4018950
2000-01-31,42.437164306640625,44.573547128956065,37.03061941686003,38.014480330265606,4159800
2000-02-07,46.007164001464844,48.190396782576165,42.212276836009124,42.39030786090977,5557875
2000-02-14,50.64536666870117,53.50324875260025,45.86661821022096,46.091499529434714,6053100
2000-02-21,53.765602111816406,54.440245966817756,45.78228075022699,48.630792345787974,7147800
2000-02-28,58.67554473876953,60.19349888477815,50.55167061549244,53.85931563202702,5061300
2000-03-06,67.06177520751953,68.98264670982446,61.355386137332324,67.7364242789833,6055275
2000-03-13,57.785362243652344,67.06175479092263,53.540713269514775,67.06175479092263,4197900
2000-03-20,63.26688003540039,63.2668800354004,52.20080035941094,57.80411304891022,5184750
2000-03-27,61.130496978759766,69.16066888987999,58.22577006630222,66.43397300096254,3955950
2000-04-03,58.90041732788086,62.4704233764831,50.75780430264952,62.37672283239616,7484325
2000-04-10,56.173736572265625,62.47044038028841,54.6557822385892,62.02067764625038,3592950
2000-04-17,57.822853088378906,58.900414398075625,50.50481032142096,52.65056288687179,3570975
2000-04-24,61.03678512573242,61.35536689827534,54.88063534247003,57.822841925016085,4189500
2000-05-01,59.79056930541992,62.91081230938547,58.094584586514195,61.036791475125284,2566800
2000-05-08,59.921756744384766,60.6807362372621,57.11073028519617,59.790575986210314,3183225
2000-05-15,59.34081268310547,63.248140538430675,58.49750271283004,59.92175603384651,3518475
2000-05-22,51.76041030883789,60.19349584810023,44.66724778777389,59.790583468997085,9050025
2000-05-29,61.57088851928711,61.57088851928712,52.24764499106625,53.99047994467953,3198525
2000-06-05,63.44490432739258,63.604195227700664,57.138833154304805,60.90560976283073,4127400
2000-06-12,60.72756576538086,63.44489075486213,59.125276839520666,63.44489075486213,2822550
2000-06-19,58.225772857666016,61.214830398254804,56.68907373663618,60.727587573628576,4944975
2000-06-26,54.79631423950195,59.34081072626962,51.00142715784831,58.9004130944179,7832250
2000-07-03,56.52976608276367,57.466776343718124,53.5875596845431,55.7707919074896,3239325
2000-07-10,47.14387893676758,48.41763473905949,43.80075662327441,48.41763473905949,2055075
2000-07-17,44.870933532714844,48.48862861777462,43.933358886533206,47.25370903009846,3562750
2000-07-24,41.253231048583984,46.46480363022982,37.90207710968361,44.87092548478359,4776250
2000-07-31,38.29185485839844,41.37111485273505,33.642827237321406,41.25324675464248,10945625
2000-08-07,39.777217864990234,39.91785325032583,36.49571021238567,38.29183484459785,3336450
2000-08-14,38.611961364746094,40.01832340392712,38.23693353137957,39.862952540373406,1254350
2000-08-21,40.98802947998047,41.25322875293466,38.17531131180953,38.611950371385404,3350675
2000-08-28,44.68341827392578,45.24595997899852,41.42467957638334,41.51174069703354,4799225
2000-09-04,42.32341003417969,47.9488497149346,41.120636166527056,45.527233010069295,6915850
2000-09-11,40.71480178833008,43.784682648413735,40.31566288727201,43.72976713607267,6832575
2000-09-18,35.08937454223633,40.315680164606185,31.93242865876217,40.18307917420789,13066850
2000-09-25,32.40120315551758,37.50294278561207,32.40120315551758,36.83056751391206,5388650
2000-10-02,29.36212730407715,33.60397786705348,28.932181432431886,32.47888935231871,8703475
2000-10-09,27.4548282623291,29.908592896415453,23.838475066244943,29.737150547015872,12179725
2000-10-16,25.970787048339844,28.9013737795088,22.766963957738334,28.799582346274352,11101575
2000-10-23,27.564672470092773,29.323292854764322,25.713633760001215,26.463692162302166,6968000
2000-10-30,29.06478500366211,29.463921406738226,27.454834956384225,28.392409655090304,2567200
2000-11-06,26.60432243347168,29.307212781508746,26.57217682727464,29.19738174744507,4010900
2000-11-13,28.29865074157715,30.393456965501112,24.776051311304165,26.5172609808241,6612700
2000-11-20,17.946496963500977,29.323281349485022,16.915165468311447,28.861192458376266,25590025
2000-11-27,17.47770881652832,19.42384357982466,17.008922841733074,19.42384357982466,41609550
2000-12-04,20.088184356689453,20.744485572973016,17.369221262555644,17.791128822354317,12768225
2000-12-11,18.79030990600586,21.29898853381933,18.431352440839657,20.32257272612438,7988575
2000-12-18,18.079099655151367,19.619398772318018,17.6036151926924,18.884073409895873,7589175
2000-12-25,19.071592330932617,19.150616434676728,18.079103185220042,18.079103185220042,2902050
2001-01-01,18.454124450683594,20.025230153061607,17.681296485270853,19.071584140999953,4740250
2001-01-08,18.547887802124023,18.938991044306437,17.70407251400675,18.376446667332974,4007925
2001-01-15,19.954240798950195,21.150317409449013,18.49430484372651,18.547880416517177,8174650
2001-01-22,17.46297836303711,20.0252332487603,17.4549413229165,19.821645263607255,7550800
2001-01-29,16.611122131347656,17.235277594695035,15.861062863213562,17.212507689715398,13160550
2001-02-05,17.60361099243164,18.681820883590685,16.611123554661855,16.672734891523383,14090550
2001-02-12,16.19725227355957,17.54869725371447,16.110191162819536,17.54869725371447,6576150
2001-02-19,15.469964981079102,16.337889957994708,15.306559640505535,16.07135069153234,6866250
2001-02-26,14.797592163085938,15.657480170261197,14.079678252513418,15.26637824495248,34276775
2001-03-05,14.532392501831055,16.220024149347914,14.275228915029894,14.603379548639916,4489000
2001-03-12,12.915743827819824,14.650254856664592,12.673314442290557,14.556497918027304,5810850
2001-03-19,11.383481979370117,12.844758102485054,10.883890289251639,12.618400217125915,10487000
2001-03-26,11.790656089782715,12.017012662450334,11.055329656977412,11.516079840810832,5237375
2001-04-02,12.008975982666016,12.306320869132279,10.727179432708246,11.837534910140231,6846925
2001-04-09,12.587597846984863,12.821991556237135,11.587072994556948,12.047823371200057,2954000
2001-04-16,12.235331535339355,14.063599113537038,11.978168058964767,12.587590585030663,6380500
2001-04-23,12.133539199829102,12.649204876086138,11.931291193006846,12.235333169322134,3940975
2001-04-30,11.274991989135742,12.392043419732497,11.23480934566863,12.266140869157777,5571575
2001-05-07,11.570998191833496,12.071929859329215,11.274993173647058,11.274993173647058,1694025
2001-05-14,11.954062461853027,12.047819403741727,11.45446952786711,11.587069178827928,2923800
2001-05-21,11.915220260620117,12.516607201341241,11.703596527521333,11.813426275178086,5139200
2001-05-28,10.618690490722656,12.321056755907144,10.337418364633676,12.149614381806161,46610250
2001-06-04,10.250356674194336,10.618689237622547,9.907472605127069,10.618689237622547,5334825
2001-06-11,8.66451644897461,10.305269586863675,8.66451644897461,10.048106743563103,4817000
2001-06-18,8.195734024047852,8.945792957856785,7.243427004979341,8.743544872597207,9139225
2001-06-25,7.765787601470947,8.336368235673868,7.5715759627154435,8.040362610883422,5718300
2001-07-02,7.618453025817871,8.422087154942435,7.555501128994783,8.13411800852661,6881525
2001-07-09,7.675151824951172,7.943172934219492,7.312375523787884,7.714407187690364,3516900
2001-07-16,7.5167741775512695,7.983780395207242,7.335386382553715,7.580395260192699,3099925
2001-07-23,7.596639156341553,7.71440586990906,7.1458761065898635,7.580395338166691,5336725
2001-07-30,7.841648578643799,8.29917934205077,7.557383700729756,7.8416485786438,8733450
2001-08-06,7.217618942260742,8.054169750901083,7.217618942260742,7.936403039890584,3259725
2001-08-13,7.4152512550354,7.6521382227706605,7.185132006888654,7.3908855281162955,2310100
2001-08-20,7.011865139007568,7.510005422917101,6.972609785414023,7.510005422917101,2591900
2001-08-27,6.925234317779541,7.351631724257864,6.838601034093715,7.019988866685643,37142600
2001-09-03,5.141132831573486,6.900867498429571,5.02201224664064,6.877855314197016,8892550
2001-09-10,4.224717617034912,5.757040310848438,4.224717617034912,5.156023454733428,41831825
2001-09-17,4.674125671386719,5.211521294883504,3.837574918383937,4.193582761019532,10644800
2001-09-24,5.526921272277832,5.614907446022345,4.714735770126589,4.714735770126589,6033725
2001-10-01,6.6572136878967285,6.704590965811298,5.757040889250897,6.1360610489684575,5966625
2001-10-08,7.374642372131348,7.446385369943921,6.2308150392477755,6.498836123015525,5330800
2001-10-15,7.1783647537231445,7.722528866403647,7.0673663896766525,7.240632301850106,5564925
2001-10-22,7.019989967346191,7.415253982719163,6.696469615203569,7.106623264615207,4891625
2001-10-29,6.719480037689209,7.225741661999846,6.515080039001852,7.145876753301251,3323275
2001-11-05,6.758734703063965,7.14587601932525,6.704589073453531,6.704589073453531,6015900
2001-11-12,8.938098907470703,9.120840253265634,6.515079627452759,6.7113577039190115,19969175
2001-11-19,8.552310943603516,8.938099397832314,8.12591358606656,8.781076669858,7619525
2001-11-26,8.315424919128418,8.867710973831038,8.132682896610499,8.39393629223685,8931600
2001-12-03,9.586493492126465,9.815259218898223,8.125913604440536,8.220668788151965,11156900
2001-12-10,8.741822242736816,10.217291914444326,8.527946769138824,9.586494492656094,12981175
2001-12-17,8.931331634521484,9.174987007205033,8.20442550342186,8.661956986790189,6764400
2001-12-24,9.31035041809082,9.317118783756303,8.678199523392621,8.93133097735997,2287075
2001-12-31,9.609504699707031,9.94926874970187,9.00171959086048,9.31034954898055,5554975
2002-01-07,9.681249618530273,9.878881269503612,9.222365221719603,9.609506613102049,5102100
2002-01-14,9.207473754882812,9.799015087174455,9.120840483704718,9.720504370977848,5677125
2002-01-21,9.364495277404785,9.743514660640454,8.970584975590421,9.341483095819711,6147375
2002-01-28,9.586493492126465,9.70426086110693,9.30222923192594,9.364496776543877,3934525
2002-02-04,9.405105590820312,9.59461531098048,8.599688796039446,9.59461531098048,6325175
2002-02-11,8.867711067199707,9.49174013508788,8.820333146714574,9.405106850368686,6378675
2002-02-18,9.207473754882812,9.341484293673835,8.591566694047295,8.906965039242268,6222350
2002-02-25,9.736749649047852,9.743518016017434,9.017965988113467,9.120842455089738,15904550
2002-03-04,9.878880500793457,10.217291047924578,9.70426105091767,9.743516411034388,6226350
2002-03-11,9.641992568969727,10.155022516168097,9.436239043418555,9.965512808904327,6091475
2002-03-18,9.341483116149902,10.155021699869472,9.001719085239401,9.648759513097074,4928700
2002-03-25,9.207473754882812,9.419995655337303,9.026085948478862,9.341484293673835,2224850
2002-04-01,9.112719535827637,9.609506385317825,8.812211433942247,9.207474726519582,4912800
2002-04-08,8.701210975646973,9.120839929562433,8.55231017088122,8.946220499274258,4234125
2002-04-15,8.931331634521484,9.547238755127314,8.61457906911264,8.61457906911264,3830650
2002-04-22,8.3695707321167,9.20747528629153,8.014916324369615,8.836577056813484,4887950
2002-04-29,7.951294422149658,8.653834799885615,7.848417325246924,8.259925067390958,4538150
2002-05-06,8.433187484741211,8.575319883463065,7.604758812453823,7.983778112067678,14964700
2002-05-13,9.143850326538086,9.183105674583254,8.307299669970643,8.393932918962316,3752125
2002-05-20,9.127606391906738,9.238604716279236,8.69444079809857,9.191227461421057,6136150
2002-05-27,9.681249618530273,9.815260174639615,9.001721383236463,9.001721383236463,9670550
2002-06-03,9.751638412475586,10.15502359738303,9.349606771658399,9.681248956046959,11009300
2002-06-10,9.204268455505371,9.897693845721093,9.037736830435685,9.897693845721093,3652250
2002-06-17,9.116908073425293,9.484096094845462,8.337486679284723,9.116908073425293,4461450
2002-06-24,9.284804344177246,9.284804344177246,8.385262256873224,9.006342121588824,4322675
2002-07-01,9.006341934204102,9.324389201309424,8.377071959779471,9.284804150998879,2740800
2002-07-08,8.807049751281738,9.395369064611895,8.352500911288086,8.998151078364607,3429175
2002-07-15,8.591378211975098,8.933995825183995,8.344310938572741,8.551792513294211,2145325
2002-07-22,8.39208698272705,8.767465123482234,7.126722422746366,8.504018229302488,5104200
2002-07-29,8.448051452636719,8.782478920033403,8.296535180667224,8.615947316777978,2706275
2002-08-05,8.869841575622559,8.910791540662478,8.121815097851663,8.121815097851663,2973900
2002-08-12,9.006341934204102,9.060942317819713,8.671914421836513,8.807050468918336,1355950
2002-08-19,9.260233879089355,9.38854471682721,8.869841067102467,8.96539141397622,2269950
2002-08-26,9.372163772583008,9.555074968161085,9.212457378951973,9.212457378951973,27813100
2002-09-02,9.006341934204102,9.411750075449566,8.869840975165078,9.292994273630011,2958325
2002-09-09,9.284804344177246,9.555076443964133,8.838445580489237,8.998151998787288,5114575
2002-09-16,8.655534744262695,9.347595270324073,8.337486805409725,9.284804759959105,2746550
2002-09-23,8.32929515838623,9.006340173384196,6.863273257352524,9.006340173384196,6698125
2002-09-30,8.74289321899414,8.838443544858787,7.644059264448471,7.8433506879807675,4799175
2002-10-07,8.863015174865723,8.942185921107777,7.930712677775744,8.528587684746427,3724325
2002-10-14,9.7147855758667,9.79395635113748,8.624141186397367,8.734707549658333,5830750
2002-10-21,9.690213203430176,9.841729510021578,9.149668964274674,9.818524051903337,2579825
2002-10-28,10.049210548400879,10.200726846412506,9.156493657094032,9.690212654711402,4147425
2002-11-04,10.200724601745605,10.917355319421889,9.968672688318255,10.240309644826171,7800750
2002-11-11,10.105175971984863,10.248502148844949,9.914074619800731,10.105175971984863,2508850
2002-11-18,10.05739974975586,10.288086781099535,9.484095101992517,10.096984797919836,7873775
2002-11-25,9.905884742736816,10.375448337261435,9.770748685560674,10.009625869888422,30316650
2002-12-02,9.762557983398438,10.240311672835194,9.35578492393248,10.167966130886175,7050450
2002-12-09,8.767465591430664,9.802144455197626,8.49582855978929,9.627422690502085,5509700
2002-12-16,8.695119857788086,8.902601460759504,8.256951194225309,8.838446037900548,7171525
2002-12-23,8.624139785766602,8.742896254829807,8.480813596314048,8.73470613107069,1804300
2002-12-30,8.48081111907959,8.981770179761414,8.241934640359526,8.599567553454188,3156625
2003-01-06,9.037736892700195,9.47590552596425,8.495827790567917,8.495827790567917,4227250
2003-01-13,9.428128242492676,9.961847102499695,8.973579465655485,9.077320562190497,4066550
2003-01-20,9.054116249084473,9.546885217770216,8.863014924540568,9.172872039649507,4760800
2003-01-27,8.97358512878418,9.116911357355677,8.630967353085579,8.822068774218183,4779050
2003-02-03,8.487638473510742,9.07732345560531,8.40846771421731,8.942187395236303,14357150
2003-02-10,8.615951538085938,8.73470803300775,8.329299747651904,8.576366473704098,5289875
2003-02-17,8.615951538085938,8.80705359955949,8.448055591685568,8.73470803300775,3415525
2003-02-24,8.209175109863281,8.583188309200374,7.98667819710599,8.480812105649969,16365550
2003-03-03,8.241936683654785,8.289711861065392,7.9866792480313125,8.121815307753865,6425725
2003-03-10,8.671916007995605,8.902602443155082,8.003060210033723,8.194161587642247,6202975
2003-03-17,8.846635818481445,8.869841275202605,8.400277048981469,8.400277048981469,7425425
2003-03-24,8.647345542907715,8.75927615332639,8.33748769419197,8.639155418866345,4571150
2003-03-31,8.790669441223145,8.807049685027451,8.146384190839482,8.599568115577906,6282100
2003-04-07,9.197444915771484,9.212460251752164,8.822066723358773,8.894412277085264,5743950
2003-04-14,9.484095573425293,9.484095573425293,8.950376598183853,9.212458568531995,6699450
2003-04-21,9.419939994812012,9.97686441638394,9.36397470044685,9.484095411631577,8292300
2003-04-28,9.810335159301758,9.937281762504002,9.436322514531197,9.53869809355901,8005175
2003-05-05,9.818525314331055,9.985056977051427,9.57964874555899,9.57964874555899,2914500
2003-05-12,9.770748138427734,10.1365712362037,9.667007017085323,9.81852331226283,4012550
2003-05-19,9.26842212677002,9.658815510666834,8.886219514820128,9.658815510666834,4475325
2003-05-26,9.770748138427734,9.770748138427734,9.077322732831805,9.2848043246287,32674525
2003-06-02,10.711849212646484,10.760207036233057,9.711542389186437,9.881484223686739,7329075
2003-06-09,10.291830062866211,10.711848235508876,10.22827465547356,10.711848235508876,10096625
2003-06-16,10.034846305847168,10.3968359203518,9.953329565625262,10.114981506901799,5203400
2003-06-23,9.84141731262207,10.08320380412955,9.728122532539546,10.08320380412955,5063025
2003-06-30,10.163337707519531,10.211694867870737,9.62311707417152,9.82483626742729,4677800
2003-07-07,10.291830062866211,10.566776095616591,10.083202515581277,10.083202515581277,3131350
2003-07-14,10.324990272521973,10.365057542319088,10.098401386139365,10.291830698333369,2322000
2003-07-21,10.77540397644043,11.122195979170158,10.098401075198606,10.365057223167694,7616050
2003-07-28,11.195425033569336,11.195425033569336,10.718759670519704,10.800276426450605,5529175
2003-08-04,11.0503511428833,11.299046634502208,10.808564005768686,11.195422634571734,3343200
2003-08-11,11.340498924255371,11.395764459616615,10.905282339172713,11.050354534200265,4193125
2003-08-18,11.468987464904785,11.60576972554433,11.258979016239325,11.340495756952809,3360450
2003-08-25,11.340498924255371,11.468990668093971,11.050354534200265,11.437213281728972,4887200
2003-09-01,11.582283020019531,11.742552107111852,11.195423058919182,11.468987583015517,6868525
2003-09-08,11.243780136108398,11.582282928814129,11.050351474715335,11.582282928814129,7141025
2003-09-15,11.557413101196289,11.742552535731361,11.162265208167431,11.19542346756772,10248625
2003-09-22,11.2672700881958,11.645839554342762,11.13048780525664,11.48556912513812,5305275
2003-09-29,11.218911170959473,11.39576136311473,11.050351531554522,11.258979101440103,5656525
2003-10-06,11.485567092895508,11.60576956412197,11.050351294235346,11.22720148259254,5249025
2003-10-13,11.630640029907227,11.879334209986354,11.468987429340173,11.630640029907227,6541525
2003-10-20,11.727354049682617,12.000918562872997,11.533924076843746,11.742551638981897,6190800
2003-10-27,12.129410743713379,12.162570315916351,11.565701969164227,11.622348363846656,5778975
2003-11-03,12.919709205627441,12.976356924403795,12.12112157414215,12.16257170293975,7468625
2003-11-10,12.919709205627441,12.999845067195645,12.484493394324218,12.782926942916834,3967100
2003-11-17,12.887933731079102,12.911421877339924,12.436138065057795,12.814706213495505,4422875
2003-11-24,12.84648323059082,13.129719193925064,12.629565102696876,12.854772465908118,6745300
2003-12-01,13.926926612854004,14.29029849054853,12.791219520252167,12.839576693869121,13352425
2003-12-08,13.725203514099121,13.951791726237758,13.403281862067397,13.886854780220357,5695775
2003-12-15,11.792290687561035,13.725204213763018,11.633402491395506,13.725204213763018,6387325
2003-12-22,11.536688804626465,11.806108049346088,11.315625407465262,11.792291339967152,2374950
2003-12-29,12.103158950805664,12.144607755274292,11.43997149113894,11.536687125077385,2053975
2004-01-05,13.222286224365234,13.609146134491251,12.08243419082233,12.151516411747245,11268300
2004-01-12,13.567695617675781,13.747308859815394,13.00122379426901,13.215377487051969,12243625
2004-01-19,13.263739585876465,13.89929380181709,13.125575110293424,13.567699323944609,9365475
2004-01-26,12.911421775817871,13.374271071038475,12.800890718836904,13.12557553401423,5533350
2004-02-02,12.41402816772461,12.980501366161969,11.951178966984264,12.849245268677251,18877450
2004-02-09,12.420937538146973,12.469294704956601,12.047895595876998,12.365672016416829,13048125
2004-02-16,12.407119750976562,12.752529561205984,12.192966037571802,12.358762588365861,10561675
2004-02-23,12.455479621887207,12.572919023182786,12.234416211845998,12.43475455661128,12376275
2004-03-01,13.609146118164062,13.609146118164062,12.448569024445922,12.496926183745217,13907675
2004-03-08,12.821612358093262,13.747310796166756,12.496927596358258,13.560789174099579,9395200
2004-03-15,12.310405731201172,12.904511041179562,12.16533423976955,12.849245522876961,11691725
2004-03-22,12.44166374206543,12.711083020463622,11.813017880713588,12.227509990457486,7585900
2004-03-29,12.78016471862793,12.835430243084204,12.33113216771646,12.503837096346567,8032525
2004-04-05,12.717988967895508,13.125572644911358,12.503835256837062,12.82161164630225,5025400
2004-04-12,12.496929168701172,12.918329630620871,12.282775418809527,12.717991274090496,4424725
2004-04-19,12.842338562011719,12.918329152036863,12.338040488070744,12.365672591403683,15791025
2004-04-26,12.572916984558105,12.987407681797377,12.503834762473629,12.945958875600207,7451325
2004-05-03,12.262044906616211,12.71107727347264,12.123880493291079,12.621271327154753,6158375
2004-05-10,12.02717113494873,12.296590402205332,11.661036211583216,12.296590402205332,11466400
2004-05-17,12.158429145812988,12.35876620927176,11.336353187675371,11.937367013320175,6592475
2004-05-24,12.526427268981934,12.76382900008833,12.079552717129584,12.428672753252256,15621525
2004-05-31,12.56134033203125,12.707971458317662,12.233167935923442,12.35885137794396,5137400
2004-06-07,12.28902816772461,12.707972567083266,12.205238755137865,12.554358865972157,4574650
2004-06-14,12.37979507446289,12.540389957351808,12.086534216593629,12.421690434006448,6717850
2004-06-21,12.56832218170166,12.56832218170166,12.309972750869141,12.309972750869141,4550850
2004-06-28,12.46358585357666,12.847617369767661,12.365831335512532,12.56832160055718,7137350
2004-07-05,11.786293029785156,12.603234050500536,11.625698116497809,12.568322576059767,8104050
2004-07-12,11.178825378417969,11.93292471528337,11.067107056792535,11.786293585782834,9340575
2004-07-19,11.639662742614746,11.870081926744769,11.220718408254523,11.548892113867238,10700225
2004-07-26,11.367349624633789,11.590786249782514,10.955387181701905,11.590786249782514,10918400
2004-08-02,10.829705238342285,11.367350490947828,10.697039232629406,11.367350490947828,12260425
2004-08-09,10.571356773376465,10.955388347234134,10.271113276970024,10.864617708030723,10583000
2004-08-16,10.752899169921875,10.962371370041135,10.31999031148541,10.585321676183973,7145650
2004-08-23,11.060125350952148,11.129948974423517,10.564374760962199,10.752899276818047,13175025
2004-08-30,10.808759689331055,11.1159857989204,10.655147300430233,11.1159857989204,5664500
2004-09-06,10.955388069152832,11.06710705667076,10.82272272869752,10.857634870678515,6417475
2004-09-13,11.143912315368652,11.402261079247827,10.899528007591604,10.96236972478534,8345775
2004-09-20,11.304510116577148,11.311492678951065,10.899530155509366,11.081072781868407,6508000
2004-09-27,10.836690902709961,11.311494569178421,10.613253530663322,11.311494569178421,9664250
2004-10-04,11.025213241577148,11.353386337214236,10.920477473087796,10.920477473087796,10968225
2004-10-11,10.864616394042969,11.10900003276946,10.704020822634213,11.102017471861762,5848050
2004-10-18,11.1648588180542,11.262612003946163,10.711003028400732,10.794791758833975,10090000
2004-10-25,9.963888168334961,11.032195508760681,9.88708131866207,10.962371221038735,25837550
2004-11-01,9.70553970336914,10.264132065021384,9.475120462395338,10.054659846165064,28295200
2004-11-08,10.047675132751465,10.12448130291393,9.747431681027363,9.803290834944363,12962275
2004-11-15,9.677607536315918,10.054657163292028,9.67062564140228,10.054657163292028,11649850
2004-11-22,9.523996353149414,9.698556399216638,9.468137191679402,9.670626818481631,8186925
2004-11-29,10.166377067565918,10.215253665896146,9.579855224028346,9.579855224028346,14415575
2004-12-06,10.138448715209961,10.16637829847939,10.005782695259825,10.159395736188586,11352700
2004-12-13,10.201289176940918,10.285077921811185,10.040694249079678,10.110517870191357,11303375
2004-12-20,10.948406219482422,10.948406219482422,10.173359194643345,10.194306879456207,7970429
2004-12-27,10.948406219482422,11.067107103180412,10.822722774180145,10.885564496831284,836869
2005-01-03,10.676092147827148,11.095036515209992,10.480585087132221,10.962370510318149,1958481
2005-01-10,10.641181945800781,10.878583752862772,10.522481042269785,10.676094093761751,2210579
2005-01-17,10.529461860656738,10.745916609440279,10.501532280093738,10.745916609440279,1873370
2005-01-24,10.724971771240234,10.745919461642753,10.333957539574495,10.529464655407365,2265577
2005-01-31,10.871601104736328,11.115985472650562,10.676094009941242,10.717988720344247,2128439
2005-02-07,10.927457809448242,10.969352510399823,10.717986302371385,10.899528230778417,1868686
2005-02-14,12.35186767578125,12.358850236558348,10.787809354074435,10.934439800925272,5709512
2005-02-21,12.42867660522461,12.596255446473341,11.88405003242304,12.149380756122822,2805548
2005-02-28,12.30299186706543,12.463586779822847,11.904993868102112,12.463586779822847,3213491
2005-03-07,11.751380920410156,12.282043560319586,11.534926860640294,12.156360128263758,2053163
2005-03-14,11.660236358642578,11.856914182239345,11.414387739379428,11.730479012684505,3736423
2005-03-21,11.765597343444824,11.835839983597879,11.238779551947294,11.589991412945647,3575296
2005-03-28,12.19407844543457,12.341586810612972,11.309024235062658,11.765599468886927,5788274
2005-04-04,12.053590774536133,12.151929665358535,11.807742207713222,12.025494522772691,4056176
2005-04-11,11.449506759643555,12.046567223990685,11.372241057034161,11.96227712300462,3296363
2005-04-18,11.582965850830078,11.688329130586867,11.042099987590692,11.147463267347481,3654562
2005-04-25,11.168537139892578,11.6461854949682,10.62064681311279,11.575942853380559,2414427
2005-05-02,11.056151390075684,11.372242662823822,11.035078861853671,11.105321515771834,1668482
2005-05-09,10.8945951461792,11.189613245796389,10.711964766438339,11.035079796024611,2468638
2005-05-16,11.287741661071777,11.797282545542693,10.91266328252906,10.969278861369057,3521431
2005-05-23,10.983431816101074,11.528357542696867,10.969277585581821,11.344356595411726,3600288
2005-05-30,11.889280319213867,12.087435486135368,10.587121553947156,10.948046313435437,6392144
2005-06-06,11.952972412109375,12.016665092976373,11.330201182302863,11.676971694900095,2030520
2005-06-13,12.144049644470215,12.144049644470215,11.65573957367669,11.889278938000292,2255036
2005-06-20,12.144049644470215,12.469590141606393,11.783124926911652,11.974202956764096,5195078
2005-06-27,12.10158920288086,12.228974565514592,11.804357140009344,12.066203630026164,2998686
2005-07-04,12.136975288391113,12.306822014692692,11.464665498841757,12.037898368837308,3332123
2005-07-11,12.759745597839355,12.844668270304707,12.052050361460896,12.066203240324095,4100943
2005-07-18,12.455438613891602,12.851747637793734,12.221899198935837,12.77390071620122,6148950
2005-07-25,12.964974403381348,13.085282627968631,12.33512617750627,12.349280403886262,3837105
2005-08-01,12.285591125488281,12.915439525184473,12.20774420873601,12.830515493289113,2517050
2005-08-08,12.108664512634277,12.674820095707076,12.08743317208603,12.243125619975702,2311595
2005-08-15,12.165282249450684,12.228974932679874,11.96004997019627,12.080358221871224,1342017
2005-08-22,11.818511009216309,12.243127071968212,11.797279666150096,12.073280376903142,1503149
2005-08-29,11.868047714233398,12.292665064350665,11.712353920958305,11.797277930910298,3097935
2005-09-05,12.568665504455566,12.646512399668236,11.78312348860793,11.797277714977747,3281064
2005-09-12,12.526205062866211,12.582820622536348,12.101587690429465,12.25728014206699,4013827
2005-09-19,12.115741729736328,12.872975334753338,12.037894830215231,12.526204868428792,2734803
2005-09-26,12.710204124450684,12.950820581133724,12.122817209564758,12.122817209564758,3152199
2005-10-03,13.51697826385498,13.65851649054736,12.547435269324634,12.547435269324634,4885385
2005-10-10,12.313896179199219,13.75759503149821,11.981279921967886,13.170208070962005,12160881
2005-10-17,11.62743091583252,12.377587357228432,11.556661134609213,12.349280254631893,2954615
2005-10-24,11.330202102661133,12.030820299288134,11.124970489257946,11.613279957385929,3037274
2005-10-31,12.066202163696289,12.122817723562083,11.365584104174062,11.365584104174062,3146044
2005-11-07,12.094511032104492,12.377588841113136,11.77604765333135,12.066202576292893,3922953
2005-11-14,12.179433822631836,12.179433822631836,11.88927889674632,12.03081847758771,2005472
2005-11-21,12.589899063110352,12.660667507790462,12.144050302624922,12.20774298269427,3407246
2005-11-28,13.446211814880371,13.552365848717702,12.596976844538164,12.596976844538164,5593339
2005-12-05,13.969901084899902,14.005286649723972,13.304667314241447,13.304667314241447,5100612
2005-12-12,13.920366287231445,14.118521452643938,13.347133485266745,13.941597631682594,6062989
2005-12-19,14.40867805480957,14.698833046301987,13.644367115055099,13.870829415749492,4651210
2005-12-26,14.295443534851074,14.43698176451188,14.153903955368799,14.408674658508307,1123664
2006-01-02,14.691755294799805,14.847447782333187,14.260060709146789,14.295446285737372,3027154
2006-01-09,15.307446479797363,15.427754716986348,14.507751503062208,14.833290644972715,5208333
2006-01-16,15.36406421661377,15.710836099234292,14.932371004259322,15.335757106702461,3558855
2006-01-23,15.703756332397461,16.10006525298241,15.144676495478512,15.286216070598137,4095016
2006-01-30,15.498522758483887,15.809908987233724,15.180060766422258,15.647139434636362,3812797
2006-02-06,15.59052562713623,16.015141664152427,15.250830907773224,15.54806294357744,2383406
2006-02-13,14.78375244140625,15.972680605066847,14.642214209907575,15.576371667120476,6073151
2006-02-20,14.748370170593262,14.974832450784676,14.415753865289833,14.918216880736823,3738372
2006-02-27,15.321601867675781,15.548064131336888,14.762523322990125,14.762523322990125,5082301
2006-03-06,14.436984062194824,15.3782187710339,14.182214668329582,15.364064540868698,5450142
2006-03-13,14.486519813537598,14.741290509662694,14.245903344935327,14.507751154821833,3359483
2006-03-20,15.03144645690918,15.109293363808643,14.42282812985125,14.472367929582788,4290878
2006-03-27,14.804986000061035,15.024371169112928,14.557292370578349,14.974832713180728,2521393
2006-04-03,14.5219087600708,15.073910263639496,14.472370302039945,14.833293739070976,2336373
2006-04-10,14.436984062194824,14.82621729280781,14.260060234594834,14.54313808879048,1530890
2006-04-17,14.7979097366333,14.812063967663331,14.260061105888047,14.436984944298127,2654075
2006-04-24,14.40159797668457,15.201292980237008,14.40159797668457,14.840368256566666,3587848
2006-05-01,13.849594116210938,14.628059065040858,13.743440111784448,14.401596828978642,3575082
2006-05-08,13.269287109375,14.23883028142154,13.233902883678674,13.849597049653529,2926099
2006-05-15,12.335126876831055,13.1985144876394,12.144048859332205,13.163130269504679,5863761
2006-05-22,13.007162094116211,13.007162094116211,11.814839177813257,12.862637519532857,5105043
2006-05-29,12.457971572875977,13.108329450608254,12.320673354572838,13.007163067799938,3744359
2006-06-05,11.590829849243164,12.57359248402822,11.215066976210366,12.457973350524094,7212586
2006-06-12,11.113898277282715,11.742577741353234,10.716457046669593,11.605279523379682,7422852
2006-06-19,11.670317649841309,11.916008663799134,11.034412387902075,11.200614727259177,5698518
2006-06-26,12.298995971679688,12.349579164482668,11.619732606767274,11.670315799570254,6333236
2006-07-03,12.140020370483398,12.494105526930037,11.966591665566645,12.486879158605735,4087467
2006-07-10,10.80317211151123,12.284543694901783,10.78149369795123,12.140019100116877,7774074
2006-07-17,10.716458320617676,11.301781030068907,10.41295775855324,10.759815839117328,5994947
2006-07-24,11.128352165222168,11.157256949191146,10.723685189656495,10.738137237068779,3994672
2006-07-31,10.911568641662598,11.1861637954195,10.514127271959344,11.077771007838855,4583341
2006-08-07,10.145587921142578,10.81762495023706,10.116683139737674,10.795945847325118,3193296
2006-08-14,10.817623138427734,11.178933190046552,10.203395775018056,10.210622141445047,4677166
2006-08-21,11.576376914978027,11.713673772235325,10.449089004305408,10.774267984009922,4954349
2006-08-28,12.327902793884277,12.392938735693845,11.43185372463895,11.619735181167815,6989219
2006-09-04,11.879878044128418,12.703664739958997,11.684770233551017,12.335128223853518,3974964
2006-09-11,11.47520923614502,12.45797249237855,11.077767975243338,11.937686427448982,10684967
2006-09-18,11.554696083068848,12.02439890694217,11.345136266228465,11.424624924124517,6796288
2006-09-25,11.518567085266113,11.7209005729065,11.431852733420232,11.504115037864004,7535335
2006-10-02,10.9476957321167,11.561923176527449,10.832076610614516,11.489660881016423,9578197
2006-10-09,11.337909698486328,11.496886322318371,10.745361403945441,10.853754838480855,8146684
2006-10-16,12.168926239013672,12.537462765789737,11.316234045095191,11.345138830186778,11728206
2006-10-23,13.093880653381348,13.122784749136777,11.865425572276164,12.262866192363148,8939892
2006-10-30,12.53746223449707,12.99993877636437,12.494105403269215,12.99993877636437,4967698
2006-11-06,12.768699645996094,13.093879304039882,12.443519987952307,12.443519987952307,4201427
2006-11-13,12.53746223449707,12.93490284037818,12.284544858805084,12.76870050543072,4109423
2006-11-20,12.024402618408203,12.64585658296646,11.793164318560196,12.356808708156452,6276206
2006-11-27,11.467984199523926,12.248414765786261,11.381269845304649,12.140020617009418,8260227
2006-12-04,12.132794380187988,12.154472105084896,11.417399825382688,11.417399825382688,5961345
2006-12-11,11.598054885864258,12.407390201946304,11.200614285126887,11.785936323138461,17730522
2006-12-18,12.27009105682373,12.60249707614292,11.648638602225697,11.655863591562277,8850888
2006-12-25,12.703661918640137,12.94212650806745,12.103887261699407,12.270089561966332,2105710
2007-01-01,12.407390594482422,12.98548628262412,12.407390594482422,12.703664806941148,5883717
2007-01-08,12.551913261413574,12.7759251335837,12.176150433181437,12.450745497942691,5907642
2007-01-15,13.151691436767578,13.346797891414761,12.356808744956089,12.436296049334944,11030082
2007-01-22,12.978260040283203,13.404606131286762,12.927676839365638,13.101105547492514,6838490
2007-01-29,13.245627403259277,13.361246517946684,12.898770059197055,12.898770059197055,3920143
2007-02-05,12.718114852905273,13.310663152455412,12.710888486046303,13.158912204994119,5984870
2007-02-12,12.515786170959473,12.99271556522178,12.443523849161426,12.544691650994352,8399318
2007-02-19,12.913224220275879,13.245628867167426,12.501329528104712,12.501329528104712,7781580
2007-02-26,12.205057144165039,12.90599975851749,11.959366117444024,12.790380613976886,7772098
2007-03-05,12.262866020202637,12.44352109557663,11.374043380151916,11.814842205116888,8071129
2007-03-12,12.04608154296875,12.284546208352266,11.605282679145995,12.190606167323775,5593946
2007-03-19,12.551913261413574,12.551913261413576,11.908780357400092,12.00272175360244,3674960
2007-03-26,13.2022705078125,13.23840096409703,12.501328078268712,12.501328078268712,6136141
2007-04-02,13.780366897583008,14.213939290223719,13.02161624417824,13.02161624417824,7496286
2007-04-09,13.433511734008789,13.802048259172699,13.166141611650666,13.780369153590517,5062644
2007-04-16,13.195050239562988,13.513003639319344,12.96381190457262,13.310669407058173,5037007
2007-04-23,12.99993896484375,13.36124911298823,12.848189364201708,13.043295796700214,5493917
2007-04-30,13.549131393432617,13.6936560129448,12.645855967203776,12.833737421254046,6500098
2007-05-07,13.440738677978516,13.715333802331488,13.180594913010173,13.36847636789965,4506546
2007-05-14,13.585264205932617,13.686432008382795,13.151693029077297,13.447967309796706,4238559
2007-05-21,13.99715518951416,14.416274889580283,13.469641346679687,13.65752278164571,5672852
2007-05-28,14.09217357635498,14.691529262064323,13.850969424932373,14.30414018500017,5130916
2007-06-04,13.624384880065918,14.603820417405215,13.470891937737507,14.033702181187685,7209847
2007-06-11,14.238360404968262,14.32607165948853,13.375872211031862,13.631695193082622,5177753
2007-06-18,13.814424514770508,14.428399061571241,13.755950814795343,14.179885488146041,5604438
2007-06-25,13.880206108093262,14.289521963879855,13.514745174038811,13.624383175430582,4588090
2007-07-02,13.3831787109375,13.836350872292599,13.090810249154918,13.690165944339912,7498611
2007-07-09,13.668240547180176,13.807114709080695,13.010409699765363,13.383180048592779,8216691
2007-07-16,13.792497634887695,13.997154886051892,13.52205590340548,13.602457763004537,5754521
2007-07-23,13.602456092834473,13.916752711814997,13.185830860836212,13.639001627734295,6819514
2007-07-30,13.536672592163086,13.777876739691875,13.163902292505368,13.361251520698762,5990526
2007-08-06,12.732661247253418,13.73402499685237,12.681496930508045,13.317398287376335,7385932
2007-08-13,12.498764991760254,13.222377518372307,11.935954784132132,12.681495470019549,4900166
2007-08-20,13.156596183776855,13.25892481908684,12.520693421480145,12.564549745861363,3943613
2007-08-27,12.666878700256348,13.27354392824778,12.2794895232023,13.06888525834926,5824476
2007-09-03,12.484147071838379,13.003102390494188,12.425673370565343,12.644949401808471,5633232
2007-09-10,12.264872550964355,12.535312929859643,12.074832649893603,12.425674900736603,5070165
2007-09-17,12.125995635986328,12.352581057119616,11.987120070849077,12.177159951004521,4284479
2007-09-24,12.374507904052734,12.79113316109739,11.914026329544418,12.045592493689652,6544824
2007-10-01,12.74727725982666,13.273540481911503,12.23563141498543,12.23563141498543,6345827
2007-10-08,12.74727725982666,13.646310787017638,12.593782948725185,12.732658488460277,6010737
2007-10-15,12.564546585083008,13.222375949961528,12.432980433282754,12.98848118859341,7746583
2007-10-22,12.988482475280762,13.624383746479735,12.242941803971794,12.432981664940131,7358945
2007-10-29,12.659566879272461,13.558600467077229,12.316034093737748,13.23699584007051,4899463
2007-11-05,11.797078132629395,12.630329983964577,11.694749520444793,12.527999977657194,5482105
2007-11-12,11.585113525390625,12.10406745590002,11.321981169570074,11.621659066311025,6743805
2007-11-19,10.693387031555176,11.716678066816694,10.305998636001604,11.563183749319123,6968250
2007-11-26,9.713951110839844,10.9419000105777,9.648168034487977,10.905353779597618,14506122
2007-12-03,9.648168563842773,9.852826492674017,9.355800094083854,9.721261029813212,8492507
2007-12-10,10.240218162536621,10.276764404715685,9.53122357368453,9.575079203711724,12375925
2007-12-17,10.05748462677002,10.174432008955026,9.882063553492507,10.072102701012454,7888153
2007-12-24,10.079412460327148,10.181741772063262,9.947846301960919,10.086721846250029,1540451
2007-12-31,9.626242637634277,10.327927773990131,9.604315173171711,9.962466779993573,3800832
2008-01-07,8.632189750671387,9.604316025175088,8.222873094377496,9.52391415324398,11461937
2008-01-14,7.893955230712891,9.392344993936847,7.886645845741045,8.566403312773776,11883163
2008-01-21,7.703916549682617,8.164397415480462,7.097251448011193,7.828173324440516,11084132
2008-01-28,8.507930755615234,8.71258868254358,7.499258498733422,7.645442732253668,8562911
2008-02-04,8.076687812805176,8.866083475344716,7.645443744053453,8.654116134423202,7308138
2008-02-11,9.648168563842773,9.808971570740889,7.967048120075443,8.040140586045881,13928775
2008-02-18,9.706642150878906,9.86013577007701,9.480056763576865,9.655477843500009,7892110
2008-02-25,9.728570938110352,10.422946613862084,9.494675452684893,9.823590173087139,9070959
2008-03-03,9.662787437438965,10.232906307992794,9.421583273086906,9.421583273086906,10260667
2008-03-10,9.385039329528809,9.823592145777784,9.129216330587377,9.545842377350898,8736024
2008-03-17,9.268091201782227,9.560459723548227,8.96841329270669,9.136525018456757,7798839
2008-03-24,9.224234580993652,9.713952324976438,9.209616505011349,9.26809020306349,6107911
2008-03-31,9.779735565185547,10.042867210607671,9.07805048033174,9.180379802082193,7708267
2008-04-07,9.282709121704102,9.933229942913465,9.173071102169072,9.838210000687726,6932012
2008-04-14,9.231542587280273,9.304634350386552,8.931864755303401,9.121903897028815,6341424
2008-04-21,9.041504859924316,9.297327833191131,8.65411640351763,9.260781594572798,7921235
2008-04-28,10.510659217834473,10.671462264856025,8.997650789450004,9.04150572232578,11049319
2008-05-05,10.591058731079102,10.876118538292166,10.26945338455741,10.488730105716577,4962043
2008-05-12,10.824955940246582,10.949212048288318,10.4448761370925,10.591060408666534,4830090
2008-05-19,10.101341247558594,11.15386925858527,10.101341247558594,10.817645129654736,5744619
2008-05-26,10.254834175109863,10.254834175109863,9.560458501851254,10.020939387585646,7262189
2008-06-02,10.297259330749512,10.545839782436682,9.913089280549949,10.545839782436682,7303248
2008-06-09,10.34245491027832,10.432848450725942,9.521386596887323,10.236996977053247,7057924
2008-06-16,9.453591346740723,10.575969731506591,9.4159274930927,10.545838792263824,7896143
2008-06-23,9.325535774230957,9.845294717008594,9.009160515712972,9.468657572904169,9596292
2008-06-30,8.504467964172363,9.483724829794886,7.954577995900797,9.280340396568889,13112209
2008-07-07,9.408394813537598,9.536451488110439,8.383942135333136,8.519531724499268,9728563
2008-07-14,10.16920280456543,10.349988459791348,9.046824297064935,9.423461437974765,12304816
2008-07-21,10.003480911254883,10.470510816742904,9.762433403487707,10.116472469304425,5879042
2008-07-28,8.32367992401123,10.041144872111035,7.931977001291528,10.018546847608974,15914182
2008-08-04,9.212543487548828,9.250207342722321,7.8867813887925395,8.32368038469716,10874200
2008-08-11,9.483722686767578,9.634377389348108,8.933832124375781,9.212543503744335,6539200
2008-08-18,9.099554061889648,9.453593206421292,8.737982719849295,9.415929345364155,4807856
2008-08-25,9.144750595092773,9.287872401241092,8.737982486950038,9.039291930619331,4153487
2008-09-01,9.144750595092773,9.973351924372517,8.926301068837942,9.06942287498626,7147755
2008-09-08,10.297259330749512,10.440381125996119,9.423461292288147,9.506321203391096,6642811
2008-09-15,10.734158515930176,10.734158515930176,9.235142867519851,9.822696606193253,10525242
2008-09-22,9.551518440246582,10.658831154026567,9.498788750272515,10.583504154372466,6136799
2008-09-29,8.948896408081055,9.604244789891823,8.429136875983373,9.483721048645451,7678788
2008-10-06,7.480013370513916,8.73044848351403,7.3142928379541745,8.640055661675522,7563138
2008-10-13,7.065713882446289,8.587327780574634,6.719207633426418,7.879250168253215,6965434
2008-10-20,6.674009323120117,7.645733037098284,6.327503153572492,7.367021662215367,5918320
2008-10-27,7.457417011260986,7.668334381383568,6.116588647605956,6.342571133663854,6137135
2008-11-03,7.660799980163574,8.640056751125513,7.336891788949345,7.336891788949345,4768357
2008-11-10,7.382087707519531,8.127829033905213,7.1636382063041815,7.94704338842595,4687761
2008-11-17,6.658944129943848,7.645732942545045,6.493223602632692,7.382087400127303,4051507
2008-11-24,7.6758646965026855,7.7587253281377215,6.794534438399053,6.794534438399053,3111720
2008-12-01,6.945187568664551,7.743657731402031,6.658943317637359,7.645732009862872,4900505
2008-12-08,7.3585710525512695,7.647142565779395,7.009247718034995,7.290225796766229,3965765
2008-12-15,7.302376747131348,7.624361577032251,6.962166224175881,7.366165948603406,4841661
2008-12-22,6.629547119140625,7.343381959841654,6.629547119140625,7.221878342076037,1595869
2008-12-29,7.719284534454346,7.719284534454346,6.751051885788229,6.751051885788229,2056508
2009-01-05,7.72688102722168,8.216692755702393,7.635753280625709,7.723083947252811,3948620
2009-01-12,7.152772903442383,7.80661493772803,6.971277176290366,7.662329567989636,5038300
2009-01-19,6.924954891204834,7.344142151924043,6.770037246057877,7.22187953281456,3462549
2009-01-26,7.434509754180908,7.654735244835592,6.8421792490094635,6.9484945536035685,4074622
2009-02-02,7.5112104415893555,7.593985034901048,7.206691624308571,7.461849857518792,3241032
2009-02-09,7.265924453735352,7.593984715096273,7.123157749666562,7.54310472202385,3244840
2009-02-16,5.680300712585449,7.479315701281511,5.665112757288807,7.191503894093728,6303587
2009-02-23,6.143533229827881,6.143533229827881,5.209473174532375,5.7372548357610205,6148011
2009-03-02,5.400083541870117,5.945331692564649,5.3294595206510555,5.9233092806976515,3798286
2009-03-09,5.626382827758789,5.862555637667314,5.133533488280017,5.379578486330066,3730780
2009-03-16,5.384134769439697,5.763833969267955,5.230736185524706,5.6840971228196455,3165856
2009-03-23,5.315789222717285,5.604360724571052,5.217067335960564,5.4296990641973935,2643275
2009-03-30,5.726625442504883,5.766114209183421,5.0021590944808425,5.239851038202118,4047640
2009-04-06,6.120752811431885,6.227068148054432,5.726624549740049,5.726624549740049,3640681
2009-04-13,6.827752590179443,6.945459164266473,5.993173589636266,6.120752715809105,3931829
2009-04-20,7.0403828620910645,7.09581891340428,6.101007363361467,6.71991677281081,4622756
2009-04-27,6.898374557495117,7.054810871810484,6.585502653083109,6.899134262938538,2874995
2009-05-04,7.3843913078308105,7.6585342242344545,6.888504159131868,7.024436421041916,3961993
2009-05-11,6.890781402587891,7.404134452308351,6.480706292659563,7.384390076387612,3048642
2009-05-18,7.145179748535156,7.533232082256852,6.758645377292568,6.834585505934896,2889603
2009-05-25,7.0327887535095215,7.290225359305435,6.846736221451569,7.199096908622674,2486644
2009-06-01,7.050965785980225,7.482374002948219,6.919533249071903,7.321562358983557,2428819
2009-06-08,7.344757080078125,7.344757080078125,6.988342736498453,7.050966708397027,3904848
2009-06-15,7.182398796081543,7.309965591800916,6.914895247518943,7.3060998419528875,3017784
2009-06-22,6.750217914581299,7.190130371904978,6.7038296532302,7.190130371904978,2506157
2009-06-29,7.074160099029541,7.333159443492174,6.741713718502932,6.764907480559113,3901534
2009-07-06,6.68140983581543,7.077253658789563,6.638114613527317,7.077253658789563,2172908
2009-07-13,7.0053510665893555,7.146834701793382,6.636566808401679,6.6643997634557035,2241668
2009-07-20,7.475415229797363,7.6161254186148,6.9968467836282695,7.054058108192174,3720112
2009-07-27,8.3884859085083,8.651350276131879,7.227240546710993,7.484693749042819,3759618
2009-08-03,8.311173439025879,8.852365980615422,8.117890335792719,8.388486975245753,4870079
2009-08-10,9.285316467285156,9.40128598447769,8.23772211440561,8.338229373386703,5652480
2009-08-17,9.532720565795898,9.536586315516677,9.06884092173158,9.238930222864012,2662849
2009-08-24,10.05072021484375,10.05072021484375,9.497930485056713,9.532721498631872,3413414
2009-08-31,9.888360977172852,10.03139076103169,9.242795549668807,9.907688987576,3912080
2009-09-07,10.367703437805176,10.417957447355993,9.81491375664442,9.973405810182156,3585183
2009-09-14,10.135763168334961,10.359971483296386,9.432212964053123,10.352240721434251,5111463
2009-09-21,10.07391357421875,10.267196647523956,9.826511476329339,10.116436086287147,3942356
2009-09-28,9.420616149902344,10.174419599990687,9.38582514203343,10.050718566375142,2960912
2009-10-05,10.128030776977539,10.329044562062496,9.354898679111047,9.41288343898779,3738229
2009-10-12,9.273720741271973,10.201479242887483,9.200272975104664,10.10097196742599,4677079
2009-10-19,9.150018692016602,9.49406225031479,8.875556405342529,9.37809272695835,4004265
2009-10-26,8.504453659057617,9.200272299872186,8.318902119815903,9.12682527641168,3369137
2009-11-02,9.200271606445312,9.254391354298999,8.276378991786562,8.504453018074773,4093341
2009-11-09,9.169347763061523,9.397421824441953,9.045646727190714,9.242795529603441,2720267
2009-11-16,8.987661361694336,9.509525717255974,8.82916932784976,9.184810151009456,2674502
2009-11-23,8.802111625671387,9.347169851389136,8.496724005862037,9.026319968609778,3873657
2009-11-30,9.235063552856445,9.277586058231218,8.597229658816309,8.77118469233466,4160953
2009-12-07,9.606168746948242,9.756929305928487,9.215736856237687,9.250527867897189,5592363
2009-12-14,9.97727108001709,10.178285633918463,9.668018487335235,9.668018487335235,6691524
2009-12-21,10.429553985595703,10.560986528467877,10.151226638092714,10.166688899851358,3691170
2009-12-28,10.58418083190918,10.669225856545237,10.352241732434443,10.379301244885403,1396008
2010-01-04,11.23747730255127,11.434626117705058,10.58418033515731,10.630568595264947,6497123
2010-01-11,11.399834632873535,11.604714939077725,11.148566805807185,11.2142830747922,3807676
2010-01-18,10.932088851928711,11.515803712882168,10.785193330726504,11.411430695814747,3027741
2010-01-25,10.966880798339844,11.210417121737716,10.719477988071212,10.839314012309275,2395836
2010-02-01,10.789061546325684,11.457820831110618,10.568718951468393,10.966882364643993,3374202
2010-02-08,11.001672744750977,11.187225065032708,10.653763342361962,10.796793148387147,3165481
2010-02-15,11.569923400878906,11.569923400878906,10.932089488308803,11.001670766421283,3126297
2010-02-22,13.359724998474121,13.60712706748857,11.426893753691596,11.581520046825627,10843482
2010-03-01,13.81973648071289,13.893183500372066,13.143245883754918,13.417707429180359,6307486
2010-03-08,14.159916877746582,14.225632407952505,13.367456655257298,13.804275293365619,5128747
2010-03-15,14.751363754272461,14.983302847017738,14.163783048067264,14.163783048067264,6497681
2010-03-22,15.134063720703125,15.49357031917669,14.534885073492065,14.689512106572211,5797719
2010-03-29,15.180451393127441,15.265496409638313,14.83254130252177,15.130197385677135,5178878
2010-04-05,15.192045211791992,15.42398572262822,15.087672203110554,15.18044870237153,4443866
2010-04-12,14.952377319335938,15.327346919587693,14.751362764285135,15.230705391657462,5499037
2010-04-19,14.627659797668457,14.820942828042176,13.916378186907865,14.790016835358784,5963170
2010-04-26,14.867335319519043,15.01423088467587,13.947308848681585,14.782291760434978,5049259
2010-05-03,15.327346801757812,15.385330833290581,14.306811035968543,14.859600689450478,7201133
2010-05-10,17.52304458618164,17.782043203275137,15.195916146536213,15.195916146536213,8943932
2010-05-17,16.417461395263672,17.774307646379874,16.24350636957377,17.20992154048154,10101769
2010-05-24,16.970251083374023,17.267905659957332,15.578612344911688,16.59914653500455,8457050
2010-05-31,17.43863868713379,17.969584459289038,16.711046110432736,17.116138047702353,5261558
2010-06-07,18.39827537536621,18.791569002032755,17.07680854971924,17.230194324367936,5797575
2010-06-14,18.374679565429688,18.484801305880577,17.871262679876637,18.41400832979181,5512307
2010-06-21,18.008913040161133,18.76010370342888,17.81619852955606,18.484797902691312,5361766
2010-06-28,16.17223358154297,18.406141511129768,16.168301305388823,17.97351911995959,5497494
2010-07-05,17.564491271972656,17.568423547653452,16.246958375401647,16.313817564046815,4098960
2010-07-12,16.223360061645508,17.536960669679065,16.06210975498402,17.30491739908854,5082565
2010-07-19,16.475067138671875,16.510463619406668,15.424974044032798,16.077841299577752,5687587
2010-07-26,16.290220260620117,17.300986197158974,15.841865794774943,16.541929425931258,5652182
2010-08-02,15.456441879272461,16.628456907746017,15.212600208994488,16.353152522091715,4607639
2010-08-09,15.369915962219238,15.786806254757483,15.039549249102357,15.5468968975743,2959225
2010-08-16,15.476106643676758,16.030650705996575,15.063148554765645,15.33845444747186,2895967
2010-08-23,15.208663940429688,15.535098373224395,14.866498902671966,15.448573294595217,2650833
2010-08-30,16.215492248535156,16.302017306225864,14.6305197844838,14.953020362772724,3479622
2010-09-06,16.038515090942383,16.243027975660116,15.54689801237945,16.243027975660116,2875969
2010-09-13,15.247994422912598,16.15256948417958,15.196865830232975,16.050313799116488,5223700
2010-09-20,16.868364334106445,17.68248206599458,15.2322628173293,15.2322628173293,8784655
2010-09-27,15.900861740112305,17.108273076276394,15.857599200331807,16.83296723246099,5053655
2010-10-04,15.916593551635742,16.714979133691422,15.696348580591087,16.11324036497329,4474528
2010-10-11,15.676687240600586,16.266627795061943,15.617692585035885,15.896930754076456,8426627
2010-10-18,16.817235946655273,16.903761030433248,15.58229411595181,15.649154817133757,6954680
2010-10-25,17.91845703125,18.012846655480065,16.770038934280027,16.809369194622576,5764158
2010-11-01,18.21735954284668,18.563458333035914,17.997114585399707,18.087573434210736,4401414
2010-11-08,17.525161743164062,18.248821960573245,17.304916807327917,18.244888184769525,3566907
2010-11-15,18.606718063354492,18.92528487306226,16.34921246592898,17.352110700730996,5777005
2010-11-22,19.357913970947266,19.664682538452332,17.977452416582032,18.6421196465713,5567265
2010-11-29,20.742307662963867,20.840631074998537,18.756173539626612,19.271388758794906,5772617
2010-12-06,19.80233383178711,20.734440822697778,19.60175473898252,20.659714072199165,4116328
2010-12-13,21.233924865722656,21.233924865722656,19.43657150138722,19.67254859203273,5390138
2010-12-20,21.088407516479492,21.985118161734416,20.80523707613786,20.919291107520273,3948144
2010-12-27,20.84456443786621,21.17493117953481,20.679381817180055,21.021546888813013,1020293
2011-01-03,22.181760787963867,22.54359019854546,21.00187992690826,21.00187992690826,3621118
2011-01-10,21.52889633178711,22.55932533552111,20.844564680266846,22.17782999241009,6214546
2011-01-17,21.049076080322266,21.910388623579387,20.4591356122649,21.210326414912764,5217805
2011-01-24,21.017610549926758,21.95758356364067,20.325414437630794,21.08053746922639,5311242
2011-01-31,20.525991439819336,21.01760841577081,19.86525810411688,20.911418968929777,4967292
2011-02-07,20.97827911376953,21.127731090665804,19.979313084471954,20.494528202014227,5668193
2011-02-14,19.86526107788086,20.9507523634419,19.849530472520513,20.81309868939162,3489858
2011-02-21,19.747272491455078,20.19956075895562,18.948886915214484,19.82199924016859,5242222
2011-02-28,20.0225830078125,20.75017578179478,19.782673601169645,20.057979502240077,4680668
2011-03-07,19.853464126586914,20.919289603895894,19.715811943279952,19.979317979980785,3154642
2011-03-14,19.503427505493164,19.759068917056613,18.27635203063949,19.67254385462667,5626231
2011-03-21,19.412973403930664,20.15629810877266,19.28318578864912,19.853461840078495,3432731
2011-03-28,20.08550453186035,20.250688628125353,19.192727857605583,19.36971028206949,4355607
2011-04-04,18.889892578125,20.282152389082974,18.84269776258463,20.022578653166754,5490996
2011-04-11,18.992151260375977,19.141601771426203,18.225228320938086,18.823034866027754,7344668
2011-04-18,19.314647674560547,19.326446001695242,18.410072753699747,19.003945390782228,3739991
2011-04-25,21.036951065063477,21.23768532510614,19.28654807245451,19.71611926642734,6419830
2011-05-02,20.952640533447266,21.562872839257267,20.246056644945618,21.52272660171588,5334096
2011-05-09,22.136978149414062,22.31362531188987,20.73986761841687,20.86833744668228,5259061
2011-05-16,22.405961990356445,22.478226457240176,21.687332864946626,21.759597331830356,4469314
2011-05-23,22.29755973815918,23.05231937760209,21.807767702674177,22.161060393752575,6629329
2011-05-30,22.43807601928711,22.94794123895123,22.277489525298044,22.281503536768383,4334230
2011-06-06,22.57457733154297,23.321309110965434,21.478568327754886,22.32968126071291,5694611
2011-06-13,22.767274856567383,23.546124610031782,22.080764191972303,22.602672857486446,5530778
2011-06-20,23.136629104614258,23.967668741924108,22.321647042699414,22.48223504849524,4414590
2011-06-27,23.542110443115234,23.795036003811397,22.935893737377537,23.273127307812203,4583982
2011-07-04,23.566200256347656,24.22862233435164,23.377509579280225,23.50196536033247,3336857
2011-07-11,22.95596694946289,23.614374986975633,21.98842801014611,23.433713871443317,4559595
2011-07-18,23.50999641418457,24.22460986939547,21.470535655452096,22.622749846281998,7477810
2011-07-25,23.30925941467285,24.489576139575078,22.357778058715102,23.44575875277561,8516949
2011-08-01,19.936925888061523,23.9837291517497,19.36282580365162,23.682627773135312,7996977
2011-08-08,20.46686363220215,20.56723075566223,17.22299899834231,19.491295069651695,9599622
2011-08-15,18.840917587280273,20.816141951820605,18.467551744705798,20.71577482277329,5275502
2011-08-22,19.591659545898438,20.587301092314263,18.539812662976317,18.608061562596657,4478189
2011-08-29,21.330020904541016,22.510337691785704,18.86901867794356,19.993130122673843,4702083
2011-09-05,22.04062271118164,22.482237477613843,19.872692056105095,22.24135697437462,5132440
2011-09-12,21.554841995239258,21.839885778052025,19.924880957523552,20.587303026190433,12289574
2011-09-19,18.154407501220703,21.59900670829246,17.56826228076548,21.55484492474985,9688518
2011-09-26,18.604053497314453,19.47122554269913,17.760970117336395,17.777027696126424,6826053
2011-10-03,19.23836898803711,19.66794167420656,17.186866324454094,18.206595108291587,6413772
2011-10-10,20.44277572631836,20.655555077319924,19.258444850929255,19.45516356254784,5465105
2011-10-17,17.82520294189453,20.739863729996415,17.66461492093009,20.667599273710504,8728337
2011-10-24,19.226329803466797,19.539474801758544,17.849292469288926,18.218644354500668,9910150
2011-10-31,19.52341079711914,19.977069034699564,18.391269911234975,19.05770746485105,6452146
2011-11-07,18.672298431396484,20.15371811071347,18.174478371147654,19.362824710785013,6760705
2011-11-14,17.45585060119629,18.905152164856865,16.821531152850152,18.869019937759372,7441780
2011-11-21,16.592695236206055,17.636512811439662,16.203270268366317,17.636512811439662,6854551
2011-11-28,17.34343719482422,17.73687608861038,16.841601636707086,16.84963118941463,7433923
2011-12-05,18.3310546875,18.351127809531388,17.41570684583563,17.496000865442213,6766018
2011-12-12,17.459869384765625,19.270492024002504,17.19088463722708,18.054042705061303,7859900
2011-12-19,18.361492156982422,18.36555440315955,17.228367163267844,17.28522776469681,4404855
2011-12-26,18.84885597229004,18.84885597229004,18.11374596783026,18.36149028339433,1439292
2012-01-02,18.970699310302734,19.21438295898108,18.483333562239046,18.755446737535916,4278107
2012-01-09,19.579906463623047,20.018536109633622,18.804183189031484,18.90165696013151,3715935
2012-01-16,19.007251739501953,20.32313910153122,18.682341757918493,19.42963549020695,7002606
2012-01-23,18.897592544555664,19.54741399561272,18.897592544555664,19.007249943470782,5079152
2012-01-30,20.018535614013672,20.067271723710558,18.59705309529503,18.812305666641524,6479401
2012-02-06,19.30373191833496,19.945430478412415,19.222505586071012,19.941368232223432,4631728
2012-02-13,20.23784828186035,20.453100830342034,19.218441487688406,19.45400216657184,5392219
2012-02-20,19.67331314086914,21.127287109984607,19.535226236256456,20.327195202438237,7509735
2012-02-27,20.871421813964844,21.143534952374694,19.575842757440803,19.701744487029316,7258451
2012-03-05,21.11104393005371,21.257253794749893,19.912937038007605,20.794256922740548,7267041
2012-03-12,22.25635528564453,22.268540475438712,20.769890722077175,21.00545143371944,6232806
2012-03-19,21.93144416809082,22.29290661112248,21.29786855660051,22.256354142203943,5721598
2012-03-26,22.382261276245117,22.44318103536912,21.764931444837195,22.00861357991967,5562492
2012-04-02,21.813661575317383,22.857435631306366,21.557795868490143,22.42286829512229,4972254
2012-04-09,21.062307357788086,21.86239935002352,21.013571253734536,21.813661696677155,5472576
2012-04-16,20.331260681152344,21.54561194636867,20.258155746537454,20.997326486049886,7591399
2012-04-23,23.170162200927734,23.47476556434736,20.225663021204674,20.42873193015109,11661247
2012-04-30,22.12232780456543,23.174224832385693,22.114204862157248,23.14985600516115,4769658
2012-05-07,22.12232780456543,22.459421393394265,21.785232666443743,21.931442531205303,4578669
2012-05-14,21.687759399414062,22.727471188316578,21.61871516695507,22.041098855843103,6435882
2012-05-21,21.541553497314453,22.171066900587448,21.476571498575815,21.659333854182314,6515654
2012-05-28,22.093902587890625,22.7355996703044,21.61872043478093,21.61872043478093,10441908
2012-06-04,22.239810943603516,22.993494179698043,21.73323766063954,22.239810943603516,14596409
2012-06-11,22.705202102661133,22.795807679817802,21.56438187774801,22.635187059641474,6748222
2012-06-18,23.252954483032227,23.86660913713863,22.853462703077227,22.9811346697212,5720240
2012-06-25,24.051942825317383,24.261984779941113,22.573407274686243,23.145876195465902,6041407
2012-07-02,23.19117546081543,24.26609807072492,23.19117546081543,24.0519383638472,6582896
2012-07-09,23.310611724853516,24.010754106216922,22.82463063491165,23.207649656155265,5476010
2012-07-16,23.47947120666504,24.40612989409465,22.9646608247597,23.30237788068008,4583887
2012-07-23,22.857582092285156,23.347681034622223,21.78677707314932,23.310614622440315,6734584
2012-07-30,23.162349700927734,23.800714268735234,22.202742382221803,22.94406902777492,7196420
2012-08-06,23.47947120666504,23.705989031564673,23.145875084679407,23.170584977521834,3191274
2012-08-13,23.413576126098633,23.565961134128273,23.10468988923149,23.508302621285335,2058307
2012-08-20,22.56928825378418,23.43828848469074,22.39219334553892,23.35591850416883,2794621
2012-08-27,22.94406509399414,23.21176707866565,22.50750696469005,22.50750696469005,3172180
2012-09-03,23.10468864440918,23.47535273710996,22.696959713514882,22.88229175986527,4011010
2012-09-10,23.01820182800293,23.232363138043574,22.449850719474927,23.03879392931755,5553379
2012-09-17,23.24471664428711,23.475352249519055,22.8658169761309,22.931712638900525,4711509
2012-09-24,23.051151275634766,23.41769603387251,22.98937339839342,23.170586095983797,4491168
2012-10-01,24.525562286376953,24.710894307901484,22.91523573682176,23.063501354041385,6149303
2012-10-08,24.327878952026367,25.200996908006935,24.093125546744215,24.360827570138675,4968142
2012-10-15,24.504972457885742,25.13921918091291,24.266099703339215,24.364943980997623,5776769
2012-10-22,24.842689514160156,25.443987659551635,24.504974031347047,24.558514750644715,4909962
2012-10-29,25.654027938842773,25.69933149783735,24.694420759634472,24.834449227855703,3705554
2012-11-05,24.958009719848633,25.64167792727196,24.73973059413466,25.452228060762593,2784877
2012-11-12,23.928386688232422,24.93329759135759,23.85837322816965,24.93329759135759,2975508
2012-11-19,25.534597396850586,25.534597396850586,24.080773241355107,24.089010396786527,2092907
2012-11-26,25.938203811645508,26.02881093363479,25.003308051817562,25.45222272819175,2348781
2012-12-03,26.56009864807129,26.679535044095182,25.765232794829586,25.765232794829586,2834458
2012-12-10,26.86898422241211,27.058434077527505,26.317108967356837,26.432425997239825,3197842
2012-12-17,26.8897762298584,27.18499375027642,26.72344930651739,26.952146843423037,4526854
2012-12-24,27.010358810424805,27.143414640139163,26.777511901499977,26.819091253479236,1037420
2012-12-31,27.59247398376465,27.71721518817305,26.927194962287928,26.977088906210803,1554822
2013-01-07,27.57168197631836,27.758793777846076,27.243199774450183,27.442785061619645,2319936
2013-01-14,28.236968994140625,28.29933643304422,27.30557505736678,27.609110340002225,2630961
2013-01-21,28.648609161376953,28.73176785915298,27.987485776543906,28.29933565165548,2237451
2013-01-28,28.357545852661133,28.99787794253423,27.792057855690107,28.906401476509387,3709895
2013-02-04,28.062328338623047,28.424075315995452,27.57168443505738,28.29933410385302,3568427
2013-02-11,28.453176498413086,28.53633517797031,27.49683582200359,27.950059190801227,3506054
2013-02-18,28.436546325683594,29.5591981033681,27.6298874033763,28.39496698269163,4987973
2013-02-25,30.05816650390625,30.34922508124776,28.11638229091221,28.523864299190326,5395047
2013-03-04,29.484357833862305,30.482274561947914,29.405354876840562,29.98747508309044,3299641
2013-03-11,30.024906158447266,30.03322393176153,28.702662536271852,29.064409540217376,4385611
2013-03-18,29.6839542388916,30.727612863186096,29.222416101834337,29.80037770187876,4204375
2013-03-25,28.935504913330078,30.19538090039597,28.390808221450804,30.01242798366682,5498455
2013-04-01,28.65276527404785,30.602864147122855,28.4199152326757,28.93550608803427,4464945
2013-04-08,29.139249801635742,29.588314332444316,28.444864919476565,28.69018527082717,3918735
2013-04-15,29.07687759399414,29.330515703561563,27.74631961946048,29.081036479874054,4733435
2013-04-22,31.372085571289062,31.567518318711535,28.94382274012798,29.105984399426454,5917932
2013-04-29,31.517627716064453,31.73384222727733,30.765027882523455,31.359621753734967,3708588
2013-05-06,32.636131286621094,32.66939603795925,31.085199530019636,31.43030467057125,3348566
2013-05-13,33.35546112060547,33.58414276712818,32.41575266585085,32.4822821578657,4240396
2013-05-20,33.56752014160156,34.153796225580805,33.04361149143867,33.31803771713298,3461347
2013-05-27,34.174591064453125,34.686023109118636,33.380411819468556,33.71305297206651,4643056
2013-06-03,33.532405853271484,34.4956645374932,33.143713420190636,34.39426973475477,4675420
2013-06-10,34.6097412109375,34.65198878647678,33.53241352991071,33.68028165593987,4305337
2013-06-17,33.47748565673828,35.31105991824653,33.46903743173215,34.854778409120996,5302739
2013-06-24,33.904197692871094,34.63086761709163,32.51423082122292,33.45636757722594,4722129
2013-07-01,35.078697204589844,35.51385336298137,33.92109685751673,33.98024410875732,4831803
2013-07-08,36.041961669921875,36.56584200908629,35.327968820548534,35.327968820548534,3514837
2013-07-15,36.56583786010742,36.62920761522544,35.687074058590404,36.181377488212384,3390296
2013-07-22,36.51936721801758,37.922008178158435,35.93633964218834,36.59541415298297,3812112
2013-07-29,37.406578063964844,37.73611369673949,36.48979237313616,36.561613580631416,2860049
2013-08-05,36.67145919799805,37.431925285175694,36.20250366042752,37.38545198157619,2890077
2013-08-12,36.17293167114258,37.093943111840545,35.67017675849806,36.760181745094364,2471588
2013-08-19,37.043243408203125,37.15308969453428,35.65750215891927,36.27432585045251,2822841
2013-08-26,35.50117874145508,37.1023866658513,35.28148941575434,37.093938440098086,2449731
2013-09-02,36.80241394042969,36.82353933356689,35.687061516373134,35.74198302593444,2462324
2013-09-09,36.958736419677734,37.714970113904826,36.56160220462705,36.73059569336879,2681235
2013-09-16,38.20083999633789,38.479679797309004,37.16153416444115,37.385449216157305,3713894
2013-09-23,38.67824935913086,38.72894516371573,36.8615744848888,38.17549447510684,3874702
2013-09-30,38.66556930541992,39.45138645080462,37.88820360902576,38.33181120581122,3494115
2013-10-07,38.88948440551758,39.03735251795679,38.11634127339999,38.65711792648231,2308091
2013-10-14,38.585296630859375,38.978205170469145,37.36009771634524,38.585296630859375,2908140
2013-10-21,39.59925842285156,40.363950181098275,38.505027837729656,38.83034094004296,3787058
2013-10-28,39.74290084838867,40.24142997863007,39.371117668810655,39.63728029726366,2466703
2013-11-04,40.05131530761719,40.45267212291759,39.404908363956125,39.713328245997424,2127230
2013-11-11,39.02045440673828,40.71460885123454,38.81766154207248,40.0555344585331,6217027
2013-11-18,39.459842681884766,39.54010567075488,38.876815115649386,39.130307043551944,5530538
2013-11-25,40.94275665283203,41.3060819781343,39.633059090947,40.047093116802465,5484703
2013-12-02,40.54561233520508,41.584918034437166,39.823168247566294,41.32720366581197,3744697
2013-12-09,40.70193099975586,41.16243824443438,40.19917940571704,40.57941400607472,2949234
2013-12-16,41.99494552612305,42.28085687212876,40.57817728782865,40.6123233421331,3612865
2013-12-23,43.014835357666016,43.09164769156535,42.007741760197185,42.15282991549282,1042508
2013-12-30,43.69761657714844,43.94512338622858,42.7246623684622,43.014841979449855,1711843
2014-01-06,43.953651428222656,44.585219890972745,43.3562225052376,44.08167307447864,3122736
2014-01-13,45.566707611083984,45.89102673003239,43.56105684163425,43.9536517849411,3530222
2014-01-20,44.59375,46.50552176744744,44.49986790013656,45.48989169335252,3227612
2014-01-27,45.02902603149414,46.56527293924454,43.82563479090705,44.44013355400721,3836157
2014-02-03,45.84835433959961,46.061721583167035,44.25236501359276,45.0631611902941,3682764
2014-02-10,46.4372444152832,46.454314184593876,45.13143799240976,45.85688528162265,3712813
2014-02-17,44.3803825378418,46.59086710601332,43.740280866622925,46.42017267587653,5392093
2014-02-24,43.53545379638672,44.482804940790146,42.08882405070882,44.380389568773175,6447740
2014-03-03,41.99066925048828,43.89390444875521,41.862647617102574,43.1855237206116,5564781
2014-03-10,39.97222137451172,41.95653752715013,39.89967728808943,41.90532821311476,7269946
2014-03-17,42.989227294921875,43.38182546065701,39.96794988340666,40.02769244555051,5803527
2014-03-24,42.83561325073242,43.64640955243863,42.71612809682912,43.04898052719583,4111440
2014-03-31,44.03047180175781,44.13288718402116,42.62224645880006,43.10019033557283,3379539
2014-04-07,41.35057067871094,43.7488163097516,40.77021154067302,43.62933117940125,5261307
2014-04-14,42.38326644897461,42.67344601208581,40.21972286639088,41.05185376133633,3221848
2014-04-21,40.89823532104492,42.77586788254793,40.71047434390285,42.383272900847366,4257739
2014-04-28,41.030517578125,41.538329354279604,39.97648297702546,41.137201189479605,3523272
2014-05-05,40.65499496459961,41.13720704016872,39.68204081158449,41.077464469771364,4616463
2014-05-12,40.245330810546875,41.674894031239084,39.97648923987681,40.75314592198295,4101725
2014-05-19,41.12866973876953,41.25669139043992,39.94234835543053,39.97221964005684,3662725
2014-05-26,43.04458236694336,43.10942873689065,41.80386658912634,41.812514530838456,3275290
2014-06-02,44.31986999511719,44.34581051616434,42.48689925521277,43.221819118059436,3055793
2014-06-09,42.46961212158203,44.34581620448851,42.26210771592366,44.31987568011392,3241439
2014-06-16,42.48258590698242,43.36016731122522,42.205911133603614,42.396126277135345,3447515
2014-06-23,41.93788528442383,42.43503641324758,40.701493418955444,42.387482626250836,5941336
2014-06-30,41.0689582824707,41.994090342028436,40.468054840932474,41.95950516453258,4116619
2014-07-07,40.524253845214844,40.973851264251856,38.565913492812385,40.9652066188695,6019645
2014-07-14,39.8195915222168,40.783629285526885,39.56452999992709,40.636647250957964,4004297
2014-07-21,39.4650993347168,40.20434002980052,38.85554808015003,39.77203529829729,3369781
2014-07-28,37.9736442565918,40.00980234920547,37.38571288360235,39.56020505367679,5125898
2014-08-04,38.233036041259766,38.596170475616844,37.623484714444146,38.12928051868025,4512441
2014-08-11,40.048709869384766,40.76201333256841,38.29787439595432,38.33245956588132,3763833
2014-08-18,41.138118743896484,41.5012531255983,40.377261513091334,40.377261513091334,2567111
2014-08-25,43.13104248046875,43.13104248046875,41.34994906162791,41.36291767611875,3575325
2014-09-01,44.70030975341797,44.916462118474904,43.01432064632924,43.239117654770176,4287128
2014-09-08,44.52738571166992,44.7089529006682,43.81840624186624,44.6570784456534,2832755
2014-09-15,43.9826774597168,44.90780921610752,43.870280617023965,44.48415247440043,4958114
2014-09-22,43.68007278442383,44.07779236693516,42.50852729567773,43.96539220727812,4037034
2014-09-29,43.21318435668945,44.700313818968944,42.65983477953159,43.65413706851588,3715789
2014-10-06,40.947906494140625,43.35151985143422,40.187049209775424,43.35151985143422,4205031
2014-10-13,39.33972930908203,41.15540780405806,37.7445238454032,40.4896614412639,6656836
2014-10-20,41.514225006103516,42.33128072744732,38.695599460753066,39.32244003487236,6079183
2014-10-27,43.66278076171875,43.974040716646776,40.99113721288464,41.68714814036993,4592777
2014-11-03,44.15561294555664,44.49281016899945,42.9019283392964,43.7233081363789,3718740
2014-11-10,44.95969009399414,45.0461497171933,43.92215812448809,44.095080669109635,3134272
2014-11-17,44.708961486816406,45.08074387753001,43.73195501654473,44.484164442726815,3438743
2014-11-24,44.98563003540039,45.46981252990796,44.44092843958071,44.70031062305057,2867884
2014-12-01,46.291194915771484,46.360361962927854,44.83000270274375,44.87323581771803,2880245
2014-12-08,42.448001861572266,46.438172613005754,42.41774066285215,46.10097545634639,3781434
2014-12-15,43.701419830322266,43.828217750758434,41.755735079781566,43.04994385054215,6488091
2014-12-22,44.51904296875,44.5365326808153,43.587738318067956,43.72327941679715,1025632
2014-12-29,44.64146423339844,45.15739902483975,44.07306364555983,44.519039594043086,1324614
2015-01-05,47.19491195678711,47.7458229116802,44.265450042764236,44.33540889560116,4863459
2015-01-12,48.270503997802734,48.471630694715124,46.792654931196076,47.5009733005306,5139365
2015-01-19,51.97823715209961,52.21434327842966,48.1218437603523,48.559076586336445,7159295
2015-01-26,51.75962448120117,52.467942911400996,51.488542244418326,51.62845662541585,4047735
2015-02-02,52.78274154663086,53.036337358721376,51.26117000990914,51.9869780233086,3332350
2015-02-09,52.87019348144531,53.40361807260396,51.5060291744264,52.67781330286319,3264705
2015-02-16,53.893314361572266,53.98075958480907,52.65157150951676,52.8701879034302,3656899
2015-02-23,55.00387954711914,55.52855749621956,52.79147963363586,54.17313668119259,4943653
2015-03-02,57.39118194580078,58.30937360676326,54.72406554256804,55.3449353939103,6886415
2015-03-09,58.213172912597656,59.59483011877244,56.78779643076996,57.408666186841266,4835935
2015-03-16,57.31247329711914,59.87465764111042,56.831514573028926,58.46676756329294,5439992
2015-03-23,56.09697341918945,57.81092531206576,54.8902098744484,57.286247250433185,5452146
2015-03-30,57.67100143432617,58.00330261940325,56.26311133871752,56.298090761969995,3706997
2015-04-06,59.5948371887207,59.5948371887207,56.840268973374585,57.67100869740491,3010886
2015-04-13,58.772830963134766,60.02331701220755,58.554214567644024,59.71725539284909,3745926
2015-04-20,60.18947982788086,61.84221957961259,58.79907580101387,58.85154828330225,4147153
2015-04-27,57.59440994262695,60.68376526521997,56.57050608897981,60.277736516647536,4329341
2015-05-04,59.3597526550293,59.65985820924198,55.220017957127844,58.018092807164656,4651617
2015-05-11,56.24391555786133,59.289134222558516,55.53777457815151,58.90076274455164,4285332
2015-05-18,58.30055236816406,58.50356338009903,55.55543552531244,56.48224483761132,3711309
2015-05-25,56.85296630859375,59.50098508251778,56.82648046407612,58.477081257489026,3337900
2015-06-01,54.478572845458984,57.62971485106719,53.83422202802035,57.01183977620176,5099535
2015-06-08,54.399131774902344,55.36124537067784,52.942720142913686,54.60214613786581,4813388
2015-06-15,54.937564849853516,55.14940446825163,52.71322865389307,53.94014349243311,6104617
2015-06-22,56.058555603027344,56.81765821922287,55.41420477622587,55.85554123571701,5322333
2015-06-29,53.843048095703125,55.228844310107384,53.35757866334819,53.75478215059495,5387185
2015-07-06,55.378910064697266,55.49365513981833,52.024749694613995,52.78384907590378,4186472
2015-07-13,58.256412506103516,58.52121707483523,55.71431356304079,55.99676862703332,4437492
2015-07-20,55.25532531738281,58.86546118432143,55.211192343313435,58.371159753076086,4048709
2015-07-27,60.780860900878906,60.86912685051558,52.70440192530824,55.16706030545498,7572306
2015-08-03,61.787105560302734,62.54620482449869,60.78085895134718,60.84264578753708,4172073
2015-08-10,62.5638542175293,62.66977739238523,59.75695405931686,62.22844093187547,4979572
2015-08-17,58.062232971191406,62.97872165972777,58.062232971191406,62.75805339411256,3909413
2015-08-24,59.27149200439453,59.93349673995905,53.128085499336926,56.61464444673605,9436421
2015-08-31,58.82132339477539,61.61057308025007,58.48591010640287,58.98020479121711,8291339
2015-09-07,59.033172607421875,60.030597488310164,58.044583077104264,59.37741456662334,5235467
2015-09-14,61.43403244018555,62.722734064963376,58.803670971638674,59.192042468007195,27074329
2015-09-21,60.00411605834961,62.06956773386179,57.762125734763195,61.12510785301239,9365818
2015-09-28,61.045654296875,61.71648077858684,58.54768864779657,59.73929558516948,8617847
2015-10-05,62.66978454589844,63.94965773376531,61.787111524125216,61.787111524125216,7000692
2015-10-12,60.98386764526367,62.14017372766931,58.238761112027845,61.875369163024395,9268488
2015-10-19,62.08720779418945,63.075803854431825,58.79484168864266,60.719068856478536,8014137
2015-10-26,61.00152587890625,61.83124057647911,60.09237385118786,61.78710423689164,6332676
2015-11-02,62.26374435424805,62.316702570886484,59.54511032914993,60.569014079223045,6497781
2015-11-09,58.53003692626953,62.66094630286611,57.991605926971495,62.2284384742407,6338034
2015-11-16,59.34210968017578,60.33069914569374,57.79743190604329,58.256418910139395,6818519
2015-11-23,60.80733871459961,61.19571696582458,58.74188725328898,59.58042385833181,5270710
2015-11-30,57.3560791015625,61.75178569002169,56.39396228809894,60.683752454926044,9328024
2015-12-07,54.70806121826172,58.4417668590981,54.37264460240185,57.700324919507246,6112565
2015-12-14,56.0409049987793,58.31819937441896,53.745953393608744,55.15823208151292,8439401
2015-12-21,56.10327911376953,57.14585749352568,55.17654051003921,56.15674597911111,2593052
2015-12-28,56.807247161865234,57.32408335592105,55.54189520966645,56.05872800446814,1817163
2016-01-04,53.11812210083008,56.691408097917204,53.10029981016265,56.45081227278849,7626707
2016-01-11,49.348785400390625,53.78643299815056,48.41313740434702,52.29830428887805,8090407
2016-01-18,52.253761291503906,52.93099476048362,48.119084909801664,49.13493171401676,8638174
2016-01-25,53.16267395019531,53.16267395019531,50.60523483113006,52.770593769335605,6180058
2016-02-01,48.39532470703125,53.18940880606321,48.11908429567632,53.15376762335164,8545097
2016-02-08,45.0091552734375,48.386402261401024,43.54330867291416,48.074520729216005,11698154
2016-02-15,48.074520111083984,48.778485159540175,45.615098863105175,45.86460748489881,6412616
2016-02-22,49.936912536621094,50.75671745000296,46.194316759922295,48.37749791293444,7586385
2016-02-29,52.39632797241211,52.85969727316573,49.17947799937044,49.50027239214248,5674122
2016-03-07,52.77949905395508,54.84683693415942,51.068600145891054,52.34286488229985,6046072
2016-03-14,54.22307205200195,54.42802667661902,48.600270723369256,49.72304774041311,14365758
2016-03-21,54.41020202636719,55.80030652054844,53.305243947084776,53.8933658636816,5461547
2016-03-28,52.770591735839844,55.711201477107885,51.58543499508027,54.410204955100525,5373607
2016-04-04,52.52108383178711,53.95574584393016,51.37157505245103,52.5834601454234,4863779
2016-04-11,53.786441802978516,54.61515960922902,51.94187724048658,52.59237554230339,4583490
2016-04-18,54.169612884521484,55.862689689030915,53.13594383148537,53.28742820168042,4814537
2016-04-25,53.61711883544922,56.70921578528122,53.590387105959,55.03395828574003,5600117
2016-05-02,51.977516174316406,54.20525123957761,51.29137336630548,53.83098998100168,3746733
2016-05-09,53.06465148925781,53.750794334955266,51.97751902919205,52.44088495687338,3208211
2016-05-16,53.44782257080078,53.67950893544454,51.70127898785095,52.850791168169074,4251383
2016-05-23,56.84248352050781,56.860540631488846,53.21308687032234,53.51102403544675,5299360
2016-05-30,55.741024017333984,57.384183135292346,55.21737816187569,56.74316778739659,4452458
2016-06-06,54.78402328491211,56.09313460924478,54.323575546512515,55.73199926320752,4524770
2016-06-13,51.39838790893555,53.971465834941334,50.57680833922478,53.7818713444023,9747895
2016-06-20,52.617210388183594,56.87859169333289,47.850243805502274,52.445673018169714,8009255
2016-06-27,55.13612747192383,55.59657520296483,50.21567654202184,51.74146973840096,7279484
2016-07-04,54.0436897277832,55.42502581981639,51.4525549096685,55.37085793795866,4708090
2016-07-11,56.5174560546875,57.149441091780325,54.332597532329345,54.57636333709549,4229993
2016-07-18,54.937496185302734,57.10430108224563,54.72081776203331,56.66191051500494,4008865
2016-07-25,54.89236068725586,58.33216286202545,54.43191640819686,54.84721963151153,5947170
2016-08-01,54.63053512573242,56.201469276303804,54.0888355946618,55.21737915442694,5298118
2016-08-08,56.454261779785156,56.67997049113123,54.666649199209296,54.84721685709447,2970868
2016-08-15,55.434059143066406,56.86956663990079,55.072923838639056,56.490374225847916,2299329
2016-08-22,56.21952819824219,56.79734196841556,54.76596349537632,55.434062819665364,3321242
2016-08-29,57.835601806640625,57.943944474944246,55.659773267524784,55.939649883871205,3367404
2016-09-05,58.404388427734375,58.88288979431443,57.591835688219554,57.916856784025484,3682470
2016-09-12,56.914710998535156,58.22381880404655,56.51746145177764,57.763374535990536,6655104
2016-09-19,58.72038269042969,59.767667592052966,57.275844784795254,57.320989285004,3766119
2016-09-26,57.78142547607422,58.49466577336443,56.40008937538005,58.449521279478176,3932278
2016-10-03,59.316246032714844,60.24617170076843,57.54669402289447,57.73628851208505,4818251
2016-10-10,56.643863677978516,59.72253057838174,55.37989342838791,59.532936074155714,5003179
2016-10-17,58.12450408935547,58.657180222816805,56.36397891961703,56.535516298092645,4299953
2016-10-24,57.01402282714844,58.81066227116235,55.77713658835912,58.169650346676654,5659338
2016-10-31,54.22426223754883,57.014022057010024,53.68255926205598,56.752199124390565,4361385
2016-11-07,56.73414611816406,58.27799643815798,53.646448922218106,54.78402284221362,5110248
2016-11-14,56.39106369018555,57.9078265079463,55.47920201052827,57.32098592410084,5335695
2016-11-21,57.582801818847656,58.71134530663656,56.183408582797696,56.59871175973408,4528383
2016-11-28,58.60301208496094,58.87385840094183,56.87859425445857,57.58280431932524,5240393
2016-12-05,60.07463455200195,60.59828044260445,58.54884138003673,58.54884138003673,5312106
2016-12-12,61.94350051879883,63.09912804166865,60.08366290468541,60.092686293897906,6424259
2016-12-19,61.99821853637695,62.63662044324432,61.487490052824135,62.11677690249263,3070659
2016-12-26,62.39950180053711,62.4086238165328,61.49661704262939,61.99822355150007,2010680
2017-01-02,61.74285888671875,63.00143275057898,61.08621982155757,62.335664710907714,3895101
2017-01-09,61.697261810302734,62.00734078443783,61.12269306943164,61.834064222798695,3249681
2017-01-16,58.77884292602539,63.721925696605005,57.79387726629275,61.24126577293271,12798634
2017-01-23,58.03099060058594,60.019162119125504,57.52026556704432,58.787954395607436,6757730
2017-01-30,57.92155456542969,58.322839813302124,56.09754083227891,57.90331748964467,5668812
2017-02-06,58.258995056152344,58.45963418537207,57.43818754879493,57.86683185586267,5342208
2017-02-13,58.71499252319336,60.35660746936477,58.24987060779792,58.304592265680185,6180646
2017-02-20,59.736446380615234,61.60606313453017,58.833561582050464,58.833561582050464,4675877
2017-02-27,62.563655853271484,62.828138621197944,59.736436582213564,60.174202843140485,5721324
2017-03-06,62.974063873291016,63.32062390588769,62.271814835006175,62.62749688263557,3630069
2017-03-13,62.11677551269531,63.11085945372704,61.25948700717527,63.019660177366326,5763460
2017-03-20,63.475677490234375,63.931680930477526,61.5969455430119,62.217110500065,4464573
2017-03-27,63.867835998535156,64.11408173454875,62.4998257790901,63.47567279063851,4287828
2017-04-03,66.42145538330078,66.42145538330078,63.66719101425735,63.794871406670275,5167735
2017-04-10,66.39408874511719,67.25137028841993,65.69183970862272,66.39408874511719,3431536
2017-04-17,67.24224853515625,67.63441164480439,66.06575920621184,66.39408213326878,4381441
2017-04-24,69.33075714111328,70.33397023482947,68.50083453220083,68.88387573631427,6895342
2017-05-01,71.25507354736328,71.45571611376278,68.98417904905439,69.33073905407102,4041550
2017-05-08,70.25187683105469,71.5104505632362,68.99331005693227,71.2733268667578,5198252
2017-05-15,69.64083099365234,70.42515729906377,68.37314225868572,70.22451471515961,4842531
2017-05-22,72.5683822631836,72.70518467755824,69.05715740388695,69.6134821197666,5294492
2017-05-29,72.75989532470703,73.4074192637557,71.86613263173359,72.92405681334326,4612243
2017-06-05,72.2309341430664,73.26150625691527,71.5195699684455,73.03350456207218,4343770
2017-06-12,73.15206146240234,73.15206146240234,70.18803948925122,72.21269561189318,5360348
2017-06-19,75.40062713623047,75.7047379295626,73.46538877733967,73.60362159529183,5118931
2017-06-26,73.94458770751953,76.29452451379015,73.07834231031224,75.47435203523114,5161399
2017-07-03,75.53885650634766,76.13786066959113,74.1657598472052,74.34084817986071,3610456
2017-07-10,76.88431549072266,77.2990069351906,75.11495501579954,75.80611211045515,4335104
2017-07-17,74.6910400390625,77.15155740651487,74.14732617990866,76.8658814140519,5338863
2017-07-24,73.87086486816406,76.21157709663234,73.75105981961485,74.83848046714205,4684196
2017-07-31,75.35453796386719,75.45590821590434,72.74657765738225,73.87086079393087,5084248
2017-08-07,73.94458770751953,75.88904345713152,73.41930862539957,75.41905468971477,4059989
2017-08-14,76.47882843017578,77.49252401688803,74.07360136643496,74.12889871063551,3762821
2017-08-21,76.90275573730469,77.65842066890251,75.64945677307202,76.44198426606664,3081922
2017-08-28,75.78767395019531,76.75529665204837,74.05517610765739,76.75529665204837,3735103
2017-09-04,74.97671508789062,75.99962805354177,74.38692831878889,75.69551727330756,3617115
2017-09-11,78.33113861083984,78.84720033300383,75.28083416891339,75.4006322027547,5835785
2017-09-18,78.31269836425781,79.09600821933437,78.05466051349654,78.33112612390593,4790697
2017-09-25,79.65814971923828,79.65814971923828,77.65839680515266,78.28504609470512,4101541
2017-10-02,80.10971069335938,80.5151917489407,79.52914129807871,79.66736708446948,2738964
2017-10-09,79.09601593017578,80.17421926042074,78.4785839749907,80.07284899544251,3199311
2017-10-16,79.56598663330078,79.60284918188965,78.3311228942287,79.16973005529798,3737434
2017-10-23,84.06311798095703,85.01230574400897,79.54755778730795,79.54755778730795,4792781
2017-10-30,84.1737060546875,84.25664855293319,81.58417334180582,83.21530784278087,4215766
2017-11-06,80.1742172241211,84.10920157363229,79.69501809978753,83.98018615435737,4652764
2017-11-13,80.36773681640625,82.09102417061997,79.21580845870496,80.8192907639976,4727780
2017-11-20,79.98990631103516,80.68106331131203,79.65815038843725,80.39538030357836,4431869
2017-11-27,80.8653793334961,84.02627136531429,79.77795856663933,79.95305394554083,7250546
2017-12-04,82.0818099975586,82.8927650621248,80.87459128115384,82.15553510274088,3910655
2017-12-11,79.35403442382812,82.43198335535526,78.33112156794644,82.38591044350845,5221999
2017-12-18,81.14183044433594,81.58416696435953,80.08205502594393,80.08205502594393,3664515
2017-12-25,79.16973114013672,81.14183181638484,79.15129635018356,81.14183181638484,1330613
2018-01-01,82.20161437988281,82.80983599847217,77.20685412577842,79.16974477594083,3193669
2018-01-08,83.38119506835938,83.7129440057462,81.85143065601173,82.42278971920426,3533039
2018-01-15,84.09999084472656,85.11368643356406,82.75453931324218,83.1784481219992,3994878
2018-01-22,82.9757080078125,84.37644985971738,82.3490586720309,84.22900667937567,4837809
2018-01-29,79.93461608886719,84.37645185832783,79.87932577378102,83.32589368681151,4218000
2018-02-05,76.5802001953125,80.6349896525761,74.68182440306634,79.25267554424623,7459091
2018-02-12,82.10945892333984,82.42278711934067,76.69078999834426,77.35430191381583,5421134
2018-02-19,83.21531677246094,83.51021018411039,81.83300258707663,82.57023260079349,3561018
2018-02-26,78.18368530273438,84.28430097674578,77.74134870998972,83.30746788952243,6042472
2018-03-05,81.796142578125,82.33063206969426,78.10997130234776,78.10997130234776,5168199
2018-03-12,81.07733154296875,82.82825708510492,80.50597252587204,82.71767645850187,5027158
2018-03-19,76.45117950439453,81.1141831918699,76.21157644017268,81.04046512125849,4693782
2018-03-26,79.2342529296875,79.56600186888734,75.1610284158145,76.63550251845801,4510123
2018-04-02,80.81929016113281,81.28006150077624,76.76450799692076,79.23424265864206,4413649
2018-04-09,81.7039794921875,82.23846891696384,80.34009319703105,81.09575793290057,5053372
2018-04-16,83.0125732421875,83.43648206673151,81.24321283605248,81.72241197615907,3951200
2018-04-23,87.7677230834961,88.57868514354664,82.40434495436153,82.84668853537207,5640451
2018-04-30,89.85041809082031,91.12214455424377,87.7493017465497,87.80459206166844,4393816
2018-05-07,91.6197738647461,92.09898000766529,89.8319858014909,90.03471929031208,2956082
2018-05-14,93.35228729248047,93.95128448038741,90.80882722745359,91.87781320614903,3690457
2018-05-21,93.53657531738281,94.78065644007226,92.11739884818023,93.8591138261079,3396998
2018-05-28,97.09838104248047,97.42610550734537,92.04215461607461,95.97477675743512,5602070
2018-06-04,96.02159118652344,97.8474498331056,94.47663002357622,97.8474498331056,4315990
2018-06-11,96.81747436523438,98.64333294127582,95.64705036938702,96.20885245865352,5738437
2018-06-18,93.35301971435547,96.39612225556377,92.41668047090675,96.34930957961222,4755798
2018-06-25,97.42609405517578,97.61335903277025,90.89980885982479,93.63391753742948,5725183
2018-07-02,96.30248260498047,96.81747200809573,95.085245965155,95.83431301803968,5088195
2018-07-09,100.56283569335938,100.89055299825611,96.1620369840127,96.6770264229229,4377183
2018-07-16,100.79691314697266,101.73325231760184,99.15831959837156,100.56282835431536,4124389
2018-07-23,100.51602172851562,101.49918084417168,99.76695457993652,100.7032938734368,3950766
2018-07-30,98.78377532958984,100.51600124075253,98.31560577826478,100.4223687592276,3936593
2018-08-06,100.00102233886719,101.35871122528215,98.78377860754982,98.87741109218176,3268221
2018-08-13,100.00102233886719,102.01414576140648,99.53285277200676,99.95420252470088,2937261
2018-08-20,102.9036865234375,102.9504992004079,99.72013159768197,100.18830122959596,2293859
2018-08-27,105.15089416503906,106.41495064605132,102.90367867451664,102.99731116501734,3208511
2018-09-03,109.92622375488281,111.75208234149073,101.68643591895213,105.05725561775971,6142058
2018-09-10,110.53484344482422,111.6584476072914,107.72582589495525,110.81574091359049,3739469
2018-09-17,112.50115203857422,114.18655824838115,109.64531472949174,110.48802140624566,5460187
2018-09-24,113.01614379882812,114.46747248329528,111.518002438421,112.31388936641527,3670796
2018-10-01,108.896240234375,113.43748344259055,108.56851583427354,113.29703114878998,4657517
2018-10-08,101.87370300292969,109.22396394681616,98.69014844464422,108.84942685577654,7277631
2018-10-15,100.65646362304688,105.15089462369593,100.04784171658589,101.35871802041697,6066117
2018-10-22,102.7164077758789,104.96362329322501,98.0815315756098,100.93736900402689,8440138
2018-10-29,105.61905670166016,109.59849800341338,100.75008894035346,102.0609651508476,7853284
2018-11-05,105.29133605957031,107.77263627114895,103.4654775485469,106.04041024771888,4337684
2018-11-12,101.7800521850586,106.2276626859975,101.12461770555815,105.85313277982584,4222036
2018-11-19,101.92052459716797,102.66959884482519,98.78378957954361,102.107796730933,3585614
2018-11-26,103.32501983642578,105.01043309968124,97.94106992908817,102.38868072210619,5612835
2018-12-03,98.92423248291016,105.52541919462531,98.92423248291016,105.38497403728942,4398567
2018-12-10,101.31189727783203,102.62277356969089,95.92794694716616,98.78378432786936,4658057
2018-12-17,96.11521911621094,101.68643442960679,94.85116264063468,101.31189732551354,5468702
2018-12-24,96.53657531738281,97.2388297554002,93.6152014271995,95.22569893767671,1707865
2018-12-31,98.50287628173828,98.97104585939617,94.6638871736838,96.8174700883904,2560155
2019-01-07,98.83059692382812,102.01414421526827,95.74067497190026,99.34557915334906,4214881
2019-01-14,103.04412841796875,103.41865837065176,98.03470814827277,98.03470814827277,4205424
2019-01-21,103.4654769897461,104.12091154306053,101.49916618610195,102.52913783146785,3799567
2019-01-28,107.58537292480469,108.14717500257134,103.18457450428032,103.55911160402509,4038295
2019-02-04,105.10408020019531,109.64532410749908,104.91681520876688,107.72583294240239,4033137
2019-02-11,107.8194580078125,109.27077945061978,105.24452526276302,105.43179024128621,3256818
2019-02-18,112.36071014404297,112.36071014404297,107.35129657886137,107.95991852088191,3636208
2019-02-25,112.36071014404297,113.0161447624026,110.34757932522189,112.26707764766324,4140958
2019-03-04,111.93934631347656,113.67157228242436,111.61162190165615,112.64160066389059,2981621
2019-03-11,111.23709869384766,111.98616576006044,108.33444148820716,110.11348737897683,6224522
2019-03-18,110.58165740966797,114.56109898513989,110.48802491898532,111.6116290945793,3469033
2019-03-25,114.46746063232422,114.51428044711835,108.94305824055165,110.25393447407914,3987754
2019-04-01,117.4637451171875,117.55738474842933,114.51428246929285,115.87197139788877,3918714
2019-04-08,114.23338317871094,115.87197678988096,112.07980014654983,115.87197678988096,3792988
2019-04-15,115.87197875976562,116.48060068300163,112.54797166311604,114.18656530214304,3143247
2019-04-22,121.115478515625,121.6304536341407,115.16971901416078,115.87197339839346,3068713
2019-04-29,118.8682632446289,121.72410077411763,118.58736575983258,121.06866616589143,2560862
2019-05-06,115.21653747558594,119.66414852342017,114.51428309961211,117.08921581151614,3317947
2019-05-13,117.74464416503906,118.44689850399557,112.45432671616003,115.31016388539666,3970578
2019-05-20,114.1397476196289,118.30645411858373,111.42436256534664,117.88510434451452,3822179
2019-05-27,111.87747192382812,116.91528804951574,110.54673460939695,115.77465399372488,3735395
2019-06-03,116.29744720458984,117.15292641378731,110.45168106904444,111.21210864432548,3486094
2019-06-10,116.82024383544922,119.00646045648253,115.91723516965237,117.24797982052803,2909271
2019-06-17,125.32749938964844,127.32360548845368,116.77271441835143,116.77271441835143,5888997
2019-06-24,122.47589874267578,126.56316955819509,120.90751422848798,125.37500606439322,3900093
2019-07-01,124.28189849853516,125.27995871040297,122.38083695362448,122.42836639303697,3072270
2019-07-08,122.90364074707031,123.71158326024067,121.33526340768569,123.47395054978769,2756325
2019-07-15,126.70575714111328,127.13349309559842,121.05009459240482,122.80857510258457,4588791
2019-07-22,128.32167053222656,130.41283559566537,125.99287274557993,126.32554985570066,4184483
2019-07-29,120.38473510742188,128.41672524148785,119.48172643745147,127.94145981054814,4386023
2019-08-05,120.38473510742188,121.62042087668013,115.63208079802484,119.24409372198161,4430350
2019-08-12,120.05205535888672,122.66601532927284,116.24993176559784,121.38279281495764,3932989
2019-08-19,122.8085708618164,126.08789907156073,119.52924265207209,121.19267147625598,3442552
2019-08-26,125.61264038085938,125.89780252383407,119.24408687285357,122.38084143767706,3082965
2019-09-02,135.87838745117188,136.35365289486535,122.80858774960156,125.3750182447562,4535539
2019-09-09,136.6863250732422,137.0190021341581,131.31581762070385,136.63879563484042,4326145
2019-09-16,135.2605438232422,136.7338695520701,133.26442322238503,135.54570598107176,4188958
2019-09-23,137.8269500732422,138.20715654772738,133.54956196752087,135.07041687335627,3349072
2019-09-30,133.45452880859375,138.1596682345484,130.65046563317284,137.44677007957952,3983422
2019-10-07,135.0704345703125,136.2110686471615,131.55345895276673,132.69410753356493,3248624
2019-10-14,133.8822784423828,136.21107616615774,132.7416297986196,135.02291258219603,3422418
2019-10-21,132.40895080566406,132.97926061544726,129.89003534128474,132.12378864879756,3379773
2019-10-28,136.0209503173828,138.82501300933697,131.6960326888022,132.21882747976426,3979580
2019-11-04,138.30224609375,139.68051299939248,135.1179617738601,136.87644974226805,3550644
2019-11-11,142.48455810546875,142.8172496800133,138.25469903570234,138.30222847548708,2482639
2019-11-18,141.86672973632812,143.38758490191557,139.87060914448833,142.2944657191653,2707776
2019-11-25,141.10629272460938,142.76972160533992,140.3458651926285,142.19941183431587,2345085
2019-12-02,141.05877685546875,142.104366625531,136.11601917797944,141.05877685546875,3070673
2019-12-09,137.58935546875,141.39147928135796,136.63882451559803,140.8686843563341,3824017
2019-12-16,133.31195068359375,137.63686891850384,128.17908993478923,137.446765650761,6859962
2019-12-23,132.93174743652344,134.78527972477985,132.64658527588014,133.45452780976115,1123996
2019-12-30,131.17324829101562,133.21688367657876,129.794981553965,132.74161828422,2050421
2020-01-06,131.64852905273438,132.88422211791837,128.74940692009707,130.03262943085554,3749373
2020-01-13,135.4981689453125,135.8783754651486,129.84251356504367,131.55345740825513,4224166
2020-01-20,139.72802734375,139.72802734375,133.12184119665503,135.21300605203018,3651058
2020-01-27,138.72996520996094,143.24498644001278,135.35557802144825,138.06459656105883,4446997
2020-02-03,142.8172607421875,144.76585189270446,138.58740134478953,139.39534386791624,3933519
2020-02-10,137.8269500732422,143.0548688691238,137.3992141634595,142.6271329593411,3406481
2020-02-17,136.6863250732422,140.2032859557493,135.9734270090604,137.3516936990222,3554185
2020-02-24,117.96087646484375,134.45258518229238,115.632078794382,134.45258518229238,9694552
2020-03-02,109.45362091064453,122.71352966018331,109.02587770790011,119.4817163015844,9844081
2020-03-09,80.1107406616211,105.93666269074879,78.36176733962222,103.98807875604189,15725949
2020-03-16,62.925140380859375,75.85236595027065,48.57212576550051,74.40755497393646,19947519
2020-03-23,82.69617462158203,88.62748442595655,53.533891143110694,59.484215623446225,10999761
2020-03-30,59.88344192504883,85.1675603985634,59.88344192504883,82.52508586758354,9724665
2020-04-06,75.66226196289062,75.66226196289062,61.30924610749913,63.210308002305304,7388395
2020-04-13,76.51773071289062,79.04614616522092,68.91348418241702,75.66225152781742,6139813
2020-04-20,72.41143798828125,77.94352705766062,68.9134842887853,76.99299623988426,4692422
2020-04-27,80.0537109375,88.58947407894816,71.78408802704759,74.42656993419664,4794266
2020-05-04,77.10707092285156,78.53286730436304,73.30494723882097,77.411240527495,4294113
2020-05-11,69.38875579833984,77.62035688495403,66.8983622260993,77.58233477866312,5326812
2020-05-18,71.93617248535156,76.85992240507527,70.62444256924589,70.71949420050433,4921701
2020-05-25,81.61257934570312,86.72643270702376,72.03122663904357,73.00077216696589,7307889
2020-06-01,96.9066162109375,100.18595195923331,81.65060058425847,83.07639684387192,7153579
2020-06-08,85.39568328857422,99.42551987743232,82.79123093635224,96.00361045994788,7178353
2020-06-15,89.71109771728516,93.19004405901357,81.9927919679649,82.88628602272416,8118163
2020-06-22,83.45661163330078,91.93534508524135,82.50608078213324,87.92410373299832,5723561
2020-06-29,86.21314239501953,89.02672000140545,80.75709752372077,83.19045410008196,5608042
2020-07-06,84.52118682861328,89.31186235458784,82.46804431860912,88.00013261908444,4366760
2020-07-13,88.51344299316406,91.85930868273121,83.58969247562472,85.35768058919514,5167143
2020-07-20,84.1600112915039,92.08743594375376,82.16389774433115,88.43740057200651,3950882
2020-07-27,85.0154800415039,91.07986414657076,82.12586543835715,83.19045533027061,5267643
2020-08-03,92.88587951660156,93.81739572554417,81.57456050132934,85.47173569093401,4921626
2020-08-10,96.4788818359375,101.65927209776684,93.22806805051093,93.62728926935807,3955897
2020-08-17,92.42961883544922,97.42941319174442,89.74912209917974,96.66898560262862,3132197
2020-08-24,97.19178009033203,98.04725931169327,92.52467010333487,93.13301652339447,3344748
2020-08-31,92.42961883544922,98.71262840289923,90.39548337433568,97.8571491781377,4083311
2020-09-07,92.3725814819336,96.7640362958381,90.64261575257261,93.62728182133854,3581005
2020-09-14,90.49053955078125,94.63485489027595,90.07231088255837,93.43719116748619,4581011
2020-09-21,81.00424194335938,89.48297556764419,76.65080881604732,89.44495346258765,7032219
2020-09-28,80.22480010986328,84.08395279583623,77.63935520128015,82.62013450930094,5566851
2020-10-05,84.2740707397461,85.01548366088579,80.28183671918421,81.32741922981647,4818745
2020-10-12,86.25117492675781,87.67697132785949,80.09173853510484,83.9508918067879,4991339
2020-10-19,91.80227661132812,92.52467487822491,85.07251605861916,86.04205439154657,4758773
2020-10-26,86.04204559326172,92.33456215614825,81.40345785856208,90.45251521645221,6383933
2020-11-02,94.23562622070312,95.48081929152903,84.44515573822198,86.80247539536217,5035933
2020-11-09,107.88525390625,114.82413216841115,95.38577149667272,95.90856637674412,9450004
2020-11-16,115.489501953125,117.91335859861026,110.1190010291896,110.26158211162551,7228033
2020-11-23,116.91529846191406,120.57484090646513,114.68155234006926,115.96476758010988,5964199
2020-11-30,118.24604797363281,119.24410108908262,114.77660866303019,116.63014105741941,4880518
2020-12-07,114.2538070678711,117.86582725552393,110.45168360801549,117.86582725552393,3517386
2020-12-14,109.35857391357422,116.39249619104365,108.88330850282766,115.58454644316942,4867199
2020-12-21,112.78047180175781,113.77852471032004,103.22763512910817,106.0317051148186,2598443
2020-12-28,110.21405792236328,116.05982456518953,110.21405792236328,113.68349725119313,1735526
2021-01-04,110.59426879882812,115.01423893559092,109.12095025455736,111.54479969912227,3153137
2021-01-11,109.07341003417969,111.40220760906517,108.26546029913622,110.309102983287,3422215
2021-01-18,105.08118438720703,110.97447253314525,103.98807250072545,107.69514412567511,3298237
2021-01-25,98.95026397705078,105.50892855376067,98.09478472757121,105.22376638660909,5909567
2021-02-01,106.64955139160156,107.60008217852128,97.47693509940588,100.13841695159644,4554367
2021-02-08,103.51280975341797,107.88525015971636,101.61174807659478,107.12482258819718,2633056
2021-02-15,106.5069808959961,107.17234956679611,101.1840025216975,103.75044007758602,3528001
2021-02-22,107.64761352539062,115.53702209735695,104.08312301130483,105.36633814598082,5819580
2021-03-01,113.20822143554688,116.39249829470612,108.78825158532295,108.93083266151885,4502065
2021-03-08,114.49143981933594,119.95699229455988,112.97059188532079,114.06370383076057,4887559
2021-03-15,113.35079956054688,121.14514933394139,113.35079956054688,114.44391144695545,5639787
2021-03-22,109.5962142944336,113.73102220711185,107.45751979629225,113.16070512466919,4013412
2021-03-29,113.74052429199219,114.2918266700986,108.64567838718773,109.69126086535827,3264585
2021-04-05,113.22723388671875,116.3639812414677,112.18164418316113,113.74052139974486,2341339
2021-04-12,116.82024383544922,117.29550926419232,109.99543198861929,113.11317204085805,3776496
2021-04-19,115.24236297607422,117.78978604920965,109.40610389654326,117.3715573893047,3765641
2021-04-26,118.03691864013672,118.94942736577714,113.96864785216593,115.96476114275279,3516206
2021-05-03,119.00645446777344,120.83147913380799,116.04080298291962,118.34108580180613,3216309
2021-05-10,118.37911224365234,120.03303388252081,111.3641972219897,119.74787898035719,3692628
2021-05-17,113.98766326904297,119.1585536621548,109.86236266275539,118.72131032038067,3321676
2021-05-24,117.97988891601562,120.01402430663876,112.3527409059054,114.1397435028087,4954204
2021-05-31,116.86389923095703,120.3358664618465,116.40606235639498,117.79866103873226,2446664
2021-06-07,117.93219757080078,120.20232299698668,115.31869084960377,116.94020797156715,3095084
2021-06-14,119.01956176757812,121.51861275153904,116.92112712074882,118.54264414082733,4455533
2021-06-21,118.73341369628906,121.84291133437875,116.44420766833926,118.42818671104145,2884069
2021-06-28,113.9070053100586,119.38202495680676,109.04244692636847,118.5617260488183,4353353
2021-07-05,114.3839340209961,116.61591253575334,108.52738552367985,113.73532568853177,3876023
2021-07-12,108.2984619140625,114.57469999710698,107.24924452904803,114.25039220773981,3862593
2021-07-19,111.02642822265625,113.01040735471187,101.65976604936144,107.17293281211248,4022793
2021-07-26,105.20803833007812,112.87686787148903,104.52127573778797,110.18705256980986,4301593
2021-08-02,107.40185546875,109.0806076678769,103.89174120358611,106.79140144673767,3650127
2021-08-09,104.67388916015625,107.40185884043227,103.64375251391245,107.40185884043227,3023138
2021-08-16,99.79025268554688,104.46403987968637,98.98902724154367,104.46403987968637,3704776
2021-08-23,102.17483520507812,102.95697982362418,99.29424865778947,100.87761867521847,2857068
2021-08-30,99.61856842041016,103.60560056005515,98.66473304994184,102.04131113466202,3715155
2021-09-06,99.86654663085938,101.1065353526624,96.94781312767995,100.0573180450058,3444282
2021-09-13,100.4197769165039,102.70898303943771,97.63457965090753,100.40070341290313,6112118
2021-09-20,106.23817443847656,107.78339026381553,97.44381897403504,98.76010908490356,3911736
2021-09-27,106.02833557128906,110.14890378126313,101.64068736415084,107.13478073651154,6029944
2021-10-04,109.80552673339844,109.80552673339844,103.33851702874239,105.7421861557934,3952380
2021-10-11,110.62582397460938,111.80857773763606,106.35263852517848,109.25229878065194,3763613
2021-10-18,105.4178695678711,110.41597156200422,102.19390901391525,110.30150871119699,4197559
2021-10-25,110.68304443359375,113.58270449699224,101.98406424339828,105.53233257462519,4628200
2021-11-01,114.80361938476562,115.03253782333022,107.49723736041157,109.76737007322905,3769983
2021-11-08,115.52853393554688,117.43620453191015,113.35378334285666,114.68915421574812,3111491
2021-11-15,107.74523162841797,117.2454300798435,106.35263300227821,115.70022159407019,4159956
2021-11-22,96.43274688720703,108.88984079073721,94.59184447642323,108.1649239287888,5150560
2021-11-29,94.10539245605469,100.1717781571995,92.40755954052106,97.76811644747688,7548590
2021-12-06,99.02717590332031,103.58650725880563,94.53461272461126,95.78413458021816,6062199
2021-12-13,96.56627655029297,99.63762715214808,93.85738799287124,99.63762715214808,5094110
2021-12-20,101.77423095703125,102.30838371213491,91.73034568624472,94.51554321707974,4086735
2021-12-27,102.68991088867188,102.8425207510456,100.34346966965245,101.62161274331285,1793490
2022-01-03,106.982177734375,107.68801386490283,102.82345497234829,103.33851966409406,4097395
2022-01-10,107.5926284790039,109.19507212961669,103.83451493808424,106.82955730168885,3511234
2022-01-17,106.0092544555664,109.82459564821501,104.12066464042941,108.43199698616057,4448845
2022-01-24,99.14165496826172,105.78034855691341,97.93982031254431,104.50220532177565,5460654
2022-01-31,101.2591552734375,108.29845691268675,98.72194997428602,100.80131114405889,4010985
2022-02-07,109.71013641357422,110.2442891466608,100.51516441799073,101.58346260697786,3782261
2022-02-14,108.20307922363281,111.78949472740305,103.98712164893415,107.30647170909732,3968054
2022-02-21,109.2522964477539,110.96919562635323,98.53118968270063,109.36675930386819,4996069
2022-02-28,92.52202606201172,110.09167091406705,91.23434983514257,106.9249379420011,7627280
2022-03-07,99.33240509033203,101.60253042810778,87.25685427667774,89.46021143620084,7061727
2022-03-14,101.62161254882812,104.71203684713534,96.6044368917917,100.64869647896288,5786719
2022-03-21,99.63763427734375,101.60253266097675,97.19581824508636,101.12561501235237,4141675
2022-03-28,102.04130554199219,105.66587538480489,98.8364182906969,100.22901698199286,4265635
2022-04-04,97.00505065917969,102.68991565973592,95.82229688138503,102.5182250083475,3599679
2022-04-11,99.08440399169922,99.50409383396283,94.92568168420594,96.07028836023792,2340520
2022-04-18,102.02222442626953,105.01726673340401,96.64259383146835,99.08440990933954,2671536
2022-04-25,98.4167251586914,103.60559144629534,97.19581715624007,100.64869623620045,3963863
2022-05-02,91.01496887207031,97.76812500949477,90.46174261329675,97.76812500949477,4217962
2022-05-09,92.07371520996094,92.14048338615002,87.50484350449162,90.18512549650627,5262219
2022-05-16,91.5777359008789,94.64908695627882,90.21375103084685,91.78758084660483,2986851
2022-05-23,94.94477081298828,95.84137836313995,87.82916003515201,93.61894026982442,3190495
2022-05-30,92.21089172363281,96.86025935858414,92.02874915052695,95.99748837254039,3571897
2022-06-06,87.87786865234375,96.95612260710827,87.87786865234375,92.12461232774574,3329877
2022-06-13,87.36979675292969,89.52672065034656,84.21589382082999,86.53578354629809,5058931
2022-06-20,91.07012176513672,94.90465320787932,86.41116547710139,87.45607909841867,3786637
2022-06-27,91.16596984863281,93.45710145526719,87.29309279749764,91.07010803976945,4151775
2022-07-04,95.3072738647461,95.67155901967647,86.90965556970302,92.08626698228451,3778539
2022-07-11,99.64029693603516,99.81285113494815,93.24621051405039,93.86932330533554,3793172
2022-07-18,99.21849060058594,100.80982449185103,98.12564983994335,100.0812615468268,3167513
2022-07-25,102.5545425415039,102.93798981937026,97.45461621972859,98.5474570519813,3575495
2022-08-01,101.6725845336914,104.56765946063793,101.63423834701408,102.4970092627858,2844327
2022-08-08,105.20035552978516,106.3315424629565,101.99852566780119,102.07521804281322,2363685
2022-08-15,105.37290954589844,108.76647033991277,105.18118592246653,105.5262942956739,2027871
2022-08-22,100.4647216796875,104.97029297310944,100.34968310921906,104.77856933611666,2710077
2022-08-29,98.12565612792969,100.31133778927543,94.50202523529985,99.21849695860256,2773779
2022-09-05,99.50608825683594,100.00457409823252,95.2785140688466,95.95914248392074,2560474
2022-09-12,94.45409393310547,102.38199173129708,93.78305386083007,100.15796380259941,4029331
2022-09-19,88.72146606445312,95.67155366852985,88.4818078712091,94.19525832049214,3238541
2022-09-26,90.1210708618164,90.78252251519989,85.71136147951283,87.99290489247217,4260395
2022-10-03,95.4702377319336,97.55047648145906,87.82035202832192,89.41167868466256,3844045
2022-10-10,98.01061248779297,101.02071880450873,92.70937443282132,94.64581672652773,4432088
2022-10-17,103.66655731201172,104.39512033640109,98.83504680053561,99.14180902441719,3667013
2022-10-24,108.99655151367188,109.78263015375124,103.1872388153728,104.10752546860317,5353813
2022-10-31,108.90068054199219,110.64539188015058,106.13982081427191,107.3668695821476,4059688
2022-11-07,106.21651458740234,110.43449295399229,105.85222945142014,108.57475034050815,3918348
2022-11-14,109.9935302734375,110.37698487310048,104.24173321985734,106.02479089157023,4312591
2022-11-21,112.37094116210938,112.7543957557044,109.16910371644721,109.41835029935218,3167911
2022-11-28,112.31342315673828,113.36791778147415,110.33863460132933,111.66155255555445,4020084
2022-12-05,112.33259582519531,113.15702064786512,110.54953816814553,112.54349621896499,2758430
2022-12-12,111.02885437011719,114.34572309298787,109.82097495327912,111.46982459542262,3959085
2022-12-19,112.6968765258789,115.1318048645779,110.20443255607144,111.20141160675207,2428149
2022-12-26,112.08334350585938,114.61413347403625,111.46981910834909,112.69686790336966,1341033
2023-01-02,117.33665466308594,117.33665466308594,111.77658156958142,112.8694223623246,2991272
2023-01-09,121.3053970336914,122.39823785539951,115.64946197427966,117.4708657817225,3641307
2023-01-16,124.0662612915039,125.61924182267016,121.26705513384216,121.5163017218989,3696235
2023-01-23,126.73125457763672,127.67071063587228,123.93204852727862,124.14294891571988,4370113
2023-01-30,126.92298889160156,127.38314321104363,124.87151509038114,126.13691752748123,4345274
2023-02-06,124.60308837890625,126.63539988009856,123.68280907399817,126.55870750009359,3237232
2023-02-13,131.198486328125,131.58193359924294,124.06625591575553,125.13991997694637,3885803
2023-02-20,127.78575134277344,131.88869843382673,127.3064349571123,131.4285587993131,4207300
2023-02-27,129.62632751464844,130.2398519174203,126.96132951877291,128.64851796950165,3252584
2023-03-06,127.91995239257812,131.21765128709265,126.86545055041088,130.12481057228953,2934735
2023-03-13,123.06929016113281,128.36093296976148,121.82306452861954,128.13087044704156,5242160
2023-03-20,127.78575134277344,129.7797092624328,119.98248116931317,122.51327110050096,3888917
2023-03-27,130.8917236328125,132.65561920360733,128.30341784889353,129.1278426895942,3250534
2023-04-03,130.7766876220703,131.29435753660175,128.1883819321411,131.16014952682988,2601634
2023-04-10,131.23683166503906,132.9240348472014,130.77669199152956,130.77669199152956,3046991
2023-04-17,136.5668487548828,137.73636743024295,131.58194599527866,131.6202995025491,3798463
2023-04-24,135.10971069335938,137.64050072874576,131.31351832649185,136.37509839726465,3689728
2023-05-01,132.00372314453125,135.30142205488477,130.5082584357836,135.10969843563564,3290915
2023-05-08,134.20858764648438,135.10970478966567,131.0259198324888,132.0995984804118,2489447
2023-05-15,137.2187042236328,139.50025506517255,133.26914160103408,134.59204497436082,2379416
2023-05-22,133.30746459960938,138.61829809557952,130.2781816734121,137.79387336573024,2746047
2023-05-29,134.5937957763672,135.79414858252014,131.0121167079566,135.71670503655744,3060645
2023-06-05,132.27056884765625,134.86487633891275,129.09545682851729,134.57446668954734,2126898
2023-06-12,135.96841430664062,136.80091404822508,133.0256183392896,133.06434750169683,3048287
2023-06-19,135.0197296142578,139.7630471617058,133.60642550225566,136.49112746460685,2387850
2023-06-26,138.87246704101562,139.45327148064868,132.79327422276447,135.50373925359034,2477778
2023-07-03,130.5281219482422,139.80177725252452,129.3858627368399,139.37584508188368,2364866
2023-07-10,132.67713928222656,134.9810371733257,129.676278896952,129.71499329129838,2027434
2023-07-17,137.18812561035156,137.3430127279532,131.88336738470744,132.63842361945484,2109291
2023-07-24,145.6486358642578,146.03583886025243,135.54248109781517,136.4911387775952,3662895
2023-07-31,141.58294677734375,147.54596813244103,138.64016526634137,145.80352490908803,3616275
2023-08-07,142.45416259765625,145.106534197618,141.0214789849486,141.5829336811425,2607880
2023-08-14,138.83375549316406,143.51897984640223,137.51724458381594,142.66713027271672,2423986
2023-08-21,140.4600372314453,144.1966037830455,138.87248130008834,139.00800382700245,1898834
2023-08-28,141.3893280029297,144.91292841533559,140.84723790422836,141.85397454883832,2277273
2023-09-04,143.79000854492188,144.73868091914767,139.8017618781521,141.79588521153698,2041688
2023-09-11,147.54595947265625,148.6882334851421,142.10567878929103,144.48700541240072,4379797
2023-09-18,142.4928741455078,148.4558948300086,140.69235214566984,147.5653161206373,2196262
2023-09-25,143.88682556152344,145.90031359880513,141.3893264029004,142.49287116872478,3207233
2023-10-02,140.1502685546875,144.85485756186822,137.7689419489524,144.33213201478068,3114449
2023-10-09,144.31275939941406,148.97861898287258,139.97602383731353,139.97602383731353,2988690
2023-10-16,140.30514526367188,148.01059399135363,140.30514526367188,145.18397083444324,2437474
2023-10-23,141.97015380859375,146.55857004902856,140.34386866666702,140.69235728487646,3103796
2023-10-30,145.2614288330078,147.99125890031547,140.65364784840352,143.3834631448626,2636188
2023-11-06,148.1848602294922,149.2690405137419,144.56445139337458,145.5518383070155,2347407
2023-11-13,155.4256591796875,156.29688811811022,148.59142405863267,148.59142405863267,2791231
2023-11-20,155.87095642089844,157.18746735273152,154.45763734977027,155.15461459432,1998116
2023-11-27,157.92315673828125,159.02670156460556,153.818736886784,155.61925894771818,3732541
2023-12-04,159.3364715576172,159.60751661156178,154.30274393670916,157.7876300172074,2942323
2023-12-11,155.0384521484375,163.36343490674258,153.19920095109788,159.22030072363333,4093049
2023-12-18,154.7286834716797,156.21944611025722,152.11502617218918,154.4189240113463,2056204
2023-12-25,154.36083984375,155.34821193802256,153.8768287019446,154.72867826734557,783017
2024-01-01,154.4382781982422,156.80025507995393,152.54096267646798,154.36084940910135,1363687
2024-01-08,163.11175537109375,164.350822716874,151.66972484793348,152.03757804369096,1907707
2024-01-15,164.4088897705078,166.69342279318698,160.63360903300048,162.74389037580028,2076656
2024-01-22,168.24227905273438,168.24227905273438,159.23966868937805,165.14461064030212,2503341
2024-01-29,169.8491973876953,169.90727636172036,164.75739069239648,168.4358783460781,1995190
2024-02-05,170.7784881591797,172.26925073589234,167.68081983015355,169.55878540892658,1821272
2024-02-12,181.8720245361328,182.5302725742421,166.2868604474004,170.66232514071456,2661177
2024-02-19,186.84767150878906,188.41586293352253,180.8265715235788,181.11698117245305,2144783
2024-02-26,187.25424194335938,189.03539948617234,185.76347928296812,186.38301298354864,1989454
2024-03-04,189.1902618408203,192.86874916878438,186.59595465425116,188.24160421709976,2090638
2024-03-11,195.8793182373047,196.7989364677781,186.86701822029062,188.28033727691516,3186031
2024-03-18,200.62261962890625,201.59064191903366,195.54050260573734,196.21811525465694,1975010
2024-03-25,203.3330841064453,206.52756060406887,200.42901724875986,200.8646243232431,1900297
2024-04-01,198.92857360839844,205.22071827241106,194.57247345638973,203.187865626468,2426695
2024-04-08,199.218994140625,202.99427523727687,194.37888259576457,199.41259564824978,2445565
2024-04-15,199.31578063964844,204.25270015359575,196.79893158557246,202.31665560237684,2228415
2024-04-22,201.92945861816406,205.60793155842387,196.60533594364807,201.15503782042848,2619300
2024-04-29,199.7998046875,203.0910894997469,194.57248996978552,201.3486463368925,1745081
2024-05-06,205.70474243164062,208.80241089291215,199.60619887832115,199.9934166677603,1944700
2024-05-13,201.83265686035156,205.5111446877555,199.70301067738566,205.02713352022468,1840049
2024-05-20,209.5768280029297,211.8032822476616,202.1230592452168,202.2198526127324,1699675
2024-05-27,209.359619140625,214.0533304323926,206.4260421227981,211.99983547248038,2662210
2024-06-03,203.9813995361328,212.87990775262915,203.68803884307366,211.70647990133722,3252848
2024-06-10,192.29595947265625,205.8393121044373,191.171427631437,201.53673862740138,4243369
2024-06-17,198.01644897460938,199.97216698917342,192.68712036911123,193.66497937639323,3649823
2024-06-24,193.02935791015625,202.22124133312903,191.26922367172725,198.2120135212763,3457427
2024-07-01,198.01644897460938,202.41681450737846,194.39837363185475,196.8430211500598,2626385
2024-07-08,200.26551818847656,202.22123611039345,196.64744301711906,197.72307892160717,2326780
2024-07-15,193.32272338867188,200.7544578367347,193.32272338867188,198.5053791284306,2236819
2024-07-22,198.89649963378906,201.43893881045358,191.22031601517986,194.10499686347106,2121634
2024-07-29,186.917724609375,205.54593982221215,186.37991414582706,199.58100942597173,3730582
2024-08-05,188.2867431640625,189.5579627789125,180.61054446438413,183.8374819725592,3016155
2024-08-12,192.6382293701172,192.6382293701172,186.77107517610347,189.36239564341497,1679499
2024-08-19,192.7360076904297,194.10500427106732,190.43803315763404,192.1492863439029,1346766
2024-08-26,193.5671844482422,195.96293599403293,191.17143290245144,192.10039596049958,1473469
2024-09-02,188.0911865234375,193.567188026334,185.79321188178503,193.567188026334,1837697
2024-09-09,198.79873657226562,199.18987420170023,187.74892694988068,188.92235475912864,2696181
2024-09-16,205.54595947265625,207.01274797734354,195.66959249366172,198.0164481327837,2987676
2024-09-23,208.6750946044922,211.80425519088703,204.2747293159359,206.32823908563958,3065937
2024-09-30,203.39466857910156,208.4795323093903,200.46109162844144,207.50167332583692,3307322
2024-10-07,200.26551818847656,204.8614523207925,195.7673609996903,203.88359335983407,2825628
2024-10-14,210.3374786376953,210.43525558595127,201.14559500780848,201.34116382526472,2577240
2024-10-21,206.81716918945312,210.53303620636015,203.1990940365214,209.35960844337467,2234152
2024-10-28,205.8393096923828,208.87067841632498,201.92787387875083,206.914960509509,2676745
2024-11-04,214.93341064453125,220.40941207821552,205.5459582997237,205.5459582997237,3254554
2024-11-11,212.29318237304688,220.50719152120212,211.21753156798076,217.0846852226469,3328573
2024-11-18,215.22677612304688,216.79134160140916,208.77290062708698,211.8042695553897,2184180
2024-11-25,215.61790466308594,218.74705040870157,210.53304096134252,218.25812091966964,3974441
2024-12-02,208.18617248535156,223.53857052696142,206.23045451021085,213.56439691698853,4599013
2024-12-09,204.47032165527344,208.67510339357148,201.3411609370831,208.38175763206723,3087176
2024-12-16,205.3503875732422,210.14189064824023,203.10130891563216,203.88359909057618,3419473
2024-12-23,206.3282470703125,206.91496843320286,204.2747372211403,205.64374876090312,768786
2024-12-30,206.9149627685547,210.14188541327698,204.95924484038665,205.74152007489894,1468872
2025-01-06,215.52011108398438,217.67141275538185,203.59023463061044,207.4038935673156,2526635
2025-01-13,222.36512756347656,222.75628011064603,210.82640345944074,214.54225567141484,3782095
2025-01-20,231.26365661621094,233.70830414915184,221.58285835414267,223.2452156923536,3401914
2025-01-27,234.58836364746094,235.66401449527754,226.08099349426834,229.3079311167742,2796063
2025-02-03,238.20645141601562,238.40202022611888,229.3079288073528,229.50349761745602,2921424
2025-02-10,240.55331420898438,243.9758207119577,235.2728815727746,238.3042355228416,4642702
2025-02-17,238.7931671142578,250.52749014814793,238.10866879185818,242.70460315190638,3613104
2025-02-24,244.56253051757812,244.8558762672078,233.95275489162842,238.79315373278376,3356493
2025-03-03,245.24703979492188,257.9591918538004,245.24703979492188,250.23411173443967,4995284
2025-03-10,245.14923095703125,247.78944708589125,232.53485671862057,247.78944708589125,4423953
2025-03-17,244.8558807373047,252.28761489642974,242.02009568552853,246.81159868223827,3423679
2025-03-24,240.25994873046875,251.40755007028417,237.6197324650459,247.0071846542648,2691803
2025-03-31,213.46661376953125,240.8466646261029,212.19539413843026,236.6418681175121,4634988
2025-04-07,200.16773986816406,217.18249589269442,186.47771348842326,192.14929882993337,7640844
2025-04-14,207.5016632080078,211.021961345527,201.43894078978545,204.66587826235414,2944936
2025-04-21,225.00535583496094,227.54778021422044,204.95924687248828,207.50167125174778,3029803
2025-04-28,237.9130859375,238.01086288010583,224.41862941958465,226.66770799272777,2988990
2025-05-05,242.70458984375,244.95366842626368,233.41492976371205,236.64186730201922,2488413
2025-05-12,250.4296875,252.092029839318,236.3485094179712,240.35773715237625,2845191
2025-05-19,249.15847778320312,257.37250238848446,245.24704175810086,249.35404660026938,2727959
2025-05-26,258.49554443359375,260.3744272498142,252.66110613964887,257.9022050762364,2599270
2025-06-02,262.7477722167969,265.21999427311414,254.93552637604077,256.71554436368433,2285141
2025-06-09,250.38665771484375,263.04443821049114,248.705549661423,262.4510988555207,3060786
2025-06-16,257.30889892578125,262.0555534835192,250.68333135121554,250.68333135121554,3005990
2025-06-23,269.1755676269531,269.867771742079,253.7488949245877,255.9244323730469,2082380
2025-06-30,266.8022155761719,273.8727954183008,261.2644618285806,270.95556106535986,2515884
2025-07-07,276.3944396972656,278.1744275952961,267.7910944403004,267.7910944403004,2627240
2025-07-14,282.1299743652344,283.81109746692323,273.8233141336083,274.21886363444906,2184835
2025-07-21,274.4166564941406,283.3166561642209,270.55999600613774,281.83332288587417,2198121
2025-07-28,277.185546875,291.920015642488,272.43889222166456,276.39444782560884,3425360
2025-08-04,287.9644470214844,291.0299783331724,279.4599968217379,280.4488856780225,2000806
2025-08-11,288.5577697753906,291.7222263358553,283.02001606231903,287.76667072452165,1690931
2025-08-18,287.272216796875,290.33777833023396,285.59109364611555,289.64554404968754,1572381
2025-08-25,281.73443603515625,288.5577632753048,280.9433370021076,286.7777753616986,2603980
2025-09-01,275.10888671875,284.20664591846855,273.62555346220427,282.3277631625424,1832673
2025-09-08,282.4266662597656,283.1188703591012,273.52666646278874,276.98777749494644,1850747
2025-09-15,288.3599853515625,288.3599853515625,276.4933195360948,282.6244121003247,2626130
2025-09-22,292.7110900878906,295.3811019675215,283.61330089214056,288.8544297339174,2772458
2025-09-29,299.7322082519531,303.09442421406163,289.5466352691489,292.2166471623335,3276961
2025-10-06,293.99664306640625,302.5010932130537,293.99664306640625,298.64443273332193,2000808
2025-10-13,293.6011047363281,299.4355431383355,289.54665426086746,295.67777743629523,2243957
2025-10-20,301.1166687011719,310.61000813434606,297.85334741718736,299.3366807605429,2135425
2025-10-27,304.4788818359375,305.96221516431507,297.85334440961395,302.69889391328195,2064000
2025-11-03,297.75445556640625,307.0500052450503,296.8644615869021,304.2811283802608,1816692
2025-11-10,301.01776123046875,308.8299771441878,296.76555122813227,304.67666206298554,1989208
2025-11-17,286.1844177246094,305.26999000784105,285.39331874207295,301.9077438858319,2226279
2025-11-24,287.0744323730469,289.25,278.96556159125436,286.1844384087457,2442586
2025-12-01,289.6455383300781,294.49108766273844,278.2733165471951,285.0966435812264,2480987
2025-12-08,288.0633239746094,296.2711199367758,286.3822309547639,291.1288855947319,1545821
2025-12-15,302.8966369628906,303.88552579421383,286.87665600255053,289.4477729996892,2962726
2025-12-22,295.97442626953125,302.00665440305704,295.5788767578314,301.9077594805088,790368
2025-12-29,303.78668212890625,303.88554687610355,289.8433426042397,295.9744356766892,1507906
2026-01-05,313.7744140625,320.9933206372204,305.76443867272343,305.86330341304784,2304493
2026-01-12,317.13665771484375,326.1355218643962,311.1044298568035,313.08220750347294,2643713
2026-01-19,306.95111083984375,319.806666636822,301.7100117017043,315.2577716268077,2795710
2026-01-26,297.6555480957031,307.4455418146472,294.7877764254963,306.0611034405984,2585250
2026-02-02,304.5777587890625,304.5777587890625,291.3266545397822,293.50219185260886,2589620
2026-02-09,329.1022033691406,333.55220327744115,300.72111094996427,305.36887052487106,2706566
2026-02-16,342.55108642578125,346.9021912643048,324.1577480581442,327.02554982258437,2480641
2026-02-23,336.2221984863281,344.0344141213415,335.5299642415772,340.5733032545705,2794347
2026-03-02,314.1700134277344,334.1455509624321,310.80776704820147,328.60776712504776,3465553
2026-03-09,301.01776123046875,321.09222308100465,297.65554516135467,303.78666812976314,3384734
2026-03-16,278.4710998535156,307.7422151825641,276.1966374432209,300.6222035533254,4728607
2026-03-23,275.306640625,292.1177505144823,268.2855239884002,273.42775790834446,4076859
2026-03-30,284.1077575683594,289.546646301456,270.6588932074967,272.9333255153944,3320460
2026-04-06,309.8188781738281,314.3677731183301,278.66887803745846,284.1077669501579,3946653
2026-04-13,311.796630859375,317.13665459565436,293.6999776417354,305.66553832209706,3112830
2026-04-20,267.0,306.85221015082465,265.714456515842,306.6544504801432,4878313
2026-04-27,269.9666442871094,272.14221173371345,259.6822067309178,268.87886056380734,3335898
2026-05-04,283.1188659667969,300.91886528460157,262.05554551212504,271.05444009182486,4533485
2026-05-11,268.3844299316406,283.51444756084504,268.3844299316406,278.27331850818223,2841737
2026-05-18,281.83331298828125,284.60218960589225,263.3410800295833,263.9344193557833,3188394
2026-05-25,305.70001220703125,310.8999938964844,291.0,291.0,3655277
2026-06-01,298.5,304.1000061035156,291.29998779296875,302.5,2857382
2026-06-08,306.1000061035156,312.29998779296875,287.1000061035156,290.70001220703125,3165300
2026-06-15,329.3999938964844,338.70001220703125,315.6000061035156,320.0,4976514
2026-06-22,332.70001220703125,345.6000061035156,326.5,329.5,3877640
2026-06-29,356.70001220703125,358.20001220703125,329.20001220703125,332.1000061035156,3603010
2026-07-06,336.1000061035156,360.79998779296875,330.29998779296875,358.5,2868965
2026-07-13,329.5,333.79998779296875,322.1000061035156,333.29998779296875,2662953
2026-07-20,329.79998779296875,330.29998779296875,316.8999938964844,328.29998779296875,3101138
2026-07-27,338.3999938964844,347.5,329.0,334.3999938964844,3043150
2026-08-03,357.3999938964844,361.8999938964844,345.79998779296875,346.0,2307517
2026-08-10,360.5,366.5,353.5,354.0,1754918
2026-08-17,343.6000061035156,363.70001220703125,339.6000061035156,360.5,1973603
2026-08-24,344.20001220703125,354.5,338.8999938964844,342.6000061035156,2065392
2026-08-31,333.5,343.6000061035156,326.79998779296875,343.29998779296875,2321490
2026-09-07,330.20001220703125,337.5,318.8999938964844,333.70001220703125,2020368
2026-09-14,323.0,333.70001220703125,319.3999938964844,327.3999938964844,3081409
2026-09-21,336.29998779296875,340.29998779296875,325.1000061035156,325.5,2241771
2026-09-28,330.1000061035156,340.70001220703125,325.70001220703125,336.70001220703125,2827620
