Price,Close,High,Low,Open,Volume
Ticker,SAN.PA,SAN.PA,SAN.PA,SAN.PA,SAN.PA
Date,,,,,
2000-01-03,15.53315258026123,16.476940257519292,14.200055201080362,16.1662765120945,6014114
2000-01-10,15.607869148254395,16.516264470931894,14.707339627739346,15.788761481743311,6721962
2000-01-17,14.451733589172363,16.12302309250054,14.23544887002,16.04437410371786,6450714
2000-01-24,15.139907836914062,15.474164433703525,13.645578993038045,14.35341817787233,7893692
2000-01-31,15.33653736114502,15.729780864656243,14.557913142733312,14.844981096376022,5557345
2000-02-07,15.33653736114502,15.808429867019283,14.766332094012984,15.430914957337489,4871793
2000-02-14,16.87018585205078,16.98422717983755,15.041600001464502,15.041600001464502,6966297
2000-02-21,15.926396369934082,16.787601360613678,14.71127102419055,16.51232997334173,11800853
2000-02-28,16.476947784423828,16.508406483054497,14.986550269895048,15.867417964419422,6330861
2000-03-06,15.607869148254395,16.516264470931894,15.395518131025842,16.079762979079423,4293903
2000-03-13,15.631467819213867,16.84659355973899,14.235449695657802,15.297211105804742,9635215
2000-03-20,15.434845924377441,16.46121341639254,15.218561205569491,15.336534688555647,4981504
2000-03-27,15.670788764953613,15.926396402496867,15.041597021331295,15.316868409166059,4920121
2000-04-03,15.78089714050293,16.123019563502513,15.100584441421486,15.96572162036645,5303106
2000-04-10,16.476947784423828,16.90558367700945,15.375863166268358,15.584282135222887,5676013
2000-04-17,17.617351531982422,17.715662763278367,15.572479429330402,15.946062108254994,6530893
2000-04-24,16.142683029174805,17.617349849475474,15.415181495366914,17.617349849475474,5414568
2000-05-01,16.889850616455078,17.30275629640803,16.123022981121288,16.14268522818113,4008256
2000-05-08,17.106130599975586,17.735322387238977,16.815130605009003,16.889847431407215,3243274
2000-05-15,17.106130599975586,17.695997900535016,16.78760255933418,17.204441816735493,5257460
2000-05-22,17.833635330200195,18.384176689041727,16.437617425385834,16.929172048461822,6846118
2000-05-29,17.872962951660156,18.45889675626443,17.483650125747804,17.89262520035973,11249886
2000-06-05,17.3389835357666,18.178605790027667,16.63797826342032,18.020186382125058,3468154
2000-06-12,18.0518798828125,18.218221269579427,17.053839157499958,17.3389936504464,3260837
2000-06-19,19.125164031982422,19.125164031982422,17.822165379115624,18.2182139712471,6704835
2000-06-26,19.762805938720703,21.545023579911415,18.733080831857066,18.733080831857066,12539726
2000-07-03,19.861814498901367,20.35687528663364,19.010311463059196,19.406360093245016,4638754
2000-07-10,19.307350158691406,20.515297100780355,19.307350158691406,19.80240948436605,2997880
2000-07-17,20.614307403564453,21.168773980412464,19.010311930895526,19.010311930895526,4336550
2000-07-24,22.653955459594727,23.228224483610926,20.673715245731568,20.93114534943129,4483298
2000-07-31,21.98067283630371,23.366843117883544,21.36679894494721,22.65395554449963,6597503
2000-08-07,22.376720428466797,23.129212831402167,21.802451429494525,21.92126601943169,4717308
2000-08-14,21.2875919342041,22.653958438695014,21.228184628832427,22.653958438695014,3752991
2000-08-21,23.248031616210938,23.366846227586993,21.188579871416934,21.386604223710357,4846458
2000-08-28,22.79257583618164,23.26783428648682,21.743048277482014,22.970797755046085,9944330
2000-09-04,22.277706146240234,24.297552463543507,22.178693997399034,22.673754741605034,8696801
2000-09-11,22.416330337524414,23.30743996263513,21.66383928426639,22.37672546529727,9938485
2000-09-18,22.772769927978516,22.772769927978516,20.634110265859178,22.554943171473187,29135318
2000-09-25,24.11932945251465,24.67379745974684,22.059879892337932,22.970790099447964,10357496
2000-10-02,24.238149642944336,25.10945519432934,23.426249872759286,23.683681507208203,6212641
2000-10-09,24.05992889404297,24.951036921508987,22.871784351069092,24.11933619714454,5141487
2000-10-16,23.267831802368164,24.67380304869247,22.57474663633489,23.80249598282207,6134140
2000-10-23,24.356962203979492,25.56490902234508,22.693559455110165,22.693559455110165,5050160
2000-10-30,24.95103645324707,25.149060793202608,23.683682196589164,24.158940612482454,5080249
2000-11-06,26.257993698120117,26.376808286714088,24.554986113997252,25.109452675045098,5451148
2000-11-13,26.951074600219727,27.406530503561413,25.584709928309216,26.257992568031703,6744774
2000-11-20,26.51542854309082,27.089696086606097,25.44609711522747,26.753054711167632,4943175
2000-11-27,26.456016540527344,28.040207928860287,25.881746060940145,26.832259678694108,11983983
2000-12-04,24.297557830810547,27.525350038872904,24.099533489385088,26.61444110643088,7669979
2000-12-11,24.49558448791504,25.68372912973097,24.040128459580153,24.852026817119437,4876629
2000-12-18,26.337203979492188,26.634237419129025,23.485655312134448,24.574787544832848,5638944
2000-12-25,28.119421005249023,28.119421005249023,25.76293455285896,26.337205100965207,3395195
2001-01-01,24.71339988708496,28.119414482091766,24.079723706956745,28.119414482091766,6928935
2001-01-08,22.1984920501709,24.91142135538246,22.079677494988765,24.71339709674557,7973720
2001-01-15,22.67375373840332,23.683676092842273,22.020275104021813,22.178693016101313,6467817
2001-01-22,23.960905075073242,23.960905075073242,22.535132012745763,22.931180507574737,5106758
2001-01-29,23.34703826904297,24.515381747191267,23.030200878771986,24.356962292527093,8412913
2001-02-05,24.95103645324707,25.228270529184826,23.050005827788976,23.525262724624735,6629569
2001-02-12,24.99064064025879,25.74313311158488,24.79261630569929,25.10945524099449,7217712
2001-02-19,23.782691955566406,26.020365251159483,23.703482227614177,24.852021763864112,7740543
2001-02-26,23.564863204956055,24.41636770821898,22.7727675116757,24.1787385445177,27747228
2001-03-05,22.31731414794922,24.51538264264432,22.27770928283656,23.6836804752785,8479310
2001-03-12,21.14896583557129,22.574739035134975,21.04995370233374,22.238097782127323,6167925
2001-03-19,23.624271392822266,24.475774409356895,21.06976082416108,21.06976082416108,13473301
2001-03-26,25.030241012573242,25.1490555919738,22.970791341078,23.30743264937958,7845915
2001-04-02,26.059968948364258,26.059968948364258,23.505456855334295,25.30747656650909,10151320
2001-04-09,25.149057388305664,26.634236698780708,25.05004523173302,25.663920602483426,6004113
2001-04-16,24.436176300048828,25.822345252101464,23.861905676303145,25.149062451847904,28981573
2001-04-23,26.158979415893555,26.436213433424612,24.059923373644175,24.45597197011712,13220090
2001-04-30,26.376808166503906,27.069890225362045,25.782735226241506,26.218388715767265,6464828
2001-05-07,27.723371505737305,28.040210419165874,26.257994569244946,26.53522558038017,10811761
2001-05-14,28.51546859741211,29.24815554167024,27.327322680050678,27.327322680050678,13083465
2001-05-21,28.416452407836914,29.822421839216464,28.020403824880894,28.673883986758327,14030068
2001-05-28,28.61084747314453,29.447652916445595,28.212367235016547,28.88978363983412,6739156
2001-06-04,28.59092140197754,29.487498816421827,28.431529318206557,28.610845412448914,7251800
2001-06-11,28.29206085205078,29.069097249644592,27.734188566598814,28.690541055945044,10481735
2001-06-18,30.762636184692383,31.26073645778019,28.29206188694441,28.650694083567632,15170106
2001-06-25,30.882169723510742,31.280649806152148,29.507413438397894,30.384069620208987,10579107
2001-07-02,29.108943939208984,31.121265820106693,28.88977983708705,31.081417801539068,10494800
2001-07-09,29.08902359008789,29.88598100495123,28.19244305950299,29.208564604064858,10419446
2001-07-16,27.893577575683594,29.069094047688726,27.495097415681855,28.96947400768829,8239673
2001-07-23,27.953351974487305,28.411604197420555,26.498902323683915,27.614643809710554,11197624
2001-07-30,27.69434356689453,29.567197672706587,27.375559369008606,27.95335572767685,7065213
2001-08-06,26.897377014160156,28.47137363671516,26.219963802992183,27.81388137666054,5765734
2001-08-13,28.531147003173828,30.005520598950863,26.538749178124483,27.136466385902224,10960117
2001-08-20,29.686742782592773,29.92583093934827,27.99320472900923,28.590925120897968,7584995
2001-08-27,28.710466384887695,30.204764161360803,28.292062151580303,29.58711981695465,12633587
2001-09-03,30.284460067749023,30.842332376282496,28.092821912420817,29.029250430316285,11238667
2001-09-10,27.495098114013672,30.36415228212851,26.5785967794991,30.20476021407951,13645588
2001-09-17,27.69434356689453,29.089024432645473,25.96095754765757,27.813887641101758,13230972
2001-09-24,28.491302490234375,29.2882629409946,27.49510192678409,28.252214355006306,11268207
2001-10-01,28.69054412841797,29.547273601770428,27.59472345035721,29.06910036265714,14122578
2001-10-08,30.085220336914062,30.981800844076737,27.933430176491246,28.391682435707725,8485568
2001-10-15,30.04537010192871,30.62316638621981,29.288260786176718,29.76643396468473,6421971
2001-10-22,30.364164352416992,32.0377786754554,29.28827052216673,29.80629189248139,10144067
2001-10-29,29.507417678833008,30.24460593765904,28.61084042081155,30.24460593765904,6602741
2001-11-05,30.782562255859375,31.479902684854547,29.48750145915406,29.48750145915406,7694929
2001-11-12,30.304370880126953,31.559583027637323,28.33189770509118,30.78254693632138,7349969
2001-11-19,30.364164352416992,30.802492713794965,29.148799350414432,30.125076155301734,7690020
2001-11-26,30.842327117919922,31.041567194141656,29.726582691078207,30.60323902645384,15840004
2001-12-03,31.101343154907227,31.40020330708003,30.28445873896823,30.483698840416764,7979958
2001-12-10,29.467573165893555,31.479898111503587,29.40780113780613,31.28065801787883,8859757
2001-12-17,33.193363189697266,33.193363189697266,29.587120190096687,29.84613233779164,9070783
2001-12-24,33.3925895690918,34.46848574008281,32.75502146776378,33.19334953742679,2774020
2001-12-31,32.217079162597656,33.39259556033017,31.73890605757507,33.39259556033017,4321426
2002-01-07,32.07762145996094,32.45617771012301,31.260739976905427,32.05769744679451,7669876
2002-01-14,32.07762145996094,32.45617771012301,31.340436029571126,31.87838132829669,7559669
2002-01-21,31.30058479309082,33.59184301547327,30.94195259287603,31.89830207001455,12210150
2002-01-28,30.284460067749023,31.878377892505657,30.125067979596604,31.300584629720706,11055989
2002-02-04,28.252212524414062,31.200962944396036,27.554872175182787,30.44385056523065,29273370
2002-02-11,28.81008529663086,29.24841046687834,27.89358082196326,28.35183305929706,11286123
2002-02-18,28.88977813720703,29.945747510348326,28.531145991200397,28.730386072315195,11555846
2002-02-25,29.60704231262207,30.384078706134463,28.570996844706304,28.710464915336733,14161063
2002-03-04,28.551067352294922,30.28445284052147,28.29205527085913,29.94574473402851,10833230
2002-03-11,29.34803581237793,29.46757682663599,28.013127019257013,28.551075338872906,8946107
2002-03-18,28.531147003173828,29.587116413769383,28.431526959083,29.487496369678553,6893507
2002-03-25,28.29206085205078,29.487498406966125,27.953352678740657,28.55107298458205,8180173
2002-04-01,27.69434356689453,29.467577610867234,27.1763192453299,28.29206393793065,10881262
2002-04-08,27.69434356689453,28.29206393793065,27.156395232962026,27.714267579262405,7449596
2002-04-15,27.395479202270508,28.630767780638564,26.658293913882687,27.893579435483435,8255036
2002-04-22,27.99320411682129,29.18864487445548,27.116547561222884,27.41540775063143,11344337
2002-04-29,28.092815399169922,28.810079629559848,27.395475175179715,27.81387930957384,7122602
2002-05-06,26.91730308532715,28.610843884979445,26.77783807624075,28.072895630972248,5831284
2002-05-13,27.654491424560547,28.570995857020236,26.439129907848713,26.757911001502155,9714001
2002-05-20,26.379364013671875,27.99320609367841,25.74179556457575,27.754117925267366,10248560
2002-05-27,25.881263732910156,27.176321591876057,25.58240352158694,26.37936408511552,12370848
2002-06-03,23.672466278076172,26.16854420374841,23.16922599364117,26.16854420374841,18937656
2002-06-10,22.06209945678711,24.115323395990355,21.337431094131468,24.014675012288183,15651774
2002-06-17,23.712730407714844,24.39713943266394,22.404302933590383,22.947804218108782,15772740
2002-06-24,24.799732208251953,24.799732208251953,21.921191545546886,23.95428579186666,20489243
2002-07-01,25.24258804321289,25.403625484529822,22.625732710134365,24.6386991824352,11012862
2002-07-08,22.585472106933594,25.7659583096002,22.24326910712724,24.960772691485463,12535965
2002-07-15,23.290010452270508,24.336752200117143,20.894581776190517,22.62573105541971,14182698
2002-07-22,21.840673446655273,23.18936027090465,20.041082472124113,23.169230593764205,16431539
2002-07-29,23.652347564697266,25.403626737043254,22.062104297447206,22.16275270323271,11017519
2002-08-05,26.26919937133789,26.510755511609624,22.988064887634824,24.1354550097649,13044355
2002-08-12,26.168554306030273,26.490629200667165,25.2023296221196,26.228943348774692,8773499
2002-08-19,25.443883895874023,26.349719469496648,24.83999505761968,25.967255560633763,7316502
2002-08-26,24.61856460571289,26.047770068975225,23.471174608702942,25.302972051022486,6788484
2002-09-02,23.33026885986328,23.350398537736236,21.196524549490707,23.350398537736236,16408452
2002-09-09,22.98806381225586,25.26271427175215,22.464692199483697,23.189360586398998,10554845
2002-09-16,22.26339340209961,24.256228058471258,21.619243828057645,23.350394264135087,9911774
2002-09-23,23.752994537353516,24.01467883244631,20.33095203543602,22.20301072593543,10734326
2002-09-30,23.652347564697266,25.14194088200095,22.263401109018208,22.96793840535585,12901084
2002-10-07,23.914024353027344,24.719211346026494,22.766634432163947,23.1893576034885,11921537
2002-10-14,24.75947380065918,26.530883863242096,24.095194448130368,24.19584283487716,13024365
2002-10-21,24.59843635559082,25.72569674179026,23.994546035755096,24.558177000935107,10032787
2002-10-28,24.61856460571289,25.282842374861602,23.229618494772325,25.16206431789629,7667871
2002-11-04,23.028324127197266,25.40362307279773,22.786767988154374,24.880251438204795,8390088
2002-11-11,23.994548797607422,24.115326875476526,22.162751038247542,23.028325718815356,9227810
2002-11-18,24.155588150024414,24.67895986228784,23.24975403834475,23.8939022938927,8006119
2002-11-25,23.914024353027344,24.477655248126748,23.14909825383854,24.236099150227005,11251217
2002-12-02,22.746509552001953,24.03480746819634,21.840675538100484,24.03480746819634,8373187
2002-12-09,22.545211791992188,23.35039892009518,22.142619772101337,23.310139563690033,8034416
2002-12-16,23.571823120117188,23.571823120117188,22.263395706570254,22.283525382842676,12781835
2002-12-23,22.907546997070312,23.81338101146702,22.766639243516938,23.3906592949676,3595807
2002-12-30,23.39065933227539,23.95428880322716,22.7263799216071,22.907547033607543,6412361
2003-01-06,22.786767959594727,23.591955088728522,22.283527548046756,23.4913066975868,7970751
2003-01-13,21.07575035095215,23.189365371430394,21.01536285040908,22.706253013798587,9479053
2003-01-20,19.11511993408203,20.894581330732642,19.010444371784363,20.73354390462626,19146156
2003-01-27,19.586158752441406,20.08537366458272,17.955655943978172,19.054735729250503,16800958
2003-02-03,17.91942024230957,19.908229961512564,17.895264933748717,19.727064375225737,9211454
2003-02-10,17.19474983215332,18.116687809948647,16.74787130842325,18.116687809948647,9642116
2003-02-17,19.831735610961914,19.92835683157592,17.22695739800285,17.291373603959723,17295433
2003-02-24,19.97667121887207,20.0893965035748,19.12317338031368,19.82368502886593,14623277
2003-03-03,19.00642204284668,20.21017577653165,18.4870774888685,20.08939768599516,13892154
2003-03-10,19.167455673217773,19.167455673217773,16.707612450487797,18.942003591356826,16280723
2003-03-17,21.136140823364258,21.256918920930552,18.317989845967098,18.450844826793414,10236542
2003-03-24,19.779399871826172,20.975102269903402,18.760838970098373,20.67315706390806,9287497
2003-03-31,21.33743667602539,21.538733496089176,18.454869609866034,19.30031625413394,11909038
2003-04-07,21.236787796020508,22.484828052796683,21.015362843011445,21.80041887972588,15310805
2003-04-14,21.740022659301758,22.444559737225617,20.854318507127658,21.05561525629459,7136038
2003-04-21,20.81406593322754,21.941326551376996,20.693287844408573,21.740029736678718,8363016
2003-04-28,21.538728713989258,21.901062909657433,20.471857348682445,20.693283801590773,8511004
2003-05-05,21.679637908935547,22.585471914621678,21.156267802073636,21.820545661133945,9985949
2003-05-12,21.780290603637695,22.04197648081595,21.07575170354239,21.840679652217293,7411514
2003-05-19,20.69328498840332,21.53872994929022,20.029005591580216,21.53872994929022,11473060
2003-05-26,21.88093376159668,22.323786678129526,20.117576437331998,20.552376556158777,13103619
2003-06-02,21.71514320373535,22.901092531991424,21.510668911185075,22.655724949466627,16264433
2003-06-09,22.001401901245117,22.635272055108153,21.224401345690104,21.715137960790845,10475034
2003-06-16,22.77840805053711,23.800777878574365,21.735589226032968,22.042300645004776,15821800
2003-06-23,21.01993179321289,22.57393481964174,20.93814207768845,22.57393481964174,16635931
2003-06-30,21.060821533203125,21.531110714653046,20.508741087568506,20.89724214190398,12125723
2003-07-07,21.79693031311035,22.021852008007464,21.163061650572015,21.34708849185147,8149552
2003-07-14,21.326644897460938,21.980961104389348,20.917696287795913,21.940066243422844,8129567
2003-07-21,21.142620086669922,21.980963249771413,20.713224004611806,21.469777437797465,10684187
2003-07-28,20.31654167175293,21.59245908851715,20.095709117383773,21.183512063234126,11615844
2003-08-04,19.93621826171875,20.549639517483342,19.470016601543676,20.22248067785668,11706033
2003-08-11,20.33289909362793,20.549640898323393,19.55180762524065,20.087529947420272,11189859
2003-08-18,20.197940826416016,20.50874136031065,19.63359286004987,20.46784651194201,8486498
2003-08-25,20.938140869140625,21.1221677184486,19.690849347921993,20.07935047423883,8818474
2003-09-01,21.46977424621582,21.899170264442223,20.81545807269209,21.101722084843026,12226916
2003-09-08,22.164987564086914,22.63527845640372,21.326644498492556,21.490223939298403,10002825
2003-09-15,22.860198974609375,23.207805291729464,22.18543533932365,22.20588276974248,8461463
2003-09-22,21.79693031311035,22.737511946316467,21.387983345469127,22.69661552416346,10797755
2003-09-29,22.28766632080078,22.28766632080078,20.774558457265762,21.69469100282732,12123175
2003-10-06,21.59245491027832,22.308114810977397,21.122165686925623,22.16498283083758,7882140
2003-10-13,21.61290740966797,21.96051372875137,21.38798724232611,21.633354840202287,6524752
2003-10-20,21.24485206604004,22.349011581990442,20.917693226192394,21.633351619823717,9737067
2003-10-27,21.7764835357666,22.16498465672106,21.203957136579636,21.28574684625426,7403411
2003-11-03,22.24677085876465,22.451245100711912,21.75603267809122,21.75603267809122,6767457
2003-11-10,22.92153549194336,23.16690459516096,21.796928670731255,22.103640049753256,9928995
2003-11-17,22.77840805053711,23.187355040630752,21.980958361210412,22.71706576674275,8884941
2003-11-24,23.10556411743164,23.65764464263415,22.717064575639302,22.839749136795415,14772131
2003-12-01,22.880643844604492,23.24869755095692,22.594381419310277,23.023775841519324,11529270
2003-12-08,23.00333023071289,23.269146817412082,22.533040915088353,22.676172923310997,7385206
2003-12-15,23.78032875061035,24.209723137938457,23.18735338298942,23.391827647686295,9823509
2003-12-22,24.046142578125,24.31195910953982,23.432721381856812,23.432721381856812,3089521
2003-12-29,24.700462341308594,24.74135719585078,23.800777109915867,24.20972408680235,2888352
2004-01-05,23.453168869018555,24.843592237693773,23.33048431573528,24.57777570558001,10228304
2004-01-12,24.373306274414062,25.04807145103106,23.146462067282357,23.43272608160472,12044253
2004-01-19,23.616748809814453,25.865962534024792,23.35093227166307,24.43464428174495,17452083
2004-01-26,23.391828536987305,23.49406567322255,22.124089616205644,22.696616010587636,35289043
2004-02-02,23.739439010620117,23.841676164988172,22.430805003244693,23.45317497838957,14059024
2004-02-09,22.635276794433594,23.678094084467556,22.430802508439584,23.678094084467556,9059611
2004-02-16,22.81930160522461,23.33048730950021,22.45124946668163,22.901091317908705,9272950
2004-02-23,22.49213981628418,23.105560969968536,22.205875879248413,23.023771273672605,10494066
2004-03-01,22.614824295043945,22.90108666271313,22.287665510810434,22.75795469461097,8386553
2004-03-08,23.350934982299805,23.534961837766918,22.185433132876884,22.635276557352054,14278213
2004-03-15,22.901090621948242,23.33048660049047,22.36945907419327,23.166907180093432,9169370
2004-03-22,21.96051788330078,23.044230338103596,21.67425380166413,22.63528321858717,16090726
2004-03-29,22.24677085876465,22.2876657071541,21.633348132922862,21.899164647454302,8917084
2004-04-05,22.083194732666016,22.65572269483036,21.469771916061365,22.2263267232071,8623788
2004-04-12,22.083194732666016,22.471695849848963,21.715141042703223,22.083194732666016,7141315
2004-04-19,22.880643844604492,23.26914497908761,21.715142009690588,21.960511147258874,13238033
2004-04-26,21.674245834350586,21.919614956985885,20.210212578949857,21.26529886516044,68156974
2004-05-03,22.57206153869629,22.57206153869629,21.541278101507316,22.25651509454105,38412520
2004-05-10,22.4879150390625,22.593097183460394,22.025113603711763,22.130295748109656,29506569
2004-05-17,22.21443748474121,22.719311687421747,22.15132820940614,22.21443748474121,15891950
2004-05-24,22.76138687133789,23.01382399856018,22.19340333508774,22.29858547143036,16417108
2004-05-31,22.6772403717041,22.90864106359092,22.21443898793046,22.71931322477443,12072856
2004-06-07,22.7403507232666,23.119006418749027,22.614132158105797,22.719314295739803,14186486
2004-06-14,22.298587799072266,22.803462106218234,21.983042970824158,22.69827995889616,22021212
2004-06-21,22.04615592956543,22.508955841113558,21.89890089879881,22.3827372433136,21524426
2004-06-28,21.898893356323242,22.277547405587686,21.877856930602004,22.088219574096545,17447947
2004-07-05,22.656206130981445,22.78242470236968,21.751641316417142,21.940969173499496,13548668
2004-07-12,22.4879150390625,22.950716474413234,22.340660036905447,22.635170041219553,13778383
2004-07-19,22.99279022216797,23.308336667575695,22.29858804227097,22.40377019074021,15847750
2004-07-26,23.182113647460938,23.266259350113078,22.004075424048835,22.86656726251542,37019272
2004-08-02,23.224191665649414,23.6449186587946,23.05590022290406,23.05590022290406,17150830
2004-08-09,23.476625442504883,23.75009901630649,22.677242763572107,23.434554198715013,20983610
2004-08-16,23.56076431274414,23.66594642595691,23.224183164180868,23.392474545321306,16424285
2004-08-23,24.6546630859375,24.6546630859375,23.60284174921139,23.60284174921139,18941167
2004-08-30,24.444299697875977,25.05435448140343,24.128753285507653,24.7598461102443,19427991
2004-09-06,23.729063034057617,24.507410912600513,23.434554639678407,24.507410912600513,29463914
2004-09-13,24.128755569458008,24.33911986428263,23.72906340929122,23.81320912722107,15357595
2004-09-20,23.89735221862793,24.318080762035517,23.750097228435276,24.107716490331725,18505787
2004-09-27,25.02298355102539,25.233614984111295,23.801322854894515,24.01195428798042,83993216
2004-10-04,24.30684471130371,25.402126836737345,24.011960627134098,25.0229901570907,29502195
2004-10-11,24.201522827148438,24.412154262404847,23.632817951956138,24.348964831827924,20744238
2004-10-18,23.84345245361328,24.391094255709728,23.674947283737453,24.180462793364942,17333271
2004-10-25,24.138334274291992,24.60172344870589,22.95879980973314,23.485376801254226,21208815
2004-11-01,24.959793090820312,25.128298230333552,24.033016439264777,24.096205866582242,26551160
2004-11-08,25.086177825927734,25.12830412068091,24.30684298876174,25.044051531174564,24159009
2004-11-15,24.370031356811523,25.254681891870536,24.117273599432494,25.170429306077526,19268833
2004-11-22,24.033016204833984,24.412152765040478,23.822384782497043,24.327900196105702,14009831
2004-11-29,23.885576248168945,24.538533713152592,23.65388166381991,24.11727083251798,21504465
2004-12-06,23.590688705444336,24.517466904307863,23.485373001028027,23.801320114276955,19544031
2004-12-13,23.885576248168945,24.580660001216053,23.569629087692988,23.801323672042024,24438118
2004-12-20,24.85448455810547,24.85448455810547,23.94876923047606,24.03302181909275,13101576
2004-12-27,24.77022933959961,25.044050241393307,24.601725785032617,24.749167809075377,5965421
2005-01-03,24.370031356811523,25.233618745422284,24.159399892329,24.854483725121337,17467350
2005-01-10,24.327905654907227,24.72810544714599,24.096211038347942,24.622789712346314,18492178
2005-01-17,24.30684471130371,24.517476199996292,24.033023776003354,24.43322360451926,16308579
2005-01-24,24.05408477783203,24.601726599550847,23.948769042886106,24.180463659767142,24190082
2005-01-31,24.18045997619629,24.243649407537777,23.75919710058637,24.1172705448548,23792093
2005-02-07,24.327905654907227,24.47534768362677,24.117274185307878,24.26471621402742,17359221
2005-02-14,24.664915084838867,24.875544930801905,24.138336430512325,24.264715307550695,25400291
2005-02-21,25.25467872619629,25.781257321395973,24.60172288391608,25.065110431924403,32019496
2005-02-28,26.813356399536133,26.813356399536133,25.423190179339375,25.486379626428672,34931148
2005-03-07,26.2025203704834,27.08717247080897,25.928701098054898,26.792288437367112,23758458
2005-03-14,26.60271644592285,26.729095299895626,25.612750372236754,26.012950076483868,19708825
2005-03-21,27.55056381225586,27.57162695914241,26.202522411516604,26.51846961481487,21348885
2005-03-28,27.57162094116211,28.013946929234425,27.192484379957268,27.55055779887295,18746225
2005-04-04,28.435209274291992,28.793282727595685,27.192486991419933,27.57162358903561,23082301
2005-04-11,28.751161575317383,29.172424536814926,27.676944255034098,28.224582873445453,28033785
2005-04-18,28.203514099121094,28.561584272400633,27.824377552847473,28.39307914072347,25697739
2005-04-25,28.814348220825195,29.383053163608977,28.098204487373344,28.24564650957655,22337772
2005-05-02,29.656871795654297,29.93069267310671,28.4983988525864,28.91966174097473,19382987
2005-05-09,29.467308044433594,29.82538155483566,29.08817138636082,29.551560635116434,16243434
2005-05-16,29.867504119873047,29.993882990113207,29.151357188512137,29.235609768672244,17654956
2005-05-23,30.520462036132812,30.83640921608124,29.804315094916372,29.86750453090606,20227388
2005-05-30,30.85747718811035,31.21554748319258,30.373024769745147,30.520466810117167,15568497
2005-06-06,30.56934356689453,31.619024657481297,30.333700135278722,31.426228772770216,15411431
2005-06-13,29.562503814697266,31.062052943479344,28.76988498948388,31.019208682657,34693565
2005-06-20,29.069799423217773,29.990951176913875,29.069799423217773,29.498242099355494,16405296
2005-06-27,29.562503814697266,29.626770205930782,28.727044015272522,28.79131040650604,18879795
2005-07-04,29.712461471557617,29.81957213350528,28.020116299395827,29.73388360394715,16517271
2005-07-11,30.39796257019043,30.483651079627798,29.241167692785968,29.883831513566225,14456539
2005-07-18,29.99095344543457,30.78357245624319,29.49824433060759,30.440818289407026,19394228
2005-07-25,30.56934356689453,30.847831258804128,29.883835402193988,30.162323094103584,11766053
2005-08-01,30.098052978515625,31.10489297080593,30.098052978515625,30.655028293399624,10636956
2005-08-08,30.269439697265625,30.93352586241056,30.07664048803,30.119484756749028,10846327
2005-08-15,31.14774513244629,31.14774513244629,29.476818763640672,30.18374915044305,14863491
2005-08-22,29.605356216430664,31.01921721235299,29.58393408012881,30.933528667145577,14249728
2005-08-29,29.43397331237793,30.290858595204757,28.962686406823174,29.326862652024577,29419539
2005-09-05,28.74846839904785,29.883841529632136,28.448561802108905,29.45539883884561,23655818
2005-09-12,28.320032119750977,28.96269294023137,27.998700066204787,28.855582255715976,27052060
2005-09-19,28.534242630004883,28.769882759653335,27.805890252476495,28.384287728749037,23073299
2005-09-26,29.455392837524414,29.476814967699138,28.81272893228271,28.87699532280688,19033475
2005-10-03,29.8195743560791,30.269439169789536,29.47682021229972,29.519664480272144,21560416
2005-10-10,29.412555694580078,30.140908296771276,28.83415803989883,29.948109078544196,20724712
2005-10-17,28.898427963256836,29.990956999517408,28.834161549359155,29.305448584608815,20969397
2005-10-24,27.977272033691406,29.476818014297805,27.720206445025518,28.96268683696603,20516817
2005-10-31,28.705615997314453,28.7484602542548,27.998689044409428,28.277176714521676,22656243
2005-11-07,29.712461471557617,30.333703310854066,28.68420240347134,28.68420240347134,25541254
2005-11-14,29.6910343170166,30.055210506039323,29.005526196503247,29.519657286888265,17543519
2005-11-21,29.733882904052734,30.03379275044673,29.583927980855737,29.75530503593802,12129175
2005-11-28,30.415136337280273,30.50117642960936,29.339635183166703,30.092485991046203,19123835
2005-12-05,30.415136337280273,30.823826775843433,30.02795592179939,30.329096244951188,13889814
2005-12-12,30.888357162475586,30.974397255688753,30.178526393466946,30.41513664980316,21764109
2005-12-19,32.67369079589844,32.78124092887096,31.53365938638971,31.662719545956737,21054418
2005-12-26,31.834793090820312,32.99633428363527,31.748753002463648,32.673683952297786,6897139
2006-01-02,33.727684020996094,33.899764243558096,31.920841684095095,31.963861739735595,17058974
2006-01-09,33.42654037475586,34.11486119794058,33.31899024613325,33.727680734899174,19328319
2006-01-16,32.75972366333008,33.59861451514526,32.09291298624621,33.44804436225535,22055815
2006-01-23,32.54462814331055,32.58764819320408,31.017419672185845,32.437078018576706,28732767
2006-01-30,32.587642669677734,33.039353116996054,31.877811966748947,32.415562499270756,18553320
2006-02-06,32.0714111328125,32.867282143648715,31.856310859613522,32.673691897769636,16291530
2006-02-13,31.791776657104492,32.35103729493576,31.469126289124915,32.17895709867999,18820476
2006-02-20,31.189495086669922,31.53365213292179,30.372114264095217,30.522684415622134,29518189
2006-02-27,30.22154426574707,31.555165614602142,30.02795406994553,31.3615754188006,23378462
2006-03-06,31.662715911865234,31.985366273750568,29.898897233654484,30.329097716168267,24503935
2006-03-13,31.684226989746094,32.43707448067426,31.555166854142033,31.684226989746094,21911004
2006-03-20,33.3189811706543,34.35145882410741,30.995902325265916,31.619692901367962,43978378
2006-03-27,33.77070617675781,34.028826526652715,32.480104427283315,33.18993538949429,22319243
2006-04-03,32.11442947387695,34.02882180319889,32.11442947387695,34.02882180319889,18656315
2006-04-10,32.243492126464844,33.08238321210674,31.74876148621449,32.07141190376907,18555383
2006-04-17,32.69519805908203,32.99633840595259,31.92083716712916,32.24348753877619,13159703
2006-04-24,32.157447814941406,32.63066836554611,31.340070163992817,32.43707814029873,22821348
2006-05-01,32.65217208862305,33.29747271490301,31.94234139971509,32.157441608475075,19432213
2006-05-08,32.00688171386719,33.039363046609864,31.791781436212464,32.71671263012778,18701299
2006-05-15,31.53365135192871,32.845762639880554,31.124964250858675,32.00687181643593,25403817
2006-05-22,32.75972366333008,32.75972366333008,30.995905172429456,31.404595587416342,21459310
2006-05-29,31.87781524658203,32.738216187141546,31.12496772368812,32.54462597551566,20474650
2006-06-05,31.57501220703125,32.69562645161463,30.849906690994416,32.519843296211754,22062677
2006-06-12,31.750797271728516,32.69562841772526,30.674125380141632,31.44317673127512,31662890
2006-06-19,32.89337921142578,33.157053918157175,31.35528012660226,31.904602432292652,19517190
2006-06-26,33.53059387207031,33.574539657555746,31.992494751189778,32.95929866075967,25737439
2006-07-03,34.07991409301758,34.23372433274957,33.244944220186774,33.44270024269934,24517988
2006-07-10,33.22298049926758,34.49740855168182,32.871414139980885,33.97005901275179,30996528
2006-07-17,33.92611312866211,34.18978789743402,32.60773928480253,33.486655180708915,17290668
2006-07-24,32.82746505737305,34.82699852556121,32.38800715227675,33.70638086756565,24829537
2006-07-31,31.22344207763672,33.135080287741985,31.069631835470016,32.51983931907517,27743672
2006-08-07,29.795207977294922,31.157527441667536,29.597451926015026,30.82793402286771,41423781
2006-08-14,31.069637298583984,31.355284941406005,29.88310093609252,29.970992518499294,22092847
2006-08-21,30.41044807434082,31.0476619974188,30.146773347549935,30.959770421821837,19065084
2006-08-28,31.069637298583984,31.860661540244962,30.278613056923007,30.41045043053317,21113156
2006-09-04,29.70731544494629,31.245418016618487,29.39969830172168,31.201472228856424,20870374
2006-09-11,29.905071258544922,30.630176751009905,29.399698074300343,29.57547785287902,26236937
2006-09-18,30.16875457763672,30.630185477022703,29.575486278426165,30.01494427784139,20097839
2006-09-25,30.84990882873535,30.95977330847519,30.234667742192247,30.256640638140215,18838647
2006-10-02,30.32255744934082,31.157527443687854,29.905072452167303,30.893852708630895,22120032
2006-10-09,30.366504669189453,30.652152312292355,30.058884130463255,30.256640191072954,20671671
2006-10-16,30.84990882873535,30.93780041252722,30.32255932598412,30.32255932598412,21691130
2006-10-23,30.16875457763672,31.11358927637945,29.729296578221494,30.871887376701075,21247667
2006-10-30,28.982210159301758,30.12479714547858,28.652616787007638,29.927041122102107,31629700
2006-11-06,28.916297912597656,29.619427225346403,28.89432501622706,29.114053979932986,22056162
2006-11-13,29.048131942749023,29.509559342237377,28.85037589820695,28.872348792044956,19302970
2006-11-20,29.048131942749023,29.575478023751405,28.85037589820695,29.004186155073008,15502706
2006-11-27,28.966880798339844,29.78377973027516,28.635704182432413,29.121429885763312,22001604
2006-12-04,30.269508361816406,30.379900577798,28.70194228218111,28.9227267141443,26061255
2006-12-11,30.976016998291016,31.020173882480076,30.225349967076987,30.44613438802229,24404783
2006-12-18,30.446136474609375,30.931862233977636,30.15911670770995,30.711077797901154,16990973
2006-12-25,30.88770294189453,31.28511489589033,30.313663452789484,30.44613410412142,6629264
2007-01-01,30.953937530517578,31.70460453685777,30.755231558251058,30.887702206428738,12240899
2007-01-08,31.108488082885742,31.329272506897247,30.225350386839718,30.953938986077688,22094418
2007-01-15,31.461742401123047,31.616291494196872,30.90978135443081,31.30719330804922,18129793
2007-01-22,30.88770294189453,31.63836996610882,30.755232290562596,31.48382087288823,18945121
2007-01-29,29.872098922729492,31.13057029186102,29.3863765184385,31.13057029186102,30953700
2007-02-05,29.80586051940918,30.31366470380484,29.05519685151888,29.80586051940918,25725670
2007-02-12,29.386375427246094,30.401980475564628,29.077277207708953,30.357823587059322,34797886
2007-02-19,29.417282104492188,29.739624653703032,29.209745423384188,29.47026968879375,18310173
2007-02-26,28.30011749267578,29.52326098433027,27.598022597339064,29.52326098433027,40007970
2007-03-05,28.922733306884766,29.08611314631818,27.695172601546318,27.885046240124062,26020236
2007-03-12,27.929197311401367,29.205329997950653,27.734908362431007,28.922727274484053,30862150
2007-03-19,28.852073669433594,28.993375025140434,27.73490717954571,28.16322659647239,22154256
2007-03-26,28.74610137939453,29.05078256401498,28.172061812141692,28.838828815568597,23078439
2007-04-02,28.931554794311523,29.068439097352304,28.419333603615417,28.631287316569086,14570383
2007-04-09,29.779369354248047,29.92950141507327,28.67986422326065,28.93155780161041,22049089
2007-04-16,29.889760971069336,30.243016059844916,29.523258139004003,29.99573614278068,25687184
2007-04-23,29.783784866333008,30.22094010709776,29.417285391370278,30.123795627140126,19001033
2007-04-30,30.167949676513672,30.318085136718864,29.585079398896895,29.63365333340815,18808923
2007-05-07,29.93833351135254,30.556529957965637,29.5453385537842,30.309253411702525,17938961
2007-05-14,30.936281204223633,31.02900864076845,29.67339618360015,29.80144980957788,23567215
2007-05-21,31.218881607055664,31.519149113792533,30.799391183802157,30.99368013017717,23227645
2007-05-28,31.50589942932129,31.77084073294839,30.84354617025354,31.32044119424295,17551566
2007-06-04,30.631376266479492,32.53988747600901,30.200714121292943,32.317754388299825,26950963
2007-06-11,28.400999069213867,31.234299047840523,27.893271785376236,30.744706992629787,72526239
2007-06-18,27.381006240844727,28.89965485935113,27.249540638285737,28.38286006166586,50489026
2007-06-25,27.245010375976562,27.653006034397684,27.041012546766,27.267676801444402,35405323
2007-07-02,27.893266677856445,28.242330642989717,27.086343044557083,27.109009468055763,25822431
2007-07-09,28.01113510131836,28.25593285229818,27.35834341704715,27.970336925118584,25705444
2007-07-16,28.31485939025879,28.64578984872279,27.63033552872196,28.101795717826953,27269886
2007-07-23,27.326610565185547,28.40099671233597,27.21781137374731,28.24686640811768,26636245
2007-07-30,27.10447883605957,27.974868876924003,26.47888653754956,27.245010325950908,33818185
2007-08-06,26.58315086364746,28.015666853967353,26.58315086364746,26.80074924170597,33178366
2007-08-13,26.25675392150879,27.14981034361345,25.477029620927873,26.800748104822755,35425835
2007-08-20,26.886878967285156,27.009278701061117,26.256753766341802,26.45621864679605,19202756
2007-08-27,27.16341209411621,27.33114294588135,26.27488856985526,26.755416438600413,20009322
2007-09-03,27.04554557800293,27.68020371374751,26.973011629912286,27.33114147827458,19527892
2007-09-10,27.879671096801758,28.251399789741534,27.018346904069677,27.109012608567788,22655596
2007-09-17,27.353811264038086,28.32846588090346,27.08634707916275,27.426343482286583,30302927
2007-09-24,26.918609619140625,27.621266941314364,26.755411733385568,27.371938045546816,23040401
2007-10-01,27.68927001953125,27.843402053492543,26.664749721230436,26.70101495708503,23303733
2007-10-08,28.400999069213867,29.09912538855787,27.58500941260208,27.653008695549424,29941218
2007-10-15,26.923154830932617,28.514336246590783,26.746358055030587,28.47807099919711,21230628
2007-10-22,27.131677627563477,27.20874451564369,26.506085342225287,26.59675104202121,18358348
2007-10-29,27.471675872802734,27.730072439317194,26.333823349375905,27.186078203492016,24253445
2007-11-05,27.870601654052734,28.55966026751552,27.11354376667891,27.199676528050784,30647500
2007-11-12,27.19515037536621,29.035662428544914,26.895953843266998,27.779942885887,34286861
2007-11-19,28.39193344116211,28.663930575322606,26.57408801436374,26.905016817671864,33034268
2007-11-26,29.470849990844727,29.529783393481832,27.53060846133246,28.450862567655513,27039490
2007-12-03,29.78365707397461,29.842587015561843,28.795399936598933,29.176194605764834,28727579
2007-12-10,28.944988250732422,29.88790869337076,28.523393813734778,29.511648842467995,23863969
2007-12-17,29.46178436279297,29.774579650737934,28.31939892610408,28.58232842457638,35223488
2007-12-24,28.795385360717773,29.439111012515475,28.428189693459768,29.23964790153983,6868099
2007-12-31,27.69833755493164,28.890590434020243,27.57593955878677,28.786324186373808,14402780
2008-01-07,29.67938232421875,30.327642794375702,27.721005579101664,27.775404305248514,35019945
2008-01-14,27.730070114135742,29.878844035708084,27.585005692248593,29.63404804111803,31707671
2008-01-21,25.159700393676758,27.63033897415513,24.8514380576498,27.47167399952539,49867056
2008-01-28,24.525041580200195,25.558629486984294,24.144245303487704,24.869570882461563,29612259
2008-02-04,23.432518005371094,24.765302236661256,22.997324786639044,24.52503920514736,33983592
2008-02-11,23.550392150878906,24.561312112570022,23.14239642472137,23.278395000107217,27975005
2008-02-18,23.418920516967773,24.253043508077944,23.128789949350487,23.740783381880505,23932414
2008-02-25,22.11787223815918,23.9311846793995,22.02267359146062,23.70905508335496,31166835
2008-03-03,21.397077560424805,22.45333184524985,21.206680299792858,21.941071720808658,24222039
2008-03-10,20.65361976623535,22.099736149955305,20.268290578612774,21.397077043114137,28853474
2008-03-17,20.948284149169922,21.4288119851425,20.082427109267897,20.0869600462688,38187153
2008-03-24,21.465084075927734,22.068010097281547,20.94829084012635,20.94829084012635,19195618
2008-03-31,22.403470993041992,22.580269481834495,21.038954093564833,21.215750843600944,25189791
2008-04-07,21.777875900268555,22.530399140826244,21.623743859022056,22.462401603040394,19701521
2008-04-14,22.19493865966797,22.30373611713728,21.510412919101565,21.66907790645996,22091503
2008-04-21,22.947460174560547,23.18772321831294,21.782406712316885,22.208534079398188,18853345
2008-04-28,23.156002044677734,23.214933730319615,22.09974725464224,22.96560295422121,14157604
2008-05-05,21.533077239990234,23.22852440523337,21.40614456701468,23.165058068745594,22389303
2008-05-12,22.479623794555664,23.20905237469966,22.219115533844825,22.63593056770005,24887095
2008-05-19,22.01544761657715,22.905917511581645,22.01544761657715,22.342269777619975,17471037
2008-05-26,22.692771911621094,22.868023445934096,21.802302053866853,22.020182879874906,17639353
2008-06-02,21.248123168945312,22.706978494793418,21.238650802022853,22.53172698970291,21942286
2008-06-09,20.409757614135742,21.271808511640163,19.99767871826982,21.14392245891435,28392829
2008-06-16,19.637704849243164,20.52343863562772,19.623496294679462,20.52343863562772,32446763
2008-06-23,19.96925926208496,20.5329069324982,19.547706192715285,19.547706192715285,28402104
2008-06-30,21.167606353759766,21.47548195066972,19.566654339858903,19.98347125928581,27597106
2008-07-07,20.783946990966797,21.94913556701028,20.783946990966797,21.314439616652678,21771098
2008-07-14,21.64125633239746,21.64125633239746,20.376600828156974,20.97340538617423,27420976
2008-07-21,22.356473922729492,22.45120485990533,21.25285959466171,21.551262773452752,22477164
2008-07-28,21.589155197143555,22.44646986046558,20.532906281945422,22.35647510205764,28757493
2008-08-04,22.95328140258789,23.00538306136225,21.314438159665865,21.679151587804487,21111704
2008-08-11,23.635343551635742,23.649553921180203,22.59330489215996,22.939071778320688,16567815
2008-08-18,22.58382797241211,24.075838355022114,22.034388922669873,23.65902152185611,17535252
2008-08-25,23.02432632446289,23.19484164550292,22.129120434823278,22.470151076903335,14375645
2008-09-01,21.69336700439453,23.303789883855792,21.624685960136862,22.886974699960287,16527771
2008-09-08,23.943218231201172,24.274776551855645,21.731253121097392,22.129123469226382,35527977
2008-09-15,22.526992797851562,23.677972775967877,21.368909451701466,23.460091949456483,36259238
2008-09-22,22.126750946044922,22.49383331404103,20.696316390936,22.413312747103202,21944738
2008-09-29,23.479040145874023,23.611662398076938,20.92130789337127,22.347006642323656,31500406
2008-10-06,17.960962295532227,22.965118723839208,17.07759780231935,22.77328967533488,50467491
2008-10-13,21.05155372619629,21.31443277074242,18.01306438225627,18.47724482646332,51065329
2008-10-20,21.034982681274414,22.640670909113574,19.779799348961248,21.60810459352623,36854427
2008-10-27,23.412721633911133,23.67796788165066,19.528758850347913,20.026094429410904,40035345
2008-11-03,22.37542724609375,24.14689485409473,21.366543549833285,23.218531752118515,31534643
2008-11-10,22.915386199951172,23.61165788696602,21.972814793960197,22.73539850276645,23875181
2008-11-17,18.38252067565918,23.05748738794536,18.202531124466397,23.05748738794536,34413116
2008-11-24,20.58027458190918,21.231549898870078,18.697495030703998,19.03142600788769,31134468
2008-12-01,20.54474639892578,21.551262598235837,19.561914750435,20.357653526211763,23045301
2008-12-08,20.95919418334961,22.013070397573753,19.959783170586668,21.821244975389412,21471016
2008-12-15,22.418052673339844,22.633564493404645,20.454756288511025,21.229179620551307,27031107
2008-12-22,20.91183090209961,22.5625100064589,20.613429512135514,22.029655701911594,9816890
2008-12-29,22.114913940429688,22.114913940429688,20.67974291896262,20.80762897795798,7402725
2009-01-05,22.420413970947266,22.939065056568978,21.468370358551237,22.299633132084026,16620190
2009-01-12,23.180633544921875,23.48140393205145,22.129122598483878,22.23332591133068,20904032
2009-01-19,22.474891662597656,23.649554406184425,21.934926676325382,23.32510125096834,22123998
2009-01-26,20.881044387817383,22.427525732553956,20.54001368582471,22.143332875320674,25303302
2009-02-02,21.120237350463867,21.785721093394447,20.431065423110567,20.71526186777535,20325200
2009-02-09,22.249897003173828,22.498569335723268,20.722366158770786,20.980503591061478,23428904
2009-02-16,21.061031341552734,22.35647477686356,21.030243422450752,21.9799200138904,19916366
2009-02-23,19.379560470581055,21.46363951389277,18.86090925596542,20.98050695469155,24462288
2009-03-02,18.723548889160156,20.011889048915567,18.614609389528574,18.917746968258264,27152103
2009-03-09,19.012479782104492,19.391403609430814,18.200163280648297,18.64776632499021,29425455
2009-03-16,19.3298282623291,20.41449810953688,18.851437281261077,19.490871256464814,27404822
2009-03-23,19.66138458251953,20.296082307334757,19.02668867442242,19.561917448916113,17977404
2009-03-30,19.656644821166992,20.409754279050887,19.111941960823067,19.339296924871125,19657615
2009-04-06,19.775060653686523,20.078198216682267,19.185361262591194,20.014255193760288,13133753
2009-04-13,20.040306091308594,20.198980050208334,19.14036217410766,19.77505982642453,15973779
2009-04-20,20.33867835998535,21.85745990508632,19.64423631450322,21.61015882169299,23485637
2009-04-27,21.867448806762695,22.227159752143045,20.45857870175415,21.12304501978041,20092699
2009-05-04,22.23215675354004,22.53191653215713,21.39033175850314,22.13223682733434,18662013
2009-05-11,22.09227180480957,22.94658693426112,21.637638363611224,22.182200520006944,20838873
2009-05-18,21.919906616210938,22.591867342172847,21.617649994250563,21.982356569041247,14420037
2009-05-25,22.45697784423828,22.726762043337416,21.857458253453828,22.1322380658967,15450978
2009-06-01,23.041505813598633,23.55609224862916,22.33207515254549,22.33207515254549,18359618
2009-06-08,23.805896759033203,23.993246644939514,22.65432061006756,23.336272661781887,15205650
2009-06-15,24.180593490600586,24.312985860343936,22.831676397906367,23.693483848488857,24535262
2009-06-22,20.408618927001953,24.025716613334367,20.136337909119376,23.93079230526038,41441217
2009-06-29,21.39033317565918,21.93239842799198,20.258741469393684,20.733361150315336,32489841
2009-07-06,20.608461380004883,21.869948624617457,20.528525816425308,21.207980981197725,14186021
2009-07-13,22.02981948852539,22.13223818566423,20.43610001694758,20.543512411226523,15013421
2009-07-20,23.05649757385254,23.348761076642965,22.054801401290415,22.147226955513407,15628261
2009-07-27,22.961578369140625,24.04820212731586,22.899128397481512,23.18889511624113,19708403
2009-08-03,23.343765258789062,23.59107019588081,22.781721300386106,23.06149677133875,15050515
2009-08-10,22.77422523498535,23.33127737045942,22.6618153018883,23.288811778980037,11598912
2009-08-17,23.616044998168945,23.768421723203826,22.302099227732402,22.744244481123083,15974019
2009-08-24,24.06568717956543,24.395422586543127,23.37124515435133,23.85585607955165,13194638
2009-08-31,23.266324996948242,24.160606717931977,23.036509571912024,23.738445836601226,15567679
2009-09-07,24.02821159362793,24.275514528297382,23.188885473296345,23.33626657863195,13976069
2009-09-14,24.977455139160156,25.074876304992667,23.651019210322833,23.880834667432573,21368150
2009-09-21,25.294700622558594,25.819278343727596,24.88003214269327,24.974956460326005,16382020
2009-09-28,24.8300724029541,25.479551959924688,24.63023445550151,25.189785307322364,17553078
2009-10-05,25.624431610107422,25.774311480763767,24.605250022628532,24.855047890825457,14123505
2009-10-12,25.619436264038086,26.92838647945845,25.529509483721316,25.644416244608937,19673192
2009-10-19,25.9941349029541,26.548690065561193,25.66939708512634,25.699372677331784,15013209
2009-10-26,24.852558135986328,26.413805318028007,24.85255813598633,26.019121162738536,19656651
2009-11-02,24.49534034729004,25.14481987640759,24.155613743336136,24.97495561631534,19677610
2009-11-09,25.56448745727539,25.79430295611622,24.770125397828927,24.83007660057663,12125923
2009-11-16,25.164804458618164,25.994139544277555,24.830073439467867,25.779312831588665,14126892
2009-11-23,25.579471588134766,26.208966768018705,25.129831900184715,25.36464297073304,14767709
2009-11-30,26.623632431030273,26.918396599751812,25.139824193647982,25.58446633705865,14283336
2009-12-07,26.32887077331543,26.628628645695873,25.959166650782322,26.129030914241383,14617547
2009-12-14,27.328065872192383,27.727743640760607,26.253928635526375,26.27890669959583,18822111
2009-12-21,27.682788848876953,28.34225974429804,26.978353593261026,27.34306025655034,11872572
2009-12-28,27.5079288482666,28.367239638417793,27.283108964261007,27.942579857518346,5634571
2010-01-04,27.802682876586914,28.372226796227555,27.53290062917382,27.53290062917382,17025190
2010-01-11,28.402204513549805,28.87182854966061,27.72774501209519,27.927584864378037,16305394
2010-01-18,27.30308723449707,29.426381831940258,27.053287419214207,28.33725770327588,19632215
2010-01-25,26.77851104736328,27.27811074182759,26.069080247716286,27.053290879318652,18756453
2010-02-01,25.819276809692383,27.223151372648385,25.819276809692383,26.578667473174264,19809315
2010-02-08,26.483741760253906,26.733541559531567,25.839259811101897,25.85424856555073,22951543
2010-02-15,27.33306312561035,27.408003071008203,26.428788167722395,26.51871686869205,14824874
2010-02-22,26.83846664428711,27.418000044023472,26.223958196732088,27.358048841631707,18560953
2010-03-01,27.85764503479004,27.877627488888635,26.988343129656116,27.033305567608693,12681146
2010-03-08,27.67778778076172,28.202365492229955,27.577867851676224,27.95256566951622,12710563
2010-03-15,28.262317657470703,28.701964181055622,27.64781126381403,27.677786858294507,21098643
2010-03-22,27.837657928466797,28.212357649449547,27.52790692561328,27.72774486057353,15617089
2010-03-29,27.557884216308594,28.027506362529056,27.36303996615826,27.977546396656184,10802338
2010-04-05,27.682788848876953,27.777713183459184,27.083269156228337,27.557888912908492,12153374
2010-04-12,26.99833106994629,27.90260599212839,26.98334231496633,27.877624095084954,14260844
2010-04-19,26.713563919067383,27.36304159791474,26.63862396578914,27.073274928310656,14392586
2010-04-26,25.809288024902344,27.203169577463132,25.354652706411468,27.09325841606295,25026203
2010-05-03,25.154809951782227,25.91420059997592,24.03071273443163,25.61444083102096,34665710
2010-05-10,25.204771041870117,26.149012823374203,24.355453574698302,24.830071313898472,29207851
2010-05-17,24.562742233276367,26.866318270174265,23.86747046812444,26.45177847559502,30546956
2010-05-24,25.71977424621582,25.992636805295785,23.723167000155925,24.554862948443493,23594029
2010-05-31,25.68829345703125,26.63018915107135,25.29212092822321,25.864078752107144,19125958
2010-06-07,26.079221725463867,26.163178679645924,24.903820341650572,25.082230127182598,21774141
2010-06-14,26.011001586914062,27.123433489275165,24.895945212707687,26.08446465963211,29807533
2010-06-21,25.722402572631836,26.693159449401684,25.58859675125094,26.32584603656985,18649322
2010-06-28,24.69392967224121,26.268128143137588,24.609970703013836,25.871953549729948,23381473
2010-07-05,24.945798873901367,25.01401301604675,24.190184302441374,24.71491574922985,21019328
2010-07-12,25.014007568359375,25.969021451463934,24.972030108327107,25.10846037553751,16609954
2010-07-19,23.88059425354004,25.439050012294405,23.61822748982964,24.798875913894005,21552490
2010-07-26,23.387344360351562,24.24265671714885,23.093491999862326,23.66545189867081,22806181
2010-08-02,23.754657745361328,24.394831842169797,23.387346289712603,23.463431845946445,16151675
2010-08-09,23.48703956604004,24.468290267509254,23.366352085651314,23.969793512859024,16453461
2010-08-16,23.594614028930664,24.17706579817341,23.203686364252942,23.57887121889391,16642999
2010-08-23,23.749408721923828,24.19018524758535,23.145965220012712,23.696935373931556,15421802
2010-08-30,24.557497024536133,24.65194985733528,23.481795387836325,23.82287215469772,15535657
2010-09-06,25.47314453125,25.67517251499725,24.40007162761843,24.693923926273875,14097719
2010-09-13,26.304859161376953,26.63019312884015,25.47578143254428,25.617458673587077,28119205
2010-09-20,26.567224502563477,26.708901736082556,25.92442599422766,26.289114955128557,14867937
2010-09-27,25.33934211730957,26.60394699743555,25.12419984701074,26.57246340090916,15257839
2010-10-04,25.690919876098633,26.210404396781826,24.930056351205728,25.239649498343763,14648994
2010-10-11,26.483264923095703,26.52524238944972,25.44954088254263,25.787993136076516,16017948
2010-10-18,26.08708953857422,26.51999459950113,25.890314510880167,26.352080714254996,10083950
2010-10-25,26.331090927124023,26.58820868606687,25.861455333608788,26.236638108951414,12219823
2010-11-01,26.761371612548828,26.976511907355977,26.142187398533906,26.60395159010965,12448999
2010-11-08,25.963781356811523,26.903052681819617,25.60696379574426,26.766622378687067,12273719
2010-11-15,26.23663902282715,26.556726009245008,25.502014241160875,25.832595091015893,12506206
2010-11-22,25.407564163208008,26.53049220278361,24.961542716854655,26.483267799585054,11417402
2010-11-29,25.145193099975586,25.638442889998554,24.258395279369157,25.446914799774028,21963096
2010-12-06,25.874576568603516,26.026747663356364,24.935303263673976,25.158314986311584,11433154
2010-12-13,25.530874252319336,26.150060519632348,25.507262052455477,25.934920210695488,15909551
2010-12-20,25.738140106201172,26.108075902871935,25.612203702228094,25.659430105296963,9449230
2010-12-27,25.10846519470215,25.963779503867286,25.10846519470215,25.659435312850388,6001014
2011-01-03,26.10545539855957,26.724641638160975,25.244894201326453,25.36820615229066,14458263
2011-01-10,26.866317749023438,27.406791940851864,25.536118988930184,25.924422105594058,20660467
2011-01-17,26.693157196044922,26.94502802171672,26.262874598328672,26.787608000934863,15363136
2011-01-24,25.824722290039062,27.070964105803686,25.44953952192494,26.693156865656235,16978501
2011-01-31,26.394058227539062,26.866318294868794,25.599088724306256,25.958530706358605,17726063
2011-02-07,26.052980422973633,26.950274110858,26.052980422973633,26.63018714779926,15899519
2011-02-14,26.693157196044922,27.233631393150127,26.060852640851678,26.336337677219927,21559233
2011-02-21,26.08708953857422,26.693157428924682,25.50201339966948,26.661671814388058,15194455
2011-02-28,26.8138484954834,27.322839163555184,25.780124349963486,25.966405539510465,19700054
2011-03-07,25.916549682617188,26.750876154321503,25.916549682617184,26.577713334911074,14113270
2011-03-14,24.72278594970703,26.02149918589673,24.158697508299596,25.932295307192103,31223161
2011-03-21,25.76438331604004,25.853587201332143,24.85921807577471,24.924809759851907,14197270
2011-03-28,26.383563995361328,26.462274005481913,25.52037231819587,25.732894175838116,13822355
2011-04-04,26.62494659423828,26.698409688430818,26.24713927072289,26.367826770880576,12133297
2011-04-11,27.2126407623291,27.28610383881181,26.525240429978407,26.525240429978407,16819816
2011-04-18,27.669157028198242,27.747867033236794,26.540982301944112,27.254617265802157,13449280
2011-04-25,28.020729064941406,28.20438575310413,27.391051003872565,27.66915849551125,11646501
2011-05-02,28.970497131347656,28.970497131347656,27.999742329363762,28.099440067786286,20389304
2011-05-09,29.521467208862305,29.64740161792258,28.813077101054287,29.001980727276692,24185454
2011-05-16,29.682767868041992,30.06726013827027,28.935754735807777,29.60586899264418,20529583
2011-05-23,29.677268981933594,30.10570186713228,29.281790041642136,29.402631706770215,15250374
2011-05-30,28.79843521118164,30.330909814380973,28.56774069861162,29.63882416991019,20093590
2011-06-06,28.227190017700195,29.078563589515227,28.216203261017036,28.74350648575048,15575560
2011-06-13,28.76547622680664,29.133489365791288,28.067898328100643,28.30408724860515,18461367
2011-06-20,28.78744888305664,29.364185130869735,28.122827010090504,28.122827010090504,14563195
2011-06-27,30.484704971313477,30.715401586992638,28.644639118320086,28.644639118320086,15646241
2011-07-04,30.495685577392578,31.209740367345706,30.078237351435263,30.48469882261775,17576025
2011-07-11,30.42977523803711,30.59455760836002,29.018140441641687,30.286962165015616,18287411
2011-07-18,30.325416564941406,30.556111070480476,29.66079467349727,30.067258327468608,14005638
2011-07-25,29.820083618164062,30.73737138753588,29.182925482625027,30.094720927168865,12853444
2011-08-01,27.282438278198242,30.072750012461658,26.930902095576148,29.880503893017142,23857370
2011-08-08,26.634296417236328,27.59552494143595,23.536391204482058,27.11765684189139,42534206
2011-08-15,26.096004486083984,27.633971274814158,25.60989688153992,26.793582392405913,23308792
2011-08-22,27.16159439086914,28.09536118092701,25.898264958139528,25.958684740850007,17942232
2011-08-29,27.301660537719727,28.5073174159689,26.974843000484395,27.38954405046902,16399815
2011-09-05,26.29923439025879,27.633970374143292,26.200366228541675,26.538170521286187,24063794
2011-09-12,26.95562171936035,26.95562171936035,25.121048045855645,25.546735930854908,31571481
2011-09-19,25.81313133239746,27.00230924088213,25.002951239560293,26.431063194749893,23058558
2011-09-26,27.106666564941406,27.8317081611532,25.373708651833937,25.381948191810064,21393216
2011-10-03,26.996822357177734,27.408776312857047,26.334945440819066,26.61507514192632,19288264
2011-10-10,27.941566467285156,28.216201660617006,27.189059000975774,27.362080921386063,15499030
2011-10-17,27.996492385864258,28.232681311417156,27.090191384019423,28.073391252795005,14084087
2011-10-24,28.743511199951172,29.40264086566147,27.485673773296128,28.084383641001846,15534787
2011-10-31,27.103925704956055,29.02913002108781,26.63978945908065,28.606189374790485,19961892
2011-11-07,27.268705368041992,27.601015240582573,26.453032999565334,26.859496629316958,19026373
2011-11-14,27.200050354003906,27.69988990329572,26.733166864940838,27.323637159932364,18923530
2011-11-21,26.48873519897461,27.158849348421086,25.815873833905307,27.062726296268327,19820405
2011-11-28,28.4468994140625,28.946738899213578,26.571128263527648,26.702954594287206,23065492
2011-12-05,29.298276901245117,29.605870309759904,28.0898746763858,28.666611000625473,20112363
2011-12-12,29.347707748413086,29.74867695386949,28.457883713568474,29.045606709739097,21061693
2011-12-19,30.435274124145508,30.567098363416566,29.122509309618568,29.133493960637544,12872890
2011-12-26,31.171295166015625,31.17129516601562,30.193587656572113,30.43526889833989,6390695
2012-01-02,30.896657943725586,31.539308375022014,30.149647025136595,31.13833918606937,14213677
2012-01-09,30.55061149597168,31.347057426297418,30.35836541805439,31.017494828056513,15466455
2012-01-16,30.495685577392578,31.380017158893263,30.292454841801334,30.424279045017133,16478352
2012-01-23,30.665966033935547,31.165805534359524,30.314431950182858,30.484704560257534,13586419
2012-01-30,30.73187828063965,31.4569199649609,30.4737200417515,30.545126587874943,17834472
2012-02-06,30.929615020751953,31.14383254052139,30.133168941089114,30.539632574822818,16330334
2012-02-13,30.979047775268555,31.259177384154906,30.81975983563933,31.077918040409806,13874458
2012-02-20,30.924121856689453,31.17678774969,30.550616395180967,31.105383316211853,12085298
2012-02-27,31.506357192993164,31.627198886232506,30.407809943546166,30.874693419934484,15668858
2012-03-05,31.879865646362305,32.04464805408132,30.86370746542837,31.429459134540473,14291866
2012-03-12,32.55546951293945,32.71475747491453,31.709586136515654,31.76451570789138,14877467
2012-03-19,31.7260684967041,32.4236465266882,31.478894880397164,32.40716954965762,9700971
2012-03-26,31.98421859741211,32.56644921246986,31.51184289488451,31.75901644807736,11763254
2012-04-02,31.022993087768555,32.52251151838714,30.946094220535677,31.868874307048525,10875498
2012-04-09,30.374849319458008,31.16580305165389,30.21006694079045,31.022992078160772,14850766
2012-04-16,31.127355575561523,31.44593358616997,30.072749164203017,30.100212894777567,17400281
2012-04-23,31.97323989868164,32.407167305276275,30.385837802633585,30.86919824365736,17484843
2012-04-30,31.824935913085938,32.58842599579374,31.671138167451733,32.066615075138664,10797072
2012-05-07,32.28382873535156,33.78058215769708,31.72542463338476,32.92858412368567,25559233
2012-05-14,31.109455108642578,32.0247770395499,30.798590015116893,31.961453200207178,30892471
2012-05-21,31.569990158081055,31.88661153305315,30.833127192049478,30.942505926825852,14477639
2012-05-28,30.80434226989746,32.030529132861695,30.712234678616998,31.75996266947142,20044426
2012-06-04,31.633312225341797,31.8578259773565,30.625880704268752,30.792826940793567,13740880
2012-06-11,32.347145080566406,32.468036411884526,31.58149851020465,31.863579755293937,21208207
2012-06-18,33.34882736206055,33.5790974703378,32.26655917797012,32.51985673867933,16211831
2012-06-25,34.39079666137695,34.39079666137695,32.629233110686684,33.06098953233263,16170521
2012-07-02,34.39655303955078,35.11614707703926,34.22385047055354,34.22960678124926,15362783
2012-07-09,34.96646499633789,34.96646499633789,34.2814111674523,34.35049350610813,11711581
2012-07-16,35.973899841308594,36.53230390694515,34.82255163933997,34.828307949785746,13776709
2012-07-23,37.53398132324219,37.61457409007251,35.058580010101416,35.53063282162619,19756399
2012-07-30,39.042240142822266,39.042240142822266,37.459133621697084,37.56275602265165,20714520
2012-08-06,38.68532943725586,39.31281364139666,38.08087047479221,38.506868358111795,15197505
2012-08-13,38.31113815307617,39.61216137916112,38.31113815307617,38.68532701113431,11693920
2012-08-20,37.62032699584961,38.93862132656915,37.14251573682346,37.98875732644927,12413753
2012-08-27,37.447628021240234,37.97148980951385,36.95830409573048,37.11949403675382,11928500
2012-09-03,38.08087158203125,39.01346455374002,37.142520091714886,37.3324937972212,14743922
2012-09-10,38.76016616821289,39.14586769532949,37.58579044647595,38.2075205881187,13688116
2012-09-17,39.75032043457031,39.85970136242965,38.144188536384966,38.57018637993452,14999777
2012-09-24,38.196006774902344,39.98635406361706,38.196006774902344,39.20343399618995,13004018
2012-10-01,39.56610870361328,39.67548522492253,38.17297560631223,38.25357278373533,12314904
2012-10-08,38.19024658203125,39.427948253633,37.78151984242965,39.220703416622534,11645253
2012-10-15,39.514305114746094,40.21662806998074,38.00027825194305,38.00027825194305,14638977
2012-10-22,39.34733963012695,39.911502041388296,37.9311817093318,39.45096201848767,14213011
2012-10-29,39.9748420715332,40.12451498180976,38.71411066735115,39.013465319988185,11962640
2012-11-05,39.49127197265625,40.268433528652004,38.604733890011204,39.73305468464655,14550655
2012-11-12,38.25931930541992,39.68123588091125,38.25931930541992,39.37612720292141,11716769
2012-11-19,39.89424133300781,39.89424133300781,38.420515524216725,38.817729631357544,9019898
2012-11-26,39.525814056396484,40.25692070742026,39.35887000790984,39.721541866073366,10022665
2012-12-03,41.04559326171875,41.26435072134375,39.39340631778025,39.43370269864865,10561874
2012-12-10,41.33342361450195,41.59247740957059,40.83258716057743,40.838341261954376,10591191
2012-12-17,41.615509033203125,41.661563931490804,40.64837824937008,41.16648150297113,15153039
2012-12-24,40.71745681762695,41.667316425944925,40.631105542685184,41.24131856931546,3627675
2012-12-31,42.409942626953125,42.4617516286618,40.29721552104925,40.30872814186876,6335895
2013-01-07,42.490535736083984,42.76686071821987,41.77670024693791,42.39843035273321,8577956
2013-01-14,41.50613784790039,42.49053989710536,41.33343526915824,42.398434504734865,9885102
2013-01-21,42.076045989990234,42.28904491035508,41.160724276187175,41.454315950406404,7784291
2013-01-28,41.50613784790039,42.358133703527926,41.258596601828195,42.14513473962104,10781862
2013-02-04,39.75032043457031,41.62126466752949,37.942702234373975,41.55793863476664,22317434
2013-02-11,41.39099884033203,42.30632065378595,40.76351021456923,41.36796918240832,17802307
2013-02-18,41.93213653564453,42.71505225717232,40.88440842216273,41.057111004034745,13512177
2013-02-25,41.58096694946289,42.680508331028676,40.35478232508804,42.16240065896888,16270620
2013-03-04,43.68793869018555,43.75126030981397,41.24707771447315,41.28737409351697,12971963
2013-03-11,43.68217849731445,43.923961178349366,42.84744952552249,43.6015857423166,13879088
2013-03-18,44.61476516723633,45.17892762201262,42.77260493354444,42.78412196783762,14219899
2013-03-25,45.63372039794922,45.743096922336,44.102426976324985,45.24801888727148,13622143
2013-04-01,44.64930725097656,46.62962792334617,44.17725452959044,45.63371348551053,11769809
2013-04-08,45.76612091064453,46.451172564916526,44.64930848275445,44.7126345149489,11187354
2013-04-15,46.42239761352539,47.61404450327043,45.7200746885197,46.02518345562442,17832323
2013-04-22,47.33195877075195,48.811443217762964,45.881262501071184,46.71023305975789,15610337
2013-04-29,48.81719970703125,48.81719970703124,46.11152625840864,47.70039158188882,12042504
2013-05-06,50.64052200317383,51.3662570489164,48.87378793507736,50.44422125997869,11568004
2013-05-13,50.26576232910156,50.753548088099784,49.5162346425073,50.057560700961304,14310528
2013-05-20,50.27171325683594,51.41384710466952,49.47460019720828,50.03971895890329,12165055
2013-05-27,49.08199691772461,51.7707671775587,48.59421108185693,50.146797872724434,13138195
2013-06-03,48.11832046508789,49.29019744571369,46.83341699032396,48.53472377741754,12843875
2013-06-10,47.862525939941406,48.451437333670015,46.98212950795653,47.701914156490304,12014151
2013-06-17,46.04819869995117,49.46270392243736,45.86974014344721,47.8625273577414,18463418
2013-06-24,47.36284637451172,48.24323829072294,44.81089077984815,45.92328156308037,19780870
2013-07-01,47.029720306396484,48.27297974607413,45.86379381976824,47.29146225800803,13048888
2013-07-08,47.37473678588867,48.13615623316809,46.89884734972736,47.3509395761466,11298732
2013-07-15,47.327152252197266,48.11236899752684,46.76798392711113,47.57699332163524,10140477
2013-07-22,47.38069534301758,48.088579175242444,46.839369191393295,47.44017696950055,8692752
2013-07-29,45.423606872558594,48.011251866116886,44.495620378629326,47.398543127383114,17161112
2013-08-05,46.904808044433594,47.136802369977325,45.28678452049632,45.52472929058193,12839431
2013-08-12,46.250457763671875,46.71444639305967,45.60206012080238,46.45865942775968,11227742
2013-08-19,44.57889175415039,46.34562584342033,44.2814608509285,46.25045069232338,13422442
2013-08-26,43.240455627441406,45.798357005712035,43.240455627441406,44.757353336932255,15672799
2013-09-02,44.061363220214844,44.43612251046016,42.532569279021594,43.63306362906058,14400465
2013-09-09,42.96086502075195,44.18627750333088,42.764559728122286,44.01971529857774,14034551
2013-09-16,45.108314514160156,45.45333525601371,42.80025447968593,43.757979198694024,19447274
2013-09-23,44.68001937866211,45.2689307685096,44.10895019323986,45.20944458516243,10255226
2013-09-30,44.4063835144043,44.977452730747665,43.97808388375871,44.424230283019504,10786237
2013-10-07,43.644962310791016,44.602687140042605,42.639647621456874,44.13869398987927,12525106
2013-10-14,43.579524993896484,44.1149006441089,43.175018034424596,43.82936605135089,12268859
2013-10-21,44.73950958251953,45.090476270517925,43.60927199735472,43.67470863020651,11530076
2013-10-28,46.16122817993164,47.06541734546599,43.96023917383761,45.06668412110965,16172517
2013-11-04,46.41106414794922,47.64242721923046,45.60205479982574,46.25045236703838,13361191
2013-11-11,47.53535842895508,47.53535842895508,46.07200084681796,46.41702167232525,9916230
2013-11-18,46.476505279541016,48.029092063144745,46.3099430389151,47.54725211048122,10057007
2013-11-25,46.30398178100586,46.92858661506571,46.2801891364261,46.52407971464902,10066499
2013-12-02,44.23982620239258,46.458657328849434,43.722297287685805,46.22665846141266,16972023
2013-12-09,42.74077224731445,44.37663771495555,42.74077224731445,44.13869298319341,14688624
2013-12-16,44.864418029785156,45.03693067720348,42.77051012156511,42.78835688691502,17630779
2013-12-23,45.530662536621094,45.57230651040887,44.394479312700724,44.81088254479389,4398546
2013-12-30,45.364105224609375,46.220704340147776,44.70380684076548,45.20349346084881,6945543
2014-01-06,44.02566909790039,45.64369228909457,43.888849970592865,44.9714975391933,13893997
2014-01-13,44.92390823364258,45.26892899619302,43.18096678038715,43.633063581415094,13169983
2014-01-20,42.847843170166016,45.36410475735078,42.72292037562613,44.840625497370084,12254052
2014-01-27,43.30589294433594,44.13274909932552,41.979350092106706,43.03820510899378,17308572
2014-02-03,42.07453155517578,43.74609070264738,40.62307039100253,43.1928682407401,20340822
2014-02-10,43.555728912353516,43.68064714962161,41.97339929772796,42.592053730582215,15741358
2014-02-17,44.01972198486328,44.0375687529446,43.2761492382298,43.70444885606281,10240488
2014-02-24,44.81088638305664,45.084520078222035,43.71039203254791,43.83531483816531,10918785
2014-03-03,44.555091857910156,45.2094398055503,43.49029111385773,44.06730611867759,14868114
2014-03-10,42.41360092163086,45.19160036465178,42.26488545488088,44.489667012171,15320061
2014-03-17,44.32310485839844,44.602689023758536,42.25893508875183,42.395754231058575,15154672
2014-03-24,45.09046936035156,45.1796986297164,43.621161637455224,44.14464093037361,12682214
2014-03-31,45.12022018432617,45.637749122708684,44.45992621577749,45.429547458502284,11240586
2014-04-07,44.2517204284668,45.61989810254917,43.936442739399354,45.17375172081893,15476271
2014-04-14,44.900123596191406,44.94176301768747,43.97214174469975,44.138699430684014,10228087
2014-04-21,45.304622650146484,46.214757571558444,44.90011570550591,44.90011570550591,9804695
2014-04-28,46.17906951904297,46.821516637938394,44.76329746626052,45.65559020164145,12628067
2014-05-05,46.62522506713867,47.17249713995094,45.679391843468245,46.298050999745804,12462761
2014-05-12,47.658912658691406,48.01061566944939,46.69635729941876,46.93699495592823,13800210
2014-05-19,47.8872184753418,47.99211644153852,47.21466356997116,47.57253877645829,9595008
2014-05-26,48.399349212646484,48.430200441550596,47.745305999820665,47.98594369197852,9344407
2014-06-02,48.83125305175781,48.94231839206014,47.85635353857949,48.3623173407085,10145584
2014-06-09,49.152103424072266,49.28168043967561,48.45486491452076,48.559762847739684,9276503
2014-06-16,49.435943603515625,49.62105094755823,48.72019331325697,48.892961114343684,17283658
2014-06-23,47.96742630004883,49.43594556778336,47.7884910869918,49.43594556778336,10897801
2014-06-30,47.992103576660156,48.63380708071766,47.70210304565791,48.16486662782114,11628156
2014-07-07,46.77656936645508,47.88104125560205,46.52358744478095,47.51082657992357,10499581
2014-07-14,46.93699264526367,47.39359358286625,46.548271024382444,46.986355548414565,10152685
2014-07-21,46.881465911865234,47.80700266688044,46.60380488536067,46.89380545528512,8909224
2014-07-28,48.6893424987793,49.36189729449712,46.72103628386456,47.165292966656544,17604743
2014-08-04,47.91189193725586,49.34338772039238,47.20848595470781,48.868279838619785,15294837
2014-08-11,48.12784957885742,49.12742822620831,47.43678315187621,48.411677981656865,12533056
2014-08-18,49.010189056396484,49.83083248099358,48.65231867966725,48.74487234259397,11262035
2014-08-25,51.521484375,51.564675143484685,49.417433663527135,49.435945345230536,13981049
2014-09-01,52.71233367919922,53.36020935457938,51.13892605793906,51.42275446626013,14831470
2014-09-08,53.613189697265625,53.613189697265625,52.54573647875652,52.67531350331679,11247759
2014-09-15,54.76701736450195,54.82254766314494,53.088712065956855,53.43424286473256,17158772
2014-09-22,54.55107116699219,55.21745383422294,53.7119159614822,54.452345354614,14419116
2014-09-29,53.619361877441406,55.50128657059816,53.10723533769478,54.4708566196806,16243469
2014-10-06,51.25616455078125,54.28575211308851,51.14509919020253,54.16234720871995,18181246
2014-10-13,50.1331787109375,51.515311687111854,47.75763913727372,50.80573351751875,26403524
2014-10-20,52.20021057128906,52.502550679539304,48.831259679737684,50.00360621633756,16639508
2014-10-27,45.44996643066406,52.55807773615856,42.93251044191049,52.21871901928583,48091682
2014-11-03,45.02421569824219,45.72144945643814,44.178893249886464,45.536342143663866,18960143
2014-11-10,45.931251525878906,46.64699713250316,45.061245055294314,45.0859288761514,16182043
2014-11-17,46.838279724121094,47.81934688709286,45.511676912189195,45.85721256114933,19689028
2014-11-24,48.041465759277344,48.0599774400874,46.44337426982129,46.83827277190879,13174029
2014-12-01,46.980194091796875,48.664667284173156,46.36933696278078,47.800832935986286,18006862
2014-12-08,44.79592514038086,47.18997633394647,44.64783642537899,46.9925294471787,15406207
2014-12-15,46.5112419128418,47.21464781275733,43.04973798093733,44.73421548500595,25236225
2014-12-22,46.27061462402344,47.14061635405032,46.06082344806179,46.57295474440621,4894293
2014-12-29,46.54827117919922,47.251677168426646,46.10400978259814,46.49890827588415,6193680
2015-01-05,46.20273971557617,47.8625337634847,45.005714052761284,46.0546557256402,20898724
2015-01-12,49.31870651245117,49.44211140948071,45.16614024722969,46.54827320066665,18549123
2015-01-19,51.57084274291992,51.79914084187578,48.64614875470805,49.368066411723944,20583544
2015-01-26,50.59593963623047,52.052114390889095,50.00976645196387,51.55232746319175,17657854
2015-02-02,52.4470100402832,52.71849887042285,49.62104220567922,50.71934180025371,19465465
2015-02-09,53.51446533203125,53.68106098720241,51.69424793429068,52.05829046719189,15465870
2015-02-16,53.92170333862305,54.458513664257296,51.959564638120895,53.3540417904439,14872386
2015-02-23,54.11298370361328,55.02000879407333,53.42191719341682,54.44617978167524,15750693
2015-03-02,54.082122802734375,54.61276568403135,52.88509735099729,53.89701548133787,14283358
2015-03-09,55.42724609375,55.48894854439276,52.94064111943468,53.96489896016355,14465640
2015-03-16,57.77192306518555,58.12362601768131,55.48893757591522,55.53212833618067,18876052
2015-03-23,56.57490921020508,58.24704279374995,55.242139107441474,57.83363731835431,15722909
2015-03-30,57.833648681640625,58.055779442363466,56.46385494581217,56.76619985530915,10891080
2015-04-06,60.931095123291016,60.931095123291016,57.83363773793396,57.83363773793396,10744505
2015-04-13,59.01831817626953,61.22726194060443,58.75916885157917,60.88173108542878,15754643
2015-04-20,59.147911071777344,60.0857875491764,58.4815235343605,59.252804310714296,14216527
2015-04-27,56.27256393432617,60.26470647145651,55.66787902281504,59.07384832869945,15050704
2015-05-04,56.57490921020508,57.66704164716323,54.28575111614884,56.19852709873412,17195414
2015-05-11,56.10076141357422,57.43831523467868,55.431984503021994,56.64215224592603,15360126
2015-05-18,58.78860855102539,59.049747088058275,55.572109974446384,56.11350082396958,11450797
2015-05-25,56.78227233886719,59.603869882579986,56.78227233886719,58.31090517992902,14743134
2015-06-01,56.77590560913086,58.87139960857346,56.52749984246336,57.330034033336965,17356943
2015-06-08,56.814117431640625,58.304532459926634,55.41287069580686,56.623038331299654,17741849
2015-06-15,55.0434455871582,56.56570687155754,54.07531262169449,56.380994174623666,21023215
2015-06-22,59.20896911621094,59.78857764126276,56.18355508926267,56.6867280698738,18319877
2015-06-29,56.16444396972656,58.00517050178215,55.826869948315895,56.731309957540674,20273712
2015-07-06,58.896881103515625,59.22171265607684,54.782313902868715,55.01161078721054,18157838
2015-07-13,63.09424591064453,63.35538931538964,60.07519792657717,60.24717303434955,16702042
2015-07-20,62.52737045288086,63.58467177143446,61.616559187945725,62.419093283971556,11879911
2015-07-27,62.39998245239258,63.38722434188727,61.20892385967272,61.95413127649176,13580544
2015-08-03,62.57195281982422,64.39357041209104,62.16431941222229,62.4190915134568,11212873
2015-08-10,59.909603118896484,63.610165874929514,59.884122970898005,63.02419087404648,11979323
2015-08-17,56.215396881103516,61.0624282199637,56.215396881103516,60.52740876943069,13680180
2015-08-24,56.33005142211914,56.654882950257615,51.07538122469177,53.820547942742,25831004
2015-08-31,55.52114486694336,57.66122755490667,53.94155688487057,56.037055432947106,15823755
2015-09-07,56.06253433227539,58.47649815920728,55.667638532573086,56.28545993213208,12588730
2015-09-14,55.97337341308594,57.43831326208054,55.13262630302368,56.30457622784572,16705211
2015-09-21,55.41924285888672,57.27270723091309,53.13266487515845,55.7950298079895,16653548
2015-09-28,54.12627410888672,55.330075410660406,52.23459681881517,54.77594697933632,17800866
2015-10-05,54.79505157470703,56.228144888101696,54.030735140896546,55.07530386533131,14450000
2015-10-12,56.50202178955078,56.62303659501574,53.99888956058701,54.90332963061381,14668318
2015-10-19,58.88413619995117,59.18986373803248,54.9924996693919,56.27272671157748,12947611
2015-10-26,58.50197982788086,59.72488014443858,56.04979816550567,58.915984524126024,14756571
2015-11-02,55.349178314208984,59.75673530346181,55.13262395231239,57.60390977041292,17681907
2015-11-09,51.38111114501953,54.83963899765871,50.833349095840774,54.71861930096699,18985301
2015-11-16,52.9224739074707,53.553037844990584,50.89703943343796,51.25372236087953,15946950
2015-11-23,53.393802642822266,53.852391465606885,51.52759595186348,52.99890684781143,11706322
2015-11-30,50.483036041259766,54.017994462193776,49.559487069195214,53.36832650730753,15962087
2015-12-07,48.674156188964844,51.8779118387196,48.29199799113163,50.87156582650583,17476453
2015-12-14,50.158199310302734,51.52759448245492,47.50857236203224,48.95440307407999,24501527
2015-12-21,50.3747673034668,51.24098975980737,49.030847022915935,49.88433184779782,8797879
2015-12-28,50.769649505615234,51.15817891892353,49.877947140846395,50.29195181020336,5011385
2016-01-04,47.55952453613281,50.40022548378375,47.55315327959564,49.63591411003678,15184250
2016-01-11,45.54045867919922,48.2601449566733,45.22836481416007,47.3429673601203,18782505
2016-01-18,48.534034729003906,48.80791576058561,45.18378397191975,45.215630489872645,22273571
2016-01-25,48.7569465637207,49.3683966039066,47.2474230169106,48.78879307266578,17813604
2016-02-01,45.6678581237793,49.1136439354557,45.534100778993995,48.94167369639929,19778527
2016-02-08,43.82074737548828,45.909879568896876,42.31759491976654,45.604152072263126,23355106
2016-02-15,44.80799102783203,45.69332215426334,43.967244043391254,44.45767937715392,15330276
2016-02-22,46.941707611083984,47.35571233370934,43.54050642243848,45.08824324596771,14833084
2016-02-29,46.13280487060547,47.41940312439676,45.36849338170071,46.604136233316034,14990613
2016-03-07,47.1073112487793,48.495820366553346,45.24110926214993,45.85893071449052,14254777
2016-03-14,45.05002975463867,48.03085980893909,44.98633672124022,47.55316205845072,18879576
2016-03-21,43.96087646484375,45.77612789752719,43.85259928639676,44.967227359097116,11036349
2016-03-28,45.06276321411133,45.62962920452733,43.96087286109816,43.96087286109816,14982273
2016-04-04,47.4958381652832,48.58498605627949,45.215626694089394,45.7124333096352,17448445
2016-04-11,49.330196380615234,49.61044377685758,46.5277077603901,47.266544025908054,14250594
2016-04-18,50.005340576171875,50.27922160583281,48.782435272543935,48.820653048192995,10193530
2016-04-25,45.928993225097656,50.362025757653946,45.36849839700266,49.87159034010372,14905320
2016-05-02,44.83983612060547,46.565914176780055,44.35576717336199,46.413052870246965,11718508
2016-05-09,46.47914123535156,47.99346364516615,45.376603247197814,47.52853884690089,13637800
2016-05-16,47.276161193847656,47.32265266060198,45.74855094792832,46.027504843409496,12232457
2016-05-23,49.01629638671875,49.135849497236926,46.333023243154635,47.16988482687263,11203348
2016-05-30,48.14622116088867,49.24875395084663,47.8606235068496,49.022935393673855,9080903
2016-06-06,46.78466033935547,49.115923064050094,46.71824251081793,47.960254885478875,9121341
2016-06-13,45.05115509033203,46.69831814805618,44.44675594760812,46.23339337905888,19356807
2016-06-20,46.07398986816406,48.61114985939258,41.5110912333641,46.127125149149094,21004690
2016-06-27,49.82659149169922,50.07234152674777,45.396528559437456,45.48951657390176,20539594
2016-07-04,49.27532958984375,50.171970287480114,48.42518035383463,49.972716799116476,10897587
2016-07-11,50.23173904418945,51.07524437108126,49.18233642953361,49.46793408531936,11410172
2016-07-18,50.87599182128906,51.14166311612322,49.115919493012804,50.085621757139165,8271806
2016-07-25,50.577110290527344,51.34091524317965,49.149127118177375,50.882634309569916,9900893
2016-08-01,48.172794342041016,51.28114486258255,47.31600633098623,50.968982065257826,11828096
2016-08-08,47.62152862548828,48.53809061430251,47.11675107357061,48.48496042564154,9043083
2016-08-15,46.29981231689453,48.02003196558089,45.88137899574113,47.6215250111404,7668470
2016-08-22,46.06070327758789,46.89756986850139,44.85854376249157,46.33965710957436,11672856
2016-08-29,46.65846252441406,46.80458070948248,45.263688303848845,46.18025523921107,11196235
2016-09-05,46.72488021850586,47.46875878181158,46.12711983987474,46.81786312831134,9895946
2016-09-12,45.83488464355469,46.93077360413765,45.3832424380395,46.01421174274266,17630255
2016-09-19,45.46295166015625,46.89093510157369,45.03787955743728,46.16033892224384,12640464
2016-09-26,44.92496109008789,45.93451094924562,44.313918156515115,45.20391491900655,12483580
2016-10-03,45.69540786743164,46.226750471058736,45.05779980005177,45.15078271770475,12316546
2016-10-10,45.49614715576172,46.333013661368206,44.692494652554245,45.84816259367408,10373544
2016-10-17,45.961082458496094,46.386159628791475,45.051159203656006,45.33675689253553,9557722
2016-10-24,47.44219970703125,49.135849232935946,44.64601219387945,46.04742531338242,15229540
2016-10-31,47.52853775024414,48.45838732531964,46.751450195779086,47.15660097718664,17500938
2016-11-07,50.52397537231445,52.25747748104816,47.80084974719373,48.020029580239374,22581926
2016-11-14,50.51070022583008,51.80584795314518,50.51070022583008,50.75644518586812,14630716
2016-11-21,49.98599624633789,50.74315741718556,48.7838315697761,50.497412482433546,11812124
2016-11-28,50.01255798339844,51.17486984880325,48.96316048945333,50.198528900854015,13830785
2016-12-05,50.6966667175293,51.12838258867688,49.31517491086615,49.80002606206894,18179839
2016-12-12,49.408164978027344,51.65972734621742,49.02294055031083,50.44428005486818,24520806
2016-12-19,50.38450241088867,50.96897518874642,49.02958083319399,49.08271101666884,11934607
2016-12-26,51.07524871826172,51.10181381154527,50.20517822629287,50.384505343343356,5614625
2017-01-02,50.935768127441406,52.41688668209374,50.1653243945633,50.77636738131614,12504129
2017-01-09,51.85233688354492,52.33718805369064,50.48413266465627,51.1483109539094,12751349
2017-01-16,50.22510528564453,51.912116277390155,49.94615139420816,51.480400344585824,11513476
2017-01-23,49.47458267211914,50.22510006283149,48.743986554115885,50.09226440501271,11707712
2017-01-30,50.22510528564453,50.43764134126486,49.109289719899024,49.16906373415139,12025608
2017-02-06,53.233821868896484,53.83158230923303,49.879726715295895,50.238386036470516,13209487
2017-02-13,54.12382507324219,54.761433167584336,53.10099255598969,53.13419637516607,10027269
2017-02-20,53.51941680908203,54.43598378977311,52.802108393280015,54.269939231494085,10595001
2017-02-27,55.51858901977539,55.61157702735083,53.23381798579828,53.78508692622101,10910788
2017-03-06,54.6219482421875,55.56508029044733,53.6721774687364,55.498662468809954,11505375
2017-03-13,54.86770248413086,55.5916547577555,54.26329822269782,54.80792338308056,12811845
2017-03-20,55.04038619995117,55.69792065187907,54.5821052298141,54.774714890896746,9399343
2017-03-27,56.20269775390625,56.40859505485501,54.555539726134114,54.57546099819958,10145131
2017-04-03,56.22262191772461,56.9997094414153,55.85732388484013,56.322248653965836,9914051
2017-04-10,56.67426300048828,57.12590525528592,55.75105721821819,56.3554614982355,7871278
2017-04-17,54.70165252685547,57.15246805454759,54.50239906623159,56.67425567308709,13723134
2017-04-24,57.52439880371094,58.44760437053453,55.94365892324505,56.45507506662834,15050706
2017-05-01,59.570072174072266,59.91544383521895,57.52440729845183,57.52440729845183,10228478
2017-05-08,61.602455139160156,61.62238150528745,59.364180591445894,60.00843246319973,13464251
2017-05-15,60.64126205444336,63.79065716820017,60.33936115842419,63.516199894201364,15839604
2017-05-22,60.20212936401367,60.620673526841266,59.72182915970598,60.387386961556935,10125854
2017-05-29,60.97747039794922,61.19703516549638,59.570882125505264,59.99628984952454,10387060
2017-06-05,59.10430908203125,61.155875296138795,57.64282290542571,60.66871148278718,11190671
2017-06-12,58.36327362060547,59.385624964005885,57.587935954102136,59.09058757545296,19014054
2017-06-19,60.29133605957031,61.046093677421794,58.527954123093174,58.69948994533215,11698702
2017-06-26,57.47128677368164,61.107840385514876,57.46442323646197,60.49716979367183,12694988
2017-07-03,57.40266418457031,58.08880733263952,56.606741290879135,57.27916262867666,10477584
2017-07-10,58.03392028808594,59.33073411801345,57.176246535755766,57.56048357675543,9508546
2017-07-17,55.934322357177734,58.020195511581,55.769650099942794,57.91041576124063,11121162
2017-07-24,55.98235321044922,57.46441922643057,55.255039380767336,56.071547607387956,11806975
2017-07-31,55.9960823059082,57.22427657400493,54.3424802907497,56.778283477491165,12347346
2017-08-07,55.303070068359375,56.59987853062425,54.87080408990348,56.023520383717326,10712024
2017-08-14,56.44207000732422,57.12820790369541,55.268763098652926,55.371684572625895,8552481
2017-08-21,56.332279205322266,56.79885755872442,55.94117869712048,56.14015808763337,7510251
2017-08-28,56.75083541870117,57.18996494326268,55.26876406227086,55.85198575828623,11728464
2017-09-04,56.40776062011719,57.183098149313594,55.81081714735469,56.373453463482,8133724
2017-09-11,55.83140182495117,57.04587421708606,55.35796512980584,56.949816275982286,15694444
2017-09-18,57.71828842163086,58.32209540574286,55.71475161096447,55.96862350671378,9611083
2017-09-25,57.64281463623047,58.150563726952335,57.25857762904887,57.72515602525731,9452122
2017-10-02,59.186649322509766,59.186649322509766,57.670275791488564,57.670275791488564,9119539
2017-10-09,57.36149978637695,59.275837098572545,57.21054934377403,59.11802311898596,7743826
2017-10-16,57.505584716796875,58.19172785365041,57.43011212981204,57.56734075718275,7573154
2017-10-23,56.4557991027832,58.19860084823398,55.289355580573826,57.69085694982843,10230653
2017-10-30,54.218971252441406,56.34600990124518,53.17603464492988,56.27053730758942,11290111
2017-11-06,53.12800598144531,54.85022225907605,52.83982688951596,54.1091865487942,10125927
2017-11-13,51.75572204589844,53.368158646233944,51.64593702304912,53.04567237885668,11101511
2017-11-20,53.141727447509766,53.4161847263162,51.639075951424076,51.851777184429736,9450831
2017-11-27,51.33717727661133,53.41618704297769,51.24797760444086,52.887857811051425,13534364
2017-12-04,50.211891174316406,51.53614844231355,49.83451246010961,51.206798693588865,12460229
2017-12-11,50.465763092041016,51.67337708329415,49.944297481209915,50.13641860665223,14459256
2017-12-18,49.77962875366211,51.31658733883506,49.64925839416213,50.82256531241866,9604036
2017-12-25,49.29932403564453,50.410874809432144,49.29932403564453,49.77962420757915,4036512
2018-01-01,51.02154541015625,51.16563758220994,48.75727293384731,49.29932919988141,9766462
2018-01-08,50.54811096191406,51.61849120364876,49.855104219481845,51.0489912908068,11367132
2018-01-15,50.05408477783203,50.637301190523345,49.546335689947064,50.307956690050254,10654164
2018-01-22,50.41774368286133,50.69220098167223,47.88587720671047,49.05918426450678,20567589
2018-01-29,47.99565887451172,50.472632664956215,47.79667945217133,50.27365324261583,15441166
2018-02-05,43.49456024169922,47.830981072997226,43.28871730582682,47.77608857074159,26930984
2018-02-12,44.256187438964844,44.56495190459362,43.40536927399838,44.24932390101558,17218136
2018-02-19,44.63356399536133,44.75020729051278,43.878806450506026,44.33852135695535,8584522
2018-02-26,43.501426696777344,45.196199365668456,43.41909056461301,44.81882060175368,12568089
2018-03-05,44.997215270996094,45.23736010511517,43.31616458802359,43.40536161665699,14271356
2018-03-12,45.402042388916016,45.69022148360358,44.66787020900157,45.113863294228445,16318089
2018-03-19,43.71413040161133,45.957814996104574,43.43967311978778,45.42262750730781,13927992
2018-03-26,44.82568359375,44.9011561875452,43.14463275676706,43.968001963564866,11002314
2018-04-02,45.3540153503418,45.48438046004712,43.8925292022254,44.82568611031875,9270139
2018-04-09,45.278533935546875,46.163656536809036,45.1756124580304,45.4020407612564,9876789
2018-04-16,44.791378021240234,45.724529646567476,44.654149376623074,45.38832157263507,11686032
2018-04-23,44.70903396606445,45.71080511760092,44.022893415489555,44.75020466238192,16253521
2018-04-30,44.942325592041016,45.51868375704753,44.564946843573985,44.66786832042863,11792214
2018-05-07,45.84683609008789,47.69538116305229,45.494388465053866,47.46521274934311,12754295
2018-05-14,47.78889083862305,48.11256673717729,45.918766183574974,46.1561268538889,15447463
2018-05-21,47.31416702270508,48.11256422011819,47.0048756322947,47.810467834133725,10813110
2018-05-28,47.752933502197266,48.1773064212519,46.357532752209266,47.52995453396298,15678713
2018-06-04,47.78169631958008,48.2780026796605,46.659623170436504,48.011870263894245,13886211
2018-06-11,49.40007781982422,50.04023464443921,47.2134694018448,47.918364720023035,18836389
2018-06-18,49.6374397277832,49.77410068057011,48.47220757369739,49.414460786244746,14105546
2018-06-25,49.378501892089844,50.34233470128124,49.09798495262676,49.27060991265906,13299208
2018-07-02,52.14772415161133,52.363508088903764,48.946929081773554,49.018857060871035,15015188
2018-07-09,51.72334671020508,52.29877055350755,50.953718423316396,52.29877055350755,11890579
2018-07-16,52.047019958496094,52.42104433397318,50.932136319153,51.58668311446916,11596319
2018-07-23,53.63663101196289,53.70855898944653,51.557914669742395,51.93193904912898,10703662
2018-07-30,53.29856872558594,54.78747685714784,51.788086613426266,53.377691713251444,13519862
2018-08-06,53.01805114746094,53.69417196635694,52.442627295586206,53.241030097119214,11737787
2018-08-13,52.723148345947266,53.24822375543878,51.29897861512044,52.615256365269936,13108871
2018-08-20,53.73013687133789,54.15451527990168,52.66560714136987,52.931739573861876,9345441
2018-08-27,53.219451904296875,54.08258770327648,53.0252474530549,53.98908022152526,6764273
2018-09-03,52.485782623291016,53.77329119481968,51.95351228692216,53.08278041377313,10378157
2018-09-10,54.39906311035156,54.542919062271494,52.47139776873775,53.01085207079589,11129762
2018-09-17,53.586280822753906,54.334335152343705,53.20506692910567,54.168899688843126,15537210
2018-09-24,55.06800079345703,55.61465016373063,52.953320261401664,53.3992726606792,12440122
2018-10-01,54.68677520751953,56.08937074369731,54.62923172301981,55.16149653994857,10595938
2018-10-08,53.06840133666992,55.600265262768275,52.96770436641211,54.3559100395653,13681374
2018-10-15,55.959903717041016,56.42024059423094,53.12594343670377,53.22664040432592,13844946
2018-10-22,53.5575065612793,56.24041563374792,52.996467248760666,56.103754687332554,14731509
2018-10-29,55.92393112182617,57.585463937806495,53.111550772294294,53.19066822964123,17565892
2018-11-05,57.68617248535156,57.83722346154923,55.7009634015158,55.92394236301858,12048731
2018-11-12,56.988460540771484,57.85879119300732,55.729726571583036,57.75808872347623,12243053
2018-11-19,57.16828536987305,57.44161278540894,56.06059673353066,56.90215295907824,10231576
2018-11-26,57.4056396484375,57.5423005756054,56.26918220952765,57.39125515888942,11717839
2018-12-03,55.0608024597168,57.61424023121322,53.97469327266845,57.175482863946435,13762477
2018-12-10,56.27638244628906,57.66459354687191,55.19027327213207,55.26939073858115,15092887
2018-12-17,54.435028076171875,56.276380983239086,53.118744988931205,56.00305356615299,16430763
2018-12-24,54.104156494140625,54.29836644439498,52.44981855576594,53.98188003787644,4742796
2018-12-31,54.19047546386719,54.499761353668625,52.327543049669494,54.29117242552695,7113256
2019-01-07,53.32014846801758,54.19766875344042,52.85261658046157,53.82364434692404,10013409
2019-01-14,52.4498176574707,53.79486968862361,52.23403373212077,52.74471904486401,11533135
2019-01-21,52.70875930786133,53.205065686774375,52.21245844659026,52.3347349106209,9934219
2019-01-28,54.23362731933594,54.83063061955866,52.435433449343726,52.62963787967986,11888451
2019-02-04,54.1329231262207,55.672179389268386,53.658196344272476,54.4494039690923,11651933
2019-02-11,54.11854934692383,54.622039690175434,51.84562848547533,54.21205130697623,13323099
2019-02-18,52.19807052612305,54.492570759642845,52.025445590315016,54.00345941799791,9731433
2019-02-25,53.22663879394531,53.33453076355135,51.94632516873378,52.190878092784054,11821638
2019-03-04,55.22623825073242,56.03902001525348,53.4424232330325,53.64382268170929,12758766
2019-03-11,57.21864700317383,57.21864700317383,54.916951437018895,55.247822381710634,15120119
2019-03-18,56.32673263549805,57.743712763623854,56.32673263549805,57.18267892357996,9998771
2019-03-25,56.636024475097656,56.86619291342897,55.52833576195454,56.312348556857415,10031845
2019-04-01,56.45619583129883,57.39845445532009,56.03182301086736,56.68636423420473,9116971
2019-04-08,54.23362731933594,56.94531089235936,54.23362731933594,56.62882448955087,11085486
2019-04-15,52.41386032104492,54.32714139135126,52.14772788287039,54.06100895317673,12078997
2019-04-22,54.809059143066406,55.276591052260684,52.41386162238503,52.41386162238503,10865698
2019-04-29,55.83042907714844,56.39865789495618,54.52853598899342,55.341317724369674,10410392
2019-05-06,54.51035690307617,58.03343943856677,54.49536618806644,57.58368348720477,13440334
2019-05-13,56.39183044433594,56.414319391113466,54.113069341227984,54.49536418591155,11431051
2019-05-20,56.33935546875,56.71415205051431,55.06504709075134,56.219418262514345,10855787
2019-05-27,54.150550842285156,56.819099362883755,53.955654297162276,56.57173244028267,9970762
2019-06-03,58.70807647705078,59.59259771164336,53.77575721585131,54.060603816846026,16505238
2019-06-10,56.95402908325195,58.835504750119696,56.49677488622649,58.75305294012035,12473623
2019-06-17,58.228336334228516,59.24777971333638,56.57173293668293,56.81160162881546,17168881
2019-06-24,56.90155792236328,58.44571659485313,56.23441646783326,58.340775838049,10895777
2019-07-01,58.31828689575195,58.86548537794161,57.01399691738716,57.156417337374904,8842092
2019-07-08,55.09503936767578,58.25831591038524,55.06505218825204,57.94348790259439,10990210
2019-07-15,55.897098541259766,56.54924345211503,54.765210549297706,55.282427538898624,9440385
2019-07-22,56.931541442871094,57.60617540469484,55.71720146162408,56.21942781650158,11383324
2019-07-29,55.63474655151367,58.82051211031434,55.32741101928201,58.22833574354017,14029297
2019-08-05,55.28242874145508,55.95706261222431,53.775749880177194,55.357388060429436,11710594
2019-08-12,56.961517333984375,57.90600124321949,55.147503079570086,55.769660787565805,11239683
2019-08-19,57.51621627807617,58.41572808514262,56.894052794819665,57.171401118629596,9828515
2019-08-26,58.55815505981445,58.96293311835132,57.23887437816133,57.43376517479158,8700193
2019-09-02,61.15924072265625,61.54902805470089,58.55065511562177,58.685583047915976,11409755
2019-09-09,59.615074157714844,61.15923846439471,58.2583139029859,61.09926985779178,13475642
2019-09-16,62.45602798461914,62.45602798461913,59.1053533632922,59.150325504078666,16064546
2019-09-23,63.76032638549805,64.38998819269266,62.613453263803066,62.96576095642342,14475700
2019-09-30,61.616493225097656,63.985204553684476,60.17727526909146,63.49796891882654,13218042
2019-10-07,61.50405502319336,62.27613726608445,60.68700063276742,61.811390573818905,9355644
2019-10-14,62.06624221801758,63.13066341215916,60.80693024195033,61.45907517602329,10075376
2019-10-21,62.51599884033203,62.91328439089645,60.754454800251466,61.92382250565276,8324495
2019-10-28,61.14424514770508,64.77977238924959,60.81442641967752,62.538490884739865,11925444
2019-11-04,62.216163635253906,62.5684713050033,61.151742393598575,61.354131416630935,9622609
2019-11-11,62.276126861572266,63.063199688811544,61.19671499857234,62.336095465111754,8820441
2019-11-18,62.96575164794922,64.09014140509672,61.31664667079956,62.26113636687455,10991745
2019-11-25,63.34804153442383,63.84277533403721,62.82332630763659,62.8907931440445,8127423
2019-12-02,62.635929107666016,64.01518403516097,61.016811258230106,63.57292060045691,10192802
2019-12-09,66.82615661621094,67.20845146738196,61.36162996544681,62.58346234234842,16186512
2019-12-16,68.10794830322266,68.45276344544283,66.84863643638502,66.89360857438496,14990660
2019-12-23,68.09296417236328,68.6476608458879,67.61322681959484,68.2129013856444,2993429
2019-12-30,68.04800415039062,68.25039320244528,66.90112518850883,68.08548381744441,5007904
2020-01-06,69.502197265625,69.95944565050617,67.82311086016705,68.5876947456849,10001314
2020-01-13,69.10491943359375,69.96695167756367,67.95054812000103,69.56217361959698,10571272
2020-01-20,66.79618072509766,69.23985143169273,66.30894508035641,68.96999554376454,10199988
2020-01-27,65.17704772949219,66.63875445809906,64.92218834354986,65.979111297205,11339106
2020-02-03,70.14684295654297,71.07633617681144,65.4394025020623,65.55933970798363,12950906
2020-02-10,69.14239501953125,70.52914246067257,68.60268905733888,69.7120824101095,9031889
2020-02-17,69.95945739746094,71.25625495299526,68.66266559210533,69.29232166233373,10138307
2020-02-24,62.91328048706055,70.08687439731465,61.84136111531944,69.26982015077098,22501826
2020-03-02,63.76032638549805,67.56825565916976,62.673421876418544,63.97021365456292,18641920
2020-03-09,55.02757263183594,61.76640775842597,53.355984319369824,59.967383995977144,33026837
2020-03-16,55.357391357421875,60.79193655655732,50.70991905439393,52.81627834309577,34568335
2020-03-23,57.7186164855957,59.71253126142856,52.38901144456216,53.970655645661445,23621137
2020-03-30,60.98683547973633,61.88634739613728,56.256905436101704,58.46820556392072,16507915
2020-04-06,61.564022064208984,64.44995042234656,60.51459147936676,62.74837483838809,12493776
2020-04-13,64.8922119140625,65.16206203463713,61.56402017572688,61.56402017572688,13851476
2020-04-20,68.16793060302734,69.44973742172179,63.77531739867209,65.28949468584014,17849827
2020-04-27,66.85614013671875,70.86646408251079,66.39889169767943,68.88004194113716,11356033
2020-05-04,69.61299896240234,72.10778156841207,67.382459237141,68.3928087817163,13182169
2020-05-11,67.7865982055664,71.07411514320465,67.28142347515332,68.43166270719779,12188013
2020-05-18,67.5068130493164,68.96793513700081,66.37988469921305,68.0042135225371,13046994
2020-05-25,68.02752685546875,69.75289173492438,65.874706417676,67.85654582451181,14045139
2020-06-01,69.29434967041016,69.75289051292829,68.15187875415641,68.68813878773793,13572413
2020-06-08,69.185546875,71.2373313611644,68.10525238453658,69.16223588461528,16433074
2020-06-15,73.14921569824219,73.28910546830018,67.28142291708134,68.44720478493711,20223371
2020-06-22,70.8021011352539,73.60776041665108,70.20366454340224,72.27875983574901,11255560
2020-06-29,70.72438049316406,71.67255343299202,69.99382248097436,70.84095927991068,10249445
2020-07-06,69.10781860351562,72.20103757426654,68.96792883201022,72.13886699221494,8608393
2020-07-13,72.44973754882812,73.11811894378857,68.87465513995463,69.25548271281575,10285325
2020-07-20,69.02232360839844,74.47042866094834,68.7503064747251,72.70620444350183,8957689
2020-07-27,68.82025146484375,70.22696506699485,67.95757213092415,68.39279596837613,10594819
2020-08-03,67.91094970703125,70.69329209353197,66.83842959517509,69.23994435246205,10367726
2020-08-10,66.41874694824219,68.89798703265924,66.10010180676781,68.08193543622295,7478350
2020-08-17,67.10266876220703,68.42389499231581,66.18558112775365,66.37987910276964,8101158
2020-08-24,66.08454132080078,68.89797465051433,65.89024931845701,67.62338238990259,6930862
2020-08-31,64.9498519897461,67.0171789813163,64.19597699729587,66.2166760494126,9916141
2020-09-07,68.03529357910156,68.71144928548458,65.17522642414943,65.22186031916435,8508523
2020-09-14,68.73477172851562,69.4808723751848,67.04049219458554,68.22182268989545,11610288
2020-09-21,67.31250762939453,68.91351932468729,65.87470265173015,68.76585525227745,11140925
2020-09-28,66.90060424804688,68.72700542517286,65.40839681911345,68.14411143247308,9700431
2020-10-05,67.07935333251953,67.32028521175347,65.01979475069037,67.21147476614577,7716414
2020-10-12,66.86173248291016,68.4705184176618,65.60268288014318,66.90059207535289,8327528
2020-10-19,64.46022033691406,68.0508459475891,63.46541941207353,67.18039215740875,7493787
2020-10-26,60.13126754760742,65.19078349018572,59.61055014118242,63.962819034959075,13271148
2020-11-02,64.75554656982422,67.98866110490539,60.48877163857029,60.81519102482953,14115005
2020-11-09,66.68299102783203,68.0508452667474,64.54571319025517,65.20632634005166,14948946
2020-11-16,66.72184753417969,67.67002046582354,65.56382801869164,66.9860903971021,11585564
2020-11-23,66.22444152832031,66.90059729722296,64.81772774922666,66.85396935978557,10487144
2020-11-30,64.9731674194336,66.908372927749,64.11825630201257,66.38765553042501,12806020
2020-12-07,61.02503967285156,65.11306578580418,61.025039672851555,65.01202963910849,12499542
2020-12-14,61.405860900878906,61.96543791296744,58.887761365535646,61.460263145046305,18167473
2020-12-21,60.885135650634766,61.421395642811255,59.75043912585388,60.962854835697385,7861757
2020-12-28,61.1649284362793,61.771133323484385,60.89291128262451,61.250415964580185,3755297
2021-01-04,61.234867095947266,62.183039885654914,60.4032730745288,61.87216317021709,11485905
2021-01-11,63.36438751220703,63.90842191275997,61.00950051932574,61.087219719404736,11359512
2021-01-18,63.30998229980469,65.22964525948237,62.657143434468836,63.31775064231471,11031296
2021-01-25,59.960289001464844,63.83847455080192,59.96028900146485,63.83847455080192,13771270
2021-02-01,62.18304443359375,63.24002176625436,59.9913646218399,60.52763057232464,11737037
2021-02-08,60.745243072509766,63.45764038697589,60.294476545302395,62.60272930699192,11538182
2021-02-15,59.851478576660156,61.537977831742786,59.400706085930715,60.91623027866444,9670069
2021-02-22,58.911075592041016,60.12349140184868,58.28932206027621,59.556146073624895,10999032
2021-03-01,60.139041900634766,60.372199482377845,58.22714734558559,59.47842875236269,10858775
2021-03-08,62.11310958862305,62.86698460813157,59.17532870769065,60.387744605343244,11453332
2021-03-15,65.05088806152344,65.08974765863579,62.532788553398426,62.843665330297306,14417299
2021-03-22,64.9498519897461,65.16746692619814,63.44987630903276,65.13637567133945,8743730
2021-03-29,65.4394760131836,65.82029763345999,64.85658212793057,64.9809352082068,6797670
2021-04-05,66.10786437988281,66.13895563416757,65.12860612676037,65.43948289827028,5584173
2021-04-12,66.06900787353516,66.38765896399218,64.88767727892383,66.20112931522836,10018701
2021-04-19,66.32547760009766,68.02752549541947,66.24775840922653,66.51200127343257,8480784
2021-04-26,67.8254623413086,69.01456124761354,66.25553580483044,66.45760213339095,9418026
2021-05-03,68.95783233642578,70.79799647146437,67.33558172356253,70.53166116172382,9779277
2021-05-10,69.99091339111328,70.18461293061483,68.21531157775495,68.96590812801611,8505465
2021-05-17,71.2096176147461,71.42753114272685,69.42594861330811,70.18461235998267,9455131
2021-05-24,70.99171447753906,71.5566787689785,69.61159113748927,71.13699224787425,9911516
2021-05-31,69.47438049316406,70.85451002292437,68.41709389226193,70.75766023989382,6903397
2021-06-07,71.7503662109375,71.7503662109375,68.4977915785566,69.33716447892856,8566293
2021-06-14,71.00785064697266,72.25076953410911,70.90292747542787,71.66966468026939,9969210
2021-06-21,71.22576904296875,71.7423053501628,70.22497762606011,70.95136029063201,7741546
2021-06-28,70.94328308105469,72.1135661999395,70.69308833590728,71.12084204015203,8973609
2021-07-05,70.39446258544922,71.33875871985038,69.03047377686688,71.32261193141784,9546629
2021-07-12,70.9190673828125,71.79072775071491,70.07162719801553,70.6930866355351,7400672
2021-07-19,71.08048248291016,71.21769303336667,69.66000471813754,71.0482012894222,8215575
2021-07-26,70.12004852294922,72.21848715441604,69.28874894117848,70.93521369859727,9206796
2021-08-02,69.61157989501953,70.59622435728653,68.07003224369761,70.37831083260431,8854189
2021-08-09,70.58008575439453,71.07241419068396,69.55508048620077,69.86177658464732,5363301
2021-08-16,73.22735595703125,73.25963715358009,70.03127603980424,70.05548384158904,9219393
2021-08-23,71.16926574707031,73.55825363485457,70.70115128940382,73.34034009854953,5752671
2021-08-30,70.90292358398438,71.75036992177155,70.33795935879292,71.09662931880186,7706781
2021-09-06,66.07652282714844,71.04013112218934,65.87474988055111,70.66079922083702,8366460
2021-09-13,65.8182601928711,66.80291101628296,65.48735624755645,66.31058870020397,10903275
2021-09-20,66.19757843017578,67.35172078060913,65.39048674333465,65.51155049636081,9057371
2021-09-27,66.67377471923828,68.36866128589514,65.818254945887,66.3428646090497,10132347
2021-10-04,68.03775787353516,68.33638059961588,66.18144674390754,66.41550707935177,6749599
2021-10-11,67.66649627685547,68.40095232096293,66.35900874640105,68.1103967847492,7728183
2021-10-18,68.69149780273438,68.96591272511516,65.33399968296959,67.43243832954259,8365032
2021-10-25,69.7568588256836,70.07162834239497,67.71492152495036,69.19996796025697,10035251
2021-11-01,71.39524841308594,73.44525887847804,70.66886587461984,71.217689475267,10555807
2021-11-08,72.00863647460938,72.75923302425957,70.96749061594336,71.42753166532479,6667687
2021-11-15,71.7503662109375,73.35647623441466,70.91099331056554,71.70194442317725,9135930
2021-11-22,68.61079406738281,72.46868816299896,68.02162196902773,72.14585142252874,9519818
2021-11-29,67.60999298095703,69.4501633767644,67.09345674656508,69.07889870180877,14843583
2021-12-06,69.83756256103516,70.11197746635796,67.35172496415882,67.46471533083394,11189167
2021-12-13,70.12811279296875,71.096622804557,68.7237757526668,69.83755731299128,14038175
2021-12-20,70.91099548339844,71.298400753615,68.46550629336264,69.13539367022106,6145793
2021-12-27,71.49210357666016,72.27498135563096,70.58008863793503,70.87064415175563,4306049
2022-01-03,71.50824737548828,72.4444763474922,70.23304727427214,71.55667536037774,8874355
2022-01-10,73.13856506347656,73.38876597766891,71.10469513081834,71.42753182461338,9222344
2022-01-17,73.39683532714844,75.05137343124396,73.09821261490377,73.68739083656402,10359722
2022-01-24,76.07637786865234,76.80276044275432,71.31454274079245,73.01750261643525,14511374
2022-01-31,72.87223052978516,76.1328789727953,70.49938307971134,75.9230326252362,12522376
2022-02-07,75.72933959960938,76.697849857269,73.2999967513989,73.49369632642919,13657033
2022-02-14,75.08365631103516,76.03602584522334,73.62282391083208,74.80117418935876,9696888
2022-02-21,75.76161193847656,76.06023463701175,72.21040836588921,75.01908879336796,13501583
2022-02-28,70.87065124511719,76.02795950596928,70.53167390590079,74.78504053175791,16126413
2022-03-07,75.55984497070312,77.71477260643044,68.55429323224217,69.62772654418485,20419171
2022-03-14,75.29349517822266,76.84310999654777,70.87871102987755,72.39603846560574,19151447
2022-03-21,75.15630340576172,76.31043977137814,74.81731988365378,75.3096483771887,9383545
2022-03-28,75.97953033447266,76.97224826197652,73.58246900759792,75.18857915890791,11766920
2022-04-04,84.30870819091797,84.64768551484995,75.9068923056809,75.96339368571421,13624688
2022-04-11,83.24333953857422,86.0843011913885,82.37168542272711,83.71145398046617,10252616
2022-04-18,81.83900451660156,83.53389719422451,81.53230841287632,83.24334168727363,9134451
2022-04-25,81.66145324707031,84.17957850946101,79.82128264296622,80.74137104064509,11327837
2022-05-02,81.48375701904297,84.85717640391344,80.50141322527769,83.7549181905382,11998090
2022-05-09,83.7842788696289,83.93540819748844,79.89690561091571,80.71131800504673,11385180
2022-05-16,85.89169311523438,86.22753037799008,82.83552790322413,83.01184438787644,10065678
2022-05-23,85.95885467529297,87.6380665717833,85.48867739409489,86.47941266925159,8682442
2022-05-30,84.01097106933594,85.77414872586715,82.46609916366062,85.77414872586715,11376843
2022-06-06,81.33263397216797,84.76661937183188,80.97160314283812,83.92701338787275,9462726
2022-06-13,79.06568145751953,81.36620610153302,77.89862983699255,80.60216170233451,13772584
2022-06-20,84.4307632446289,84.48114395210193,78.62909008210192,79.02370586127147,9534890
2022-06-27,81.87836456298828,85.0016995364124,79.88010482670555,84.69944089990783,10272120
2022-07-04,83.39806365966797,83.75069663444854,81.2402765439602,82.42411764663366,8352158
2022-07-11,84.1285171508789,84.51474154105614,81.52573987801622,83.39806404342725,8291930
2022-07-18,81.74403381347656,85.06887252581375,80.870842878062,84.39718521989951,8008713
2022-07-25,81.61808776855469,84.69943984637051,81.51733275574486,81.80280208919709,7839544
2022-08-01,81.86997985839844,82.7431708351352,79.24200907490344,81.47536402792569,9228282
2022-08-08,71.75272369384766,81.98752227067645,64.18787229333572,81.87836939757524,23995083
2022-08-15,68.5622329711914,73.53269923920345,68.06686207179354,72.12216082199076,12962914
2022-08-22,68.75533294677734,70.07351407449174,67.26923318593045,68.90646227887069,10395021
2022-08-29,68.37750244140625,70.1742584470998,67.26922297615897,67.87373380709762,9873835
2022-09-05,68.1760025024414,68.76373052744492,66.88301493994118,67.67224019935642,6837491
2022-09-12,68.73013305664062,69.67049388271485,67.37836717164572,68.17599013975295,11342005
2022-09-19,66.16934967041016,68.45307911403607,64.82598129347893,68.37751764549887,8899330
2022-09-26,65.82511138916016,66.68990454041457,64.65805956679162,65.80831568205082,11037315
2022-10-03,67.30281066894531,67.98288938448698,64.73361231060599,65.17860240377199,9590131
2022-10-10,68.48665618896484,69.20031995598788,66.51358351342411,66.99215864243344,9046209
2022-10-17,68.48665618896484,69.67050363770025,67.62186309669228,68.57061550172902,8402311
2022-10-24,72.3740234375,72.89458138298792,68.5538205721059,68.6545691768759,9209622
2022-10-31,73.7845687866211,74.11201459558346,72.46638769765632,72.78544205918841,8206927
2022-11-07,69.20872497558594,74.17079325801542,68.78892196260912,73.29760862802699,10191683
2022-11-14,72.23969268798828,72.56713847781766,69.37663348303144,69.67889212067159,10279102
2022-11-21,73.49909973144531,73.94408982431355,72.13054444885451,72.40760952179211,6610654
2022-11-28,72.01300048828125,74.88445774449045,71.51763604580128,73.7425931245712,11473849
2022-12-05,74.49824523925781,77.99940081780169,71.39169911074787,71.9458421606567,10615935
2022-12-12,73.56627655029297,76.28659806817521,73.26401789211882,75.5645364298353,11653990
2022-12-19,76.38734436035156,77.1010080639429,73.73418675416288,74.30511899817283,7062083
2022-12-26,75.43019104003906,76.88271206667197,75.15312596114354,76.38734766001468,4065463
2023-01-02,76.50489807128906,78.3856136450605,75.17831910515945,76.13546939573773,8142716
2023-01-09,76.55526733398438,77.00865529527445,74.87605550951065,76.14386223058004,8989565
2023-01-16,76.17744445800781,77.32770041619099,75.95074728278671,76.58045169400273,8016103
2023-01-23,75.18671417236328,76.47131023023913,74.63257117957019,75.7996229187963,7621495
2023-01-30,71.48405456542969,76.08509827924262,69.05759372980975,74.82568927505156,11884211
2023-02-06,74.4730453491211,75.33784486009651,70.44294062460996,71.36650589028844,9368234
2023-02-13,74.80888366699219,75.1111423004495,73.3815562134207,74.32191071245713,7366862
2023-02-20,75.48897552490234,77.34450394223818,74.5234273822627,74.93483251226762,7391014
2023-02-27,74.87606048583984,76.55527242191548,73.39835218850143,75.33784633053472,7174255
2023-03-06,75.18671417236328,76.07669441519283,74.6241733266138,75.18671417236328,6092605
2023-03-13,75.39661407470703,76.25300929342934,73.72579368410905,74.65775676648367,14252457
2023-03-20,81.52574157714844,81.52574157714844,74.66616207278078,75.32945158356443,11158107
2023-03-27,84.16209411621094,84.91774071178146,82.12185151101288,83.35607321616395,10501654
2023-04-03,86.00923919677734,86.47941649879616,83.1377818583023,83.96059854252054,8028143
2023-04-10,85.67339324951172,86.51299921267155,83.97738561674517,86.00923691591268,6737035
2023-04-17,86.37865447998047,86.74808313347235,84.73302765048406,85.8413072052749,7736266
2023-04-24,83.96060180664062,88.30976123645203,83.16297865175176,86.76488283225335,10127547
2023-05-01,85.2703857421875,85.2703857421875,79.04890843570043,83.96060239465035,7776118
2023-05-08,83.37287139892578,84.90095393507207,82.47449331018623,84.69944389980878,6226962
2023-05-15,85.32076263427734,85.70698061929502,82.78514896845495,83.93541147573839,6049211
2023-05-22,83.45683288574219,85.74056209942972,82.38213829240337,85.23679340382773,6974457
2023-05-29,82.721923828125,86.50180205289368,81.22390524595468,85.75279276180852,8501343
2023-06-05,83.08772277832031,84.1328486921111,82.48677172327892,82.9135306961895,5333941
2023-06-12,83.31416320800781,83.94994598928558,81.25874329901079,83.67995658721541,9072934
2023-06-19,85.87472534179688,86.39728827250696,82.19935565236383,83.15739544420519,7922500
2023-06-26,85.52635192871094,86.60632290119256,84.36800614776061,85.29991218958445,6960995
2023-07-03,81.8248519897461,86.97211319910375,81.67679370912538,85.84859922988231,6823868
2023-07-10,81.60711669921875,83.079008171467,80.77101467286566,81.54615113411222,6000318
2023-07-17,85.88343811035156,86.17955467319753,81.16294247684917,82.5216074494333,5381522
2023-07-24,82.70450592041016,86.310198920966,81.65066875307363,86.16214063636673,6968774
2023-07-31,81.7987289428711,85.72667239970207,79.7868585442558,83.10513967334826,8317506
2023-08-07,84.54219055175781,85.230234315501,81.3022909633969,81.72904993011159,5751351
2023-08-14,85.35216522216797,85.70054273569792,83.51448031692713,84.97766055795424,4855938
2023-08-21,85.97052764892578,87.21597270934849,85.10829849778638,85.13442564710151,4984482
2023-08-28,85.88343811035156,87.56435344081069,85.59602616776698,85.90085399562261,5709838
2023-09-04,87.3901596069336,87.5817675648034,85.00378468789192,86.00536751191704,5063261
2023-09-11,89.53268432617188,90.78683410348519,87.4424258376516,87.45984172362533,9959020
2023-09-18,88.92301940917969,90.52555330674225,87.75596238524956,89.0623730719018,6445825
2023-09-25,88.38304138183594,89.81138321398646,86.81534588569589,88.34820296583855,7052312
2023-10-02,89.0101089477539,89.95072620329684,87.16371949585275,88.41786919182853,6597637
2023-10-09,90.03782653808594,90.856512734771,88.03466737404088,89.06237743028963,7090503
2023-10-16,86.07504272460938,90.68231831280188,85.23022945972983,90.57780307099529,6536188
2023-10-23,70.92938995361328,88.10433610461969,70.19779654531227,86.07504333063659,13102691
2023-10-30,74.33476257324219,77.23499572971924,70.70294266274281,70.98164332781056,12463682
2023-11-06,74.15187072753906,75.6150509758909,72.16612752865052,74.33476742798949,8442214
2023-11-13,74.8050765991211,75.35376670430284,72.63643668464256,74.32605668168176,9181482
2023-11-20,75.2318344116211,75.36247680934316,73.85575353722729,74.84862512831762,4871827
2023-11-27,74.70926666259766,77.18274086094365,73.21995937170622,76.97371038012707,9552534
2023-12-04,75.01409912109375,76.13761310727155,72.53192014918857,74.81378653717157,8115804
2023-12-11,76.38147735595703,78.21045767778891,75.03152360025794,75.22313156881165,11395362
2023-12-18,77.80982208251953,78.14078372942066,76.31180998481771,76.72985770914188,6219255
2023-12-25,78.17561340332031,78.28883326500517,76.99984517363836,77.80981337951532,2567851
2024-01-01,81.41551971435547,81.82485616198801,78.17562003693298,78.17562003693298,4740495
2024-01-08,83.30545806884766,84.04575614636856,81.32841946227288,81.37196914408231,5750327
2024-01-15,81.90324401855469,83.25319778364978,80.51844519193618,82.67838051873633,6111872
2024-01-22,80.19620513916016,82.38226107275695,79.08140233028634,81.6158358028434,7365347
2024-01-29,76.26825714111328,82.12097819712892,76.26825714111328,80.63167078203095,8520938
2024-02-05,75.33634948730469,76.78211383457494,74.4741202958986,76.15503564273476,6267559
2024-02-12,75.301513671875,75.47570575603908,73.96897579057554,74.77895070887992,6065878
2024-02-19,78.13206481933594,78.21915753298659,74.86603822182566,75.05764617870597,7094267
2024-02-26,76.04180908203125,78.75043443159268,75.85020111856413,78.68075760037766,7332428
2024-03-04,76.37277221679688,76.97371662484105,75.07506612758526,76.2682569679095,5359459
2024-03-11,76.81694793701172,77.923046071399,76.51212009693401,77.15661419377669,7451682
2024-03-18,77.20887756347656,77.77499022409516,75.60634356932927,76.79082319486243,6481959
2024-03-25,79.22074127197266,80.16135853772025,76.9475862021234,77.24370940567277,5833181
2024-04-01,76.06793212890625,79.19461165233416,75.53666459261007,77.83594674067916,5717369
2024-04-08,75.31021881103516,77.09564267642577,75.00539099448046,76.06793272007852,5654884
2024-04-15,75.67601013183594,76.79081277047364,74.09089888413274,75.8240684037414,7353178
2024-04-22,79.45590209960938,80.61424787612661,75.54537460027615,76.19857995358032,9154109
2024-04-29,79.51686096191406,81.89452452639698,79.3339576310327,79.83040003664226,5949933
2024-05-06,82.15580749511719,82.27773861652213,78.92461948839065,79.51685921153513,5919752
2024-05-13,80.88587951660156,84.5505541158,80.7860982415275,82.99941827683658,8363317
2024-05-20,81.20336151123047,83.66160171605809,80.31440987665755,81.28500388128151,5569415
2024-05-27,81.42106628417969,81.702264269535,78.95376019668878,81.0038023018252,7451442
2024-06-03,82.66378784179688,83.00848930079403,79.82457532451299,81.0945131342511,6803538
2024-06-10,78.40042877197266,83.20804777328479,78.40042877197266,81.69318985150733,8048371
2024-06-17,79.4798812866211,80.53211073290154,77.95595728945976,78.7814123725948,10781069
2024-06-24,81.58434295654297,84.09699972752347,79.39823488495215,79.86085650004387,8881351
2024-07-01,82.49144744873047,83.71602766859112,81.43013813228694,82.85428090601911,6436702
2024-07-08,85.6300048828125,86.09262654287346,82.5730838342911,82.61844147726744,7361212
2024-07-15,83.77952575683594,85.50301239307962,82.30095932143254,85.18552965180953,6013159
2024-07-22,87.8251724243164,89.0769643795791,82.87242131357606,84.5414772539263,7769617
2024-07-29,87.21741485595703,89.12231797824143,85.31251173367264,87.58932118468405,7905393
2024-08-05,87.3081283569336,87.77074998781485,83.42575243183883,87.21741999730698,7756924
2024-08-12,89.41259002685547,89.53051019689163,86.63687421031085,87.21741598997242,5559521
2024-08-19,91.01815032958984,91.16328923633363,88.60527483010841,88.89554572299198,5015336
2024-08-26,91.79825592041016,92.68721443499057,90.70066887525746,90.76416541768434,6332814
2024-09-02,94.82796478271484,96.27931926547357,93.37661029995611,94.33813134717052,9702608
2024-09-09,93.79387664794922,96.22489806313953,92.32437630423573,94.8461060792741,6820825
2024-09-16,93.92086791992188,95.22709042241172,92.977485770413,93.46731920884669,9326342
2024-09-23,93.41289520263672,94.50140933660022,92.07038797818458,93.7394439063425,7739049
2024-09-30,92.26995086669922,94.75539586503668,90.59182202023712,93.59431227225433,7385097
2024-10-07,90.83673858642578,92.36066258758913,89.47609240398009,91.3991414999209,5606460
2024-10-14,91.45356750488281,92.34252607887237,89.58494891377981,91.12701185897681,7236612
2024-10-21,90.78231048583984,91.43542172856739,88.42385860312685,90.74602575895453,7281562
2024-10-28,89.530517578125,92.43323363634761,87.68911082014183,91.72569871659097,7781919
2024-11-04,86.84550476074219,89.90242554727124,86.10168515566976,89.08603648789807,7246231
2024-11-11,82.82706451416016,87.31720096646058,81.79297399267128,87.17206205507762,8847266
2024-11-18,84.51426696777344,84.5777635118574,81.82925937127368,82.90870754130522,7767629
2024-11-25,83.53459930419922,84.74104055133924,82.63657478307135,84.45984256163149,6888044
2024-12-02,83.61624145507812,83.8974394440567,82.50958148211136,82.91777947836857,6495867
2024-12-09,80.88587951660156,83.78859556498476,80.76795933724334,83.69788028175054,7701842
2024-12-16,82.79985046386719,84.62311819543604,79.37102336192852,81.04007927416372,14039270
2024-12-23,84.61405181884766,84.61405181884766,82.43701648293916,82.55494358451456,2610437
2024-12-30,84.24214172363281,85.65721151509368,83.79765899530636,84.6231209873947,3746640
2025-01-06,86.72758483886719,87.77981424685585,84.26935166230126,84.82268164188812,6956645
2025-01-13,89.0678939819336,90.8185922026519,84.41447999203369,86.14703931021255,9112594
2025-01-20,90.8548812866211,91.48984671501793,88.97718297563873,88.97718297563873,6391218
2025-01-27,94.70097351074219,94.9912444128502,90.81859759982105,91.27214631690256,9930443
2025-02-03,93.7575912475586,95.06381376593707,91.07258367580611,94.33813305114809,8729926
2025-02-10,94.06600189208984,95.77134951087564,93.5036059076854,93.95715462832344,8188450
2025-02-17,94.44699096679688,94.64654659667566,92.83235165861613,94.33813677909569,8137233
2025-02-24,94.66468811035156,95.20894518286183,93.2858961446811,94.06600048616735,10707156
2025-03-03,99.43602752685547,100.01656935619087,95.29965834208508,95.62621398616182,11853011
2025-03-10,96.35188293457031,100.57895304433971,95.52642101295528,98.619626340409,11377292
2025-03-17,96.00718688964844,98.74662495300649,95.55363818305577,96.3337425120435,12680667
2025-03-24,93.79387664794922,96.33374532671549,91.0000148727625,96.17046751074732,9836668
2025-03-31,87.08135223388672,94.01157596218522,87.01785569137368,92.94120073081953,14100917
2025-04-07,81.29407501220703,86.4826665523799,78.13737287796077,83.80673187433361,17425012
2025-04-14,82.28280639648438,83.47110180582793,81.0672991717519,82.86334819346169,8663437
2025-04-21,83.77952575683594,85.55743602855314,80.3144135793923,82.28281349587155,10149181
2025-04-28,88.8229751586914,89.22210022664086,83.5345956907767,83.90650894420304,10839969
2025-05-05,84.28749084472656,88.95904395510878,82.43701127220102,88.93183213972819,11304923
2025-05-12,86.92976379394531,87.2328196563241,82.39339116069114,82.64909160924567,12751562
2025-05-19,87.26123046875,89.11744853866158,86.26682457663728,87.10023362158408,8436686
2025-05-26,82.88585662841797,88.64392540582624,80.9065245504837,87.55481588511635,12832943
2025-06-02,83.7287368774414,83.74767470796269,81.02017191132461,82.39339222490429,10120307
2025-06-09,82.20398712158203,84.03179489408541,81.0769947030486,83.9844394784377,10550767
2025-06-16,78.81354522705078,82.16610492624852,77.93278795670713,81.4842273975409,12854043
2025-06-23,78.1221923828125,80.30041138564505,77.75284327217716,78.77565952874662,8404459
2025-06-30,78.87983703613281,79.57117985510762,77.18461577356463,77.65814102370919,7936678
2025-07-07,78.63360595703125,79.83636420095092,77.39297204950891,78.76619245590743,9150272
2025-07-14,78.71884155273438,79.61853665347031,78.1221951029169,78.60519288957343,6487980
2025-07-21,80.60346984863281,81.18117124037902,77.48767278959215,78.75672423595039,6609316
2025-07-28,76.0860366821289,82.53545575304305,72.71453908220052,82.5165106960647,13794195
2025-08-04,76.6447982788086,78.62413038207106,74.61811075974418,76.31333204446105,10493941
2025-08-11,80.45193481445312,80.87811186267942,76.73002616546964,76.92891312322827,7131145
2025-08-18,82.71538543701172,83.7571467451226,80.18676239006277,80.49929078249603,6148470
2025-08-25,80.01629638671875,82.97109660934886,79.90265494862432,82.57333712517425,7723140
2025-09-01,75.29051208496094,81.55998877419376,72.61983005851125,80.65082119342595,17701071
2025-09-08,76.42697143554688,77.11832147046695,74.43816685728548,76.4175061329775,8564891
2025-09-15,76.1996841430664,77.39296982406114,74.13511371581866,76.01027692881038,10919054
2025-09-22,74.1729965209961,76.43644668831385,72.87553470598156,76.33227055296264,8566118
2025-09-29,82.20398712158203,82.36498397410911,72.11789774948669,73.8699397471225,14573400
2025-10-06,78.92718505859375,82.43127623748914,78.91771975591469,82.3271001046444,7696219
2025-10-13,81.85357666015625,82.1945154250882,78.7946003040785,78.87983860802251,8206253
2025-10-20,84.08861541748047,86.32365519293526,80.83075935995205,81.66416843071809,9818577
2025-10-27,82.96162414550781,84.47690353312828,82.2323984239543,83.9655026104618,7572740
2025-11-03,80.91600036621094,83.37833032258479,80.11100162770411,83.18891587952699,7658344
2025-11-10,84.84625244140625,85.98271739828611,81.00122965037117,81.16222650433366,7108040
2025-11-17,81.74939727783203,85.30083658362076,80.61293959014834,84.68525232553303,10535580
2025-11-24,81.21905517578125,82.93321431661167,80.62240871981594,82.20398859039219,9162969
2025-12-01,80.4992904663086,82.63015403747559,79.83635802322533,80.89704993215855,8896453
2025-12-08,78.90824890136719,80.5371769490269,77.6581425061389,79.95947555478892,9765259
2025-12-15,78.01802062988281,78.71884322950368,73.86994187934832,74.24876353919863,14816299
2025-12-22,77.2887954711914,78.47260865115032,76.69215622964413,77.77179327173288,4507453
2025-12-29,77.96119689941406,78.82301632293087,77.52555453630582,77.72443427432772,4809299
2026-01-05,79.96894836425781,80.47088398468986,76.4269742108059,78.2358441754504,8324128
2026-01-12,76.50273895263672,80.42352748143678,76.06709658559471,79.84582609297581,8787986
2026-01-19,75.1105728149414,76.09550620162587,73.16912362591631,75.76403997183347,11031415
2026-01-26,75.00640106201172,75.85874800655277,72.76189587104629,75.69775114631233,11236018
2026-02-02,76.10498046875,77.98013645466419,75.05375381208638,75.29051644240842,11798759
2026-02-09,73.51006317138672,78.55783689726971,73.24488295928984,76.66373587768108,16222528
2026-02-16,75.36627960205078,76.23756431729001,72.98918085301469,73.86993809625615,11103013
2026-02-23,77.84754943847656,77.84754943847656,74.87381139957667,75.08216366893254,11060392
2026-03-02,72.34518432617188,77.78125196335151,72.05160099463218,77.07096411575164,12900896
2026-03-09,72.34518432617188,72.96076857250942,70.88672574538288,71.50230999172042,10598268
2026-03-16,73.67105865478516,74.58969878828037,71.3413153110397,72.51565589824156,20348199
2026-03-23,77.64866638183594,78.62412721451224,72.00424642081573,72.36413022539887,12802551
2026-03-30,78.20743560791016,79.33442084126668,75.65039480548215,77.0804431491314,9795774
2026-04-06,75.94398498535156,79.00295417810365,75.39469393898605,78.20743519406162,11500718
2026-04-13,77.67707824707031,78.02748953058885,74.6559920880607,75.3378695990039,9965207
2026-04-20,75.83980560302734,79.59012470751702,75.83980560302734,76.7110903269607,11866168
2026-04-27,75.59357452392578,75.94398582816962,73.62844752513382,75.50834344272776,8430200
2026-05-04,73.0999984741211,80.55999755859375,72.73999786376953,80.5,13928969
2026-05-11,73.95999908447266,74.4000015258789,71.7300033569336,73.0999984741211,10270786
2026-05-18,76.87999725341797,78.0199966430664,72.61000061035156,73.0999984741211,10280616
2026-05-25,75.29000091552734,77.66999816894531,74.97000122070312,76.69999694824219,13347573
2026-06-01,77.94999694824219,78.43000030517578,72.70999908447266,74.5999984741211,10263765
2026-06-08,76.58999633789062,78.26000213623047,74.91000366210938,78.12000274658203,13480078
2026-06-15,74.13999938964844,76.9000015258789,71.87000274658203,76.48999786376953,18873340
2026-06-22,75.06999969482422,75.06999969482422,71.25,74.0,13923466
2026-06-29,75.80999755859375,76.19999694824219,72.93000030517578,75.41999816894531,10847319
2026-07-06,76.2300033569336,77.16999816894531,74.41999816894531,76.19999694824219,11373229
2026-07-13,77.33999633789062,78.41999816894531,75.02999877929688,76.4800033569336,9028698
2026-07-20,76.02999877929688,78.30999755859375,74.08000183105469,77.5,10172491
2026-07-27,74.47000122070312,80.18000030517578,72.06999969482422,76.55000305175781,16542445
2026-08-03,75.30999755859375,75.91000366210938,73.62999725341797,74.88999938964844,9699184
2026-08-10,75.5199966430664,76.52999877929688,74.7300033569336,75.5999984741211,7318436
2026-08-17,78.94000244140625,79.06999969482422,75.48999786376953,75.55000305175781,7716553
2026-08-24,77.25,79.36000061035156,76.80999755859375,78.5,5613459
2026-08-31,76.26000213623047,78.1500015258789,75.8949966430664,77.5,9126822
2026-09-07,73.26000213623047,76.19000244140625,73.22000122070312,76.01000213623047,7118337
2026-09-14,74.05000305175781,75.95999908447266,73.44999694824219,74.0,13976148
2026-09-21,71.79000091552734,74.7699966430664,70.95999908447266,74.25,9384623
2026-09-28,70.80999755859375,75.30000305175781,69.75,72.4800033569336,14146291
