Price,Close,High,Low,Open,Volume
Ticker,SGO.PA,SGO.PA,SGO.PA,SGO.PA,SGO.PA
Date,,,,,
2000-01-03,20.58322525024414,21.939743925643736,20.179631927435985,21.177401932921992,5347664
2000-01-10,20.415061950683594,21.300722902913716,19.170650612622346,20.3477958256781,5000356
2000-01-17,18.520418167114258,20.403850900014564,18.408309096235058,20.14599969486267,6037820
2000-01-24,16.816360473632812,19.047330278875307,16.681829931973482,18.363465979336763,6852700
2000-01-31,17.018157958984375,17.410539722218836,16.065230819700684,16.928470356686752,8444444
2000-02-07,16.928468704223633,17.48901402555554,15.370153395180353,17.152686832756395,10861468
2000-02-14,15.190778732299805,17.01815688503091,14.529335914562434,16.92846928839314,8013660
2000-02-21,15.695273399353027,16.25581887790135,14.65265846712334,15.291679970538619,7023800
2000-02-28,15.650426864624023,16.367924228748038,15.37015418947423,15.672848336506277,6980032
2000-03-06,13.778204917907715,15.672848378001417,13.677306583521785,15.42620876534633,8344932
2000-03-13,15.02261734008789,15.986756152144126,13.453090155302588,13.77820667178729,10022388
2000-03-20,14.697500228881836,15.471052152234057,14.394804361732206,14.820819183416218,7984780
2000-03-27,14.966564178466797,15.571952607044043,14.63023689355743,14.719924511663068,8630908
2000-04-03,15.706488609313965,16.928477349630143,14.977779319429224,15.190785966058835,9299812
2000-04-10,16.0203857421875,16.96210297558969,15.13472475556572,16.121284933613815,7457728
2000-04-17,16.255813598632812,16.749092775297445,15.302886594575027,15.57194765263783,3744964
2000-04-24,16.827571868896484,17.601123757415152,16.255814935192337,16.255814935192337,5369020
2000-05-01,18.273780822753906,18.32983536515499,16.65941068586219,16.827574313065448,6754484
2000-05-08,18.3971004486084,18.66616155249293,17.432961690166067,18.2737797781162,3746348
2000-05-15,17.94866371154785,18.924012328427526,17.758076914256904,18.385888422706373,3743592
2000-05-22,16.77152442932129,18.57648016961277,16.625782236465618,17.95988003192668,5685052
2000-05-29,17.152690887451172,17.477806566417783,16.166130546566016,17.14147929411482,4870932
2000-06-05,16.74909210205078,17.522645606522428,16.61456157842697,17.062997797605288,3509864
2000-06-12,16.255813598632812,17.130264603309655,16.143704539331896,16.749092775297445,4911172
2000-06-19,15.57194995880127,16.255816006074955,15.16835831193624,16.255816006074955,5210708
2000-06-26,15.874641418457031,16.289444541839607,15.616790273441397,15.69526626262487,8405332
2000-07-03,16.403799057006836,17.013475992766132,16.162227691886756,16.43830774750326,4457112
2000-07-10,18.175315856933594,18.232832679265663,16.69138254287588,16.794912120963954,4320896
2000-07-17,17.96826171875,18.290356396280334,17.047992214534638,18.290356396280334,4151288
2000-07-24,17.715181350708008,18.33636233232448,17.33556997070944,17.968255018949012,3402144
2000-07-31,18.485904693603516,18.90002647947645,17.55413330830036,17.945246963078382,5625932
2000-08-07,18.462902069091797,18.85401580333666,18.382378859720713,18.62394848783396,1948720
2000-08-14,18.692970275878906,18.923037602351265,18.359373354603754,18.416890186221842,2111704
2000-08-21,18.06028938293457,18.8310147571386,17.70368424077944,18.520424144283222,3876752
2000-08-28,17.496620178222656,18.071788471323018,17.117008753721553,18.060284403351275,6019064
2000-09-04,18.00276756286621,18.405385367786543,17.69217703583968,17.818713007078614,3908752
2000-09-11,17.32406997680664,18.485908894919838,17.186028179960086,18.278847954924366,3275988
2000-09-18,16.219749450683594,17.324073519648536,15.333990434573547,17.312569449133907,6471372
2000-09-25,16.392301559448242,16.668381725707942,15.989683626409164,16.104717321563186,3752452
2000-10-02,17.094005584716797,17.255052034932973,16.001185622504376,16.047198392487665,3406140
2000-10-09,16.33477783203125,17.19753018231459,16.10471053862236,16.840925175421148,3402928
2000-10-16,16.047197341918945,16.95596265415436,15.414512142058342,16.530338416212132,3978504
2000-10-23,17.024986267089844,17.289564107430664,15.943670273857583,16.31177773398294,3481988
2000-10-30,17.726686477661133,18.18682108572217,16.85243002023547,17.02498049825836,2130336
2000-11-06,17.611656188964844,18.29035416335694,17.312567934498237,17.96825952514857,3256100
2000-11-13,17.519624710083008,17.99126160748986,17.2550469721223,17.715181558045565,3219856
2000-11-20,17.830223083496094,17.991269557624154,17.31257144558814,17.600155688870338,3192176
2000-11-27,18.244338989257812,18.64695679509021,17.7151834566255,17.77270028603013,11135152
2000-12-04,18.865524291992188,19.440692715528535,17.795710673159636,18.347872710809476,7895400
2000-12-11,18.497413635253906,19.48670209853273,18.393882283856794,18.68146644561362,5659868
2000-12-18,19.417682647705078,19.44068902922917,18.22133150043403,18.48590927614706,8836768
2000-12-25,19.245134353637695,19.613241765931637,19.233630283923205,19.417684867707475,1521308
2001-01-01,19.900821685791016,20.268929019097623,18.531921936681552,19.245130224077023,6164048
2001-01-08,18.370874404907227,20.19991057779501,18.071787954217683,19.900822371831186,9806276
2001-01-15,19.3831729888916,19.3831729888916,18.083292194071277,18.301857215656696,5978408
2001-01-22,20.073375701904297,20.073375701904297,19.00356220455879,19.291146383669165,4011220
2001-01-29,20.119384765625,20.418472958964585,19.222123696154654,19.440686929943748,7459348
2001-02-05,19.99285125732422,20.234420899804938,19.624743881681393,19.7742862414328,4684056
2001-02-12,19.728271484375,19.95833879031523,19.279640939901242,19.843305137345116,4314724
2001-02-19,19.37166976928711,19.889321296135602,19.038072820761233,19.670758020242722,3192160
2001-02-26,19.80879783630371,20.015858795588844,18.85401801396497,19.429186370160053,5164672
2001-03-05,20.349454879760742,20.706059947635353,19.68226101900094,19.808796998849598,4993260
2001-03-12,18.808002471923828,20.68305138745794,18.060283719217377,20.452984078932875,5192648
2001-03-19,17.485111236572266,19.095582008361816,16.449808597564697,18.71597068967094,6864924
2001-03-26,18.808002471923828,18.877023366591054,17.26655220691562,17.48511544790472,5574844
2001-04-02,17.30105972290039,18.750484370190414,16.748899624193854,18.428389809095503,6770564
2001-04-09,18.34786605834961,18.497410145303203,17.312563271358094,17.312563271358094,3305808
2001-04-16,19.08408546447754,19.371669644203088,17.91074236225221,18.34787066648995,4550132
2001-04-23,19.509716033935547,19.751285748440587,18.554935982089564,18.91153939548509,8163360
2001-04-30,19.843307495117188,19.969845230529167,19.348662377517346,19.567227397294904,5499812
2001-05-07,19.900821685791016,20.01585533715397,19.50970797326666,19.843304860109537,2616868
2001-05-14,20.591026306152344,20.68305359041909,19.567227376280247,19.567227376280247,9799684
2001-05-21,19.624740600585938,20.69455209821792,19.475196510562654,20.4759888741429,7044988
2001-05-28,19.578733444213867,20.23442511802984,18.773497624196935,19.555727057554055,6874144
2001-06-04,19.55572509765625,19.923832513145445,19.498208259133733,19.578731482010337,2129160
2001-06-11,18.83100700378418,19.77428252511592,18.612443784243272,19.509706550495064,9221268
2001-06-18,18.980546951293945,19.30264143243125,18.54341885227001,18.70446697047552,4336948
2001-06-25,18.462902069091797,19.302648121731522,17.899237848219904,19.26813767335125,11117580
2001-07-02,19.845848083496094,19.975869255710958,18.40380344469042,18.55746433814568,5295596
2001-07-09,19.739465713500977,20.0704271760032,19.420325011786105,19.845845346207646,8803676
2001-07-16,19.349403381347656,20.164987150250173,19.089362885423085,19.857665416415344,5761428
2001-07-23,19.38486671447754,19.63308829018632,18.084662239725997,19.266666307681945,7116332
2001-07-30,20.767810821533203,20.80327130379277,19.219386596419294,19.50306684730572,7058884
2001-08-06,20.318649291992188,20.744171479680066,20.046789798097517,20.555050106575436,5664704
2001-08-13,20.212268829345703,20.685070439388877,20.105889188523992,20.448669634367292,2778212
2001-08-20,20.50777244567871,20.614152100039526,19.763109454367296,20.21227140179285,3606028
2001-08-27,19.975868225097656,20.673249885482583,19.8340281013781,20.578691005399563,13391836
2001-09-03,18.85296058654785,20.33046533470991,18.60473906741876,20.1413440055073,8550064
2001-09-10,16.58351707458496,18.971164879369105,15.744293483093859,18.829324755008717,8747572
2001-09-17,16.075254440307617,17.481838482396544,15.153290957276862,16.335294960240656,12380148
2001-09-24,18.451082229614258,18.451082229614258,16.098893306248435,16.169814264104748,8350124
2001-10-01,18.155582427978516,18.38016246983757,17.399098774715664,17.399098774715664,7203572
2001-10-08,19.101186752319336,19.384867011537946,17.623681644732603,17.848261699647743,6315200
2001-10-15,18.85296058654785,19.739463435445085,18.675660016768404,18.923881535897493,3551536
2001-10-22,19.337583541870117,19.96404413413059,18.628381237942286,19.077541254220797,4138236
2001-10-29,18.297422409057617,19.50306613679504,17.54093876159464,19.33758629707235,9484268
2001-11-05,18.97116470336914,19.71582760384656,18.167401601323593,18.32106248611973,7076616
2001-11-12,19.65673065185547,19.810391562054253,18.55746636024303,18.900246864567354,5173932
2001-11-19,19.857667922973633,20.034968529428756,19.50306671006339,19.60944635249845,4253636
2001-11-26,19.254844665527344,20.212268638250908,19.00662490475845,19.763106752237444,5697400
2001-12-03,19.940406799316406,20.2122680756731,18.994803614489594,19.113004012592945,5835492
2001-12-10,19.325763702392578,20.04678680049469,19.302123985188125,19.857665455669437,6427428
2001-12-17,19.763105392456055,19.940405982346977,19.030263314959207,19.302124580177598,5342556
2001-12-24,20.03496551513672,20.200445334826785,19.503063775796807,19.621264162316788,1811960
2001-12-31,20.602325439453125,20.625965153408607,19.62126197974687,20.034963286548763,3208316
2002-01-07,20.50777244567871,20.862373698341745,20.22409216498638,20.425032514109716,7513140
2002-01-14,19.857667922973633,20.614149789077473,19.58580663235677,20.33046954018729,6368344
2002-01-21,19.57398796081543,19.845847451819623,19.325766386704142,19.692188366850317,8056384
2002-01-28,19.91676902770996,20.28319101909401,19.17210608613294,19.526707315112937,13357372
2002-02-04,19.349403381347656,20.058605717648206,19.030262690731373,19.857665416415344,12396916
2002-02-11,19.857667922973633,20.094068731580464,19.290305621598236,19.432145746043325,9408204
2002-02-18,20.153165817260742,20.49594621529531,19.62126408014829,19.763104182659326,7906008
2002-02-25,20.803274154663086,21.335176050662994,20.11771135021081,20.153171837329865,18703504
2002-03-04,21.985273361206055,22.103473755621142,20.80326941705519,20.80326941705519,10229516
2002-03-11,21.748872756958008,21.997094308774294,21.335171372994132,21.807972954667132,8489932
2002-03-18,22.339872360229492,22.4226122675114,21.71340997036126,21.748870445937705,7566960
2002-03-25,22.091657638549805,22.434439936565525,21.937998536385972,22.30441875393969,5493788
2002-04-01,21.737049102783203,22.233492140339347,21.57156929266093,22.091650241840643,6470960
2002-04-08,21.465198516845703,21.855258487652446,21.205156131514002,21.677957845069233,6325228
2002-04-15,22.62355613708496,22.93087790257813,21.311532761929495,21.311532761929495,9635776
2002-04-22,22.316234588623047,23.025436947560678,22.198034195466775,22.80085511840684,8358996
2002-04-29,22.505359649658203,22.789041744896434,22.127118659602537,22.22167935801528,7388248
2002-05-06,22.6353759765625,22.78903685304927,21.914352834983376,22.576275778190272,4679164
2002-05-13,22.93087387084961,23.19091434784134,22.576272728516884,22.576272728516884,5010208
2002-05-20,22.836318969726562,23.143640758758604,22.706299600209263,23.03725930704976,5330860
2002-05-27,22.458070755004883,23.025432903218654,22.304409910172783,22.729931972231746,12830328
2002-06-03,21.311534881591797,22.505357973926177,21.311534881591797,22.339878116721863,8200836
2002-06-10,21.039669036865234,22.044372333569473,20.625967679398784,21.417909917258463,11677436
2002-06-17,21.465198516845703,21.831618762693765,20.826915121388897,21.039676253207833,11966308
2002-06-24,22.03485107421875,22.03485107421875,20.4955631935806,21.792443475711224,13746723
2002-07-01,21.816682815551758,22.04939387698687,21.031282752030368,21.85546891716917,7491896
2002-07-08,20.459203720092773,22.349982066974558,20.168313463279382,21.78274911773704,6920874
2002-07-15,18.61690330505371,20.885838453151603,18.30177270415335,20.54161827620067,9916186
2002-07-22,13.52634334564209,18.844765540721227,11.877971917538275,18.49569986850743,26937705
2002-07-29,13.026986122131348,15.16017302863434,12.983352675829392,14.011160483869046,22076839
2002-08-05,13.914194107055664,14.302045827405822,11.747069961053764,13.3421121260056,16335320
2002-08-12,13.429383277893066,13.914198545330192,12.847604587083822,13.914198545330192,7579232
2002-08-19,14.835345268249512,15.489845971573033,13.356658357079837,13.574825566424881,9851387
2002-08-26,14.786865234375,15.85345916214903,14.495975897281019,15.029272861168034,10329920
2002-09-02,14.350529670715332,14.903218686084019,13.477861782294077,14.786863152570168,7860886
2002-09-09,13.090008735656738,14.452339015522538,12.920323252289261,14.350528280328945,9004280
2002-09-16,11.965240478515625,13.332419331055437,11.572540386229267,12.99789655073877,10828824
2002-09-23,11.572541236877441,12.353093215375779,10.636847590728827,12.120382100968017,14438202
2002-09-30,10.859858512878418,11.650107677031466,10.181117529206915,11.296191936330708,13736247
2002-10-07,11.587081909179688,11.819792959432126,10.472007433186445,10.69017369603129,10094340
2002-10-14,12.760335922241211,13.153035975512614,11.271953405472468,11.50466447965466,13361467
2002-10-21,9.672062873840332,12.847601822297069,9.555706420948846,12.750638419791342,20481038
2002-10-28,10.389588356018066,11.393155524475475,9.003016792025294,10.084154307097958,19011213
2002-11-04,11.625866889953613,12.726397484860916,10.520488957369624,10.622299693386992,17059786
2002-11-11,12.784579277038574,12.837908328769968,11.271955204070746,11.485274185131592,8491806
2002-11-18,14.016009330749512,14.132364884160939,12.265825916506838,12.702160397689365,11818738
2002-11-25,14.723837852478027,15.116537900800795,13.332417838463464,14.103274071100643,14448124
2002-12-02,13.473015785217285,15.61105089135473,13.041529598521784,15.223198149658904,9633675
2002-12-09,13.57482624053955,14.27780868359501,12.963958948749873,13.817233851977758,7767431
2002-12-16,13.477864265441895,14.714143770631637,12.658527117072415,13.574827690257003,9039357
2002-12-23,13.332415580749512,13.962674856500367,13.046374590676516,13.962674856500367,2268914
2002-12-30,14.39901351928711,14.495976015971205,13.007593323229274,13.380901293477928,4046566
2003-01-06,13.52634334564209,14.544455409230542,12.866995329227507,14.326288208207455,7000625
2003-01-13,13.599064826965332,14.248717213376441,12.949412440554225,13.531191000678406,8237949
2003-01-20,12.614889144897461,13.889952453143671,12.018566792837078,13.589367608482474,10393995
2003-01-27,13.167581558227539,13.269393237264753,11.645262033622677,12.605195966027845,11968281
2003-02-03,12.653677940368652,13.574826710802178,12.4112703205329,13.245152199871685,8608120
2003-02-10,14.137211799621582,14.399012463364627,12.464598913827631,12.653677479212604,11193659
2003-02-17,13.996615409851074,14.495974480421065,13.574825773584445,14.258415140348731,8393279
2003-02-24,13.589371681213379,14.161452894859202,12.75548886609766,14.049945610185908,13853302
2003-03-03,12.149467468261719,13.822080115032769,12.130075343002881,13.768750152325806,8977228
2003-03-10,12.265826225280762,12.430663494607751,10.859862096943278,12.260978886222698,13953870
2003-03-17,13.19182300567627,13.429383300873301,11.684048150170701,11.819795833469874,12737314
2003-03-24,12.813667297363281,13.47786367678885,12.013722314067806,13.056074924102013,8831837
2003-03-31,13.453618049621582,13.792988964901982,11.805247014069677,12.41126584513371,9344651
2003-04-07,13.759054183959961,14.471733079106032,13.473014083017654,13.86571411368879,11480256
2003-04-14,13.5651273727417,14.287501819176676,13.143338719480598,13.671787295179925,7206214
2003-04-21,14.539604187011719,14.641415835003192,13.337263006508868,13.5651257619772,8456126
2003-04-28,15.041398048400879,15.89039122136607,14.550650960779148,14.717505045452599,11037004
2003-05-05,15.281861305236816,16.022890324786385,14.8205597984277,15.213157024653677,9363497
2003-05-12,15.409457206726074,15.703905624388502,14.732226688525635,15.429087538048904,5788655
2003-05-19,14.938336372375488,15.98853540821633,14.76166718323815,15.139542532881698,15408882
2003-05-26,15.802053451538086,15.875664376803302,14.727317281410235,15.115006916755524,7344837
2003-06-02,15.365288734436035,16.13085381360009,15.065933692623696,15.949277942734096,14553307
2003-06-09,16.53326416015625,17.07799357710339,15.046301492744595,15.257322832139451,13632691
2003-06-16,17.14179229736328,17.671798066507808,16.3615045180815,16.67067564211233,12745097
2003-06-23,17.95323944091797,17.953239440917972,16.8425717428384,17.040361350814873,17743493
2003-06-30,17.39029884338379,18.024240895697538,16.771570781241536,17.760520769778505,12938875
2003-07-07,17.435943603515625,18.541538751735192,17.177294150091555,17.562732020195504,10894673
2003-07-14,17.52216148376465,17.92788409239577,17.304085218880797,17.643879233672987,5925603
2003-07-21,16.786785125732422,17.79602174555846,16.381062590615542,17.6844473229122,8528688
2003-07-28,17.785879135131836,18.140887092716124,16.888216902886114,17.035291932185533,9525925
2003-08-04,17.58302116394043,17.983673126757427,17.395374801276574,17.75038284510634,6037839
2003-08-11,18.22709846496582,18.42996066521402,17.41565353324767,17.68444430413481,5105278
2003-08-18,18.257530212402344,18.91682952758937,17.99381009940003,18.38431861665514,7097850
2003-08-25,18.049598693847656,18.511108443407377,17.80616517113197,18.343746808306655,7224589
2003-09-01,17.917739868164062,18.76468555796504,17.85688003557747,18.24738858880516,6473856
2003-09-08,16.715789794921875,18.338682440027704,16.54335741510491,17.856885913953395,7863736
2003-09-15,17.948171615600586,18.30317964162399,16.553498747724284,16.73607441451564,9070841
2003-09-22,16.659996032714844,17.83659230385684,16.396277846629204,17.73516312519509,8560196
2003-09-29,17.116437911987305,17.27872694630771,15.58483345778034,16.736072625054256,12320613
2003-10-06,17.329442977905273,17.811239434812546,16.796931919065894,17.248298454031065,9146671
2003-10-13,17.74530601501465,18.293030918602334,17.339581571305217,17.339581571305217,10081774
2003-10-20,17.21279525756836,17.97859840020526,16.81214531941663,17.58301721299131,7123772
2003-10-27,18.404605865478516,18.465463759937055,17.09107787436971,17.349725376796695,8494267
2003-11-03,18.495895385742188,18.81540081218865,18.01409900132834,18.44010817122805,7779784
2003-11-10,18.769752502441406,18.9675440169703,17.983664867261144,18.30317215342918,5778825
2003-11-17,18.485750198364258,18.68861048955908,17.704733143938416,18.455320284098132,6747941
2003-11-24,18.926979064941406,19.271843792847626,18.242322230366554,18.587186958272774,10834231
2003-12-01,19.23633575439453,19.824633839296492,18.759612077975884,19.170405246232807,7501921
2003-12-08,19.170406341552734,19.27183745191135,18.703825942395625,19.084191155262296,6720543
2003-12-15,19.27183723449707,19.626845149428462,18.992903135135794,19.4594835290292,8690844
2003-12-22,19.47977066040039,19.52541456403949,19.03347492866669,19.03347492866669,1941524
2003-12-29,19.86520767211914,19.89056690249552,19.327626037762606,19.373269943947374,2276777
2004-01-05,19.697851181030273,20.478868398680486,19.347915799706048,19.7029218671489,7163254
2004-01-12,20.108642578125,20.205001073151333,19.398626709037224,19.672490138654304,6670070
2004-01-19,20.149215698242188,20.524510276854947,19.98185598799328,20.032570582701975,7249226
2004-01-26,20.752729415893555,21.30045636534286,19.829709794833065,20.113716576173953,10481480
2004-02-02,20.844013214111328,21.122949255577605,20.36728950307018,20.920087031718047,6885362
2004-02-09,21.508384704589844,21.90903652419076,20.986017100956687,21.036731688530537,7682555
2004-02-16,21.868467330932617,22.122044184743277,21.249741123188358,21.452601445454167,5255834
2004-02-23,21.42724609375,22.152476116309508,21.133095987978773,21.898899239460395,9077527
2004-03-01,22.061187744140625,22.3096939285912,21.34103036019951,21.34103036019951,6925849
2004-03-08,20.5447940826416,22.360405128850964,19.870280715361094,22.06118438962911,8733280
2004-03-15,20.270931243896484,20.79329886458121,19.535558092245974,20.39264703190187,7216651
2004-03-22,20.813581466674805,20.909939941512643,19.42905255320632,19.956490757405838,8577107
2004-03-29,21.533742904663086,21.741675817887103,20.529578938266308,20.793299060951966,8880978
2004-04-05,21.37653350830078,21.807613465745106,21.199028516982715,21.604751171278235,5733854
2004-04-12,21.310596466064453,21.711248311262477,20.742584923470346,21.376526981832672,5714841
2004-04-19,22.147401809692383,22.309692778390524,21.12295300767628,21.351170631759956,7917924
2004-04-26,21.544034957885742,22.735811837589804,21.329209329598367,22.403341373408157,8285022
2004-05-03,20.64381217956543,22.132253442798014,20.28576748042912,21.18087825267657,6208510
2004-05-10,20.14255142211914,20.40341143070341,19.840771125262272,20.163009615068706,6444926
2004-05-17,20.413639068603516,20.848406348130247,19.49806821513947,19.845882819235456,5628560
2004-05-24,21.09903335571289,21.451961938508745,20.336909837796792,20.561967442350138,7570580
2004-05-31,21.34455680847168,21.421281374146293,20.561974823812395,20.971167954641214,5466503
2004-06-07,21.267831802368164,21.835586110005348,21.047890153433094,21.32921027729365,5020023
2004-06-14,21.5798397064209,21.687254474126096,20.868866371578296,21.134842358567344,6630577
2004-06-21,21.818483352661133,22.741367577702334,21.551753737274005,22.618672198822512,14661556
2004-06-28,21.439727783203125,22.405289814966768,21.370379541822665,21.919841950375247,9661083
2004-07-05,21.365041732788086,21.62110191872958,21.108981546846593,21.38638059036291,5710183
2004-07-12,20.97028160095215,21.557085899020933,20.815577946648176,21.2103366097169,4973490
2004-07-19,20.666210174560547,21.36504041981342,20.596859909196976,20.81024236687554,5731019
2004-07-26,21.658451080322266,21.951855381756353,20.271457438030428,20.65554886173604,13563967
2004-08-02,21.402389526367188,22.239920581189853,21.30103297784872,21.50908180822064,7849605
2004-08-09,21.071640014648438,21.583760397494007,20.804910394209852,21.49840700035308,6256079
2004-08-16,21.327699661254883,21.530414737405792,20.874260132086604,20.99695551015584,3647080
2004-08-23,22.223915100097656,22.28259595065853,21.455734414993174,21.594432942239585,4665568
2004-08-30,22.35194206237793,22.405287170217616,21.89850050579894,22.287925490987806,6023445
2004-09-06,22.618675231933594,22.87473545284405,22.218580755201174,22.34127615053416,6255878
2004-09-13,22.81605339050293,22.992093892709757,22.378616948673073,22.714696861049642,6524346
2004-09-20,21.967851638793945,22.837390768713053,21.84515625794415,22.752037371818176,6621398
2004-09-27,22.704025268554688,22.709358965392287,21.73846334211389,21.989189828175327,9115823
2004-10-04,22.730703353881836,23.098789574807576,22.554660790622176,22.80538733769408,7135965
2004-10-11,22.495975494384766,22.992092757449093,22.197239618121024,22.720029436568108,5712003
2004-10-18,23.07210922241211,23.20547401560524,22.34660442184382,22.650675987525346,6593989
2004-10-25,22.96541976928711,23.19480740423002,22.095880642293885,22.789379279089932,9129132
2004-11-01,23.760278701782227,23.92564978929138,22.837394318473628,22.837394318473628,8158597
2004-11-08,23.70693016052246,24.005668096090886,23.370852272366893,23.760277310616303,5876717
2004-11-15,23.376184463500977,24.005666549144042,23.365515034169754,23.84562917914686,5468753
2004-11-22,23.248159408569336,23.52555647928984,23.056113717312126,23.20548168385177,3555844
2004-11-29,23.365514755249023,23.781614354257275,22.789379823139548,23.36018105813987,9642387
2004-12-06,23.29083251953125,23.605573582024334,22.992094584542418,23.258824229537044,6223020
2004-12-13,23.189470291137695,24.064342986232628,23.056105501397976,23.46686929799454,8107875
2004-12-20,23.712265014648438,23.97899465028006,23.109455468324995,23.152133186819153,4071476
2004-12-27,23.642915725708008,24.00566820809587,23.578901180282415,23.712266003660726,2349755
2005-01-03,24.219051361083984,24.64581836460827,23.658917506786164,23.664253239009614,7461864
2005-01-10,24.5124568939209,24.640485994956922,23.797621302347846,24.36842262901597,7640960
2005-01-17,24.720502853393555,25.051247033676045,24.315074700303946,24.55512974575949,4785016
2005-01-24,24.94988441467285,25.339309345681958,24.29906360765167,24.699157965741385,6921486
2005-01-31,26.05415153503418,26.05415153503418,25.01924125575246,25.12593148465841,5656394
2005-02-07,25.696733474731445,26.27287049486374,25.285971604990053,26.01147454276985,6966851
2005-02-14,25.664722442626953,26.08081996751318,25.42466539558284,25.606041605017793,5176641
2005-02-21,24.971227645874023,25.814092183130853,23.925645993537827,25.568701422219352,9203718
2005-02-28,24.84853172302246,25.323310108548537,24.656486076071364,25.14193389031533,6440955
2005-03-07,24.88587760925293,25.41933691890478,24.789854770716737,24.805857898810846,6264380
2005-03-14,25.008573532104492,25.376659730908763,24.68849671859199,24.9445569484105,6583769
2005-03-21,24.875207901000977,25.259297215869633,24.597808818882324,25.06725357592818,4318744
2005-03-28,25.141937255859375,25.371324916536597,24.69916506223125,24.875207607163603,4618778
2005-04-04,24.90188217163086,25.2859735478983,24.725839612512985,25.15260871280387,7066901
2005-04-11,24.544456481933594,26.032808113184725,24.53912278541726,24.93921717865776,8409739
2005-04-18,23.856294631958008,24.165699891047495,23.258818898914118,24.11235478826886,8838553
2005-04-25,23.258825302124023,24.07501943723686,23.04544279727955,23.8616348974066,8101723
2005-05-02,24.283069610595703,24.325745299971395,23.370854619718603,23.44020286932734,4891489
2005-05-09,24.011001586914062,24.427101214121347,23.632245981943854,24.384423494413653,5851434
2005-05-16,24.757843017578125,25.029906332063387,23.84562821402783,23.872300768783564,5150542
2005-05-23,24.95522689819336,25.39266338760695,24.61381325133259,24.99790462154388,8399627
2005-05-30,25.077917098999023,25.49935037224067,24.90187661415487,25.056580276735033,6575062
2005-06-06,24.736507415771484,25.275302453690507,24.453774635171566,25.189949046246056,8303834
2005-06-13,25.131267547607422,25.312643788112844,24.736506776512435,24.736506776512435,7360210
2005-06-20,24.96759796142578,26.07056125802318,24.874313435350942,25.85106714729189,6973452
2005-06-27,25.488906860351562,25.494393324983076,24.660310451801692,24.813958674013733,6668174
2005-07-04,25.176122665405273,25.51633994522567,24.215830301875275,25.45049191212813,11793806
2005-07-11,25.648038864135742,26.010206196802915,25.351719566515886,25.450492665722507,7866532
2005-07-18,26.56442642211914,27.29973597740211,25.466949598906993,25.774243862983926,14892625
2005-07-25,27.189992904663086,27.376564082842535,26.290062078128567,26.608331420487573,9230238
2005-08-01,26.954036712646484,28.28747154289307,26.893675137843907,27.244869564579687,13317169
2005-08-08,27.2448673248291,27.711294211878958,27.08024410043856,27.173530733811283,6192790
2005-08-15,27.272310256958008,27.464367939637363,26.68516009188484,27.1625621125962,5196854
2005-08-22,26.65222930908203,27.398514018889102,26.569917695131934,27.382052533407602,6727561
2005-08-29,26.937572479248047,27.349126345547454,26.449195559496143,26.55894367583023,6074366
2005-09-05,26.943056106567383,27.343637003004908,26.718073433740404,27.06926778769049,5334987
2005-09-12,26.778438568115234,27.157069475449646,26.613817435621318,27.052807820028857,5314864
2005-09-19,25.68644905090332,26.871724086211643,25.576700936041757,26.61381633027764,10525890
2005-09-26,26.26262855529785,26.558947888418547,25.90046117924085,26.01020931298239,7211232
2005-10-03,25.862049102783203,26.78941652219862,25.768762458418806,26.268114467838107,8221102
2005-10-10,26.174819946289062,26.471139160307633,25.659004553011393,26.043121820079463,8329815
2005-10-17,25.192584991455078,26.306523500493636,25.03345032065777,26.19677747275744,8726909
2005-10-24,24.68225860595703,25.34074525468199,24.3859393000401,25.29684516790703,10196560
2005-10-31,24.94016456604004,25.241970314185846,24.72066833469516,24.91821452425131,7813030
2005-11-07,25.121244430541992,25.21453105130734,24.55604452255121,24.868825257387954,9129489
2005-11-14,26.328475952148438,26.47114915049278,25.049916191258518,25.24197385063957,14207933
2005-11-21,26.827816009521484,26.893664021510318,26.28456624739014,26.28456624739014,10157824
2005-11-28,27.162553787231445,27.272301897955288,26.899159577456885,27.102192221669778,12161533
2005-12-05,27.222915649414062,27.49179632568254,27.052805971275035,27.217427092518957,8157273
2005-12-12,27.431434631347656,27.519232695119303,27.16803834676175,27.272299986614367,11092141
2005-12-19,27.65641975402832,27.766165773525376,27.173529313810945,27.409487023617668,7622581
2005-12-26,27.57411003112793,27.875915791918853,27.43692540410739,27.656421644648766,2965656
2006-01-02,28.397212982177734,28.53439758595637,27.519232355302833,27.65641695908147,7562962
2006-01-09,28.369781494140625,28.808771885165072,28.122848745042095,28.31490638696801,7787228
2006-01-16,27.628978729248047,28.39721335788074,27.574105724318983,28.39721335788074,7832070
2006-01-23,29.577003479003906,30.31779955387152,27.327174563839936,27.464359177205868,14023320
2006-01-30,30.153188705444336,30.45499453897805,29.302644231568678,29.65932309182787,9383288
2006-02-06,30.454986572265625,30.756792326850043,30.043432699667438,30.427550066079995,6276110
2006-02-13,30.482425689697266,30.97629121643007,30.23549292633086,30.482425689697262,7521693
2006-02-20,31.140913009643555,31.55246692607056,30.262932158574525,30.40011679738353,6770533
2006-02-27,30.290359497070312,31.387836275273795,29.98855380171852,31.19577658312569,6931144
2006-03-06,30.53729820251465,30.61960772112119,29.494694220661827,30.509859603041225,7194042
2006-03-13,31.031156539916992,31.415273843999998,30.647039235833994,30.729350834305674,6149274
2006-03-20,31.717084884643555,31.991454134672082,30.94885224052643,31.22322149055496,6856147
2006-03-27,31.634775161743164,31.79939629204521,30.81166741696169,31.57990005612832,4822121
2006-04-03,31.16834831237793,32.10120423882718,31.140911804332355,31.799398463783085,6045445
2006-04-10,30.235492706298828,31.305533277585315,29.82393880144029,31.086039117623603,5236554
2006-04-17,31.717084884643555,31.82683300330922,29.906248253109524,30.235490515835256,6011746
2006-04-24,32.622501373291016,33.00661870814785,31.250655243995944,31.52502446985496,10578881
2006-05-01,32.29325866699219,32.78712413563236,31.415277937488746,32.62250301050936,5666642
2006-05-08,31.332958221435547,33.363290488029286,31.332958221435543,32.375561899577654,6832129
2006-05-15,29.714191436767578,31.278095367851634,29.083141306949763,31.168347246152276,12062311
2006-05-22,30.208053588867188,30.345238211971285,28.31490537137645,29.71419020165519,10029623
2006-05-29,30.015993118286133,30.537295055489707,28.918516237129577,30.09830262841026,7735501
2006-06-05,28.177717208862305,30.125740286865753,26.921107809957956,29.96111708520222,14996912
2006-06-12,28.8636417388916,29.796497525978133,27.39851107677095,28.122845665974364,13623341
2006-06-19,30.274486541748047,30.668759354340118,29.570428715195764,29.964701527787835,9698942
2006-06-26,31.4854736328125,31.513635522207114,29.570435073376622,30.4716284256909,7139668
2006-07-03,31.17568588256836,31.626284699808775,30.640603547170567,31.51363499549867,7590820
2006-07-10,29.401456832885742,31.51363042506699,29.401456832885742,31.034869788337453,8900316
2006-07-17,29.964706420898438,30.696926250358437,28.781887789972913,29.485945731494898,6380477
2006-07-24,31.45730972290039,32.16136770370492,29.992869982272758,30.10551968892437,7363590
2006-07-31,32.07688522338867,32.13320900800543,30.83774262428796,31.569962567379168,7851320
2006-08-07,31.4854736328125,31.964232198364254,31.119362624839205,31.68260900718924,4719052
2006-08-14,32.30217361450195,32.499311103598586,31.45730418623829,31.795253246712193,5004664
2006-08-21,31.992389678955078,32.442986293016446,31.73892841210364,32.2740128313202,4691789
2006-08-28,32.66828918457031,33.147047735588096,31.79525774815381,32.048719042239725,4595221
2006-09-04,31.82341766357422,33.090721906813904,31.654444194198444,32.80909874164953,5353045
2006-09-11,32.21769332885742,32.47115462929028,31.54179724390794,31.710770727991704,6704022
2006-09-18,32.048709869384766,32.668279834384485,31.93606019885379,32.33033297140532,6647056
2006-09-25,32.21769332885742,32.58380218626984,31.738932617236596,32.21769332885742,8536802
2006-10-02,32.6401252746582,33.062560022435626,32.10504083108396,32.49931369206573,6472427
2006-10-09,33.06256103515625,33.45683390821477,32.048718039158835,32.47115279987562,10244525
2006-10-16,32.555633544921875,33.316017288515354,32.35849821247948,33.20336760628514,7443225
2006-10-23,32.8090934753418,33.28785191982827,32.58379411992823,32.640120033088564,8045715
2006-10-30,32.27401351928711,32.865421722137754,31.907904702576797,32.640124484611604,6706676
2006-11-06,32.471153259277344,32.94991180208411,32.21769196953844,32.35850355843624,6604655
2006-11-13,34.02008056640625,34.92127387138332,32.41482717185956,32.52747687213527,14814297
2006-11-20,33.822940826416016,34.52699872100675,33.372344203600775,33.79477894035522,8624993
2006-11-27,33.175209045410156,34.780460194962764,32.5837986916247,33.85110290925492,11888095
2006-12-04,34.0764045715332,34.583327151877775,33.090723447563235,33.45683443876924,8958145
2006-12-11,34.94943618774414,35.25922125583927,33.76661969188479,34.386189828075054,12487459
2006-12-18,35.456363677978516,36.18858361716317,34.32987080273608,35.146578567009776,8469323
2006-12-25,35.85062789916992,36.216738854072304,35.42819317364293,35.45635505895524,2451169
2007-01-01,35.8787956237793,36.72366306372188,35.85063373388362,35.85063373388362,6137347
2007-01-08,39.11745071411133,39.258262277945036,36.44203100127099,36.892629724429995,14782407
2007-01-15,39.96232223510742,40.27210941100642,37.85014866460009,39.11745280690449,10790662
2007-01-22,40.91984939575195,41.39860794794915,38.55421207753189,40.32843899188975,16619811
2007-01-29,41.004329681396484,41.905522843104855,40.52556691987607,40.7790303166624,10714943
2007-02-05,41.37044143676758,41.68022863878508,40.30027684193291,40.750871329961065,10731125
2007-02-12,41.39861297607422,42.440618021468325,40.69455493226343,40.86353058166973,8506510
2007-02-19,41.449302673339844,42.215318161036826,41.066299226720574,41.29159436067797,8139200
2007-02-26,39.31459045410156,42.24346927135788,38.80766796339969,41.67458934861311,19539428
2007-03-05,39.387813568115234,39.82714499051234,38.02475856600417,38.357071817273905,13329992
2007-03-12,39.038604736328125,40.31717640944732,37.85015454555601,39.399082071258846,14663250
2007-03-19,41.46619415283203,41.57884169394028,39.337119529169044,39.81588232194967,9587096
2007-03-26,41.212730407714844,41.66896282915529,40.40728803331319,41.59010439434048,8308342
2007-04-02,41.79850769042969,42.012539738877145,40.67201508280007,41.19020065097491,5661668
2007-04-09,41.184566497802734,41.89988732977302,40.69454072340473,41.79850283497439,6776733
2007-04-16,42.694068908691406,42.77292304257242,40.553731367620244,41.235258837436504,12443036
2007-04-23,43.64595031738281,44.37817215469939,42.42370699719192,42.806714615642036,11318380
2007-04-30,45.622947692871094,45.79192329210626,43.93320888943143,44.152874590100346,8385283
2007-05-07,44.92453384399414,45.85952062878911,43.933218981695866,45.76376977259986,8062804
2007-05-14,45.803192138671875,45.876412615776495,44.65980275748227,45.05970714270636,7363683
2007-05-21,44.907630920410156,46.29884571915653,44.57531335752477,45.84825124213543,9547048
2007-05-28,46.54668045043945,46.710022416135025,44.344389341515985,44.98648987026198,7237775
2007-06-04,44.13035202026367,46.41150152681086,43.651593467485384,46.24815956461991,11952256
2007-06-11,46.681854248046875,46.8902569369913,43.84872589784887,44.75555283224044,13080130
2007-06-18,46.799232482910156,48.840228281069045,46.5290150875463,47.719118221964955,11024367
2007-06-25,47.93183517456055,48.09281460236662,46.109306801972046,46.20129755292434,9647356
2007-07-02,48.44352340698242,48.67349590627591,47.48913907014065,47.575379305670786,7311740
2007-07-09,48.587249755859375,49.35765249039104,47.506380456670406,48.34003011682786,8705219
2007-07-16,47.34540939331055,48.70799290732796,47.080942539898885,48.49526756624516,10493464
2007-07-23,46.730228424072266,48.2077957788041,45.649363483025695,47.03494009229305,16011229
2007-07-30,46.96595764160156,47.79385252866045,46.05756864841732,46.362280357006284,13971821
2007-08-06,45.79309844970703,47.241917685841976,45.3389039863416,46.28178725148793,19870465
2007-08-13,44.413272857666016,47.01770097196771,44.206298031303945,46.057570430230875,22069098
2007-08-20,44.75246810913086,45.390639605185946,43.55661920681453,44.74097145993737,11941065
2007-08-27,45.9138298034668,46.276033490531816,43.89007728859018,45.085930648620895,10548231
2007-09-03,41.41788864135742,46.27029115119142,41.228161005094705,46.05181530833357,15476082
2007-09-10,41.1131706237793,41.9065709991846,40.39450943311368,41.50412248695578,21509307
2007-09-17,42.441261291503906,43.1024305606346,39.73909657497379,41.22816067379364,24891029
2007-09-24,42.07905960083008,42.44126333208636,39.641357211114595,42.42401616198282,33601588
2007-10-01,43.608375549316406,44.61450157102412,41.509883255339474,42.12505727601488,14880873
2007-10-08,41.73985290527344,43.8670932642997,41.32015710734832,43.69461277511665,13105226
2007-10-15,40.37726974487305,41.96407078958467,39.90582809193224,41.854837251096356,21423481
2007-10-22,42.6309928894043,43.06218970678932,39.15267014128748,39.78509126284667,26747881
2007-10-29,41.63062286376953,43.05644473389,40.986700621106515,43.02195038769138,12647020
2007-11-05,40.24502944946289,42.42976137412063,40.147292573526336,41.607612739912916,14702442
2007-11-12,39.744850158691406,40.53250466532031,38.95144951880072,40.26803778535675,15169535
2007-11-19,38.54899215698242,40.704975960250785,37.974063142777524,39.727594004286296,14734611
2007-11-26,38.66398239135742,39.54937374125517,36.04230487758063,38.847959529884164,17078389
2007-12-03,39.376888275146484,39.83108273796219,36.77246045528109,38.44550604817288,10915366
2007-12-10,38.79621887207031,41.015441235497725,38.39376585703716,39.30790543696527,12281915
2007-12-17,37.39914321899414,38.34777281392262,35.99056415999976,38.29603129552056,18031841
2007-12-24,37.08867263793945,38.00855820084121,36.80120812538513,37.37038663206179,3044269
2007-12-31,34.38650131225586,37.51986453050688,33.83456785306658,37.09441394904065,6999525
2008-01-07,33.023921966552734,34.78320554916267,32.31101121323012,34.32326277392548,13965697
2008-01-14,30.88518714904785,33.78282769544838,30.48848472812685,32.914685854503524,13840885
2008-01-21,30.022794723510742,32.43749490100624,26.734199961867642,29.95955217914373,29244488
2008-01-28,31.736085891723633,31.736085891723636,28.573975928100783,29.091410788058095,15877019
2008-02-04,28.654460906982422,32.828444403215,28.372744737299513,31.94305542674024,17215598
2008-02-11,29.154653549194336,29.850317219861697,28.171525334299435,28.171525334299435,17158114
2008-02-18,30.540231704711914,31.247394200418203,29.13740555792631,29.258140136739012,15448150
2008-02-25,30.022794723510742,31.94305777624092,29.902057960091806,30.804698557175275,12066405
2008-03-03,28.55097770690918,30.080288954939775,27.832316364917727,29.32138275325123,13980966
2008-03-10,27.838064193725586,30.327508090672254,27.654087068914325,28.55672552288844,13592942
2008-03-17,27.291885375976562,28.62572072704516,26.107530627536136,27.263137166119176,18781571
2008-03-24,29.447872161865234,29.844572491168933,27.29188782029597,27.29188782029597,13152457
2008-03-31,31.258899688720703,32.04080374409576,28.81545061226405,29.29839122333801,13682300
2008-04-07,29.493860244750977,31.874066194606694,29.384624513246305,31.65559473159735,8795006
2008-04-14,30.63796615600586,30.735703030790035,28.936176885714115,29.258135713878485,8121402
2008-04-21,30.350505828857422,30.712709560253874,28.29800924488953,30.55173012407767,11026223
2008-04-28,30.132030487060547,30.770202063651777,29.108657511657796,30.356252458688772,5795208
2008-05-05,30.17227554321289,31.10941048589373,29.792822467216386,30.120531842250628,8644919
2008-05-12,31.6210994720459,32.12703767768914,29.81582250764159,30.31601019429072,9807167
2008-05-19,30.247013092041016,32.02354367530325,30.247013092041016,31.908557444076003,9005819
2008-05-26,29.804323196411133,30.919684807152603,29.292636672961798,30.33325689021213,10603851
2008-06-02,28.200271606445312,30.178029092345422,28.200271606445312,29.67783920175253,9082266
2008-06-09,26.60771942138672,28.292261946905757,26.280009992903686,28.177275682326666,12828645
2008-06-16,24.069068908691406,27.510086387185183,23.780312534212662,27.2694572225354,22812323
2008-06-23,24.6947078704834,25.422614678521242,23.100531973983035,24.207432512212048,20555502
2008-06-30,22.017690658569336,24.863148447333884,20.694224694753984,24.628531773368554,18758211
2008-07-07,19.77982521057129,22.54707468840792,19.77982521057129,22.16808105686949,15514988
2008-07-14,22.691455841064453,22.70950239338872,19.202313063034847,20.104676249131398,17644815
2008-07-21,23.64797019958496,23.64797019958496,21.05517496999723,22.811777037403374,18929073
2008-07-28,23.01029396057129,24.327745259233282,22.228245213034516,23.521632908429158,13932572
2008-08-04,25.386516571044922,26.132469787811,22.66137477388401,23.010290077891238,12579300
2008-08-11,26.13848876953125,27.01077479927586,25.031588367233063,25.55495906714731,9772800
2008-08-18,24.610483169555664,26.499432140946244,23.281000268650978,26.00613982210531,8781679
2008-08-25,25.2060489654541,25.410585007990974,23.467491456474892,24.604472639737597,6855462
2008-09-01,23.92469024658203,26.80022428875963,23.80136600088145,25.025573706206536,10129241
2008-09-08,23.852500915527344,25.988096294933346,23.36823181647894,25.59707078687627,10927392
2008-09-15,23.780305862426758,24.171331300670385,20.964929132599543,23.190761476414192,20663445
2008-09-22,23.0042781829834,24.306689097910027,22.264337331860553,23.699098058865186,11277696
2008-09-29,21.822174072265625,23.070442651156164,20.345303636663125,23.01028595873881,12628625
2008-10-06,15.640981674194336,20.907782107422882,14.949169252703472,20.78445788116509,24343723
2008-10-13,15.992903709411621,20.393435351628217,15.06346952479315,17.325395166120387,23847318
2008-10-20,15.147688865661621,17.722434261549257,13.986646618675413,16.507251212306603,15833659
2008-10-27,18.062326431274414,18.221744915600325,13.866331915070761,14.34759359697912,17495956
2008-11-03,18.327022552490234,20.24905869786898,17.48180741572848,18.266864691427575,13706950
2008-11-10,16.206462860107422,20.24905443890661,16.1222414133676,18.997776011129563,13087973
2008-11-17,15.640981674194336,16.720811031828607,15.105579207135284,16.24255789243258,12430049
2008-11-24,18.907543182373047,19.551229636034435,16.007945616861534,16.17037034487879,13992827
2008-12-01,18.05029296875,19.791857451238933,17.20507916117205,19.460988712841626,10444684
2008-12-08,21.1213436126709,21.98159787888521,19.202314953224803,19.63544946287684,13742045
2008-12-15,20.72730827331543,21.777058059286475,19.581304096017917,21.536426670632306,14539600
2008-12-22,18.94965171813965,20.573908038660726,18.94965171813965,20.573908038660726,3623018
2008-12-29,21.464242935180664,21.464242935180664,19.078992773037886,19.250441929680846,3857870
2009-01-05,21.37099838256836,22.095896610646207,20.63406605861311,21.48529705025821,8853806
2009-01-12,17.92095947265625,21.419125015460455,17.316374616726225,21.205565693080146,13098536
2009-01-19,15.94778823852539,18.366125298716895,15.328164221387043,18.206706795097286,13745862
2009-01-26,15.98689079284668,17.818690690734496,15.424416120529425,15.76129967806944,13482429
2009-02-02,19.328649520874023,19.394823289124453,15.237929493097274,15.710166854446927,14591446
2009-02-09,17.629192352294922,19.852016432942424,17.481805664823828,19.178250521870584,11529129
2009-02-16,14.317514419555664,17.854783443860903,13.730978488473104,17.538956139258993,23203696
2009-02-23,11.020877838134766,13.767074020173059,10.016245352485157,13.294836707651296,46760711
2009-03-02,11.441981315612793,12.151841521674331,10.467427220572302,10.756183564504406,49665876
2009-03-09,12.254108428955078,12.982015123563851,10.813333068734838,11.478074533959996,22205632
2009-03-16,12.765448570251465,12.988032304324037,12.049573605148932,12.753417916384192,23084804
2009-03-23,12.545873641967773,13.517419242782621,12.503763483947276,13.042174555588195,13102432
2009-03-30,15.051438331604004,15.502620527533988,11.730737094179569,12.272155499812417,19390251
2009-04-06,14.708539962768555,15.767313166813414,13.385071736588998,15.210855587292267,12217523
2009-04-13,16.29970932006836,16.63358434779186,14.639358606129685,14.708540889865889,12268547
2009-04-20,16.24256134033203,16.82007408167313,14.943156524898734,16.78397982219327,18152281
2009-04-27,16.49822998046875,17.054688760312096,15.640984190530954,15.965835951401548,14249638
2009-05-04,16.95843505859375,17.990138434335183,16.483189263333323,16.606512350503387,14967479
2009-05-11,15.692116737365723,16.889254546147285,14.497988599957308,16.6095214837204,17510552
2009-05-18,16.24256134033203,16.771948019894708,15.099566512532572,15.38230698205384,13714316
2009-05-25,15.325156211853027,16.4831901107302,14.979249386258179,15.82747186306714,14931427
2009-06-01,16.389942169189453,16.95843142853889,15.532695495360668,15.532695495360668,14300290
2009-06-08,16.649810791015625,17.1308750354536,15.962576326337386,17.02466606189758,11245046
2009-06-15,15.387799263000488,16.49049867763908,14.400681013306315,16.390537426401604,18163680
2009-06-22,14.684945106506348,15.465893076662933,14.23824396387825,15.4627698091004,14857365
2009-06-29,14.713058471679688,15.565854656811524,14.381937313193948,14.650583590809752,12766253
2009-07-06,13.691579818725586,14.688068958460583,13.629103745369564,14.609974164673552,12328908
2009-07-13,15.006698608398438,15.506504903515971,13.507278531413633,13.622858513728524,12382345
2009-07-20,17.230836868286133,17.849347550047057,15.150391414496804,15.328447465687127,19805645
2009-07-27,17.774377822875977,18.024280956728433,16.33743271786811,17.36828388977958,14073804
2009-08-03,18.633420944213867,18.82709572690033,17.71190200715642,17.805615534802637,11868808
2009-08-10,18.661535263061523,19.305035698304643,17.605693158113045,18.449117296583555,11241089
2009-08-17,19.56743049621582,19.708001357292762,17.58694656357609,18.383513187502835,11852142
2009-08-24,20.07973289489746,21.1105851209399,19.454974547784214,19.742364007104936,15635661
2009-08-31,19.292539596557617,19.926670206825005,18.117994284501194,19.779851595955904,13483817
2009-09-07,21.429210662841797,21.55416280794645,19.33939443697189,19.586174268155993,12135013
2009-09-14,22.3975887298584,22.5412852658235,20.695122963871995,21.210549144530717,15827704
2009-09-21,20.89192008972168,22.4850559202752,20.80757875414921,22.303875411843475,12022350
2009-09-28,21.116832733154297,22.488177184372656,20.510818726155147,20.89191933539623,13236925
2009-10-05,23.412818908691406,23.703336471078448,20.866934711618747,21.107465683849135,12434623
2009-10-12,23.643980026245117,24.79041100264881,23.412812959078863,23.412812959078863,15811428
2009-10-19,22.747447967529297,24.200011386949093,22.303870178495522,23.89700325197443,17997672
2009-10-26,20.807579040527344,23.05670836374226,20.69199787667548,22.92863412896,14567646
2009-11-02,22.603761672973633,23.078577062329472,20.760723706745793,20.81070552839611,13882888
2009-11-09,23.672096252441406,23.865772221434398,22.803682426296504,22.89114822414358,8595608
2009-11-16,23.02234649658203,24.52176763658325,22.73808265881839,23.868896240926386,11765568
2009-11-23,22.741207122802734,24.115673720941192,21.92901928156648,23.372212069528903,12551331
2009-11-30,24.071943283081055,25.396432966250206,22.335115484938825,22.747455983176348,17557870
2009-12-07,23.58462905883789,24.321844144583224,22.806805535999437,23.912628164617438,11361838
2009-12-14,23.059833526611328,23.98447571584243,23.05983352661133,23.80329519938967,10557935
2009-12-21,23.47529411315918,24.071937063425892,22.85990679286268,23.116057606140714,5539812
2009-12-28,23.78455352783203,24.36245460593636,23.67834573741109,23.697087727893773,3144189
2010-01-04,24.303104400634766,24.54675981222914,23.7783072128683,23.95011435483812,7564529
2010-01-11,22.675601959228516,24.643596790225107,22.53503702826564,24.42805436302466,11191156
2010-01-18,22.219533920288086,23.73769717888625,22.066468763880078,22.709969219332223,12177572
2010-01-25,21.7728271484375,22.40383440509573,20.851309552243183,22.085206317759496,14601446
2010-02-01,20.007890701293945,22.26951566669552,19.895432795826892,21.55416694162662,17697383
2010-02-08,19.592424392700195,21.31988103916682,19.4299870608345,20.304648608730304,19089458
2010-02-15,21.191804885864258,21.39797631255058,19.461224933526143,19.742366704796453,13428577
2010-02-22,21.56666374206543,21.597901190464768,19.857948860385005,21.39797866079153,17157343
2010-03-01,22.788057327270508,22.84116837002841,21.563536179906382,21.707230328481753,11427759
2010-03-08,22.485055923461914,22.96299571939004,22.203914166073556,22.90364290859023,9214936
2010-03-15,22.46318817138672,23.231640674818664,22.02585683896437,22.52253859547876,11321029
2010-03-22,22.328866958618164,22.81617776311927,21.77282996339462,22.353855484114046,10578081
2010-03-29,22.57252311706543,22.81930298699437,22.10082982728914,22.47256186194042,7485957
2010-04-05,23.45030975341797,23.45030975341797,22.422581754593104,22.57252484036015,10005447
2010-04-12,23.169166564941406,23.79080293914279,22.98798127578322,23.56276505607267,9603740
2010-04-19,24.574872970581055,24.668587691050504,22.781816892829347,23.00360585579175,14314761
2010-04-26,23.375329971313477,25.165260982779206,22.62249515298662,24.809148978929578,17120078
2010-05-03,20.832571029663086,23.459679041312192,19.330026546329144,23.241014539723437,23390951
2010-05-10,21.023120880126953,22.666233737952112,20.92940616786073,21.71035415919882,21269177
2010-05-17,19.408119201660156,21.494811072335374,18.745874467938005,20.841939716155224,22772985
2010-05-24,19.62990951538086,19.9235455424667,18.3085456060464,19.842327472551762,23004438
2010-05-31,19.123855590820312,20.33275684001478,18.9707892538159,19.629909576656733,22940636
2010-06-07,21.229890823364258,21.313865488097317,19.282282574511264,19.702164522841347,28099761
2010-06-14,22.06965446472168,22.328042026141187,21.355855037608304,21.585175014846453,17857852
2010-06-21,20.612985610961914,22.660720038664973,20.457952334485917,22.55413396803431,17746221
2010-06-28,19.382410049438477,21.20082351941236,19.175698985473904,20.82293008661996,18146983
2010-07-05,20.380434036254883,20.861677981267427,19.372717174731633,19.56327913165671,16003488
2010-07-12,20.23185920715332,21.330012988218908,20.115583955970518,20.380432591622544,11480346
2010-07-19,21.233118057250977,21.40107230833444,19.68924398222212,20.031609893863568,11831339
2010-07-26,21.100696563720703,22.07934470452017,20.829386777570043,21.446291822422,13518190
2010-08-02,21.342937469482422,22.26667857871357,21.22020108589846,21.439831890838526,12782639
2010-08-09,19.98639488220215,21.937231421646686,19.89595787000094,21.70468086469372,13905837
2010-08-16,19.47284507751465,20.842306352624913,19.34688061276717,20.12527757665581,13006655
2010-08-23,18.574947357177734,19.92826116429058,18.109847383848184,19.505148535932175,19517461
2010-08-30,20.354597091674805,20.580687751624048,17.964497941517024,18.723516497625564,18150872
2010-09-06,20.567768096923828,20.858456265617985,19.721544318862474,20.487021520297116,10351107
2010-09-13,20.432113647460938,21.036097708647585,20.18341527033909,20.855226161649878,14879866
2010-09-20,21.052248001098633,21.46567008788438,20.315839600987772,20.606526543723373,12594410
2010-09-27,20.758323669433594,21.659460678376046,20.68081257511053,21.223429662410908,10348866
2010-10-04,21.54318618774414,21.74343858980788,20.319068992393287,20.73572040163394,13282375
2010-10-11,22.65102767944336,23.112898173707073,21.56902409844776,21.640081476671384,13102618
2010-10-18,22.3538818359375,23.11289915857928,22.092263717866107,22.567053979691927,12586872
2010-10-25,21.678844451904297,22.596124492633198,21.617476257563183,22.589665849950574,10814597
2010-11-01,23.471412658691406,23.574768170967783,21.63362237902119,21.924308063168013,14104238
2010-11-08,22.977243423461914,24.175522208900773,22.55090163871227,23.47464258303479,14917787
2010-11-15,24.15937614440918,24.217513776781214,22.512144048598174,22.79637356872363,13694289
2010-11-22,23.251779556274414,24.437140972102338,22.818979162061204,24.28856512792067,12473536
2010-11-29,23.839614868164062,24.256267435878044,22.02766176716609,23.384205526646646,17788087
2010-12-06,25.060501098632812,25.338269515905246,23.584458723223072,23.84930739269331,12005062
2010-12-13,25.03144073486328,25.690333147974115,24.792431539110087,25.30920917757246,11318881
2010-12-20,25.141252517700195,26.187729908433596,25.047588658783056,25.138024428902998,7179530
2010-12-27,24.869945526123047,25.690331037882366,24.640625544896654,25.063736816605495,3031581
2011-01-03,24.57925796508789,25.93580196033368,24.48236354954963,25.17677722385886,8357000
2011-01-10,27.360170364379883,27.482899348216566,24.204595160711698,24.521120368498508,16435159
2011-01-17,26.87245750427246,27.67992320409062,26.4913335953907,27.363398029708165,11646053
2011-01-24,27.134078979492188,28.338816464203724,27.134078979492188,27.547501037436838,11131720
2011-01-31,27.822038650512695,27.822038650512695,26.53655460425005,27.040412424977134,10219757
2011-02-07,27.980302810668945,28.338817807579428,26.891840536180514,27.925395730036882,10246733
2011-02-14,27.61532974243164,28.293600506425292,26.972587669978658,28.293600506425292,8853780
2011-02-21,27.792980194091797,28.048137276907337,25.903507817518715,27.61210613777148,13037493
2011-02-28,27.36663246154785,28.971872430400754,27.22128713646484,27.883410089843863,12852008
2011-03-07,26.045616149902344,27.589490335726676,25.83890510618804,27.298802160444055,11558956
2011-03-14,26.291091918945312,26.639917801999633,24.80535505846532,26.000403683066708,20478608
2011-03-21,28.073970794677734,28.24838370598668,26.546246856444554,26.820784740023594,10178741
2011-03-28,28.739320755004883,28.73932075500488,27.56687896208992,28.03521055436649,10262941
2011-04-04,29.843936920166016,29.9925103339499,28.584289759940773,28.639196843780233,11367074
2011-04-11,28.765155792236328,29.77933246085054,28.616582406969428,29.65013992701124,11749626
2011-04-18,30.205678939819336,30.26704712789577,27.964155600851385,28.778080026238218,9964753
2011-04-25,30.124929428100586,30.774137579271347,29.969902295754682,30.205680940164665,7983477
2011-05-02,29.91176414489746,30.63525283234553,29.13013781962471,30.360714945358506,11948665
2011-05-09,29.168893814086914,30.58034492169676,29.13982622805487,29.714741484240413,11036465
2011-05-16,29.084915161132812,29.669519532587405,28.442170697197618,29.004168592072688,10275154
2011-05-23,29.12367820739746,29.31424143278542,28.057824744844183,28.74578477424285,9089177
2011-05-30,28.739320755004883,29.998965296531996,28.46801099392918,29.110753011809656,7878010
2011-06-06,27.460294723510742,28.81360813772185,27.318182424149192,28.626275488347574,9831742
2011-06-13,27.712589263916016,28.21717767979959,26.809639172929526,27.536639669028485,14120138
2011-06-20,27.573158264160156,28.45619106110729,27.125003644879598,27.267749452931,10053667
2011-06-27,29.913528442382812,30.129307368143216,27.254473674846256,27.526686348553106,10316208
2011-07-04,29.269514083862305,30.10938973817378,29.17988415632522,29.913530528919548,9222045
2011-07-11,27.480215072631836,29.179886233822145,26.889314492716224,29.023861411162308,11446359
2011-07-18,28.20057487487793,28.555784331272157,26.46439491497754,27.15488649849513,10772445
2011-07-25,26.822917938232422,28.260332229785792,25.684271734779827,27.948285166015218,11853011
2011-08-01,23.13808250427246,27.50012559316305,22.012715373691876,27.251145454036056,18933056
2011-08-08,23.021902084350586,23.453460031364724,19.91801233530656,22.616902094966353,29857416
2011-08-15,20.97365951538086,23.549722222848,20.130463660463114,23.320664353254248,15212496
2011-08-22,21.534692764282227,22.50735583965936,20.694815683232285,20.714734152240293,13911410
2011-08-29,21.883255004882812,23.569647277062998,21.727225108600592,22.089075371752514,12575904
2011-09-05,20.080673217773438,21.757105382025088,20.05079615373774,21.345467240147553,14544797
2011-09-12,20.737966537475586,21.01681870196168,18.3345263324904,19.51300822696213,21414012
2011-09-19,18.171865463256836,20.243337845327215,17.308750915433347,20.067395824542405,13623473
2011-09-26,19.167762756347656,19.858253011842077,17.72702685629414,17.730345966954673,13996657
2011-10-03,21.206039428710938,21.328866789495777,17.62743648213164,18.60341967954092,17138439
2011-10-10,22.288249969482422,22.772921176598327,21.103128636259918,21.49816992490262,12635512
2011-10-17,22.112306594848633,23.43021506759632,21.275748922090933,22.872510796659665,12709845
2011-10-24,23.247638702392578,23.72567178923982,21.325550287184793,22.33805021899148,15130705
2011-10-31,21.2757511138916,23.06505450587025,20.495630902473888,22.93890550024139,13287187
2011-11-07,20.820960998535156,21.53136984677433,19.63251908131036,21.01350111082424,13695015
2011-11-14,19.25739288330078,21.123047150282307,18.942025446659333,21.123047150282307,11897174
2011-11-21,18.112110137939453,19.13788766142242,17.73034778875972,19.121288307355798,12209656
2011-11-28,20.771160125732422,21.21267652552616,18.43079471493653,18.4839093460201,14070075
2011-12-05,20.432558059692383,21.703990355512946,19.430018084738183,21.159566225241768,12361876
2011-12-12,18.18514633178711,20.449160482878952,18.082237403507712,20.359530534491483,13516197
2011-12-19,19.191001892089844,19.546206280259852,17.946126344853024,18.01583907157359,8118058
2011-12-26,19.69559097290039,19.69559097290039,18.71960776443608,19.19100128183679,3654905
2012-01-02,19.363624572753906,20.631737681559432,19.300550068591306,19.715508579754186,7751491
2012-01-09,21.24919891357422,21.67079570138021,19.273995890169594,19.413421360211945,11487465
2012-01-16,22.500713348388672,23.031859817441934,20.860797517127786,21.126370751654417,11243941
2012-01-23,23.00861930847168,23.765503247073372,21.966243704228187,22.5206276815559,11020642
2012-01-30,24.170499801635742,24.193737374312512,22.20857750076702,22.789519350391764,12597156
2012-02-06,23.084972381591797,24.090831415463438,23.084972381591797,24.087511038189962,9060174
2012-02-13,24.366365432739258,24.78464434090248,22.490752367165122,23.363824204109005,13594194
2012-02-20,23.938129425048828,24.980505117016143,23.506571512934908,24.56554656025508,9300965
2012-02-27,24.143951416015625,24.25018071243211,23.28747628901046,23.805343792452554,7696379
2012-03-05,23.406980514526367,24.01779823006967,22.2450966779246,24.00451925372667,10405256
2012-03-12,24.641897201538086,24.824477425790853,23.204480319172355,23.32398857232597,9567136
2012-03-19,23.224393844604492,24.582139187733116,22.66668959564721,24.582139187733116,8933270
2012-03-26,22.23181915283203,23.529808149444662,21.91313129791405,23.38042408806952,11260332
2012-04-02,20.797719955444336,22.73308695414932,20.402678663826187,22.73308695414932,11412263
2012-04-09,19.848297119140625,20.797722457925648,19.765305411433584,20.797722457925648,12155726
2012-04-16,20.256614685058594,21.488212499630123,19.67235239644754,19.778582939574623,18694896
2012-04-23,21.37202262878418,21.544646790825592,19.559484123584177,19.91468978052691,14736684
2012-04-30,21.103132247924805,21.70067358236351,20.957067291924798,21.51477042681256,9266905
2012-05-07,20.718048095703125,21.7670631410671,19.991041254033313,20.615137931029516,12828970
2012-05-14,19.32710838317871,20.548746364233427,18.995141568030206,20.515548922906838,13692146
2012-05-21,20.17694091796875,20.488990508359013,19.24079467950355,19.32046726561567,10762658
2012-05-28,18.48723030090332,20.61513739966609,18.065632320585376,20.38276165696179,15820989
2012-06-04,18.271455764770508,19.632519345973982,18.025799738079787,18.26149589813036,17172894
2012-06-11,18.83461570739746,19.307393276860683,17.916871637782865,18.963238587702822,20460889
2012-06-18,19.15443229675293,19.814930510891134,18.410503538871644,19.088383005780944,11554845
2012-06-25,20.23208999633789,20.23208999633789,18.267977662101984,19.015383569208865,11066097
2012-07-02,19.592451095581055,21.066403364772743,19.592451095581055,20.23904390256145,10821781
2012-07-09,19.470779418945312,20.072181218022653,18.984097622153215,19.582022374380035,8784756
2012-07-16,18.775516510009766,19.675879260186967,18.775516510009766,19.474254326465203,10688753
2012-07-23,17.068653106689453,19.220486257104135,16.804454570741356,18.653848300692463,22132502
2012-07-30,17.624860763549805,17.67005308485483,16.616732117818906,17.32589842063217,14978979
2012-08-06,18.504365921020508,18.90066436244838,17.590097603237343,17.704816271074215,10706599
2012-08-13,19.137052536010742,19.16833932387983,18.035064845930556,18.48698408373598,7534030
2012-08-20,19.168338775634766,20.013080697834525,18.692085530453284,19.112717968358858,9226172
2012-08-27,18.963237762451172,19.43253959087949,18.608654600784682,19.11967170526061,7281424
2012-09-03,20.332902908325195,20.69443752055453,18.50784328778484,18.91109450327909,10717435
2012-09-10,21.097688674926758,21.097688674926758,19.474255329889147,20.263376503616815,13220136
2012-09-17,21.059452056884766,21.247171480986175,20.33638012695171,20.857825771232523,12029343
2012-09-24,19.004953384399414,20.941255937808467,19.004953384399414,20.878682359545817,12527327
2012-10-01,19.807979583740234,19.901839948744605,18.876330026776127,19.00842994709021,9092757
2012-10-08,18.473079681396484,19.561163230479327,18.222785363114227,19.561163230479327,9541153
2012-10-15,19.199626922607422,19.74888359370495,18.042018374771168,18.43831682044673,11150754
2012-10-22,18.977142333984375,19.237865116741386,18.222783726299678,19.11967073551402,11324964
2012-10-29,19.349109649658203,19.533353352908538,18.51479608855716,18.712946653355157,10125257
2012-11-05,19.783647537231445,20.294664689009085,19.175294290297998,19.189199825635924,9576089
2012-11-12,18.89371109008789,19.81145642992565,18.89371109008789,19.741930086984272,8041091
2012-11-19,20.85782241821289,20.92734875816119,19.126623316633776,19.126623316633776,10092887
2012-11-26,21.330602645874023,21.6295650173236,20.538005717736855,20.732677902974864,9939319
2012-12-03,21.667802810668945,21.89028604773732,20.93082543024908,21.445318247495873,9110992
2012-12-10,22.036285400390625,22.265722680775266,21.309737990819144,21.6295585693911,9086228
2012-12-17,22.4047794342041,22.794126458115134,21.994576759973764,22.032816318224384,9118712
2012-12-24,22.303966522216797,22.762838519134757,22.248344388185856,22.394348511703086,1991133
2012-12-31,23.225187301635742,23.34686006930404,22.24834667896932,22.24834667896932,4503204
2013-01-07,22.05367088317871,23.211279361806042,21.726898802585502,23.145231392948524,7968784
2013-01-14,21.653898239135742,23.0131317431238,21.56351359124454,22.801076983961472,10455567
2013-01-21,21.98762321472168,22.11972314052262,21.511369929048108,21.813808011443246,6923825
2013-01-28,21.1324520111084,22.151009173621038,20.87868198212161,22.109292571463556,11377770
2013-02-04,20.85782241821289,21.306265918469578,20.51019204457601,21.198500025244478,12297579
2013-02-11,21.250642776489258,21.431410710048322,20.301612119882527,20.75353129072795,10591985
2013-02-18,21.886808395385742,22.51949558057508,20.96211163810097,21.153308081782644,12462667
2013-02-25,21.035114288330078,22.449971193824695,20.684008178368213,22.036290181550324,11169472
2013-03-04,22.018911361694336,22.19272657568747,20.68401046518288,20.836967376099093,9511014
2013-03-11,21.87985610961914,22.498639101057172,21.695612428616446,21.869427622348702,10699942
2013-03-18,20.85782241821289,21.779043438792478,20.478905257904504,21.462699851827104,9395586
2013-03-25,20.10694122314453,21.268026744863256,19.853171204991938,21.163737896131384,8333140
2013-04-01,19.067527770996094,20.343332086209195,18.845044517121444,20.106943297441177,10299549
2013-04-08,19.97136878967285,20.22166180154391,18.99800383525126,19.144007981667308,9418238
2013-04-15,19.72454833984375,20.55886045597613,19.328248592813125,20.329424458276645,10390941
2013-04-22,21.035114288330078,21.768614622462408,19.682832285147967,19.89836408146584,10832796
2013-04-29,21.58437156677246,21.653897911921668,20.836965677101773,21.010780876922425,6267248
2013-05-06,22.675931930541992,22.72459997387497,21.14983337598745,21.518322073673115,9189911
2013-05-13,22.745458602905273,23.065277954409066,22.157963667501225,22.439544786537684,10847322
2013-05-20,22.533401489257812,23.169565731457354,21.692136592607905,22.63769166582505,10807943
2013-05-27,23.319047927856445,23.59019921619277,22.335253256823293,22.446494879017923,10584073
2013-06-03,22.80803108215332,23.600627981127744,22.456923630516574,23.106993442602903,11039970
2013-06-10,22.90216064453125,24.076167273921385,22.284451493792222,23.592113876690046,10151912
2013-06-17,22.09661102294922,23.212821874155907,22.09661102294922,22.952733801797546,11395640
2013-06-24,22.46868324279785,22.978021499313957,21.38859642953638,21.988242897335443,10867461
2013-07-01,21.775114059448242,22.78656706299027,21.551150095746845,22.53009071220982,10046907
2013-07-08,23.144189834594727,23.37176555018438,21.919610627682044,21.955733363428134,7266943
2013-07-15,23.82691764831543,23.82691764831543,23.03581822968608,23.24171945897917,6752138
2013-07-22,24.32903289794922,25.607797570315594,23.465686571383557,23.754673965676584,10193704
2013-07-29,25.50303840637207,25.781189241472163,24.068943565108746,24.415726766957714,9632919
2013-08-05,26.38444709777832,26.51087804122027,25.293522372106924,25.52471392638518,7739836
2013-08-12,26.33026123046875,26.438632183807552,25.77396233157269,26.380833607096772,6059175
2013-08-19,26.01237678527832,26.29775105087736,25.037046493486454,26.239952475369204,5684305
2013-08-26,25.531938552856445,26.131583664942802,24.61801986167218,25.932907246330743,6501185
2013-09-02,26.044889450073242,26.156873514164477,25.246565135815274,25.734228960508304,7270526
2013-09-09,26.630088806152344,26.82876523992861,25.78841552004205,26.001544355970143,7109001
2013-09-16,27.587352752685547,27.587352752685547,26.572286606686507,26.87572362286742,7940302
2013-09-23,26.99492835998535,27.634309203430195,26.698717574188084,27.56928718918262,6035193
2013-09-30,27.74268913269043,27.876343548170443,26.31943055755326,26.58312904365436,8251029
2013-10-07,27.078014373779297,27.8763386494767,26.449469980223448,27.576514719566628,10330089
2013-10-14,27.36338996887207,27.4392485410375,26.640924227119672,26.875726144386817,6661772
2013-10-21,28.671051025390625,28.83721779830429,27.139421824991253,27.298365153859894,8784598
2013-10-28,27.677661895751953,28.898627933799325,27.619863317010154,28.86250520007966,6486847
2013-11-04,28.158103942871094,29.133434443445758,27.627093885655754,27.710175910748855,7329208
2013-11-11,28.349557876586914,28.790259678911855,27.843831289080242,28.17616488007473,5360672
2013-11-18,27.941362380981445,28.176164301357044,27.197223539041293,28.172551200923785,7105676
2013-11-25,28.27730941772461,28.876957321659393,27.926913083014306,28.29537216412772,8677562
2013-12-02,26.799869537353516,28.447090667417232,26.106300279863483,28.31343350323676,10042540
2013-12-09,26.54338836669922,27.132196860949833,26.30497338675271,26.940743910622416,7757860
2013-12-16,28.28092384338379,28.385681714256588,26.547004834987796,26.637313059258663,9517316
2013-12-23,28.89862632751465,28.89862632751465,28.223119944953396,28.32065435216191,1883908
2013-12-30,28.27008628845215,29.108146469535377,27.934139595915134,28.898630735267524,3697832
2014-01-06,29.162328720092773,29.31404585319467,28.006381965250622,28.212284576171157,9151345
2014-01-13,29.635543823242188,30.105144882232057,28.884178821672833,29.205675842884997,8304582
2014-01-20,28.24118995666504,30.04735456695063,28.147268625253417,29.548854126667663,6361509
2014-01-27,28.150876998901367,28.89862891175347,27.24057140081586,28.35677961965809,9165154
2014-02-03,29.15871810913086,29.187617400566197,27.204446932629025,28.05695673805465,9035017
2014-02-10,29.527175903320312,29.946207382091377,28.60242057911969,29.14426991864129,7284973
2014-02-17,30.907079696655273,30.99377755916721,29.043119748452533,29.39712637441917,9340952
2014-02-24,31.427261352539062,31.723472211369444,30.621710797189735,31.210522170270924,9319137
2014-03-03,30.632551193237305,31.38030319016809,29.73669238360612,30.596425698245177,10258170
2014-03-10,29.693340301513672,31.178007592188155,29.144267561180747,30.60364866162914,7049765
2014-03-17,30.336339950561523,30.75175557797636,29.610261054769147,29.610261054769147,7128408
2014-03-24,31.535625457763672,31.604257817684296,30.213512048513333,30.549458672504187,7566047
2014-03-31,33.23342514038086,33.51879944784836,31.625939918051184,31.68373574605104,9720783
2014-04-07,31.535625457763672,33.29482748099511,31.09853133180732,32.88663539730224,10678644
2014-04-14,31.860733032226562,31.961880534985145,30.325493575626314,31.326110011869442,7325966
2014-04-21,31.43447494506836,32.13526741220545,31.221348930168855,31.860729730854732,5952962
2014-04-28,31.886022567749023,32.61932757082896,31.387522225171143,31.625937229874438,5344959
2014-05-05,30.83845329284668,32.005234002406816,29.996779984570914,31.904089232586056,10214828
2014-05-12,29.942594528198242,31.210522764802665,29.63554711780372,31.019069770885668,10625071
2014-05-19,30.39051628112793,30.430252111972585,29.57051898894434,29.964261441511567,7437938
2014-05-26,30.195451736450195,30.65060588597999,30.13765591523331,30.49888875479934,9003067
2014-06-02,32.2689323425293,32.301441977354564,30.144881342328187,30.469991470521013,11388467
2014-06-09,31.03990936279297,32.96662630488174,30.710242540821042,32.80179429120355,7344872
2014-06-16,31.772506713867188,32.52707819505115,30.59303342676692,30.97398151167369,10520142
2014-06-23,30.27436065673828,31.838443124840563,30.18645041172358,31.809138778296894,7081865
2014-06-30,30.79815673828125,31.19009319871717,29.783515635865726,30.351275339638946,7253799
2014-07-07,27.461204528808594,30.695598050538788,27.391607412369048,30.58570816085698,11851176
2014-07-14,27.9154109954834,28.563756321859024,27.552778826689583,27.611384719151687,8821290
2014-07-21,27.20113754272461,27.992335327365538,27.18282162770585,27.952042550017275,8365097
2014-07-28,26.105911254882812,27.97035910272588,25.666357230573926,27.30370058224148,11321152
2014-08-04,25.98503303527832,26.596746540993813,25.768916992802666,26.311036175192136,11388355
2014-08-11,26.2744083404541,27.025313321668325,26.135214098224683,26.33301423616951,9005264
2014-08-18,27.66633415222168,28.10955194033157,26.60041433329013,26.67733615159517,8167889
2014-08-25,28.300020217895508,28.724921981690752,27.963025887404942,28.076579509526923,7263874
2014-09-01,28.563762664794922,28.96302395436545,27.8238431965135,28.39526404933614,8940460
2014-09-08,27.373291015625,28.724920846991406,27.197467772113782,28.582065684282888,6608738
2014-09-15,27.505157470703125,28.105885310785244,26.812858451298574,27.347652918360453,9739595
2014-09-22,26.373306274414062,27.472194035847984,25.92642480429236,27.387944744506967,9659464
2014-09-29,24.765268325805664,26.889785861237872,24.552816013339207,26.34400290735512,13955798
2014-10-06,23.186534881591797,25.33669185836103,23.157231930263425,25.05464518792892,16862822
2014-10-13,24.076629638671875,24.135235526799004,21.618783199802234,23.00338119152229,18177612
2014-10-20,24.468568801879883,24.695670485842047,23.497884045910425,24.047327931030935,11781219
2014-10-27,25.08760643005371,25.226800666275782,23.530848791663853,24.87149318166941,12239790
2014-11-03,25.248777389526367,25.87147932364805,24.508860875054154,25.098594723812482,9103588
2014-11-10,24.831201553344727,25.765254502712747,24.596772380550043,25.204822174168697,7037608
2014-11-17,26.53447723388672,26.64070338561954,24.497870026421484,24.549151231448906,10563348
2014-11-24,27.061941146850586,27.1901469525694,26.398946436136228,26.578430651680105,10021828
2014-12-01,27.278060913085938,27.552782886356525,26.1791730200036,26.78722286764195,10351549
2014-12-08,23.79824447631836,26.519823057193438,23.77992856392901,26.519823057193438,19372205
2014-12-15,25.53449058532715,26.160856330512058,23.318400345923187,23.717662991164854,19471718
2014-12-22,26.028987884521484,26.175506815405306,25.387970007193907,25.640715093103097,2983600
2014-12-29,25.761592864990234,26.16818156197988,25.552804301234698,25.93008865375645,3611763
2015-01-05,24.78358268737793,26.07660680647121,24.12791267113024,25.563791971988636,11925388
2015-01-12,24.494211196899414,25.47222071326397,23.70667434501517,24.930101477315464,15348988
2015-01-19,28.23042869567871,28.930055300131453,24.464906784691934,24.66636788000084,20362287
2015-01-26,27.787208557128906,28.142516044651774,27.23776468024597,28.003321807287143,10602224
2015-02-02,28.24141502380371,28.640679031934983,27.131538827418776,27.81284946582428,10764984
2015-02-09,29.149824142456055,29.28901555809922,27.66632484591443,27.948374212774553,9461586
2015-02-16,30.406221389770508,30.512447528956596,28.97400317599671,29.113197397158498,10320840
2015-02-23,29.475831985473633,30.732227054092984,29.105872338140614,30.688270539337303,12248344
2015-03-02,29.472166061401367,29.867766281058888,28.39159433720905,29.420884861958626,12868309
2015-03-09,29.721250534057617,29.97033186984012,28.999647129160543,29.486821370334802,11023518
2015-03-16,30.446517944335938,30.585709388184444,29.494146314519956,29.860442235336535,13243819
2015-03-23,29.9996337890625,30.486807990858033,29.182792729111494,30.40255870697881,12423728
2015-03-30,30.626001358032227,30.82013774382352,29.702934096852463,30.179119899243805,7861786
2015-04-06,30.78350830078125,31.618662520006026,30.472157339349696,30.62600094928774,8600145
2015-04-13,29.75055694580078,31.197424803203173,29.567408974250288,30.831128860102186,10316217
2015-04-20,30.08754539489746,30.618673338979203,29.31832455378681,29.838464067863768,9552876
2015-04-27,29.81648826599121,30.706587457974567,29.080232688766444,30.105862376389165,10128337
2015-05-04,30.340288162231445,30.560065129505496,28.70660888618614,29.860438663028837,9902373
2015-05-11,29.790847778320312,30.633326715684547,29.310998223844255,30.226738021815866,10377339
2015-05-18,31.732215881347656,31.84210577982698,29.501474975916803,29.944692722448643,12130532
2015-05-25,31.0838680267334,32.2340368451384,31.047238998332524,31.475804499315796,11376494
2015-06-01,31.201087951660156,31.512438938450625,30.38424678445069,31.343943143183033,13291638
2015-06-08,30.505708694458008,31.937115489794255,29.855068984162987,31.665704533983018,16510649
2015-06-15,30.208274841308594,30.706477643294402,29.42378895388916,30.15622388696871,13471888
2015-06-22,31.844165802001953,32.36839401736713,31.04852664069315,31.182372746012756,14130927
2015-06-29,30.167375564575195,31.253013746397556,29.944299653272044,30.412761052603543,13920078
2015-07-06,30.650705337524414,30.736216388772863,28.434812926799122,29.416349086273044,16044342
2015-07-13,32.07839584350586,32.22711405707437,30.639554431382845,31.11545044555087,10155924
2015-07-20,31.189807891845703,32.45018970715009,31.126603573453203,32.19365086165069,8195476
2015-07-27,32.09699249267578,32.14532471529279,30.435072041151482,31.059686381927772,10418377
2015-08-03,32.39070510864258,33.34249715851724,31.788397606513993,32.059808565160715,9565890
2015-08-10,31.520706176757812,32.9149341770501,30.896091919164302,32.55801214936297,9050758
2015-08-17,29.494430541992188,32.089552115388045,29.408916639572897,31.814425239169708,8400086
2015-08-24,30.301223754882812,30.494555468175367,26.97366718881895,28.51661066904927,18323566
2015-08-31,29.706350326538086,30.75109088095805,29.245326418630327,30.11532328532226,11449157
2015-09-07,30.34955596923828,31.569043185083704,29.791864734574528,30.215709845993835,8819868
2015-09-14,30.37558364868164,31.141481595337595,29.858789960688842,30.34955816930663,10214411
2015-09-21,28.929306030273438,30.840328006936325,27.628026319659,30.36815061717325,15787268
2015-09-28,28.735971450805664,29.330841549512567,27.77302308517267,28.821482520569955,13312331
2015-10-05,29.47212028503418,30.747374301090538,29.18584004478504,29.312248691071513,11453130
2015-10-12,28.680192947387695,29.672882385557426,28.44596371576579,29.505576196765134,10437703
2015-10-19,29.427505493164062,29.739811195892724,27.17071527308377,28.550071133263465,13179208
2015-10-26,28.390199661254883,29.45353108752761,27.416098030899256,29.304812869956393,12925229
2015-11-02,30.1822452545166,30.397886514028215,27.947761911649312,27.98494075446348,12042663
2015-11-09,28.836353302001953,30.356992847124737,28.416226934601855,30.22686546222774,8380866
2015-11-16,30.494550704956055,30.684166489392087,28.52032495000513,28.546350423432518,7159947
2015-11-23,30.70647430419922,31.059680412027685,29.48327417366141,30.4871171399866,6431146
2015-11-30,29.60224723815918,31.31621826463657,29.130067143082243,30.673013224091754,11163781
2015-12-07,28.661611557006836,30.338404078611536,28.12622987447199,29.743533966592572,11028019
2015-12-14,29.289941787719727,30.052120906544666,28.24520116585931,28.86609669660234,13930495
2015-12-21,29.643152236938477,29.85879071295089,28.743408134667305,29.22674171988269,3904724
2015-12-28,29.8810977935791,30.048404031699256,29.208148432115216,29.74353293260265,2659485
2016-01-04,26.858407974243164,29.401481375840305,26.575846469171186,29.278788628431474,11429997
2016-01-11,26.36763572692871,27.880837533648837,26.077636795584198,27.259942094840582,13119999
2016-01-18,27.80276107788086,28.267503681714288,26.010713710961706,26.289559273261762,14587652
2016-01-25,28.208017349243164,28.208017349243164,26.627892538457072,27.914299691085876,9908888
2016-02-01,26.408533096313477,28.27122223472026,26.018151013545644,28.27122223472026,10144874
2016-02-08,24.54584503173828,26.397380882576076,23.40071995067679,26.28584151886923,15112854
2016-02-15,26.27840805053711,26.613023319934893,24.96969401935952,25.096102656374253,9083862
2016-02-22,26.25238609313965,26.91417924985247,25.542257879804737,26.434564438888106,9849288
2016-02-29,27.9960994720459,28.167124433586665,25.598025601762654,25.891743308505756,10239990
2016-03-07,28.178274154663086,28.858658013695734,27.114942840406837,27.839940174416203,10571336
2016-03-14,28.163406372070312,28.531481779922757,27.512766620900372,28.34558470815992,8749678
2016-03-21,27.378921508789062,28.46455976701805,27.27853833443517,28.018407913011817,5325421
2016-03-28,28.535200119018555,28.999942791966742,27.378920121798338,27.378920121798338,8031929
2016-04-04,28.773149490356445,28.959046568255925,27.639176180543895,28.371611121318136,9115797
2016-04-11,29.72122573852539,30.100454529559457,28.371611136835845,28.687638438689252,8512121
2016-04-18,30.271474838256836,30.472243991961587,29.260194435846465,29.315964117969543,7015621
2016-04-25,29.73980712890625,30.617241368815716,29.587373033866985,30.234293927168487,7790504
2016-05-02,28.460844039916992,30.078148066177178,28.055586931111677,29.94430194185288,9391198
2016-05-09,28.616992950439453,28.92558274089609,28.059301788364827,28.676478532714167,8713823
2016-05-16,28.836353302001953,28.962764787733498,28.167125535432707,28.386482721892754,7213347
2016-05-23,29.784427642822266,29.869938703274816,28.50173904352148,28.814044747622376,8464866
2016-05-30,29.613401412963867,30.02980900054008,29.438657727507156,29.758400888861146,8276365
2016-06-06,29.26420021057129,30.622648842037833,29.183614646974448,29.636430857463296,8528371
2016-06-13,28.385425567626953,29.04162471501082,27.809811972266846,28.976389210189986,12116050
2016-06-20,27.307111740112305,30.768467045786707,26.363102819933356,29.126049973005745,13963262
2016-06-27,26.838947296142578,26.92337110171057,24.77824933124902,26.47822846425115,18001442
2016-07-04,26.155885696411133,27.026979733049046,24.67463966753866,27.000117879788558,11239695
2016-07-11,27.844348907470703,28.112970356648727,26.3938030361652,26.470553276382766,9674696
2016-07-18,27.848186492919922,28.228090657916255,27.368508481861138,27.92877204745113,6183196
2016-07-25,29.087675094604492,29.19512249818193,27.318622396172906,27.863535901585443,7675942
2016-08-01,29.087675094604492,29.49444110178256,28.185878112317763,29.32943175265373,6946554
2016-08-08,30.292627334594727,30.36937464690516,29.118373547733505,29.23349744392145,6322825
2016-08-15,29.797595977783203,30.503680541848443,29.567351138532448,30.377047783279814,4819704
2016-08-22,30.15447998046875,30.68020522063086,29.697825565096714,29.740037465394412,6063855
2016-08-29,30.595783233642578,30.699392394777178,29.659450828730765,30.00481957871645,7356209
2016-09-05,29.54817008972168,30.69939749581473,29.410022566772696,30.62265017316427,6005660
2016-09-12,28.830564498901367,29.482928313832204,28.427636748939037,29.04162398296883,8980547
2016-09-19,29.985631942749023,30.315650652423567,29.07999961309175,29.07999961309175,6947864
2016-09-26,29.5251407623291,30.016330558730917,28.68858222541909,29.82829760523506,7158338
2016-10-03,29.14139747619629,30.154477132205265,29.12220918597439,29.471416159503065,6336134
2016-10-10,29.490602493286133,29.6786354472211,28.677070488991593,29.260357641650362,5172259
2016-10-17,29.889698028564453,29.95109822347252,29.198960474460865,29.340946229393946,5116381
2016-10-24,31.321054458618164,31.605023003220513,29.42152789981685,29.99330616034853,9254251
2016-10-31,29.839813232421875,31.301871005584537,29.62491547316665,31.083137929853727,8639446
2016-11-07,31.45536231994629,32.61810122457504,29.20279356963398,30.29645873103123,9959634
2016-11-14,31.727827072143555,32.19215510271805,31.16372518106762,31.727827072143555,7751201
2016-11-21,31.351757049560547,32.28808956609376,31.033253040564336,31.927370725582264,6148755
2016-11-28,30.875911712646484,31.44768704221715,30.557404832848057,31.413151633134493,7119378
2016-12-05,32.76776885986328,33.1054611751628,30.595788029866622,30.703235451656344,8429457
2016-12-12,33.328025817871094,33.769330149689864,32.46460544472561,32.71403858251205,10986497
2016-12-19,33.53525161743164,33.64269903226029,33.15918566553139,33.37791873935326,5571326
2016-12-26,33.96503829956055,33.96503829956055,33.36256289025113,33.53524578724402,3226842
2017-01-02,34.41018295288086,34.57519231468564,33.753983749719275,33.78468384673467,5680067
2017-01-09,34.9973030090332,35.004979495965415,33.991899872337534,34.375642242733605,7345679
2017-01-16,35.6918830871582,35.95666336449867,34.302734481216305,34.7056651908577,7595641
2017-01-23,35.96434020996094,36.927534507649234,35.1469669784567,35.54222413187247,9201996
2017-01-30,35.30813980102539,35.933638872460655,34.92055914895064,35.887588729493025,8047101
2017-02-06,35.07022476196289,35.4961791459319,34.544496514145656,35.26209600058955,5793585
2017-02-13,34.88985824584961,35.91828799320473,34.705663533688124,35.15080319451351,6720654
2017-02-20,34.053306579589844,35.419431788175075,33.30500992074051,35.104763074232956,9174639
2017-02-27,35.43476867675781,35.68420180024178,33.769328213359984,34.26051797348244,8990889
2017-03-06,35.40023422241211,35.80316488871535,34.88218259982364,35.35802232679093,6074835
2017-03-13,35.87608337402344,36.071792857159764,35.10476310280413,35.484667335473546,6944986
2017-03-20,35.79549026489258,36.06794701498812,34.92439631333201,35.73792831989275,6133707
2017-03-27,36.9428825378418,36.9428825378418,35.11243243048331,35.45780120386861,7446919
2017-04-03,36.601348876953125,37.150100623347335,35.895264269752765,37.061841511308366,6388184
2017-04-10,35.46163558959961,36.532274279021486,35.36186174865015,36.532274279021486,5502534
2017-04-17,35.453956604003906,36.033408390599185,34.67496007729286,35.46163309077098,7982152
2017-04-24,38.028873443603516,38.765658191363514,37.153941189673226,37.990499786938955,13623427
2017-05-01,40.124107360839844,40.124107360839844,37.9905003966468,38.02887405392722,9442815
2017-05-08,38.58146286010742,40.216206372205114,38.309006096044854,40.1394561323635,8002867
2017-05-15,38.704261779785156,39.279875425614534,37.576058097088406,38.73496187688277,11153542
2017-05-22,38.41261291503906,38.896129149493916,38.017358719082985,38.81938184206011,7350910
2017-05-29,38.374244689941406,38.942184799550446,37.932940290462575,38.48936859510024,10668425
2017-06-05,38.35121154785156,38.527732678224474,37.51465310442752,38.527732678224474,9614160
2017-06-12,37.90243911743164,39.166115856202,37.587505816904134,38.4063348010398,12357789
2017-06-19,37.95361328125,38.626786619058656,37.63473948711077,38.292165711330036,7561249
2017-06-26,36.83165740966797,38.22130799846992,36.53247123994324,38.17800718724939,11796749
2017-07-03,37.09541702270508,37.61112225462244,36.82378455535076,37.13871783298645,7789932
2017-07-10,37.59537887573242,37.989047764483544,36.78835645241051,37.09148317868382,6921122
2017-07-17,36.709617614746094,38.16225652757723,36.217531587738776,37.697727197944126,8114095
2017-07-24,37.32767868041992,37.611120721154116,36.57970729591688,37.1229722084757,10908793
2017-07-31,37.98904037475586,38.154380555039666,36.839528164037965,37.30405748254105,9095489
2017-08-07,36.233280181884766,38.15832055793811,36.14273502769471,38.05203129328054,6709951
2017-08-14,36.46160888671875,37.35917335754238,36.14667261467841,36.39074837568242,4973771
2017-08-21,36.17816162109375,36.81984065370495,36.008883924907984,36.36712095428214,4577883
2017-08-28,36.748985290527344,37.012742690181476,35.32390602445554,36.02069854361517,6903294
2017-09-04,36.93795394897461,37.21352098013751,36.205729547935626,36.46554946253845,5495066
2017-09-11,38.67008590698242,38.933843270977334,37.150524163093266,37.20170002368118,13120206
2017-09-18,39.170047760009766,39.347197528396755,38.61891080892672,38.81180769059662,5634078
2017-09-25,39.697566986083984,39.697566986083984,38.890547613257475,39.122810802423786,6706737
2017-10-02,38.75275802612305,39.839281762654906,38.74094844255601,39.65032241867311,6349799
2017-10-09,39.524349212646484,39.57946260589276,38.56773388207949,38.780315400367115,5674227
2017-10-16,39.807796478271484,40.106982651441875,38.953532763569385,39.59521493199458,6232645
2017-10-23,40.0361213684082,40.46915951184841,39.60308622842301,39.83141488524512,7427991
2017-10-30,39.22909927368164,40.09123196383463,39.11493495325535,39.83928415442999,7003007
2017-11-06,38.24885940551758,39.303888833267074,38.044149961734554,39.28026966800533,8554604
2017-11-13,37.65442657470703,38.418142110921046,37.26862977535582,38.34334707083383,7988575
2017-11-20,38.327598571777344,38.914164303467494,37.50089460697786,37.68985396858379,7253157
2017-11-27,36.85527801513672,38.66221655560364,36.729304106019995,38.22918143073083,8312757
2017-12-04,37.57175064086914,38.095327853990604,36.91038694715591,37.390663356138134,7042049
2017-12-11,37.0048713684082,37.89849832355066,36.57970829568667,37.72922060034421,10070176
2017-12-18,36.571834564208984,37.61112002537165,36.19391285137299,37.31193087641428,8001792
2017-12-25,36.2017822265625,36.764728726641714,36.2017822265625,36.57183185699983,3135964
2018-01-01,37.60718536376953,37.60718536376953,35.808118810521854,36.20178766684261,6256350
2018-01-08,37.86700439453125,38.264607736438904,37.493017217037334,37.61505659241868,7208298
2018-01-15,37.874874114990234,38.087455623068415,37.57568499212599,37.867002060670835,6001146
2018-01-22,37.73709487915039,38.08352237376945,37.02061771739049,37.89849754019903,7548436
2018-01-29,35.93014907836914,37.937862306589466,35.71757057518428,37.90636808261596,9218150
2018-02-05,33.481536865234375,35.823865319348236,33.10754965598139,35.823865319348236,14911852
2018-02-12,34.343666076660156,34.83968961726307,33.47759589772588,33.92244057091731,10897332
2018-02-19,35.72544479370117,36.07974732623047,33.83583328918138,34.434211567109685,10590693
2018-02-26,35.30815887451172,36.98912348330983,35.237298363868305,35.91440924258207,14556981
2018-03-05,36.17816162109375,36.25295664723087,35.07195030271282,35.33177314016493,8808832
2018-03-12,36.20965576171875,36.64269081969516,35.89865706462497,36.46947559512282,9434408
2018-03-19,33.63507080078125,36.51672694499727,33.367375836413416,36.25690403688057,10571064
2018-03-26,33.74529266357422,33.9106328517146,32.906776131589034,33.729545549924445,7791642
2018-04-02,34.20588302612305,34.41452701709972,33.04849575125055,33.745291234330615,6041777
2018-04-09,34.04447937011719,34.579866178471,33.682301789102354,34.394844364152235,7519470
2018-04-16,34.646793365478516,34.77276726656341,33.80827686450135,34.020858385729866,7210275
2018-04-23,34.41059875488281,35.14282011940788,33.69805602912247,34.678290713952144,9695642
2018-04-30,34.926300048828125,34.93023757820491,34.05235474138658,34.51688409383502,7692497
2018-05-07,35.62309265136719,35.82386460164046,34.528693751781944,34.89874342415721,6719638
2018-05-14,35.88684844970703,36.217528792677655,35.099510867257514,35.77268413983731,8052715
2018-05-21,34.729461669921875,36.107302456169805,34.67041074982034,35.93802475372116,8413237
2018-05-28,34.27280044555664,35.10344174910034,33.54451385807467,34.985342926063765,9774674
2018-06-04,33.461849212646484,35.13100414416883,33.178407185821904,34.414527022342114,11684727
2018-06-11,33.21820068359375,34.00601406484461,32.8364746618729,33.05576388084715,14373752
2018-06-18,31.88621711730957,33.26692510875511,31.50449424483926,33.1491585199617,10491648
2018-06-25,31.0821590423584,32.18672540669134,30.562363835195566,31.695356403100725,10789054
2018-07-02,30.870988845825195,31.297384977504773,30.403987394643547,30.76540757938298,9960155
2018-07-09,29.969472885131836,31.39890973591556,29.85982674166606,31.07403617526186,10819037
2018-07-16,30.42429542541504,30.57455000557189,29.900438379068664,30.04663118726878,8697364
2018-07-23,30.64764404296875,31.817183320030118,29.754243273156444,30.294344267397303,11008591
2018-07-30,30.00196075439453,31.041554393219656,29.989778536844398,30.615158189619702,10537234
2018-08-06,29.640541076660156,30.578612122910336,29.38064343652982,30.083181278216802,8169254
2018-08-13,28.83241844177246,29.58368506321612,28.58064127804709,29.539014871293492,8065936
2018-08-20,29.7420597076416,29.965410664521656,28.795871440499177,28.950184675473857,6875205
2018-08-27,30.103483200073242,30.367442605702593,29.210085471415326,29.839526892668072,9215810
2018-09-03,28.722776412963867,30.12784887692022,28.580642289150532,30.05069070664715,10711303
2018-09-10,29.34003257751465,29.55932177410233,28.544095733357878,28.791811135157445,9105941
2018-09-17,31.309566497802734,31.606013827243387,29.145104110441846,29.28317644551205,40010639
2018-09-24,30.168460845947266,31.398914452219604,29.802978809870247,31.147137249983356,9848950
2018-10-01,28.767444610595703,30.160334911194056,28.572522938953593,30.160334911194056,10289295
2018-10-08,27.08622932434082,28.73089673728413,27.037500457614424,28.690288315604143,11655740
2018-10-15,26.083189010620117,27.715671133974087,25.78268141854723,27.06186531064806,10928414
2018-10-22,25.997905731201172,26.89130645935952,24.79181831114482,26.24968289152489,12925872
2018-10-29,26.724807739257812,27.573538270667598,25.928870941736797,26.47709235197246,10868495
2018-11-05,25.900447845458984,26.99283212377941,25.697402624847705,26.79790734877394,11161565
2018-11-12,25.539024353027344,26.18876835671565,25.210092128896594,25.98978493332256,9302543
2018-11-19,25.802982330322266,25.95323533259013,24.90146121849146,25.54308474290375,8161293
2018-11-26,26.58673858642578,27.2973967758063,26.339023198269523,26.59892080252792,10740091
2018-12-03,24.316692352294922,27.26896959643504,23.95933238467055,27.171508772881392,10825847
2018-12-10,24.03649139404297,25.169484037249145,23.857812166983333,24.133953776419506,10103143
2018-12-17,23.22837257385254,24.166440462314366,22.88725655556314,24.028369656123132,11109108
2018-12-24,23.553245544433594,23.630402170433282,22.728882446094286,23.069998478012636,4118552
2018-12-31,23.85375213623047,23.914664770232662,22.964413118145377,23.67913313035586,5138494
2019-01-07,23.463903427124023,24.49943521337175,23.2080675838244,24.016186633359617,10170494
2019-01-14,24.292329788208008,24.397914169203844,23.02532806004252,23.228373278298427,8451258
2019-01-21,25.145116806030273,25.234457189680736,23.987759786521764,24.316693567961416,8052539
2019-01-28,24.51161766052246,25.340042477667783,24.21517184391018,25.011108684330434,7628111
2019-02-04,25.080142974853516,26.225319353262325,24.15019711569384,24.446642928330483,11984215
2019-02-11,26.533946990966797,26.692325107731246,25.055779634886008,25.303495043007935,8847711
2019-02-18,26.32278060913086,27.10247346332746,25.66897479230925,26.533946261975107,8825648
2019-02-25,25.44968605041504,26.562376039482125,25.43344361083002,26.3836952620387,10924314
2019-03-04,25.311614990234375,26.018211407974597,24.994863429660427,25.61212101415684,10638041
2019-03-11,26.88724708557129,26.923796835466167,24.94207354778612,25.340043533693315,14555986
2019-03-18,25.28318977355957,26.960343702008146,25.197911154090676,26.952223256535742,7948521
2019-03-25,26.24156379699707,26.5258258489044,24.50755598569037,25.177605791727927,10823743
2019-04-01,28.507545471191406,28.75120219515929,26.428364560070936,26.428364560070936,12089672
2019-04-08,29.141048431396484,29.384702055596964,28.08521399437845,28.507545290606522,8900273
2019-04-15,29.945106506347656,30.21312766893241,29.002976862073027,29.14510788849342,6932416
2019-04-22,29.352218627929688,29.945110341374114,28.921763721864757,29.945110341374114,6686425
2019-04-29,29.335969924926758,29.888253122365292,29.23038865058109,29.46186005699107,5497297
2019-05-06,27.626331329345703,28.881152363315664,27.541052711227216,28.751203550245954,8518180
2019-05-13,27.695362091064453,28.01211518327432,27.037497672238835,27.719729620141308,8721740
2019-05-20,26.96440315246582,27.926835416632446,26.834454348525757,27.695364012794716,8778470
2019-05-27,26.326841354370117,27.27303272918179,26.06694374643735,27.244603426909762,7646784
2019-06-03,27.260847091674805,27.573538430723314,25.969481061199012,26.172524709517717,10747502
2019-06-10,28.13191032409668,28.56321453647547,27.396160064577412,27.539925984666933,7675066
2019-06-17,28.770408630371094,29.552672171668025,27.890889203179157,28.20379397448689,11501988
2019-06-24,28.98606300354004,29.01988819487502,28.47441706216234,28.795780575260483,7084719
2019-07-01,28.795778274536133,29.852892038109818,28.647782992846853,29.34970808036627,7270187
2019-07-08,28.491331100463867,28.93532020440542,28.076944281103483,28.736582285994544,6571510
2019-07-15,28.87189292907715,29.578044205989055,28.37293506328346,28.584357833093403,5974284
2019-07-22,30.952295303344727,31.04109571446904,28.529391925751735,28.871895814738362,9695740
2019-07-29,28.148826599121094,30.96074999845994,27.878205719966157,30.71549881858348,8783221
2019-08-05,27.742895126342773,28.326420788895128,27.083257140322257,27.9078046228479,8732308
2019-08-12,26.981773376464844,28.22916799067884,26.262935665474775,27.924718698253006,7427777
2019-08-19,26.795717239379883,27.5230103579002,26.795717239379883,27.15936621818125,6418260
2019-08-26,27.755577087402344,27.8020903483509,26.317903421235677,26.715377592294065,7037236
2019-09-02,28.32219123840332,28.525155259120567,27.24393399040752,27.700607876103735,4799078
2019-09-09,30.427961349487305,30.592870833999886,28.18688216777665,28.33064808717527,8358598
2019-09-16,29.924774169921875,30.233452799789564,28.95223147003723,30.174254688755504,8051392
2019-09-23,29.79792594909668,29.954376735424205,28.470191201371648,29.86980891719611,5930848
2019-09-30,29.438501358032227,31.091825388167052,28.626635643122697,30.01779755922064,11032341
2019-10-07,31.201766967773438,31.244050868680706,28.326416541311403,29.46387186422952,9780996
2019-10-14,31.869863510131836,32.542186243627846,30.656295877464864,31.112969748927156,8720384
2019-10-21,31.32439422607422,32.55910226498674,30.867720329143275,31.848721722890286,8707454
2019-10-28,31.269424438476562,31.98403438875662,30.643614884975953,31.29056800457743,7705607
2019-11-04,31.675355911254883,32.136255928032135,31.29479434058036,31.42587540479133,5802277
2019-11-11,31.696496963500977,32.43224719934768,30.77046432500176,31.451245809533738,7858934
2019-11-18,30.630931854248047,31.717644759610984,30.478707202239153,31.628847583615038,6586001
2019-11-25,31.079145431518555,31.979805219378584,30.745097086692606,30.901551089020284,7130227
2019-12-02,31.857179641723633,32.25465545928585,30.292652522219385,31.134114196154574,9530671
2019-12-09,32.19545364379883,33.459760688581085,31.345533350658627,31.857175979309275,8946548
2019-12-16,31.400508880615234,32.91006724172966,31.23982552006885,32.37728098896714,8295684
2019-12-23,31.358226776123047,31.53582112856336,31.167944347603754,31.31171350866647,1821864
2019-12-30,30.732406616210938,31.506214543346818,30.5632677955065,31.231364362958946,3758336
2020-01-06,29.785240173339844,30.698584840830296,29.64147101555339,30.23345540291953,7584616
2020-01-13,29.90786361694336,30.685897787981094,29.45964519348844,29.814837090829034,6739498
2020-01-20,29.77678108215332,30.263054080884235,29.227083835546694,29.920550238134048,6642280
2020-01-27,28.95223617553711,30.178488951786175,28.80846700676305,29.425821140779615,7280654
2020-02-03,29.759864807128906,30.364533994638965,28.867660553682843,28.948002230152568,7269063
2020-02-10,30.351850509643555,30.711268551698325,29.527303046926423,29.53575853775072,5036288
2020-02-17,30.288423538208008,30.846579497445234,29.793695052395417,30.36030972865209,5678745
2020-02-24,26.723838806152344,29.539990075498665,26.711152342924702,29.539990075498665,16328735
2020-03-02,26.647724151611328,28.482873723874867,26.288304501402813,27.42998931051626,15051031
2020-03-09,19.751113891601562,25.497584584423166,19.387466485589368,24.102194688236082,22572841
2020-03-16,15.83471965789795,18.507948414357756,13.876099242227351,18.093560002566296,20841225
2020-03-23,18.368410110473633,19.569291536940064,14.506984560953677,15.643593283163925,15422914
2020-03-30,18.343040466308594,18.964622329835866,17.607288497343784,18.503720614416178,8622462
2020-04-06,21.971052169799805,22.207846234552076,19.070331731951814,19.535462757747958,9892008
2020-04-13,20.981592178344727,22.292414128687955,20.135901221875866,21.97105066193439,7628143
2020-04-20,19.41706657409668,21.260673400970447,19.41706657409668,21.150734269444573,6368894
2020-04-27,20.474178314208984,21.937224968570888,19.543919505609626,20.093618332425855,7492782
2020-05-04,21.480552673339844,21.632777322734125,19.49317835307794,19.966766509644078,6418230
2020-05-11,19.55237579345703,21.776542318595023,19.146442904918242,21.73425841561458,6259305
2020-05-18,22.672977447509766,23.104280092716895,19.82299940562958,20.118991606814205,12575700
2020-05-25,24.584238052368164,24.95634255825048,22.622235115397547,22.977425413506204,15179647
2020-06-01,27.603355407714844,27.603355407714844,24.618067027941358,24.947886021892437,12562718
2020-06-08,25.294620513916016,28.43213370105939,24.27133506356287,27.138227358481533,13097927
2020-06-15,26.37710189819336,27.33273198790327,24.525038215768642,24.525038215768642,11238151
2020-06-22,26.60544204711914,27.3834795605124,25.303078551980263,26.148769677898017,9112713
2020-06-29,27.941633224487305,28.584357006662717,26.3686473464106,26.49550068202344,8438830
2020-07-06,27.112855911254883,28.87189159739109,26.334818476691623,28.575901023731607,7899168
2020-07-13,27.544157028198242,28.229167934800415,26.78303541166793,27.569526727165073,6484294
2020-07-20,28.178422927856445,29.125595913164087,27.2566196393702,27.451128175796008,8604378
2020-07-27,26.36018943786621,28.55898643582295,26.182593483005785,28.110771222800576,8011075
2020-08-03,28.195337295532227,28.482872356686208,26.224877384110865,26.300989701065006,6338696
2020-08-10,28.601266860961914,29.387759680273774,28.16996590814002,28.33064602270997,5662089
2020-08-17,28.212251663208008,29.159424659333567,27.95854501393126,28.516700932762134,4589636
2020-08-24,28.888809204101562,29.2524566522695,28.322197688989835,28.542075965854885,5343584
2020-08-31,28.95646095275879,29.692211211670315,28.161509356503586,29.032573270994817,7154536
2020-09-07,30.047401428222656,30.40259334031785,29.100228372727603,29.252453017046218,6854017
2020-09-14,30.673215866088867,30.943836753669387,30.23345611725666,30.23345611725666,8924505
2020-09-21,29.54844093322754,30.84235029365212,29.091770267367966,30.41104609815893,9946747
2020-09-28,30.62247085571289,30.825438118623516,29.77677984135315,29.92900448202232,8693719
2020-10-05,31.05377769470215,31.679587291437603,30.774698087955322,30.83389620586123,7143261
2020-10-12,31.062231063842773,32.06014673472719,30.52944481303544,31.00303294998143,9338751
2020-10-19,29.912092208862305,31.341312180225547,28.584357488544484,31.062232578933763,6815787
2020-10-26,28.330650329589844,29.658385027250375,26.41093124848801,29.42159256429599,12267307
2020-11-02,31.57810401916504,31.75569836587924,28.37293415697481,28.770409983858794,10540006
2020-11-09,33.33714294433594,33.99678422238705,31.891011879858677,32.13626308290261,12046698
2020-11-16,33.438621520996094,34.030605841541444,32.96503341934881,33.61621584934319,7077816
2020-11-23,34.08134460449219,34.50419007905426,33.28639627369527,33.6162152276849,6363731
2020-11-30,33.80226516723633,34.208196398442304,32.99039947876972,33.82763486104462,7926821
2020-12-07,32.80435562133789,33.86146940217975,32.38996559978358,33.78535708091693,6118679
2020-12-14,31.645753860473633,33.48936039305232,30.630927299394138,33.007316808723075,11006384
2020-12-21,31.60347557067871,32.263116823794384,30.918467842902576,31.112976409188114,3344063
2020-12-28,31.713411331176758,32.559102300008135,31.713411331176758,31.958662486391063,2383896
2021-01-04,36.76218795776367,37.201947654787254,31.958662930035374,32.13625726170209,9178725
2021-01-11,36.46619415283203,37.007435863841366,35.79810073046086,36.71144531127534,6664354
2021-01-18,36.02643966674805,37.10892647138548,35.63742253395212,36.36471739808266,4733656
2021-01-25,34.740989685058594,36.93978511213976,33.28640005498794,36.466196965451445,7911179
2021-02-01,35.94186782836914,37.06663841715165,34.75789912713021,35.25685695073095,5852749
2021-02-08,35.67970657348633,36.96515744075039,35.189207409930155,36.102552126163104,4976413
2021-02-15,36.576133728027344,36.7283583576966,35.44290772163124,35.89112289451572,5231238
2021-02-22,37.56559371948242,37.8785017209715,35.48519457569757,36.47465475084979,7536091
2021-03-01,39.180870056152344,39.66291372315657,37.13429592471825,38.056099349105466,7500773
2021-03-08,41.67565155029297,41.9547311294867,39.3753742183458,39.569882761698175,9868496
2021-03-15,41.08367156982422,42.10695693648892,40.449403300660194,41.77713795269247,7120839
2021-03-22,42.91036605834961,42.91036605834961,40.61854082035557,40.87225072070453,5616544
2021-03-29,42.78350830078125,43.485430161136165,42.21689364685254,42.876534827997546,5208368
2021-04-05,43.85753631591797,43.975932541206234,42.78350834557342,42.78350834557342,4340162
2021-04-12,45.0076789855957,45.185273332916715,43.713769477551025,43.806796009782616,5254966
2021-04-19,44.796260833740234,45.185277984890774,43.75606111598255,45.024597829256166,4346397
2021-04-26,44.39877700805664,45.07532915534934,43.67148223994632,44.75396567561464,6858962
2021-05-03,47.68006134033203,48.10290685680096,44.04359054391029,44.39877922923766,8097567
2021-05-10,47.02887725830078,48.06907680630854,45.362864947739794,47.815370150267285,6492199
2021-05-17,46.58066177368164,47.18955709924748,44.66939830934029,46.766711599745165,5486741
2021-05-24,46.63139724731445,46.80899156791677,46.09861105945264,46.68213986436721,6247086
2021-05-31,49.269954681396484,49.51520583788879,46.284666578203066,46.58911584473764,5132011
2021-06-07,49.12282943725586,50.71525396743435,48.91512375586256,49.54690043068578,6230111
2021-06-14,48.023719787597656,49.56421645390774,47.720810951144095,49.330545054845636,6981718
2021-06-21,48.51702117919922,49.16610724757267,47.34866427527354,47.608298042338426,5217450
2021-06-28,48.819923400878906,49.23533806047511,47.79004143030221,48.551633322184124,5394617
2021-07-05,49.97962951660156,50.08348236782214,48.33527674873307,48.776657143910114,5106454
2021-07-12,49.69402313232422,50.793142500814604,49.330536552932614,49.893079079806846,4090750
2021-07-19,51.087398529052734,51.1825983450053,47.34001010170887,49.30457761729516,5438733
2021-07-26,52.14324951171875,52.221139974996476,49.650757988254036,50.810458607376546,5646605
2021-08-02,55.33675003051758,55.54445902603629,51.24318093550888,52.446153259868886,6114623
2021-08-09,55.90794372558594,56.19354317195956,54.54919052650371,55.21558593328645,4483293
2021-08-16,53.68374252319336,55.80409424840398,52.844260143426425,55.449257371676644,5437480
2021-08-23,54.2203254699707,54.74824604443954,53.605854802133386,54.31552198897743,3607270
2021-08-30,52.792335510253906,54.272251008445835,52.62790155537344,54.11647008217062,5372056
2021-09-06,52.93946075439453,53.346222433693754,51.88361627623498,52.9048453381273,4403331
2021-09-13,51.93553924560547,53.8395257338538,51.7105241912902,53.251020759278454,5608180
2021-09-20,52.705787658691406,53.32890801082519,50.265224417493116,51.13067246902222,6362364
2021-09-27,48.906471252441406,53.22505877475916,48.542984630857575,53.13851528431231,7400000
2021-10-04,51.83168411254883,52.22978943032196,47.53040617072619,48.72472542546794,8214381
2021-10-11,53.31159973144531,53.45872761991941,51.10470781571296,51.49416010705924,4813096
2021-10-18,52.229793548583984,53.3116037157164,51.753797735330245,53.3116037157164,4123279
2021-10-25,51.546085357666016,53.086581779738346,50.07482306058571,52.42018640690132,5500810
2021-11-01,52.85291290283203,53.41545546392029,51.91823071224725,51.92688374024479,4602534
2021-11-08,52.619239807128906,53.52795958254814,50.94027180967411,52.852911172480525,4045689
2021-11-15,52.72309875488281,53.46738467858034,51.58070748176375,52.48943066388255,5050028
2021-11-22,49.40842819213867,52.974073153316496,49.18341315683975,52.93080141207697,5412764
2021-11-29,50.057518005371094,50.89700371495759,48.30931245525685,50.195989568676055,8053276
2021-12-06,51.762451171875,53.14716678782802,50.100789131308936,50.54216950362189,5690315
2021-12-13,50.68063735961914,52.09131525853273,50.21329463537211,51.97015306367362,4935292
2021-12-20,52.53269577026367,53.15581610320736,48.71607011261696,49.5295900674885,3319765
2021-12-27,53.545265197753906,54.03857027855087,52.39422110970166,52.39422110970166,2225016
2022-01-03,56.25412368774414,56.85993468632044,53.39814576080468,53.484689245909195,5654976
2022-01-10,57.40516662597656,58.088871328805155,54.48860452953219,56.25411921730903,6525375
2022-01-17,54.8001708984375,57.509020949379064,54.332828153667556,57.39651507859627,6053466
2022-01-24,50.29118728637695,53.72701714045477,49.28726766900254,53.562579896172096,9681116
2022-01-31,51.217220306396484,53.46738411103757,50.4902437492717,51.05278635114327,5932174
2022-02-07,53.91741180419922,54.39340756214055,50.96623414325628,51.64993888177647,5481237
2022-02-14,53.52796173095703,54.69631860460852,51.078745413164434,52.64520760609464,6099809
2022-02-21,50.14406204223633,54.50592128613058,46.59572613039131,53.89145392359053,9391845
2022-02-28,43.462806701660156,48.82858253523869,43.289716413158956,47.6083007883681,12079470
2022-03-07,47.34001159667969,49.05359843367283,39.602903491605254,40.974641235314984,12131436
2022-03-14,49.9969367980957,51.22587150717669,46.86401562149056,48.01505987003666,9459511
2022-03-21,47.47848129272461,50.542168229913216,47.26211927684557,49.780573009620724,5826073
2022-03-28,46.760162353515625,50.75853517203664,46.3447476388815,47.70350096635855,6746126
2022-04-04,44.44941711425781,47.530410387762174,42.33339667056703,47.05441456980846,9210206
2022-04-11,44.916751861572266,45.44467236063229,43.64454226378242,44.458062183334896,5279413
2022-04-18,48.023719787597656,48.3785534006721,44.37152750076609,44.91676076524433,6338279
2022-04-25,48.75069046020508,50.28253061033555,46.00721841263987,46.89862885168957,7317130
2022-05-02,46.32743453979492,49.25264996662782,44.570575998634034,48.36989253126088,5346300
2022-05-09,46.43128967285156,46.58707058754151,44.12054163923227,45.99856564347335,4868575
2022-05-16,44.96867752075195,47.244806696948366,44.63980965607121,46.379358692462354,5559434
2022-05-23,47.73811340332031,47.97178476857278,45.003297749086556,45.86874578272284,4483181
2022-05-30,49.14879608154297,50.08347826887692,47.33135317610208,47.97178619263016,6432217
2022-06-06,46.947967529296875,49.9328945131209,46.76976577418669,49.57648420493933,6627836
2022-06-13,40.81774139404297,46.466824103248186,40.50588148389155,46.29752765520051,10588837
2022-06-20,38.53226089477539,40.93802193959689,37.11108254600235,40.006905207606984,9900060
2022-06-27,36.567562103271484,38.995596915913076,35.52506407102574,38.75947651089057,6827915
2022-07-04,38.30059814453125,38.73719721410056,34.91916639230766,36.81704504297488,6190820
2022-07-11,37.115535736083984,37.81053549601715,35.95275127127143,37.360568247435516,5626771
2022-07-18,38.599090576171875,39.50347777958361,37.142270429603656,37.578869507604814,5070942
2022-07-25,40.385589599609375,40.80436780219804,37.2670113046431,38.44316056111193,6570181
2022-08-01,40.47469711303711,41.223156162501695,38.95550549059469,40.358863234232274,4584104
2022-08-08,40.8088264465332,41.48600539398015,39.13815939714745,40.87119774445847,3790220
2022-08-15,38.518898010253906,41.30334301503441,38.49216842588184,40.83110222989747,4361589
2022-08-22,36.34925842285156,38.336241434085295,36.01512501139462,38.31396451372917,5037527
2022-08-29,36.51409912109375,37.61896844036238,34.91471547553029,35.81910270675206,6612076
2022-09-05,36.96852493286133,37.33829668625859,34.77215433961194,35.150838221417466,5622472
2022-09-12,35.93048095703125,38.31396532972369,35.449328018530466,37.17345768200116,5925029
2022-09-19,33.23067855834961,36.43390515299616,32.74507298504806,35.64089576603871,6064304
2022-09-26,33.01237869262695,34.045964523523615,31.346167783979023,32.967828253162054,6521971
2022-10-03,33.453433990478516,35.58298035705002,32.42430421802722,32.63369502344802,4755252
2022-10-10,34.5894889831543,35.41368401590175,32.66488075252524,33.24849933157148,6031869
2022-10-17,34.93253707885742,36.67448421585265,33.996960779269315,34.397921564952654,5721358
2022-10-24,36.70566940307617,37.51649969324256,34.82115883259811,35.31122049826247,5277405
2022-10-31,37.16454315185547,37.79716823437399,35.39141049533391,36.70121110017156,4551822
2022-11-07,40.39004898071289,40.6395341771285,36.812591016214306,37.17345741700788,5671787
2022-11-14,39.48565673828125,41.04940201411093,38.34069308136989,40.45687129776494,5329452
2022-11-21,40.36777114868164,40.777640647534156,38.9733222802248,39.30299962504262,4255333
2022-11-28,40.7108154296875,40.7108154296875,38.97777699749767,40.09601114903544,6530324
2022-12-05,41.699851989746094,41.75777062713501,40.265305232277434,41.32562417422265,7646982
2022-12-12,39.748512268066406,42.613149597332026,39.191623233597824,41.521645050385054,8684041
2022-12-19,41.11177444458008,41.42363433498605,39.2450813629588,39.76633206859914,4896193
2022-12-26,40.675174713134766,41.588470651564066,40.49251348606044,41.11177379422329,2172539
2023-01-02,46.6717529296875,46.7073912414435,40.89347228701222,40.93356666235545,7304955
2023-01-09,47.44694137573242,47.62514653017918,45.45996189125548,47.001430189105825,6902781
2023-01-16,47.06380081176758,49.006229829661706,46.83213649357881,47.651875433764296,6637985
2023-01-23,48.28450012207031,48.28450012207031,46.71630227515196,47.3934777683943,6030979
2023-01-30,49.478477478027344,49.478477478027344,46.359898782188075,48.28450721280392,7342282
2023-02-06,46.734127044677734,49.327002175101825,44.84516044837427,49.08642571158031,7452866
2023-02-13,48.57854461669922,48.81020895926745,46.77867885112123,46.93015103684259,5159870
2023-02-20,49.83488464355469,50.55661403348539,46.734127003635244,48.872578790313746,6792970
2023-02-27,51.875328063964844,51.937699363470976,48.9973259618216,49.81706498331983,7840461
2023-03-06,49.56758117675781,52.15154431178275,48.64091698810924,52.142635582595034,5469937
2023-03-13,45.540157318115234,49.62995044162949,45.388681736291296,49.576487871753834,10665819
2023-03-20,43.92741012573242,47.86573148266385,43.50863184721007,45.4332403794038,7555843
2023-03-27,46.61829376220703,47.11726755195463,44.488750675662466,44.809519297715866,6185997
2023-04-03,43.70465087890625,47.15290683916261,43.58881700766802,46.72521646726097,5927538
2023-04-10,45.95893859863281,46.048039482094225,43.704649538066086,43.704649538066086,4481346
2023-04-17,45.70945358276367,46.653938656656386,45.05900756546268,45.88765876260886,4477115
2023-04-24,46.707393646240234,46.9925239478329,44.06105936893747,45.58470689207857,5305836
2023-05-01,46.422264099121094,47.063801292942166,45.16592269387522,46.70739098549033,4116874
2023-05-08,47.678611755371094,47.74989518579947,46.279706723534225,46.51137447344539,4336051
2023-05-15,49.36264419555664,49.674500687816064,47.01925424278449,47.92809753320161,4518154
2023-05-22,47.7766227722168,49.43392507149038,46.35098821315399,49.228990316061406,4069744
2023-05-29,48.71219253540039,48.899309820931386,46.021307902869374,48.12411789268464,5636735
2023-06-05,49.73686981201172,50.75263479837331,48.12411805358982,48.99732299170557,5023895
2023-06-12,51.92707061767578,52.564725118066534,49.86625291813506,50.08804655420364,7997026
2023-06-19,49.94942092895508,51.686793103306286,48.92363205753117,51.686793103306286,6027316
2023-06-26,51.5019645690918,51.899342294980315,49.47811327525417,50.13424727835757,4567005
2023-07-03,49.60749053955078,52.084168800153954,48.76652912813409,51.72375727030249,5324959
2023-07-10,53.331748962402344,53.784575975428204,49.256319946329185,49.39494139580177,4728904
2023-07-17,53.932437896728516,54.40374448541704,52.58320367587357,52.88816593319204,3175714
2023-07-24,56.7972526550293,57.42566381210534,53.350234601671346,53.55354513051656,5226477
2023-07-31,56.658634185791016,57.07449149950955,55.318639715781195,56.75104613877513,4454173
2023-08-07,56.37215042114258,57.092973511549644,55.8453945434928,56.187322993392314,4073290
2023-08-14,54.754913330078125,56.797247647881534,54.228157483862574,56.18731964040618,3796559
2023-08-21,53.636714935302734,55.21698254361959,53.28554318058013,54.70870976919655,3850303
2023-08-28,55.67905044555664,56.23352920585283,54.02485042442403,54.02485042442403,6081037
2023-09-04,53.01754379272461,56.09491038144305,52.01023802490478,55.88236007588528,4765568
2023-09-11,52.89740753173828,54.21891530440932,51.492724070783716,53.16540359001586,17133964
2023-09-18,51.871620178222656,53.92319438185098,51.51120863671863,52.90664882759397,5611524
2023-09-25,52.564720153808594,53.21161437885092,51.16003665880781,51.83465376375669,5092399
2023-10-02,50.337562561035156,53.119203380260984,49.35797959340086,52.74955202429179,6443429
2023-10-09,49.17314910888672,51.32638213714785,49.17314910888672,50.02335387303845,4377748
2023-10-16,45.984886169433594,49.82928178641103,45.47661339687283,49.681420552115355,6947090
2023-10-23,47.53742980957031,47.66681147126117,45.16240680480902,46.47467831392625,6794312
2023-10-30,50.152732849121094,50.466938426374995,46.89054224211009,47.851638544336666,4496752
2023-11-06,50.11576843261719,50.87355775895899,48.41536234112799,50.34680184980164,4116721
2023-11-13,53.94167709350586,54.12650451804504,50.161970539103805,50.272869109001256,6087538
2023-11-20,53.81229782104492,54.13574668850163,52.77726920082109,54.10802028396601,3665325
2023-11-27,55.290916442871094,55.762223040212035,53.32251083571536,53.4056830029273,4900339
2023-12-04,57.16690444946289,57.730626503488324,54.75491521517828,55.23546510508045,4044378
2023-12-11,61.55654525756836,62.42523317674631,57.01904900997176,57.065254989115424,8966049
2023-12-18,61.57501983642578,61.57501983642578,59.89309694987874,60.900406250104226,3710037
2023-12-25,61.60274887084961,61.907707598976145,61.15916164267859,61.57501894049283,1389373
2024-01-01,58.93199920654297,61.96315976604064,58.28510499123793,61.60274823152079,4042184
2024-01-08,58.75641632080078,59.772961876578606,57.120699416282335,58.61779486988111,5034118
2024-01-15,57.12070083618164,58.71020827971202,56.621667830813834,58.55310725503514,4383028
2024-01-22,59.67130661010742,60.23502867336706,57.04676703013577,57.90621156505785,4559957
2024-01-29,61.186885833740234,61.54729737972444,59.27392953175488,59.77296253017453,5429239
2024-02-05,62.637779235839844,63.02591368641007,60.22578978495564,61.00206573667649,5093336
2024-02-12,63.88535690307617,64.97583489579975,62.22192055777969,63.016676063522986,5075094
2024-02-19,64.86493682861328,65.13293640706641,62.000117152325096,63.11832496436661,4360152
2024-02-26,63.395565032958984,68.01623314105483,62.01860791090883,65.06825168248407,5661860
2024-03-04,63.349361419677734,64.22728552387282,62.36053874471469,63.76521872154281,4107711
2024-03-11,64.42135620117188,65.0497673681775,62.40674455258739,62.767156113751476,5200753
2024-03-18,65.49335479736328,66.14948884763906,63.487979403613046,64.65238978537442,4759388
2024-03-25,66.4729232788086,66.95346959902464,64.54148058757653,65.42865495664772,3620648
2024-04-01,67.79444122314453,68.97733109891826,65.92768740934304,66.16796411866576,4091275
2024-04-08,66.44520568847656,69.18064023411698,65.92768609024537,67.81291943600694,4708577
2024-04-15,64.92963409423828,67.461758394044,64.11639194643176,66.77790144749976,3884388
2024-04-22,69.53181457519531,69.55030119671255,64.24576891411036,65.53955744768602,5109923
2024-04-29,71.80517578125,72.43358689273275,68.86643073793064,69.69815236350775,4759132
2024-05-06,74.61454772949219,75.09510116810563,71.78670106205652,71.97152496885856,4404659
2024-05-13,75.20598602294922,76.42584203117829,74.26337290091836,74.68847348933066,5092112
2024-05-20,75.50171661376953,75.74199333766076,73.91221265343584,75.20599412689579,3565221
2024-05-27,74.46668243408203,76.48129383570604,74.04158185124496,75.57563986317184,5354718
2024-06-03,73.63496398925781,76.0192303195077,73.04351906167982,75.52019733988007,5375731
2024-06-10,68.62346649169922,74.37530635129417,67.97804496767563,71.3380328508486,8713633
2024-06-17,69.40176391601562,72.04039646142526,68.79430925411258,69.19295001821818,7564681
2024-06-24,68.92719268798828,70.1800688911294,68.75634560385853,69.32583347048066,4561470
2024-07-01,73.40716552734375,74.18547450371837,69.17396270153385,71.4139544736027,4698410
2024-07-08,74.96377563476562,75.1725822885893,70.97734631796682,73.10343760873444,3858762
2024-07-15,73.55903625488281,75.6281810482258,72.93259453476077,74.62208557928793,4119419
2024-07-22,75.55224609375,76.00784072244416,70.50277456275859,73.84378252936655,4414204
2024-07-29,69.93328857421875,76.33054988860968,69.72447466555444,75.45733467185993,5110362
2024-08-05,70.10413360595703,70.86345557132597,66.68719924465869,67.38956735569485,5064988
2024-08-12,72.05937957763672,72.36310692260784,69.23092003536146,70.31294915441053,3156054
2024-08-19,73.76785278320312,73.88174601532305,71.83158818141959,72.19226215218492,2420915
2024-08-26,75.0586929321289,75.19157319205553,73.06548179179866,73.74886288223651,2621049
2024-09-02,71.22412872314453,75.89393920591715,71.05328164492451,74.79293033405659,3487658
2024-09-09,74.8119125366211,75.09666008997966,71.43294492668352,71.4898915407828,3884389
2024-09-16,79.14002990722656,80.37392633064461,74.29937213481091,74.43225239684902,6034643
2024-09-23,78.95020294189453,80.33595941690291,76.78614468663675,78.68444241811636,5541849
2024-09-30,77.48851776123047,78.87427432461041,75.68513335303435,78.17190614677271,4950771
2024-10-07,78.26681518554688,78.72240983074057,76.74817843728655,77.83020757301148,2976215
2024-10-14,80.46884155273438,81.03832943715415,78.07698954159879,78.437663512064,3749801
2024-10-21,77.71630859375,80.48782885915702,77.08987409118929,80.20308129526401,3648646
2024-10-28,80.18409729003906,80.18409729003906,77.65935789658432,78.15291210777397,4824933
2024-11-04,81.72171783447266,82.63289989827034,78.17190301982583,79.97528735588494,5186206
2024-11-11,86.06881713867188,86.50542473629199,81.77866756621661,82.78476301980074,6837200
2024-11-18,83.05052185058594,85.9928817478634,81.62679861886161,85.44237369365325,6882678
2024-11-25,81.94950866699219,84.56916153446255,79.44375626904005,84.09458710694993,6073082
2024-12-02,85.44237518310547,85.44237518310547,79.5576552859667,80.56375073666587,5179082
2024-12-09,84.26543426513672,86.01187192547395,83.75289301399745,85.89797145585487,4194927
2024-12-16,80.92443084716797,84.24645173467073,79.38680714375158,83.90475757835598,6273285
2024-12-23,81.8166275024414,82.06340822962147,80.05121007228973,80.6207051721562,1172277
2024-12-30,79.63359069824219,82.12035607367721,79.50071043733028,81.49392159243986,2196474
2025-01-06,79.78544616699219,82.34815228329333,79.78544616699219,80.39290082239008,4894146
2025-01-13,82.17731475830078,82.42408826224893,78.11495856272414,79.44376124992657,7714475
2025-01-20,85.27153015136719,86.46745974319698,81.96849617203118,82.27222351773369,5226982
2025-01-27,85.97390747070312,86.54339535162482,82.72782003216135,84.4742504991787,5172250
2025-02-03,88.82135772705078,89.56169272648438,81.56986055303362,83.67697231537947,5987703
2025-02-10,91.76371002197266,93.24437989319647,87.7013541506646,88.76439621557155,5206430
2025-02-17,89.63761901855469,93.64302829323059,88.59354949847824,91.93455747986091,4876057
2025-02-24,91.80168151855469,93.0735375513763,87.94813935420294,89.5996563901492,6601700
2025-03-03,100.51486206054688,101.22672367961388,86.96101799214009,91.40303478477541,10461566
2025-03-10,95.19963073730469,100.5148627477234,92.90268506059115,100.23011520157756,8835064
2025-03-17,94.87691497802734,98.09452889172336,94.61115446761707,95.48436964223109,6815466
2025-03-24,91.64981079101562,96.14878156132089,91.08032292835566,96.10132122216962,5556399
2025-03-31,77.62139129638672,90.83354146568,75.66614699518864,90.41592089853238,7533471
2025-04-07,78.1718978881836,83.94272448817077,68.26278182754794,68.8132898845679,10625756
2025-04-14,82.17731475830078,85.84103014771671,79.88037612307198,80.33596354684666,5250680
2025-04-21,89.69456481933594,90.09320559170068,80.35494376800304,82.17730779146835,5660661
2025-04-28,93.83285522460938,94.19352917813536,89.33389173512835,89.71354547929002,4754147
2025-05-05,93.90878295898438,94.47827078081184,91.09930342872913,93.90878295898438,3938650
2025-05-12,96.1487808227539,98.14199194746851,95.0572582035387,95.1521716396811,4525628
2025-05-19,92.63692474365234,96.71826762614003,89.90337870883813,95.67420535709904,5210032
2025-05-26,93.8138656616211,96.48097876341845,93.8138656616211,94.70606786747929,3949977
2025-06-02,96.10132598876953,96.76572732125513,91.74473601983239,93.11150550972152,3444240
2025-06-09,92.94807434082031,97.36261817480879,92.75402382142066,96.24685174563967,4094294
2025-06-16,91.95843505859375,95.49007308135582,90.69713999461896,93.39437929089951,5337332
2025-06-23,98.09029388427734,98.09029388427734,90.61952261859379,91.02701761804475,4653085
2025-06-30,94.11235046386719,98.52690182282282,93.41378337915353,98.42987285929098,3784241
2025-07-07,97.4111328125,98.76945684140891,93.86008602559257,94.3063911175267,4338979
2025-07-14,97.55667114257812,98.89073796256615,94.05413875391882,96.2080514585537,3553027
2025-07-21,99.10903930664062,100.90396411085067,94.92734114504111,97.65369367042643,3629438
2025-07-28,88.27156829833984,101.5346165780174,88.27156829833984,101.38908053220601,5519648
2025-08-04,95.00495910644531,95.23781973236191,89.00893493109714,89.53286023600374,5518258
2025-08-11,96.05281066894531,96.98423097503837,93.60783329073486,95.41245504472913,2836996
2025-08-18,95.23782348632812,97.75071677132989,92.98688176069916,96.16924381989658,3154272
2025-08-25,89.45523834228516,94.92733710964811,88.91191169658882,94.92733710964811,4183390
2025-09-01,88.73727416992188,90.52250200890232,87.47597905327368,89.5910742828347,4273925
2025-09-08,91.1046371459961,92.77343463861,89.26119788317212,89.494051109362,3586593
2025-09-15,90.98820495605469,93.00628594748625,90.28963788961528,91.43451004799755,5418226
2025-09-22,88.58203887939453,92.5405733034764,86.56395786177127,90.87178322587658,4910394
2025-09-29,91.51213073730469,91.74498395991932,87.61180779886,89.0283432900273,4584555
2025-10-06,84.93396759033203,92.75402201414153,84.68170562116293,91.00761178719542,7357159
2025-10-13,86.83561706542969,88.83428923474553,84.77872604107375,85.84598535699016,5619179
2025-10-20,87.68942260742188,88.2521580270062,85.78777187438887,87.53418958955727,5144380
2025-10-27,81.55756378173828,88.44620543598738,81.033638485647,88.17453471032233,6267887
2025-11-03,77.40498352050781,81.84864072383031,76.66760631155081,81.40233560854001,5683812
2025-11-10,80.14102935791016,82.29494202485417,77.85128502748954,79.09317875200163,4752270
2025-11-17,78.8797378540039,80.23805455027254,76.49296445394143,80.08282152881505,4786472
2025-11-24,83.38159942626953,83.8279045031643,78.9185338527813,80.37387939137001,6118252
2025-12-01,84.15778350830078,84.46825694273682,81.11126061968763,82.68303654529726,5684596
2025-12-08,83.73088836669922,85.06980368403694,80.85899980402036,83.80850117472163,3953690
2025-12-15,83.5174331665039,86.7774078463977,83.5174331665039,84.27421168107382,6877305
2025-12-22,83.42041015625,84.3518304196789,82.83826601462046,83.84730648390267,1284273
2025-12-29,84.429443359375,84.66230397731032,83.10993686909282,83.84730661907722,1982052
2026-01-05,82.08148956298828,85.90419967061746,78.10354644204622,85.06980094253322,6426077
2026-01-12,81.4411392211914,84.39064041958407,80.17983678556084,82.64422280136795,5438980
2026-01-19,80.7231674194336,82.25613324887446,78.12294961589907,79.55889388447153,4666665
2026-01-26,80.7425765991211,84.25480597608056,80.21865128494174,80.43210316134119,4642188
2026-02-02,85.71015167236328,86.1564641791587,79.88876915761662,80.04400957776646,5554635
2026-02-09,88.15513610839844,88.58203985977015,85.03099298740496,86.1564638220138,5344291
2026-02-16,87.5535888671875,88.0969229225211,84.48766466484065,88.07751416932858,4661788
2026-02-23,83.67266845703125,87.28192676535514,81.61578472599075,87.28192676535514,5595405
2026-03-02,71.85526275634766,81.40233396754206,71.5641980708194,80.85899989713543,10331711
2026-03-09,69.66254425048828,74.64952781190613,68.5952849105865,69.37147217555682,8003220
2026-03-16,66.05328369140625,70.90443541840841,65.70400017488049,69.66254176065908,8824424
2026-03-23,67.06232452392578,70.72979406623256,63.918772857145576,65.00543351505023,8140360
2026-03-30,68.42064666748047,71.11789348082256,66.2667413307602,67.00411112793475,6002851
2026-04-06,73.73751068115234,75.60035127971021,68.22660169204909,68.42064481188075,7565313
2026-04-13,79.01556396484375,79.69472226519892,72.30156415634411,72.98072985896958,6484484
2026-04-20,75.2316665649414,78.87973496391551,73.69870074700962,76.95867550315319,6343795
2026-04-27,75.32868957519531,76.64820354485806,72.22395517732453,75.05702624066545,3617465
2026-05-04,76.82284545898438,79.77234684353365,72.41799843482484,75.50333148688942,6545234
2026-05-11,72.20454406738281,76.86165291448897,72.04931105369019,76.53177073170264,5374428
2026-05-18,73.0389404296875,73.8345290300303,70.14765809767573,70.43872276476492,6780498
2026-05-25,75.93023681640625,77.28856092197259,74.20322780598411,74.51370125277606,5557809
2026-06-01,74.95999908447266,76.68700792704536,73.56286500856208,75.65856612242794,4774263
2026-06-08,75.76000213623047,77.66000366210938,73.23999786376953,73.77999877929688,6515867
2026-06-15,78.26000213623047,80.68000030517578,77.26000213623047,79.27999877929688,8228005
2026-06-22,80.5999984741211,82.41999816894531,76.72000122070312,78.26000213623047,6425041
2026-06-29,80.23999786376953,80.58000183105469,77.54000091552734,80.30000305175781,4283046
2026-07-06,75.80000305175781,81.04000091552734,74.13999938964844,80.0999984741211,4753264
2026-07-13,75.9800033569336,77.12000274658203,73.66000366210938,75.0,3934155
2026-07-20,74.16000366210938,76.19999694824219,72.22000122070312,75.69999694824219,4397152
2026-07-27,81.27999877929688,83.4800033569336,74.54000091552734,75.16000366210938,5830331
2026-08-03,85.44000244140625,87.18000030517578,81.5,82.05999755859375,5169362
2026-08-10,83.94000244140625,86.22000122070312,83.72000122070312,85.5,3488697
2026-08-17,81.19999694824219,83.54000091552734,79.5,83.5199966430664,4847608
2026-08-24,79.77999877929688,83.13999938964844,79.22000122070312,81.22000122070312,3938780
2026-08-31,75.77999877929688,80.45999908447266,74.62000274658203,80.08000183105469,5329206
2026-09-07,71.5199966430664,75.77999877929688,70.4800033569336,75.77999877929688,5154377
2026-09-14,69.12000274658203,70.9000015258789,68.26000213623047,70.73999786376953,6874338
2026-09-21,69.81999969482422,71.91999816894531,69.23999786376953,69.66000366210938,3906840
