Price,Close,High,Low,Open,Volume
Ticker,STLAP.PA,STLAP.PA,STLAP.PA,STLAP.PA,STLAP.PA
Date,,,,,
2001-09-03,9.298561096191406,11.264183777193553,9.298561096191406,10.326249720413042,57
2001-09-10,9.298561096191406,9.298561096191406,9.298561096191406,9.298561096191406,0
2001-09-17,9.298561096191406,9.298561096191406,9.298561096191406,9.298561096191406,0
2001-09-24,9.298561096191406,9.298561096191406,9.298561096191406,9.298561096191406,0
2001-10-01,9.298561096191406,9.298561096191406,9.298561096191406,9.298561096191406,0
2001-10-08,9.298561096191406,9.298561096191406,9.298561096191406,9.298561096191406,0
2001-10-15,9.298561096191406,9.298561096191406,9.298561096191406,9.298561096191406,0
2001-10-22,6.552075386047363,9.29856185490764,6.552075386047363,9.29856185490764,0
2001-10-29,7.270112991333008,8.706183768753915,6.686708589483401,7.516937670300539,190
2001-11-05,7.359865188598633,8.706181468722066,6.552074969378699,8.706181468722066,46
2001-11-12,7.364353656768799,8.706182023211843,7.359865657342596,8.706182023211843,21
2001-11-19,8.616429328918457,8.710671011524981,8.095852916593051,8.706183011589275,359
2001-11-26,8.463846206665039,8.589502984341884,7.588740371952243,8.589502984341884,571
2001-12-03,7.647080898284912,8.589503138620866,7.404743789439605,7.6381048984085504,25
2001-12-10,6.789925575256348,8.585014988332569,6.758511380823054,8.585014988332569,162
2001-12-17,7.211772441864014,7.629130774035906,6.866217606403112,7.629130774035906,1885
2001-12-24,7.202796459197998,10.770537393865208,7.180357811430822,10.770537393865208,1513
2001-12-31,8.077902793884277,8.077902793884277,6.978410020521549,7.2027960337949075,53
2002-01-07,7.43166971206665,8.25292359344872,7.00982389980629,7.00982389980629,1567
2002-01-14,7.027774333953857,7.85351573911198,6.646318275407192,7.85351573911198,120
2002-01-21,6.623879909515381,6.623879909515381,6.511686681016046,6.511686681016046,218
2002-01-28,6.745048999786377,7.629130477344409,6.72709790073373,7.180357963634152,28
2002-02-04,6.758510589599609,7.674006060533506,6.758510589599609,7.674006060533506,172
2002-02-11,6.574514389038086,7.651567917729689,6.529636651136804,7.651567917729689,0
2002-02-18,6.507199764251709,7.763762779149719,6.507199764251709,7.763762779149719,590
2002-02-25,6.314227104187012,7.157918770187317,6.287300457658988,7.157918770187317,261
2002-03-04,7.427182197570801,7.427182197570801,6.318714755232319,6.94250841712488,215
2002-03-11,6.350128173828125,7.427181288445248,6.350128173828125,6.686707384932453,104
2002-03-18,7.180356502532959,7.288062172640273,6.731584080141555,7.270111528386321,97
2002-03-25,6.736072540283203,7.283574671382912,6.736072540283203,7.283574671382912,432
2002-04-01,6.7091474533081055,7.288063873438111,6.7091474533081055,6.736073651545685,1705
2002-04-08,7.014311790466309,7.288063097609009,6.350128845856917,7.288063097609009,123
2002-04-15,6.350128173828125,6.942507567325907,6.044963154763001,6.498223134989048,511
2002-04-22,6.350128173828125,6.906605826915063,6.350128173828125,6.906605826915063,236
2002-04-29,6.879680156707764,6.879680156707764,6.044964010112688,6.282813130382914,577
2002-05-06,5.663506507873535,7.081627360293978,5.618629668313248,6.852753358150618,105
2002-05-13,5.923794269561768,7.036749553836124,5.6679940922016705,5.6679940922016705,428
2002-05-20,5.923794269561768,7.036749553836124,5.923794269561768,7.036749553836124,23
2002-05-27,5.901356220245361,6.785437608197252,5.901356220245361,6.718122121437574,131
2002-06-03,5.789163112640381,6.516174445309214,5.667994782768553,6.269349785589519,147
2002-06-10,5.7936506271362305,6.282812356756125,5.528874891991227,6.282812356756125,52
2002-06-17,5.7936506271362305,6.2783243571561576,5.7936506271362305,5.7936506271362305,30
2002-06-24,4.743523120880127,6.3635912343777825,4.743523120880127,5.524387211085176,507
2002-07-01,4.958934307098389,6.040475479244831,4.958934307098389,6.040475479244831,26
2002-07-08,5.14293098449707,6.040475969141433,5.138443435520777,6.040475969141433,2
2002-07-15,5.14293098449707,5.14293098449707,5.14293098449707,5.14293098449707,0
2002-07-22,4.487723350524902,6.040476281261335,4.487723350524902,5.142931250239559,149
2002-07-29,6.027011871337891,6.035986967801736,6.027011871337891,6.035986967801736,37
2002-08-05,4.487723350524902,6.027013182490827,4.487723350524902,6.027013182490827,2
2002-08-12,5.834039688110352,5.834039688110352,4.487722420565593,4.487722420565593,0
2002-08-19,4.936495780944824,6.027013078602485,4.936495780944824,5.968672684171909,40
2002-08-26,5.968673229217529,5.968673229217529,5.825066230165629,5.968673229217529,0
2002-09-02,4.851229190826416,5.968672685880919,4.851229190826416,5.968672685880919,347
2002-09-09,4.065876483917236,8.975445396313413,4.04343784110197,4.366553936725094,6
2002-09-16,4.0524139404296875,8.975446618843783,3.9536842595114217,8.975446618843783,529
2002-09-23,3.2805252075195312,8.975445037076627,3.2805252075195312,8.975445037076627,11
2002-09-30,3.3074514865875244,8.975445279208879,3.2895006176841086,8.975445279208879,0
2002-10-07,3.931245803833008,6.049451459943704,3.3254027871352543,3.3254027871352543,49
2002-10-14,3.635056495666504,6.049451792889456,3.635056495666504,3.635056495666504,88
2002-10-21,3.635056495666504,6.044964243709424,3.635056495666504,6.044964243709424,180
2002-10-28,6.049450874328613,6.049450874328613,3.6350559437122656,3.6350559437122656,0
2002-11-04,4.003048896789551,6.049450860222662,3.186283491728312,6.049450860222662,806
2002-11-11,3.5497891902923584,4.402456856420115,3.253599236457592,4.397968856425068,63
2002-11-18,3.096529006958008,6.035987935714789,3.056139487383326,6.035987935714789,57
2002-11-25,2.917019844055176,4.5326001590775755,2.917019844055176,3.47798525941235,326
2002-12-02,4.411432266235352,4.438358009627261,3.7696877624399474,4.438358009627261,1328
2002-12-09,3.7921249866485596,4.1735818908306905,3.7741743441980904,4.1735818908306905,2012
2002-12-16,3.0740907192230225,3.7741751779338077,3.0740907192230225,3.7741751779338077,795
2002-12-23,3.39271879196167,3.39271879196167,3.0740906519525497,3.0740906519525497,451
2002-12-30,3.1010165214538574,3.1010165214538574,3.056139008809239,3.056139008809239,25
2003-01-06,4.258849620819092,4.53260046034316,3.9940734273021294,4.038951168796975,999
2003-01-13,4.4697723388671875,4.48323588768824,4.2812880691239465,4.48323588768824,674
2003-01-20,3.2087221145629883,4.3979684726956885,3.2087221145629883,4.043438159026282,1140
2003-01-27,4.196021556854248,4.258849948637214,4.196021556854248,4.258849948637214,1398
2003-02-03,4.038951396942139,4.196021470889702,3.6799330538712356,4.196021470889702,542
2003-02-10,3.899831533432007,3.899831533432007,3.6844210681295895,3.6844210681295895,315
2003-02-17,3.298476457595825,3.5901783851251903,3.298476457595825,3.5901783851251903,322
2003-02-24,3.9043192863464355,3.9043192863464355,3.298476545124555,3.298476545124555,1748
2003-03-03,2.917019844055176,3.9043190382442288,2.917019844055176,3.9043190382442288,146
2003-03-10,2.827265501022339,3.1997464753112026,2.827265501022339,2.912532308891068,353
2003-03-17,2.8721425533294678,2.8721425533294678,2.5445388973153573,2.5445388973153573,126
2003-03-24,2.55800199508667,2.8721428086326357,2.55800199508667,2.8721428086326357,246
2003-03-31,4.236411094665527,4.236411094665527,2.5580020125870377,2.5580020125870377,8
2003-04-07,2.8721425533294678,4.236410689110247,2.602879280593841,4.236410689110247,1058
2003-04-14,2.782388210296631,2.872142559545094,2.782388210296631,2.872142559545094,105
2003-04-21,3.258087396621704,3.258087396621704,2.782388698248452,2.782388698248452,1096
2003-04-28,2.961897134780884,3.0516519420233763,2.8990689727268104,3.0516519420233763,583
2003-05-05,3.271550178527832,3.271550178527832,2.9618969375067095,2.9618969375067095,100
2003-05-12,3.1414060592651367,3.2535990603047233,3.1414060592651367,3.2535990603047233,213
2003-05-19,2.961897134780884,2.961897134780884,2.961897134780884,2.961897134780884,811
2003-05-26,2.9663848876953125,2.9663848876953125,2.9618971135294423,2.9618971135294423,211
2003-06-02,2.6971216201782227,3.3568167590516778,2.6971216201782227,2.9663849145462082,561
2003-06-09,3.231160879135132,3.231160879135132,2.6971219911517026,2.6971219911517026,1090
2003-06-16,3.7876389026641846,3.7876389026641846,3.2311607172894123,3.2311607172894123,1206
2003-06-23,3.7876389026641846,3.7876389026641846,3.7876389026641846,3.7876389026641846,0
2003-06-30,2.827265501022339,3.787638581954348,2.827265501022339,3.787638581954348,905
2003-07-07,2.4278581142425537,2.8272652467830235,2.4278581142425537,2.8272652467830235,895
2003-07-14,3.1414060592651367,3.1414060592651367,2.427858310988722,2.427858310988722,989
2003-07-21,2.768925189971924,3.1055046565970823,2.768925189971924,3.1055046565970823,642
2003-07-28,2.804826498031616,2.804826498031616,2.4009315743488306,2.7689249826869435,5068
2003-08-04,3.0830657482147217,3.0830657482147217,2.8003391466182848,2.8003391466182848,2433
2003-08-11,3.047163724899292,3.047163724899292,2.917019861449156,3.0292128549604094,2213
2003-08-18,2.804826498031616,3.042676264723036,2.804826498031616,3.042676264723036,932
2003-08-25,2.917019844055176,3.051651706153422,2.818289721620615,2.818289721620615,1145
2003-09-01,2.9933109283447266,3.0381884421335985,2.9933109283447266,3.0381884421335985,893
2003-09-08,2.9977996349334717,3.0022869587821526,2.7375116176901426,2.9170205873209554,1463
2003-09-15,3.047163724899292,3.047163724899292,2.8317530600597505,2.8317530600597505,2371
2003-09-22,3.1414060592651367,3.150381607623328,3.1414060592651367,3.150381607623328,2398
2003-09-29,3.006774425506592,3.1414060724330275,3.006774425506592,3.1414060724330275,28
2003-10-06,3.1369190216064453,3.1369190216064453,3.1369190216064453,3.1369190216064453,673
2003-10-13,3.1369190216064453,3.1369190216064453,3.1369190216064453,3.1369190216064453,0
2003-10-20,3.051651954650879,3.136918762475161,3.051651954650879,3.051651954650879,48
2003-10-27,2.917019844055176,3.0067741932143894,2.917019844055176,3.0067741932143894,152
2003-11-03,3.0740907192230225,3.0740907192230225,2.9170201945679457,2.9259957433488557,278
2003-11-10,2.8945815563201904,3.13691889278278,2.8945815563201904,2.8945815563201904,959
2003-11-17,2.8945815563201904,2.8945815563201904,2.8945815563201904,2.8945815563201904,23
2003-11-24,2.8721425533294678,3.1414058260650943,2.8721425533294678,2.894581196986262,390
2003-12-01,2.629805564880371,2.917020193295484,2.629805564880371,2.917020193295484,1248
2003-12-08,2.827265501022339,3.14140608718338,2.827265501022339,3.14140608718338,571
2003-12-15,2.8721425533294678,3.1414058260650943,2.8721425533294678,2.917019840643056,3204
2003-12-22,2.809314250946045,2.957409201194276,2.791363382063371,2.957409201194276,2828
2003-12-29,2.804826498031616,3.051651812738923,2.804826498031616,3.051651812738923,1896
2004-01-05,2.8900935649871826,2.8900935649871826,2.6432689045293407,2.8272656254483355,1196
2004-01-12,2.692633867263794,3.051652227531075,2.692633867263794,2.8900936947232116,560
2004-01-19,2.8497042655944824,2.8945815585131456,2.692633740379161,2.872142912053814,1012
2004-01-26,2.733022928237915,2.8945812083136486,2.733022928237915,2.8497039208244423,2273
2004-02-02,3.1324310302734375,3.1324310302734375,2.733023376759503,2.733023376759503,158
2004-02-09,2.7554619312286377,2.867654939005979,2.6567322467971235,2.6567322467971235,1652
2004-02-16,3.047163724899292,3.047163724899292,2.625317942976126,2.6926334232807454,1201
2004-02-23,3.0875535011291504,3.0965288240751114,2.809314655063851,3.0471639839398983,194
2004-03-01,3.1414060592651367,3.1414060592651367,2.872142766540941,2.872142766540941,241
2004-03-08,2.692633867263794,3.0920415223735573,2.692633867263794,2.9394592155205386,2713
2004-03-15,2.6387810707092285,3.0920413139647906,2.6387810707092285,2.6926336857757707,5337
2004-03-22,2.486198663711548,2.908044957441955,2.486198663711548,2.6208303203996235,1538
2004-03-29,2.8317532539367676,2.908044738366532,2.2483491514747813,2.908044738366532,1422
2004-04-05,2.6836583614349365,2.6836583614349365,2.6836583614349365,2.6836583614349365,605
2004-04-12,2.602879524230957,2.7285358502416215,2.602879524230957,2.683658333154417,446
2004-04-19,2.55800199508667,2.8227779686580363,2.55800199508667,2.8227779686580363,0
2004-04-26,2.55800199508667,2.55800199508667,2.55800199508667,2.55800199508667,110
2004-05-03,2.836240768432617,2.836240768432617,2.55800193031765,2.836240768432617,87
2004-05-10,2.8182899951934814,2.8362408667678243,2.2483492023824136,2.8362408667678243,10
2004-05-17,2.1316680908203125,2.854191819349757,2.1316680908203125,2.827265400565585,52
2004-05-24,2.526587963104248,2.827265446368978,2.1316681253546124,2.1316681253546124,161
2004-05-31,2.840728521347046,2.840728521347046,2.5265879436743903,2.5265879436743903,133
2004-06-07,2.526587963104248,3.0067743815013706,2.526587963104248,2.9977990588098815,3541
2004-06-14,2.55800199508667,2.854191937226148,2.1137175330233937,2.5265880265185583,1357
2004-06-21,2.975360155105591,2.975360155105591,2.692633341798246,2.7599494967846487,1815
2004-06-28,2.827265501022339,3.0965287961395256,2.827265501022339,3.0067744396247864,688
2004-07-05,2.854191780090332,3.1189672879387014,2.854191780090332,3.074090450252604,2706
2004-07-12,2.7734131813049316,3.0067745140169686,2.7734131813049316,2.8541919913803033,210
2004-07-19,2.854191780090332,2.854191780090332,2.77341297599485,2.77341297599485,789
2004-07-26,2.8900935649871826,2.917020211486081,2.800339430095395,2.854192046374255,1818
2004-08-02,2.917019844055176,2.9618969058483073,2.917019844055176,2.9618969058483073,499
2004-08-09,2.719560384750366,3.1189675695892856,2.719560384750366,2.9170202027547902,20
2004-08-16,2.719560384750366,2.9170202027547902,2.719560384750366,2.719560384750366,0
2004-08-23,2.719560384750366,2.9170202027547902,2.719560384750366,2.719560384750366,105
2004-08-30,2.4727349281311035,2.9170197948776555,2.4727349281311035,2.9170197948776555,685
2004-09-06,2.8497042655944824,2.8497042655944824,2.625318252147123,2.8497042655944824,158
2004-09-13,2.7599499225616455,2.8497042833863673,2.7599499225616455,2.8497042833863673,16
2004-09-20,2.8497042655944824,2.8497042655944824,2.759949905330134,2.759949905330134,184
2004-09-27,2.7599499225616455,2.8497042833863673,2.7599499225616455,2.8497042833863673,631
2004-10-04,2.51312518119812,3.0067744883958207,2.51312518119812,3.0067744883958207,65
2004-10-11,2.51312518119812,2.993311165520503,2.51312518119812,2.51312518119812,328
2004-10-18,2.51312518119812,2.993311165520503,2.51312518119812,2.993311165520503,49
2004-10-25,2.4727349281311035,2.580440370879323,2.3336157456729456,2.513124892110961,426
2004-11-01,2.4727349281311035,2.7150722307078348,2.4727349281311035,2.6926333618301364,917
2004-11-08,2.51312518119812,2.827265546881669,2.472735212572166,2.827265546881669,53
2004-11-15,2.55800199508667,2.8138026457412777,2.5131251549299054,2.5131251549299054,1770
2004-11-22,2.51312518119812,2.804826675422806,2.51312518119812,2.51312518119812,1230
2004-11-29,2.55800199508667,2.7913637745169546,2.284251149744485,2.5400513492531522,1046
2004-12-06,2.540051221847534,2.5669771892472397,2.5355632222548112,2.5355632222548112,1369
2004-12-13,2.5355634689331055,2.540051468962454,2.5355634689331055,2.540051468962454,576
2004-12-20,2.540051221847534,2.5669771892472397,2.5355632222548112,2.5355632222548112,322
2004-12-27,2.692633867263794,2.692633867263794,2.3784937043218792,2.540051560410775,770
2005-01-03,2.2842514514923096,2.5804409816122513,2.2842514514923096,2.468247964107849,443
2005-01-10,2.737511396408081,2.831753535813778,2.311177543406991,2.378493711740045,1210
2005-01-17,2.5804407596588135,2.7375112864569484,2.5804407596588135,2.5804407596588135,100
2005-01-24,2.51312518119812,2.7150725430251894,2.51312518119812,2.5804406677098464,1565
2005-01-31,2.51312518119812,2.692633671566326,2.51312518119812,2.6836583485557535,0
2005-02-07,2.51312518119812,2.6028795391687094,2.51312518119812,2.5580020218239556,750
2005-02-14,2.6253178119659424,2.7150721571813796,2.6253178119659424,2.6926332889113445,1809
2005-02-21,2.51312518119812,2.656732153951063,2.51312518119812,2.6253181850546,2289
2005-02-28,2.6253178119659424,2.831752918747918,2.6253178119659424,2.831752918747918,1670
2005-03-07,2.692633867263794,2.8227782033190745,2.692633867263794,2.8227782033190745,898
2005-03-14,2.495173931121826,2.8182900803715927,2.49068660784532,2.49068660784532,190
2005-03-21,2.5355634689331055,2.5355634689331055,2.49517394997176,2.49517394997176,580
2005-03-28,2.6881463527679443,2.6926336759210288,2.535563380038744,2.535563380038744,96
2005-04-04,2.4772231578826904,2.688146289221259,2.4772231578826904,2.688146289221259,1180
2005-04-11,2.378493309020996,2.6791707748560616,2.378493309020996,2.4772229807690396,7543
2005-04-18,2.113717794418335,2.2214232617497336,2.113717794418335,2.1630826404976853,2178
2005-04-25,2.2214229106903076,2.2214229106903076,2.1137174603799878,2.1137174603799878,1267
2005-05-02,2.5355634689331055,2.5355634689331055,2.2214230917280555,2.2214230917280555,7164
2005-05-09,2.468247890472412,2.5355636087376183,2.468247890472412,2.5355636087376183,3487
2005-05-16,2.468247890472412,2.468247890472412,2.468247890472412,2.468247890472412,0
2005-05-23,2.4208595752716064,2.5773413990634695,2.4208595752716064,2.5313171563376535,681
2005-05-30,2.4208595752716064,2.4208595752716064,2.4208595752716064,2.4208595752716064,0
2005-06-06,2.7568345069885254,2.761436491288857,2.6003526978914806,2.669388939828738,2573
2005-06-13,2.7752437591552734,2.7752437591552734,2.485292846137945,2.733822431489659,1162
2005-06-20,2.8074610233306885,2.8442803716373604,2.775244122479462,2.775244122479462,510
2005-06-27,2.7154130935668945,2.8074608813357806,2.6970030733393577,2.8074608813357806,651
2005-07-04,2.669389009475708,2.669389009475708,2.669389009475708,2.669389009475708,41
2005-07-11,2.9593403339385986,3.014569243789637,2.7614369330864643,2.9225209835922716,9640
2005-07-18,3.106616258621216,3.217074058719498,2.9593398087218086,2.9593398087218086,913
2005-07-25,3.240086078643799,3.313724314490468,3.1066167183374866,3.1066167183374866,4300
2005-08-01,3.267700672149658,3.313724221253534,3.129628868153576,3.244688434923938,15140
2005-08-08,3.175652503967285,3.3045196479286325,3.175652503967285,3.3045196479286325,5652
2005-08-15,3.244688034057617,3.244688034057617,3.1066162471196708,3.175652024920213,2259
2005-08-22,3.727940559387207,3.727940559387207,3.304519763468944,3.304519763468944,8734
2005-08-29,3.3229289054870605,3.7187344750473366,3.3229289054870605,3.3367357833122124,2717
2005-09-05,3.451796054840088,3.451796054840088,3.322929375966477,3.451796054840088,500
2005-09-12,3.359747886657715,3.5898679218217597,3.359747886657715,3.451795669386466,4628
2005-09-19,3.290712356567383,3.585265494228209,3.290712356567383,3.359747904815975,1140
2005-09-26,3.553048849105835,3.553048849105835,3.3459410329568975,3.3689530382331,2654
2005-10-03,3.4287848472595215,3.543844657622637,3.4287848472595215,3.4287848472595215,8154
2005-10-10,3.244688034057617,3.543843842316173,3.244688034057617,3.4011693771648317,1685
2005-10-17,3.3137242794036865,3.3597482919889865,3.1066166854436275,3.244688491862632,1767
2005-10-24,3.106616258621216,3.3137238241264733,3.106616258621216,3.106616258621216,1021
2005-10-31,3.267700672149658,3.313724221253534,2.973147043040027,3.1066166309278564,736
2005-11-07,3.3137242794036865,3.3137242794036865,2.973147095213637,3.249290708051646,681
2005-11-14,2.991556406021118,3.3597477537025693,2.991556406021118,3.3137237484910664,491
2005-11-21,3.2216763496398926,3.3597481502333237,3.2216763496398926,3.3045194762633283,1939
2005-11-28,3.1204235553741455,3.3137237774775006,3.1204235553741455,3.2216759975861744,5812
2005-12-05,3.451796054840088,3.4978202983491786,3.382760499255577,3.382760499255577,5418
2005-12-12,3.451796054840088,3.5668563166074754,3.451796054840088,3.5668563166074754,3619
2005-12-19,3.249290704727173,3.5668563449734494,3.249290704727173,3.5208323324352384,2046
2005-12-26,3.4241816997528076,3.4563985995581326,3.2492905528187457,3.2492905528187457,16776
2006-01-02,3.451796054840088,3.6496994459826744,3.4471940700292754,3.451796054840088,46678
2006-01-09,3.704927682876587,3.704927682876587,3.461001002469672,3.4978198839739685,27370
2006-01-16,3.8844215869903564,3.8844215869903564,3.829192681782631,3.8383973450926625,3765
2006-01-23,3.77396297454834,3.8798180838075695,3.631288988536692,3.695722543361303,16186
2006-01-30,3.77396297454834,3.861408529762943,3.7463487591498175,3.861408529762943,24030
2006-02-06,3.806180477142334,3.819987819228708,3.7555542501696237,3.819987819228708,20775
2006-02-13,4.119143009185791,4.119143009185791,3.8061800904133833,3.8061800904133833,8748
2006-02-20,4.114541053771973,4.123745485469182,4.0040837093416615,4.013288603712627,9347
2006-02-27,4.188179969787598,4.266420890752969,4.183577753184742,4.183577753184742,33471
2006-03-06,4.123745918273926,4.234203736971013,4.119143701942299,4.234203736971013,14827
2006-03-13,4.266419887542725,4.271022565737134,4.142155441746965,4.142155441746965,13548
2006-03-20,4.588587760925293,4.666828205845006,4.266420161592573,4.266420161592573,27085
2006-03-27,4.722056865692139,4.722056865692139,4.560972842989211,4.685237753037644,17108
2006-04-03,4.924562931060791,4.979791839391743,4.809502898152054,4.809502898152054,17560
2006-04-10,4.712852954864502,4.878539690379174,4.648419609948094,4.809503203576026,15123
2006-04-17,5.062633991241455,5.062633991241455,4.712852174637045,4.712852174637045,13355
2006-04-24,5.154682636260986,5.38480222330569,5.13167063128914,5.13167063128914,22458
2006-05-01,5.288152694702148,5.288152694702148,5.15468332562023,5.15468332562023,21494
2006-05-08,5.315766334533691,5.449235214642741,5.31116365622645,5.324970765800706,29023
2006-05-15,4.606997013092041,5.278946883916583,4.606997013092041,5.278946883916583,60461
2006-05-22,4.726660251617432,4.832514927176515,4.330853921642729,4.37227571875176,16523
2006-05-29,4.823309898376465,4.855526796292596,4.694442769385683,4.772683212315762,5439
2006-06-05,4.694443225860596,4.832514799675628,4.593190306567372,4.832514799675628,11546
2006-06-12,4.533359050750732,4.717455094020164,4.533359050750732,4.717455094020164,28593
2006-06-19,4.786490440368652,4.827912233380664,4.735864215730641,4.740466894217393,7639
2006-06-26,4.809502601623535,4.832514606786484,4.717455043645508,4.791093275097436,3842
2006-07-03,4.717454433441162,4.809501979512808,4.648418426882147,4.78648997732647,3891
2006-07-10,4.606997013092041,5.039621949152211,4.606997013092041,4.772683257258435,11902
2006-07-17,4.961381435394287,4.961381435394287,4.501141823359179,4.620804520387722,14848
2006-07-24,5.108658313751221,5.108658313751221,4.924562285240103,4.924562285240103,14755
2006-07-31,5.016610622406006,5.108658642586533,4.924562602225479,5.062634169822505,3609
2006-08-07,5.025815486907959,5.067236818137267,4.94297189910182,4.97058658259512,8524
2006-08-14,5.177693843841553,5.177693843841553,5.0626338264204955,5.0626338264204955,12201
2006-08-21,5.154682636260986,5.2651399825215925,5.108658626317292,5.113260842242156,7013
2006-08-28,5.154682636260986,5.260537766596729,5.071839048223327,5.13167063128914,4248
2006-09-04,5.338778018951416,5.375597133030857,5.24673000241594,5.24673000241594,10064
2006-09-11,5.527475357055664,5.591909143083686,5.113259813567205,5.113259813567205,21633
2006-09-18,5.430826187133789,5.596512436454664,5.430826187133789,5.578102647564006,3954
2006-09-25,5.752992630004883,5.752992630004883,5.518270857533388,5.518270857533388,11360
2006-10-02,5.891064643859863,5.9140766458493665,5.799017098575554,5.8450411025545606,9998
2006-10-09,5.9140777587890625,5.937089765109076,5.845042202502812,5.891065752469049,13157
2006-10-16,6.273064613342285,6.581425110612796,5.891065422369719,5.91407742740028,29048
2006-10-23,6.286871433258057,6.5215937059259055,6.286871433258057,6.351305234177039,11968
2006-10-30,6.540003776550293,6.540003776550293,6.286871258641441,6.286871258641441,26718
2006-11-06,6.857569694519043,7.041665298565261,6.673473627798994,6.673473627798994,38682
2006-11-13,6.696483612060547,6.9956396300577595,6.696483612060547,6.926603163230865,31129
2006-11-20,6.019932270050049,6.765520364563171,6.019932270050049,6.604436799728241,16694
2006-11-27,6.443353176116943,6.563015418983411,6.342100259944056,6.521593624243756,10942
2006-12-04,6.443353176116943,6.512389192233853,6.342100259944056,6.443353176116943,5148
2006-12-11,6.696483612060547,6.696483612060547,6.443352059505827,6.484773847067226,10423
2006-12-18,6.581424713134766,6.811544286868792,6.581424713134766,6.811544286868792,13758
2006-12-25,6.632051467895508,6.673472800166217,6.581425240895605,6.581425240895605,5033
2007-01-01,6.673473834991455,6.719497853100383,6.627449816882527,6.632052496297727,5999
2007-01-08,6.696483612060547,6.76551961621375,6.581424067812233,6.673471610676145,5506
2007-01-15,7.041663646697998,7.064675649639738,6.88058008877954,6.89438719800984,15098
2007-01-22,7.432868480682373,7.478892028746421,7.271784443100006,7.271784443100006,10219
2007-01-29,7.870095729827881,7.980553541685474,7.6169636684385225,7.6169636684385225,12852
2007-02-05,7.893106937408447,7.939130015871867,7.773444712569788,7.805660682424701,8643
2007-02-12,8.311924934387207,8.334936474200422,7.84708313189446,7.865491993606061,23791
2007-02-19,8.399371147155762,8.551250286963763,8.399371147155762,8.468406699183252,17181
2007-02-26,7.920722007751465,8.583466993732408,7.824071311734452,8.583466993732408,14468
2007-03-05,8.30732250213623,8.30732250213623,7.377638869637262,7.377638869637262,20893
2007-03-12,8.394768714904785,8.394768714904785,8.031180229760952,8.376358925374735,9112
2007-03-19,8.744549751281738,8.744549751281738,8.270502597442045,8.39016482407873,8585
2007-03-26,8.744549751281738,8.81358529536159,8.58806795090419,8.81358529536159,5214
2007-04-02,8.822793006896973,8.974673111044408,8.753757437146103,8.753757437146103,3448
2007-04-09,8.859610557556152,8.974671047819545,8.196865538917997,8.822790978588456,4943
2007-04-16,9.434908866882324,9.434908866882324,9.02069375287565,9.02069375287565,7783
2007-04-23,10.033221244812012,10.116064833113498,9.526958059166644,9.526958059166644,12891
2007-04-30,10.033221244812012,10.102256797273641,9.66963184270319,10.079245254902276,6629
2007-05-07,9.425705909729004,9.895149532235116,9.425705909729004,9.895149532235116,7501
2007-05-14,9.8031005859375,9.8031005859375,9.43490945341447,9.7018481401621,5959
2007-05-21,9.480934143066406,9.780089748945057,9.44411456449017,9.766282638315854,2785
2007-05-28,9.8261137008667,9.8261137008667,9.379681634041697,9.38428431267315,4215
2007-06-04,9.204791069030762,9.87674058480775,9.204791069030762,9.87674058480775,7115
2007-06-11,9.8031005859375,9.8031005859375,9.204789417245406,9.204789417245406,4915
2007-06-18,10.051630973815918,10.051630973815918,9.444114414395976,9.895149155375167,7243
2007-06-25,10.171293258666992,10.185100369137036,9.572982053806733,9.826113646220879,4629
2007-07-02,10.677556037902832,10.677556037902832,10.217316880572945,10.217316880572945,11352
2007-07-09,10.861652374267578,11.04574841247911,10.728183024168473,10.861652374267578,14881
2007-07-16,10.769601821899414,10.815625820626375,10.723577823172453,10.75119203733917,5917
2007-07-23,9.678836822509766,10.861652077546113,9.572981695964666,10.677556044363765,12624
2007-07-30,9.549968719482422,10.576303031818576,9.20939181654891,9.895148300604108,9274
2007-08-06,8.744549751281738,9.513148868311264,8.744549751281738,9.278428018439774,4019
2007-08-13,8.542045593261719,9.273826123708377,8.542045593261719,8.896429625050715,5309
2007-08-20,8.882623672485352,9.200189094150142,8.560455571777593,8.560455571777593,7308
2007-08-27,8.97467041015625,9.158765515871865,8.611081026410876,9.158765515871865,5206
2007-09-03,8.873417854309082,9.342861432272132,8.873417854309082,8.997681840938874,5386
2007-09-10,8.795177459716797,8.795177459716797,8.629490283904406,8.795177459716797,20833
2007-09-17,9.204791069030762,9.204791069030762,8.514431761987145,8.657106487618963,3314
2007-09-24,9.669631004333496,9.895148356618877,9.204789190467501,9.480933227067032,6990
2007-10-01,10.129871368408203,10.129871368408203,9.619005533157699,9.619005533157699,4695
2007-10-08,10.355387687683105,10.56249618171474,10.17129258515688,10.17129258515688,2797
2007-10-15,10.498062133789062,10.498062133789062,10.189702127347678,10.401412369228755,10108
2007-10-22,10.240327835083008,10.562495874491306,10.129870961849544,10.263340300571606,9442
2007-10-29,10.286351203918457,10.332375206699018,9.572980548840826,10.171291659640744,4391
2007-11-05,9.089729309082031,9.89514799867449,8.845802178110944,9.503944423650172,4355
2007-11-12,8.859610557556152,9.250814188687077,8.859610557556152,9.250814188687077,1891
2007-11-19,8.555852890014648,9.066718801802638,7.271785017330034,9.066718801802638,11034
2007-11-26,8.629490852355957,8.74455134728576,8.00816806619488,8.551250863234698,1664
2007-12-03,8.100214958190918,8.721537657383793,8.095612279940651,8.721537657383793,1953
2007-12-10,7.91611909866333,8.284311158081264,7.870095091236088,8.284311158081264,1072
2007-12-17,7.8470845222473145,8.008168105523017,7.8470845222473145,7.870096066137733,1352
2007-12-24,7.593952655792236,7.865493600329047,7.593952655792236,7.847084734856976,5163
2007-12-31,7.363831520080566,8.1278294005961,7.363831520080566,7.603156452792762,2257
2008-01-07,7.570939540863037,7.570939540863037,7.133711930943403,7.133711930943403,5831
2008-01-14,7.465085029602051,7.91611978636345,7.465085029602051,7.662987723523181,3326
2008-01-21,7.133711338043213,7.22115713036355,6.452557099445,6.995639789268194,3702
2008-01-28,7.041663646697998,7.4098552310921155,6.9542183131236195,7.041663646697998,1634
2008-02-04,6.811544418334961,7.340819586940615,6.806942202587475,7.041663996510409,1777
2008-02-11,6.673473834991455,6.949617480971176,6.420342198066198,6.438751527705461,1361
2008-02-18,6.484774589538574,7.133711992461619,6.484774589538574,6.949615960308418,1297
2008-02-25,6.599834442138672,6.696484678272293,6.443353085414057,6.493979311450952,3386
2008-03-03,5.881860733032227,6.581425340229064,5.881860733032227,6.581425340229064,2949
2008-03-10,5.752992630004883,5.881859748568398,5.47684906889661,5.881859748568398,2702
2008-03-17,5.992318153381348,5.992318153381348,5.3387780633564255,5.3387780633564255,1093
2008-03-24,6.558412551879883,6.558412551879883,5.99231783112986,5.99231783112986,1814
2008-03-31,6.673473834991455,6.857569907427166,6.443354207120662,6.673473834991455,435
2008-04-07,6.673473834991455,7.041665517189031,6.673473834991455,6.834557898372702,115
2008-04-14,6.029138088226318,6.995640939221336,5.757596236004594,6.673472859549219,763
2008-04-21,6.532717227935791,6.588711644133831,6.066094434771612,6.416061412372077,1538
2008-04-28,6.9993391036987305,6.9993391036987305,6.68670191328506,6.68670191328506,619
2008-05-05,6.537383079528809,7.1859886443304894,6.537383079528809,7.050668183734129,1068
2008-05-12,7.10199499130249,7.181321019909055,6.76602670158855,7.181321019909055,3079
2008-05-19,6.565381050109863,7.279313620234294,6.565381050109863,7.279313620234294,1343
2008-05-26,6.579378604888916,7.069332994498258,6.574713029333825,7.069332994498258,1474
2008-06-02,6.103424072265625,6.486054763913014,6.103424072265625,6.486054763913014,2528
2008-06-09,5.646133899688721,6.0660938575771555,5.646133899688721,6.0660938575771555,1139
2008-06-16,5.384825229644775,6.999339073605026,5.384825229644775,5.972769374082332,2935
2008-06-23,4.946200370788574,5.487482217046632,4.806213395251764,5.389491990897802,5309
2008-06-30,4.80621337890625,4.8902054701245525,4.64756128620116,4.680225007533464,2105
2008-07-07,4.526238918304443,5.132848136971375,4.526238918304443,5.0861862863044385,929
2008-07-14,4.80621337890625,5.039524534916793,4.246265947754013,4.479577572855224,1557
2008-07-21,4.717555522918701,5.599471829437093,4.572902025313006,5.034858319896172,2351
2008-07-28,5.268170356750488,5.296167567903258,4.610232611025286,5.296167567903258,211
2008-08-04,5.2261738777160645,5.319498059428705,4.84820922959892,5.268169689123152,0
2008-08-11,5.2728352546691895,5.599471033695378,5.2728352546691895,5.599471033695378,0
2008-08-18,4.80621337890625,5.599471496978362,4.787548261261887,5.599471496978362,188
2008-08-25,4.852875709533691,5.506147854628089,4.670892905607982,5.506147854628089,1137
2008-09-01,4.904203414916992,5.506147102927001,4.899537370231823,5.506147102927001,0
2008-09-08,4.913536548614502,5.366160249207903,4.904203520861245,5.314831411108946,904
2008-09-15,4.7782158851623535,4.908870306397223,4.675559141464682,4.904203792262347,1569
2008-09-22,4.899536609649658,5.361493256304698,4.670891542847843,5.361493256304698,3262
2008-09-29,4.0129547119140625,4.899537462389934,4.0129547119140625,4.670892355793569,1429
2008-10-06,3.261692762374878,3.8729681463550345,3.079709491669005,3.8729681463550345,2300
2008-10-13,3.5463318824768066,3.872967676724093,3.4763386320211453,3.4763386320211453,2651
2008-10-20,2.986384868621826,3.9102974198234275,2.8510644050435996,3.5463320754656693,3225
2008-10-27,2.664415121078491,2.935056260939658,2.627085122665146,2.799735339191096,1990
2008-11-03,2.9443886280059814,3.05637839035035,2.9443886280059814,2.958387465571689,5132
2008-11-10,2.379775285720825,3.0050494541473585,2.379775285720825,3.0050494541473585,2223
2008-11-17,2.309781789779663,2.7157433637630217,2.207124592011821,2.7157433637630217,2914
2008-11-24,2.6270854473114014,2.73440847305826,2.3564442740053217,2.3564442740053217,12445
2008-12-01,2.3751091957092285,2.7810708047097594,2.3751091957092285,2.6597487153951995,3206
2008-12-08,2.449768304824829,2.8463975214847355,2.337778793404339,2.3751087869080276,3607
2008-12-15,2.2537872791290283,2.449768659290515,2.2537872791290283,2.449768659290515,10444
2008-12-22,2.1791274547576904,2.2351223342724844,2.0998016490812663,2.0998016490812663,1423
2008-12-29,2.2071244716644287,2.426437222871406,2.099801469932405,2.1697949460816033,3603
2009-01-05,2.5897552967071533,2.613086455088606,2.2771181496681554,2.309781630675014,12310
2009-01-12,2.2491207122802734,2.678413930459484,2.2164569933279643,2.6130867271001823,6092
2009-01-19,1.7031725645065308,2.2351225683298845,1.6331789577834528,2.197792566562463,17230
2009-01-26,1.9271512031555176,1.9598148047344117,1.6938400648645369,1.726503666443431,9900
2009-02-02,2.137131929397583,2.328447050298483,1.7078386563786403,1.8898219215812204,12925
2009-02-09,2.08113694190979,2.263119729227238,2.039140896025353,2.179127637458364,49060
2009-02-16,1.7498342990875244,2.001810662381442,1.7498342990875244,2.001810662381442,7922
2009-02-23,1.8664904832839966,1.8664904832839966,1.5725181726508903,1.796496880535961,11786
2009-03-02,1.8571579456329346,2.0998015081552244,1.684507508715989,1.8664902685621938,31725
2009-03-09,2.029808759689331,2.137132024061602,1.6798415218746439,1.6798415218746439,19973
2009-03-16,2.151130199432373,2.2164571735583984,1.9831462501214476,2.2164571735583984,42370
2009-03-23,2.435770034790039,2.5057630491651,2.1931258649574814,2.1931258649574814,10493
2009-03-30,3.1963651180267334,3.215029765654375,2.225789603215399,2.5617579514193785,31486
2009-04-06,3.1870319843292236,3.3970124295018067,2.921057363595102,3.2663580241014363,67484
2009-04-13,3.5463318824768066,3.7003174556608465,3.103040279894543,3.1870321335322718,129302
2009-04-20,3.6863183975219727,3.6863183975219727,3.3130205368061585,3.6816523531038245,155148
2009-04-27,3.541666030883789,3.821639517062226,3.4530076586243044,3.499669515411814,69266
2009-05-04,3.5463318824768066,4.1436090582431095,3.266358177018186,3.984957440361931,91320
2009-05-11,3.4063451290130615,3.616325597364286,3.266358384657585,3.546332107913878,7928
2009-05-18,3.6256580352783203,3.826305468755332,3.3130208347869163,3.383013852807581,48508
2009-05-25,3.4996695518493652,3.8263056018521664,3.4996695518493652,3.667653973668906,16732
2009-06-01,3.592993974685669,3.8729674275892205,3.5043356129632435,3.546331654353307,36820
2009-06-08,3.662987232208252,3.8776334842335074,3.215029612329595,3.555663988922969,30560
2009-06-15,3.238360643386841,3.63965616132284,3.238360643386841,3.63965616132284,14702
2009-06-22,3.219696044921875,3.5509983726350467,3.0703767421113013,3.5509983726350467,5709
2009-06-29,3.3176863193511963,3.411011194215727,3.271024468282204,3.271024468282204,1864
2009-07-06,3.117039203643799,3.406345006480756,3.079709203219204,3.406345006480756,2179
2009-07-13,3.5789952278137207,3.611658946685472,2.925723899467794,2.925723899467794,11022
2009-07-20,3.611658811569214,3.779643209612434,3.2803567634583977,3.611658811569214,24521
2009-07-27,3.6209912300109863,3.7983079559416146,3.2663580126950422,3.779643309001385,7688
2009-08-03,3.8496365547180176,3.9336286437664008,3.5323330811413123,3.616325404735023,177593
2009-08-10,3.9056317806243896,4.026953645577001,3.718982468949173,3.849636893303685,41338
2009-08-17,3.863635301589966,3.96629227083731,3.7329808918041385,3.96629227083731,9370
2009-08-24,3.8729679584503174,3.933628889378954,3.541666095406436,3.882300517614112,4008
2009-08-31,3.7096498012542725,3.8543030513430736,3.5696630649805,3.7329809630574555,7248
2009-09-07,4.096946716308594,4.106278805660503,3.7703104544536172,3.7703104544536172,29985
2009-09-14,4.19960355758667,4.227600292310376,4.040951485063945,4.040951485063945,14553
2009-09-21,4.078281879425049,4.143609323917473,4.022286994015925,4.10627908758427,13772
2009-09-28,4.2602643966674805,4.4375811314843885,3.9662923226286977,3.9662923226286977,13830
2009-10-05,4.838877201080322,4.876206971675156,3.994290613645148,4.162274346776538,78736
2009-10-12,5.1141839027404785,5.64146759559263,4.712888577206858,4.712888577206858,31457
2009-10-19,5.048856735229492,5.282167874673065,4.96019813635024,5.2261734638973625,6256
2009-10-26,4.908869743347168,5.1981757610798605,4.50757443558297,5.132848323410177,41508
2009-11-02,4.974197864532471,5.170179266290503,4.694223897345916,4.75955134399239,32843
2009-11-09,4.988195896148682,5.2261735532877776,4.9368670599388285,4.974197293215319,4705
2009-11-16,4.712888717651367,5.310165913580433,4.712888717651367,4.87620638574293,6176
2009-11-23,4.540237903594971,4.824877890502479,4.358255122636133,4.778215566806779,12990
2009-11-30,4.899536609649658,4.946199394710879,4.544903664999563,4.544903664999563,4758
2009-12-07,4.773550033569336,4.936867714913463,4.334924425284498,4.806213757474443,4995
2009-12-14,4.7782158851623535,4.899537747218157,4.316259600341462,4.815546121878618,5708
2009-12-21,4.759551048278809,4.857541743069608,4.759551048278809,4.782882210761444,3642
2009-12-28,4.759551048278809,4.89487150922369,4.759551048278809,4.89487150922369,466
2010-01-04,5.090852737426758,5.338162958084891,4.64289508868723,4.86687414760232,4790
2010-01-11,4.988195896148682,5.212174481263773,4.666225683228125,5.212174481263773,2880
2010-01-18,4.689557075500488,5.08618632756676,4.647560799741747,4.992861687294551,3298
2010-01-25,4.194937705993652,4.6895577095884216,3.975624677881922,4.619564219920253,26488
2010-02-01,3.8869667053222656,4.27426367964928,3.7889760091452795,4.27426367964928,23554
2010-02-08,3.606992483139038,3.9662917071705217,3.560330167054722,3.560330167054722,40049
2010-02-15,3.877634048461914,3.877634048461914,3.653655205931778,3.779643817922921,16559
2010-02-22,3.5649967193603516,3.8776339270005615,3.5603309089611717,3.8776339270005615,15847
2010-03-01,4.073615550994873,4.143609512764294,3.5743299500073102,3.5743299500073102,4190
2010-03-08,4.409583568572998,4.432915199921605,4.1576077667322515,4.204269622157479,4372
2010-03-15,4.386252403259277,4.442247286457468,4.008288231670812,4.381586827537865,895
2010-03-22,4.5822343826293945,4.656893916166078,4.3162595012232865,4.325592060188041,10374
2010-03-29,4.540237903594971,4.596232785847941,4.512240697013812,4.5729016240000915,4774
2010-04-05,4.5309062004089355,4.642895505371826,4.465578754029229,4.540238290671156,3166
2010-04-12,4.605565547943115,4.642895314731292,4.395585551123284,4.572901826094458,18039
2010-04-19,4.998017311096191,5.106772702337764,4.15161715353816,4.648109115697489,27078
2010-04-26,4.700123310089111,5.102044884999858,4.600824518551342,5.102044884999858,22439
2010-05-03,3.929378032684326,5.106773282294345,3.929378032684326,5.106773282294345,13465
2010-05-10,4.364398956298828,4.63392303004636,3.971934331336334,3.971934331336334,3650
2010-05-17,3.962477207183838,4.255644522822276,3.924649542136385,4.255644522822276,12325
2010-05-24,4.127974987030029,4.350214597513984,3.806437772824736,4.094875865014646,3124
2010-05-31,4.1137895584106445,4.350214070834127,4.075961180086582,4.350214070834127,11582
2010-06-07,4.241458892822266,4.345485512589972,3.6929535580597554,4.071233558234232,10858
2010-06-14,4.421142101287842,4.430599197011376,3.8915506826495943,4.279287566836324,4047
2010-06-21,4.18471622467041,4.5866381944661985,4.18471622467041,4.492068682723284,34564
2010-06-28,3.924649953842163,4.1374319883970125,3.924649953842163,4.1374319883970125,1343
2010-07-05,4.246187686920166,4.246187686920166,3.8348083284746792,3.853722280987948,25583
2010-07-12,4.359671115875244,4.44478354008628,4.246187408243551,4.246187408243551,35680
2010-07-19,4.676479339599609,4.728492641722389,4.269829065580137,4.388042023346064,5047
2010-07-26,4.657566547393799,4.700123239607587,4.619738640620635,4.624466950710893,2014
2010-08-02,4.7994208335876465,4.870348326392693,4.336027975664735,4.676479560848723,14488
2010-08-09,4.473154544830322,4.964917722614562,4.402227053722915,4.837248618901454,21285
2010-08-16,4.473154544830322,4.728492752256536,4.473154544830322,4.5157112296348805,58
2010-08-23,4.40222692489624,4.515711097487207,4.198902026758774,4.515711097487207,870
2010-08-30,4.709578514099121,4.747406885413781,4.104331227967789,4.458968643915997,3319
2010-09-06,4.808877468109131,4.813606252855142,4.562996347876294,4.728492880929893,34161
2010-09-13,4.837248802185059,5.097315804082554,4.492068902803798,4.818334613699643,81776
2010-09-20,5.2013421058654785,5.248627574271384,4.99328842163086,4.99328842163086,11063
2010-09-27,5.333740711212158,5.3810261859998825,4.91290497677995,5.2486282826452655,25526
2010-10-04,5.2013421058654785,5.333739991351195,4.846705608648781,5.333739991351195,3728
2010-10-11,5.5228800773620605,5.745119644372408,5.054759397027008,5.333740101242665,7300
2010-10-18,5.811318397521973,5.811318397521973,5.4377672268933095,5.4377672268933095,5435
2010-10-25,5.674191951751709,5.863331936996929,5.319554954767227,5.811318631194616,3129
2010-11-01,6.090299606323242,6.090299606323242,5.5039664336012954,5.579622234852459,5743
2010-11-08,6.123399257659912,6.279439658477346,5.853875620393916,6.104485543368595,4948
2010-11-15,6.29835319519043,6.430751082905737,5.688377535061169,6.052471132090413,10518
2010-11-22,6.132856369018555,6.51586419446659,5.768762257912839,6.392923387515353,3989
2010-11-29,6.378737926483154,6.383465760486666,6.066656674674263,6.2226970629035625,7293
2010-12-06,6.8326735496521,7.092740577396547,6.383466519656892,6.4827653060487505,12133
2010-12-13,6.809031009674072,6.998171010822145,6.525321483302307,6.525321483302307,8465
2010-12-20,7.3764495849609375,7.49466207040912,6.525320640434588,6.525320640434588,12265
2010-12-27,7.23459529876709,7.541947315165316,6.950885781734138,7.2393240838503425,7737
2011-01-03,3.6409401893615723,3.7307816404167125,3.2863029326018447,3.4470721202191315,193084
2011-01-10,3.778066396713257,3.778066396713257,3.4187008306706894,3.6031120423086054,96242
2011-01-17,3.4092438220977783,3.962477194777792,3.3856010858762224,3.7875230858146907,119913
2011-01-24,3.314674139022827,3.56528429642162,3.2910316399526365,3.409243897628427,151646
2011-01-31,3.333588123321533,3.432886675001462,3.210647308329906,3.3714160298304674,61798
2011-02-07,3.347773313522339,3.522727654546583,3.3430447664297596,3.357230407707498,64510
2011-02-14,3.3572306632995605,3.489628565920581,3.3572306632995605,3.3808731628872546,27509
2011-02-21,3.229560613632202,3.376144148664208,3.0924346482139127,3.3572304354876827,71814
2011-02-28,2.9505796432495117,3.276845564366592,2.9505796432495117,3.2342891192056573,38330
2011-03-07,2.9836792945861816,3.1208054996110746,2.884380991797455,2.931665988430241,27749
2011-03-14,2.9032950401306152,2.969493995517423,2.742526555920108,2.9553083522862047,35618
2011-03-21,3.045149564743042,3.1633618228144247,2.794539644180757,2.837095857439318,42075
2011-03-28,3.1775472164154053,3.191732857400729,2.983679166367426,3.1775472164154053,15732
2011-04-04,3.1255340576171875,3.215375741670268,3.0546065624227485,3.1633617223090043,17590
2011-04-11,3.040421485900879,3.144448101643975,3.026235843838051,3.125534149902034,10657
2011-04-18,3.2923223972320557,3.2923223972320557,2.956371151900982,3.0715545531854933,24329
2011-04-25,3.4602982997894287,3.4746963758823517,3.239530212042098,3.2923224340129025,40836
2011-05-02,3.5034923553466797,3.6090775395965395,3.239530721511523,3.4698973216486526,25308
2011-05-09,3.5034923553466797,3.551485708636417,3.3403163050745106,3.41230549068853,9303
2011-05-16,3.297122001647949,3.503491770046443,3.2587273736773317,3.503491770046443,7316
2011-05-23,3.3355162143707275,3.479495288150324,3.191537140591131,3.2923224681134067,13298
2011-05-30,3.522688865661621,3.589879161202686,3.3547137298949736,3.4890938385082912,37826
2011-06-06,3.421903610229492,3.5946788316129448,3.2491288713148623,3.5226889349049624,4522
2011-06-13,3.3451151847839355,3.503492358201653,3.268326398420469,3.4075066164817733,6380
2011-06-20,3.316319227218628,3.474696375586382,3.196336707194316,3.196336707194316,6682
2011-06-27,3.623474597930908,3.6474713932306004,3.373911062861749,3.4554989607085336,22473
2011-07-04,3.5034923553466797,3.7338589554838086,3.41230549068853,3.6090775395965395,14846
2011-07-11,3.417104482650757,3.5898792210495882,3.1675404891614014,3.369111379144987,22389
2011-07-18,3.3211188316345215,3.676267541755341,3.172340148419171,3.181938866523813,20434
2011-07-25,3.306720733642578,3.671467918335408,3.220333477417276,3.671467918335408,32137
2011-08-01,2.5580291748046875,3.56588347478611,2.49563823108918,3.56588347478611,56020
2011-08-08,2.4764411449432373,2.711606588893185,2.202880348320793,2.5916240669132726,25185
2011-08-15,1.9773136377334595,2.6396173543249515,1.9725140373924241,2.6396173543249515,16849
2011-08-22,2.082897901535034,2.1836834745203904,1.8765281203188886,1.9245207448683517,36219
2011-08-29,1.991710901260376,2.178883715506454,1.9437182802093587,2.0972958254977856,13013
2011-09-05,1.9389188289642334,2.0157077281103337,1.7037528931764836,1.9197217549492263,15157
2011-09-12,1.9677144289016724,2.082897833750284,1.6653585641058153,1.6845557580415138,35630
2011-09-19,1.9533169269561768,2.183683506264767,1.7517460192896408,1.9197217756784208,49174
2011-09-26,1.9965108633041382,2.063701172174813,1.8045384143968068,1.919721956111542,5240
2011-10-03,2.0301058292388916,2.0301058292388916,1.7277495700483707,1.9965107965441433,9258
2011-10-10,2.37565541267395,2.385254129566585,2.0349045815014635,2.0589011324986473,30973
2011-10-17,2.2988667488098145,2.399651592203691,2.073299303742792,2.351658970458121,17189
2011-10-24,2.30366587638855,2.4956380528571303,2.1116934586855542,2.1116934586855542,22564
2011-10-31,2.034904718399048,2.3516590198838982,1.9245206728797115,2.3516590198838982,32669
2011-11-07,1.9677144289016724,2.015707654975339,1.8957251325686182,1.9437183586422848,4131
2011-11-14,1.871728539466858,2.0637009695228166,1.8477319857098633,2.0637009695228166,15662
2011-11-21,1.5789707899093628,1.8525314809182383,1.5693723130664323,1.8525314809182383,9476
2011-11-28,1.8477321863174438,1.9821128054524952,1.6509608583686735,1.6845560131524362,5297
2011-12-05,1.8189362287521362,1.9341192712769402,1.7229498976154958,1.7229498976154958,4432
2011-12-12,1.7133512496948242,1.8237352920131897,1.636562476552176,1.8237352920131897,11847
2011-12-19,1.6989537477493286,1.7469464923131157,1.6125658908436962,1.6365625646686213,17108
2011-12-26,1.7277495861053467,1.785341295263563,1.6365627233229398,1.6989539124520752,3517
2012-01-02,1.871728539466858,1.9005242109877074,1.718150860779965,1.7613446092956695,3695
2012-01-09,1.8477321863174438,1.9485176506687325,1.8237356299551521,1.9485176506687325,8638
2012-01-16,1.9725141525268555,2.150088399343211,1.823735579562007,1.823735579562007,10070
2012-01-23,2.1308910846710205,2.279669029443027,2.1164930089405343,2.1356899607790307,4832
2012-01-30,2.2796690464019775,2.322862791445945,2.0637008036509625,2.116493024685583,7249
2012-02-06,2.2076799869537354,2.2652718107979437,2.1500881631095274,2.207679986953736,9380
2012-02-13,2.217278242111206,2.217278242111206,2.1116933226810346,2.2076797665848993,3769
2012-02-20,2.1548876762390137,2.3564580866213123,2.1548876762390137,2.231676449953111,6194
2012-02-27,2.2556726932525635,2.2988669245698854,2.0876975393628574,2.154887842153172,9749
2012-03-05,2.2652719020843506,2.3084654098564927,1.9197217894145326,2.3084654098564927,5582
2012-03-12,2.2988667488098145,2.3324620182536586,2.2268768512538033,2.2268768512538033,8293
2012-03-19,2.2076799869537354,2.313264434454462,2.17408471617221,2.2172784634381544,4164
2012-03-26,2.1836836338043213,2.2988670508031994,1.9773137169177688,1.9773137169177688,2338
2012-04-02,2.0397040843963623,2.106894375753355,1.9341190479078976,2.068499510004688,9020
2012-04-09,1.9101232290267944,2.0637009027441118,1.9101232290267944,2.0397043497636145,2075
2012-04-16,1.8477321863174438,1.9821128054524952,1.8477321863174438,1.9197219760215478,4599
2012-04-23,1.8237353563308716,1.9197216879959502,1.7325488659339117,1.746946459862903,3281
2012-04-30,1.6557598114013672,1.751746154880221,1.6317637381548606,1.7421476773347282,4616
2012-05-07,1.7037529945373535,1.7709433003646762,1.5741718627521195,1.6413621685794422,3833
2012-05-14,1.5165799856185913,1.7709431027939437,1.4973829126031708,1.588569280815137,1344
2012-05-21,1.9197216033935547,1.9197216033935545,1.7277493103752735,1.7661439378430168,2351
2012-05-28,1.6605591773986816,1.934119387180011,1.6509607005121967,1.7661441117910532,6866
2012-06-04,1.9053236246109009,1.9437183746501356,1.703752845391573,1.9101232246773792,1580
2012-06-11,1.670157790184021,1.9053237327194852,1.6365626383050664,1.9053237327194852,3814
2012-06-18,1.9389188289642334,1.9389188289642332,1.6221645144465058,1.6701577422614886,5019
2012-06-25,1.8957250118255615,1.94371823484243,1.6845556507483161,1.94371823484243,5219
2012-07-02,1.9677144289016724,2.0397043283207776,1.8765280592501297,2.030105610735718,10857
2012-07-09,1.842932939529419,2.015707687760893,1.8429329395294192,1.9101232400144266,2318
2012-07-16,1.9197216033935547,2.0157075689768873,1.905323527630247,1.905323527630247,4116
2012-07-23,1.9437183141708374,1.9437183141708374,1.756545014185566,1.8333337881714658,2287
2012-07-30,1.9149221181869507,2.06849966263895,1.8189361529044508,1.9533167455343599,4798
2012-08-06,2.0157077312469482,2.0157077312469482,1.742147526386287,1.742147526386287,1870
2012-08-13,2.159686803817749,2.159686803817749,1.9197216435992908,1.9629153893250222,6198
2012-08-20,2.159686803817749,2.159686803817749,1.9293202403586525,2.159686803817749,1578
2012-08-27,2.0445032119750977,2.159686858471124,2.0445032119750977,2.159686858471124,33
2012-09-03,2.1836836338043213,2.1836836338043213,2.0397045434815584,2.0541026213779467,1658
2012-09-10,2.404451608657837,2.404451608657837,2.150088449983388,2.150088449983388,1693
2012-09-17,2.2124791145324707,2.4044512986631745,2.1116935429688932,2.4044512986631745,674
2012-09-24,2.0157077312469482,2.1356901375764283,2.0157077312469482,2.1356901375764283,3135
2012-10-01,2.1116936206817627,2.1116936206817627,1.962915540387752,2.01570776631844,1717
2012-10-08,2.1116936206817627,2.1116936206817627,1.9965106919395492,2.0253063638164943,2680
2012-10-15,2.0541024208068848,2.0972959265751197,2.0253062678258833,2.0301056266560504,11926
2012-10-22,1.9965108633041382,2.0301058971222483,1.958116108164772,2.0301058971222483,5078
2012-10-29,1.8141366243362427,2.0253061040616163,1.7661438842356978,1.9293201413917211,7720
2012-11-05,1.7325489521026611,1.7997387724621456,1.6173655413634278,1.7517460264029114,13699
2012-11-12,1.6941542625427246,1.6941542625427246,1.607766888396643,1.6893547830532352,3771
2012-11-19,1.6653584241867065,1.6749570203481066,1.5837701758890061,1.6653584241867065,4615
2012-11-26,1.7037529945373535,1.7085524744067648,1.5789708601526438,1.5789708601526438,1888
2012-12-03,1.7325489521026611,1.7517460264029114,1.665358649274311,1.665358649274311,7328
2012-12-10,1.7373480796813965,1.77574271096679,1.6125659501641265,1.6653586586444555,5785
2012-12-17,1.7901400327682495,1.9533166480758022,1.7613443652374319,1.7613443652374319,15049
2012-12-24,1.8141366243362427,1.8477317715793067,1.8141366243362427,1.8237352206032322,616
2012-12-31,1.9245206117630005,1.934119208379355,1.770943065901326,1.770943065901326,3683
2013-01-07,1.9677144289016724,1.9725139083114123,1.9149222058871065,1.9341192792055948,7583
2013-01-14,2.1788837909698486,2.1980814672646147,1.9677144176502175,1.9677144176502175,16914
2013-01-21,2.2460741996765137,2.270070753439525,2.1788838973869673,2.1788838973869673,10776
2013-01-28,2.193281888961792,2.294067217853523,1.9917109899439085,2.2460741121967285,3933
2013-02-04,2.1308910846710205,2.164486112240003,1.9965104919262724,2.044503112756922,5484
2013-02-11,2.0876975059509277,2.169285402072403,2.0684998288827066,2.154887807665916,7195
2013-02-18,2.0109081268310547,2.0876975084048413,1.9773135790201448,2.0876975084048413,1232
2013-02-25,1.9437183141708374,2.1452887252666164,1.8813270131470679,1.9773134630982723,6309
2013-03-04,2.1452889442443848,2.1548879038240467,1.871728607453259,1.871728607453259,14026
2013-03-11,2.126091718673706,2.1596869911716903,2.092496687410158,2.145288913857796,11737
2013-03-18,2.1068944931030273,2.159686712744688,1.9437182344577433,1.9437182344577433,2311
2013-03-25,2.0109081268310547,2.121292538684609,1.9821125761325908,2.121292538684609,4747
2013-04-01,1.8861266374588013,2.1212925774139912,1.886126637458801,2.0109081635450994,7971
2013-04-08,2.1308910846710205,2.130891084671021,1.8861264508312583,1.9149221198234119,3670
2013-04-15,1.962915301322937,2.0205069999143443,1.9053234821143277,1.9053234821143277,480
2013-04-22,2.2220776081085205,2.3516590927179406,2.0109081074508204,2.0109081074508204,11742
2013-04-29,2.169285535812378,2.1980816913383965,2.169285535812378,2.1980816913383965,1287
2013-05-06,2.2988667488098145,2.2988667488098145,2.178883747039405,2.178883747039405,1903
2013-05-13,2.5436315536499023,2.63001880915671,2.298866899138254,2.298866899138254,13867
2013-05-20,2.4332468509674072,2.6348177430424857,2.4332468509674072,2.6348177430424857,18000
2013-05-27,2.9851670265197754,2.9851670265197754,2.630018592131277,2.630018592131277,10840
2013-06-03,2.855585813522339,3.0715547986531724,2.7595998391430676,3.018762573053181,21787
2013-06-10,2.7260046005249023,2.970769238685749,2.6780114963781614,2.970769238685749,2937
2013-06-17,2.5004372596740723,2.730804313891291,2.5004372596740723,2.6204202662608735,14264
2013-06-24,2.6396172046661377,2.6780115928732044,2.5628284282520033,2.5628284282520033,1084
2013-07-01,2.620420217514038,2.620420217514038,2.399651643891242,2.399651643891242,969
2013-07-08,2.8411881923675537,2.8411881923675537,2.620420332740314,2.620420332740314,1986
2013-07-15,2.812392234802246,2.841188390708916,2.586825241680025,2.841188390708916,733
2013-07-22,2.8939802646636963,3.0475580553609567,2.8219906074271752,2.8219906074271752,3012
2013-07-29,2.865184783935547,2.9707692266557553,2.8123918388722045,2.8795821361586746,2128
2013-08-05,2.98036789894104,2.98036789894104,2.8315897011146016,2.850786895712672,2438
2013-08-12,3.0283608436584473,3.095551141765848,2.961170545551047,2.961170545551047,3264
2013-08-19,2.9179773330688477,3.0811533741206683,2.8651851057786506,3.057156819448964,36218
2013-08-26,2.831589460372925,2.8603851292046087,2.754800688509223,2.8603851292046087,2376
2013-09-02,2.79799485206604,2.831589884479566,2.7739980557214583,2.831589884479566,202
2013-09-09,2.9371743202209473,2.999565025337932,2.8795824918700585,2.8795824918700585,6423
2013-09-16,2.9755685329437256,2.980367650266996,2.6780114384149445,2.9275754298357537,3070
2013-09-23,2.8939802646636963,2.9947658330417086,2.845987159839349,2.9755686393588534,1208
2013-09-30,2.8699839115142822,2.965970369061726,2.831589762717286,2.831589762717286,568
2013-10-07,3.1099493503570557,3.186738127902889,2.9419737185497263,2.9419737185497263,6904
2013-10-14,2.8843817710876465,3.0907515416282614,2.8843817710876465,3.0907515416282614,8563
2013-10-21,2.8411881923675537,2.9275756891191262,2.75959981336429,2.75959981336429,1470
2013-10-28,2.6828110218048096,2.85558577325091,2.6828110218048096,2.7548009237342685,3304
2013-11-04,2.865184783935547,2.865184783935547,2.634817740223404,2.6636138920761363,2510
2013-11-11,2.745201826095581,2.807593253674937,2.7164063949617585,2.7164063949617585,4728
2013-11-18,2.855585813522339,2.874783490867058,2.50523694672939,2.50523694672939,4590
2013-11-25,2.764399290084839,2.9275755583327796,2.5772259867608187,2.8555856592766355,171892
2013-12-02,2.620420217514038,2.721205545547619,2.577225988568748,2.721205545547619,5308
2013-12-09,2.5244338512420654,2.7404028321698632,2.4764412268380767,2.5916241526171615,5837
2013-12-16,2.7068073749542236,2.7068073749542236,2.394852684175488,2.394852684175488,2928
2013-12-23,2.821990728378296,2.8219907283782963,2.4284478791608035,2.4284478791608035,8866
2013-12-30,3.2443289756774902,3.3499138905727968,2.7931946144572746,2.8411877137307067,27929
2014-01-06,3.2299323081970215,3.2827245395221483,3.167541116541346,3.244329904372242,10904
2014-01-13,3.551485300064087,3.5706822531963875,3.2203333956950204,3.2203333956950204,13442
2014-01-20,3.5706822872161865,3.7098624904784567,3.3115197989445595,3.5994779584234156,15855
2014-01-27,3.5130908489227295,3.6810664891078546,3.383509599425444,3.5274889263564977,22586
2014-02-03,3.407506227493286,3.671467831410649,3.3595128796431846,3.671467831410649,5286
2014-02-10,3.609076738357544,3.8346436877304404,3.407505857216096,3.8346436877304404,20347
2014-02-17,3.5994784832000732,3.6426727200115923,3.508292097338089,3.618676163017434,5715
2014-02-24,3.642672061920166,3.8058483305193826,3.55148521006323,3.6330731031284182,14444
2014-03-03,3.8394432067871094,3.964225323897057,3.5658831445660075,3.5658831445660075,15346
2014-03-10,3.6954643726348877,3.8490419273277925,3.6714678194055153,3.8490419273277925,7030
2014-03-17,3.8394432067871094,3.8826369516082115,3.781851627437109,3.781851627437109,3924
2014-03-24,3.887436628341675,3.959425802410437,3.652270465232424,3.8634398349280628,3705
2014-03-31,4.141799449920654,4.223387340319541,3.6906645641577778,4.012217973303564,21085
2014-04-07,4.1753950119018555,4.2857790617740195,3.7914503962112924,4.2857790617740195,10097
2014-04-14,4.127401351928711,4.175394452615751,4.007418841445507,4.079408251241671,4025
2014-04-21,4.13700008392334,4.333771627431492,4.079408742143583,4.127401848605947,4634
2014-04-28,4.25218391418457,4.25218391418457,3.959426145237455,4.137000260763711,5718
2014-05-05,3.6042773723602295,4.223387407371974,3.537087074291236,4.223387407371974,18353
2014-05-12,3.3787105083465576,3.8154474004659837,3.378710508346557,3.623474949326885,10466
2014-05-19,3.5898797512054443,3.5898797512054443,3.393108431994407,3.48909441194681,1663
2014-05-26,3.6474711894989014,3.7434574003985674,3.321118651402646,3.321118651402646,1515
2014-06-02,3.5370869636535645,3.6474710040831435,3.5370869636535645,3.6474710040831435,1099
2014-06-09,3.753056526184082,3.8250457097199053,3.5370875281699314,3.5370875281699314,2429
2014-06-16,3.6954643726348877,3.829844974225605,3.6186755952884355,3.829844974225605,25372
2014-06-23,3.5322883129119873,3.8250456044871957,3.5322883129119877,3.8250456044871957,7524
2014-06-30,3.661869764328003,3.671468241983862,3.426703563859896,3.4554992380619254,2086
2014-07-07,3.508291006088257,3.637871987575559,3.316318851082166,3.637871987575559,675
2014-07-14,3.7146613597869873,3.8154466847415307,3.565883172284917,3.565883172284917,5633
2014-07-21,3.777052640914917,3.777052640914917,3.6090774754120822,3.6906651372455173,3489
2014-07-28,3.4315028190612793,3.7434575330725126,3.4315028190612793,3.7002635436492644,18360
2014-08-04,3.2779245376586914,3.4554988893330334,2.980367900605234,3.4554988893330334,15240
2014-08-11,3.2635273933410645,3.4746967887867477,3.2635273933410645,3.2779247474416042,2208
2014-08-18,3.4794957637786865,3.575482228143281,3.3883089000519404,3.575482228143281,4860
2014-08-25,3.6714680194854736,3.671468019485474,3.503492137725868,3.503492137725868,3257
2014-09-01,3.5994784832000732,3.6714683954170124,3.5994784832000732,3.6714683954170124,1581
2014-09-08,3.7722532749176025,3.84424269575557,3.637872668876227,3.637872668876227,3128
2014-09-15,3.8394432067871094,3.839443206787109,3.709862213558212,3.7194606894993405,2590
2014-09-22,3.853841543197632,3.925830961945396,3.7242600587359185,3.7290596588827096,4970
2014-09-29,3.6042773723602295,3.825045218890447,3.5226889981971845,3.825045218890447,4124
2014-10-06,3.306720733642578,3.6042776157295666,3.306720733642578,3.6042776157295666,5235
2014-10-13,3.306720733642578,3.306720733642578,3.306720733642578,3.306720733642578,0
2014-10-20,3.306720733642578,3.306720733642578,3.306720733642578,3.306720733642578,0
2014-10-27,3.306720733642578,3.306720733642578,3.306720733642578,3.306720733642578,0
2014-11-03,3.306720733642578,3.306720733642578,3.306720733642578,3.306720733642578,0
2014-11-10,3.306720733642578,3.306720733642578,3.306720733642578,3.306720733642578,0
2014-11-17,3.306720733642578,3.306720733642578,3.306720733642578,3.306720733642578,0
2014-11-24,3.306720733642578,3.306720733642578,3.306720733642578,3.306720733642578,0
2014-12-01,3.306720733642578,3.306720733642578,3.306720733642578,3.306720733642578,0
2014-12-08,3.306720733642578,3.306720733642578,3.306720733642578,3.306720733642578,0
2014-12-15,3.306720733642578,3.306720733642578,3.306720733642578,3.306720733642578,0
2014-12-22,3.306720733642578,3.306720733642578,3.306720733642578,3.306720733642578,0
2014-12-29,3.306720733642578,3.306720733642578,3.306720733642578,3.306720733642578,0
2015-01-05,3.306720733642578,3.306720733642578,3.306720733642578,3.306720733642578,0
2015-01-12,3.306720733642578,3.306720733642578,3.306720733642578,3.306720733642578,0
2015-01-19,3.306720733642578,3.306720733642578,3.306720733642578,3.306720733642578,0
2015-01-26,3.306720733642578,3.306720733642578,3.306720733642578,3.306720733642578,0
2015-02-02,3.306720733642578,3.306720733642578,3.306720733642578,3.306720733642578,0
2015-02-09,3.306720733642578,3.306720733642578,3.306720733642578,3.306720733642578,0
2015-02-16,3.306720733642578,3.306720733642578,3.306720733642578,3.306720733642578,0
2015-02-23,3.306720733642578,3.306720733642578,3.306720733642578,3.306720733642578,0
2015-03-02,3.306720733642578,3.306720733642578,3.306720733642578,3.306720733642578,0
2015-03-09,3.306720733642578,3.306720733642578,3.306720733642578,3.306720733642578,0
2015-03-16,3.306720733642578,3.306720733642578,3.306720733642578,3.306720733642578,0
2015-03-23,3.306720733642578,3.306720733642578,3.306720733642578,3.306720733642578,0
2015-03-30,3.306720733642578,3.306720733642578,3.306720733642578,3.306720733642578,0
2015-04-06,3.306720733642578,3.306720733642578,3.306720733642578,3.306720733642578,0
2015-04-13,3.306720733642578,3.306720733642578,3.306720733642578,3.306720733642578,0
2015-04-20,3.306720733642578,3.306720733642578,3.306720733642578,3.306720733642578,0
2015-04-27,3.306720733642578,3.306720733642578,3.306720733642578,3.306720733642578,0
2015-05-04,3.306720733642578,3.306720733642578,3.306720733642578,3.306720733642578,0
2015-05-11,3.306720733642578,3.306720733642578,3.306720733642578,3.306720733642578,0
2015-05-18,3.306720733642578,3.306720733642578,3.306720733642578,3.306720733642578,0
2015-05-25,3.306720733642578,3.306720733642578,3.306720733642578,3.306720733642578,0
2015-06-01,3.306720733642578,3.306720733642578,3.306720733642578,3.306720733642578,0
2015-06-08,3.306720733642578,3.306720733642578,3.306720733642578,3.306720733642578,0
2015-06-15,3.306720733642578,3.306720733642578,3.306720733642578,3.306720733642578,0
2015-06-22,3.306720733642578,3.306720733642578,3.306720733642578,3.306720733642578,0
2015-06-29,3.306720733642578,3.306720733642578,3.306720733642578,3.306720733642578,0
2015-07-06,3.306720733642578,3.306720733642578,3.306720733642578,3.306720733642578,0
2015-07-13,3.306720733642578,3.306720733642578,3.306720733642578,3.306720733642578,0
2015-07-20,3.306720733642578,3.306720733642578,3.306720733642578,3.306720733642578,0
2015-07-27,3.306720733642578,3.306720733642578,3.306720733642578,3.306720733642578,0
2015-08-03,3.306720733642578,3.306720733642578,3.306720733642578,3.306720733642578,0
2015-08-10,3.306720733642578,3.306720733642578,3.306720733642578,3.306720733642578,0
2015-08-17,3.306720733642578,3.306720733642578,3.306720733642578,3.306720733642578,0
2015-08-24,3.306720733642578,3.306720733642578,3.306720733642578,3.306720733642578,0
2015-08-31,3.306720733642578,3.306720733642578,3.306720733642578,3.306720733642578,0
2015-09-07,3.306720733642578,3.306720733642578,3.306720733642578,3.306720733642578,0
2015-09-14,3.306720733642578,3.306720733642578,3.306720733642578,3.306720733642578,0
2015-09-21,3.306720733642578,3.306720733642578,3.306720733642578,3.306720733642578,0
2015-09-28,3.306720733642578,3.306720733642578,3.306720733642578,3.306720733642578,0
2015-10-05,3.306720733642578,3.306720733642578,3.306720733642578,3.306720733642578,0
2015-10-12,3.306720733642578,3.306720733642578,3.306720733642578,3.306720733642578,0
2015-10-19,3.306720733642578,3.306720733642578,3.306720733642578,3.306720733642578,0
2015-10-26,3.306720733642578,3.306720733642578,3.306720733642578,3.306720733642578,0
2015-11-02,3.306720733642578,3.306720733642578,3.306720733642578,3.306720733642578,0
2015-11-09,3.306720733642578,3.306720733642578,3.306720733642578,3.306720733642578,0
2015-11-16,3.306720733642578,3.306720733642578,3.306720733642578,3.306720733642578,0
2015-11-23,3.306720733642578,3.306720733642578,3.306720733642578,3.306720733642578,0
2015-11-30,3.306720733642578,3.306720733642578,3.306720733642578,3.306720733642578,0
2015-12-07,3.306720733642578,3.306720733642578,3.306720733642578,3.306720733642578,0
2015-12-14,3.306720733642578,3.306720733642578,3.306720733642578,3.306720733642578,0
2015-12-21,3.306720733642578,3.306720733642578,3.306720733642578,3.306720733642578,0
2015-12-28,3.306720733642578,3.306720733642578,3.306720733642578,3.306720733642578,0
2016-01-04,3.306720733642578,3.306720733642578,3.306720733642578,3.306720733642578,0
2016-01-11,3.306720733642578,3.306720733642578,3.306720733642578,3.306720733642578,0
2016-01-18,3.306720733642578,3.306720733642578,3.306720733642578,3.306720733642578,0
2016-01-25,3.306720733642578,3.306720733642578,3.306720733642578,3.306720733642578,0
2016-02-01,3.306720733642578,3.306720733642578,3.306720733642578,3.306720733642578,0
2016-02-08,3.306720733642578,3.306720733642578,3.306720733642578,3.306720733642578,0
2016-02-15,3.306720733642578,3.306720733642578,3.306720733642578,3.306720733642578,0
2016-02-22,3.306720733642578,3.306720733642578,3.306720733642578,3.306720733642578,0
2016-02-29,3.306720733642578,3.306720733642578,3.306720733642578,3.306720733642578,0
2016-03-07,3.306720733642578,3.306720733642578,3.306720733642578,3.306720733642578,0
2016-03-14,3.306720733642578,3.306720733642578,3.306720733642578,3.306720733642578,0
2016-03-21,3.306720733642578,3.306720733642578,3.306720733642578,3.306720733642578,0
2016-03-28,3.306720733642578,3.306720733642578,3.306720733642578,3.306720733642578,0
2016-04-04,3.306720733642578,3.306720733642578,3.306720733642578,3.306720733642578,0
2016-04-11,3.306720733642578,3.306720733642578,3.306720733642578,3.306720733642578,0
2016-04-18,3.306720733642578,3.306720733642578,3.306720733642578,3.306720733642578,0
2016-04-25,3.306720733642578,3.306720733642578,3.306720733642578,3.306720733642578,0
2016-05-02,3.306720733642578,3.306720733642578,3.306720733642578,3.306720733642578,0
2016-05-09,3.306720733642578,3.306720733642578,3.306720733642578,3.306720733642578,0
2016-05-16,3.306720733642578,3.306720733642578,3.306720733642578,3.306720733642578,0
2016-05-23,3.306720733642578,3.306720733642578,3.306720733642578,3.306720733642578,0
2016-05-30,3.306720733642578,3.306720733642578,3.306720733642578,3.306720733642578,0
2016-06-06,3.306720733642578,3.306720733642578,3.306720733642578,3.306720733642578,0
2016-06-13,3.306720733642578,3.306720733642578,3.306720733642578,3.306720733642578,0
2016-06-20,3.306720733642578,3.306720733642578,3.306720733642578,3.306720733642578,0
2016-06-27,3.306720733642578,3.306720733642578,3.306720733642578,3.306720733642578,0
2016-07-04,3.306720733642578,3.306720733642578,3.306720733642578,3.306720733642578,0
2016-07-11,3.306720733642578,3.306720733642578,3.306720733642578,3.306720733642578,0
2016-07-18,3.306720733642578,3.306720733642578,3.306720733642578,3.306720733642578,0
2016-07-25,3.306720733642578,3.306720733642578,3.306720733642578,3.306720733642578,0
2016-08-01,3.306720733642578,3.306720733642578,3.306720733642578,3.306720733642578,0
2016-08-08,3.306720733642578,3.306720733642578,3.306720733642578,3.306720733642578,0
2016-08-15,3.306720733642578,3.306720733642578,3.306720733642578,3.306720733642578,0
2016-08-22,3.306720733642578,3.306720733642578,3.306720733642578,3.306720733642578,0
2016-08-29,3.306720733642578,3.306720733642578,3.306720733642578,3.306720733642578,0
2016-09-05,3.306720733642578,3.306720733642578,3.306720733642578,3.306720733642578,0
2016-09-12,3.306720733642578,3.306720733642578,3.306720733642578,3.306720733642578,0
2016-09-19,3.306720733642578,3.306720733642578,3.306720733642578,3.306720733642578,0
2016-09-26,3.306720733642578,3.306720733642578,3.306720733642578,3.306720733642578,0
2016-10-03,3.306720733642578,3.306720733642578,3.306720733642578,3.306720733642578,0
2016-10-10,3.306720733642578,3.306720733642578,3.306720733642578,3.306720733642578,0
2016-10-17,3.306720733642578,3.306720733642578,3.306720733642578,3.306720733642578,0
2016-10-24,3.306720733642578,3.306720733642578,3.306720733642578,3.306720733642578,0
2016-10-31,3.306720733642578,3.306720733642578,3.306720733642578,3.306720733642578,0
2016-11-07,3.306720733642578,3.306720733642578,3.306720733642578,3.306720733642578,0
2016-11-14,3.306720733642578,3.306720733642578,3.306720733642578,3.306720733642578,0
2016-11-21,3.306720733642578,3.306720733642578,3.306720733642578,3.306720733642578,0
2016-11-28,3.306720733642578,3.306720733642578,3.306720733642578,3.306720733642578,0
2016-12-05,3.306720733642578,3.306720733642578,3.306720733642578,3.306720733642578,0
2016-12-12,3.306720733642578,3.306720733642578,3.306720733642578,3.306720733642578,0
2016-12-19,3.306720733642578,3.306720733642578,3.306720733642578,3.306720733642578,0
2016-12-26,3.306720733642578,3.306720733642578,3.306720733642578,3.306720733642578,0
2017-01-02,3.306720733642578,3.306720733642578,3.306720733642578,3.306720733642578,0
2017-01-09,3.306720733642578,3.306720733642578,3.306720733642578,3.306720733642578,0
2017-01-16,3.306720733642578,3.306720733642578,3.306720733642578,3.306720733642578,0
2017-01-23,3.306720733642578,3.306720733642578,3.306720733642578,3.306720733642578,0
2017-01-30,3.306720733642578,3.306720733642578,3.306720733642578,3.306720733642578,0
2017-02-06,3.306720733642578,3.306720733642578,3.306720733642578,3.306720733642578,0
2017-02-13,3.306720733642578,3.306720733642578,3.306720733642578,3.306720733642578,0
2017-02-20,3.306720733642578,3.306720733642578,3.306720733642578,3.306720733642578,0
2017-02-27,3.306720733642578,3.306720733642578,3.306720733642578,3.306720733642578,0
2017-03-06,3.306720733642578,3.306720733642578,3.306720733642578,3.306720733642578,0
2017-03-13,3.306720733642578,3.306720733642578,3.306720733642578,3.306720733642578,0
2017-03-20,3.306720733642578,3.306720733642578,3.306720733642578,3.306720733642578,0
2017-03-27,3.306720733642578,3.306720733642578,3.306720733642578,3.306720733642578,0
2017-04-03,3.306720733642578,3.306720733642578,3.306720733642578,3.306720733642578,0
2017-04-10,3.306720733642578,3.306720733642578,3.306720733642578,3.306720733642578,0
2017-04-17,3.306720733642578,3.306720733642578,3.306720733642578,3.306720733642578,0
2017-04-24,3.306720733642578,3.306720733642578,3.306720733642578,3.306720733642578,0
2017-05-01,3.306720733642578,3.306720733642578,3.306720733642578,3.306720733642578,0
2017-05-08,3.306720733642578,3.306720733642578,3.306720733642578,3.306720733642578,0
2017-05-15,3.306720733642578,3.306720733642578,3.306720733642578,3.306720733642578,0
2017-05-22,3.306720733642578,3.306720733642578,3.306720733642578,3.306720733642578,0
2017-05-29,3.306720733642578,3.306720733642578,3.306720733642578,3.306720733642578,0
2017-06-05,3.306720733642578,3.306720733642578,3.306720733642578,3.306720733642578,0
2017-06-12,3.306720733642578,3.306720733642578,3.306720733642578,3.306720733642578,0
2017-06-19,3.306720733642578,3.306720733642578,3.306720733642578,3.306720733642578,0
2017-06-26,3.306720733642578,3.306720733642578,3.306720733642578,3.306720733642578,0
2017-07-03,3.306720733642578,3.306720733642578,3.306720733642578,3.306720733642578,0
2017-07-10,3.306720733642578,3.306720733642578,3.306720733642578,3.306720733642578,0
2017-07-17,3.306720733642578,3.306720733642578,3.306720733642578,3.306720733642578,0
2017-07-24,3.306720733642578,3.306720733642578,3.306720733642578,3.306720733642578,0
2017-07-31,3.306720733642578,3.306720733642578,3.306720733642578,3.306720733642578,0
2017-08-07,3.306720733642578,3.306720733642578,3.306720733642578,3.306720733642578,0
2017-08-14,3.306720733642578,3.306720733642578,3.306720733642578,3.306720733642578,0
2017-08-21,3.306720733642578,3.306720733642578,3.306720733642578,3.306720733642578,0
2017-08-28,3.306720733642578,3.306720733642578,3.306720733642578,3.306720733642578,0
2017-09-04,3.306720733642578,3.306720733642578,3.306720733642578,3.306720733642578,0
2017-09-11,3.306720733642578,3.306720733642578,3.306720733642578,3.306720733642578,0
2017-09-18,3.306720733642578,3.306720733642578,3.306720733642578,3.306720733642578,0
2017-09-25,3.306720733642578,3.306720733642578,3.306720733642578,3.306720733642578,0
2017-10-02,3.306720733642578,3.306720733642578,3.306720733642578,3.306720733642578,0
2017-10-09,3.306720733642578,3.306720733642578,3.306720733642578,3.306720733642578,0
2017-10-16,3.306720733642578,3.306720733642578,3.306720733642578,3.306720733642578,0
2017-10-23,3.306720733642578,3.306720733642578,3.306720733642578,3.306720733642578,0
2017-10-30,3.306720733642578,3.306720733642578,3.306720733642578,3.306720733642578,0
2017-11-06,3.306720733642578,3.306720733642578,3.306720733642578,3.306720733642578,0
2017-11-13,3.306720733642578,3.306720733642578,3.306720733642578,3.306720733642578,0
2017-11-20,3.306720733642578,3.306720733642578,3.306720733642578,3.306720733642578,0
2017-11-27,3.306720733642578,3.306720733642578,3.306720733642578,3.306720733642578,0
2017-12-04,3.306720733642578,3.306720733642578,3.306720733642578,3.306720733642578,0
2017-12-11,3.306720733642578,3.306720733642578,3.306720733642578,3.306720733642578,0
2017-12-18,3.306720733642578,3.306720733642578,3.306720733642578,3.306720733642578,0
2017-12-25,3.306720733642578,3.306720733642578,3.306720733642578,3.306720733642578,0
2018-01-01,3.306720733642578,3.306720733642578,3.306720733642578,3.306720733642578,0
2018-01-08,3.306720733642578,3.306720733642578,3.306720733642578,3.306720733642578,0
2018-01-15,3.306720733642578,3.306720733642578,3.306720733642578,3.306720733642578,0
2018-01-22,3.306720733642578,3.306720733642578,3.306720733642578,3.306720733642578,0
2018-01-29,3.306720733642578,3.306720733642578,3.306720733642578,3.306720733642578,0
2018-02-05,3.306720733642578,3.306720733642578,3.306720733642578,3.306720733642578,0
2018-02-12,3.306720733642578,3.306720733642578,3.306720733642578,3.306720733642578,0
2018-02-19,3.306720733642578,3.306720733642578,3.306720733642578,3.306720733642578,0
2018-02-26,3.306720733642578,3.306720733642578,3.306720733642578,3.306720733642578,0
2018-03-05,3.306720733642578,3.306720733642578,3.306720733642578,3.306720733642578,0
2018-03-12,3.306720733642578,3.306720733642578,3.306720733642578,3.306720733642578,0
2018-03-19,3.306720733642578,3.306720733642578,3.306720733642578,3.306720733642578,0
2018-03-26,3.306720733642578,3.306720733642578,3.306720733642578,3.306720733642578,0
2018-04-02,3.306720733642578,3.306720733642578,3.306720733642578,3.306720733642578,0
2018-04-09,3.306720733642578,3.306720733642578,3.306720733642578,3.306720733642578,0
2018-04-16,3.306720733642578,3.306720733642578,3.306720733642578,3.306720733642578,0
2018-04-23,3.306720733642578,3.306720733642578,3.306720733642578,3.306720733642578,0
2018-04-30,3.306720733642578,3.306720733642578,3.306720733642578,3.306720733642578,0
2018-05-07,3.306720733642578,3.306720733642578,3.306720733642578,3.306720733642578,0
2018-05-14,3.306720733642578,3.306720733642578,3.306720733642578,3.306720733642578,0
2018-05-21,3.306720733642578,3.306720733642578,3.306720733642578,3.306720733642578,0
2018-05-28,3.306720733642578,3.306720733642578,3.306720733642578,3.306720733642578,0
2018-06-04,3.306720733642578,3.306720733642578,3.306720733642578,3.306720733642578,0
2018-06-11,3.306720733642578,3.306720733642578,3.306720733642578,3.306720733642578,0
2018-06-18,3.306720733642578,3.306720733642578,3.306720733642578,3.306720733642578,0
2018-06-25,3.306720733642578,3.306720733642578,3.306720733642578,3.306720733642578,0
2018-07-02,3.306720733642578,3.306720733642578,3.306720733642578,3.306720733642578,0
2018-07-09,3.306720733642578,3.306720733642578,3.306720733642578,3.306720733642578,0
2018-07-16,3.306720733642578,3.306720733642578,3.306720733642578,3.306720733642578,0
2018-07-23,3.306720733642578,3.306720733642578,3.306720733642578,3.306720733642578,0
2018-07-30,3.306720733642578,3.306720733642578,3.306720733642578,3.306720733642578,0
2018-08-06,3.306720733642578,3.306720733642578,3.306720733642578,3.306720733642578,0
2018-08-13,3.306720733642578,3.306720733642578,3.306720733642578,3.306720733642578,0
2018-08-20,3.306720733642578,3.306720733642578,3.306720733642578,3.306720733642578,0
2018-08-27,3.306720733642578,3.306720733642578,3.306720733642578,3.306720733642578,0
2018-09-03,3.306720733642578,3.306720733642578,3.306720733642578,3.306720733642578,0
2018-09-10,3.306720733642578,3.306720733642578,3.306720733642578,3.306720733642578,0
2018-09-17,3.306720733642578,3.306720733642578,3.306720733642578,3.306720733642578,0
2018-09-24,3.306720733642578,3.306720733642578,3.306720733642578,3.306720733642578,0
2018-10-01,3.306720733642578,3.306720733642578,3.306720733642578,3.306720733642578,0
2018-10-08,3.306720733642578,3.306720733642578,3.306720733642578,3.306720733642578,0
2018-10-15,3.306720733642578,3.306720733642578,3.306720733642578,3.306720733642578,0
2018-10-22,3.306720733642578,3.306720733642578,3.306720733642578,3.306720733642578,0
2018-10-29,3.306720733642578,3.306720733642578,3.306720733642578,3.306720733642578,0
2018-11-05,3.306720733642578,3.306720733642578,3.306720733642578,3.306720733642578,0
2018-11-12,3.306720733642578,3.306720733642578,3.306720733642578,3.306720733642578,0
2018-11-19,3.306720733642578,3.306720733642578,3.306720733642578,3.306720733642578,0
2018-11-26,3.306720733642578,3.306720733642578,3.306720733642578,3.306720733642578,0
2018-12-03,3.306720733642578,3.306720733642578,3.306720733642578,3.306720733642578,0
2018-12-10,3.306720733642578,3.306720733642578,3.306720733642578,3.306720733642578,0
2018-12-17,3.306720733642578,3.306720733642578,3.306720733642578,3.306720733642578,0
2018-12-24,3.306720733642578,3.306720733642578,3.306720733642578,3.306720733642578,0
2018-12-31,3.306720733642578,3.306720733642578,3.306720733642578,3.306720733642578,0
2019-01-07,3.306720733642578,3.306720733642578,3.306720733642578,3.306720733642578,0
2019-01-14,3.306720733642578,3.306720733642578,3.306720733642578,3.306720733642578,0
2019-01-21,3.306720733642578,3.306720733642578,3.306720733642578,3.306720733642578,0
2019-01-28,3.306720733642578,3.306720733642578,3.306720733642578,3.306720733642578,0
2019-02-04,3.306720733642578,3.306720733642578,3.306720733642578,3.306720733642578,0
2019-02-11,3.306720733642578,3.306720733642578,3.306720733642578,3.306720733642578,0
2019-02-18,3.306720733642578,3.306720733642578,3.306720733642578,3.306720733642578,0
2019-02-25,3.306720733642578,3.306720733642578,3.306720733642578,3.306720733642578,0
2019-03-04,3.306720733642578,3.306720733642578,3.306720733642578,3.306720733642578,0
2019-03-11,3.306720733642578,3.306720733642578,3.306720733642578,3.306720733642578,0
2019-03-18,3.306720733642578,3.306720733642578,3.306720733642578,3.306720733642578,0
2019-03-25,3.306720733642578,3.306720733642578,3.306720733642578,3.306720733642578,0
2019-04-01,3.306720733642578,3.306720733642578,3.306720733642578,3.306720733642578,0
2019-04-08,3.306720733642578,3.306720733642578,3.306720733642578,3.306720733642578,0
2019-04-15,3.306720733642578,3.306720733642578,3.306720733642578,3.306720733642578,0
2019-04-22,3.306720733642578,3.306720733642578,3.306720733642578,3.306720733642578,0
2019-04-29,3.306720733642578,3.306720733642578,3.306720733642578,3.306720733642578,0
2019-05-06,3.306720733642578,3.306720733642578,3.306720733642578,3.306720733642578,0
2019-05-13,3.306720733642578,3.306720733642578,3.306720733642578,3.306720733642578,0
2019-05-20,3.306720733642578,3.306720733642578,3.306720733642578,3.306720733642578,0
2019-05-27,3.306720733642578,3.306720733642578,3.306720733642578,3.306720733642578,0
2019-06-03,3.306720733642578,3.306720733642578,3.306720733642578,3.306720733642578,0
2019-06-10,3.306720733642578,3.306720733642578,3.306720733642578,3.306720733642578,0
2019-06-17,3.306720733642578,3.306720733642578,3.306720733642578,3.306720733642578,0
2019-06-24,3.306720733642578,3.306720733642578,3.306720733642578,3.306720733642578,0
2019-07-01,3.306720733642578,3.306720733642578,3.306720733642578,3.306720733642578,0
2019-07-08,3.306720733642578,3.306720733642578,3.306720733642578,3.306720733642578,0
2019-07-15,3.306720733642578,3.306720733642578,3.306720733642578,3.306720733642578,0
2019-07-22,3.306720733642578,3.306720733642578,3.306720733642578,3.306720733642578,0
2019-07-29,3.306720733642578,3.306720733642578,3.306720733642578,3.306720733642578,0
2019-08-05,3.306720733642578,3.306720733642578,3.306720733642578,3.306720733642578,0
2019-08-12,3.306720733642578,3.306720733642578,3.306720733642578,3.306720733642578,0
2019-08-19,3.306720733642578,3.306720733642578,3.306720733642578,3.306720733642578,0
2019-08-26,3.306720733642578,3.306720733642578,3.306720733642578,3.306720733642578,0
2019-09-02,3.306720733642578,3.306720733642578,3.306720733642578,3.306720733642578,0
2019-09-09,3.306720733642578,3.306720733642578,3.306720733642578,3.306720733642578,0
2019-09-16,3.306720733642578,3.306720733642578,3.306720733642578,3.306720733642578,0
2019-09-23,3.306720733642578,3.306720733642578,3.306720733642578,3.306720733642578,0
2019-09-30,3.306720733642578,3.306720733642578,3.306720733642578,3.306720733642578,0
2019-10-07,3.306720733642578,3.306720733642578,3.306720733642578,3.306720733642578,0
2019-10-14,3.306720733642578,3.306720733642578,3.306720733642578,3.306720733642578,0
2019-10-21,3.306720733642578,3.306720733642578,3.306720733642578,3.306720733642578,0
2019-10-28,3.306720733642578,3.306720733642578,3.306720733642578,3.306720733642578,0
2019-11-04,3.306720733642578,3.306720733642578,3.306720733642578,3.306720733642578,0
2019-11-11,3.306720733642578,3.306720733642578,3.306720733642578,3.306720733642578,0
2019-11-18,3.306720733642578,3.306720733642578,3.306720733642578,3.306720733642578,0
2019-11-25,3.306720733642578,3.306720733642578,3.306720733642578,3.306720733642578,0
2019-12-02,3.306720733642578,3.306720733642578,3.306720733642578,3.306720733642578,0
2019-12-09,3.306720733642578,3.306720733642578,3.306720733642578,3.306720733642578,0
2019-12-16,3.306720733642578,3.306720733642578,3.306720733642578,3.306720733642578,0
2019-12-23,3.306720733642578,3.306720733642578,3.306720733642578,3.306720733642578,0
2019-12-30,3.306720733642578,3.306720733642578,3.306720733642578,3.306720733642578,0
2020-01-06,3.306720733642578,3.306720733642578,3.306720733642578,3.306720733642578,0
2020-01-13,3.306720733642578,3.306720733642578,3.306720733642578,3.306720733642578,0
2020-01-20,3.306720733642578,3.306720733642578,3.306720733642578,3.306720733642578,0
2020-01-27,3.306720733642578,3.306720733642578,3.306720733642578,3.306720733642578,0
2020-02-03,3.306720733642578,3.306720733642578,3.306720733642578,3.306720733642578,0
2020-02-10,3.306720733642578,3.306720733642578,3.306720733642578,3.306720733642578,0
2020-02-17,3.306720733642578,3.306720733642578,3.306720733642578,3.306720733642578,0
2020-02-24,3.306720733642578,3.306720733642578,3.306720733642578,3.306720733642578,0
2020-03-02,3.306720733642578,3.306720733642578,3.306720733642578,3.306720733642578,0
2020-03-09,3.306720733642578,3.306720733642578,3.306720733642578,3.306720733642578,0
2020-03-16,3.306720733642578,3.306720733642578,3.306720733642578,3.306720733642578,0
2020-03-23,3.306720733642578,3.306720733642578,3.306720733642578,3.306720733642578,0
2020-03-30,3.306720733642578,3.306720733642578,3.306720733642578,3.306720733642578,0
2020-04-06,3.306720733642578,3.306720733642578,3.306720733642578,3.306720733642578,0
2020-04-13,3.306720733642578,3.306720733642578,3.306720733642578,3.306720733642578,0
2020-04-20,3.306720733642578,3.306720733642578,3.306720733642578,3.306720733642578,0
2020-04-27,3.306720733642578,3.306720733642578,3.306720733642578,3.306720733642578,0
2020-05-04,3.306720733642578,3.306720733642578,3.306720733642578,3.306720733642578,0
2020-05-11,3.306720733642578,3.306720733642578,3.306720733642578,3.306720733642578,0
2020-05-18,3.306720733642578,3.306720733642578,3.306720733642578,3.306720733642578,0
2020-05-25,3.306720733642578,3.306720733642578,3.306720733642578,3.306720733642578,0
2020-06-01,3.306720733642578,3.306720733642578,3.306720733642578,3.306720733642578,0
2020-06-08,3.306720733642578,3.306720733642578,3.306720733642578,3.306720733642578,0
2020-06-15,3.306720733642578,3.306720733642578,3.306720733642578,3.306720733642578,0
2020-06-22,3.306720733642578,3.306720733642578,3.306720733642578,3.306720733642578,0
2020-06-29,3.306720733642578,3.306720733642578,3.306720733642578,3.306720733642578,0
2020-07-06,3.306720733642578,3.306720733642578,3.306720733642578,3.306720733642578,0
2020-07-13,3.306720733642578,3.306720733642578,3.306720733642578,3.306720733642578,0
2020-07-20,3.306720733642578,3.306720733642578,3.306720733642578,3.306720733642578,0
2020-07-27,3.306720733642578,3.306720733642578,3.306720733642578,3.306720733642578,0
2020-08-03,3.306720733642578,3.306720733642578,3.306720733642578,3.306720733642578,0
2020-08-10,3.306720733642578,3.306720733642578,3.306720733642578,3.306720733642578,0
2020-08-17,3.306720733642578,3.306720733642578,3.306720733642578,3.306720733642578,0
2020-08-24,3.306720733642578,3.306720733642578,3.306720733642578,3.306720733642578,0
2020-08-31,3.306720733642578,3.306720733642578,3.306720733642578,3.306720733642578,0
2020-09-07,3.306720733642578,3.306720733642578,3.306720733642578,3.306720733642578,0
2020-09-14,3.306720733642578,3.306720733642578,3.306720733642578,3.306720733642578,0
2020-09-21,3.306720733642578,3.306720733642578,3.306720733642578,3.306720733642578,0
2020-09-28,3.306720733642578,3.306720733642578,3.306720733642578,3.306720733642578,0
2020-10-05,3.306720733642578,3.306720733642578,3.306720733642578,3.306720733642578,0
2020-10-12,3.306720733642578,3.306720733642578,3.306720733642578,3.306720733642578,0
2020-10-19,3.306720733642578,3.306720733642578,3.306720733642578,3.306720733642578,0
2020-10-26,3.306720733642578,3.306720733642578,3.306720733642578,3.306720733642578,0
2020-11-02,3.306720733642578,3.306720733642578,3.306720733642578,3.306720733642578,0
2020-11-09,3.306720733642578,3.306720733642578,3.306720733642578,3.306720733642578,0
2020-11-16,3.306720733642578,3.306720733642578,3.306720733642578,3.306720733642578,0
2020-11-23,3.306720733642578,3.306720733642578,3.306720733642578,3.306720733642578,0
2020-11-30,3.306720733642578,3.306720733642578,3.306720733642578,3.306720733642578,0
2020-12-07,3.306720733642578,3.306720733642578,3.306720733642578,3.306720733642578,0
2020-12-14,3.306720733642578,3.306720733642578,3.306720733642578,3.306720733642578,0
2020-12-21,3.306720733642578,3.306720733642578,3.306720733642578,3.306720733642578,0
2020-12-28,3.306720733642578,3.306720733642578,3.306720733642578,3.306720733642578,0
2021-01-04,3.306720733642578,3.306720733642578,3.306720733642578,3.306720733642578,0
2021-01-11,4.602301597595215,4.602301597595215,4.602301597595215,4.602301597595215,0
2021-01-18,8.817180633544922,9.518547511401188,8.55667308954144,8.596750966618531,56072717
2021-01-25,8.358955383300781,8.98283710063188,7.987564170769511,8.887985537838196,46701556
2021-02-01,8.921385765075684,8.99085391855317,8.31086214642642,8.496557104070583,29877158
2021-02-08,8.85592269897461,9.147157481616588,8.70095431731756,9.017571174837475,22916289
2021-02-15,8.937416076660156,9.037612132668034,8.729010939309026,8.90134638287907,24678703
2021-02-22,8.966806411743164,9.213954472941587,8.708970736146723,8.841228957070285,27530675
2021-03-01,9.13780689239502,9.577330701731153,9.02692389220061,9.124447373425573,29435749
2021-03-08,10.304079055786133,10.325454284584806,9.205938763277434,9.323501850168848,28633602
2021-03-15,10.59618854522705,10.988639418352738,10.45347839446233,10.660407296480257,43152443
2021-03-22,10.42636489868164,10.623303505009755,9.982537496601894,10.499146291262365,22519438
2021-03-29,10.788846015930176,10.89873261279434,10.364998588658649,10.489155792113301,14347051
2021-04-05,10.544812202453613,11.021462421866882,10.544812202453613,10.788845622637597,14733971
2021-04-12,10.877326011657715,10.903013238790164,10.496291096945836,10.524832989698202,18809336
2021-04-19,10.491037368774414,11.06245444732769,10.189293946705815,10.945838192151676,22019609
2021-04-26,10.06393051147461,10.534766836065158,10.008538616008181,10.488120480606492,19453065
2021-05-03,10.891902923583984,10.970618350241185,10.027489430298685,10.072677504070926,22886068
2021-05-10,10.829221725463867,11.03475722374092,10.326316990896219,10.93271826966069,15518672
2021-05-17,11.135337829589844,11.219884311625346,10.603279210451474,10.910852965984239,17746298
2021-05-24,11.718416213989258,11.80150511042631,11.119303551763924,11.170323378826248,15528143
2021-05-31,12.502656936645508,12.537641882052196,11.679059385128975,11.687804926397092,13899844
2021-06-07,12.51140308380127,12.794196419583422,12.141148780152012,12.521606909724666,20037995
2021-06-14,12.005582809448242,12.607611336147102,11.991005517672551,12.565337746064422,15708807
2021-06-21,12.412281036376953,12.597408203587278,11.73882568912869,11.868560256674959,11368238
2021-06-28,12.158639907836914,12.493910659714736,11.923951910706167,12.419568697728236,14121644
2021-07-05,12.009956359863281,12.485164119671389,11.571189744501268,12.098875616055906,18083924
2021-07-12,11.44145393371582,12.077009093060141,11.397722755282267,12.033278609710088,12343842
2021-07-19,11.460404396057129,11.607631427613454,10.836510630777743,11.297142482667043,14605322
2021-07-26,11.800047874450684,11.954563551194488,11.063911329616065,11.402096571261305,8556989
2021-08-02,12.996816635131836,13.109058725402791,11.85252423370749,11.916663762576963,16349134
2021-08-09,13.544909477233887,13.651321206816958,13.012850829318534,13.04637748887429,12534406
2021-08-16,12.498284339904785,13.5536560681053,12.406448514500093,13.355408515790215,14040010
2021-08-23,12.502656936645508,12.827723881701615,12.413737678000988,12.724227330776458,12076760
2021-08-30,12.492452621459961,12.632392397613188,12.222779675651529,12.556592148919208,12369707
2021-09-06,12.173216819763184,12.610525817630105,11.942900905105528,12.531810392637436,10854755
2021-09-13,12.353972434997559,12.92538808637946,12.126571690493362,12.177590820958976,19976233
2021-09-20,12.234439849853516,12.316071845681943,11.59888469546506,12.116367406712364,16369664
2021-09-27,11.864185333251953,12.505572226228555,11.625123185989514,12.353971738440157,13732990
2021-10-04,12.154268264770508,12.200913930780244,11.49976231437085,11.81025195990571,11590759
2021-10-11,12.536184310913086,12.600322447255305,12.040567521434298,12.077009360003666,8679282
2021-10-18,12.28254508972168,12.584289207663403,11.97642889613622,12.536185254245218,10089384
2021-10-25,12.56387996673584,13.11197275332305,12.244643416051272,12.256305526684452,12683313
2021-11-01,12.903523445129395,12.983695768062562,12.547845039354915,12.575541337144054,8883320
2021-11-08,13.028885841369629,13.087193623049753,12.700905090731624,12.877285330967874,12053242
2021-11-15,12.762127876281738,13.266490250340375,12.566796879865999,13.005562826671769,12968138
2021-11-22,11.346704483032227,12.807316221821411,11.326296829916938,12.724227324066124,18099746
2021-11-29,11.485184669494629,11.81753952752973,10.867121310261236,11.488099849583344,22295638
2021-12-06,12.030364990234375,12.381669968128403,11.460405481973051,11.533290557123347,16256697
2021-12-13,12.005582809448242,12.326276277678149,11.829201193396734,12.119283182997926,13090148
2021-12-20,11.967681884765625,12.125112732949406,11.402095930237865,11.66156572877851,9594044
2021-12-27,12.15572452545166,12.399159449454586,11.985174667181234,11.985174667181234,6735779
2022-01-03,13.114888191223145,13.568231377181819,12.14989404532773,12.14989404532773,16407591
2022-01-10,13.833534240722656,13.96035363275518,12.986613805179731,13.241709484459413,14046675
2022-01-17,13.19943618774414,14.101749150416424,12.951627785388707,13.92391063725168,20116767
2022-01-24,12.439976692199707,13.190689148948547,11.93852814070062,13.116347184914966,27780962
2022-01-31,11.993921279907227,12.848131713134718,11.910832380955007,12.657172796042705,19223264
2022-02-07,12.214033126831055,12.536184888946647,11.816082503816192,12.171760925781536,17413692
2022-02-14,12.176132202148438,12.59594873585977,11.543492916456348,11.821912088714937,20790588
2022-02-21,12.31752872467041,12.760668085042388,11.403553707017771,12.300036253456136,36514197
2022-02-28,10.068305969238281,12.065349938698924,10.002709540613322,11.833575705535113,40591682
2022-03-07,9.832158088684082,10.684910194619885,8.862790428959372,9.329253339198534,41484360
2022-03-14,10.690741539001465,11.114930870641311,9.86422811887669,10.149935955340448,29406640
2022-03-21,10.526021003723145,11.078487255108916,10.38899711210689,10.690740496590584,21090146
2022-03-28,10.770914077758789,11.307346171690128,10.520190502566274,10.568294452400693,20749363
2022-04-04,10.03769302368164,10.954583215141701,9.824868885497201,10.893360261400383,24580189
2022-04-11,10.259263038635254,10.329232230216615,9.839446498980063,9.928365752352576,16791033
2022-04-18,10.333240509033203,11.077737573863155,10.31750025476348,11.077737573863155,18795622
2022-04-25,10.237227439880371,10.380459852066108,9.514766124940598,10.190007427238022,22488018
2022-05-02,10.353702545166016,10.600818986950603,9.61707559637893,10.14436211376828,24181574
2022-05-09,10.816454887390137,10.852656269276832,10.018441604214322,10.374163674846502,21727369
2022-05-16,10.640169143676758,11.057276141752244,10.24824565280948,10.818029821127626,17378170
2022-05-23,10.81488037109375,10.940800147698521,10.16482336148998,10.929781519907788,17483610
2022-05-30,10.857378005981445,11.411422621382297,10.819602748479067,10.939225523041493,16520990
2022-06-06,10.235652923583984,11.128105543053238,10.182137409040868,11.013204386686258,18767536
2022-06-13,9.629667282104492,10.149083668596457,9.511618376278733,9.974370747587953,25513791
2022-06-20,9.783918380737305,10.046774326206599,9.499025928875175,9.662720972991613,17976866
2022-06-27,9.214133262634277,10.060939651760586,9.05830836208084,9.840580615201663,23167106
2022-07-04,9.821693420410156,9.827989672172224,8.782860664549712,9.365236557954105,25862409
2022-07-11,9.4171781539917,9.80280612273192,9.091362700384352,9.541523309082338,18466234
2022-07-18,9.955482482910156,10.145935653348372,9.470694368517613,9.612352901707055,20005997
2022-07-25,10.95654010772705,10.995889992648936,9.813824072901163,9.966500485582399,24830049
2022-08-01,11.277633666992188,11.575117859192526,10.984871851148121,11.046257490023374,19927650
2022-08-08,11.680575370788574,11.745108762215368,11.225692379083496,11.320131653240505,14379518
2022-08-15,11.362628936767578,11.88676768015068,11.346889433497756,11.752978524942439,11610765
2022-08-22,10.816454887390137,11.315409360876258,10.632297975888026,11.293373606591036,17011668
2022-08-29,10.60081958770752,10.994316966236,10.293891362262098,10.734608756450138,18315530
2022-09-05,10.46230697631836,10.627575888485575,10.057791760434053,10.359997578258977,16994153
2022-09-12,10.537859916687012,10.970706426457191,10.46230789271073,10.610263439306497,18075595
2022-09-19,9.821693420410156,10.789697284264628,9.722532521279819,10.58665235901162,20327888
2022-09-26,9.66114616394043,10.263983892650574,9.486433258781172,9.758733180520274,20304422
2022-10-03,9.680034637451172,10.18528537412171,9.420326455150729,9.541523106533198,16051105
2022-10-10,9.815398216247559,9.999555142324496,9.340053334655627,9.569855648144975,15690807
2022-10-17,10.290742874145508,10.462307292587834,9.805954000431015,9.947613286724224,14729646
2022-10-24,10.665352821350098,10.770809979092071,10.314353086988598,10.39620061252844,14129997
2022-10-31,10.676369667053223,11.071440876787745,10.303334211980793,10.71729342586471,18473032
2022-11-07,11.198934555053711,11.328002091994279,10.577208753515379,10.69998003845763,20343169
2022-11-14,11.332722663879395,11.49326994480354,11.024221355392923,11.236709520690662,19737294
2022-11-21,11.527898788452148,11.597154559878158,11.301244218818548,11.332723978460066,12491782
2022-11-28,11.490123748779297,11.863159245466392,11.323280193871506,11.466513365690352,17319451
2022-12-05,10.833768844604492,11.545212273364763,10.677943930511796,11.490122884706727,21152088
2022-12-12,10.5173978805542,11.101347679149379,10.492213622753715,10.766088204565227,19779542
2022-12-19,10.378885269165039,10.720440960626817,10.279724375181251,10.556745928675257,15451108
2022-12-26,10.44342041015625,10.561469319247147,10.271855235066997,10.378886265990388,7244079
2023-01-02,11.364203453063965,11.373647455773213,10.515823839423648,10.528415592857094,15451247
2023-01-09,11.191064834594727,11.699463338309112,11.098199436056849,11.458643152452115,22856597
2023-01-16,11.024222373962402,11.378369849204045,10.84478707275829,11.254024688974699,18534307
2023-01-23,11.180047035217285,11.198934289691383,10.863674827629051,11.079311508851118,14318229
2023-01-30,11.982781410217285,12.020557420763138,10.899877113627081,11.220970951656886,25684761
2023-02-06,12.119717597961426,12.363686275498477,11.734090390420972,11.866305668889202,18565758
2023-02-13,12.552565574645996,12.654874977827506,12.0803691951967,12.0803691951967,15769960
2023-02-20,12.941340446472168,13.448164301562775,12.417201712061605,12.618672754330023,32707030
2023-02-27,13.899900436401367,13.964433074951831,12.939765974274172,12.985412109643924,26365847
2023-03-06,13.284469604492188,13.994339145649528,13.010595790720291,13.936102007372567,17797631
2023-03-13,12.368408203125,13.259286165833089,12.1622162793794,13.259286165833089,29059578
2023-03-20,12.525808334350586,12.84375367495006,11.98907780567997,12.35581703539586,16932315
2023-03-27,13.164847373962402,13.179013001857044,12.607655002236342,12.711538274894652,14489191
2023-04-03,12.780794143676758,13.268731533259817,12.628116975011155,13.18216163323541,12954750
2023-04-10,13.509551048278809,13.533159928137328,12.780793501776223,12.780793501776223,14416511
2023-04-17,12.552565574645996,13.6338959965947,12.363687022866278,13.553623099937141,23018391
2023-04-24,12.880770683288574,13.00792939101783,12.452901583545417,12.85327739583998,18952902
2023-05-01,12.64879322052002,13.086973317249774,12.176246105578578,12.880770388605312,14596409
2023-05-08,12.836092948913574,12.995900441026727,12.63504634669739,12.708935065786624,11178867
2023-05-15,13.253653526306152,13.37393850537368,12.506170230626145,12.882490039968019,12179477
2023-05-22,12.684879302978516,13.339571739539496,12.361828654992289,13.30004921533467,13567089
2023-05-29,12.695189476013184,12.849841477664986,12.150471833374937,12.770797248723417,14443494
2023-06-05,12.927165985107422,13.169454163020886,12.502733345813878,12.758768167310356,14149562
2023-06-12,13.628254890441895,13.684960513215069,13.018239683772272,13.02683082406035,14753137
2023-06-19,13.001055717468262,13.616225606087825,12.67285039779286,13.569830171202366,13683718
2023-06-26,13.81555461883545,13.901472575219431,12.798289882696087,13.035422557391568,14427652
2023-07-03,13.918656349182129,14.09736517219867,13.578421802622142,13.892880470910963,15051234
2023-07-10,14.365427017211914,14.520079012024693,13.844767049340868,13.887725208456095,11924626
2023-07-17,14.188437461853027,14.391203122466242,14.13345088622008,14.320750036109574,8188039
2023-07-24,15.956623077392578,16.05456945336482,14.135168554550235,14.174690258934156,21446120
2023-07-31,15.332860946655273,16.219530541225822,15.257252356644283,16.049413671824226,16942603
2023-08-07,14.475401878356934,15.379255381730074,14.42900726292881,15.222885977464893,14591567
2023-08-14,14.04753303527832,14.619744773967872,13.879133573461138,14.446189808536701,12087817
2023-08-21,14.361989974975586,14.581939542565774,14.009727840611703,14.01660075248994,11873444
2023-08-28,14.429007530212402,14.896398342991949,14.386047731336424,14.537263273632094,12067511
2023-09-04,14.597405433654785,14.769241352606969,14.241706818497466,14.526953985108435,12159134
2023-09-11,15.360355377197266,15.525316755290753,14.70566209128911,14.717690508038126,18673073
2023-09-18,15.709179878234863,16.020201280664963,15.107755810125289,15.463454419679252,14763148
2023-09-25,15.638727188110352,15.81743602113171,15.221167441483287,15.551091819080133,15354876
2023-10-02,15.456581115722656,15.709179480127036,14.69191474918219,15.595768237128938,9035273
2023-10-09,16.16969871520996,16.499623103656116,15.209139525507295,15.37066444403081,16623650
2023-10-16,15.164461135864258,16.47384594129498,15.131812345192499,16.152513538038374,13478112
2023-10-23,14.884369850158691,15.502977840786732,14.686759692596402,15.28474730762026,14855134
2023-10-30,16.064878463745117,16.11814763047639,14.463373560681989,15.00121745405153,16490610
2023-11-06,15.456581115722656,16.066597128060113,15.277872291756116,16.05284966515934,9030897
2023-11-13,15.860393524169922,16.271080341341374,15.506413967767795,15.532188207664339,10604727
2023-11-20,16.14735984802246,16.250460085865445,15.898197935529232,15.992707852509248,7453181
2023-11-27,17.260852813720703,17.325291694765106,15.927411093782098,16.137049675148415,13789635
2023-12-04,18.05558967590332,18.223128794577136,17.20930212276267,17.252260282871784,12606469
2023-12-11,18.49806785583496,18.807370235016553,17.952490663651552,18.06418287082151,11347637
2023-12-18,18.223129272460938,18.5796882379623,18.008335188785072,18.455107276130587,7754653
2023-12-25,18.16728401184082,18.36918933638296,18.13721297119095,18.223129293762682,2813744
2024-01-01,17.613115310668945,18.467996506553344,17.368250180132723,18.167284453987275,8135904
2024-01-08,17.574451446533203,18.27897576218274,17.389728407826464,17.561564326216054,9006243
2024-01-15,16.901718139648438,17.441279478658654,16.74878354121991,17.333882433497582,11118301
2024-01-22,16.771121978759766,17.200710134125035,16.45322602274001,17.092452752183867,10756014
2024-01-29,18.244609832763672,18.394965034526397,16.57351213853456,16.769403253009884,13065482
2024-02-05,19.288509368896484,19.383017651361268,17.900938146301495,18.3004552730241,12779195
2024-02-12,20.418323516845703,20.98108456322341,19.163926950185314,19.331466060509946,16698823
2024-02-19,21.1357364654541,21.208765661444367,19.993032097542798,20.379660433885743,12989669
2024-02-26,20.985380172729492,21.22595012324829,20.51283386996794,21.13573700633451,10512311
2024-03-04,21.556732177734375,21.694200246214457,20.843615957963213,20.933829070637895,9131305
2024-03-11,22.342878341674805,22.450275376200494,21.25602087667442,21.294683874653618,11255365
2024-03-18,23.159095764160156,23.356705908454,22.445979541872617,22.493234497844764,7473503
2024-03-25,22.617816925048828,23.494175512266075,22.557673207042384,23.15480211663357,7553782
2024-04-01,21.131441116333008,22.69514340385716,20.77917895430114,22.61352060421033,12020083
2024-04-08,20.955310821533203,21.95625206397569,20.82643469574095,21.144330668860768,9957358
2024-04-15,20.817842483520508,21.85744671499109,20.40114306979469,21.187288574735287,11762398
2024-04-22,21.143693923950195,21.786220599711655,20.716872957332605,21.194178387855725,15958733
2024-04-29,18.679147720336914,21.542976705275727,18.2752737734758,21.331861454931346,19002312
2024-05-06,18.605716705322266,18.757168344863615,18.04029281581559,18.752579643981168,11999185
2024-05-13,19.087610244750977,19.798977910250546,18.651610143075672,18.734220762371802,13974896
2024-05-20,18.881084442138672,19.193168627194215,18.399190311043725,19.165631169426607,9023653
2024-05-27,18.564411163330078,19.330852005494755,18.495568395739966,18.92238935301233,10499229
2024-06-03,18.532285690307617,18.968285816090326,18.192664042117947,18.862726435018665,10869434
2024-06-10,17.267427444458008,18.734222111475646,16.709347904392683,18.220201804973655,21097201
2024-06-17,17.4656925201416,17.726374863881357,17.278441649917117,17.39960366875453,14207357
2024-06-24,16.959012985229492,17.931980341289382,16.72036028454608,17.537287308239673,13301524
2024-07-01,16.624900817871094,17.462021006845823,16.432143858655035,17.304142377706988,11419797
2024-07-08,17.105876922607422,17.18481623415889,16.347696077188306,16.522096474628917,9200228
2024-07-15,17.054475784301758,17.70801641867579,16.791958662464893,17.096698487323778,11419646
2024-07-22,14.84602165222168,17.597869668268746,14.721188326254643,17.138922535577237,23710838
2024-07-29,13.48753833770752,14.945153804895881,13.191975926920898,14.915781567047704,19493748
2024-08-05,12.914772033691406,13.340675617098816,12.830325754274032,13.041441890503561,18192572
2024-08-12,13.175454139709473,13.426957318106492,12.569644075174853,12.95515972994637,11351713
2024-08-19,13.73353385925293,13.799622708357958,13.219513562395118,13.219513562395118,8423093
2024-08-26,13.898755073547363,14.040110173391962,13.68947459391863,13.761070409259169,11295786
2024-09-02,12.907428741455078,13.869381314367295,12.876219973898346,13.830829925295195,12029359
2024-09-09,12.49254035949707,13.013905018974269,12.28142510332265,12.911100436351163,13598841
2024-09-16,12.378722190856934,13.085500324112267,12.358528229779173,12.42278142398216,13138820
2024-09-23,13.351689338684082,13.39207725996564,12.34751315430743,12.38973673103412,15446435
2024-09-30,11.117535591125488,12.536599668454862,10.796272253247066,12.409930689045973,30046808
2024-10-07,10.877047538757324,11.240533588619394,10.65124528037433,11.211160474527356,11308110
2024-10-14,11.178116798400879,11.299278813651387,10.755885400501807,10.96149369533213,12224684
2024-10-21,11.633391380310059,11.868372781520934,10.886225351271735,11.196473876938027,15427163
2024-10-28,11.677451133728027,11.815134925479168,11.000045232612681,11.769240036438054,16112409
2024-11-04,11.501214981079102,12.255724534729943,11.330486765567063,11.633391805245227,15182989
2024-11-11,11.651749610900879,11.80962735585664,11.271740929464322,11.572810300736922,11730623
2024-11-18,11.492036819458008,11.826149756528572,10.939464245147956,11.668272003207445,11228900
2024-11-25,11.49937915802002,11.842672114900846,10.871539471223013,11.622376827586042,16929367
2024-12-02,11.877551078796387,12.015235740000675,10.350175469819947,10.834823516425397,24591468
2024-12-09,12.244709014892578,12.362199712962214,11.932624840541939,11.978519726541528,13143118
2024-12-16,11.359859466552734,12.19147089729459,11.073476212040639,12.174949123138953,14576508
2024-12-23,11.547109603881836,11.576482717115898,11.196474028123138,11.367202239704284,4244762
2024-12-30,11.183623313903809,11.754553286943134,11.062461303538623,11.488363995220464,8169115
2025-01-06,11.271740913391113,12.039100896803376,11.176279829316012,11.218503405136378,14752816
2025-01-13,11.525079727172852,11.829820408430333,10.932120138660059,11.179952000925535,14466018
2025-01-20,11.73619556427002,12.114367704517498,11.312128538588457,11.563630830052748,12895366
2025-01-27,11.895909309387207,12.257559686656712,11.624212174896076,11.728852411712358,13564538
2025-02-03,11.479185104370117,11.79494147604738,10.922941237259092,11.200145343091847,17583203
2025-02-10,12.316305160522461,12.391572285391831,11.482857194552418,11.550780822329001,14456920
2025-02-17,12.3805570602417,12.62104542093147,11.794940979892083,12.353020478972956,11513991
2025-02-24,11.352516174316406,12.501719648566855,11.034925021183575,12.466839568833745,25635512
2025-03-03,10.682453155517578,11.58933349842712,9.953645401596363,11.198309990669706,31077484
2025-03-10,10.3428316116333,11.07898280832668,9.940794200713196,10.801778715545717,27490441
2025-03-17,10.188626289367676,10.765063227757057,10.107851324120821,10.41993550195824,14747200
2025-03-24,9.636054039001465,10.629215421572614,9.636054039001465,10.386891393850057,16868364
2025-03-31,8.064619064331055,9.582815528670809,7.770892310799527,9.454310894662171,27626572
2025-04-07,7.035659313201904,8.14172180215468,6.893385951134081,7.5386656647540145,38307080
2025-04-14,7.601999759674072,7.752534885068303,7.113680399447002,7.28991601397003,16115901
2025-04-21,8.194999694824219,8.380000114440918,7.264999866485596,8.281999588012695,19589046
2025-04-28,8.375,8.64799976348877,8.079999923706055,8.244999885559082,13858469
2025-05-05,8.774999618530273,8.913999557495117,8.159000396728516,8.416000366210938,14278880
2025-05-12,9.565999984741211,9.833999633789062,8.960000038146973,8.970999717712402,18707629
2025-05-19,8.751999855041504,9.642999649047852,8.626999855041504,9.5,14682692
2025-05-26,8.956999778747559,9.371000289916992,8.899999618530273,8.977999687194824,12199289
2025-06-02,8.673999786376953,8.836000442504883,8.454999923706055,8.836000442504883,12557641
2025-06-09,8.47700023651123,9.25,8.449999809265137,8.623000144958496,14773533
2025-06-16,8.192000389099121,8.829999923706055,8.152999877929688,8.454999923706055,13678769
2025-06-23,8.812000274658203,8.843999862670898,7.9629998207092285,8.116999626159668,16535726
2025-06-30,8.57699966430664,8.88700008392334,8.300000190734863,8.819000244140625,18523077
2025-07-07,8.600000381469727,9.017000198364258,8.289999961853027,8.440999984741211,15705215
2025-07-14,7.913000106811523,8.666000366210938,7.78000020980835,8.404999732971191,20375028
2025-07-21,8.498000144958496,8.723999977111816,7.619999885559082,7.650000095367432,27074753
2025-07-28,7.59499979019165,8.899999618530273,7.559999942779541,8.887999534606934,20753857
2025-08-04,8.083000183105469,8.135000228881836,7.451000213623047,7.603000164031982,13271896
2025-08-11,8.416999816894531,8.49899959564209,8.019000053405762,8.116000175476074,20888327
2025-08-18,8.64900016784668,8.701000213623047,8.222999572753906,8.319999694824219,14580301
2025-08-25,8.178999900817871,8.64900016784668,8.088000297546387,8.637999534606934,15353996
2025-09-01,7.75,8.366999626159668,7.6539998054504395,8.237000465393066,14473033
2025-09-08,7.98799991607666,8.156000137329102,7.414999961853027,7.7179999351501465,20321209
2025-09-15,8.456000328063965,8.812000274658203,8.008000373840332,8.055999755859375,23910188
2025-09-22,7.900000095367432,8.526000022888184,7.8470001220703125,8.378999710083008,20286160
2025-09-29,9.005999565124512,9.036999702453613,7.697000026702881,7.875999927520752,25709276
2025-10-06,8.5600004196167,9.529999732971191,8.5600004196167,9.159000396728516,26479680
2025-10-13,8.907999992370605,8.979999542236328,8.326000213623047,8.739999771118164,18147346
2025-10-20,9.449000358581543,9.593000411987305,8.852999687194824,9.003999710083008,13242757
2025-10-27,8.777000427246094,9.920000076293945,8.611000061035156,9.449000358581543,22693534
2025-11-03,8.720000267028809,9.057999610900879,8.418999671936035,8.77400016784668,11589266
2025-11-10,9.01099967956543,9.493000030517578,8.83899974822998,8.890000343322754,11640830
2025-11-17,8.446999549865723,9.045000076293945,8.01200008392334,8.963000297546387,12984583
2025-11-24,9.199000358581543,9.208000183105469,8.595999717712402,8.619999885559082,14398454
2025-12-01,10.411999702453613,10.494000434875488,9.027999877929688,9.10200023651123,21292050
2025-12-08,10.041999816894531,10.425999641418457,9.815999984741211,10.387999534606934,13456726
2025-12-15,9.902000427246094,10.336000442504883,9.838000297546387,10.100000381469727,12460278
2025-12-22,9.42199993133545,9.939000129699707,9.364999771118164,9.890000343322754,6410449
2025-12-29,9.706999778747559,9.706999778747559,9.281999588012695,9.402999877929688,6485427
2026-01-05,9.402000427246094,9.850000381469727,8.982999801635742,9.736000061035156,14544225
2026-01-12,8.397000312805176,9.350000381469727,8.395000457763672,9.345000267028809,17814982
2026-01-19,8.281000137329102,8.506999969482422,8.02299976348877,8.184000015258789,13477372
2026-01-26,8.286999702453613,8.286999702453613,8.013999938964844,8.229999542236328,12850366
2026-02-02,6.110000133514404,8.819000244140625,5.730000019073486,8.21500015258789,56885443
2026-02-09,6.605999946594238,6.776000022888184,5.994999885559082,6.199999809265137,39166736
2026-02-16,6.559999942779541,6.735000133514404,6.385000228881836,6.573999881744385,20124967
2026-02-23,6.934999942779541,6.958000183105469,6.416999816894531,6.51800012588501,19573622
2026-03-02,6.171999931335449,6.683000087738037,6.081999778747559,6.579999923706055,30236367
2026-03-09,5.709000110626221,6.197999954223633,5.709000110626221,5.989999771118164,33731703
2026-03-16,5.525000095367432,5.995999813079834,5.51200008392334,5.702000141143799,21500268
2026-03-23,5.875,6.03000020980835,5.309999942779541,5.426000118255615,21077003
2026-03-30,6.573999881744385,6.59499979019165,5.809999942779541,5.8420000076293945,17355266
2026-04-06,6.890999794006348,6.940999984741211,6.258999824523926,6.573999881744385,23456440
2026-04-13,7.434000015258789,7.438000202178955,6.6519999504089355,6.750999927520752,24218667
2026-04-20,6.833000183105469,7.531000137329102,6.800000190734863,7.2210001945495605,17087384
2026-04-27,6.215000152587891,6.9670000076293945,5.952000141143799,6.869999885559082,18775641
2026-05-04,6.521999835968018,6.684999942779541,6.047999858856201,6.271999835968018,21974025
2026-05-11,6.478000164031982,6.789999961853027,6.190000057220459,6.48799991607666,25121084
2026-05-18,6.511000156402588,6.65500020980835,5.999000072479248,6.380000114440918,26729889
2026-05-25,6.85699987411499,7.1620001792907715,6.624000072479248,6.650000095367432,20439141
2026-06-01,6.2270002365112305,6.8979997634887695,6.2270002365112305,6.867000102996826,17050588
2026-06-08,5.900000095367432,6.291999816894531,5.6519999504089355,6.130000114440918,32673410
2026-06-15,5.589000225067139,6.2820000648498535,5.422999858856201,6.1579999923706055,32864986
2026-06-22,5.02400016784668,5.689000129699707,4.912499904632568,5.624000072479248,43218985
2026-06-29,4.929999828338623,5.210000038146973,4.833000183105469,5.03000020980835,34198639
2026-07-06,4.841000080108643,5.159999847412109,4.59250020980835,5.004000186920166,29824130
2026-07-13,5.084000110626221,5.269000053405762,4.769999980926514,4.8414998054504395,25878667
2026-07-20,5.008999824523926,5.206999778747559,4.929999828338623,5.070000171661377,16621536
2026-07-27,4.9704999923706055,5.336999893188477,4.822500228881836,5.085000038146973,37285077
2026-08-03,4.796500205993652,5.164999961853027,4.6875,5.010000228881836,33156821
2026-08-10,4.610000133514404,4.88100004196167,4.605999946594238,4.798500061035156,25945168
2026-08-17,4.64900016784668,4.760499954223633,4.375,4.638999938964844,35115255
2026-08-24,4.681000232696533,4.7170000076293945,4.381499767303467,4.570000171661377,26246147
2026-08-31,4.78000020980835,4.809999942779541,4.47599983215332,4.679999828338623,21883858
2026-09-07,4.677999973297119,4.870999813079834,4.492000102996826,4.770500183105469,15779199
2026-09-14,4.198500156402588,4.695000171661377,4.15500020980835,4.605999946594238,25209159
2026-09-21,4.026500225067139,4.315999984741211,3.927000045776367,4.250500202178955,20699249
2026-09-28,3.882499933242798,4.189000129699707,3.8125,4.081999778747559,23721081
