Price,Close,High,Low,Open,Volume
Ticker,STMPA.PA,STMPA.PA,STMPA.PA,STMPA.PA,STMPA.PA
Date,,,,,
2001-09-03,14.622800827026367,17.607557236115,13.734898099879484,16.7046059264483,45354459
2001-09-10,12.430627822875977,15.676235217952291,12.430627822875977,14.487349118030146,33936161
2001-09-17,10.454172134399414,12.89214154811807,9.470957758100626,11.98918945272508,40676211
2001-09-24,10.775222778320312,11.939026972459668,10.459190122264296,11.02604268074007,23332951
2001-10-01,13.198145866394043,13.99575340601442,11.412308040870183,11.838702159032367,33183516
2001-10-08,15.174604415893555,16.077555700895342,12.626274191926322,13.002504053477402,36312478
2001-10-15,14.90372371673584,16.23808602013654,14.311789329346446,15.04919977381451,33877223
2001-10-22,15.937089920043945,17.00558277692858,14.788334805725912,14.994006959999185,24008442
2001-10-29,16.418672561645508,17.090870057692044,14.80339253982738,17.030673809665192,28305401
2001-11-05,17.868410110473633,18.460345259704958,16.41365575964057,16.418671315927174,29785608
2001-11-12,20.04050636291504,20.185982334927246,17.130996490688897,17.908537641617773,32688174
2001-11-19,19.573984146118164,20.55719764062853,18.440277189024403,20.160901761219478,25067033
2001-11-26,19.01214599609375,20.46690002389176,18.36001283460798,19.965260308043412,30513236
2001-12-03,19.83985137939453,21.470180538101857,18.3800798092192,18.911818623725708,41609875
2001-12-10,17.416933059692383,19.28303166351384,16.754768730335766,18.936900918405914,126856669
2001-12-17,17.59250831604004,18.615854007042163,16.804933952546342,17.602541342062107,22273368
2001-12-24,18.084115982055664,18.25467360545209,17.532312919445886,17.8834611927449,4337021
2001-12-31,19.4636287689209,19.915105468292516,18.069070385357723,18.084118970801956,18727421
2002-01-07,18.726221084594727,19.84989355093446,18.56569453294156,19.694384470622918,29203549
2002-01-14,17.306564331054688,18.560663195623867,17.141022362402115,18.475385391362607,30481082
2002-01-21,17.863388061523438,18.033945617337945,16.413649793901815,17.40689606119687,39498624
2002-01-28,17.983783721923828,18.41017864454242,17.50722750488499,18.15935877721515,25953709
2002-02-04,17.14103126525879,17.89349097481931,16.64440892856708,17.89349097481931,21202593
2002-02-11,17.682802200317383,18.05903203436669,16.96545716364173,17.65772059410154,20963671
2002-02-18,15.816704750061035,17.577460731153817,15.801655210174024,17.38683705312668,29094839
2002-02-25,17.855117797851562,18.006431964125422,15.998991521898065,16.26631424181602,25453987
2002-03-04,19.796987533569336,19.812118373308508,18.495681442206894,18.56629651713917,35739073
2002-03-11,18.909265518188477,19.897852913344217,18.359489541198087,19.83228277185097,35153504
2002-03-18,19.116065979003906,19.75662900392605,18.995013532145553,19.095890250516952,25354464
2002-03-25,19.16146469116211,19.529663160104384,18.788221326938217,19.070675816730994,12629940
2002-04-01,18.193056106567383,19.52966899402804,18.193056106567383,19.161470415097092,20104831
2002-04-08,17.401165008544922,18.28383279883343,17.33559486252868,18.213219683460444,27520319
2002-04-15,18.016517639160156,19.393479655586198,17.43143485645828,17.653362145047346,38805950
2002-04-22,17.445926666259766,18.30433735505116,17.203552223463518,17.92562692701562,35663883
2002-04-29,15.814948081970215,17.65800635761976,15.814948081970217,17.173255522471376,31138515
2002-05-06,16.112857818603516,17.04196032523552,15.21405186065671,15.855334747004546,30891955
2002-05-13,16.82989501953125,17.415633830875333,15.602871920603311,15.698812180614494,32679467
2002-05-20,15.703865051269531,16.915738674105693,15.592776001794954,16.713758934374017,28895454
2002-05-27,14.890893936157227,16.10781670294259,14.451590378347301,15.658413969224053,32981014
2002-06-03,12.371208190917969,14.744460759726019,12.103585789455884,14.592975999930118,41479072
2002-06-10,11.886459350585938,12.82566062991994,11.31081880048584,12.744869142732295,33280904
2002-06-17,11.95715045928955,12.724670473539579,11.6137861916982,11.977347847501182,31721362
2002-06-24,12.84708309173584,12.923402203141269,10.939100454349328,12.06353775616637,35519188
2002-07-01,12.872515678405762,13.132001296597215,11.488593351834318,12.490919352321209,29113040
2002-07-08,11.931246757507324,13.177794303376166,11.600529130825024,12.668999149033846,40667033
2002-07-15,12.384073257446289,13.498334838284137,11.554736671139468,11.732815156639987,43057564
2002-07-22,10.735581398010254,12.363725832448505,10.287840974963446,12.363725832448505,49577994
2002-07-29,9.870631217956543,11.427544973079053,9.779047884634583,10.455745772518735,41977172
2002-08-05,10.379423141479492,10.404863486826837,8.92935645197906,9.92150760017671,25130687
2002-08-12,10.379423141479492,10.476094512899508,9.539911154016067,10.328543421234752,17998334
2002-08-19,11.42244815826416,12.109320633112347,10.359066528758433,10.430297518339856,24923109
2002-08-26,10.481182098388672,11.595443941493972,10.287839364469082,11.264726260386762,25790363
2002-09-02,9.779044151306152,10.481182125087027,9.158314308638197,10.409950131669463,27238293
2002-09-09,9.020939826965332,10.277664754194706,8.9955004518631,9.81974823875488,27011615
2002-09-16,7.682806968688965,9.158312711442539,7.591223686302582,9.107433002289023,33186160
2002-09-23,7.626836776733398,7.860882491330257,6.609246797655702,7.611573062910152,38419420
2002-09-30,6.522751808166504,7.341912076677246,6.446432751514136,7.275768667806987,34864430
2002-10-07,7.240157604217529,7.240157604217529,5.647628584258237,6.446437129217219,41067500
2002-10-14,9.03111457824707,9.153225306794745,6.995933828219562,7.168924269607885,57720607
2002-10-21,9.717987060546875,9.794306135041678,8.568109964082824,8.954794374699471,55531711
2002-10-28,10.303108215332031,10.430307082187982,9.214286225589198,9.87063187393173,40808158
2002-11-04,10.023268699645996,11.793876269981704,9.987652210264729,10.735581989619545,44286727
2002-11-11,10.954361915588379,11.254551186167873,9.59079051101371,9.926595293280617,33863088
2002-11-18,12.480751991271973,12.643566370260478,11.04086099272329,11.091739758319513,30254450
2002-11-25,13.091304779052734,13.462725170269506,12.16020928068115,12.516366431720622,32333357
2002-12-02,11.590356826782227,13.712033183020875,11.198584228307348,12.994631915917516,50463413
2002-12-09,10.745759010314941,11.809140477308167,10.654175685298734,11.788789166443557,29553578
2002-12-16,10.069056510925293,11.43771476931843,9.64166850615986,10.679610110268959,33058759
2002-12-23,9.67728328704834,10.150462897648918,9.621315514046222,10.150462897648918,5418781
2002-12-30,10.64399528503418,10.786458285875101,9.321127612925,9.677284629802402,16254703
2003-01-06,10.552413940429688,11.020505634615718,9.794309093298502,10.786460272747691,27995189
2003-01-13,9.44324016571045,10.98489022010652,9.427976928332757,10.562590174707264,35954674
2003-01-20,8.970061302185059,9.560264781831377,8.929357714324977,9.326218423798341,39354340
2003-01-27,8.532496452331543,8.97005970111399,8.217042974883814,8.85303702820996,34903909
2003-02-03,8.257744789123535,8.751276690024685,8.064403065266694,8.700396982551926,26229164
2003-02-10,8.19160270690918,8.405296724322456,7.850709892712997,8.247569517587792,27572365
2003-02-17,8.588464736938477,8.995501582902197,8.395122938682015,8.400211008432196,27931246
2003-02-24,8.82958698272705,8.922259191870994,8.294148970545292,8.742063338756482,23002949
2003-03-03,8.273554801940918,9.097306581070056,8.201476852688206,8.984041091960307,26761253
2003-03-10,9.380470275878906,9.380470275878906,7.825639504808829,8.361077984322218,37043747
2003-03-17,10.451349258422852,10.471943522193547,8.834736867987985,8.834736867987985,44018818
2003-03-24,9.576114654541016,10.343233383080522,9.34443407324209,10.178483183929574,34912197
2003-03-31,9.112752914428711,9.797496426209754,8.716322201821665,9.29294780016966,44868533
2003-04-07,8.803847312927246,9.61215358697581,8.731768364688763,9.473145238932279,41489301
2003-04-14,9.555519104003906,9.60185521403424,8.680283543184451,8.834736588626557,29937079
2003-04-21,9.260785102844238,10.031224399392096,9.255614250167357,9.596882636927099,21319401
2003-04-28,9.6227388381958,9.938153025091117,9.178055280824024,9.353860362285447,20752234
2003-05-05,9.788200378417969,10.124297917218854,9.56585864138743,9.772687820169565,27685530
2003-05-12,9.746833801269531,10.031223777182955,9.607223746371272,9.881273003811645,21220774
2003-05-19,9.16771125793457,9.643418831228553,8.92468711199497,9.555516312699037,27141594
2003-05-26,9.953664779663086,10.062249740228124,8.971225336320849,9.126346990339309,24836873
2003-06-02,10.553471565246582,10.687910812820117,9.922642160084214,10.082934691858995,30763650
2003-06-09,9.602057456970215,10.548302190543053,9.571033314329712,10.444888052994813,32354971
2003-06-16,9.762346267700195,10.170834765157572,9.395224592887008,9.493468824188293,26877163
2003-06-23,9.571030616760254,9.839909073834487,9.353859707006363,9.674444725161505,28690690
2003-06-30,9.581371307373047,9.643419568585726,9.162541106110478,9.457273798708359,22497112
2003-07-07,10.124299049377441,10.382835798326036,9.772688913009041,9.772688913009041,28418251
2003-07-14,10.258740425109863,11.12742424125669,10.165667018202756,10.269082133930572,38338585
2003-07-21,9.76751708984375,10.522444834659767,9.726151253568853,10.346639783931627,36958558
2003-07-28,9.79337215423584,10.067420472112682,9.462444450753713,9.901957113491326,50394227
2003-08-04,9.291810035705566,9.88644532382699,9.291810035705566,9.834737778828684,25741466
2003-08-11,9.67444133758545,9.788198099105331,9.296978050925505,9.359027283230812,16543180
2003-08-18,11.127425193786621,11.38079116414481,9.648594237981975,9.741667652856353,55301519
2003-08-25,11.711722373962402,11.799624966926608,10.6775746855553,10.977477475743756,39796553
2003-09-01,12.151224136352539,12.151224136352539,11.458345744997558,11.861663326697066,35241943
2003-09-08,11.587617874145508,12.79239917474921,11.479032904874723,12.084008982033462,47273729
2003-09-15,11.99610710144043,12.187423768179446,11.556594373981186,11.685862765219813,25651406
2003-09-22,10.905082702636719,11.758253976662706,10.837862579878504,11.69103484014415,35518558
2003-09-29,11.582448959350586,11.634156518904762,10.610350981938664,10.884399370968366,31671083
2003-10-06,11.809955596923828,11.985760617860105,11.230833000973881,11.608297302536576,25989550
2003-10-13,12.032306671142578,12.290843551985832,11.804793939853335,11.877183950892666,28356846
2003-10-20,11.344596862792969,12.34254922716501,11.199815876741141,11.913378110419705,38011456
2003-10-27,11.840984344482422,12.177081961737773,11.354934921207553,11.354934921207553,22504661
2003-11-03,12.352886199951172,12.46664300667481,11.882349370974714,11.939227774336532,26654900
2003-11-10,12.02195930480957,12.394251883073593,11.9495693278181,12.182251819393313,20396269
2003-11-17,11.6134672164917,11.959906407865754,11.510053136018938,11.737565691041686,25126782
2003-11-24,11.934059143066406,12.161571812641027,11.644498191214858,11.706546473491786,25824565
2003-12-01,11.872010231018066,12.363230580618147,11.79962023744152,12.089181197987408,24330304
2003-12-08,11.489372253417969,11.840982374031556,11.267031487725859,11.737568270829515,27033171
2003-12-15,11.091227531433105,11.825471978083195,11.086056677822391,11.804788563640342,27339254
2003-12-22,11.132591247558594,11.142931966565278,10.78098115910966,11.044688725446361,8674116
2003-12-29,11.398397445678711,11.44009250242465,11.059623991268312,11.205557186923386,7960124
2004-01-05,12.060303688049316,12.27399093101683,11.29415681648933,11.398394932414709,35065665
2004-01-12,12.284421920776367,12.284421920776367,11.763233033214611,11.914378287770198,28742616
2004-01-19,11.763226509094238,12.40950025194382,11.763226509094237,12.383441219654156,26884180
2004-01-26,11.169075965881348,12.117639407780274,11.169075965881348,11.799713926715064,41538943
2004-02-02,11.064840316772461,11.40361290933385,10.976238162340502,11.294163715435582,28269903
2004-02-09,10.90327262878418,11.299376341175037,10.840729518790251,11.184714138534336,22072144
2004-02-16,11.038778305053711,11.372338799666752,10.851150029789531,10.971023208280007,24206933
2004-02-23,10.866785049438477,11.132591416873789,10.611402695021473,11.101319377818859,25411069
2004-03-01,11.049202919006348,11.283737281733144,10.720853419464595,10.887633675827313,21916108
2004-03-08,10.324751853942871,11.085688166585431,9.985979266996548,11.049205102557373,39556140
2004-03-15,9.996405601501465,10.340390276511096,9.824413263996648,10.324754247978232,30265086
2004-03-22,9.86089038848877,10.17360381189608,9.443939820004738,9.876526407590134,30670372
2004-03-29,10.538433074951172,10.595764138737515,9.866100301652507,9.90779534965484,27333726
2004-04-05,10.15276050567627,10.684373473166405,10.006828235918293,10.65831442330649,25024178
2004-04-12,9.840043067932129,10.366443819658382,9.641991782236543,10.152756513741313,25266132
2004-04-19,10.074583053588867,10.16318522091942,9.647208244378819,9.741022420856947,25881675
2004-04-26,9.5846586227417,10.194449361841531,9.579446617131973,10.079788220692864,23018987
2004-05-03,9.542966842651367,9.767078190237978,9.303220466965353,9.548178850047425,20680572
2004-05-10,9.105169296264648,9.516908985033952,9.037415179855072,9.313645641716336,22476063
2004-05-17,9.172927856445312,9.475217478126284,8.81851912880088,8.964452426680724,23635495
2004-05-24,9.655710220336914,9.776406360374198,9.220153757708706,9.24639270179075,32349305
2004-05-31,9.58224105834961,9.671451446661099,9.304114318104817,9.603231208057116,16686331
2004-06-07,9.477286338806152,9.72917511595354,9.409067108085079,9.645211522962377,16740134
2004-06-14,9.183419227600098,9.445802634102957,9.057475312588316,9.424811481144362,19875296
2004-06-21,9.241143226623535,9.319858042678812,9.088960381458566,9.26738116500423,22474787
2004-06-28,9.1991605758667,9.6137257467938,9.1991605758667,9.277875380380651,25827875
2004-07-05,8.973514556884766,9.256888173989827,8.774102566224288,9.183421125279898,20722571
2004-07-12,8.522211074829102,8.931529460530468,8.270323299434281,8.82132793322458,28156455
2004-07-19,8.238839149475098,8.831825728766205,8.212600707824638,8.448746182222116,33764531
2004-07-26,8.102401733398438,8.29656595118588,7.777046274591098,8.202107737176505,42468427
2004-08-02,7.498916149139404,8.118141017445469,7.498916149139405,8.055169073280593,21546849
2004-08-09,7.2837653160095215,7.582882316950836,7.084353815229726,7.530405922297265,36493385
2004-08-16,7.540897846221924,7.75080483838943,7.210294746434755,7.241780970419675,23338514
2004-08-23,7.567140102386475,7.766551620395034,7.498920333031693,7.624864291629686,14942685
2004-08-30,7.142077922821045,7.567139367373101,7.047620213275843,7.567139367373101,27939220
2004-09-06,7.6301093101501465,7.635357098299742,6.953160153007666,7.15257159858268,39013871
2004-09-13,7.777044773101807,7.913484278005233,7.614367325334142,7.677339289030336,31341295
2004-09-20,7.5933756828308105,8.007941431902756,7.498917499347685,7.750805821817151,29423197
2004-09-27,7.519906520843506,7.535649381192055,7.2732660399192,7.535649381192055,25157522
2004-10-04,7.556640148162842,7.777042198359438,7.53564950054681,7.661593886699518,27658600
2004-10-11,7.367724895477295,7.54614566438713,7.247028787365673,7.509412153302124,27428997
2004-10-18,7.467432022094727,7.556642426473731,7.220791963359046,7.362478752371387,30974483
2004-10-25,7.582880020141602,7.6510997629389745,7.2575246701933205,7.315248836964971,30582943
2004-11-01,7.803280830383301,7.887243422971324,7.5304024044722215,7.535649691166577,30188184
2004-11-08,8.2598295211792,8.291315750177914,7.824273106179535,7.824273106179535,31694416
2004-11-15,8.333293914794922,8.585182150490413,8.149625399174116,8.317551056456592,33237970
2004-11-22,7.955464839935303,8.328049298819396,7.897740670416254,8.175866942399507,22301532
2004-11-29,8.0394287109375,8.202106669391451,7.8137792852842285,7.960713876481638,38861472
2004-12-06,7.777044773101807,8.086657303283936,7.719320598161132,7.992199107511305,25397447
2004-12-13,7.556640148162842,7.8400141412075355,7.540897287564946,7.829519067627777,25484481
2004-12-20,7.509413242340088,7.640604944334134,7.393964404457473,7.556641834674378,15225290
2004-12-27,7.530402183532715,7.556640117604264,7.414953371883147,7.504163749004652,9191526
2005-01-03,7.362478256225586,7.593375934513768,7.29425851038847,7.504165536146511,17396846
2005-01-10,7.016132354736328,7.477927218457258,6.984646625651175,7.39396460695466,36623961
2005-01-17,6.738006114959717,7.0528659097738915,6.727510538237589,7.0528659097738915,27475097
2005-01-24,6.549088001251221,6.732756541539164,6.496611632923602,6.717013681086529,41039809
2005-01-31,6.748501300811768,6.91117923944991,6.596318939066185,6.633052957733499,32714229
2005-02-07,7.084349632263184,7.163064427994633,6.8272140990535535,6.848204744612371,36402695
2005-02-14,6.727509021759033,7.173560922769989,6.727509021759033,7.136827413436097,32876237
2005-02-21,7.100096225738525,7.121086882337748,6.654044647890874,6.758997930886984,34126022
2005-02-28,7.136828422546387,7.315248707721936,6.984646076058365,7.136828422546387,31244221
2005-03-07,7.031876564025879,7.173563873374688,6.974152382693069,7.126334770258418,24146388
2005-03-14,6.764242649078369,7.037121060977163,6.758994862196959,7.005635340601707,23741797
2005-03-21,6.842960357666016,6.890189458750715,6.701273554868634,6.764245522829327,13545454
2005-03-28,6.769493103027344,6.8691990986017135,6.71701671102844,6.842960652373893,14502362
2005-04-04,6.664541244506836,6.753751680494698,6.575330808518975,6.727513228652943,20279368
2005-04-11,6.1922478675842285,6.706519052122956,6.171257217204211,6.612061375641166,26802002
2005-04-18,6.344428539276123,6.396904901195827,5.987587076213756,6.0558067971201766,36974839
2005-04-25,5.714712619781494,6.391662007210972,5.683226380629447,6.312946659559251,49117273
2005-05-02,5.903627395629883,5.982342227388936,5.7042159213226915,5.772435675726996,18906157
2005-05-09,6.082046985626221,6.082046985626221,5.725205419459735,5.893130626852626,30726639
2005-05-16,6.171257972717285,6.276211237466224,6.019075613717163,6.071551995863311,32269494
2005-05-23,6.468154430389404,6.515870405372862,6.128841729379583,6.27198914871415,38947355
2005-05-30,6.855186462402344,6.902902457226234,6.425743014603359,6.457553846357958,35887519
2005-06-06,6.961221694946289,7.051351794635959,6.61130507526452,6.717340337953538,38764690
2005-06-13,7.07255744934082,7.152083754235859,6.9347113822812325,7.030143352648011,26578252
2005-06-20,7.008936405181885,7.268722877568452,6.929409593526294,7.046048613918273,24971570
2005-06-27,7.067257881164551,7.178595047941251,6.833980272764652,6.929411768847479,22094656
2005-07-04,7.252818584442139,7.263421857227449,6.66962391838657,7.083161669333329,29835708
2005-07-11,7.830714225769043,8.04278481521041,7.342951364437731,7.342951364437731,39062387
2005-07-18,7.793598651885986,8.042781882840389,7.692865285032411,7.798900541093013,32658508
2005-07-25,7.53380823135376,7.910233573879704,7.512601191167048,7.798896486495531,33494956
2005-08-01,7.316441535949707,7.6928671662270185,7.305837754942633,7.54971915632816,21558234
2005-08-08,7.210402965545654,7.560319489336639,7.199799189374593,7.358852292629371,20361275
2005-08-15,7.342951774597168,7.358856943289652,7.14148445056631,7.231614582517383,18455305
2005-08-22,7.077859878540039,7.380060466966707,7.072557989644424,7.380060466966707,14695940
2005-08-29,6.9029035568237305,7.21570750655594,6.897601666417397,7.008938836869912,19916166
2005-09-05,7.517908573150635,7.570925959564856,6.897601562230009,6.897601562230009,30614218
2005-09-12,7.50730562210083,7.698169650008709,7.411873608146892,7.581530578022355,25385812
2005-09-19,7.258119106292725,7.623941327848669,7.189196577331209,7.486095258693794,21401123
2005-09-26,7.586828231811523,7.59212961414678,7.321739901645886,7.321739901645886,21198524
2005-10-03,7.565624237060547,7.85722111335961,7.34294990946107,7.608038346544631,25164184
2005-10-10,7.438381195068359,7.65045224217686,7.162689491128176,7.629245188027616,31350481
2005-10-17,7.327042102813721,7.438379234150388,7.093764568669041,7.422474074135413,23803385
2005-10-24,7.067257881164551,7.454287272575393,7.003636715237306,7.321743050489613,22714727
2005-10-31,7.470192909240723,7.528512188618329,7.1043705500448775,7.215707723850207,20612046
2005-11-07,7.9685564041137695,7.979160181800358,7.36415523322479,7.507302692682093,32912557
2005-11-14,7.841315746307373,7.9632566871386326,7.745883749623437,7.942049127327931,20915355
2005-11-21,7.889029502868652,7.968555807096025,7.714071229075703,7.87312434314636,22322051
2005-11-28,8.228343963623047,8.371491432961136,7.767089714737243,7.947349902924158,31302974
2005-12-05,8.23364543914795,8.382095304968779,8.175326174042903,8.297266593521451,22034891
2005-12-12,8.154120445251465,8.360889609717024,8.11700822558434,8.297267939407567,21102128
2005-12-19,8.143519401550293,8.313176403360423,8.037484091429112,8.180632139304887,18438782
2005-12-26,8.042779922485352,8.191229244787012,8.037478034570613,8.143513264786085,6092014
2006-01-02,8.583564758300781,8.615375090875911,8.03748215772781,8.03748215772781,23969160
2006-01-09,8.54114818572998,8.77972712821248,8.49343219498709,8.604768832565867,28759272
2006-01-16,8.111705780029297,8.562355792154458,7.968557790058786,8.488131357902521,32617361
2006-01-23,8.223041534423828,8.466922860258716,7.9685564308667525,7.984462097450036,42862185
2006-01-30,7.9685564041137695,8.265455606330915,7.91023714368538,8.20183445705923,25403415
2006-02-06,7.899630069732666,8.12760613870762,7.851914606901021,7.984458738981204,25119977
2006-02-13,7.867825508117676,7.963257514719375,7.75118644511739,7.899635839907504,28770993
2006-02-20,7.63454532623291,7.8784266619506385,7.53911385094578,7.825409288039115,27839497
2006-02-27,7.756489276885986,7.968559866607039,7.48079700463245,7.661057258703429,37034203
2006-03-06,7.560319900512695,7.841313411321546,7.411870059739499,7.809502586694174,26501352
2006-03-13,7.740583419799805,7.830713538809647,7.422477057927875,7.56562507245508,32140814
2006-03-20,8.0374755859375,8.143510783849134,7.634541328257582,7.820103303814721,37344819
2006-03-27,8.090497016906738,8.21243742204717,7.756485616507917,8.048082918978245,36439733
2006-04-03,8.148816108703613,8.307869225494542,8.037478977511553,8.143514220166868,26673620
2006-04-10,8.005669593811035,8.244249044092085,7.851918347575161,8.19123116375586,23219861
2006-04-17,8.249549865722656,8.313171010523694,7.862520602829778,8.00566855784405,24645846
2006-04-24,7.724676609039307,8.466924508783062,7.692866280911117,8.132913029740779,42855054
2006-05-01,7.6610565185546875,7.910239816614994,7.639849461631434,7.724677689324444,19423996
2006-05-08,7.15738582611084,7.735278540376856,7.114971728331309,7.687562553970902,36389803
2006-05-15,6.75975227355957,7.2581181010608296,6.706734406422566,7.120272556613154,42849598
2006-05-22,6.904261589050293,6.9684877293195395,6.684823892793491,6.8346842061951545,29511267
2006-05-29,6.845386505126953,7.016654808420763,6.615244339761044,6.931020656773859,26384950
2006-06-05,6.556371212005615,6.882851553913533,6.4172154556173915,6.866795277536377,33803281
2006-06-12,6.465386867523193,6.593838140552664,6.326231066531273,6.529612504037928,21344695
2006-06-19,6.7329936027526855,6.8346845715991025,6.599190072474738,6.652711688753901,22065154
2006-06-26,6.738340854644775,6.786510171384823,6.433269195850586,6.743693114375798,19482221
2006-07-03,6.556371212005615,6.861443015270717,6.529610411097138,6.74904805979097,16123906
2006-07-10,6.235243797302246,6.59383726998005,6.187074959090831,6.556372447897864,23159992
2006-07-17,6.299468040466309,6.711582490639187,6.15496003804974,6.278058993809247,36064356
2006-07-24,6.181722164154053,6.738344736339239,6.069327197154165,6.304821146362566,37206048
2006-07-31,6.331584453582764,6.336936718513351,6.090738146327188,6.208485422699721,21043855
2006-08-07,6.235243797302246,6.3636955637924455,6.197778975220062,6.256652339980626,12513355
2006-08-14,6.840034008026123,6.893555606176384,6.256650731951399,6.256650731951399,31005594
2006-08-21,6.700881004333496,6.8346845338728714,6.599190036048395,6.818627742825776,18044274
2006-08-28,6.829333305358887,7.064827328458832,6.636655866947986,6.695529755537999,24524059
2006-09-04,6.700881004333496,6.893557903119012,6.609894563413125,6.888205639436647,18520073
2006-09-11,7.118349075317383,7.177222454502684,6.6527127751607935,6.679473077250447,45183189
2006-09-18,6.925668716430664,7.21468424687541,6.909612439855909,7.1344023535818035,25578431
2006-09-25,7.316379070281982,7.444830371853405,6.872151269532405,6.947080940239018,35336305
2006-10-02,7.16651725769043,7.359194157331188,7.075530816366193,7.337785612926659,21855682
2006-10-09,7.471588611602783,7.583983589336847,7.102291119287956,7.155812221282319,28979007
2006-10-16,7.28426456451416,7.621449547984045,7.241447472367509,7.492998271544089,32782632
2006-10-23,7.139754772186279,7.3591924283836345,6.973838209216173,7.305670824736545,37197656
2006-10-30,7.129049777984619,7.294966330032463,7.022007088156885,7.032711612349561,21735257
2006-11-06,7.300317764282227,7.4555297745365525,7.134401231049102,7.166514289565747,25747989
2006-11-13,7.551872253417969,7.717788881654272,7.278913396620242,7.321730492212828,28737702
2006-11-20,7.509055137634277,7.733845144100937,7.455534023497478,7.535815949912696,24169137
2006-11-27,7.203980922698975,7.5732783818122,7.161163840784973,7.503701006516858,30028710
2006-12-04,7.380603313446045,7.4180681416540954,7.171869605386902,7.236095754343564,23813668
2006-12-11,7.610745906829834,7.685675566584907,7.294969453804809,7.4127167182456715,36345806
2006-12-18,7.471588611602783,7.610744395543991,7.439475542070225,7.583983589336847,19352543
2006-12-25,7.530460357666016,7.551868895944319,7.471587005005632,7.471587005005632,4384798
2007-01-01,7.56792688369751,7.680321855103608,7.471588190943741,7.530461552948879,20450254
2007-01-08,7.814128875732422,7.93722791802253,7.573282035738516,7.573282035738516,30752602
2007-01-15,7.7070817947387695,8.028210415527832,7.62679989475144,7.872998367911088,28845800
2007-01-22,7.739195823669434,7.776660646934478,7.262855096011282,7.72313954375869,41248216
2007-01-29,7.594688892364502,7.771310039089267,7.573280345855441,7.744549228347938,18906827
2007-02-05,7.883703708648682,7.980042413168204,7.562575544283538,7.562575544283538,26812694
2007-02-12,7.830182075500488,7.872999161197312,7.696378555092934,7.814125795969161,21575997
2007-02-19,8.113840103149414,8.113840103149414,7.765951381187253,7.8515854967213485,24795576
2007-02-26,7.664266586303711,8.194128991132247,7.5572238566888545,8.135255107029078,38434602
2007-03-05,7.78736686706543,7.883705077897093,7.503703478337671,7.509055232524952,29436150
2007-03-12,7.637503623962402,7.8622930225726355,7.58398202260484,7.840884484113574,25208148
2007-03-19,7.712431907653809,7.739192703663226,7.5625721645886905,7.680319360778291,22770717
2007-03-26,7.712431907653809,7.835531365129238,7.621445507473626,7.739192703663226,19503655
2007-04-02,7.937225818634033,7.985395173892067,7.674971007140284,7.696379552763855,15106887
2007-04-09,8.028212547302246,8.162016089757282,7.835535629918194,7.937226097599219,17993979
2007-04-16,8.022856712341309,8.242294342634468,7.899757753072378,8.119195383365536,30533109
2007-04-23,7.701732158660889,8.145959882884622,7.642858272767615,8.060325696588965,39019143
2007-04-30,7.830182075500488,7.8515906183489,7.621448399913531,7.669617748927438,16981855
2007-05-07,7.674971103668213,7.862295752625446,7.637506275960766,7.840887206732619,23149567
2007-05-14,7.980043411254883,7.980043411254883,7.632154395409521,7.707084054589741,27057787
2007-05-21,7.909034729003906,8.52624539415779,7.870800610572511,8.056510078783512,52660241
2007-05-28,7.854415416717529,7.963656138047922,7.783408817627562,7.876263560983607,22178464
2007-06-04,7.701477527618408,7.898110803564543,7.548540014315069,7.898110803564543,27534774
2007-06-11,7.865339279174805,7.919959900643027,7.646857835103613,7.777946701546328,27425757
2007-06-18,7.83256721496582,7.980042057454275,7.7724844279994345,7.91449762513709,21309078
2007-06-25,7.8380279541015625,7.859876094229271,7.723325088205905,7.799793318202511,15817822
2007-07-02,7.881727695465088,7.958195959041251,7.745176629477964,7.7506382762327055,15961965
2007-07-09,7.909034729003906,7.996427818262633,7.745173923783184,7.947269368336098,18228287
2007-07-16,7.679630279541016,7.9581939893232105,7.641395636315343,7.903573888987869,21996860
2007-07-23,6.914941787719727,7.745172025431117,6.729232365026354,7.6523173140844305,47593492
2007-07-30,6.76200532913208,7.002334850930484,6.7183090524414615,6.882170350481635,36851984
2007-08-06,6.860324382781982,7.18258439511502,6.630918597120585,6.691000866355381,42355340
2007-08-13,6.658226013183594,6.958638294009255,6.472517105177482,6.958638294009255,30906372
2007-08-20,6.7893171310424805,6.920405990052431,6.614531464795058,6.6964623923518936,15670242
2007-08-27,6.9804840087890625,7.040566756641954,6.576293345508276,6.827547099609942,18892339
2007-09-03,6.876708507537842,7.155272675154399,6.871246342470679,7.046031457414057,21399193
2007-09-10,6.570834159851074,7.002335311210023,6.488903765895868,6.865784307350852,26106114
2007-09-17,6.374199867248535,6.592681229602119,6.3250414304938145,6.570833093366761,29005596
2007-09-24,6.4397454261779785,6.494366036972663,6.325042560229739,6.417897286040254,22795429
2007-10-01,6.314120769500732,6.570836367976557,6.210341679988449,6.4178993381120994,27266309
2007-10-08,6.4561309814453125,6.570833839938537,6.232187429363476,6.28680803660814,23474731
2007-10-15,6.1994171142578125,6.483442992382029,6.193954947914826,6.461594847910935,23991559
2007-10-22,6.5216755867004395,6.658226587870807,6.062864660324618,6.073788469549868,50271754
2007-10-29,6.368738651275635,6.58175840196471,6.292270423516018,6.565372427573469,25200196
2007-11-05,6.1884918212890625,6.521676102997467,6.133871208136512,6.341428808855127,29239964
2007-11-12,6.133871555328369,6.357815665208988,6.073789294180379,6.155720218546694,25252445
2007-11-19,5.604053974151611,6.150258053014713,5.478426765144682,6.095637436768082,36292242
2007-11-26,5.729680061340332,5.784300671858461,5.5002743306053805,5.658673476027062,25244644
2007-12-03,5.822533130645752,5.893539695763456,5.576741495023299,5.696906491445613,25930434
2007-12-10,5.680522441864014,5.915390371975015,5.631364510332225,5.784301512755265,25742272
2007-12-17,5.5548930168151855,5.675058005787452,5.4729626503207935,5.62589957753059,24369320
2007-12-24,5.380110263824463,5.533047256604725,5.341875624953805,5.505736949097337,8447864
2007-12-31,4.948608875274658,5.456578282745672,4.937684544345869,5.456578282745672,18730331
2008-01-07,4.5171074867248535,4.97591842508379,4.48979718159735,4.943146475651381,38897927
2008-01-14,4.582650661468506,4.773821703621886,4.287700331755311,4.467947827816236,46626489
2008-01-21,4.60996150970459,4.735588699997991,4.123840285305957,4.511645144367063,57603136
2008-01-28,4.615425109863281,4.675507901647515,4.462488088859652,4.54441850560066,30478004
2008-02-04,4.342322826385498,4.741052121066895,4.304088703119108,4.648197375219207,41128965
2008-02-11,4.500721454620361,4.713741231472107,4.227619417021056,4.276777867133059,45862537
2008-02-18,4.506183624267578,4.664582785375497,4.451563008340379,4.517107955813337,29578928
2008-02-25,4.369631767272949,4.7683604160042705,4.342321464547354,4.544416871275644,39919433
2008-03-03,3.905360460281372,4.325937724591643,3.8507400870820803,4.298627407766756,36823240
2008-03-10,3.697800636291504,3.910820098404807,3.6377181304055815,3.883510057875084,30920401
2008-03-17,3.5667128562927246,3.659567333699385,3.3919274520646887,3.588560999264928,37633612
2008-03-24,3.6213326454162598,3.8070418315360697,3.566712296557492,3.566712296557492,23659642
2008-03-31,3.9818286895751953,4.101993762216272,3.583099603903377,3.583099603903377,43065044
2008-04-07,3.7223806381225586,4.028254875371281,3.6868773435601554,4.022792709846117,49086555
2008-04-14,3.8234269618988037,3.848006176897343,3.596752384279398,3.667758947508446,32652367
2008-04-21,4.074684143066406,4.104725286130318,3.68961014905854,3.801581990101904,35216954
2008-04-28,4.287703037261963,4.295896027563893,3.9654427273978703,4.0610283087883055,40403154
2008-05-05,4.413330554962158,4.519840223217364,4.178462807566823,4.249469426703958,37542448
2008-05-12,4.691891670227051,4.751973912802602,4.293162805510487,4.396941579664149,32426304
2008-05-19,4.435218334197998,4.785730432622459,4.3607001777883765,4.730531486294641,40584358
2008-05-26,4.621237277984619,4.718387365919507,4.338620012828039,4.437977626602834,32995329
2008-06-02,4.333101749420166,4.65104639877737,4.322062010134322,4.609095757982566,44789520
2008-06-09,4.123345851898193,4.3474528169779205,3.9809331564527355,4.307157761169218,51285235
2008-06-16,3.8164420127868652,4.272383592533328,3.7844266858430395,4.145426706280254,35263296
2008-06-23,3.710458278656006,3.90806960022906,3.627660140371554,3.8473509303927256,36375910
2008-06-30,3.561422824859619,3.7535144697066976,3.453233238431892,3.6983155184869263,38324808
2008-07-07,3.4841442108154297,3.705491161549653,3.483040316077073,3.6282130024947197,30974044
2008-07-14,4.028404712677002,4.042204452872026,3.4057629302908072,3.5536956503501367,42387801
2008-07-21,3.999147415161133,4.053794138255895,3.7038343315606306,4.011843254098392,40537801
2008-07-28,3.9246301651000977,4.023987794178146,3.81423253624974,3.968237164010009,24637532
2008-08-04,4.532919883728027,4.537335988712171,3.9086221918883446,3.9086221918883446,42219900
2008-08-11,4.744884490966797,4.745436701678573,4.481034633249341,4.531817488496539,29919600
2008-08-18,4.73093843460083,4.751020379634031,4.498324300254552,4.685754191272663,34065719
2008-08-25,4.992559432983398,5.076233934399329,4.691332398255521,4.720897527072209,37098498
2008-09-01,4.5457377433776855,5.296573624265607,4.512825902575428,4.959088141724917,48285539
2008-09-08,4.813494682312012,4.925618160342446,4.579765077431172,4.756596661448548,38208362
2008-09-15,4.758272171020508,5.017104726275015,4.551875897415549,4.657863503744639,63669714
2008-09-22,4.083301544189453,4.778355211060325,3.978429754863931,4.778355211060325,51237862
2008-09-29,4.077720642089844,4.272960292845165,3.7932286403590574,4.029189689546584,47164137
2008-10-06,3.6426169872283936,3.9918172776917467,3.4027507750046935,3.9103744400873954,63717042
2008-10-13,3.461322069168091,4.060987219917278,3.1851973231265154,3.865747242561268,51702499
2008-10-20,3.425062656402588,3.6816634685949112,3.2080676737864104,3.572329163227221,37198303
2008-10-27,3.567307472229004,3.8155408486551954,3.268869792947246,3.3469655820504025,33565477
2008-11-03,3.6208603382110596,3.8880596387895414,3.5516896507611126,3.6208603382110596,22140354
2008-11-10,3.2967629432678223,3.769801050130933,3.229823656275997,3.7318688407008485,20921303
2008-11-17,2.844364881515503,3.3692810066613945,2.7891399237920886,3.291185163273287,27229774
2008-11-24,2.9363555908203125,3.1742850877255684,2.869917009055114,2.9414661468129126,26553397
2008-12-01,2.674577474594116,3.1555472047682533,2.638234947231148,3.1299938736778032,27703513
2008-12-08,2.7211403846740723,2.9301094545543,2.7024013163592104,2.8500426247625485,22846358
2008-12-15,2.7041051387786865,2.8790032079342267,2.6461842318392192,2.7938255469615325,19629048
2008-12-22,2.659245491027832,2.739880150887627,2.6194958353852664,2.6688987970224307,6605689
2008-12-29,2.7154624462127686,2.737040836342298,2.5666854953239646,2.668898537471555,7527528
2009-01-05,2.8029117584228516,3.0056347137992634,2.7200055852323315,2.7342019108215383,20886092
2009-01-12,2.437215805053711,2.7540766370843386,2.429265927614156,2.7489660789510224,22292986
2009-01-19,2.2827601432800293,2.536589459161585,2.2242715547062315,2.4701508588760057,18686824
2009-01-26,2.306610107421875,2.4974079792775843,2.225407497326425,2.297524610521677,25328625
2009-02-02,2.516146659851074,2.5201215975417313,2.2117785324881627,2.265724366864235,19101876
2009-02-09,2.491161823272705,2.5553289241566985,2.333867159879389,2.509900897717496,16648869
2009-02-16,2.1589691638946533,2.5553290690563544,2.1464764017609927,2.5099010400411603,21396558
2009-02-23,2.033921003341675,2.2258551697568403,1.9775040454164148,2.198519125126494,21356334
2009-03-02,1.7669577598571777,1.9937889863883818,1.7413664492659278,1.9862279362594275,24049657
2009-03-09,1.9443501234054565,2.0234503106666497,1.727406531308576,1.7791705571476726,25770407
2009-03-16,1.890842318534851,2.091500783172049,1.876301934489916,1.9775036009447071,17208209
2009-03-23,2.2275989055633545,2.302627803977214,1.8611793070547364,1.9193411040660528,28717970
2009-03-30,2.4457077980041504,2.4846762191355967,2.1101136988016527,2.183979364570519,28895195
2009-04-06,2.6870789527893066,2.702201055820793,2.331709808886856,2.460247684654488,21309791
2009-04-13,2.995335102081299,2.995335102081299,2.582385976380563,2.687077198556709,24311502
2009-04-20,2.8982059955596924,3.0447741075018246,2.674282930321239,3.0046422734211173,28822414
2009-04-27,2.913909673690796,2.9778875277928165,2.762688686168068,2.859237321173982,16367220
2009-05-04,2.891808271408081,3.2489220652064064,2.884828798138749,2.8906448409715857,29976453
2009-05-11,2.7458207607269287,2.8644709199369442,2.580640893483512,2.860981184901007,25536579
2009-05-18,2.8976244926452637,3.126200730933381,2.7801377022817815,2.797586109191985,32072904
2009-05-25,3.064389705657959,3.0866251718373747,2.8437911802907108,2.8946984893727614,19783219
2009-06-01,3.153916597366333,3.320682325598277,3.077262939326822,3.0784334180037476,19811137
2009-06-08,3.417232036590576,3.486278864341882,3.052688201226232,3.1129579702515295,23463047
2009-06-15,3.2370059490203857,3.3762697117057194,3.0719958483619925,3.3639817818836275,22873961
2009-06-22,3.1071064472198486,3.2633396010214115,2.820971874130627,3.2452001042986427,27765743
2009-06-29,3.1229031085968018,3.221207104042595,3.077847366450167,3.0954014719828233,16019078
2009-07-06,2.919273614883423,3.1123704479941607,2.914007439077666,3.096571641559416,17996957
2009-07-13,3.174981117248535,3.241687225413426,2.902889950310103,2.9192738577510413,24355282
2009-07-20,3.1597678661346436,3.2914248024282666,3.1223186902675786,3.2253037843932386,19164984
2009-07-27,3.135777473449707,3.1884400868083116,2.986566131062258,3.1802481309306967,19555154
2009-08-03,3.213015079498291,3.262166797111047,3.1024231568346496,3.1299247928372544,16492732
2009-08-10,3.1346070766448975,3.2334962076411924,3.0480061588036755,3.218282495180224,13011732
2009-08-17,3.1439690589904785,3.1773219784180946,2.9456057256855384,3.130510648050007,18124904
2009-08-24,3.6329519748687744,3.6329519748687744,3.106309269861079,3.218698935519406,31531900
2009-08-31,3.636483669281006,3.694738007472969,3.4128813205977275,3.6123581948001826,30561777
2009-09-07,3.874206304550171,3.989538140392385,3.658841759673058,3.6776714757885283,35086866
2009-09-14,3.865969657897949,3.8983330767702724,3.7818244321289156,3.818895211468896,24515212
2009-09-21,3.7076833248138428,3.9895402711244614,3.6953263959277503,3.8795041201843827,24498975
2009-09-28,3.6076500415802,3.8618508873319293,3.571756030306499,3.69002983617997,20391423
2009-10-05,3.7841784954071045,3.854201363680922,3.5611642977389453,3.5905857935714507,17949953
2009-10-12,3.837723970413208,4.130760943986331,3.815952328497288,3.851257944017023,28186623
2009-10-19,3.483490467071533,3.948348119206005,3.465837520529182,3.836546872661958,34549192
2009-10-26,3.229879140853882,3.535861494560458,3.20398851840171,3.471723042821944,32468628
2009-11-02,3.305198907852173,3.3746334039963224,3.146911803272178,3.212815708037453,23826894
2009-11-09,3.39699387550354,3.4617210182649636,3.270482077186903,3.34285878881482,20129906
2009-11-16,3.283426523208618,3.624714544533644,3.2687157745823616,3.4475980177195646,27998613
2009-11-23,3.2236738204956055,3.3396291154598803,3.0621648813031705,3.31892291353799,27952303
2009-11-30,3.3839995861053467,3.4230457275807704,3.1550473906090786,3.230181564150978,22235624
2009-12-07,3.414170265197754,3.4668235188523515,3.334303318992236,3.3881397030792932,19635854
2009-12-14,3.543734312057495,3.604670076560797,3.4774741755697893,3.491081311453426,19147304
2009-12-21,3.7484304904937744,3.78037728276116,3.5419591895979106,3.57272285092231,21799408
2009-12-28,3.8010833263397217,3.804041153354388,3.6892692842617816,3.7720943647894942,8922192
2010-01-04,3.811732292175293,3.8992904652822893,3.756712757052353,3.7981254408044114,23969458
2010-01-11,3.662055492401123,3.849003710336981,3.6567311213956586,3.844862470199214,24364160
2010-01-18,3.5673987865448,3.738965200477878,3.549650410368575,3.6798041346243737,22954118
2010-01-25,3.520662784576416,3.648450003098159,3.4372458145958853,3.5496514786037867,37636451
2010-02-01,3.4845736026763916,3.70642676577049,3.4431611927767265,3.507646351949442,27399827
2010-02-08,3.481023073196411,3.611177054922374,3.4011561007698203,3.5253938641896867,26256351
2010-02-15,3.750795364379883,3.7507953643798833,3.387547809145408,3.5153352034164445,23298756
2010-02-22,3.780518054962158,3.832827002138365,3.6235909299914875,3.779329015555799,26770635
2010-03-01,4.045630931854248,4.045630931854248,3.8042958366797186,3.834016727395627,22419053
2010-03-08,3.952305555343628,4.071784026732921,3.938633728705091,4.052168137143482,17520630
2010-03-15,3.9867818355560303,4.050979474240187,3.906535141503389,3.9422003703536785,13840588
2010-03-22,4.363050937652588,4.445081055746649,3.9231791789897117,3.9707328213441704,29045833
2010-03-29,4.458158016204834,4.500956349033155,4.3119305443826,4.404065651323283,17987611
2010-04-05,4.44805383682251,4.574071354435458,4.372562428634876,4.458159115395998,13930722
2010-04-12,4.473613739013672,4.641240547501365,4.421304782628037,4.499768358927541,23138425
2010-04-19,4.331545352935791,4.802920990823535,4.3095516723098175,4.523543282988267,34501725
2010-04-26,4.1859130859375,4.401688168926425,4.068812118719742,4.371967001908739,29943143
2010-05-03,3.913668155670166,4.234655491523399,3.704431811005017,4.155002893790194,42381137
2010-05-10,3.889296293258667,4.1538134268450975,3.814399015397272,3.976081694991599,29723558
2010-05-17,3.7727906703948975,4.002237016988766,3.6348847711091885,3.8571982982935027,37950437
2010-05-24,3.8114278316497803,3.885135800571867,3.5148116883150755,3.790028524459207,33948629
2010-05-31,3.9730918407440186,4.084273470816552,3.713467533390639,3.8192404311905936,27382327
2010-06-07,4.147377967834473,4.199062413807792,3.8528965555952044,3.8823448401044462,32698748
2010-06-14,4.214687824249268,4.360125566428562,4.11612673102971,4.209279090357999,27324058
2010-06-21,4.0548272132873535,4.294618935987647,4.027782967240776,4.2850033441611854,17971229
2010-06-28,3.8108255863189697,4.117927375631456,3.7320969464499356,4.071651692882066,19556709
2010-07-05,3.9226090908050537,4.016362355935021,3.795200983774393,3.843880431482405,15162170
2010-07-12,4.025978088378906,4.20266687444182,3.919604253699548,3.958067177176617,21452340
2010-07-19,3.903979778289795,4.086678571563777,3.839674766460303,3.9791025440422865,33184105
2010-07-26,3.8036158084869385,3.93703391155245,3.6689958283073287,3.906984691135146,30051384
2010-08-02,3.780176877975464,3.862511465045181,3.7507288874172366,3.783782795309,17066666
2010-08-09,3.5662271976470947,3.872727868671391,3.5067299933945253,3.78197985947442,25257881
2010-08-16,3.471871852874756,3.65396932348969,3.458650351763298,3.5668269733481597,16326435
2010-08-23,3.261382579803467,3.54730854712128,3.201155607768873,3.506548923131025,22195538
2010-08-30,3.3830535411834717,3.4128630211064532,3.139103787706267,3.278416786938001,22707190
2010-09-06,3.3623692989349365,3.459097443312115,3.286933431283249,3.4086042884937338,17470628
2010-09-13,3.423204183578491,3.496206805431716,3.3459433969619026,3.373927653148086,23833069
2010-09-20,3.462747573852539,3.598410415137368,3.3623692839018493,3.467006029178598,22330183
2010-09-27,3.3502018451690674,3.5187156912040027,3.3368181713971574,3.4980317262526954,22001164
2010-10-04,3.2595579624176025,3.4006961892236,3.2382656825484033,3.3508110462771885,22246739
2010-10-11,3.434763193130493,3.5041156747073887,3.260165950762103,3.27902469936002,21536254
2010-10-18,3.529667377471924,3.5479178217955782,3.3648036186650763,3.406779872677948,18805019
2010-10-25,3.8228933811187744,3.8691283775107195,3.5363590516621497,3.5746851554323134,36340111
2010-11-01,3.9214468002319336,3.9670731976156524,3.791867321111586,3.853919523242426,19234872
2010-11-08,3.913536787033081,4.080834000616125,3.7352891375940698,3.9226620052036605,26281135
2010-11-15,4.108818531036377,4.127677277847164,3.8642605209678083,3.892853085889929,20666706
2010-11-22,4.265166759490967,4.294975952960502,3.959773080840569,4.142887568124426,23729477
2010-11-29,4.586544036865234,4.593303216018098,4.142268652873624,4.311867557077982,35250398
2010-12-06,4.7481536865234375,4.8108313777486185,4.568108385875162,4.568108385875162,27915067
2010-12-13,4.66888427734375,4.800384679205454,4.627713596256412,4.749996751429546,16337831
2010-12-20,4.829883098602295,4.854462632497581,4.6639710983035325,4.683020046615128,10947483
2010-12-27,4.755526542663574,4.853844904749039,4.744465965000363,4.813903115934781,5058279
2011-01-03,5.147573471069336,5.268628094843707,4.85507685526108,4.85507685526108,22302925
2011-01-10,5.358340740203857,5.535927673163278,5.060928132104647,5.159860951121214,28183631
2011-01-17,5.2968926429748535,5.671730547449063,5.146957715594012,5.414874715129079,30369834
2011-01-24,5.433308124542236,5.548831810838314,5.008081780611629,5.311639411692881,42461365
2011-01-31,5.51810884475708,5.5574362055326025,5.346666891373769,5.382921737992531,22237665
2011-02-07,5.345438003540039,5.677261914220969,5.18505604626245,5.504590486337055,25346602
2011-02-14,5.800771713256836,5.8345687713782315,5.319013027384813,5.411186076415223,25061856
2011-02-21,5.695530891418457,5.965449454617658,5.480710244075933,5.817489856287926,20642757
2011-02-28,5.771055698394775,5.86577532548381,5.624334238550791,5.7004810655988924,26930196
2011-03-07,5.60266637802124,6.023639794975848,5.532091157145963,5.777865771260846,31741793
2011-03-14,5.145169258117676,5.766724849995155,5.13835958250314,5.642909077366199,47383267
2011-03-21,5.416325569152832,5.502377570332598,5.199028797690259,5.268365980511441,22074212
2011-03-28,5.465231418609619,5.569855604112062,5.293127470329881,5.4280864054845175,21308728
2011-04-04,5.362464427947998,5.639811911297144,5.353797355993337,5.460278947436313,24892976
2011-04-11,5.088832855224609,5.355036596898802,5.015162137084926,5.350084320640752,20751257
2011-04-18,5.10740327835083,5.212646787076114,4.867200547387228,5.1012123448023035,18611442
2011-04-25,4.93591833114624,5.238029214127287,4.912393256189526,5.107403233246572,23756713
2011-05-02,4.964395999908447,5.005255216526625,4.846770919753095,4.981110811943203,25219482
2011-05-09,4.951395511627197,5.1253568511521745,4.945823612283003,4.976777395039783,17898862
2011-05-16,5.010826587677002,5.119165557711706,4.882058305482551,4.9315845905727205,23354071
2011-05-23,4.920564651489258,5.003305338333032,4.795826843125195,4.990768879686786,15923098
2011-05-30,4.720608711242676,5.056586325317077,4.66983579299813,4.939370137631631,24319017
2011-06-06,4.402181625366211,4.698669194386534,4.396540323431855,4.677357243987819,19326704
2011-06-13,4.256134033203125,4.518146548306798,4.183422354635381,4.417227747899964,21200525
2011-06-20,4.0687127113342285,4.359558747791274,4.017939786437192,4.187182172010712,27392517
2011-06-27,4.381495952606201,4.383376585631343,4.0517870888637635,4.058055168197879,20102701
2011-07-04,4.3169331550598145,4.507487421791862,4.3169331550598145,4.387764152342513,19627591
2011-07-11,3.938958168029785,4.349527623691145,3.9176462227917694,4.293113422437283,26789261
2011-07-18,4.049906253814697,4.080620767587162,3.8361594090040305,3.9000955486004525,24491089
2011-07-25,3.451291799545288,4.071220427214391,3.3911165940097634,3.9934942321491658,45195550
2011-08-01,2.9924564361572266,3.528390709311022,2.820706637884641,3.5095858668789455,44322189
2011-08-08,3.101522922515869,3.1328642198337824,2.7041168985013586,2.9084612125130227,47804177
2011-08-15,2.6658804416656494,3.1341177732903236,2.5937958763484983,3.1190739027682777,26810293
2011-08-22,2.7724382877349854,2.834704290705994,2.6126012769032703,2.6639545678151193,22693263
2011-08-29,2.8244335651397705,2.979777473970854,2.785918599544332,2.830210702847678,20880468
2011-09-05,2.6626710891723633,2.837272682819282,2.542632761368702,2.7955480485319604,30556601
2011-09-12,3.1607987880706787,3.26671536184592,2.619020993838709,2.669732428248381,41943436
2011-09-19,3.0426852703094482,3.1331957065797797,2.8706518053344827,3.0876195533300907,24508507
2011-09-26,3.168501615524292,3.337325761196892,2.9284246574621746,2.9431888998740603,30173960
2011-10-03,3.299452066421509,3.3636436813149695,2.905315275494874,3.0818424460192135,26861020
2011-10-10,3.4535131454467773,3.557503496762998,3.2160039555933713,3.3187105661051484,26270986
2011-10-17,3.4117884635925293,3.5382461138646546,3.2397546483729682,3.5048664046687765,21308548
2011-10-24,3.305870532989502,3.517702960847117,3.183906342931245,3.440031172662553,30751094
2011-10-31,3.3585095405578613,3.443242561874122,3.0003198113164546,3.266715638191823,31362801
2011-11-07,3.447094440460205,3.5093604718639884,3.273776851445164,3.3283398244767417,21155823
2011-11-14,3.226917028427124,3.5177055006516724,3.190327653164992,3.458007255706551,20031469
2011-11-21,2.791696071624756,3.1973874584623236,2.673583373882691,3.1935359308324935,24032197
2011-11-28,3.1267788410186768,3.1504318836024936,2.848200650322374,2.8600271716142824,18990311
2011-12-05,2.9171884059906006,3.1859113359414346,2.8442586566791292,3.132035479911396,16546407
2011-12-12,2.76607346534729,2.927044409840769,2.7641022212050856,2.9093047790295725,20076269
2011-12-19,2.9894607067108154,2.9920886134427174,2.733221002734276,2.737820152808706,10440893
2011-12-26,3.0163991451263428,3.0255974468445985,2.936899000343723,2.989461216766643,4093560
2012-01-02,3.186568260192871,3.259498008301989,3.0131138596278966,3.043336984371601,13093973
2012-01-09,3.264097213745117,3.3593657402977497,3.1550312347878178,3.1734278379940406,15502481
2012-01-16,3.672766923904419,3.830452647884113,3.2220479049457222,3.248986149091885,24742010
2012-01-23,3.5334761142730713,3.734525678592701,3.3593647835979543,3.710215664640734,22461087
2012-01-30,3.492741584777832,3.5387334040413867,3.335055884377594,3.476315912662731,17677762
2012-02-06,3.3613369464874268,3.491427747642019,3.3409690998540365,3.467774703817376,15472800
2012-02-13,3.521650791168213,3.5413613472729124,3.341625999406724,3.3810474249097635,21451431
2012-02-20,3.6508665084838867,3.825610084079077,3.553117348520576,3.5711942260994256,28000374
2012-02-27,3.6950554847717285,3.851052438323774,3.477462790788405,3.622747635982725,26500141
2012-03-05,3.895240306854248,3.9293856698233585,3.4613945063930807,3.680326126401156,30419033
2012-03-12,4.164383888244629,4.266150472100161,3.833643448463206,3.878501221820447,29289897
2012-03-19,4.2621331214904785,4.323728514026781,4.023785788502121,4.157019210395955,22553287
2012-03-26,4.102119445800781,4.307660715082034,4.027133752663117,4.269498242228588,26010800
2012-04-02,3.8697993755340576,4.140952949384074,3.749286392267527,4.110824703567442,21342026
2012-04-09,3.4875049591064453,3.8697982275372937,3.47478413379091,3.8697982275372937,31011495
2012-04-16,3.3475751876831055,3.5886006905861905,3.3040566719332674,3.4881733711057676,25661010
2012-04-23,3.0188446044921875,3.2980327029163172,2.8454402458191352,3.297363236090329,40587966
2012-04-30,2.769115924835205,3.064372219424209,2.7597427496736286,3.0094717830137583,17675250
2012-05-07,2.742335557937622,2.8561529222643753,2.636551956747344,2.7517087338674804,22099311
2012-05-14,2.4618077278137207,2.7068504390323804,2.4370357019138456,2.6840866537800148,22643030
2012-05-21,2.7122066020965576,2.807277589748741,2.4356967073392264,2.4356967073392264,30518749
2012-05-28,2.666680335998535,2.8233469455595612,2.61847520080669,2.76911628818744,21973790
2012-06-04,2.9029245376586914,2.9633590833300745,2.5574852867102686,2.6158597089086517,21586228
2012-06-11,2.8411166667938232,3.0169266670748613,2.7188738143489903,2.9873959339837772,22569594
2012-06-18,3.0423359870910645,3.185868398491321,2.8445500565059345,2.8912494623081613,19222515
2012-06-25,2.9695401191711426,3.021733849418926,2.7037650038222014,3.003191426165524,26510673
2012-07-02,2.8383688926696777,3.056070976474661,2.8383688926696777,2.9791541384832168,16187506
2012-07-09,2.655005931854248,2.890564004869928,2.6227283585164334,2.845237995081222,20216697
2012-07-16,2.7291743755340576,2.889875777080542,2.5966301201398103,2.655004535682392,22670922
2012-07-23,2.8974294662475586,2.9063573205840654,2.529327642985263,2.694836138297737,24530724
2012-07-30,3.1693856716156006,3.1693856716156006,2.902237048872375,2.918719343967095,21232984
2012-08-06,3.378847360610962,3.3877752170488966,3.1158192770670605,3.172819954731158,14461019
2012-08-13,3.3960163593292236,3.478427190538429,3.270339661625842,3.3788473542927555,12742428
2012-08-20,3.278259515762329,3.4619037876985383,3.2425118952064005,3.4345674113005313,12032433
2012-08-27,3.3062968254089355,3.367277845166139,3.228493317071615,3.293679958973848,11422481
2012-09-03,3.1962506771087646,3.335736097010404,3.04905489365641,3.257932582822973,18991348
2012-09-10,3.625922679901123,3.626623561396325,3.052560172236288,3.1780269841026003,26763206
2012-09-17,3.314707040786743,3.6203132602596555,3.239707415236768,3.608397278842477,18549712
2012-09-24,2.9390077590942383,3.2894737585451876,2.9319986129050393,3.287371114957555,16746807
2012-10-01,3.117746591567993,3.156998960365984,2.9228875131526286,2.9305978774700376,11879810
2012-10-08,3.2754554748535156,3.671482135801945,3.0112041852082974,3.096016834936389,34242260
2012-10-15,3.3469505310058594,3.5747533084868617,3.219380788447452,3.256530167552635,21336053
2012-10-22,3.2481191158294678,3.429660734671233,3.1261570843916937,3.3476516096197337,19003837
2012-10-29,3.268446207046509,3.3112029709638167,3.1612036895163502,3.2488201953114095,11591133
2012-11-05,3.066577672958374,3.315408560361928,3.0245217906940263,3.2495210449041614,14153569
2012-11-12,2.967747211456299,3.1661110275494333,2.944616453173079,3.0644758673889045,15581118
2012-11-19,3.278960943222046,3.278960943222046,3.0175131206233967,3.0364382560156984,13801694
2012-11-26,3.5095908641815186,3.5224833286979726,3.2109173146390657,3.3061779040019226,20047027
2012-12-03,3.5812132358551025,3.6442424603904553,3.412896118141202,3.521764964991962,16192499
2012-12-10,3.7817635536193848,3.896362335339839,3.624189887222451,3.760276111281145,24016148
2012-12-17,3.850522518157959,3.877739830089296,3.6958139646617885,3.794655512045623,18054103
2012-12-24,3.8297512531280518,3.9042405876813677,3.7939389679677995,3.894929420862203,3678060
2012-12-31,3.995920181274414,4.111235157125776,3.762424781810923,3.762424781810923,10654710
2013-01-07,4.270242214202881,4.526657499211179,3.965839035433358,4.003799908861678,25007600
2013-01-14,4.492277145385742,4.492277145385742,4.183576507064524,4.283134266208727,15736913
2013-01-21,4.598281383514404,4.636242253863738,4.311784036150848,4.512332281764749,22128766
2013-01-28,4.75728702545166,4.800261572393596,4.240875587866419,4.579658624866586,37778806
2013-02-04,4.553157329559326,4.789517499628611,4.452167199268387,4.758003037973591,18983052
2013-02-11,4.561751365661621,4.645551865448829,4.483681077294162,4.533817865732551,12659298
2013-02-18,4.382744789123535,4.642522555899421,4.36309778653212,4.590130433329251,13866071
2013-02-25,4.421310901641846,4.564661169386568,4.248853594819861,4.395114670566052,16448402
2013-03-04,4.491894721984863,4.575576727270569,4.336901559453869,4.379833985048819,19398904
2013-03-11,4.282326698303223,4.4787970605622665,4.20446596053104,4.4526008272055035,20948025
2013-03-18,4.4365925788879395,4.6206924534660665,4.176814806871614,4.219747236691303,19985348
2013-03-25,4.3660078048706055,4.569754988435382,4.3470884210611676,4.499171106763318,13852554
2013-04-01,4.19864559173584,4.545015540356987,4.162990004604528,4.366009295266908,18188702
2013-04-08,4.330353736877441,4.466427547030556,4.16735607209395,4.241578055728581,17459741
2013-04-15,4.030554294586182,4.346362313093019,4.007268864362644,4.330353731617758,22722561
2013-04-22,4.659989833831787,4.726935354332981,4.038561094985826,4.0618461916997655,24418505
2013-04-29,4.87464714050293,4.889928099671514,4.640338058980698,4.656346980282246,13961559
2013-05-06,5.236301422119141,5.242850309459874,4.8346284670232755,4.880471372367018,10597469
2013-05-13,5.326531410217285,5.341084760505615,5.059477102796157,5.239210961508067,15538594
2013-05-20,5.231206893920898,5.59504100155357,5.20646623289439,5.392021364082827,16176321
2013-05-27,5.284326553344727,5.472792490307921,5.1926404124713015,5.249398582292764,15884484
2013-06-03,5.306883811950684,5.553563123833125,5.126422010947797,5.218835757608029,19109134
2013-06-10,5.211560249328613,5.399298586928846,4.966335774535518,5.290875893204487,12945509
2013-06-17,4.980888843536377,5.4953504641876005,4.980888843536377,5.282871475894759,14590241
2013-06-24,5.110857963562012,5.234918831672829,4.882674870388234,5.022981662034989,15006954
2013-07-01,5.35528564453125,5.483038848165647,5.001564965367388,5.125625802534368,12655176
2013-07-08,5.468270778656006,5.523654877749763,5.014119828017838,5.384086497315396,12246137
2013-07-15,5.564269065856934,5.616699545425898,5.421747093731462,5.466054437105337,11539615
2013-07-22,4.847966194152832,5.624822342472557,4.803658853450466,5.553930386074706,31043513
2013-07-29,4.839844703674316,4.878244482427771,4.689199553227517,4.845752280684795,13946329
2013-08-05,4.708398342132568,4.909258378407714,4.697321593811392,4.875289730505903,10242493
2013-08-12,4.7002763748168945,4.793322210656229,4.622738765156729,4.725384193705216,9415402
2013-08-19,4.844274520874023,4.873812752235417,4.605753108962846,4.690675788219473,11593710
2013-08-26,4.461753845214844,4.836890007088754,4.45658467247385,4.823597697701847,12991765
2013-09-02,4.766735553741455,4.8442734824752725,4.503106736895842,4.523045021184719,16128567
2013-09-09,5.096827030181885,5.161811073656904,4.7047065038974845,4.766736935287537,20383530
2013-09-16,5.274412631988525,5.3575863954804674,5.167260811180871,5.167260811180871,15650254
2013-09-23,5.251934051513672,5.332860054407859,5.20472754401728,5.274413596012123,13546309
2013-09-30,5.036882400512695,5.207725541080849,4.997918087712866,5.195736686665658,12638338
2013-10-07,5.103572845458984,5.15077973537554,4.928982993268446,5.031638979386668,11317391
2013-10-14,4.745399475097656,5.089333875583423,4.71542698299389,5.069851719985946,17583403
2013-10-21,4.167678356170654,4.895261355408998,4.146697685644795,4.758137023771673,35993583
2013-10-28,4.235116481781006,4.3467642298652835,4.125716866772376,4.1819151914603,19886304
2013-11-04,4.190159320831299,4.355008063713055,4.149696483308541,4.260594657059831,15972555
2013-11-11,4.137706279754639,4.271083974283044,4.023810740455117,4.192406094674133,20024934
2013-11-18,4.346014976501465,4.443425382257696,4.127964647513474,4.151193450388532,20701798
2013-11-25,4.338521957397461,4.467403733509059,4.338521957397461,4.368494446851309,11293283
2013-12-02,4.136209011077881,4.385730453616046,4.095746171017744,4.364749417366012,14339891
2013-12-09,4.0995774269104,4.364386037328191,4.0995774269104,4.173601540819655,18094998
2013-12-16,4.265941143035889,4.265941143035889,3.9996060230644455,4.085840545066715,30940425
2013-12-23,4.426963806152344,4.464357406631221,4.273572898964138,4.3002829774844775,6513137
2013-12-30,4.4155144691467285,4.459776521787761,4.351411183141513,4.417040997784285,7349336
2014-01-06,4.262125492095947,4.449857285688965,4.1537597515055875,4.4040690522246315,15404684
2014-01-13,4.3743062019348145,4.5864588018482,4.261361976964159,4.272808943195342,17255592
2014-01-20,4.298755645751953,4.558985726769487,4.2812036548135355,4.366675089560944,10999645
2014-01-27,4.645219326019287,4.669639783105339,4.1980206381053184,4.283492055960284,23859736
2014-02-03,4.607828140258789,4.700930794763462,4.442990241978536,4.653616384687867,12619763
2014-02-10,4.750532150268555,4.759689866791783,4.6085886358357655,4.616983269964128,11880157
2014-02-17,4.6490349769592285,4.784873470183087,4.586457853022444,4.716190959219731,9531605
2014-02-24,5.013051509857178,5.038998495120293,4.630719567086047,4.645982306944831,14927471
2014-03-03,5.132102966308594,5.170260011784478,4.840584274217602,4.936739606701469,15102811
2014-03-10,4.986342430114746,5.16186414240341,4.91460758019013,5.128285964954828,13379974
2014-03-17,5.238941669464111,5.287782595540397,4.972606551664783,4.972606551664783,11227065
2014-03-24,5.211836814880371,5.306316045617875,5.163823021732813,5.3001204077581905,9073349
2014-03-31,5.191701889038086,5.286181119302854,5.154529908423662,5.235069507481194,10509451
2014-04-07,4.964023113250732,5.204092835200152,4.945437306118421,5.162274307562997,12054923
2014-04-14,4.991901874542236,5.0344947603564805,4.788229794192909,4.836243586033121,9698657
2014-04-21,5.188604354858398,5.253655601457106,4.986481352983512,4.991902259427442,8397201
2014-04-28,5.312512397766113,5.413186548354106,5.11890772231531,5.189379886217034,12525924
2014-05-05,5.382208824157715,5.429448624970686,5.192476366292634,5.299346136035374,8383447
2014-05-12,5.298572540283203,5.614535351391073,5.224228197381282,5.376014333344623,12271871
2014-05-19,5.338068008422852,5.4286750728916555,5.2095145944253245,5.311737835588611,8263869
2014-05-26,5.684231758117676,5.743861721076449,5.366719930394546,5.379110835813679,8271345
2014-06-02,5.489850997924805,5.645508858066315,5.451129938778609,5.568067109045311,8974966
2014-06-09,5.50611686706543,5.62305410438457,5.452681789574576,5.471267967705585,8804751
2014-06-16,5.353555679321289,5.568069585696367,5.348909135386129,5.4960487086087175,8523285
2014-06-23,5.197970867156982,5.445493342929942,5.115463749924385,5.398346258214863,10907734
2014-06-30,5.3692708015441895,5.461207382796436,5.109961352158329,5.176753128936134,9790501
2014-07-07,5.076171875,5.390485996069867,5.047097684848811,5.3535541496049905,9574675
2014-07-14,5.280477523803711,5.375557781427081,5.073815962412347,5.086388741162612,9458388
2014-07-21,5.032169818878174,5.490282875553608,5.029026904921985,5.304051734748377,14631184
2014-07-28,4.745357990264893,5.077745098841245,4.725713280605218,5.068315608229267,13136587
2014-08-04,4.557553768157959,4.771287188259333,4.5253362910242485,4.7642152601864165,10064513
2014-08-11,4.72806978225708,4.7925039958629725,4.58820003533278,4.599200980353708,6619148
2014-08-18,4.944161415100098,4.959091379128605,4.743000326962051,4.787790219047572,8604394
2014-08-25,5.008596420288086,5.050243027365714,4.923731374477208,4.984236963888741,8402459
2014-09-01,5.127248764038086,5.221542902877155,5.004666158732336,5.040812282756472,9140892
2014-09-08,4.997596263885498,5.203472146442978,4.878942626402693,5.144538004658919,11630097
2014-09-15,4.834936618804932,5.065171874315458,4.783860531836869,4.965376885304808,14153035
2014-09-22,4.770238399505615,4.872480439931959,4.6584107035894515,4.855706399809113,14119352
2014-09-29,4.900436878204346,4.952356410216521,4.77423166867169,4.788609197717831,14614698
2014-10-06,4.4555230140686035,4.964337732416853,4.439547687033452,4.942771059963491,14023260
2014-10-13,4.228672981262207,4.403602859643712,4.028182504877967,4.321329720530077,20723984
2014-10-20,4.397212982177734,4.417182235878016,4.137613445837737,4.223081805969124,12338144
2014-10-27,4.248642444610596,4.461114730834547,3.909166621634849,4.428365364818672,23197915
2014-11-03,4.389225482940674,4.4922665965942175,4.226276984228335,4.23266703928175,11229463
2014-11-10,4.4563212394714355,4.472296564772169,4.317335947443242,4.381237248646173,7332659
2014-11-17,4.697547435760498,4.741479471253766,4.421972685181636,4.433155752156813,10579610
2014-11-24,4.814169883728027,4.828547793907544,4.653617886476686,4.712726564927743,6063171
2014-12-01,4.996288299560547,5.008269699407995,4.75985323502475,4.7838160347196474,7751963
2014-12-08,4.699146747589111,5.037025497632115,4.699146747589111,4.961142410152217,7556450
2014-12-15,5.007113933563232,5.094872339252638,4.524441539867456,4.712960227962944,12321647
2014-12-22,5.029866695404053,5.094872987514596,5.011990081314073,5.045305747900517,1904954
2014-12-29,5.05830717086792,5.082684725683332,4.938858120942622,5.001426855412106,3120624
2015-01-05,5.172880172729492,5.2980172318341445,4.91285464686884,5.0371791855362185,10432564
2015-01-12,5.413404941558838,5.419092973436216,5.15825486530239,5.229761717818618,9648513
2015-01-19,5.909890174865723,5.909890174865723,5.389839432963284,5.3987779340439515,13985195
2015-01-26,6.013087749481201,6.294239997736287,5.7636257388459615,5.911515322589519,18498718
2015-02-02,6.23817253112793,6.2519861556212,5.922891692384222,5.996836488095991,10626526
2015-02-09,6.32999324798584,6.500634946324295,6.043152597690275,6.208106265248651,11805594
2015-02-16,6.354372501373291,6.391751165425299,6.218671471844482,6.3397459665351645,8026116
2015-02-23,6.484383583068848,6.507136094389183,6.355183524448737,6.3852487202626715,7792567
2015-03-02,6.918301582336426,6.979244887813711,6.4681326349651975,6.506323814394226,13815005
2015-03-09,7.140134811401367,7.292900287475665,6.846793603936049,6.915050749609783,13715815
2015-03-16,7.4741058349609375,7.5488631514712035,7.1466364118131676,7.1466364118131676,17830983
2015-03-23,6.920408248901367,7.66387624224715,6.719959998040421,7.528326179824509,18418248
2015-03-30,7.0748515129089355,7.196434919091542,6.9959859232088535,6.999272511748867,8633778
2015-04-06,7.314735412597656,7.314735412597656,6.899050350119238,7.074854310464346,8602533
2015-04-13,6.990236759185791,7.460962511404256,6.98695095344776,7.335271432204489,12581206
2015-04-20,7.151252746582031,7.6334795857777165,6.994344167897496,7.022275866073336,14084605
2015-04-27,5.849156379699707,7.284335430586064,5.840120024792556,7.110997084231614,20806081
2015-05-04,5.750577449798584,5.886948195584572,5.523018925739019,5.865588889110995,23250142
2015-05-11,5.842584609985352,6.086573253233303,5.625705815987173,5.7702918092282465,19198165
2015-05-18,6.1046462059021,6.155579703235284,5.7990440467225115,5.875444488585702,10348790
2015-05-25,6.3864240646362305,6.53100964748341,5.967453436339587,6.107931763563184,16112869
2015-06-01,6.276341915130615,6.4759690491055615,6.168723974212233,6.392175151440205,14921901
2015-06-08,6.1186113357543945,6.284556604420184,6.038103250628488,6.2812704082352635,13841399
2015-06-15,5.872135639190674,6.2251963652870295,5.814679769919417,6.081973602925001,12817034
2015-06-22,6.425876617431641,6.440032529969231,6.0295158310753605,6.056161600697615,13787837
2015-06-29,6.046169281005859,6.33344749178663,5.997873131546595,6.0894692496894764,14355285
2015-07-06,5.97955322265625,6.1877259363762045,5.7455669780823335,5.912104990235121,14100474
2015-07-13,6.203547954559326,6.289315266406131,5.897950660804306,5.948744705142287,11653467
2015-07-20,5.957070827484131,6.287649391396306,5.666461708252469,6.161913040297818,21716609
2015-07-27,5.922929286956787,6.007031310739933,5.706429896522895,5.941248744087874,11440611
2015-08-03,5.8521504402160645,5.953738891921483,5.751395015958742,5.942913902732985,8241056
2015-08-10,5.504087924957275,5.977056305649804,5.470780314883606,5.88212965664565,10880625
2015-08-17,5.236793041229248,5.64647704529865,5.168512175355369,5.529900034696019,9642019
2015-08-24,5.470780372619629,5.4807723381007545,4.772152390276659,5.0261230190331805,14331896
2015-08-31,5.407495498657227,5.560710660451795,5.237626532191858,5.435806926891784,8875234
2015-09-07,5.157687187194824,5.728080797173633,5.157687187194824,5.465783118754621,10230698
2015-09-14,5.202652454376221,5.365859543459386,5.086908479210485,5.16268301479363,9078105
2015-09-21,5.046945095062256,5.261042339104533,4.837078718814941,5.2458100044939435,10746098
2015-09-28,5.107873439788818,5.280505348517396,4.738915149480896,5.016480242498018,15287201
2015-10-05,5.519144058227539,5.572457029749794,5.185727451605839,5.20772957908915,11467724
2015-10-12,5.520836353302002,5.5817652856492215,5.20603680225533,5.543684652492681,13037142
2015-10-19,6.0285773277282715,6.04550200913505,5.492910737511687,5.508989245375561,10938543
2015-10-26,5.328741073608398,6.024346179621143,5.019019357182737,6.0116527691856945,23830762
2015-11-02,5.623231410980225,5.6469258870569385,5.254273070439482,5.310124566058184,12817277
2015-11-09,5.473447322845459,5.729010303461891,5.41167221338051,5.645233067049187,8939815
2015-11-16,5.6756978034973145,5.707854823010904,5.375284774038481,5.375284774038481,7018627
2015-11-23,5.809402942657471,5.9879588978589435,5.514066954075123,5.697699951148561,10909460
2015-11-30,5.701930046081543,5.909257476499394,5.596150695437799,5.749319392085846,13513121
2015-12-07,5.232271671295166,5.740012648044413,5.177266341649183,5.712933070102057,10120881
2015-12-14,5.219370365142822,5.423225135984772,5.067984844880819,5.31570679174134,10321827
2015-12-21,5.301082134246826,5.390537434869149,5.203025173110934,5.213347001667318,4032217
2015-12-28,5.394838333129883,5.477412558749894,5.2769986087577925,5.3630131707683555,2737968
2016-01-04,4.799618244171143,5.301943983218452,4.799618244171143,5.283020897998992,9599292
2016-01-11,4.520068168640137,5.055078856968208,4.492543435743412,4.8202591587533865,11683848
2016-01-18,5.004332542419434,5.048200118645312,4.458139690735868,4.536413096509537,11138415
2016-01-25,5.17464017868042,5.590951182367551,4.928638520246922,5.0593807206251755,17342016
2016-02-01,4.437495231628418,5.203025416742848,4.412551153240607,5.178081338355037,17686890
2016-02-08,4.074512958526611,4.515768014343165,3.905064116734303,4.452977374660956,15964330
2016-02-15,4.472760200500488,4.594041051043009,4.082253818106608,4.1923527578941355,11140415
2016-02-22,4.5106072425842285,4.6714548398359375,4.281808499835997,4.515768156570628,9219489
2016-02-29,4.615546703338623,4.749729277911807,4.443517141095024,4.481363718615588,9546407
2016-03-07,4.592321872711182,4.676615853325961,4.445236833443918,4.6103848685572055,13717077
2016-03-14,4.375566482543945,4.623288841654065,4.360944227130463,4.616407756156548,9206921
2016-03-21,4.302741050720215,4.514193210057409,4.230794919365365,4.387848396502108,10095174
2016-03-28,4.215878963470459,4.365036043811879,4.132526698889512,4.302740968839994,9765056
2016-04-04,4.293966770172119,4.323798099270778,3.935112653733282,4.201840372981905,19379395
2016-04-11,4.5019097328186035,4.5019097328186035,4.1711322425043225,4.27905143925358,13487935
2016-04-18,4.5370049476623535,4.60807374006321,4.3939896139691,4.447510540899099,10813841
2016-04-25,4.706342697143555,5.045017020437949,4.44663399152706,4.597545744762103,17231600
2016-05-02,4.239567756652832,4.747578896414427,4.199207627946608,4.719502648944076,13174024
2016-05-09,4.092167377471924,4.284316624276332,4.0430330885172285,4.264136761251999,10807040
2016-05-16,4.50892972946167,4.50892972946167,4.044788266530385,4.080761339559709,14770360
2016-05-23,4.763373374938965,4.782676323211393,4.469446262862129,4.522967617572928,12908247
2016-05-30,4.669493198394775,4.805489519668424,4.638784527102838,4.768638695743831,8594251
2016-06-06,4.4562859535217285,4.859887392811634,4.4562859535217285,4.641416133459682,9627787
2016-06-13,4.424698829650879,4.5141928208176,4.272032018779469,4.3913577587092245,14013953
2016-06-20,4.550788879394531,4.826056058363132,4.272857593672731,4.526814035674495,15926924
2016-06-27,4.6884236335754395,4.7239419591515395,4.358102697623502,4.494848208750303,16781452
2016-07-04,4.583644390106201,4.705294420841692,4.19560607398062,4.6946392620285025,11055533
2016-07-11,4.786985397338867,4.9255070830951,4.610281712608322,4.612057501375949,8871982
2016-07-18,5.072909355163574,5.115531683122899,4.826944768447573,4.872230780198444,9654298
2016-07-25,5.795706748962402,5.856087802026813,5.064028839960589,5.064028839960589,18814901
2016-08-01,5.9138054847717285,5.927125171655811,5.39257376293508,5.801922740098303,14381677
2016-08-08,5.926238536834717,5.962645183229816,5.808140074107146,5.900487897020208,8802968
2016-08-15,5.9786272048950195,6.105605441655375,5.805475487269977,5.917358246320015,8321539
2016-08-22,6.028353214263916,6.117149022699513,5.937781193271338,5.999938470882162,9009846
2016-08-29,5.77439546585083,6.100276413347444,5.686487571330101,6.005264940397223,8635363
2016-09-05,6.011483192443848,6.054105104639811,5.737103812321768,5.785053516468716,9560538
2016-09-12,6.084293842315674,6.193512478848962,5.811690351374902,5.850760670260066,12966493
2016-09-19,6.437240123748779,6.545632544469258,6.152374918496634,6.155958297874557,10655845
2016-09-26,6.508904457092285,6.557278157720988,6.217768651001985,6.414845124375822,11157329
2016-10-03,6.651337623596191,6.673732357472892,6.364680502161438,6.45246924293113,8602096
2016-10-10,6.484719276428223,6.749877029160832,6.32616206775666,6.718524053599422,9523528
2016-10-17,6.631630897521973,6.806312673117695,6.464115882324213,6.519655498918823,10037385
2016-10-24,7.555202484130859,7.555202484130859,6.40588724676293,6.626254616399396,15758533
2016-10-31,7.26048469543457,7.802446088325353,7.173592527959544,7.544454665020271,13539069
2016-11-07,7.403810024261475,7.836482574112736,7.205837015403294,7.304375864497685,12620573
2016-11-14,7.957418918609619,7.9726468940238915,7.4996629875912895,7.4996629875912895,9815772
2016-11-21,8.295136451721191,8.492212507709674,7.9090455557014465,7.944877643545203,11380483
2016-11-28,8.330072402954102,8.68928944790322,8.140162251298253,8.241387921162804,12986359
2016-12-05,8.941011428833008,9.24916759756508,8.279012596424302,8.330073520848208,13162753
2016-12-12,9.34322738647461,9.428328072980776,8.81112042366706,8.940115274373909,13214180
2016-12-19,9.681096076965332,9.735155624024813,9.298176791432113,9.325206994585528,8509691
2016-12-26,9.708122253417969,9.820745485403082,9.595499021432854,9.681092918330721,3471855
2017-01-02,9.199069023132324,9.811739906549711,9.018871957199972,9.726145978014072,11772394
2017-01-09,9.883814811706543,9.883814811706543,9.244114836999985,9.257629074553778,10382633
2017-01-16,9.775699615478516,9.982926007879374,9.514413678528953,9.856787643430605,9577485
2017-01-23,11.262328147888184,11.374951429367066,9.631542654005099,9.726146657256031,15717757
2017-01-30,11.960592269897461,12.03267110203056,10.85688461582969,11.325397024694848,16604033
2017-02-06,11.460542678833008,12.253410497796022,11.2352961686474,11.992124580350605,14627381
2017-02-13,11.996627807617188,12.154300524152696,11.487571112842344,11.523610517257845,10022998
2017-02-20,12.757966041564941,13.019252037698072,11.915544320949289,12.064207028072493,12399657
2017-02-27,13.271527290344238,13.357121226233215,12.798509844229164,12.857074432718056,10000519
2017-03-06,12.784993171691895,13.37063468846261,12.406579776794283,13.244496317331837,12902247
2017-03-13,13.086823463439941,13.154398111976231,12.433609021317048,12.75345869160013,12116333
2017-03-20,13.37633228302002,13.394427161046428,12.037342370271674,13.11848631082262,12745264
2017-03-27,12.964683532714844,13.344667350011253,12.81992795713741,13.16372288053946,8481177
2017-04-03,13.276813507080078,13.290383803263657,12.743026665972994,13.086821595208256,9732694
2017-04-10,12.543988227844238,13.317527090632057,12.326854844988887,13.272290753501018,8128579
2017-04-17,12.349470138549805,12.661599853900135,11.95139234874961,12.543985745756371,8044967
2017-04-24,13.435139656066895,13.597989242821203,12.530416470144848,12.729454949823587,15932653
2017-05-01,13.616086959838867,13.873932983541449,13.267768253554719,13.435142457487181,9528976
2017-05-08,13.724653244018555,14.100113398538555,13.349193089498556,13.747270982570642,13651861
2017-05-15,13.276813507080078,13.941784767225801,12.724931787313153,13.733698839505442,13418550
2017-05-22,13.313006401062012,13.403478233106723,12.869692094451707,13.258722611585936,8352497
2017-05-29,13.326574325561523,13.534661141510187,12.973732776709415,13.30848030750287,8397961
2017-06-05,13.860359191894531,14.086539992612451,12.99634860217698,13.367284977304564,9939247
2017-06-12,12.258999824523926,13.29943118417844,12.096149368545852,13.29943118417844,18964753
2017-06-19,12.132341384887695,12.84254915850869,11.88806650087309,12.408282314566497,19230661
2017-06-26,11.423481941223145,12.268656320653081,11.268987681183498,12.173233854169865,20733335
2017-07-03,11.955123901367188,12.068722572443205,11.314427465833573,11.637048142367785,12862590
2017-07-10,12.595820426940918,12.723051251463625,12.050547321891642,12.050547321891642,14732234
2017-07-17,12.782123565673828,13.04112929368562,12.327728828844213,12.673068932837422,16111316
2017-07-24,12.941162109375,13.540963033167584,12.723052840121186,12.78666782698125,15386518
2017-07-31,13.231976509094238,13.404646145901555,12.922987916891309,12.954795413143502,13209192
2017-08-07,12.69579029083252,13.481893045723162,12.491312294848594,13.236519450542449,10461195
2017-08-14,12.886637687683105,13.295592862346231,12.795758374784919,12.836653978920166,7257149
2017-08-21,13.118376731872559,13.250150757870777,12.718508869025195,12.83665160728968,7136144
2017-08-28,13.391010284423828,13.509152999728592,12.7275944985075,13.018406802833669,8667474
2017-09-04,14.149852752685547,14.431577889283023,13.218343827956183,13.250151322943639,15480070
2017-09-11,14.604247093200684,14.69966957537946,14.040797703131481,14.263451028237835,31808891
2017-09-18,14.932638168334961,15.151564836560995,14.640734204159084,14.663540479080659,15073774
2017-09-25,14.932638168334961,14.937198379394578,14.139027473625402,14.900709731419656,14121085
2017-10-02,15.334001541137695,15.726245773840619,14.96912379206789,15.014732858248735,11835273
2017-10-09,15.434343338012695,15.466270031824795,15.119636610490138,15.402416644200594,8965011
2017-10-16,15.393296241760254,15.749051864809976,14.873345180418497,15.507320658365884,12738374
2017-10-23,18.170934677124023,18.599665941609366,15.438908351862745,15.502763499227461,19029545
2017-10-30,19.13785743713379,19.188028458221464,18.289515509331828,18.289515509331828,14300397
2017-11-06,18.677202224731445,19.566593138266228,17.915518117696617,19.188031190606008,16668550
2017-11-13,18.563175201416016,19.06032172285991,17.915515616290946,18.68175982805538,15221628
2017-11-20,18.782102584838867,19.160662754166463,18.15268729983534,18.28951625573839,9248053
2017-11-27,16.761592864990234,18.754739611022742,16.734226372733247,18.736497022726315,18462543
2017-12-04,16.69317626953125,17.486787087533447,16.28268935528854,17.06261605823698,19182700
2017-12-11,16.69774055480957,17.368204870278984,16.49705641147178,16.788960461792655,14463887
2017-12-18,17.01347541809082,17.265153697350968,16.693156814670655,16.99517109890202,8817447
2017-12-25,16.66112518310547,17.013475473454644,16.587909651707974,17.013475473454644,3408923
2018-01-01,17.782236099243164,17.827995143207556,16.34080352162159,16.661122066159233,8481366
2018-01-08,18.294748306274414,18.724889338810367,17.594624672041434,17.84630295432945,10928858
2018-01-15,18.697439193725586,18.944542329599518,17.768516575706222,18.30390495783667,10794180
2018-01-22,17.448198318481445,18.697439653072824,16.99060068329355,18.66998316654683,20267251
2018-01-29,16.931110382080078,18.244414941869074,16.816710987606562,17.805121686033875,13710817
2018-02-05,15.76423454284668,17.196515235571955,15.498827149594522,16.670277401693898,18468929
2018-02-12,16.51012420654297,16.706889591961197,15.81457556247166,15.947277555577463,11453736
2018-02-19,17.059236526489258,17.191940238207906,16.33623328735306,16.565032068000594,7944830
2018-02-26,16.189802169799805,17.41616377087113,15.993035079252053,17.15075634805001,10905411
2018-03-05,18.107141494750977,18.15747752284059,16.052528726051897,16.134894709038736,9638187
2018-03-12,18.18950080871582,18.303900184871267,17.617503927938593,18.25814113264747,9974746
2018-03-19,17.13384246826172,18.698974998037027,16.92270888072558,18.212452210593696,14438030
2018-03-26,16.509626388549805,17.63872464883683,16.316852532640183,17.21645919119983,12453356
2018-04-02,15.912947654724121,16.509627251094372,15.210703877031888,16.509627251094372,12960618
2018-04-09,16.762065887451172,17.064994715199248,15.798200162156842,15.968025198821854,11525041
2018-04-16,16.14243507385254,17.29448365584843,16.03228010838587,16.80337187017898,11897713
2018-04-23,16.647314071655273,17.069577602685975,15.587062682579289,16.09194504680267,18355181
2018-04-30,17.66167640686035,17.702984972101646,16.491269392866744,16.670272591951594,11499537
2018-05-07,18.542917251586914,18.634712467471974,17.753465788628517,17.813134079659015,10493502
2018-05-14,18.39604949951172,19.258936748833808,18.281303687017406,18.598001499184136,13133423
2018-05-21,18.836668014526367,18.91928511772986,17.964599369992452,18.451122116537288,11555014
2018-05-28,18.689802169799805,19.11206600228279,18.31343597097541,18.946831719699887,18953189
2018-06-04,19.314014434814453,19.929050259112312,18.497023125440542,18.919288591670092,14747416
2018-06-11,20.61752700805664,21.08569013903182,19.359913867784062,19.53432799521768,16562715
2018-06-18,18.555774688720703,20.718774585893698,18.482140731843717,20.60832277279221,14852929
2018-06-25,17.589324951171875,18.574179568064096,17.06928425657651,18.47293224108846,16340520
2018-07-02,17.492677688598633,17.676763404887218,16.816166455716807,17.313195080781586,13649608
2018-07-09,17.943689346313477,18.229020655620154,17.4144441747352,17.63074465007841,11050448
2018-07-16,18.657018661499023,18.776673161431347,17.644550620982713,17.99431141396094,10542866
2018-07-23,17.649152755737305,19.190866040741025,17.13831823724048,18.399299795836765,17700662
2018-07-30,17.497282028198242,17.77801197528363,16.889801579503015,17.580120430799557,12629743
2018-08-06,16.59527015686035,17.750403230980584,16.521636197022872,17.589329492452375,10064619
2018-08-13,15.601208686828613,16.793159455579914,15.42172428843163,16.48021473019234,12971905
2018-08-20,16.038408279418945,16.06142031369218,15.53677647921054,15.679443016074636,8882766
2018-08-27,16.296127319335938,16.61827647510125,15.96937681024143,16.125849157009057,8263789
2018-09-03,14.91088581085205,16.411177799330044,14.648563946601103,16.250104125385196,14917492
2018-09-10,14.639362335205078,15.131790546976326,13.838592528847647,14.689986001318445,18923018
2018-09-17,15.018166542053223,15.073602448750242,14.218984938254348,14.694798349642506,17210773
2018-09-24,14.477677345275879,15.429305777570889,14.36680819300174,14.93039327067271,15917942
2018-10-01,14.038819313049316,15.346153474276989,13.932569820440253,14.523872838581026,15924112
2018-10-08,13.281214714050293,13.997245067929084,12.44507587789387,13.983386973007304,22773513
2018-10-15,12.879314422607422,14.454582934200843,12.652956412951621,13.235020243970771,18634153
2018-10-22,11.290188789367676,13.082575126127312,10.694265976090108,12.971705949935881,30507553
2018-10-29,12.73610782623291,13.299693871463363,11.341002570842877,11.401057254896859,22211590
2018-11-05,12.006217956542969,12.83311835375325,11.770620651434616,12.791542306904141,15462948
2018-11-12,11.26708698272705,12.28800842716676,11.08692473769459,12.20023669294932,23299920
2018-11-19,11.484210968017578,11.770622808681226,10.772799263647306,11.327146069159465,16578757
2018-11-26,11.946162223815918,12.195617583450376,11.544260796320287,11.63665219239803,14857197
2018-12-03,11.054590225219727,12.953226748137471,11.031491932065256,12.592901304915845,20615537
2018-12-10,11.29942512512207,11.451871205282503,10.541818788156096,10.809752801066725,18659304
2018-12-17,11.169441223144531,11.452623522173614,10.770201606420146,11.304069163815347,18983479
2018-12-24,11.359777450561523,11.415485781817097,10.928041646509842,11.169442054073633,5657611
2018-12-31,10.124913215637207,11.633669233820772,9.874228060744041,11.43869149759122,16249349
2019-01-07,11.40619945526123,11.424769191792162,10.194551595684956,10.315252226774687,18515598
2019-01-14,11.94006633758545,11.953993639229445,11.188009757884128,11.188009757884128,15765980
2019-01-21,13.342048645019531,13.35133351219179,11.197293913633303,11.861145978283737,23554539
2019-01-28,12.91031265258789,13.388472708407335,12.752473445247634,13.342049255874251,17809781
2019-02-04,12.566780090332031,13.523099283776611,12.455364339339294,12.905669776949981,20295731
2019-02-11,13.643800735473633,13.81092481489827,12.724620069545603,12.738547371315567,19289023
2019-02-18,13.759857177734375,13.857346506821631,13.342047917747786,13.639156567435384,11238777
2019-02-25,13.643800735473633,14.312296167718443,13.309553462078094,13.908413270926818,17000275
2019-03-04,12.933523178100586,13.889842282764972,12.511071496093104,13.778426542115552,15784358
2019-03-11,13.574163436889648,13.615944448864202,12.761756248089986,12.998515020794601,17628146
2019-03-18,13.546197891235352,14.152188018029323,13.21057320577436,13.644088980183954,14559718
2019-03-25,12.273619651794434,13.452968920181934,11.854088583180369,13.411015724410268,24177539
2019-04-01,14.506458282470703,14.562395282868621,12.399478966627202,12.455415967025118,27145678
2019-04-08,14.967941284179688,14.967941284179688,14.319998045222585,14.45051918373321,16923735
2019-04-15,15.480701446533203,15.573930961302812,14.683592562752978,15.009894975344062,14015923
2019-04-22,15.117112159729004,15.820991708690244,14.85140913054051,15.480705404259462,18864354
2019-04-29,15.312891006469727,15.480703802957947,14.95862093026543,15.177710056592316,10124460
2019-05-06,13.905130386352539,14.846745197533739,13.667395901008614,14.814115130955624,21141683
2019-05-13,14.529767036437988,14.767501540642204,13.04276143834622,13.797918151059772,27321034
2019-05-20,12.735101699829102,14.315335501870848,12.655856887063154,14.301351698449034,24970334
2019-05-27,12.767733573913574,12.986822675741724,12.24098919476377,12.860963092449287,16537707
2019-06-03,13.168619155883789,13.35973886719496,12.464738874841586,12.576613762747936,16044819
2019-06-10,13.18260383605957,13.998359004127805,12.99614480064763,13.480936870154558,14208402
2019-06-17,14.025240898132324,14.418472034798777,12.747240150412027,13.248141483503701,18236886
2019-06-24,14.605725288391113,14.704032623763508,13.875438398947628,13.997152880521542,12582071
2019-07-01,14.718076705932617,15.551352348351323,14.68530759459947,15.35941821663605,15286771
2019-07-08,14.816384315490723,14.970867909571048,14.352933533249741,14.63849446799178,11078647
2019-07-15,15.275152206420898,15.364096670012309,14.615085068502935,14.924052209030732,13010939
2019-07-22,16.30036735534668,16.496983859750785,15.27515821014478,15.27515821014478,21251119
2019-07-29,14.802342414855957,16.141200067742712,14.732121861728853,16.06161844092932,15432310
2019-08-05,14.69935131072998,14.96150510002017,14.011197279008979,14.51209860409413,15980103
2019-08-12,14.802342414855957,15.284518962819426,14.137594571701435,14.830430100371943,14474580
2019-08-19,14.605725288391113,15.570076496719162,14.605725288391113,14.980230698702135,11317898
2019-08-26,15.097262382507324,15.29855935713669,14.31548162806959,14.465283778614815,11478533
2019-09-02,16.30973243713379,16.412722133741017,14.755533054906554,15.087906621141997,11674778
2019-09-09,17.09619140625,17.260036993064542,16.27227757768354,16.34249813533718,15660888
2019-09-16,16.654693603515625,17.25587949085572,16.60772676791762,16.86135198015469,13419085
2019-09-23,16.696971893310547,16.75333247941201,15.99715605684445,16.598340419715306,10649936
2019-09-30,16.795597076416016,16.959984595843743,15.987756339288248,16.54197363811419,12235007
2019-10-07,18.021451950073242,18.040239403740223,16.236685060124366,16.800296128442483,16186463
2019-10-14,17.847665786743164,18.486424638409517,17.622221802332014,18.021445188788725,14874248
2019-10-21,18.984285354614258,19.19094374854761,17.04922254098704,17.86645880714057,20126759
2019-10-28,19.49153709411621,19.829704094143775,18.890352908885163,19.040648955192925,17796474
2019-11-04,20.327556610107422,20.487246363899228,19.67001193518292,19.72637249779474,14302857
2019-11-11,20.665725708007812,20.834809205013286,20.073935260158827,20.205443850420785,11434053
2019-11-18,20.449674606323242,20.966317013080893,20.03635960591506,20.656331210692283,14140987
2019-11-25,20.94753074645996,21.37963322400465,20.543611241187367,20.543611241187367,12785235
2019-12-02,21.605072021484375,21.605072021484375,20.29937476395508,21.00388798204696,14840744
2019-12-09,23.08924674987793,23.934662263773028,21.37962827270411,21.501743110358046,16468499
2019-12-16,22.91033172607422,23.249326112864466,22.45834040772312,23.07041220916363,13165070
2019-12-23,22.919750213623047,23.060997287053617,22.740836296048872,22.891500080515343,3060993
2019-12-30,23.145748138427734,23.484742584430204,22.46776104247695,22.88208559197535,5742808
2020-01-06,23.286996841430664,24.002650834841837,22.044019514578626,22.74084008278191,13868661
2020-01-13,23.691909790039062,23.767241705267544,23.01392255298273,23.39999884303551,14080416
2020-01-20,26.12136459350586,26.2343633569884,23.362330460049737,23.72957509432718,19192752
2020-01-27,23.814315795898438,25.961275423373266,23.757815534925232,25.255038325692585,18302176
2020-02-03,25.65053367614746,26.224940479736468,23.59773735780051,23.81431812056531,19380708
2020-02-10,27.26075553894043,27.722163608804422,25.236207543751267,25.518703489990084,15403938
2020-02-17,26.6486873626709,27.693919166030657,25.27387958172416,27.260761140599563,18963828
2020-02-24,22.98566436767578,25.49986862818371,21.968682969945267,25.09495905200374,36290325
2020-03-02,21.931020736694336,24.134479217709536,21.70502324505029,23.72957138564477,25148973
2020-03-09,17.039152145385742,21.300118842447194,16.615410821449764,20.01005785185208,46943034
2020-03-16,15.45663833618164,16.585652847529417,12.971859985506809,15.442465376914717,36547052
2020-03-23,17.464298248291016,18.71141037146583,13.926088378833601,14.10559748808722,23893930
2020-03-30,16.944669723510742,18.876749562328534,16.944669723510742,17.85638476982508,17792536
2020-04-06,20.97416877746582,21.19146828430448,17.516265539314922,17.851662839265373,15690811
2020-04-13,20.19000244140625,21.172575286028632,19.27356228019633,20.97417182970251,15169436
2020-04-20,21.38042449951172,22.01342876717005,18.569698356296346,20.27502904112416,14704669
2020-04-27,22.400785446166992,24.00691593201192,21.918948102442577,22.325202941070117,11142681
2020-05-04,22.089006423950195,22.334650005308266,20.596250661873448,21.26704694212606,12223293
2020-05-11,20.416748046875,22.618090945900978,20.32226944736581,22.16459402866274,11540917
2020-05-18,20.73797035217285,21.446557013836674,20.18999673923399,20.983612142430733,14860802
2020-05-25,20.870237350463867,22.16458785661212,20.331711825859934,21.04974645934148,19064341
2020-06-01,23.676244735717773,23.921888358285084,20.79465934388495,21.200916034975915,16489391
2020-06-08,21.635517120361328,23.421157124721713,21.285948633083684,23.232199919361744,15608714
2020-06-15,22.684221267700195,23.40225596953748,20.65293985964987,20.964717919471276,18624430
2020-06-22,22.193973541259766,23.433806911847054,22.165579749192933,22.58201300690302,12969850
2020-06-29,22.93218994140625,23.121478243956933,21.98575203902692,22.241290705914228,10173976
2020-07-06,24.001659393310547,24.37076949933002,22.458965012157222,23.39593806948966,15692096
2020-07-13,24.77774429321289,25.146854493311235,23.197192941887018,24.389704902035913,16685350
2020-07-20,24.503284454345703,26.377233464888956,23.74613461536997,24.683108218047792,14389838
2020-07-27,22.534685134887695,24.900779805229995,22.260219091825217,24.50327582840501,25303370
2020-08-03,23.187728881835938,23.613626665005707,22.468435850919803,22.572544599069538,13800039
2020-08-10,23.40540885925293,24.361311355916733,22.714509624745155,23.093084424120164,12833479
2020-08-17,23.017366409301758,24.03951913454421,22.78075696544761,23.405405752807617,9513616
2020-08-24,23.94487953186035,25.137391571406063,23.310766030003197,23.348624414681066,10087442
2020-08-31,22.373790740966797,25.042745254105032,21.97628676208321,24.228809910819198,17500601
2020-09-07,24.011133193969727,24.4559584103953,21.635573563740035,22.610403562211204,19391380
2020-09-14,24.522207260131836,25.676860914917,24.323456156148687,24.323456156148687,12664065
2020-09-21,23.77520179748535,24.73265631623416,23.234856589743092,24.306067042691332,11002643
2020-09-28,26.29681396484375,26.856119097498688,23.94583750005708,24.116473209425433,12724430
2020-10-05,27.74721336364746,27.879929211771927,26.12617606846256,26.457967496891545,9395929
2020-10-12,27.699817657470703,28.467678399076114,27.131034333772295,27.87993334097151,10668290
2020-10-19,27.121551513671875,28.069526030801345,26.68548229557101,27.91785025271006,10023292
2020-10-26,24.789533615112305,27.159469941760094,24.4008642021915,26.78028049112003,14189263
2020-11-02,27.47230339050293,27.50074327933894,24.865373248431123,24.931731180930427,12503018
2020-11-09,27.405946731567383,29.07438231700028,26.789763576430687,28.2401654283429,16646065
2020-11-16,29.51045036315918,29.55785018101873,27.453345279127202,27.614501043613327,11707950
2020-11-23,31.48223304748535,31.5485909748103,29.5957639632969,29.766399666771274,11870123
2020-11-30,32.28800964355469,32.610321086976306,31.017723791979513,31.169399552634665,13847678
2020-12-07,27.5860595703125,32.875757449344626,27.282708005770118,32.30697416988664,25065710
2020-12-14,28.489837646484375,29.106911403930802,27.160755289507875,27.758841716391274,16034862
2020-12-21,28.47085189819336,29.030965505810606,27.28417083302659,27.891750958957864,6754838
2020-12-28,28.74616050720215,29.087923395717237,28.4043958079556,28.955015706335338,3647812
2021-01-04,31.3283748626709,33.12263575264439,29.287284135279506,29.296777799495345,16639964
2021-01-11,31.261919021606445,32.43910433727239,30.882179720219924,31.25242354726748,12701302
2021-01-18,30.948640823364258,32.23975040555455,30.635358904385768,31.223951700456087,10449004
2021-01-25,31.584699630737305,32.01190548392294,28.76514462117489,31.59419148460243,18272443
2021-02-01,31.983415603637695,32.799852471000754,31.432797664706158,31.935949101887694,12492107
2021-02-08,33.511871337890625,33.55933785447929,31.916971754562592,32.372656832447305,11213673
2021-02-15,32.86631774902344,34.0909734767625,32.11633806855684,33.81566260064196,10261191
2021-02-22,30.350549697875977,32.67644314871779,29.619555648029312,32.67644314871779,14771981
2021-03-01,26.980375289916992,31.129012247807683,26.980375289916992,31.072050264522808,25993727
2021-03-08,28.195541381835938,28.803121476503797,27.103793409473795,27.398091602218614,18729867
2021-03-15,29.315763473510742,29.448672962509864,28.19553825103818,28.404393432706357,15725884
2021-03-22,30.696090698242188,30.905228516039106,29.251121029924626,29.374703127058233,13325371
2021-03-29,31.442344665527344,31.651482506966456,30.049660200820323,30.876714037372686,7851185
2021-04-05,31.66573715209961,32.055498390925706,31.085847683662028,31.442336754285687,7571594
2021-04-12,31.043073654174805,31.8130915145643,30.553495807525266,31.675248609694847,10432976
2021-04-19,30.620040893554688,31.190425716344116,29.084761153091783,31.085854984179626,12772947
2021-04-26,29.621870040893555,31.960437869449503,28.899385184628166,30.648560478637123,18537264
2021-05-03,29.412734985351562,30.163737928634436,28.30999524695292,29.745458588688585,14159360
2021-05-10,27.7348575592041,29.37946235907349,26.855518304598125,29.37946235907349,18571379
2021-05-17,28.210176467895508,28.409811352142214,26.94582824499217,27.78714292983654,11788308
2021-05-24,29.146549224853516,29.146549224853516,28.138873857398618,28.21492479431602,12727285
2021-05-31,29.04198455810547,29.688418563199154,28.476355710247365,29.127542106614793,9776645
2021-06-07,29.850025177001953,30.05916664377713,28.599936020114626,29.032477939782336,9997316
2021-06-14,28.937414169311523,30.372877416758595,28.937414169311523,30.0211406447467,13524414
2021-06-21,29.323183059692383,29.45177284186629,28.527833664531496,28.880263304464066,8025375
2021-06-28,29.92327117919922,30.023284856883897,29.023142629700452,29.289847586971817,15454676
2021-07-05,30.590024948120117,30.70908933917319,28.856445888293518,29.89944929987819,13313463
2021-07-12,30.64241600036621,31.961651749056376,30.523351585754483,30.61384170359782,12888182
2021-07-19,31.642566680908203,31.642566680908203,29.3470026103507,30.442395093048294,13406619
2021-07-26,32.899879455566406,33.690465268036455,30.480489712576816,31.428241422181145,17758795
2021-08-02,34.2333984375,34.319124959500684,33.01418002109696,33.40947474107552,14781575
2021-08-09,34.75728225708008,35.10494828039395,34.21910882796004,34.24292316207512,12456143
2021-08-16,34.66202926635742,35.02398607771159,33.36184798864205,34.57630274876189,11257091
2021-08-23,35.4954833984375,35.52405769576598,34.504866577396704,35.00493858199106,7183369
2021-08-30,36.100337982177734,36.72899805079261,35.5859787532497,35.60026590401578,8745977
2021-09-06,36.42417907714844,36.67659499765623,35.29068378097974,36.24796247530491,6721165
2021-09-13,37.04331970214844,38.47685625635849,36.224155956885554,36.48609911969317,11437554
2021-09-20,37.653873443603516,38.0020767105027,34.91592774154181,36.289671547223534,8572555
2021-09-27,35.60757064819336,38.22149336797387,35.32137523467192,38.1594855141154,14000910
2021-10-04,34.37215042114258,35.4167673499383,33.95239745154138,35.21643095348124,10254791
2021-10-11,34.85869216918945,35.15442586370143,32.91255746318253,34.37215667310159,10797966
2021-10-18,36.18950271606445,36.39937740787827,34.37692573195675,34.76328935111525,8837017
2021-10-25,39.03238296508789,39.557075140844546,35.94623412260759,36.27058988130348,13405761
2021-11-01,42.01359558105469,42.18054260694048,38.97991610803313,39.576158085605414,10236270
2021-11-08,42.73862838745117,42.87695697642234,41.0309903239524,41.975439309655584,10320655
2021-11-15,43.70214080810547,43.85477856517299,42.538275635983595,42.86263132464848,8167742
2021-11-22,40.00544738769531,44.20298813352128,38.73187193768522,43.711685395651386,11086747
2021-11-29,39.94343566894531,43.03435522740176,39.64293106653953,40.66846784499501,15898534
2021-12-06,40.52537155151367,42.50966646534743,39.509376600611624,40.36796280668925,10554077
2021-12-13,39.52226257324219,42.26408043799729,38.380635961369435,40.878842043897976,11539252
2021-12-20,41.57624053955078,41.57624053955078,38.46661953906865,38.69112417602058,6019098
2021-12-27,41.43293380737305,42.36916293268396,40.859733492062276,41.10811932354528,4160053
2022-01-03,42.3978385925293,43.56334674616255,40.35341888710456,41.57624854769808,10648559
2022-01-10,41.041255950927734,43.10000862597129,40.143240935694,43.061794290603146,13604084
2022-01-17,38.86787033081055,41.79119795291793,37.98895877624973,41.39951009825493,11734194
2022-01-24,38.24211883544922,40.415510825370674,36.57983537032664,38.51438959151169,20296383
2022-01-31,37.047943115234375,40.31519538270018,36.83299389056594,39.16879101439079,16283818
2022-02-07,38.21823501586914,39.546152074415076,36.50818192646254,37.3966451005422,13520676
2022-02-14,36.54161834716797,38.65768867958066,36.30756194287001,37.1673625409177,11885040
2022-02-21,36.55595016479492,37.0097371836157,33.34124492045412,36.7852325256323,14174618
2022-02-28,32.48143005371094,36.302774765912226,32.166167365681545,35.54328425363501,20326258
2022-03-07,33.4415397644043,34.84588129294358,30.37968594615573,31.05319961699712,17992907
2022-03-14,36.9810791015625,36.9810791015625,32.05632006941609,33.69950019604959,16259169
2022-03-21,38.44978713989258,39.17218312578444,36.69402084742048,36.84233032960373,10749472
2022-03-28,36.98585510253906,40.21990590320012,36.933229740178,37.79436871519847,10802101
2022-04-04,33.52216720581055,37.296819409970254,33.3116657718727,36.93801213847236,13439118
2022-04-11,32.680171966552734,34.206300382374415,32.091729962003946,33.58915130810775,9768769
2022-04-18,33.7852897644043,35.01001726298038,32.51271838230971,32.68016102469693,8799960
2022-04-25,34.191951751708984,35.14398630861202,32.6371197761239,32.76628882656706,14017333
2022-05-02,33.26382827758789,34.98132112355627,30.981815448517104,33.632205817381205,11736558
2022-05-09,36.24431610107422,36.31607827855967,31.76640148568388,32.78541272605423,18508204
2022-05-16,35.206172943115234,36.904529073137496,34.966968060012206,36.229973200774914,10632766
2022-05-23,35.665443420410156,35.88072631832964,33.36907547604657,35.67022488926972,9588612
2022-05-30,35.30183792114258,36.655737700474425,35.201372362778805,36.072077518573074,9373491
2022-06-06,33.01505661010742,36.0720945039961,33.01505661010742,35.88551500061146,8754659
2022-06-13,30.335960388183594,32.25438256972345,29.938881268059337,31.962552347409574,15209567
2022-06-20,30.474964141845703,31.122041114251388,29.612192407373385,30.609172265675372,9099040
2022-06-27,27.896240234375,31.09807501823006,27.742858993056743,30.609173454308507,11602919
2022-07-04,29.554676055908203,29.554676055908203,26.285735378309706,27.94417119323649,14028842
2022-07-11,30.959070205688477,31.054935759359083,28.739834748995573,29.099322347242193,9760808
2022-07-18,32.52643585205078,32.92906017793664,30.129852035406287,31.31376502593214,10078696
2022-07-25,35.40233612060547,35.809754634471815,32.23405205031971,32.5264355659301,10509243
2022-08-01,36.04462814331055,37.65034262707774,35.244169826256716,35.59407275992505,8904930
2022-08-08,35.589271545410156,36.60063026167659,33.604900333611766,36.42807592526831,8948179
2022-08-15,35.105159759521484,36.26510914029166,34.44849811477255,36.044620204576546,7814061
2022-08-22,34.09379577636719,35.60843831353321,33.64803109619073,34.673768548313554,6885746
2022-08-29,34.12255096435547,34.69293524905344,32.641460723622146,33.60009395284391,9768505
2022-09-05,35.411930084228516,35.49820726965071,32.77568722142513,33.168726920149005,9026180
2022-09-12,33.85414123535156,35.958341506335906,33.52820569426829,35.186644891798565,9384514
2022-09-19,32.42815399169922,35.42898253331574,32.33212528049503,34.166235201726984,8076425
2022-09-26,30.9637451171875,34.15182474953093,29.984276170648887,32.39454163523629,14598524
2022-10-03,32.32732391357422,34.247854021070154,30.085104060661394,30.584442328184792,11929582
2022-10-10,30.728479385375977,32.43774987898905,28.894373418586156,31.928810611367226,13051364
2022-10-17,31.991226196289062,32.59139180327939,30.50281622357709,30.690067599908456,11963153
2022-10-24,30.52202796936035,33.78212862769938,29.1488484972729,32.52417994915803,16006972
2022-10-31,30.637256622314453,31.208613659174592,29.158447588238516,30.858115309383194,12436682
2022-11-07,34.454315185546875,35.04967856285857,30.0370950551485,30.502822415248666,13627802
2022-11-14,35.52500534057617,36.56689572847754,34.271859127592585,34.737588273973834,11283185
2022-11-21,35.712257385253906,36.1731841889682,34.85281968996393,35.5250059857175,6985533
2022-11-28,35.23692321777344,36.47086357299022,34.21424233077314,35.308943824039986,13226155
2022-12-05,35.42897033691406,35.59701594477083,34.04138798999463,35.1072825071426,8188946
2022-12-12,33.60630798339844,37.16507644548708,33.29371645604954,35.00096093505186,11490367
2022-12-19,32.32227325439453,33.99585785432357,32.04334187622509,33.72654315477587,6631023
2022-12-26,31.735557556152344,32.72143408207153,31.509527077686833,32.32227403155107,4099310
2023-01-02,34.09203338623047,34.26997309702293,31.89906413320198,32.288603758651256,7085263
2023-01-09,36.41004943847656,36.587989188289434,34.22669638360932,34.34211854682794,12201231
2023-01-16,36.602413177490234,38.5020245188377,36.0060800572048,36.54951227409284,10264858
2023-01-23,42.02231979370117,42.392626120056704,36.58798657978779,37.09775492251942,16105776
2023-01-30,44.349937438964844,44.66253260949591,40.714224856832615,42.18582210786964,14071411
2023-02-06,43.21498489379883,44.68177584541797,42.53689356790985,43.59490785617046,11392796
2023-02-13,44.152767181396484,45.09535933425262,43.056282507035,43.51796007155104,8741753
2023-02-20,42.90719985961914,44.17681407045859,42.48880284980885,44.16238721996291,7924099
2023-02-27,43.57567596435547,44.431703439260126,40.21408364726679,43.54682225997049,13134821
2023-03-06,44.49421691894531,45.65803303268604,43.10918419986827,43.90269401907283,8624229
2023-03-13,43.686283111572266,44.61925866539298,41.98384855470783,44.489413330037614,13880081
2023-03-20,43.7296257019043,45.63656637363086,42.23200246349801,43.13250375595539,8585157
2023-03-27,47.14862823486328,47.31717023590389,42.75206823178362,44.485649922661416,10049256
2023-04-03,44.24006271362305,47.288275754726214,43.96076243482959,47.09565842005227,6836277
2023-04-10,44.37009048461914,45.174279440079204,43.83075226519161,44.24007338495824,6228541
2023-04-17,41.6156120300293,44.61085807390281,41.17258625268181,44.60122867610848,8523027
2023-04-24,37.142005920410156,41.45188709307609,36.308925227519396,41.32186634053631,19409328
2023-05-01,37.14682388305664,38.39404221324074,35.88515961846672,37.14200734694117,9335345
2023-05-08,37.53688430786133,37.96546423642096,36.78084968034075,37.32981731184277,8229336
2023-05-15,40.002418518066406,40.52249418202261,37.12756010635013,37.76320691542757,8437045
2023-05-22,39.17897415161133,40.392480574917386,37.358712679681695,40.11318389762561,11298001
2023-05-29,40.459896087646484,40.66696307598472,38.225500697826966,39.59310686297603,18630997
2023-06-05,42.47277069091797,42.88690459093325,39.294536774240484,40.3635799266548,9385946
2023-06-12,43.922245025634766,44.760142331672306,42.36202156895846,42.73763057946009,10448774
2023-06-19,41.06183624267578,44.11968684696277,40.883664793037546,43.95114112311743,6902376
2023-06-26,43.94556427001953,44.00343312299266,40.82554311603226,41.19685813836762,7684342
2023-07-03,42.24329376220703,44.654440708441655,41.23061278061214,44.36510381071716,7360482
2023-07-10,45.64783477783203,46.028792749582266,41.84304159309043,42.088979606510435,7204823
2023-07-17,44.08540344238281,45.715340894587115,43.79124326358089,44.73159264272593,6866080
2023-07-24,46.67498779296875,48.66659404945091,42.83161857954221,43.91663481614535,12130155
2023-07-31,43.78642654418945,47.36456744576351,43.57906777608648,46.8485821873377,9103568
2023-08-07,41.6212158203125,44.11434446371083,41.61157285170758,43.96003121220516,7341619
2023-08-14,40.65193176269531,42.31562138836875,40.270970171379986,41.59710075620066,5443234
2023-08-21,40.93162536621094,43.22703807223225,40.46386599331027,40.685691049904236,7284323
2023-08-28,42.006996154785156,42.590493187647034,41.33669769758165,41.6212112290184,6660752
2023-09-04,39.90930938720703,42.59050388974913,39.25830038061869,42.272234373267146,6621573
2023-09-11,39.87071990966797,40.70015492009151,39.29686584752473,39.83214068148136,7933538
2023-09-18,38.89520263671875,39.76447487290131,38.4557343422619,39.57613237083849,6832654
2023-09-25,39.58580017089844,40.05424318561665,38.1997887822902,38.8807223235526,6517469
2023-10-02,40.619266510009766,40.619266510009766,38.27705536788763,39.79828650042985,6448759
2023-10-09,39.75482177734375,41.36298054559665,39.72101680403809,40.62409778301174,6283669
2023-10-16,36.451576232910156,40.11218466161196,36.39362327754914,39.634084754395964,9711071
2023-10-23,36.25840377807617,38.03558723191723,34.01277739578897,36.41294130952038,12768355
2023-10-30,37.108367919921875,37.39812908994522,33.950006537544205,36.702708177035326,12717175
2023-11-06,37.29670333862305,37.480215499884004,36.330842877210166,37.37880059357148,5989751
2023-11-13,40.49370193481445,40.93317024398109,37.045580141605186,37.71202258009869,9815098
2023-11-20,40.387454986572266,41.10702370307667,39.919015744758966,40.43092062446207,4434590
2023-11-27,42.237083435058594,42.79728434946937,39.919020214563425,40.3488278851698,8594738
2023-12-04,42.86972427368164,43.27055733653548,41.797622023510236,42.348162311383625,6620469
2023-12-11,45.2779655456543,45.476236743252805,42.642434398744825,42.73431653318832,8914088
2023-12-18,44.020652770996094,45.00716461499457,43.59993703464828,44.736358744292225,4586254
2023-12-25,43.759517669677734,44.55259518060466,43.64345853598079,44.020653487585875,1691938
2024-01-01,39.65872573852539,44.31080155879836,38.923675976390534,43.75951608192382,7491839
2024-01-08,38.41592025756836,39.99240169218428,38.256336626689205,39.58135596462434,7666898
2024-01-15,39.18965530395508,39.4459542827003,37.30851347904539,38.39657768730978,7685343
2024-01-22,39.94403839111328,41.43347802376525,38.87048130120769,39.9005176012565,12753456
2024-01-29,38.87047576904297,40.20033160404454,38.65286447182378,39.65388308004685,7456792
2024-02-05,41.30290985107422,41.31741678028409,38.638361065755355,38.8898231141168,6805317
2024-02-12,41.167503356933594,41.80100088675928,39.973054011903,41.52052128970382,6177175
2024-02-19,40.180992126464844,41.568879511781255,39.03006355364715,40.45663854379435,6123594
2024-02-26,41.86870574951172,41.86870574951172,39.871501365987434,40.07460946037271,6950724
2024-03-04,42.028289794921875,43.11635386181826,40.741954504897876,42.221720455251884,6340611
2024-03-11,40.0407600402832,43.11635483387223,39.86666949049866,41.36094240512032,7936359
2024-03-18,38.69929122924805,40.374920137852754,38.36997664233791,40.21510489093861,7933534
2024-03-25,38.66538619995117,39.15935990898534,38.07940067829955,38.74287372090099,4333765
2024-04-01,37.32391357421875,39.478984317171964,37.2706418304776,39.01891419738001,5287055
2024-04-08,37.79367446899414,39.09156091084919,37.30454464452116,37.30454464452116,5178689
2024-04-15,35.556270599365234,38.205315116291466,35.556270599365234,37.68712934076389,6381614
2024-04-22,37.449832916259766,39.31917695468542,35.17368676379109,35.25601818228157,12889956
2024-04-29,36.03571319580078,37.83241332192668,35.12040950645338,37.44982704299521,7849787
2024-05-06,36.471561431884766,37.56604834490837,35.92431982277663,36.06960703678066,6340186
2024-05-13,37.11566925048828,38.18109670003585,36.33112480103801,36.52483989044884,7574618
2024-05-20,37.44014358520508,38.48620295408103,36.07930132171789,36.95585766142363,8301718
2024-05-27,36.665283203125,37.54183945573781,35.86621076931822,37.44498375852827,14172500
2024-06-03,40.10371398925781,40.40881646935716,37.04787115840028,37.507941283097665,9984093
2024-06-10,38.16656494140625,40.5056663785685,38.07455314650949,39.454767018037394,8960099
2024-06-17,36.820255279541016,39.33854410076223,36.234269801524334,38.55884352960421,10601036
2024-06-24,35.791133880615234,37.10666264275497,35.169773801194985,36.91248784940965,7565136
2024-07-01,37.795982360839844,38.16976580947976,34.98531230231144,36.664917534010655,7393474
2024-07-08,38.305694580078125,38.664915602052005,36.9853102031639,37.73288087843377,6454835
2024-07-15,35.703758239746094,38.11636792396729,35.679484999812246,37.90763065269608,7850906
2024-07-22,29.825136184692383,36.92219785314699,29.16009052014734,35.72802777911446,17599816
2024-07-29,27.106700897216797,30.762027260201204,26.90281715588931,30.36397055528232,15637828
2024-08-05,25.94650650024414,26.499902218702143,25.145537843452015,25.524178481176925,15713960
2024-08-12,26.975635528564453,27.32514948603201,25.723213600619772,26.13583280457241,8000799
2024-08-19,27.29116439819336,27.66980321807909,26.825145252424637,26.830000640867752,7504614
2024-08-26,27.931936264038086,28.135818118388688,26.878541127862754,27.373685155013025,9107741
2024-09-02,25.06787109375,28.033880185410244,24.999910468374505,27.854269696662413,11750109
2024-09-09,25.0047664642334,25.451367813431993,24.262051197032786,25.276610844258123,12353176
2024-09-16,24.145544052124023,25.38825679314741,23.990203107708044,24.873696743237932,14430442
2024-09-23,26.771543502807617,26.771543502807617,23.24910047127262,24.37940023276737,14752485
2024-09-30,25.090709686279297,26.917703110037497,24.774030082755683,26.552304425285858,11456867
2024-10-07,24.90070152282715,25.222252276285598,24.389143759395125,25.071220157799914,9345769
2024-10-14,24.978654861450195,25.451237765503198,23.89707413609749,24.983526026274493,12212726
2024-10-21,25.499956130981445,25.948177622771578,24.428119623921212,24.905573679376975,10896436
2024-10-28,24.208881378173828,26.10408421048186,23.64373145905902,25.865356240327873,15719237
2024-11-04,24.02861785888672,24.905574348774014,23.268587909777008,23.614500084319175,11200068
2024-11-11,23.536550521850586,25.4025190428207,23.536550521850586,24.374530333341347,12353327
2024-11-18,22.80087661743164,23.65347351339286,22.0554639259728,23.424491610838334,13578550
2024-11-25,23.648603439331055,24.447608269883798,22.951909794968007,23.09319773314263,13823376
2024-12-02,24.43299102783203,24.496325457139374,23.30756249122921,23.36602575617202,10389573
2024-12-09,24.238113403320312,24.964039627517614,24.15529059131522,24.569408368368414,10617969
2024-12-16,23.147716522216797,24.731971700563182,22.5951828443498,24.203886019360194,15837221
2024-12-23,23.8322696685791,23.881165657902656,22.966797227662695,23.14282577364738,2858085
2024-12-30,22.96190643310547,23.837158442024318,22.69786361500776,23.7931513056747,6265611
2025-01-06,23.514440536499023,25.294281437501283,23.245508860184938,23.328632416481355,13217787
2025-01-13,24.125648498535156,24.189214774661682,22.463158805503905,22.976576001911628,13455115
2025-01-20,23.758922576904297,24.37991130820466,23.607342033508004,24.282117469409066,10484239
2025-01-27,21.343427658081055,24.14521062338179,20.65887255511997,23.41664838001231,23317853
2025-02-03,21.25541114807129,21.543901957100935,20.209021325060757,20.536628551871807,19677778
2025-02-10,22.815217971801758,22.947239388786528,21.16739841656971,21.402102536121788,13941302
2025-02-17,26.15975570678711,26.477585260544696,22.414265525061364,22.7956594973604,27504771
2025-02-24,23.206392288208008,26.149976251397792,22.805439170606128,26.149976251397792,18836573
2025-03-03,23.201501846313477,23.729585630668286,21.270080381177085,23.084148857977702,23807343
2025-03-10,22.101322174072266,23.675795600368385,21.49011305346884,23.563333346008818,16295449
2025-03-17,21.622135162353516,23.445983014713846,21.235850537695523,22.155109607754643,15925971
2025-03-24,20.139421463012695,22.378226643504668,20.139421463012695,21.975632882044163,14339050
2025-03-31,16.71444320678711,20.159061416493778,16.21562239976534,19.712282502723117,18529616
2025-04-07,17.26628875732422,18.73722370195886,15.219943204744942,15.227799026387947,31177200
2025-04-14,17.606035232543945,18.19912205414693,17.41357559040941,17.91043352738814,9818405
2025-04-21,20.046138763427734,20.316169636106004,17.437144480692364,17.606037620722336,13322921
2025-04-28,20.267070770263672,20.330896858577965,19.016089552888925,19.967581286119124,10390905
2025-05-05,20.82676887512207,20.969149410293415,19.518837103826367,20.267068148322664,10365067
2025-05-12,22.64334487915039,23.031208357021445,21.35210601922946,21.357014853746637,13605725
2025-05-19,21.13117218017578,22.71699176700254,20.846411067347546,22.334038975296092,11931766
2025-05-26,21.705598831176758,22.913374319943486,21.558309457185743,21.76942491329773,10479534
2025-06-02,24.597389221191406,24.867421946719695,21.09189322567815,21.327556617414167,14841203
2025-06-09,25.127634048461914,26.163572361529557,24.43046152051544,24.523746236957454,12428909
2025-06-16,24.450101852416992,25.284744270887632,24.273353825813054,25.13254416511506,10758797
2025-06-23,25.366609573364258,25.72138793428746,24.22836358518912,24.455028582267946,10523694
2025-06-30,26.795578002929688,27.061659910845137,24.883719429372366,26.115586727856147,12416187
2025-07-07,27.258758544921875,27.854981846895296,26.55413032270592,26.623114588431072,11501535
2025-07-14,27.574113845825195,27.70222908209878,26.076162939685474,26.815283229989664,12711107
2025-07-21,21.92230987548828,28.012659832600566,21.848397090411787,27.692375483189565,27097084
2025-07-28,21.38028907775879,23.035919069952353,21.197973239237587,22.597374601241157,14249736
2025-08-04,21.44927215576172,21.808977170558446,20.54754629777656,21.468982483069006,10205685
2025-08-11,21.715356826782227,22.158829810999293,21.119133498863995,21.449273036251984,9196798
2025-08-18,23.095048904418945,23.099977426515288,21.51333165397106,21.680865691318466,10657742
2025-08-25,22.91273307800293,23.676490471333608,22.84867544846358,23.080267115480922,10917678
2025-09-01,22.469255447387695,22.9817126188449,21.385213888886746,22.695920425323028,13005679
2025-09-08,21.86318016052246,22.700850294574728,21.705501297604425,22.592445371438462,10222511
2025-09-15,23.183740615844727,24.041121024746705,21.981438890405368,21.981438890405368,14809060
2025-09-22,23.559669494628906,24.672607877458397,23.065030213371355,23.41622365020843,10286630
2025-09-29,24.54399871826172,24.82099737372617,23.46568501717732,23.8564504721453,9347619
2025-10-06,23.717952728271484,24.89024723792961,23.717952728271484,24.464857175404976,9616128
2025-10-13,24.553890228271484,25.028743419834946,23.460738020537214,23.47557659311768,11002235
2025-10-20,21.323898315429688,26.36921903003898,20.987543475329133,24.9050854197017,21506575
2025-10-27,21.111202239990234,22.10542625040531,20.92323880646092,21.67509065367928,11179459
2025-11-03,19.9438533782959,21.40303946776102,19.767762312538093,20.98259499485133,11122317
2025-11-10,20.121925354003906,21.027114223396175,19.643115287460017,20.285155329478332,12882388
2025-11-17,18.608327865600586,20.052675441957703,18.00486926988813,20.042782430631405,13459789
2025-11-24,19.5639705657959,19.619371806805397,18.70329933315187,18.974361806406158,13269615
2025-12-01,22.16478729248047,22.426945512707427,19.300825346868383,19.47889579339958,14543618
2025-12-08,22.13016128540039,22.412105512174083,21.655306162556094,22.120268273789154,9692404
2025-12-15,22.030832290649414,22.691358955259723,21.554060907912806,21.87190849640388,12002213
2025-12-22,21.92654037475586,22.154993107472716,21.85700955240964,21.991101868009846,2788881
2025-12-29,23.282360076904297,23.570408761909725,21.886808406704915,22.03579923650229,6986228
2026-01-05,24.528919219970703,24.936161708800526,23.38168811623938,23.461150019071514,12750326
2026-01-12,24.141542434692383,24.573616408535543,23.84355888121478,24.424625579057334,9740930
2026-01-19,24.484222412109375,24.980859791237442,22.587067775401866,23.466116163801093,15187474
2026-01-26,23.674701690673828,26.048629524536846,22.96947755930426,24.350128793378918,18466190
2026-02-02,24.722606658935547,24.87159937944508,22.666528334540754,23.0886712184492,14762744
2026-02-09,28.253700256347656,29.400933286632966,25.686085910093578,26.048630970295655,20501394
2026-02-16,28.362960815429688,29.018521999470234,26.972376543056445,28.223902956548734,11471907
2026-02-23,28.218935012817383,29.386032066277657,27.821625498523748,28.089810131117403,10871337
2026-03-02,26.96244239807129,29.510190659537724,26.36151165453391,27.106467685388196,15437375
2026-03-09,28.422555923461914,29.589654857735177,25.50232771229128,25.606622997866832,15383637
2026-03-16,26.738954544067383,29.97206280387604,26.738954544067383,28.83476473159514,17418532
2026-03-23,28.40826988220215,29.379961683202612,25.318790987971635,25.81709428070252,14637377
2026-03-30,28.98630142211914,29.918129941611085,26.808716580427078,28.024577822710324,10606422
2026-04-06,33.77998352050781,33.97930561476777,28.986304071355484,28.986304071355484,14361603
2026-04-13,37.08373260498047,37.08373260498047,33.18700074810034,33.26673110509405,14667309
2026-04-20,43.22282409667969,44.13970408023775,36.6701354083907,36.85949308201528,23265634
2026-04-27,45.858848571777344,45.858848571777344,41.54354430182007,43.70617863303086,13731492
2026-05-04,48.86860656738281,49.42172355816106,46.73586896051835,47.84210294207486,19486779
2026-05-11,52.650726318359375,55.70033995470914,47.36372822057705,49.63100586045608,18761279
2026-05-18,57.733421325683594,57.77328650257618,50.71730986619471,51.89330597225829,14850661
2026-05-25,58.749961853027344,61.420867937123006,56.55742649719101,58.361285873926185,20955267
2026-06-01,62.60682678222656,69.48341389503088,57.5141664093595,59.517347819518825,21231817
2026-06-08,67.52010345458984,67.52010345458984,58.75992971020098,59.80636597755993,21285855
2026-06-15,67.68951416015625,69.21432094502435,63.8625487082131,69.14455879158282,17254812
2026-06-22,62.45039367675781,70.7032624999203,61.68198795110054,67.8990846694584,14604862
2026-06-29,62.64997482299805,66.05291601018288,60.68405748805953,63.188857340041686,11350201
2026-07-06,61.8715934753418,63.867451329385084,57.800041625831064,61.77180210535833,12284729
2026-07-13,53.688575744628906,63.48823754582503,51.24364910149128,60.03540435702652,15274266
2026-07-20,46.66814422607422,58.17925389254693,46.05442008665988,54.417061496705145,18506893
2026-07-27,45.58040237426758,48.060256334029006,42.332142694101435,46.44361255965369,21829669
2026-08-03,48.1650390625,48.42948961912205,43.93382254295363,46.10431719826687,13806561
2026-08-10,46.558372497558594,49.48729524525711,46.53342655866174,48.49934394046104,11239626
2026-08-17,42.990779876708984,48.9883310354504,42.51177064316856,48.44445779229149,13529010
2026-08-24,43.270198822021484,44.442764548212814,41.8980465493558,42.741297709641664,9622970
2026-08-31,44.71220397949219,45.26605481499443,41.74336707049625,42.945869396917,11179467
2026-09-07,44.58247375488281,46.623240376514815,43.00075732977326,45.605352420951206,10529172
2026-09-14,43.3650016784668,43.579552734976666,41.14460761740276,43.350029547429656,11583616
2026-09-21,45.10499954223633,47.02000045776367,44.08000183105469,44.10499954223633,10015917
