Price,Close,High,Low,Open,Volume
Ticker,SU.PA,SU.PA,SU.PA,SU.PA,SU.PA
Date,,,,,
2000-01-03,18.39716911315918,19.080290457192067,17.160483890016714,18.39716911315918,6455896
2000-01-10,18.49139404296875,18.679842767919315,17.396044809568075,18.5738407011615,4430389
2000-01-17,17.219377517700195,18.797624707362292,16.866039056130703,18.562065126712525,3850676
2000-01-24,17.40782356262207,18.043834215902685,16.135804074871064,17.431380792647065,6313251
2000-01-31,17.737607955932617,18.067391013485608,16.371364899676145,16.84248407298338,7992557
2000-02-07,16.394920349121094,18.090946466698423,16.394920349121094,17.596273698080342,3389966
2000-02-14,16.677595138549805,17.14871256633303,16.01802892084264,16.31247799526115,3247635
2000-02-21,14.133551597595215,16.61870208339549,13.945104667349671,16.4891445915004,5121763
2000-02-28,15.982691764831543,16.90137284309474,14.36911147955204,14.534002092368759,7851009
2000-03-06,14.451553344726562,16.230025582181863,14.204216128072417,16.206468357636375,4317195
2000-03-13,16.15935707092285,16.630474265830227,13.509315801681085,14.404441200219722,7312204
2000-03-20,15.193567276000977,16.371363273465093,14.793117109753824,15.641129173018081,3496627
2000-03-27,15.122901916503906,15.900247839316762,14.62822732102347,15.346681981975724,3603429
2000-04-03,16.065135955810547,16.948484789019684,15.3584590718155,15.78246556597457,4703376
2000-04-10,16.28891944885254,16.559811235725267,15.429127807482248,16.018025843169514,3208506
2000-04-17,16.37136459350586,16.536256119198622,15.452683495904788,15.546906965042034,2622148
2000-04-24,16.96026039123535,17.466713516867266,16.159360100341978,16.371362423092247,3630868
2000-05-01,17.242937088012695,17.513828914637795,16.724705212758643,16.96026482536311,1864420
2000-05-08,17.7493839263916,17.855385997408202,17.078039295429885,17.43137953215189,3197429
2000-05-15,17.66693687438965,18.279390176768395,17.57271161050689,17.66693687438965,4117266
2000-05-22,17.078041076660156,18.32650519313178,16.760036649252758,17.66694092634873,8192968
2000-05-29,17.796493530273438,17.796493530273438,16.512695739205935,17.266485084356507,11048041
2000-06-05,16.919208526611328,18.383139960408354,16.703217731618935,18.059155620931854,4763699
2000-06-12,16.8352108001709,17.339185539713707,16.763213879375694,16.919205972424095,2784417
2000-06-19,17.039199829101562,17.339185767684505,16.355232778578138,16.84720927313132,3357158
2000-06-26,17.519176483154297,17.67516856410609,16.60721864548703,16.91920466040228,8788465
2000-07-03,16.607219696044922,17.53117769570019,16.607219696044922,17.519177591401835,2559098
2000-07-10,17.015201568603516,17.399182682704676,16.07924528671713,16.679217167259075,2437791
2000-07-17,17.63916778564453,17.9751521104198,16.84720552853629,16.85920563049663,2142325
2000-07-24,18.179149627685547,18.839118425843587,17.519180829527507,17.63917448264274,3850972
2000-07-31,18.539125442504883,18.635122552377794,17.44717731106764,18.04714905621049,2701872
2000-08-07,18.57512664794922,18.683122022800617,17.80716262624766,18.191145563604287,1749038
2000-08-14,18.167144775390625,18.815115150775995,17.939155782221658,18.671121322243327,3322152
2000-08-21,19.46308135986328,19.703070427889926,17.975152102916358,18.011150555770925,4387796
2000-08-28,20.03905487060547,20.231047237964955,19.17509570302779,19.415084772468575,2990735
2000-09-04,19.187101364135742,20.5910358814645,18.74312154968652,20.099057498015913,5416553
2000-09-11,19.583080291748047,19.799069194150988,18.179145940587826,19.319092826026818,5835114
2000-09-18,17.567174911499023,19.67907452569358,16.55922181217254,19.67907452569358,9777444
2000-09-25,17.135196685791016,17.759168829700013,16.991204682052942,17.567178256041245,2899834
2000-10-02,17.279186248779297,17.711165858673493,16.811208183642957,16.847206638885105,3088216
2000-10-09,15.839256286621094,17.26719092990457,15.359278963769839,17.159195545847425,4249845
2000-10-16,18.23914337158203,18.44313402981046,15.047294393362263,16.19924049532138,7989326
2000-10-23,16.427228927612305,18.527130398917258,16.235238380672957,18.239142725496492,8989458
2000-10-30,18.155149459838867,18.50313213102943,16.607221111921714,16.6792180378265,5059040
2000-11-06,17.615171432495117,18.203143141028775,17.279187069615418,18.203143141028775,3575354
2000-11-13,17.50717544555664,17.807161340927536,16.78721003787112,17.495177195669207,3363232
2000-11-20,16.967201232910156,17.999154538686003,16.58322015886378,17.519176343116385,7588165
2000-11-27,17.3991756439209,17.567169629643505,16.727208966085946,16.811204105936156,3452275
2000-12-04,18.959110260009766,19.61907893034644,17.183193049185082,17.399181953562646,6362619
2000-12-11,17.99915313720703,19.475082360289722,17.6151702400473,19.199094826675992,4735695
2000-12-18,18.383136749267578,19.055105523404773,17.75916653885951,17.75916653885951,4871724
2000-12-25,18.647123336791992,18.959109353770945,18.04715151007132,18.38313588127583,1497354
2001-01-01,17.651166915893555,19.007102389298183,17.21918735825067,18.647119733430998,6549045
2001-01-08,18.23914337158203,18.83911524177912,17.30318710583363,17.51917786855025,4474249
2001-01-15,16.319232940673828,18.479131145614236,15.143287641812844,18.479131145614236,36296167
2001-01-22,17.855159759521484,17.951155022926148,15.635263039374664,16.29523348642549,14651927
2001-01-29,17.087200164794922,18.28714404343813,16.919207947664393,17.891162785847314,10921136
2001-02-05,17.231189727783203,17.66316934228985,16.847206818770868,16.931203832903265,8988698
2001-02-12,16.65521812438965,17.279188335591297,16.31923373689374,17.159194705633514,5747532
2001-02-19,16.71521759033203,17.09920060251621,16.439229974044533,16.727217696435684,5625553
2001-02-26,17.38718605041504,17.97515788102393,16.547224968822327,16.547224968822327,7835282
2001-03-05,18.443130493164062,18.6591212144624,17.387180797069405,17.63916811890601,8902604
2001-03-12,16.63121795654297,18.383136817473847,16.11524312285221,18.263143187223466,5969808
2001-03-19,14.711310386657715,16.883207984154375,13.967344654985176,16.643218859129828,9312306
2001-03-26,15.839256286621094,16.19924090014491,14.747307900297134,14.867302462636431,9331360
2001-04-02,15.815256118774414,16.199239044885914,14.65131094304947,16.187238941472177,8839954
2001-04-09,16.51122283935547,16.679215018384333,15.623265237638094,15.803257519816023,5038635
2001-04-16,17.663175582885742,17.87916453994458,16.259240876460535,16.51122830186455,4932249
2001-04-23,17.867158889770508,17.891157241062494,16.94320105539739,17.53117455963691,9244561
2001-04-30,17.363183975219727,18.479130574529872,16.943202597814192,17.891158869776064,11959658
2001-05-07,17.473621368408203,18.001266764046346,17.326371138012952,17.596328630459407,11285805
2001-05-14,18.12397575378418,18.197600876000195,17.01960271037882,17.522705185631676,15391947
2001-05-21,18.0871639251709,18.627078983397265,17.829475986978984,18.16078905036859,7141300
2001-05-28,17.326372146606445,18.357120029540027,17.068686123331734,18.160787640862406,7305731
2001-06-04,16.88462257385254,17.743579104770568,16.418332697747303,17.326371376193627,11067467
2001-06-11,15.939769744873047,16.896892370145682,15.841603564706249,16.61466341784296,13162632
2001-06-18,15.829330444335938,15.915227027420634,14.847666849286071,15.829330444335938,11868843
2001-06-25,16.025667190551758,16.442874949005446,15.473481621812047,15.767981160281785,14713021
2001-07-02,15.313959121704102,16.197455688339833,15.240334013043396,15.952039291109848,8795860
2001-07-09,14.982645034790039,15.755705727815172,14.381375606881601,15.25260246641387,13619685
2001-07-16,14.528627395629883,15.461207974523449,13.988712473237584,14.872209016042287,10898014
2001-07-23,14.479549407958984,15.08081816609385,13.915092268671247,14.528632513880677,9793781
2001-07-30,15.706626892089844,16.062480073970914,14.504088585990324,14.663609369919932,7483034
2001-08-06,15.706626892089844,16.271083957388388,15.522565032145668,15.73116891556314,10865382
2001-08-13,15.093086242675781,16.528770319443197,14.982648568712762,15.792522002065652,6025292
2001-08-20,15.75571346282959,16.123838189143896,14.994922930255354,15.093090092414498,4849635
2001-08-27,14.970375061035156,16.013393224714033,14.602250501670488,15.755706317396303,5167803
2001-09-03,13.74329948425293,15.264879398236287,13.350633730562345,14.97037984610366,7571228
2001-09-10,11.657259941101074,13.657399724621838,11.166427185614253,13.32608770941408,11442382
2001-09-17,10.798303604125977,12.02292873730132,9.350349244289196,11.203239776102544,14957145
2001-09-24,9.816640853881836,12.565300823545593,9.522142282011849,11.043721079049396,35936330
2001-10-01,10.427726745605469,10.516076314599625,9.693933307691848,10.049786448956716,19622762
2001-10-08,10.579882621765137,10.994635389894642,9.7381056039793,10.184763087128445,17676339
2001-10-15,10.187219619750977,10.982367675260113,9.67184568706829,10.651055590690193,14019169
2001-10-22,11.178699493408203,11.411844426024526,9.865723653881982,10.189673020700813,10821333
2001-10-29,11.190970420837402,11.387302786441891,10.381097044072447,11.387302786441891,5579984
2001-11-05,11.534552574157715,11.779968021930452,10.921011586079526,11.406935593857353,8288932
2001-11-12,13.473339080810547,14.037796040492683,11.092803990051648,11.534552750244876,11596903
2001-11-19,13.007047653198242,13.731025330863927,12.177542047234864,13.731025330863927,9767792
2001-11-26,12.540755271911621,13.497877729703731,12.1971737014489,13.068399582302352,17962083
2001-12-03,13.620590209960938,14.270942903266198,12.145639592135057,12.2830722637356,8467681
2001-12-10,12.908881187438965,13.473338106294365,12.724819375247929,13.15429662120752,6140300
2001-12-17,12.810714721679688,13.510151349203728,12.39350798920578,12.724820026061455,8707960
2001-12-24,13.252467155456543,13.485612114449713,12.405781085373162,12.56530186900249,2528816
2001-12-31,13.841466903686523,14.05007081094578,12.921156551322698,13.252468695055564,4755350
2002-01-07,13.608317375183105,14.037795585752495,13.10521405781367,13.743296106010838,7938758
2002-01-14,12.602112770080566,13.424256708419069,12.381238378171869,13.387444151857851,8365407
2002-01-21,12.516216278076172,12.970235567699332,11.848684364262027,12.516216278076172,10603881
2002-01-28,13.007047653198242,13.387442768409603,12.332154010847608,12.651194555644407,11703097
2002-02-04,12.540755271911621,13.191107759768228,11.964027880026219,13.191107759768228,8366670
2002-02-11,13.571504592895508,13.829191514891173,12.430320194033849,12.540756904912845,9384359
2002-02-18,13.09294319152832,13.571504478714198,12.810714254234856,13.375171181363289,8369320
2002-02-25,14.148233413696289,14.283212155163415,12.712550350140628,13.031589978199001,10453832
2002-03-04,14.455000877380371,14.602250128892067,13.706482190810346,14.221855992288916,11507478
2002-03-11,14.283211708068848,14.528628110758987,13.951900606641582,14.24639915291947,6708027
2002-03-18,14.111418724060059,14.405918182493158,13.816919265626957,14.405918182493158,6764132
2002-03-25,14.209589004516602,14.344567764620612,13.81692326217983,14.185047928566089,6386160
2002-04-01,13.988712310791016,14.455002121093662,13.816920081392004,14.209585733333368,7204894
2002-04-08,14.258672714233398,14.688150060342293,13.755569299637436,13.988715200407679,9804651
2002-04-15,13.829195022583008,14.47954776008366,13.706486798014419,14.05006944782297,7604042
2002-04-22,13.191109657287598,13.97644096908777,12.577569629159871,13.97644096908777,14408683
2002-04-29,13.215651512145996,13.411983863943037,12.79844384338952,13.252464064972568,7748172
2002-05-06,13.129755973815918,13.203381080043526,12.724819784481097,13.105213955920544,6222327
2002-05-13,13.706486701965332,13.792382363815552,13.019321407163583,13.019321407163583,9263006
2002-05-20,13.240196228027344,13.890547986482042,13.05613342638491,13.853735426153555,8706554
2002-05-27,13.836631774902344,13.836631774902342,13.03159221775556,13.585057216805408,10018962
2002-06-03,13.44668960571289,13.912103219501633,13.094484288797522,13.736000561043948,6727715
2002-06-10,12.704543113708496,13.72342268702549,12.39762168464624,13.647949838265257,9355236
2002-06-17,12.641648292541504,13.534740007451628,12.591332418227434,12.830329421891772,7781795
2002-06-24,13.698264122009277,13.83663035759871,12.36240019882987,12.51586139197722,10429571
2002-07-01,13.132222175598145,13.74858159450217,12.417749399201814,13.346061296414984,8861068
2002-07-08,11.383774757385254,13.308324744075511,11.210187583521426,13.107064125956153,8556487
2002-07-15,11.102009773254395,11.693211173005864,10.883139674460564,11.3862897399148,8344221
2002-07-22,11.652959823608398,12.161141890835594,10.302001767708127,11.117105283253723,16540443
2002-07-29,11.47434139251709,12.571208390812489,11.23534532332466,11.514593321171118,14831267
2002-08-05,12.211461067199707,12.523413630030655,10.822766099596281,11.547302055472842,7482126
2002-08-12,12.20138931274414,12.28189314207205,11.552325731933509,12.21145229141013,4354595
2002-08-19,12.641648292541504,12.880644324969415,12.130950812257893,12.327179419878915,6363325
2002-08-26,11.798871994018555,12.717120714797666,11.723399150500434,12.47812467197224,6804743
2002-09-02,11.323395729064941,11.972458510864056,10.699488943751428,11.710820996124482,9100902
2002-09-09,11.69572639465332,12.591333703315048,11.207671299370443,11.320879600040218,8336133
2002-09-16,11.044147491455078,12.002649196113154,10.996348084232833,11.69572678881627,5269927
2002-09-23,11.08439826965332,11.421508616692016,10.339735737774005,10.943516536522381,7057414
2002-09-30,10.060486793518066,11.290688764193337,9.891931636424838,10.817727734965663,11482386
2002-10-07,10.742257118225098,10.837855933180924,9.348531678212654,10.063004373971914,8432675
2002-10-14,11.283143043518066,11.688178778300554,10.473071573953092,10.591311849673337,8003280
2002-10-21,11.927179336547852,12.271837284276769,11.003898322917722,11.144781077226597,10044485
2002-10-28,11.753591537475586,12.17623783678725,11.215220436525033,11.949821182365495,6660583
2002-11-04,11.353586196899414,12.578756524292984,11.27308136416883,11.798873909215335,7471126
2002-11-11,12.447935104370117,12.478124046015663,11.2076700808654,11.295721403474017,6129448
2002-11-18,12.36491870880127,12.528441938933794,11.788811235234872,12.447938075331733,8020469
2002-11-25,12.289443969726562,12.520892542151188,11.77371447281216,12.488188095378574,17734207
2002-12-02,11.949817657470703,12.666805784531938,11.766167525182745,12.135982320971443,7737087
2002-12-09,11.519624710083008,12.276865842756843,11.273081153252221,12.201393959636631,8247010
2002-12-16,11.3057861328125,12.037869295001876,10.845403487459945,11.56490816482713,8105767
2002-12-23,11.177482604980469,11.461761599945895,11.069305307088975,11.325911830344465,1617571
2002-12-30,11.94478702545166,11.969943995247922,11.074336640016849,11.283143762766745,3925691
2003-01-06,12.080636978149414,12.271833626762715,11.723399677832953,11.824030464129097,6964812
2003-01-13,12.246675491333008,12.538502921570837,12.012711417873822,12.181266598209579,8471586
2003-01-20,11.049180030822754,12.551082838988124,10.983770158991918,12.088184673016668,11367503
2003-01-27,10.229043006896973,10.963642562107061,9.9850159605434,10.943516600114263,14496306
2003-02-03,10.377472877502441,10.817729538059885,10.088161912699851,10.088161912699851,9788638
2003-02-10,10.402631759643555,10.553576497836866,10.103256814847722,10.377473817659697,5670358
2003-02-17,10.208917617797852,10.566154920071808,9.861744268321516,10.553575464693042,5820090
2003-02-24,10.153572082519531,10.41520961284054,9.665516001796664,10.156087585194248,22419683
2003-03-03,10.591312408447266,10.691942228999773,9.73595699127782,10.153572203425576,13317558
2003-03-10,11.24540901184082,11.245409011840822,10.143508996395672,10.666786044239538,9217763
2003-03-17,11.730947494506836,11.761136439893868,10.515840257396555,10.515840257396555,9702365
2003-03-24,10.930936813354492,11.735976168316025,10.822759537732333,11.735976168316025,7852573
2003-03-31,11.096979141235352,11.446668016289392,10.566155614932983,10.566155614932983,9904466
2003-04-07,10.825276374816895,11.645411757464728,10.551059413117532,11.288174473778597,17059180
2003-04-14,10.837855339050293,11.144777731163364,10.817729376082536,10.817729376082536,7690915
2003-04-21,10.581250190734863,11.620255833893243,10.364895575300185,10.837856737298164,11402557
2003-04-28,10.46552562713623,11.00389667436037,10.314580882172915,10.503262056186223,9356205
2003-05-05,10.415209770202637,10.724647683437858,10.188792187616418,10.4906826214769,8705060
2003-05-12,10.342251777648926,10.742255495963105,10.045393366813114,10.465523046158996,15898908
2003-05-19,10.104223251342773,10.599629371411982,9.650100891601534,10.599629371411982,16013582
2003-05-26,10.029398918151855,10.251299677394861,9.781695304891235,10.07326267423461,10662028
2003-06-02,10.891199111938477,11.069236115275801,10.127447382770242,10.243558731764272,11481461
2003-06-09,10.617691993713379,10.91441929045258,10.424174104871845,10.91441929045258,10841174
2003-06-16,11.11826229095459,11.14664513526437,10.527386518786384,10.594473151142783,16788112
2003-06-23,10.421592712402344,11.159541444027028,9.810076247576431,11.097616797859306,19303911
2003-06-30,10.429332733154297,10.669295322692227,10.279678612922034,10.35966614276801,10358645
2003-07-07,11.120838165283203,11.211146638617222,10.576407339332462,10.578987325279087,11703069
2003-07-14,11.420149803161621,11.714296179979463,11.120841460653773,11.12342144736491,11334379
2003-07-21,11.714292526245117,11.804600998172127,11.396923379614142,11.513034699006107,7386763
2003-07-28,12.256144523620605,12.4883651733524,11.582701451770982,11.685910850792572,14517539
2003-08-04,12.281946182250977,12.591574374448744,12.11423016437702,12.25872431686953,9697581
2003-08-11,12.410964012145996,12.436765875040173,12.075531825449671,12.35677830702702,6562975
2003-08-18,12.650920867919922,12.836698791721183,12.294847925156796,12.444502059400318,11079550
2003-08-25,12.68962287902832,12.952807321361197,12.204537750325882,12.76445043381194,10941637
2003-09-01,13.004419326782227,13.159233486815122,12.609641475463903,12.75413568762857,12588573
2003-09-08,12.68704605102539,13.094724736831546,12.539972882834032,12.991514325101473,7985390
2003-09-15,12.50126838684082,12.89604512598311,12.41611987675111,12.697366265240786,7754885
2003-09-22,11.791703224182129,12.475467409223429,11.585284373825266,12.436763625748062,9768198
2003-09-29,11.912972450256348,12.04972566163969,11.48207193083874,11.869108701312157,9896761
2003-10-06,11.972318649291992,12.121972794279866,11.752997902393664,11.845887369030063,7169023
2003-10-13,12.072946548461914,12.372254800599622,11.907811510666527,12.075526534394077,7110304
2003-10-20,12.276784896850586,12.565772198229174,11.931032926437052,12.00069951691344,9896566
2003-10-27,12.9915132522583,13.056019878779335,12.24582354291997,12.258725465904364,9455880
2003-11-03,13.494661331176758,13.67527830466176,12.965712334637622,13.030217969682102,11358724
2003-11-10,13.443058967590332,13.662379758792106,13.301145748844217,13.520466540045991,7865103
2003-11-17,13.043118476867676,13.365649630090681,12.82379872710854,13.301143000992607,10486409
2003-11-24,13.26243782043457,13.53336324327889,13.01731524572791,13.10762372000935,13481217
2003-12-01,13.73978328704834,13.817190842331728,13.288241870918371,13.339846575729405,11602424
2003-12-08,13.842994689941406,13.933303178899227,13.53336544263834,13.597872075398923,7563666
2003-12-15,13.430155754089355,14.010709460396162,13.326946339119308,13.95910475291114,11531346
2003-12-22,13.391454696655273,13.468861275551145,13.210837685675028,13.365652835734624,3144093
2003-12-29,13.507558822631836,13.54626259226576,13.301140046095531,13.417250358863837,2834134
2004-01-05,13.030217170715332,13.546265207830075,12.90120491240323,13.494660503731966,11924418
2004-01-12,13.73978328704834,14.010708734406526,12.826378517692522,12.965711718749152,15457840
2004-01-19,13.972004890441895,14.436449223803903,13.830091703851773,13.855894554201644,13172436
2004-01-26,13.443058967590332,14.062316558833935,13.443058967590332,13.997810912543478,10848716
2004-02-02,13.533365249633789,13.70108030092522,13.288242638587095,13.481760541841522,7962403
2004-02-09,13.48176097869873,13.752686450487374,13.430156269234288,13.597872322094046,7508189
2004-02-16,14.075216293334961,14.268734198207378,13.494661582583976,13.59787199516517,12133486
2004-02-23,13.804290771484375,14.242931287655205,13.649476647447681,14.113920015691493,9550218
2004-03-01,13.894599914550781,14.02361119259627,13.739784787082145,13.739784787082145,11242059
2004-03-08,13.378549575805664,13.933301365449028,13.197932621397719,13.933301365449028,10646305
2004-03-15,13.688179016113281,13.868795986743779,13.223735661958779,13.404352632589275,11344516
2004-03-22,13.404353141784668,13.778488024836301,12.978613550325951,13.610772971546726,11225114
2004-03-29,14.010711669921875,14.088119241423648,13.391454086309338,13.46886066167723,10029075
2004-04-05,14.294533729553223,14.384842203291447,13.89459705682701,14.11391777821035,8119589
2004-04-12,14.281638145446777,14.410650441346878,13.907503184630254,14.294539076196603,7457068
2004-04-19,14.862190246582031,15.029906300031696,14.139722319271181,14.346142153988751,12890720
2004-04-26,14.500956535339355,15.029906561651684,14.46225275339775,14.862190505282648,14476387
2004-05-03,14.5138578414917,14.758981468120364,14.397747488780276,14.449352200666887,10719705
2004-05-10,14.434109687805176,14.646767470746804,14.327781309452682,14.46069229551162,18464955
2004-05-17,14.673355102539062,14.753101932304077,14.022092746914979,14.261332209972963,7934209
2004-05-24,14.646767616271973,14.965752754498777,14.606894217434458,14.726513387710346,11173735
2004-05-31,14.713227272033691,14.81955568522893,14.473987829225917,14.660063065436074,8548951
2004-06-07,14.912590026855469,15.03220920062726,14.67334962683852,14.699932235585965,6730417
2004-06-14,15.018915176391602,15.058787541574798,14.567018108617455,14.832840033924183,7665041
2004-06-21,14.872715950012207,15.04549930717903,14.620184770232289,15.018917725877966,7287422
2004-06-28,14.673355102539062,15.01892401402942,14.59360929901111,14.846139558284241,7850688
2004-07-05,14.1815824508667,14.77968149808712,14.10183563757415,14.673352071618103,7054985
2004-07-12,14.380945205688477,14.540438796204967,14.022086679499616,14.10183244852124,7303801
2004-07-19,14.274617195129395,14.513856560795345,14.115123600527665,14.341073201625665,5613655
2004-07-26,14.048669815063477,14.327782603117528,13.742975443139553,14.301201019247657,9037317
2004-08-02,13.370824813842773,14.115124542099512,13.30436880291345,13.982214572714293,9832169
2004-08-09,13.099688529968262,13.649939278105967,13.078422850148295,13.330953054569616,8626349
2004-08-16,13.34424114227295,13.503734734821263,13.099685873928372,13.110318711682485,5785497
2004-08-23,13.822720527648926,13.88917653646369,13.477152771016874,13.530316962326676,4506571
2004-08-30,14.088541030883789,14.115122610628804,13.649935728961877,13.902465867722388,8068695
2004-09-06,14.11512565612793,14.181581672302258,13.756267068486384,14.14170826784502,5261499
2004-09-13,14.048669815063477,14.274618409141052,13.79613963711603,14.168290021188099,5338839
2004-09-20,13.822720527648926,14.274617693137266,13.689810562492763,14.048669110393096,7703057
2004-09-27,14.301199913024902,14.367654893795907,13.63664600036825,13.836011968917916,9489600
2004-10-04,14.420820236206055,14.540440442638173,14.061961669383162,14.327782639948872,8438265
2004-10-11,14.154998779296875,14.447402371190243,13.915759383544415,14.420820786238178,5145457
2004-10-18,14.141707420349121,14.487275194541049,13.968924046371523,14.194871614360437,8005894
2004-10-25,13.796140670776367,14.035380074713622,13.636648076897133,13.982215876753877,9335612
2004-11-01,14.20816421508789,14.327783401642469,13.769558820659778,13.769558820659778,6438025
2004-11-08,13.995502471923828,14.30119780129921,13.942338289909957,14.208160226215812,7023686
2004-11-15,14.20816421508789,14.434111795521382,14.022089012681395,14.08854400229652,8448252
2004-11-22,13.968924522399902,14.27461890494151,13.915759300340103,14.07525291404596,5058330
2004-11-29,13.34424114227295,14.141706026304616,13.34424114227295,13.95563085248934,10429930
2004-12-06,13.570191383361816,13.623355578671585,13.213990761667993,13.344242783617736,8973724
2004-12-13,13.450570106506348,13.982213003075294,13.397405919473114,13.649936064440128,9115099
2004-12-20,13.742975234985352,13.875885204795091,13.450571659425174,13.450571659425174,6082254
2004-12-27,13.610061645507812,13.78284601006739,13.423986491747197,13.716390011589157,3565316
2005-01-03,14.487274169921875,14.487274169921873,13.596772700417523,13.596772700417523,10635700
2005-01-10,15.005621910095215,15.151824673235572,14.154993062888497,14.580308512728218,17924227
2005-01-17,15.072083473205566,15.258157640263427,14.979045876558265,15.125247667541633,12687091
2005-01-24,15.271449089050293,15.298030672456846,14.95246290451465,15.085373900257562,10563464
2005-01-31,15.88283920288086,16.055623603825747,15.258157611573985,15.311322832046827,10212347
2005-02-07,15.869547843933105,15.909421247323364,15.523980058278807,15.896130454938866,9284712
2005-02-14,15.643598556518555,15.896128715372619,15.577142549395035,15.896128715372619,8089753
2005-02-21,15.962584495544434,15.989166077026587,15.404358969579523,15.736635921762925,8241021
2005-02-28,16.66701316833496,16.720176335669073,15.816382992491375,15.949293989536832,13014039
2005-03-07,16.068910598754883,16.82650198351541,15.94929042031225,16.640426834540087,9069955
2005-03-14,16.21511459350586,16.441062140252253,15.96258443913461,15.96258443913461,6434395
2005-03-21,16.161951065063477,16.2815702386728,15.803091491762148,16.148659247589467,5627239
2005-03-28,16.082204818725586,16.294862617026066,15.869547020425106,16.161951621367855,5753682
2005-04-04,15.909417152404785,16.26827666431364,15.723343028205068,15.975873149695722,16251521
2005-04-11,15.311324119567871,15.949295530284521,15.31132411956787,15.842967132871216,10080027
2005-04-18,15.337904930114746,15.457525140832749,14.939172946861625,15.417651737260082,11800525
2005-04-25,14.806262016296387,15.48410782788179,14.54044103490319,15.3910692015982,10596449
2005-05-02,14.992335319519043,15.19170128689881,14.766386744244867,14.912589548309123,5284505
2005-05-09,15.337904930114746,15.364487541242116,14.899299543288958,14.899299543288958,13432132
2005-05-16,16.000242233276367,16.082646194296156,15.27233403819378,15.739293352120937,9473369
2005-05-23,16.000242233276367,16.219987543255147,15.94530484533717,16.06891237753361,6552235
2005-05-30,16.24745750427246,16.65948052283628,16.027711116712396,16.041444934545968,6618224
2005-06-06,16.78308868408203,16.906696238290067,16.24745913051462,16.302395467792184,7616039
2005-06-13,16.838024139404297,17.08523815885757,16.618277755198847,16.783086748019507,9368515
2005-06-20,17.126436233520508,17.236308873728447,16.577071972036457,16.755615807707628,8978990
2005-06-27,17.41485595703125,17.46979228738009,16.76935274987667,17.112705609890345,10308953
2005-07-04,17.552194595336914,17.64833342367235,16.89295767278277,17.442321951651955,9004422
2005-07-11,18.0466251373291,18.06035789339433,17.497259751606894,17.662068731056866,7591495
2005-07-18,17.991687774658203,18.321305734002546,17.950485264629037,18.07409279471653,7404975
2005-07-25,17.81314468383789,18.307572675121317,17.538461995149554,18.101560128382832,10100290
2005-08-01,18.08782958984375,18.28010516251808,17.813146867483116,17.868082139421727,5640886
2005-08-08,17.78567886352539,18.225170600146534,17.675806194481265,18.156500447105117,5773794
2005-08-15,17.64833641052246,18.170232086575187,17.593400079382416,17.717006559336376,7029604
2005-08-22,17.208843231201172,17.79941006607382,17.153906904753075,17.74447373962572,10112993
2005-08-29,17.552194595336914,17.70326974551483,16.98909544067381,17.126436775502206,6525700
2005-09-05,17.771942138671875,17.840612280483324,17.456056941272493,17.524727083083942,6726244
2005-09-12,17.909282684326172,18.032890213928646,17.59339854274954,17.77194239869384,6762068
2005-09-19,17.3736572265625,17.923022770541927,17.098975515017575,17.71701016132725,7635706
2005-09-26,18.0466251373291,18.074092770348525,17.456057241633278,17.456057241633278,8555219
2005-10-03,18.650928497314453,19.200291841918478,17.99169036290035,18.08783027376185,12307373
2005-10-10,18.74706268310547,19.10415037911382,18.55478501923772,18.60972240358088,8300453
2005-10-17,18.788270950317383,19.131623875265845,18.156502501603597,18.829473470982357,13786853
2005-10-24,18.48611831665039,18.98054638411371,18.33504313272797,18.76080104766096,6775235
2005-10-31,19.145353317260742,19.392566250136564,18.513582927121245,18.609722821659393,8181890
2005-11-07,19.845792770385742,19.95566542642354,19.104151811908345,19.145354323033647,6450082
2005-11-14,20.29901695251465,20.326486705405436,19.626046182690338,19.804588972036015,7134826
2005-11-21,20.16167640686035,20.3264864384853,19.983133619859235,20.257814178048996,5467042
2005-11-28,20.58743667602539,20.65610682369395,19.77712341922469,20.202881304014518,8772806
2005-12-05,20.848386764526367,20.903324161136357,20.340223799218993,20.491298988784788,6445094
2005-12-12,20.29901695251465,20.848382317885964,20.134209039614362,20.6423697756495,8792496
2005-12-19,20.546232223510742,20.848382541438188,19.99686685224871,20.326486923361493,6803984
2005-12-26,20.697311401367188,21.19173948315284,20.326490870250282,20.5462362130685,3485153
2006-01-02,21.480152130126953,21.54882439642316,20.61490363204075,20.738511166307077,6592623
2006-01-09,21.699901580810547,22.05698721846023,21.287878549197476,21.384016337521857,9110478
2006-01-16,21.53508758544922,21.919642910268745,21.068127245184243,21.713630371655125,7894632
2006-01-23,23.60894203186035,24.034699912509925,21.37027996923342,21.38401484698921,12961921
2006-01-30,23.63641357421875,23.993501366903775,23.238123262343557,23.52654089667477,9205476
2006-02-06,23.23811912536621,23.8286870480296,22.688755835446965,23.760016901900826,8979782
2006-02-13,23.01837158203125,23.60893944754848,22.757423779459028,23.21064924511955,8999375
2006-02-20,23.622676849365234,23.814954550273523,22.551415675860383,23.004641230667932,8898788
2006-02-27,24.32311248779297,24.405517502756812,23.347991426128118,23.77374713529324,10729067
2006-03-06,23.95229148864746,24.43298457032614,22.94970069787013,24.33684680234592,10675501
2006-03-13,23.842422485351562,24.37805307880003,23.581474628190136,24.15830773812612,5527882
2006-03-20,23.787490844726562,24.39179168434563,23.457870662469162,23.99350345863744,8812114
2006-03-27,24.474185943603516,24.666463591549515,23.375457435721543,23.760012731613536,6828096
2006-04-03,24.50165557861328,25.28450110964694,24.18577039094083,24.63899585800711,12144863
2006-04-10,23.320524215698242,24.72140326010567,23.114513776723395,24.391785285212475,7297088
2006-04-17,24.63899803161621,24.6664677866294,23.087043829822015,23.320524022099832,6885280
2006-04-24,24.652734756469727,24.872482208596725,23.979763884220556,24.625267120287308,7870334
2006-05-01,25.40810775756836,25.40810775756836,24.652731942116343,24.652731942116343,10195480
2006-05-08,24.447303771972656,26.29105598370692,24.447303771972656,26.122161987687253,14855392
2006-05-15,23.12430763244629,24.672495420335856,22.856893575760296,24.376933087536656,16172462
2006-05-22,23.33542251586914,23.391719061772314,21.745009232278797,23.011709769871956,10272548
2006-05-29,23.053937911987305,23.5606177944449,22.561331082119597,23.250980209245505,8681964
2006-06-05,21.153884887695312,23.22282774271386,20.506461494833033,23.09615941317061,10946319
2006-06-12,21.379079818725586,22.13909856801522,19.94348498394392,21.15388706574676,11884391
2006-06-19,22.11094856262207,22.18132034155173,21.252407643413953,21.64649221355318,9192777
2006-06-26,22.94133949279785,23.124306539048693,21.449448327676492,22.167245635454915,9941500
2006-07-03,22.631704330444336,23.082085468111597,22.406511588166357,23.06801241596221,4929583
2006-07-10,21.463525772094727,23.025788872502865,21.350928314429765,22.533182058912775,6678335
2006-07-17,21.06943702697754,21.562041569777566,20.492383320894984,21.40722281288808,10602134
2006-07-24,22.448732376098633,22.885040408840577,20.97091645839895,21.210182223884665,9965968
2006-07-31,23.33542251586914,23.33542251586914,22.336136004926004,22.519103039277294,10060759
2006-08-07,22.997636795043945,23.32134957268899,22.786521467101327,23.025787244191648,7096521
2006-08-14,23.9124813079834,24.06730011627496,23.06801547611028,23.180608602019085,6489424
2006-08-21,23.32135009765625,23.940625217738617,23.08208431518002,23.912476941401483,5102875
2006-08-28,23.602840423583984,23.799882713533133,23.236904121265752,23.39172290812263,4358794
2006-09-04,23.828025817871094,24.264333806135944,23.58876007677605,23.659131842170154,6048268
2006-09-11,24.517675399780273,24.60212239728705,23.546539275340535,23.729508494419925,9181929
2006-09-18,24.36285400390625,25.545107494733433,24.29248223804737,24.61619496913088,11119853
2006-09-25,24.756942749023438,25.052507259169648,24.1939663521044,24.475453463841795,6274120
2006-10-02,25.277700424194336,25.50289100618022,24.630276957623792,24.827317086778088,7422417
2006-10-09,25.784379959106445,26.27698462197899,25.165104780600007,25.207328285811304,9656499
2006-10-16,25.6154842376709,26.164387595532094,25.249547941282003,25.896973529243564,6565829
2006-10-23,24.869537353515625,26.037715790546216,24.799165577490974,25.78437696216864,11564609
2006-10-30,24.320640563964844,24.517680702840714,22.89912086983555,23.898405485103464,34706090
2006-11-06,23.85618019104004,24.44730708374211,23.532469552742853,24.362860074292612,14449144
2006-11-13,23.03985595703125,24.095438918315903,22.828738495396806,23.898396678605017,10964825
2006-11-20,22.856895446777344,23.574690673808696,22.519107411991392,23.11023429942241,8516782
2006-11-27,22.49095916748047,23.43394714360553,22.082801522757986,22.941342490059252,13660991
2006-12-04,23.405794143676758,23.602836400036345,22.60354989512559,22.68799688691455,11160145
2006-12-11,23.30727195739746,23.715431693730697,23.138380147056097,23.490241164312895,12980447
2006-12-18,23.32135009765625,23.996923943857123,23.222827870309924,23.44802060133971,11211197
2006-12-25,23.673213958740234,23.74358574462801,23.321352855856855,23.321352855856855,2695297
2007-01-01,24.15174102783203,24.348783295243233,23.673209496484244,23.673209496484244,9149877
2007-01-08,25.48880958557129,25.925115379893867,23.771725984652335,24.123586968535676,18102114
2007-01-15,26.459951400756836,26.6288432324027,24.82731442292235,25.54511177111107,15863695
2007-01-22,25.99549674987793,26.699218918902115,25.643633491921452,26.459953120620565,14711082
2007-01-29,26.22068214416504,26.614766654868617,25.812522410420634,25.967341170093903,10660780
2007-02-05,26.727367401123047,26.91033447096382,25.96734649645975,26.305134531174282,9668623
2007-02-12,26.825885772705078,27.191822062783185,25.981420085994696,26.544396485986862,10012926
2007-02-19,27.089500427246094,27.583575911271087,26.327210233105955,26.824110911496177,15896594
2007-02-26,25.40117073059082,27.385946131438576,24.977677134009593,27.309718199626232,16397559
2007-03-05,26.22557830810547,26.533315282617682,24.7066458208304,24.844986635600883,15672242
2007-03-12,25.93270492553711,26.829891744857534,25.272670973283084,26.429871630144177,15620036
2007-03-19,27.447059631347656,27.5642092799943,26.00413303319642,26.22700075703413,19822288
2007-03-26,27.15275764465332,27.5642070585381,26.604159879429442,27.42705652726526,10845140
2007-04-02,28.121383666992188,28.121383666992188,27.041330853427816,27.087048435768935,8337060
2007-04-09,27.915658950805664,28.344251476232166,27.684219684654334,28.121383711799876,8858292
2007-04-16,29.43001937866211,29.71574772214427,27.85851348951025,27.927087681564377,16932270
2007-04-23,29.830032348632812,30.26719626063219,29.258575798582118,29.552875573068828,11837710
2007-04-30,29.941699981689453,30.85963443449137,29.291497252694896,30.391842404507553,11629078
2007-05-07,30.450679779052734,30.57718993941798,29.609240525393695,29.86226084612418,11235534
2007-05-14,31.25975799560547,31.509835610642263,30.01525087787989,30.391840906760052,9347850
2007-05-21,31.20091438293457,32.068831399090634,30.92435677001539,31.192086213565606,10526266
2007-05-28,31.892295837402344,31.980557300734446,30.906694906704846,31.118523765485495,8923338
2007-06-04,30.89198875427246,32.26888891424848,30.39477412175232,31.701064650217695,12605702
2007-06-11,32.39834213256836,32.439531271789676,30.936120956292374,31.127357528185485,11327944
2007-06-18,31.15383529663086,32.36303619210713,30.950830078595654,32.324789775586765,12059534
2007-06-25,30.636035919189453,31.06558154075548,30.009370461735543,30.84198392600525,16323936
2007-07-02,29.979944229125977,31.389207802772752,29.87697136771964,30.450678913154952,13708176
2007-07-09,30.824316024780273,31.465692568580156,29.24735579924458,30.15646171397554,17495682
2007-07-16,29.512149810791016,31.127361340246814,29.43565696837775,31.03909760559764,12054070
2007-07-23,27.71453094482422,29.656315226329184,27.59684895351855,29.506267769382326,16739534
2007-07-30,28.50006675720215,29.565103399871486,27.758657776534957,27.758657776534957,17558716
2007-08-06,27.18789291381836,28.832522453915686,26.993713623946572,28.255872274194136,13344818
2007-08-13,26.26702308654785,28.297069030270524,26.008119541659045,27.282047180729332,14184316
2007-08-20,27.658628463745117,27.735121297526454,25.59621978158069,26.62595276129945,13144358
2007-08-27,28.68541717529297,28.729549035259808,27.081976805401677,27.7527738940508,11902170
2007-09-03,27.329116821289062,29.12673681865827,27.24673853084335,28.829584632716173,14061858
2007-09-10,27.205547332763672,27.579192334702512,26.68773808878301,27.3673611783177,16543318
2007-09-17,27.852800369262695,28.07934283994132,25.625635540136475,26.773052525888122,38023804
2007-09-24,26.066951751708984,27.611551063823477,25.772742358925274,27.552710083122545,25657062
2007-10-01,28.191144943237305,28.23527680267403,25.3020086917133,25.728611428775878,17784814
2007-10-08,27.829267501831055,28.53243006911363,27.573306747217945,28.138188285596875,16019050
2007-10-15,27.417377471923828,28.276468467931014,26.92016281744797,27.7733706125027,14168692
2007-10-22,28.24410057067871,28.71483513126213,26.625948975483574,26.625948975483574,19376220
2007-10-29,28.86783218383789,28.98257369033018,27.543889652336123,28.394154787440506,13777854
2007-11-05,27.140823364257812,29.688678429050622,26.979007259352,28.794281378909595,19498018
2007-11-12,26.075786590576172,27.620386430843517,26.028714238847645,27.067273391351623,16007434
2007-11-19,26.29055404663086,26.47884789654623,24.769491878398355,25.9669241323788,15280470
2007-11-26,28.061695098876953,28.32648403927329,25.352026472207477,26.793653152463207,18216296
2007-12-03,28.282346725463867,28.508889203733357,26.596528244948676,27.832206735846086,13899774
2007-12-10,27.002540588378906,28.60009785124186,26.805420812919,28.244104717389867,16194204
2007-12-17,26.4876766204834,27.002543161795682,25.949272784283238,26.731871004505106,14071702
2007-12-24,27.117280960083008,27.33793801904034,26.53474758143387,26.655372273117912,3674082
2007-12-31,25.254940032958984,27.741011421480767,25.046051576915357,27.32029178617032,7987800
2008-01-07,23.969247817993164,25.43440984005531,23.59854322732189,25.281421890927653,19520814
2008-01-14,22.921859741210938,24.2722800636909,22.242234373072385,23.8309658807147,21060016
2008-01-21,22.27459716796875,23.366113957025345,20.303394752787078,22.53350067564062,33008922
2008-01-28,23.230770111083984,23.463195767985624,21.653807808423153,22.000974932769513,18217042
2008-02-04,20.959476470947266,23.604420522854465,20.84179226514431,23.271962473113152,17529934
2008-02-11,21.592029571533203,22.742389503393028,20.435786438801156,20.591717075272435,19088212
2008-02-18,22.86595916748047,23.58971415633921,21.915661641612775,21.91860436465757,20771792
2008-02-25,22.27754020690918,24.236974002534822,22.10395546190739,23.24254685649202,16685084
2008-03-03,22.701196670532227,23.422008748351782,21.59791150368224,21.83327765915992,19276460
2008-03-10,22.9542179107666,23.795657029705215,22.42169958001109,22.56586156699799,17778246
2008-03-17,23.536754608154297,24.27816139066963,22.00980693466554,22.062764722319482,22800246
2008-03-24,24.192840576171875,24.90482680389693,23.53675260953952,23.53675260953952,12909214
2008-03-31,24.231090545654297,24.890119086898018,23.769181797718304,24.08104309725828,16670370
2008-04-07,23.775066375732422,24.86070003024945,23.3925954143588,24.351716663290272,12264878
2008-04-14,25.219635009765625,25.393217511944897,23.316099464091113,23.389651828331147,12170898
2008-04-21,24.372655868530273,25.717819237250552,24.16688930251894,25.558120407402065,23388412
2008-04-28,24.550777435302734,24.824109637773326,23.779918016654403,24.437144025190637,11221548
2008-05-05,23.6048641204834,24.596844469856865,23.343816783443117,24.40643462884259,10432234
2008-05-12,24.6275634765625,24.888610873233855,23.005995935293,23.620226206567967,16225182
2008-05-19,24.544631958007812,25.785376926144764,24.357291607428863,24.679763317271753,14949540
2008-05-26,24.79647445678711,24.93774713266106,23.94576659423459,24.26209479707218,9351102
2008-06-02,24.400291442871094,25.58268634017753,24.117746140021083,24.673623668491523,11082866
2008-06-09,23.939619064331055,24.550779748197485,23.202544761727747,24.400291675009154,11773188
2008-06-16,22.680452346801758,24.710483585163182,22.39176571199372,24.09625331257219,14044216
2008-06-23,21.501129150390625,22.999850018804825,20.985175680427982,22.43168754335307,16042346
2008-06-30,20.116037368774414,21.54105112622874,19.977836522565646,21.37520870491698,14509858
2008-07-07,18.838438034057617,20.76712142868406,18.761659268214792,20.28802033651548,16374408
2008-07-14,20.886898040771484,21.206298017284006,18.46068834793177,19.17012345990445,18426710
2008-07-21,21.577903747558594,22.2351297573178,20.628917038785477,21.052737301055778,12179904
2008-07-28,20.527572631835938,22.41940281607314,20.269597066586677,21.451989760183768,14763958
2008-08-04,22.185993194580078,22.29655481317766,20.288021866124417,20.53064306565233,13595600
2008-08-11,22.14914321899414,22.674309791150556,21.58712198905218,22.333411821717064,9884200
2008-08-18,21.550264358520508,22.318052049872403,20.88382520477156,21.995582625365856,10517598
2008-08-25,21.16023063659668,21.498056774431586,20.352516432486173,21.408993115193816,11729956
2008-09-01,19.95633888244629,22.21977551713945,19.919484229416174,20.834685853527294,11000298
2008-09-08,19.79203224182129,21.44277588063821,19.074918774781928,20.75329930441099,15019836
2008-09-15,20.877683639526367,20.877683639526367,18.73401940456383,19.345178913736152,26400854
2008-09-22,19.133272171020508,21.02663369482424,18.933648041471876,20.659633555015652,15747002
2008-09-29,17.978515625,19.07184447247467,17.10630882076743,19.001208150315986,17129048
2008-10-06,13.84167766571045,17.428782179895943,13.144526237928474,16.93739848132991,28946550
2008-10-13,14.079689979553223,17.32128945766281,13.25201500544983,14.419051972529022,29940416
2008-10-20,13.1260986328125,15.140772746138357,12.077300385550359,14.434408318074693,18814976
2008-10-27,14.342275619506836,14.890476034370185,11.929886613396627,12.465802142903378,24701900
2008-11-03,14.400627136230469,15.902419817470461,13.939954477123667,14.511188761864288,15484130
2008-11-10,14.741522789001465,16.06211730453932,13.666620085636776,15.045567212007048,14787828
2008-11-17,12.802092552185059,15.288188332135928,12.642392569741624,14.741523863751482,15566244
2008-11-24,15.180700302124023,15.466317454189449,13.130707133823105,13.184452044899675,17648092
2008-12-01,13.837068557739258,15.432531135651159,13.605196368860884,15.260546287306461,13952798
2008-12-08,16.37537384033203,16.799192923598795,14.84901171651866,14.84901171651866,16864192
2008-12-15,16.668672561645508,17.026460763636507,15.893206463639734,16.737772990693053,14934202
2008-12-22,15.355753898620605,16.493615824852895,15.355753898620605,16.475188498416173,7351300
2008-12-29,17.09248924255371,17.12627208848574,15.395679144362937,15.395679144362937,4047356
2009-01-05,16.80226707458496,17.812676048874426,16.56118176457862,17.19844584029255,14306526
2009-01-12,14.319238662719727,17.315146189785203,14.305419048338743,16.79919283164571,18111422
2009-01-19,12.81130599975586,14.997965108005959,12.714565168364029,14.634034476900199,21565802
2009-01-26,15.282047271728516,15.495493349798988,12.68385373698831,12.70842350799398,25935508
2009-02-02,16.88211441040039,16.937395212263283,14.716952404389344,14.976464992492861,18845718
2009-02-09,16.289384841918945,17.164662389854463,15.715078773504029,16.657923188463254,12316012
2009-02-16,15.36036205291748,16.862154754710286,15.355755513711555,16.092832246990177,15407036
2009-02-23,14.68010139465332,16.00837442279759,14.41137568491811,15.954629515160772,17440138
2009-03-02,13.96145248413086,15.36804023664454,13.857033300880712,14.31770596141645,18656992
2009-03-09,14.538827896118164,15.469386211193228,13.205948405534713,13.992163430041204,19125638
2009-03-16,14.85208511352539,15.461708720706046,14.597179040663027,14.916578997664892,14177776
2009-03-23,15.739649772644043,16.31702652160659,14.799877091289693,15.156130580745051,11677668
2009-03-30,16.883649826049805,17.33511174145681,14.847479897827016,15.328114608003379,14537350
2009-04-06,16.361555099487305,17.352000687826955,15.248263019958586,17.198443159616097,10252230
2009-04-13,16.733163833618164,17.095559689524134,15.816425213870891,16.3615549010276,9657366
2009-04-20,17.358142852783203,17.41342365578179,15.079348561260673,16.277097730828835,18507626
2009-04-27,17.785032272338867,17.995406500670377,16.614923524969146,16.96810629659558,11886050
2009-05-04,17.642972946166992,18.310809065567753,17.180875358636303,17.922190592934385,16176988
2009-05-11,17.146587371826172,17.690326400155744,16.769397532958937,17.49275136349567,13682236
2009-05-18,17.899330139160156,18.20304081375928,16.655096044971252,16.84613949473816,14068058
2009-05-25,17.117197036743164,18.212841169521,16.965341669101555,17.847082473286115,10392134
2009-06-01,17.38661766052246,17.998937478060423,17.14005653184551,17.525409903344162,10871598
2009-06-08,18.253662109375,18.607990877864957,16.981669593235683,17.340896720939295,11193106
2009-06-15,17.40294647216797,18.18344995747466,16.687756106115543,18.08874419048092,15889238
2009-06-22,17.249460220336914,17.79809896705624,16.73674444149784,17.758910841081452,10647104
2009-06-29,17.569496154785156,18.287951647222464,17.1122981110653,17.144954669271062,10764794
2009-07-06,16.90656089782715,17.455199631006124,16.834714963839794,17.442136507414236,8803544
2009-07-13,18.6961669921875,19.07825399912471,16.75470486008379,16.82491758944849,10210870
2009-07-20,19.114177703857422,19.492999567556577,18.186717107108723,18.87578130431785,14178034
2009-07-27,20.81560707092285,21.080129660652084,19.091313747485977,19.476667089960173,13986772
2009-08-03,20.933170318603516,21.272803966255267,20.36167189536493,20.900513764154105,10642678
2009-08-10,20.76988410949707,21.38710217917975,20.42698532031421,20.694773041067883,7628534
2009-08-17,21.814910888671875,21.942273187221847,20.067757926802482,20.763353456307286,9504322
2009-08-24,21.305463790893555,22.193736160857245,20.65558903891962,21.9226819834056,10827874
2009-08-31,20.87765884399414,21.285872099592698,20.24084591610679,21.249949133777147,8296946
2009-09-07,22.827285766601562,22.987304665272834,21.005021194425737,21.00828759810278,12505656
2009-09-14,23.993141174316406,24.182552710761783,22.494180900082572,22.745641644699738,13710566
2009-09-21,22.957908630371094,23.9310873880074,22.775027444307657,23.89190052005729,10451118
2009-09-28,21.70388412475586,23.232234797741175,21.49814552145376,23.059152759664396,11484326
2009-10-05,23.454301834106445,23.620853547974672,21.530801081189107,21.847574981307385,11938504
2009-10-12,24.577699661254883,25.276560421035917,23.480422442030637,23.51307899788727,11442450
2009-10-19,23.77433967590332,25.276563874364413,23.689430625847255,24.806301432867226,11707524
2009-10-26,23.189775466918945,24.10090760094499,22.810952432756622,23.366123863008074,12257826
2009-11-02,23.91476821899414,24.326245416957892,22.732581646986635,23.206108061650898,10251648
2009-11-09,24.371967315673828,25.090424258375098,24.061726187110903,24.166228698035546,7967490
2009-11-16,24.28705406188965,25.13613704117879,24.22173845330697,24.705063990675953,9825800
2009-11-23,24.07151985168457,24.96958904737497,23.480427832903523,24.620158587258693,14413208
2009-11-30,25.41045379638672,25.60313171722966,23.669834651728536,24.13683063969429,12051234
2009-12-07,24.721393585205078,25.37453478948036,24.38176235153358,25.283095419527577,9310336
2009-12-14,25.123071670532227,25.79907258675151,24.545042912648977,24.819360969533097,12314156
2009-12-21,25.77294921875,26.328120691983944,25.17859087104159,25.243906481058634,9564332
2009-12-28,26.706939697265625,26.729799536546654,25.8970461128501,26.05379858462412,3943376
2010-01-04,26.230148315429688,27.02044850387197,25.93297038969196,26.74286401521663,14925994
2010-01-11,25.593339920043945,26.736337069218607,25.554150549404977,26.39670333162238,9702790
2010-01-18,25.090415954589844,26.305258799241408,24.884674913506085,25.671711134946964,9132494
2010-01-25,24.502592086791992,25.381067811257008,24.084582111169322,24.933665185594872,11001230
2010-02-01,23.5947208404541,25.433312031138122,23.562064285694813,24.492789799779345,12679724
2010-02-08,23.673099517822266,24.518918575291714,23.513080638882087,23.806994645175248,11471816
2010-02-15,26.520795822143555,26.53059254064639,23.646976286823335,23.826588606292,13529596
2010-02-22,25.612932205200195,26.73306946056733,25.18185911374457,26.71020961827559,11614700
2010-03-01,26.93227767944336,26.93554408306115,25.661918249539816,25.923173233636536,9347756
2010-03-08,27.90545082092285,28.26468039752498,26.723267095675396,27.040040908750683,11301416
2010-03-15,27.990365982055664,28.398579234316777,27.38294446336825,27.889129892786414,10114934
2010-03-22,28.134061813354492,28.40511604906539,27.565829583669718,27.814021482154004,8950040
2010-03-29,28.692489624023438,28.88190114694449,27.787887776835174,28.313666578181337,9303054
2010-04-05,28.705551147460938,29.02232497192777,28.19609940756628,28.692488026793328,8346762
2010-04-12,27.8727970123291,29.028857102615696,27.807483896440413,29.00926366615622,10570900
2010-04-19,28.40511703491211,29.103978046312136,27.61155023335498,27.66053383900831,16187820
2010-04-26,28.062213897705078,29.221540612730507,26.994329050543268,28.744745307818135,15742490
2010-05-03,26.37035369873047,28.9297706844489,24.7410249060587,28.581823563215146,24286850
2010-05-10,26.86216163635254,28.357664114071397,25.962183064185613,26.24656214180595,17856932
2010-05-17,26.219799041748047,27.802286385093332,25.39007864666365,26.259945114842125,20603114
2010-05-24,27.26698875427246,27.681847745766024,24.958494717332545,26.102703939568915,17230290
2010-05-31,28.447996139526367,29.58216867785641,26.54767120628067,26.54767120628067,14200710
2010-06-07,29.29110336303711,29.910046762672476,27.64504518642325,27.952846260031833,15306928
2010-06-14,30.401851654052734,30.59589696214255,29.227530524684212,29.699264748561653,16031290
2010-06-21,28.68888282775879,31.31521153239022,28.528290873659678,31.07098107300675,14176538
2010-06-28,26.828702926635742,29.157269357886484,26.80862733973486,28.923072895872117,13345736
2010-07-05,28.571788787841797,28.732378205889486,26.664770942735366,26.848782309792902,9778352
2010-07-12,28.434614181518555,29.84312933248266,28.28071493667097,28.715649471800404,10307490
2010-07-19,29.97695541381836,30.094052387393226,27.628315570536035,28.441306776388103,15915242
2010-07-26,29.60893440246582,30.344974688636757,28.805979738674107,30.077324835721193,12343468
2010-08-02,30.485496520996094,31.26502931278276,29.679195423078504,29.819711800737274,10870266
2010-08-09,29.180692672729492,31.141239273043993,28.889620872487246,30.8836233854391,9276576
2010-08-16,28.76917839050293,30.268027314419214,28.625315664663916,29.254298071831037,8775616
2010-08-23,28.116777420043945,29.695920950494877,27.33724217303807,28.805978898028613,12526134
2010-08-30,28.856164932250977,29.364701440410883,27.23352892192745,28.267331170811204,10325292
2010-09-06,29.94684410095215,30.073977585873514,28.18034542456769,29.103740835618016,8980338
2010-09-13,30.95053482055664,31.606280345488067,30.01040768393954,30.11077796483122,13197192
2010-09-20,31.38881492614746,31.59624566084656,29.782905653853135,31.10443585048683,12198222
2010-09-27,31.21484375,31.790292082771384,30.194421825202973,31.338630881763155,11282206
2010-10-04,31.964271545410156,32.45608144430458,30.585865796010786,31.214848274606823,13843532
2010-10-11,34.61066818237305,34.66085332681188,31.46576649783916,32.01110526768421,12442934
2010-10-18,34.39320755004883,34.744498497674186,32.512955457082235,34.15901103244248,12821992
2010-10-25,34.125545501708984,34.593935852432935,33.45641715853822,34.593935852432935,7404576
2010-11-01,35.38017272949219,35.63109594033965,34.175741827928945,34.40993580371075,7472634
2010-11-08,34.66085433959961,35.513994162421035,33.84117298239671,35.246341752608124,5942082
2010-11-15,37.13663101196289,37.13663101196289,33.74080343144555,34.460117065154755,9316550
2010-11-22,36.61805725097656,38.0566845905744,35.71473476961598,37.33737092077548,7702324
2010-11-29,38.15705871582031,38.97674021434016,35.66455319635086,37.05299552564955,10985354
2010-12-06,39.010189056396484,40.03061098803198,38.10686664832632,38.157051793779665,7916336
2010-12-13,38.59199142456055,40.14771592724593,38.57526474110468,39.14402302906478,8503376
2010-12-20,38.658897399902344,39.37820844498623,38.52507119877424,38.6421681675654,3573202
2010-12-27,37.471195220947266,38.84290810692385,37.471195220947266,38.52507309704093,2528788
2011-01-03,38.52507400512695,39.528766757917815,37.738848525945315,37.92285733244338,5765518
2011-01-10,39.026920318603516,39.930242773649894,37.75557514610902,38.27415075522398,8552732
2011-01-17,37.839210510253906,39.32802273179711,36.48422703174012,38.9934585317904,9157904
2011-01-24,38.558528900146484,39.14401632379296,36.25003511926443,37.87267118286586,9154350
2011-01-31,37.53810119628906,38.70907586438659,36.450767575912785,38.35778499547066,11552444
2011-02-07,38.42470932006836,38.658905861433304,37.01954028197086,37.42101642070642,7332120
2011-02-14,39.86333084106445,39.86333084106445,38.257421422349246,38.60871490535653,7352746
2011-02-21,39.26111602783203,39.86333272646369,37.270459670033276,39.66259467776072,8251116
2011-02-28,40.06406784057617,41.251771916566796,39.026919204477046,39.19420132489699,11728572
2011-03-07,38.290870666503906,40.41535532290093,37.77229770159395,39.91350903603969,8794904
2011-03-14,38.10686492919922,38.7927200443787,35.3968952747219,38.357788092623466,18081258
2011-03-21,39.72950744628906,40.013886568031616,38.541803255306654,38.79272646023059,8878042
2011-03-28,41.21831512451172,41.23504435824219,38.99346487458415,39.62913491597906,7335270
2011-04-04,40.63283157348633,41.368874535283254,39.829879327923045,41.101222085080195,7381558
2011-04-11,36.75187683105469,40.64955026854288,36.183118712503735,40.46553893767637,16568794
2011-04-18,39.24439239501953,39.59568336941121,36.132943464561954,36.517692910105865,9588048
2011-04-25,40.99545669555664,41.665540630202045,39.9989195293368,40.3081900459863,7315200
2011-05-02,40.13636779785156,41.424992586459204,38.84774300924392,41.35626435803849,7327460
2011-05-09,38.572845458984375,40.22228666983611,38.52129992957378,39.72401671448644,8223722
2011-05-16,38.83057403564453,39.65529471649675,37.81685655862113,38.177670054065075,8359490
2011-05-23,37.97148132324219,38.79620180392693,37.18112364972887,38.07457236647058,10478250
2011-05-30,38.31510925292969,39.86145895372057,37.83402215500755,37.83402215500755,7069828
2011-06-06,38.04021072387695,39.449109553565606,37.88557676535717,38.297935735886185,7551842
2011-06-13,38.0573844909668,38.88210485980906,37.11239300247778,38.194838322726135,9526518
2011-06-20,37.30140686035156,38.933665520926525,36.923408020530786,37.456040842667484,10195486
2011-06-27,40.18791580200195,40.44564079249375,37.146761438541574,37.2842152911467,8897262
2011-07-04,38.332298278808594,40.42846102747113,38.332298278808594,40.170736034888506,8333042
2011-07-11,35.78941345214844,38.04021029176626,35.48014291690758,37.79966799864246,11069566
2011-07-18,36.6141357421875,37.284219748896625,34.8616034999369,35.49732731652931,9585936
2011-07-25,34.75851821899414,37.28422313267083,32.30153893521713,36.42513965035123,12231550
2011-08-01,31.184722900390625,35.823772588052044,29.689918525375877,35.03341492591298,21871652
2011-08-08,32.7791862487793,33.0369112707301,27.937393428153122,30.597114920605375,25540870
2011-08-15,29.298179626464844,33.133126379980965,27.89271788703153,33.10907215078354,13998836
2011-08-22,30.394367218017578,31.545540979532078,28.762108888262453,28.84801722140746,10048624
2011-08-29,30.287841796875,32.576441055797474,29.793008957818405,31.006036826989877,11242310
2011-09-05,27.105796813964844,29.25350518092906,27.105796813964844,29.03701712135622,15393552
2011-09-12,28.394420623779297,30.067915855799175,25.7175167146973,26.095515468541567,17395197
2011-09-19,25.834354400634766,28.751800699955332,24.696928893228115,28.088588254160598,11784033
2011-09-26,27.882408142089844,28.439095079621044,25.002761785089742,25.061178821885353,12635835
2011-10-03,30.246606826782227,30.246606826782227,25.758756038564343,26.947727135137487,12267202
2011-10-10,31.696739196777344,32.10910078625251,29.466559508575667,30.586804954002126,9326305
2011-10-17,28.971725463867188,32.71389225018821,27.628120495240573,32.030062651655186,14615936
2011-10-24,31.1572322845459,32.0506783861628,28.56967382191371,29.002652536266467,11054075
2011-10-31,27.79650115966797,30.803292938408166,27.040508846841895,30.744875898775522,13265644
2011-11-07,28.49751853942871,28.525009841192606,26.01992199025566,27.432255502368854,11927801
2011-11-14,26.782787322998047,28.79647920320647,26.363554166667903,28.62466250777377,9336932
2011-11-21,24.80001449584961,26.569726505491897,24.054330868148373,26.569726505491897,10666515
2011-11-28,28.98202896118164,29.404699040157976,25.140211489229465,25.222682740597843,11168174
2011-12-05,28.720874786376953,29.634938094754105,27.009579623458173,29.339413216733135,10267438
2011-12-12,25.837793350219727,28.555931882714255,25.635048303171708,28.466586474436426,10532286
2011-12-19,26.59722137451172,27.89959206408049,25.435738992821626,25.518212883092147,6746718
2011-12-26,27.958011627197266,27.958011627197266,26.49069564634591,26.597223775466464,3143052
2012-01-02,29.15728759765625,30.033553639990714,27.70372007635181,27.70372007635181,8510061
2012-01-09,31.322175979614258,31.76202618639067,28.693380696820256,29.18477642320322,10753824
2012-01-16,33.12625503540039,33.600468108442755,30.686458806335498,31.081635056346954,12182897
2012-01-23,32.82386016845703,34.20183079262578,32.34277552115944,33.12625922871803,9136791
2012-01-30,34.246498107910156,34.294606563223475,31.992261734208956,32.518020297071786,8969972
2012-02-06,32.63142013549805,34.09529882995547,32.408057950534236,34.07468166946207,6907981
2012-02-13,32.954444885253906,33.16749592376686,31.518057111682417,32.930390651172935,7807744
2012-02-20,35.08496856689453,35.72412688152595,32.76544318622996,33.373675754208904,12527477
2012-02-27,35.98528289794922,36.21895366826243,33.77915753869799,34.78256623757238,8337386
2012-03-05,34.69322204589844,35.9303015581821,33.260271632684145,35.9303015581821,10401500
2012-03-12,36.541969299316406,36.748151407357895,34.473297679148814,34.52140613856798,8345950
2012-03-19,34.20182800292969,36.59695294871924,33.52830692993458,36.411390619162255,7295843
2012-03-26,33.66919708251953,35.442343820814685,33.383980770300916,34.878785331597946,8574527
2012-04-02,32.49052810668945,34.28085720479875,31.579899378182628,33.86506124505027,7913722
2012-04-09,31.55240821838379,32.91319571645596,31.026649710232487,32.49052824279915,10367843
2012-04-16,32.566131591796875,33.94410206639457,31.459634401401857,31.459634401401857,13025688
2012-04-23,32.964744567871094,33.20185239816198,30.81016480009701,32.040370096008175,10323073
2012-04-30,31.38060188293457,33.14344027548859,31.188168018497734,33.14344027548859,6749339
2012-05-07,31.417673110961914,33.42792038128439,30.771396113483405,31.956833864055618,13886994
2012-05-14,30.53573226928711,31.14987514627348,29.428848181860815,30.939211314177214,15385858
2012-05-21,30.849946975708008,31.742595888638515,30.075128373079917,30.1822446081426,10246085
2012-05-28,29.86089324951172,32.192494716598844,29.489550940078754,31.02847966242903,13380507
2012-06-04,30.9392147064209,32.19249465795554,29.50740495591573,29.5645357991776,9921141
2012-06-11,30.064422607421875,31.938985842691206,28.689743446387507,31.628345678587678,18318011
2012-06-18,30.092981338500977,31.510508324486086,29.964439670180262,30.707124259555844,10581230
2012-06-25,31.228439331054688,31.228439331054688,28.132732554774467,29.814483323108174,10788667
2012-07-02,30.774965286254883,32.62096261393169,30.774965286254883,31.281989223115147,9857829
2012-07-09,30.557161331176758,31.32840865338023,29.757345862926808,30.739259766441624,6820568
2012-07-16,30.849946975708008,31.785441293004272,30.160821905959725,30.571440950737415,8727396
2012-07-23,32.610252380371094,32.635246442223725,29.43599290434418,30.385769978892775,10871340
2012-07-30,35.620269775390625,35.620269775390625,32.8244921932781,32.856626252678815,11718804
2012-08-06,35.10253143310547,37.36271954992217,34.659778253663966,35.634552244398016,10007775
2012-08-13,36.605743408203125,36.605743408203125,34.606210498114315,34.92756463391298,5139247
2012-08-20,35.56313705444336,37.31272971008071,35.0061249276281,36.70572945517427,6862008
2012-08-27,35.85593032836914,35.998754736900054,34.774039996697034,35.38461168712142,5112780
2012-09-03,37.36271667480469,38.12682400800483,34.5597993334725,35.57027866469977,8745173
2012-09-10,37.61980056762695,37.75548223815672,35.57027917770017,37.34843450241879,9316971
2012-09-17,35.00969314575195,37.58409240808849,34.02777929410224,37.369857203467326,12009562
2012-09-24,32.888763427734375,34.83473736243075,32.888763427734375,34.69191568675123,9211065
2012-10-01,36.005889892578125,36.13443157056615,32.73879662880352,32.863766947917256,8245161
2012-10-08,33.91352081298828,35.591699784262836,33.385071424962476,35.584559791139505,7668825
2012-10-15,35.50600814819336,36.205844650155875,33.68857333423855,33.74927281355832,7700378
2012-10-22,34.381263732910156,35.72737701180774,33.72427275703168,35.577412657497305,7606142
2012-10-29,35.86306381225586,36.248686074596996,34.00278379347312,34.37055471193779,6657054
2012-11-05,35.77022933959961,36.969949763310375,35.16679776913213,35.51671736110962,7301083
2012-11-12,34.516944885253906,35.84877816064181,34.36698053308689,35.83449545222379,6312256
2012-11-19,37.77690887451172,37.77690887451172,34.895437850927976,35.03469088475498,5833382
2012-11-26,38.59099578857422,39.13372509147444,36.56289748969765,37.69120422104867,7391536
2012-12-03,38.54814910888672,39.09802114874401,38.2625031002798,38.819515132589274,6470790
2012-12-10,39.233707427978516,39.233707427978516,38.02684697418608,38.191094061449064,6060264
2012-12-17,39.64790344238281,40.25490375128525,38.8123824536871,39.26942108912475,7760729
2012-12-24,38.97662353515625,40.06208221862943,38.97662353515625,39.77643620029639,2339964
2012-12-31,40.2977409362793,40.53339882216873,38.53386589169492,38.61956214488033,3787593
2013-01-07,39.56934356689453,40.47627525037677,39.09088502494914,40.10493295070423,5286327
2013-01-14,39.13372802734375,40.02637694550464,38.64098680521233,39.762153628490545,4915272
2013-01-21,40.20490646362305,40.20490646362305,38.89806987262299,39.148010478398106,5146568
2013-01-28,40.41914749145508,40.82619523626585,39.89784077834914,40.29774852945653,6758936
2013-02-04,39.140872955322266,40.490557759962954,38.66955440887396,40.4691323322959,7509815
2013-02-11,38.912353515625,39.76929431263958,38.541011232316116,38.97662434781593,4692684
2013-02-18,42.19729995727539,42.2687107813888,38.20537386841354,38.812374045822466,10092756
2013-02-25,41.561737060546875,42.847151047131106,40.01209701445175,42.418680626319194,9289808
2013-03-04,42.84714889526367,43.33275013400853,41.076133734490575,41.16182726951956,6377290
2013-03-11,42.140174865722656,43.354178110254,42.140174865722656,42.83287139551527,6819933
2013-03-18,39.812137603759766,42.354402438612425,39.462218065657645,41.23323573209758,8326743
2013-03-25,40.70478820800781,41.63314248195731,39.84784475353592,40.71192820029631,7642772
2013-04-01,40.0406608581543,41.74740520509501,39.640753150109205,40.70479189115234,6452803
2013-04-08,40.52626037597656,41.611721773737514,39.86212937126658,40.24061163609011,6224427
2013-04-15,37.95543670654297,40.640523709601176,37.484118141809134,40.54768745050477,9930741
2013-04-22,41.254661560058594,41.81881631415185,37.991137425635515,38.64098571068337,10454692
2013-04-29,42.46918869018555,43.20714158772159,41.52460988216083,42.579882750842714,6789439
2013-05-06,43.40639114379883,43.8713022782004,42.100214119096236,42.32898054095953,4926096
2013-05-13,44.32145309448242,44.33621249059251,42.84554726427735,43.30307728342217,6406492
2013-05-20,44.7051887512207,46.49103344667018,43.922957651233574,44.277174711114455,8750933
2013-05-27,45.26602554321289,45.8416278350208,44.122199249078406,45.00774318536743,6204614
2013-06-03,44.25503921508789,46.166337463991226,42.8824462806929,45.26603396614783,6304019
2013-06-10,42.58726119995117,44.71256634099669,42.15924998161946,44.27717401722464,6201953
2013-06-17,40.004425048828125,43.31045362165486,40.004425048828125,42.72747298445354,10210275
2013-06-24,41.12611389160156,42.10021147337308,38.890117553680604,39.849455739962636,9958870
2013-07-01,41.32536697387695,42.63892238043939,40.33650986582792,41.37702345738892,7821398
2013-07-08,41.103981018066406,42.92672294087603,40.74976393004995,41.73862102307941,7601213
2013-07-15,42.609397888183594,42.609397888183594,40.432436464134845,41.22942406128942,7581586
2013-07-22,43.05217361450195,43.05217361450195,41.77551539628864,42.66105946636887,6639848
2013-07-29,45.5685920715332,46.33606377151193,42.565123961011594,43.037413371747135,9174345
2013-08-05,45.317684173583984,46.01135883560396,44.64614719612917,45.75307646545468,5009949
2013-08-12,45.08892059326172,46.12205576850294,44.55021531969363,45.753079322354914,4291615
2013-08-19,44.71994400024414,45.13319863199679,43.83440278445069,45.01512628221987,4341903
2013-08-26,42.727474212646484,44.77898238230525,42.44705132126858,44.77898238230525,5521981
2013-09-02,45.46527862548828,45.46527862548828,43.19238234195233,43.27355761137389,6942245
2013-09-09,46.27702713012695,46.852632324367406,45.09630357924116,45.37672647822666,6743765
2013-09-16,47.67176055908203,49.43546770042686,46.800975832507795,46.941188697930514,9272782
2013-09-23,47.70127487182617,49.029592340154856,47.243742048261005,47.55368654429357,6239389
2013-09-30,45.081546783447266,47.31016507748303,44.350972108835784,46.52793392048224,8674958
2013-10-07,46.33606719970703,46.439380164065724,44.04841132648643,44.77160489206441,6083566
2013-10-14,45.90067672729492,46.26227211742474,44.49118662327739,45.9744709005675,6775717
2013-10-21,46.18109893798828,46.948567899371746,44.63877709390078,45.87115722189322,8040561
2013-10-28,45.90805435180664,46.299171346658916,45.01513191886818,46.26227144549131,6803014
2013-11-04,45.546451568603516,46.6828968372601,44.93394934157336,45.87852810463342,6707446
2013-11-11,45.502174377441406,45.9301883982198,44.66090854633004,45.60548733002465,5779623
2013-11-18,44.86015701293945,46.15157457487918,43.76798706979274,45.199614667890415,7094156
2013-11-25,45.98184585571289,46.26964703406952,44.9339512820073,45.280790043138055,5648238
2013-12-02,43.80488204956055,46.158950650376546,42.720090448760246,46.114675280591555,9230353
2013-12-09,43.2588005065918,44.37311102119318,42.823408159872116,44.196001077160155,6498501
2013-12-16,45.76045608520508,45.89328782658991,43.162864468287154,43.19976154865699,10006269
2013-12-23,46.71979904174805,46.71979904174805,45.310309117482944,45.79735791814348,2035895
2013-12-30,45.98184585571289,47.125672278826094,45.90067058693191,47.05187530035845,3446410
2014-01-06,46.40986633300781,46.62387339067506,45.25866138982457,46.16634329312961,7435327
2014-01-13,48.225215911865234,48.61633000767869,46.05563562320196,46.66813781822048,9724703
2014-01-20,44.80112075805664,48.64585476650308,44.7125671965465,48.51302301670439,8899532
2014-01-27,44.19600296020508,45.76784357585103,43.30308054136729,45.052028293525154,10035125
2014-02-03,44.88967514038086,44.96346930251646,43.17024357496636,44.2624135019609,8282504
2014-02-10,46.52792739868164,46.542686793733644,44.67566695318961,44.94870872398483,7142094
2014-02-17,48.62371826171875,48.800825389043716,46.12205827148418,46.49103473765605,9567216
2014-02-24,47.782447814941406,48.62371362721849,46.86738502742358,48.43922541171679,8786676
2014-03-03,47.5241584777832,48.54253125133022,46.55006106782828,47.066625743511686,9718909
2014-03-10,45.15533447265625,48.32115573152475,44.4764191929487,47.56844066173869,8386861
2014-03-17,47.56844711303711,47.716041083077506,45.088924717701225,45.12582461774489,11090573
2014-03-24,47.56106185913086,48.77868526263558,46.47627301707781,47.5463052784809,8816027
2014-03-31,48.594200134277344,48.69751309580955,47.33968238416673,47.649621268763354,6029863
2014-04-07,47.39134216308594,49.000079914789865,46.8304963113552,48.07025756615579,7337257
2014-04-14,48.54254150390625,48.749167417820665,46.372960962604,47.06663568436451,5393651
2014-04-21,49.5904426574707,50.91876039817267,47.907910606004855,48.542550678769686,7654183
2014-04-28,49.693748474121094,50.46860131624625,49.38380958932469,49.83396133491982,4598007
2014-05-05,50.48336410522461,50.76378419989433,48.86724534009614,49.833961904739056,5538202
2014-05-12,50.72771072387695,53.909636869361904,49.91124513643924,52.53614063739845,8437170
2014-05-19,51.55179977416992,51.71204002204892,50.20883222386242,50.70481144850543,7009063
2014-05-26,52.711647033691406,53.17710933842361,51.43735126508904,51.43735126508904,8415370
2014-06-02,53.96304702758789,54.16906853912059,52.11646228857006,52.612441510829505,6372934
2014-06-09,52.719268798828125,54.2377467271259,52.22328957227309,53.85622066262157,6350346
2014-06-16,54.17669677734375,55.107621230893365,52.15460763470939,52.21565319728238,7759707
2014-06-23,52.719268798828125,54.29116014329148,52.64296475025241,54.214856094715756,6531867
2014-06-30,52.887142181396484,53.18473205150949,51.81887383823484,52.64296572844156,7026329
2014-07-07,50.804012298583984,52.77268819450646,49.80441004788649,52.65059705911944,7905384
2014-07-14,51.2618408203125,51.39155828141152,49.91886748091069,51.155013990980876,6111077
2014-07-21,51.53654861450195,52.62008139025484,50.323292534453486,51.208435920816044,5773466
2014-07-28,47.27108383178711,52.20040319965599,47.21003825929464,51.81124495204926,11347446
2014-08-04,46.63011932373047,47.74417481123712,45.996784615263145,47.07268807581934,8929216
2014-08-11,47.5763053894043,48.5606434649732,46.797994676103535,47.23293421445942,8520679
2014-08-18,48.51485061645508,49.3847294855782,47.85099323880843,48.140953832120324,6051057
2014-08-25,49.07951736450195,49.95702856049655,48.36224934303018,49.216866993628294,6077827
2014-09-01,50.1096305847168,50.361439177795916,48.35461131674404,48.96505242158507,7689291
2014-09-08,49.033729553222656,50.34618009607159,48.73613678927851,49.97991252672692,5028730
2014-09-15,47.9349365234375,49.11003755002857,47.72891209066013,48.9574294464717,7740538
2014-09-22,46.302005767822266,47.71365111370917,45.722084490328484,47.49999743821831,8820328
2014-09-29,45.470279693603516,46.57670594092636,44.84457713651588,45.95863262490966,10514074
2014-10-06,42.25019454956055,45.97388966437484,42.242565309212054,45.935737641006796,11072726
2014-10-13,43.951805114746094,44.01285068732399,40.128914911855475,41.91445715837527,14121991
2014-10-20,44.17308807373047,44.89035895076532,42.47911138553165,43.600798966724156,10149611
2014-10-27,47.98072052001953,48.179112800382974,43.28794858302099,44.50120163092516,11286573
2014-11-03,47.11847686767578,48.59879719829781,46.729321497380795,47.9959881275125,9222749
2014-11-10,47.11083984375,48.00360943973606,46.52328935364416,47.02690364361876,6630638
2014-11-17,49.26264953613281,49.42288980398437,46.55381473312446,46.68353512434708,7210764
2014-11-24,50.05622482299805,50.68192741497453,49.17871359944376,49.37710880810747,7303365
2014-12-01,48.48433303833008,50.51404867686522,48.133329757128536,49.62127908196396,9483903
2014-12-08,45.06586456298828,48.48433811392145,44.96666696067711,48.41566329860036,9428842
2014-12-15,45.77549743652344,46.77509383938176,42.76907025515489,45.065858740166796,16428813
2014-12-22,46.46987533569336,46.790355829340214,45.59999347262437,45.790756502884506,3185499
2014-12-29,45.74497985839844,46.84377397577309,45.47790984257474,46.4698800287583,3396423
2015-01-05,44.86746597290039,46.23333002410711,43.1277079971234,45.28714407450114,12062537
2015-01-12,47.973087310791016,48.09517553697232,44.257024197510425,45.17268734927667,11849588
2015-01-19,52.070682525634766,52.6506038502729,47.72891638645431,48.10281325977205,15033272
2015-01-26,51.1245002746582,52.574300700503684,50.50642982082539,52.055424942462984,10902012
2015-02-02,51.88755416870117,52.642974283160584,50.82691198304169,51.20843811663508,8096720
2015-02-09,53.0015983581543,53.3678659289877,50.605615221261345,51.521275415906544,8436283
2015-02-16,54.4666633605957,54.909235029076285,51.76545790274601,52.84136428767714,8588931
2015-02-23,54.92449951171875,55.092366104312426,53.74939843380555,55.00842989720247,6770280
2015-03-02,54.90160369873047,55.31365258710722,53.60441728177227,54.48956063198003,7255151
2015-03-09,56.09196853637695,56.11485917078792,53.230522802480806,54.436140847259765,9058915
2015-03-16,56.60321044921875,57.09156337440894,55.29075977966032,56.22168436256228,8471899
2015-03-23,55.03895568847656,56.67951916024903,53.44417930957147,56.67188700783338,8394684
2015-03-30,56.381919860839844,56.54979225625779,54.680316918104715,55.03894651912189,5781149
2015-04-06,56.17591094970703,57.45020686012386,55.092372287664396,56.38193250379238,6569241
2015-04-13,53.123695373535156,56.29035729340544,52.91766802286155,56.244576025089614,10061233
2015-04-20,52.95581817626953,55.008424415865676,52.50561439921083,53.36786701876159,11338531
2015-04-27,52.50986862182617,55.72299822613083,50.97008256462354,54.6467165358851,8897435
2015-05-04,53.806114196777344,53.96323887891859,51.50429004822854,53.319042666373896,11817613
2015-05-11,53.74327087402344,54.85097142454195,52.12491959652938,53.63328059853894,9650181
2015-05-18,55.078800201416016,55.71513871667817,53.114786518563335,53.73541556158808,6934633
2015-05-25,54.0339469909668,56.0529529482442,53.99467031097677,55.110228716760815,10303422
2015-06-01,52.706260681152344,54.583863004172876,51.920655321812276,54.46602100153322,10114711
2015-06-08,50.098060607910156,52.72984070038509,49.634553266043326,52.60414094965117,15565659
2015-06-15,49.540283203125,50.483010389064546,48.786099656265094,49.398873975391716,14461762
2015-06-22,51.527862548828125,52.27419137990543,50.30231987061807,50.718689832128184,12782879
2015-06-29,48.60540771484375,50.45158229623634,48.32258927705786,49.25746166827754,13345674
2015-07-06,49.57170486450195,49.72882656074376,46.35857831358758,47.63126135598389,13666244
2015-07-13,50.19233703613281,50.55371486215772,48.88037723418908,50.223761976703834,10086278
2015-07-20,50.16876983642578,50.812966133989036,49.64241257075008,50.52228992893572,7545262
2015-07-27,49.95665740966797,49.980224617349144,47.29345505518962,49.980224617349144,10382245
2015-08-03,50.43586730957031,51.268613159261456,49.626694657996545,50.098059724394886,6113952
2015-08-10,47.52913284301758,51.10364027249084,47.427003288700504,50.6715548491675,8046097
2015-08-17,43.9703369140625,48.071195224348,43.92319950935692,47.92193127138398,11218859
2015-08-24,44.35527420043945,44.35527420043945,40.87504250666777,42.6190872191424,19519233
2015-08-31,42.94905090332031,44.61453670774186,42.8233541441986,43.99390764845781,10382441
2015-09-07,43.4439811706543,44.810935984381636,42.95690662645473,43.491118576936955,7032005
2015-09-14,41.527099609375,44.66166330246552,41.33855300526928,43.39684119629972,12795323
2015-09-21,40.04230880737305,42.23414562918061,39.02887710668165,41.62923209918481,15326402
2015-09-28,38.781410217285156,40.05801893723538,38.15685239285694,39.877327065802,14218722
2015-10-05,41.833492279052734,42.084885795723686,39.260633104466045,39.31169937922075,11136842
2015-10-12,39.4766731262207,42.2891420232519,39.268488165349076,41.872769104661735,8920496
2015-10-19,43.090457916259766,43.522543313067324,38.74213185196743,39.43739435639633,10090637
2015-10-26,43.27115249633789,43.679664720225,41.974902219068625,42.89405921808536,11068011
2015-11-02,45.68295669555664,46.083614143984036,42.548389728925045,42.82335042913533,10232329
2015-11-09,43.8839225769043,45.52583814940232,43.38113554937617,45.38442892330415,10333493
2015-11-16,45.808658599853516,46.38215026544745,43.47540926430031,43.5618263503352,8389867
2015-11-23,46.3035888671875,46.609977541291165,44.59096857174928,45.87936415851948,6548135
2015-11-30,43.5932502746582,47.136329741624216,42.972621213816836,46.303586837323884,13862973
2015-12-07,41.833492279052734,44.50455213974048,41.4564020040463,43.993907373276116,11297072
2015-12-14,40.953617095947266,42.886205979462446,40.66294089227388,42.022041095667056,13271549
2015-12-21,42.08488845825195,42.650525404970544,40.356555674159715,40.804350591362834,5061719
2015-12-28,42.17129898071289,42.68194369997374,41.29142175369958,42.116306841327486,3343539
2016-01-04,39.009239196777344,40.81220533388092,38.109720561486476,40.81220533388092,11708425
2016-01-11,36.43638229370117,39.52381200987229,36.26747699890846,38.85211969714228,15088851
2016-01-18,38.63214874267578,39.146722368107575,35.800041356937534,36.45209534151253,15395236
2016-01-25,38.581077575683594,38.85603823774049,36.09070716383298,38.85603823774049,14058064
2016-02-01,39.9873161315918,40.68650445937016,36.675989244685,38.77748309414437,12915777
2016-02-08,36.16141891479492,40.07373380547643,35.599710882477915,39.995174457020404,12718680
2016-02-15,41.134300231933594,41.935618119200115,36.546364463583046,36.852750097598836,13383691
2016-02-22,42.1005973815918,42.54839226106738,39.94803706881774,41.36212931647437,9572186
2016-02-29,43.9939079284668,44.26886865428086,41.377840179233836,41.629236695924455,7625794
2016-03-07,43.53825378417969,45.40014090902827,42.391270515240144,43.78179255916564,8702531
2016-03-14,43.9939079284668,44.292438857098595,42.21844081996642,43.88392363814118,8167890
2016-03-21,42.077030181884766,44.347429517694074,41.77064153028795,43.797505087628,5028326
2016-03-28,42.446258544921875,44.952341673666,41.25999571674732,42.077026047022734,7789305
2016-04-04,41.731361389160156,43.20830049991063,40.72578735469874,42.16344379478986,7456802
2016-04-11,44.29243469238281,44.795221684793844,41.27570974106977,41.72350459348877,7620458
2016-04-18,46.70424270629883,46.98706113631568,43.38898688286306,43.608955440944236,12484424
2016-04-25,44.653812408447266,46.7513774514965,44.5752530648064,46.57068856364501,8186912
2016-05-02,43.84690475463867,47.059194001619616,43.178357909456686,46.83090751317442,6569500
2016-05-09,44.645904541015625,45.11062921329768,43.59416806937298,43.977357623175635,6997928
2016-05-16,45.86070251464844,46.2112823560151,44.06703886093882,44.3034770070006,6342459
2016-05-23,47.53207015991211,47.54837656083996,45.26553330311555,45.81178373862287,6097162
2016-05-30,46.48032760620117,47.66251516057637,46.121596139478996,47.53206707175669,5370984
2016-06-06,45.02909469604492,47.14888014314788,44.90680135552402,46.3009659643067,6743685
2016-06-13,44.63774490356445,44.84157022275881,42.958223153757025,44.499145179373514,11018578
2016-06-20,42.493507385253906,48.053862591288876,40.76506931704695,45.83624493532854,12678341
2016-06-27,43.80614471435547,43.97735726530775,40.357420097427074,41.816810378694065,13661123
2016-07-04,42.47719955444336,44.07519258157718,40.683539052973906,44.02627338039737,8509369
2016-07-11,45.167701721191406,45.62426854419668,42.69733620475666,42.811477910507975,7781466
2016-07-18,45.88516616821289,46.20313324688495,44.20564711468799,45.34706731735364,5356876
2016-07-25,47.71144104003906,48.755025896703955,45.583503766266645,45.84439998043287,7465849
2016-08-01,48.102779388427734,48.40444001545158,46.431412252041824,48.062014943174965,6566916
2016-08-08,50.05950927734375,50.46715999422724,48.10278459225174,48.26584550103076,5985471
2016-08-15,49.660011291503906,50.2633357341316,48.6001200264719,50.01059116449478,4811102
2016-08-22,50.42638397216797,50.679128493867715,49.219738425900594,49.54586018873075,4704574
2016-08-29,51.22538757324219,51.249845619580285,49.56217199943639,50.05135158696611,5977535
2016-09-05,48.42890167236328,51.42105614872591,48.26584077953531,51.31506610186856,5956814
2016-09-12,48.502281188964844,49.056683274326296,47.26302269964303,47.532070541794326,10213450
2016-09-19,51.33137512207031,51.84501587214941,48.92623538295325,48.92623538295325,6219081
2016-09-26,50.59760284423828,51.71456482165727,49.2849671745812,51.04601796421281,7157353
2016-10-03,50.66282653808594,51.763485251575034,49.80676072323524,50.548684844122896,5860144
2016-10-10,50.63836669921875,51.412903593849656,48.95884482002851,50.842192034114895,5489546
2016-10-17,51.143856048583984,51.73087404723153,49.99428120798453,50.46715750914572,5651223
2016-10-24,49.855682373046875,51.67380414075809,48.01309944819397,51.339530687683435,8757061
2016-10-31,48.314754486083984,50.35300777053134,47.8337265865493,49.537706456752396,7593388
2016-11-07,51.30691909790039,52.90490914988401,47.32824725958382,48.991462918649944,9645305
2016-11-14,50.55683898925781,52.52171525998398,50.230720291827375,51.77163945677873,8573784
2016-11-21,50.630210876464844,51.249841623153955,49.994276840240296,50.850342606725896,5176171
2016-11-28,51.00525665283203,51.37213979436411,49.81491424632062,50.72805405270308,7219130
2016-12-05,53.04350662231445,53.13319027313825,50.540534705487474,50.73620529807757,7703174
2016-12-12,53.58161163330078,54.323532709184924,52.6358589771555,52.91306470129532,8871636
2016-12-19,53.116886138916016,53.75282021992979,53.002744443362566,53.58160767659961,4390735
2016-12-26,53.89957809448242,53.91588138618768,53.051663859914676,53.116889467248264,2511955
2017-01-02,54.16862869262695,54.37245404897157,53.32071446380261,53.565301159262404,4275500
2017-01-09,55.318199157714844,55.318199157714844,53.70390585704209,54.21754350357322,6210143
2017-01-16,55.0736083984375,55.301891780027006,54.43766812368093,54.910544397119544,5917124
2017-01-23,55.61986541748047,56.215031987321225,54.38060374120515,54.70672556234373,6166860
2017-01-30,55.30189895629883,56.687908935951576,53.98926312156886,55.497569563016015,7882945
2017-02-06,55.01654815673828,55.383431344968116,54.470291422359054,55.318205731869575,4664794
2017-02-13,53.04350662231445,56.22318329811951,52.66031397247752,55.22851460371452,8536857
2017-02-20,52.20375061035156,54.16047532548549,51.65750013420253,53.49192838834251,6724452
2017-02-27,53.23917770385742,53.65497689081778,51.951000149114165,52.36680555632984,6440530
2017-03-06,53.20656967163086,53.720207300494955,52.317887935049754,53.25548576383052,5623644
2017-03-13,54.78825378417969,55.081762797544556,52.92121897729799,53.337018229351315,7659155
2017-03-20,54.87793731689453,55.70139350367772,53.86696528437008,54.60073781614439,5945068
2017-03-27,55.954132080078125,55.954132080078125,53.71205326063665,54.38060015071442,6200422
2017-04-03,56.5411491394043,56.72051643723154,55.29373903029503,56.378091352428186,5590435
2017-04-10,55.75030517578125,56.663444945124255,55.204054753344316,56.427006802519664,4550331
2017-04-17,57.560272216796875,57.60919452599907,55.065452156426005,55.750302282702144,8536094
2017-04-24,59.10935592651367,60.69919128746902,58.987059463304064,59.78605763205118,10620650
2017-05-01,60.739959716796875,60.739959716796875,58.391893714688244,59.10935677137951,6259897
2017-05-08,58.76167297363281,60.9998122412347,58.69461104016554,60.9998122412347,7566071
2017-05-15,57.42046356201172,59.750811278932204,56.62412392477722,58.76167019095398,8495218
2017-05-22,57.80606460571289,58.54372671069083,56.94266297041259,57.37855276076815,5833361
2017-05-29,58.359310150146484,58.53534291685861,57.303107154496196,57.64678834796915,5426377
2017-06-05,57.77254104614258,58.350939122566835,56.50678042595532,58.25873054819836,5272543
2017-06-12,56.624122619628906,57.839589700103254,55.23261637735246,57.62164162936817,10412431
2017-06-19,58.811973571777344,59.365218543377395,57.060017305058004,57.75577048642332,7770292
2017-06-26,56.38941192626953,59.273011218314736,56.28882541772353,59.09697843298103,6709940
2017-07-03,56.49838638305664,57.28634170775668,55.79424888109004,56.74985903739065,4930898
2017-07-10,57.571353912353516,58.52696410498147,56.20500055860115,56.56545046602244,4919287
2017-07-17,54.89731979370117,57.93180528638022,54.38598371684739,57.67194827516474,6909423
2017-07-24,56.12955093383789,58.43475205657578,54.62069585436338,55.11526320727855,9515545
2017-07-31,57.67194747924805,57.77253398781255,54.48657587022223,56.07087733389536,7690945
2017-08-07,55.69366455078125,58.89579841245972,55.15718185948064,57.864741942860576,7178618
2017-08-14,56.682804107666016,57.68032318602495,55.85292707194868,55.869695752977414,4672929
2017-08-21,56.582210540771484,57.55458937688317,55.97866593840946,56.39779342389666,4378885
2017-08-28,57.470760345458984,57.646793126763846,54.72966932888603,56.255293162239575,5402530
2017-09-04,58.3173942565918,58.510195701258674,56.85883249330025,56.95941899018951,5821835
2017-09-11,59.93523406982422,61.13393900703583,58.59402731377094,58.67785153689084,10809680
2017-09-18,60.52199172973633,61.192598102711095,60.13639530365756,60.25375045962169,4461081
2017-09-25,61.72071075439453,61.72071075439454,60.24538662105428,60.68127638877348,5351722
2017-10-02,62.19013977050781,62.46675905679117,61.268054164969826,61.81292118768462,4313965
2017-10-09,61.3183479309082,62.57573029560744,61.3183479309082,62.441606440258354,4313204
2017-10-16,61.393795013427734,61.77101360436655,60.7231948440557,61.578212138502955,5487162
2017-10-23,62.62602233886719,62.76014619163598,60.69803992064559,61.36025565871526,7949999
2017-10-30,62.81883239746094,63.657087406147085,62.21528776794641,62.62603093149673,5880758
2017-11-06,59.893306732177734,62.93617594381793,59.76757362043806,62.818820775942896,5895701
2017-11-13,59.35682678222656,60.169935049716344,58.719757669770004,59.935224703508425,6531767
2017-11-20,60.144798278808594,60.70642761286277,59.0969794934635,59.30654325053252,6173528
2017-11-27,59.507713317871094,61.15069214773263,59.365211520342186,59.94360944550665,6985334
2017-12-04,59.65860366821289,60.496858623996275,58.468283165891144,60.16993970287098,5686010
2017-12-11,59.692134857177734,60.23700185955065,58.85387989825872,59.3149226838153,6939630
2017-12-18,60.622596740722656,60.907606744676634,59.46580723090121,60.16155396758134,5168129
2017-12-25,59.39874267578125,60.77348019899734,59.39874267578125,60.622594061308874,2390461
2018-01-01,61.393795013427734,61.49438791675372,58.292254041058875,59.398750396132016,4928842
2018-01-08,62.71822738647461,62.835582553405274,61.108779615388116,61.192603820999025,6006419
2018-01-15,63.40560531616211,63.75767086809946,62.18175382939571,62.634412279905675,6913310
2018-01-22,63.20443344116211,63.992388856659566,62.28235414492889,63.355319609300544,5549588
2018-01-29,60.67289733886719,63.75767613405271,60.67289733886719,63.27149307257431,6374867
2018-02-05,58.124595642089844,60.55553629619318,57.38693358234845,60.11964653256822,12664203
2018-02-12,60.48847198486328,62.61763363858782,57.25280780898399,58.89578651872227,10145835
2018-02-19,60.3543586730957,60.840548097297464,59.88493792993702,60.70642423046471,5105911
2018-02-26,57.37016677856445,60.874072478271174,57.202511963161456,60.62259345285531,7025563
2018-03-05,59.666988372802734,59.9687606703576,57.15222349009744,57.202516741230646,7279752
2018-03-12,60.605831146240234,60.63935571393096,59.04667653815298,60.13640405866543,7385244
2018-03-19,57.80606460571289,60.95790522766987,57.38693710155716,60.22023672731375,7742476
2018-03-26,59.80111312866211,60.16994740292808,57.2863479394929,57.956954548089456,7109416
2018-04-02,58.17489242553711,59.801102613051256,57.31986883015756,59.801102613051256,7098302
2018-04-09,59.298152923583984,59.88493522137043,58.22518761896357,58.409604729828516,4366672
2018-04-16,63.17089080810547,63.42236984036663,58.677843959040196,59.281388520165,7745115
2018-04-23,62.550575256347656,63.79118877453391,61.47760374403923,62.86910977688162,7269701
2018-04-30,62.86012649536133,63.26350337930959,61.364251850336615,62.708858560990734,5604441
2018-05-07,63.5660400390625,64.28876391098663,62.67524353199511,62.910547785819695,5150011
2018-05-14,65.24679565429688,65.5157157323722,62.40632692890363,63.53242775223146,6826352
2018-05-21,64.22152709960938,66.01993107878276,63.76772332754325,65.44847518931724,6531912
2018-05-28,63.85176086425781,65.0618977465952,61.397858472572445,64.69213672689497,12943390
2018-06-04,61.8516731262207,64.42322807969722,61.448296231421345,64.30556953952393,7569884
2018-06-11,63.11223602294922,64.28876369976676,61.76763571154061,62.1878237095783,9521126
2018-06-18,60.28856658935547,62.94415756898528,59.633074398868466,62.860121259459156,7585637
2018-06-25,60.0196533203125,60.65834088554243,58.17082865600921,59.969232811222824,8076155
2018-07-02,58.43975067138672,59.80116216622144,57.91871521770817,59.38097414564336,7938580
2018-07-09,58.80950927734375,59.717110391594304,57.90190175153379,58.75908236264804,6381382
2018-07-16,58.675045013427734,60.64152795115588,57.885089616645736,58.82631293171451,6773333
2018-07-23,58.221256256103516,59.64989949939286,56.3724313666243,58.35571951213303,9451193
2018-07-30,57.43128967285156,58.221245122053986,56.32199366899015,57.985940880562126,9015410
2018-08-06,57.128753662109375,58.54058536036225,56.89344303610142,57.5489415912137,6902214
2018-08-13,57.027915954589844,57.71702401911426,55.91861988946371,57.01110484409214,8073751
2018-08-20,58.32209014892578,58.7590828063791,56.97748995880853,57.21279419063412,6205924
2018-08-27,59.02800369262695,60.15411077597928,58.591011028894115,58.6078157264548,6086010
2018-09-03,54.20425033569336,59.29692668762679,53.80086704699256,58.79270238542068,9638580
2018-09-10,57.616180419921875,57.901911613331684,54.60763900845458,54.62444370850905,10556611
2018-09-17,59.19607925415039,59.34734716956281,57.280023266632604,57.29682796320769,10379885
2018-09-24,58.23805618286133,59.16246845004522,57.969136134015834,58.876737291644545,6048722
2018-10-01,55.616085052490234,58.47336479213825,55.53204873311592,58.33890155189119,6230968
2018-10-08,52.002464294433594,55.6833118255046,51.447816299815756,55.46481228490314,9039988
2018-10-15,50.4561767578125,53.34706909807183,49.985565034885596,51.884816625822666,9368466
2018-10-22,51.61589050292969,52.65795811555219,48.45607826845808,50.893169862084626,13104826
2018-10-29,54.48997497558594,55.51523468781467,51.49823856539182,52.10331029139959,10972402
2018-11-05,53.68321990966797,54.65805594383466,53.16218448022471,54.43955638806038,7639407
2018-11-12,53.75044250488281,54.64123891895502,52.40584232942684,54.052978345805336,9482997
2018-11-19,52.48988342285156,54.540402884558155,52.03607962010207,53.700026896850204,6999066
2018-11-26,54.019371032714844,54.52359537633834,52.42265847405364,52.94369072323528,6819598
2018-12-03,51.56547164916992,56.305191755678344,50.72509565281651,55.582467885889606,7776674
2018-12-10,51.262939453125,53.66641548795046,51.01082727729847,51.41420739977697,8148236
2018-12-17,48.79222869873047,51.565468686188765,48.42246122988281,51.02762859235199,11528157
2018-12-24,49.85110092163086,50.08640516095101,48.35523276175879,48.52330859232168,2899886
2018-12-31,50.187255859375,50.6242517650571,48.38885172823175,49.93514049418068,5096948
2019-01-07,49.49814224243164,51.14527825202303,48.43926680356597,50.70828239535558,7316922
2019-01-14,50.641056060791016,51.24612780319158,48.50650346935128,48.79223143595377,8665453
2019-01-21,51.41419982910156,51.59908356018124,49.54856423229324,50.43936387521014,6679155
2019-01-28,52.82603454589844,52.92687876574676,50.809130914252435,51.0612430667632,7634783
2019-02-04,52.18734359741211,53.985747561824056,51.91842355819797,52.4730715397996,7548082
2019-02-11,57.280033111572266,57.66660531483249,52.204157930338276,52.50669381316111,9859767
2019-02-18,58.30528259277344,59.01120174282355,56.65814645806964,57.280029293284215,6847487
2019-02-25,58.03635787963867,58.67504536192736,56.758989326620615,58.59100905383764,6855675
2019-03-04,56.809417724609375,59.11204622639862,56.49007714486232,58.40613344646507,7249112
2019-03-11,59.4313850402832,59.66668926788452,56.89344621616193,57.21279316352886,7558833
2019-03-18,56.92707061767578,60.086886293523115,56.74218686476914,59.07843761965454,7191608
2019-03-25,58.7758903503418,58.87673135125966,56.422835351686146,57.33044282930124,7258847
2019-04-01,61.212982177734375,61.59956076358395,59.212889690349854,59.666693480575205,6407030
2019-04-08,61.88528060913086,62.25504805591001,60.7927893772248,60.92725259843877,5547834
2019-04-15,64.70895385742188,66.10398113501391,61.66679034193724,61.91890571379804,7073968
2019-04-22,64.15430450439453,64.82660790823215,63.582854946161106,64.70895577429464,5609946
2019-04-29,64.58528137207031,66.54451457837803,63.70102942319768,66.18040460973803,5495398
2019-05-06,61.811153411865234,64.01311565526505,61.637766131328874,63.076850796562574,5811218
2019-05-13,63.00749588012695,63.510309072576014,60.61480432127319,61.82848882875255,6510152
2019-05-20,64.06513977050781,64.06513977050781,61.93252567134745,62.955487551177114,6366426
2019-05-27,61.37769317626953,64.46391391696498,60.510776643350745,64.16915885646749,7090377
2019-06-03,63.423606872558594,63.874400489480934,60.80551564590095,60.80551564590095,5867999
2019-06-10,65.07075500488281,65.33083261901291,63.406276793785935,63.70103186406994,4723370
2019-06-17,68.39971923828125,68.91986786159679,64.75866564697529,65.01874326565735,9609363
2019-06-24,69.14525604248047,69.31863668219385,67.2553779677958,68.31301706657081,6079145
2019-07-01,67.35941314697266,70.37628564477582,66.75257420887496,69.35332385337658,6202668
2019-07-08,66.7178955078125,67.94891539585838,66.11105658104292,67.18603122876972,4981780
2019-07-15,66.14573669433594,68.0009376182167,65.69493637571999,66.97797580480173,5627285
2019-07-22,68.69446563720703,70.53233110606074,65.83364498783996,65.83364498783996,6646540
2019-07-29,64.51593780517578,69.09325682207772,64.29054423025744,68.48641779106777,7064092
2019-08-05,63.2328987121582,64.41190581339755,62.1579173695849,63.73570531182452,7632621
2019-08-12,62.97282028198242,64.81068582547861,61.360354902794406,63.71836907511445,7250300
2019-08-19,63.54499435424805,65.17479530759987,62.9034712583756,63.423626549958506,5404165
2019-08-26,66.02436828613281,66.38847165341959,62.79943762948211,63.180876417761766,4786984
2019-09-02,66.89128112792969,66.89128112792969,64.35987989047936,65.90299022099103,5327692
2019-09-09,71.12184143066406,71.26054465276663,66.47516774437044,66.96063894280292,7132631
2019-09-16,69.80411529541016,70.72305130436288,69.00655368420814,70.04685747686344,7018153
2019-09-23,68.95454406738281,69.7867831723989,66.37112980498101,69.73477029522553,5777973
2019-09-30,66.6312026977539,70.42829458547882,64.58527922928623,68.85050682054677,6532130
2019-10-07,70.01217651367188,70.01217651367188,64.79333561981419,66.54451060670117,6871214
2019-10-14,70.89643859863281,71.93674248865973,69.04123760090755,69.66541861211395,6775403
2019-10-21,72.69962310791016,73.68790745524485,70.75773186925845,70.93111253529847,7022234
2019-10-28,72.9250259399414,74.0866909959268,71.67666393370745,72.54358052380354,5817924
2019-11-04,75.82051849365234,75.90720882335509,73.13307858857783,73.13307858857783,6117928
2019-11-11,76.41001892089844,76.41001892089844,74.88424404613725,75.47374752406445,4696544
2019-11-18,74.9015884399414,76.68743434961836,74.05200734255202,76.42736336277942,5885046
2019-11-25,75.94188690185547,77.08621645985698,75.1790027345372,75.26569306495206,5635384
2019-12-02,78.52529907226562,78.7853700568669,74.26007142994321,76.01123987016486,6995989
2019-12-09,80.18977355957031,81.99296140644347,76.80879800019508,78.45594061774176,7426120
2019-12-16,80.08575439453125,81.55951660628706,79.30553473342103,80.60590965400323,7296209
2019-12-23,80.18977355957031,80.65790924754975,79.51357977050482,79.92969597267691,1720022
2019-12-30,80.46719360351562,81.10870999616706,79.32286402638545,79.92970296348162,3200790
2020-01-06,79.87769317626953,81.02202279765417,79.14948642359231,79.4095574292419,5975249
2020-01-13,81.6808853149414,82.14902108526296,78.64667713304343,79.44423883919914,6213937
2020-01-20,81.6808853149414,82.37441464523157,79.84301969227701,81.542175480454,5015646
2020-01-27,78.47328186035156,81.35144449280872,78.10917850291952,79.96437935922364,6458279
2020-02-03,82.89456176757812,83.51873611931045,78.36925637971694,78.50795958653025,6011163
2020-02-10,84.09090423583984,84.90580789853828,82.18369049672877,82.6344841865747,6170716
2020-02-17,88.12206268310547,91.45968985254517,83.95218986147,84.38564810721667,6738381
2020-02-24,78.45594787597656,86.29287429174887,76.46203716279095,85.72070619326924,12756500
2020-03-02,78.26522064208984,85.16587519548746,77.51967192220071,85.02717199465005,15462486
2020-03-09,62.3833122253418,74.45078864276267,60.45875648529529,71.95407143662158,24261050
2020-03-16,60.4414176940918,66.12838765348774,53.50608589422443,58.724920163443585,19480986
2020-03-23,68.90253448486328,72.85567207622562,55.06654299402195,57.164482891967666,12940898
2020-03-30,64.58528137207031,70.272251682431,61.897841456579044,69.14526416383052,9946245
2020-04-06,69.57872009277344,73.44516688635588,66.83926077996593,67.44610629796597,7196749
2020-04-13,71.85003662109375,73.63588909577511,67.96625443295244,69.57871964045466,6012871
2020-04-20,69.50936889648438,74.58950038324188,69.49203347575222,73.13308032195222,6296694
2020-04-27,72.35285186767578,75.71648557967,70.08152820728982,71.08715454387308,5715156
2020-05-04,71.99694061279297,73.39355343836516,70.29594210324882,72.51619401165566,6070378
2020-05-11,69.95574951171875,73.48308283676981,67.18043957524267,72.15809249990188,5850729
2020-05-18,75.47056579589844,75.9540011144643,70.7077737144334,70.99425719187849,5525156
2020-05-25,79.89315032958984,80.93165715588152,75.2377923304388,76.09724272272955,6824590
2020-06-01,88.07583618164062,88.25489260476833,80.10801318582197,81.02117703770874,7272082
2020-06-08,81.57624053955078,87.2342936538458,80.35868420087809,86.98362149534918,8090127
2020-06-15,85.73025512695312,87.46705803493683,78.58606435374698,79.14112902018539,8260644
2020-06-22,87.10895538330078,89.2575777336808,84.11877812285891,85.04985099549874,6611843
2020-06-29,87.61031341552734,89.15016468347174,85.78397866728896,87.01943739537451,6339213
2020-07-06,86.71504211425781,90.15284349832258,85.35424061033737,89.36501572205046,5726306
2020-07-13,90.37667083740234,90.9585923403647,85.74816923393718,87.53869273209516,6134239
2020-07-20,88.79205322265625,91.94337131413657,88.14746372364097,90.46619501424848,4319170
2020-07-27,87.95050811767578,93.73389792095087,87.78936073732363,88.63090892697424,6019733
2020-08-03,92.30147552490234,92.65958155397374,87.96841238102108,88.04002812259185,4698568
2020-08-10,91.80909729003906,94.49488260133845,91.36146640482251,92.3910119765764,4037133
2020-08-17,92.61481475830078,93.8681824316269,91.22716330201112,91.85384372352202,3981317
2020-08-24,94.00247192382812,96.86730643128976,93.24150089812466,93.42055049347691,4146746
2020-08-31,92.30147552490234,96.41967778346252,91.8090857114455,94.31581425433654,5474605
2020-09-07,95.43489837646484,96.91208158657055,91.8986173001161,92.3014823436427,4700200
2020-09-14,94.494873046875,97.13589227049474,94.494873046875,95.92729036867392,6258821
2020-09-21,92.0776596069336,94.00247352614895,90.10808670326935,94.00247352614895,6419970
2020-09-28,95.5244140625,97.49399376469538,92.79387016421023,92.97291975972607,5712194
2020-10-05,97.22541046142578,97.76256606678753,95.25583763166463,96.0168086417858,4025762
2020-10-12,97.27017974853516,100.04548950061208,96.37491809752296,97.76256955840925,4802605
2020-10-19,98.6578369140625,99.64263025136258,92.1224305819627,97.76257521128406,4738549
2020-10-26,93.28627014160156,97.94163526611241,90.64525075301833,97.44923857928266,7027306
2020-11-02,101.38838958740234,102.23888548758092,93.28626830547033,93.55484955305559,5835718
2020-11-09,105.14849090576172,109.04288502326082,102.73128688758761,102.95510232742986,8078312
2020-11-16,107.92379760742188,107.92379760742188,103.80558843993163,105.77516822227578,6375361
2020-11-23,105.14849090576172,108.6847789534522,104.20847015660742,108.64001313336169,5451448
2020-11-30,102.01506805419922,106.4913765573287,100.49312589525708,104.70085315607692,7273150
2020-12-07,102.64175415039062,103.85035606613383,101.20933681209108,101.6122018405706,4897980
2020-12-14,105.0589599609375,105.46183182731082,102.68651507108834,103.71606740030266,6948822
2020-12-21,104.70085144042969,105.41706352131632,101.4779107370491,103.49224953045004,2687112
2020-12-28,105.90945434570312,108.46094864404387,104.96942689511769,105.6856389365451,2323912
2021-01-04,114.45921325683594,114.72778768338397,106.62567295217931,108.01333139541195,5878462
2021-01-11,111.32579803466797,114.3249235523419,109.62479933156322,113.78776786459964,5082471
2021-01-18,112.22105407714844,112.75820973754081,108.6847730517859,110.43053065563731,4429730
2021-01-25,108.28190612792969,114.05634852414777,107.29711956719404,112.80298070580007,5932955
2021-02-01,111.54960632324219,114.19063243333066,108.86382122638898,109.44574269676812,5406035
2021-02-08,115.48875427246094,115.84685347262814,109.75907827582836,111.77341701313873,5594289
2021-02-15,115.13066101074219,117.0107023995059,112.17629464484543,116.29449030162039,4987674
2021-02-22,109.98289489746094,114.59349386838254,109.49050507667792,114.59349386838254,6115369
2021-03-01,109.71432495117188,114.14586766975823,108.68477262181507,111.19150130383082,5503166
2021-03-08,113.2506103515625,115.57829634477145,109.35622314031681,110.29624387113886,5034120
2021-03-15,112.84774017333984,114.50397295457167,112.22105288428948,113.69823605739532,5245197
2021-03-22,111.99723815917969,114.50397367044367,110.29623955012947,112.22105358588881,4679815
2021-03-29,117.63736724853516,117.65527630527286,109.66954457622022,109.80383518053758,4110414
2021-04-05,121.27214050292969,121.27214050292969,117.58365347779352,117.63736698727963,3274721
2021-04-12,123.0984878540039,123.54611871892756,118.78331975904716,121.39749603153798,4085314
2021-04-19,122.86572265625,123.74307531177814,120.94986313301364,122.8478135969834,4235282
2021-04-26,119.08771514892578,125.89169587198622,118.83704296579569,122.66876194862373,4237659
2021-05-03,120.82453918457031,121.18263844224025,117.56578676157417,119.73231868988266,3740458
2021-05-10,119.98470306396484,122.23030058979431,114.12421557861101,122.01122605787947,4377144
2021-05-17,118.19551086425781,120.49589086265074,113.57650394315483,120.38635360094865,4279334
2021-05-24,119.23616027832031,119.71084497510763,116.93579413863235,118.79799728918216,4410479
2021-05-31,119.25440979003906,120.66018896392463,117.83036976406567,119.4734982282461,3373708
2021-06-07,118.79798126220703,121.24441997349362,118.50587728517262,119.23614419223283,3618565
2021-06-14,120.20376586914062,123.65434262862517,118.28679425714813,119.1813810094113,5092253
2021-06-21,124.73149871826172,125.35224234529727,119.23615212466919,119.67432901279403,3984649
2021-06-28,122.21205139160156,125.11490031708279,119.80213408271048,124.89582578924278,4513955
2021-07-05,125.07838439941406,125.51654735553122,120.53239323725755,122.13901395793586,4021856
2021-07-12,122.50415802001953,126.61197265210703,121.40874357058628,125.33399144925998,3592556
2021-07-19,127.96296691894531,128.07251810009382,119.10834818977604,121.18963955526493,4308680
2021-07-26,128.98538208007812,130.62851071675087,124.23857685220722,127.19619446926772,3686833
2021-08-02,134.35289001464844,136.48896377689044,127.39699643645754,127.39699643645754,4606166
2021-08-09,139.66567993164062,140.01256646978015,133.95125908742116,134.1885944441253,3440673
2021-08-16,139.22752380371094,141.83826857096798,138.13210943841028,138.78934691443118,4156446
2021-08-23,138.93539428710938,140.77935023772247,137.3652953872128,140.61503043571327,2644594
2021-08-30,140.468994140625,141.21752193487558,137.56613150900188,138.75283618320066,3571491
2021-09-06,139.66567993164062,141.45486731963305,136.65328012771747,140.57852751289317,3521357
2021-09-13,139.64744567871094,145.41665017698912,139.61093789724458,140.0308400643887,5156010
2021-09-20,136.79934692382812,140.2134020877985,129.71565430175346,136.76283914722313,4795324
2021-09-27,130.09906005859375,137.93129511373203,128.71152763364262,137.80349699097013,5604899
2021-10-04,128.492431640625,130.92060975980505,126.92233255070032,129.33224981656963,5042605
2021-10-11,131.70565795898438,132.45419971862648,124.4211376048282,128.34638528953133,4242838
2021-10-18,129.44180297851562,131.24923747320224,127.67087626205647,130.51895654810207,3460998
2021-10-25,135.92300415039062,137.78522108312615,127.67086784872792,130.04427721666167,4338392
2021-11-01,139.84825134277344,140.96192654349178,135.50310172500218,136.87237314271005,3600007
2021-11-08,142.42247009277344,142.53200733492778,138.67978979109617,139.5743764362339,3169221
2021-11-15,147.3518524169922,147.8630448252675,141.40008238718275,142.42248113268187,4654254
2021-11-22,138.3694610595703,149.19583573166977,136.28816934234624,148.1369290182888,4687754
2021-11-29,145.9460906982422,149.04976722085357,137.0366884780352,138.93541331301455,6695945
2021-12-06,152.3725128173828,154.9467496186541,145.9095504307095,146.4390036861968,3939917
2021-12-13,151.2406005859375,154.7094246394302,148.57508696749272,152.59162521378184,4974366
2021-12-20,155.64053344726562,156.71768705150293,147.24233736082792,147.89958882166616,2551040
2021-12-27,157.42971801757812,158.63466971974762,155.00153983046727,155.27539692198997,1764775
2022-01-03,154.6363983154297,163.19891439288378,153.7600723037677,159.03633101511232,4061185
2022-01-10,148.77590942382812,154.1799659611999,146.69461784960217,153.90612280323603,5046115
2022-01-17,144.211669921875,150.10867195446156,141.49138778584032,150.10867195446156,5458594
2022-01-24,134.69981384277344,144.24820758405548,132.19861988365335,142.75113780808053,6190046
2022-01-31,133.87823486328125,141.25404528072744,133.23924431711805,136.83585222807926,4954764
2022-02-07,133.69564819335938,140.7976004810835,132.80104763315506,135.06491941483236,4773041
2022-02-14,132.2168426513672,136.58025305219093,127.26921034542332,130.99363021392014,5615710
2022-02-21,128.0177459716797,133.69565887117912,118.83448787924948,133.69565887117912,7667844
2022-02-28,118.32329559326172,129.0036231273411,118.10422109464153,124.20203607467374,8741395
2022-03-07,129.0948944091797,134.82757571168258,111.00225686907281,113.4304346115008,10341855
2022-03-14,137.87649536132812,142.6050531719037,130.1172907621123,131.46831523881903,8015219
2022-03-21,133.1662139892578,139.53788641581315,132.9836333238446,137.1097084268885,5668668
2022-03-28,140.9254150390625,142.22165694205526,134.8641076142076,135.53960591454324,5732337
2022-04-04,132.81935119628906,142.8971844985265,130.1720982216894,141.27231657415263,5553516
2022-04-11,129.00363159179688,133.20272226193333,126.97710877290197,131.6691449551746,3270774
2022-04-18,129.91648864746094,136.26990070708925,125.79041322918265,129.00364096644938,3673845
2022-04-25,125.69913482666016,128.91236286907468,119.9481911043525,126.30161769629129,5600463
2022-05-02,115.931640625,124.5854316313905,114.43457117723668,124.1655295521725,5035373
2022-05-09,118.19551086425781,118.43286016987882,111.1300719410008,114.96403628349738,5962045
2022-05-16,117.33828735351562,121.2240284712013,114.49870374276934,120.17787096426191,4678666
2022-05-23,119.37457275390625,119.69215426098296,114.23716951080473,119.69215426098296,3900116
2022-05-30,121.41082763671875,123.83942359967023,118.83279079749494,121.01851861245592,4410865
2022-06-06,115.3580551147461,123.50317561206208,115.13387951315786,122.32624835891345,4288749
2022-06-13,108.14700317382812,114.53606811214335,106.6338090217533,114.05034601595092,6296323
2022-06-20,109.04370880126953,109.66020056463937,102.76673544454871,108.48326627865089,4457932
2022-06-27,103.92500305175781,111.80857729006455,103.30851121927607,109.09977027266763,4471381
2022-07-04,109.5107421875,110.08987014872174,102.87882375864957,104.27993358698754,4943243
2022-07-11,109.80965423583984,109.97778771392917,104.1118085639009,106.48435558742186,4355555
2022-07-18,117.30091857910156,118.70202843181015,108.37117360521121,110.83713350227849,4700091
2022-07-25,125.67020416259766,127.127370351389,114.25583545351529,116.42288502877177,4767815
2022-08-01,123.42843627929688,126.90318984180091,122.28886579628069,125.44603788065272,3656375
2022-08-08,126.23066711425781,126.71638922844657,120.68226934730869,124.26910745325418,3383729
2022-08-15,125.63285064697266,128.7152951862741,125.33394036913242,127.22077230272596,3095446
2022-08-22,116.47892761230469,125.37130865206572,115.45144849621475,125.37130865206572,3870525
2022-08-29,112.92945098876953,117.45036184342032,109.09975230478581,114.44264500762412,4915237
2022-09-05,117.74927520751953,118.4218091082672,108.72613104292451,110.16460474698734,4031989
2022-09-12,112.9481430053711,122.71855610531463,112.76133119382,118.62731044405575,5836517
2022-09-19,106.85798645019531,112.38769865023612,104.61620911529901,112.18220138496201,3908361
2022-09-26,109.23052978515625,109.6041533896684,103.81290200276871,105.49423672872717,4643387
2022-10-03,110.89318084716797,116.14266811538234,105.04588012396341,107.64260269992069,4086397
2022-10-10,113.8448486328125,117.91740869771293,108.4645916789736,109.51074919012439,4260275
2022-10-17,117.1514663696289,121.46688026295372,112.29428827603995,114.27451902313675,3897530
2022-10-24,121.63501739501953,124.84823159312256,117.35696028269177,118.62730044815515,4885760
2022-10-31,122.96141052246094,124.45593352644919,116.57235247342516,121.72844115907415,4281300
2022-11-07,132.61972045898438,133.10544255594505,122.23283013411988,122.41964193977331,4458713
2022-11-14,132.89993286132812,133.75927848920543,127.81857240707465,133.030702538335,5141973
2022-11-21,132.93731689453125,134.45051105682876,130.284537930349,131.89114512237015,3235718
2022-11-28,131.2186279296875,132.8626062441237,128.2856380084118,132.60106683097774,4937610
2022-12-05,129.25704956054688,131.77904426381207,126.54822882140427,131.0504683329316,4378166
2022-12-12,122.19548034667969,133.7779839825459,121.48557549131189,128.37904125439752,6134444
2022-12-19,122.53172302246094,125.25922947562353,121.01852890689513,122.84931876201667,3301461
2022-12-26,122.10205841064453,124.69878094859894,121.95260326748085,122.53172413120643,1668279
2023-01-02,132.54498291015625,132.54498291015625,123.03612446565725,123.54051772824107,3783500
2023-01-09,138.59779357910156,139.51318137452006,132.54498864906583,132.69444378994177,4451556
2023-01-16,133.9834747314453,139.51318688690273,133.27356991064843,139.12087781622265,4846674
2023-01-23,138.13076782226562,138.97142811339324,134.20764845612916,134.67468511849515,3529410
2023-01-30,144.63189697265625,144.63189697265625,135.8142433119852,137.71976070200517,4439720
2023-02-06,140.12966918945312,145.32311403941392,138.4483345340779,142.35275377277998,4329941
2023-02-13,145.95828247070312,149.09676919428978,139.34504207983028,140.11098899435632,4523958
2023-02-20,139.1769256591797,147.0231359012506,139.1769256591797,146.6868689335717,4812638
2023-02-27,144.6692657470703,144.7626645179379,139.96152870829312,140.4098941186323,4190920
2023-03-06,142.2780303955078,147.24729218905497,140.72746553115923,145.6406852156282,3474923
2023-03-13,136.4494171142578,143.15605596430416,134.54389977188657,142.464850906219,7128010
2023-03-20,132.9186248779297,140.8208765052822,130.69552600623723,136.37469301472382,4233930
2023-03-27,143.54835510253906,143.66045357265688,134.35707871108846,135.14169673778724,4130602
2023-04-03,133.2362060546875,143.84727860501462,132.05927890620947,143.80992194675048,3441482
2023-04-10,140.50328063964844,140.54065154699833,133.23619271802826,133.23619271802826,2925949
2023-04-17,142.5395965576172,143.43629897722766,140.31649746041842,140.80221958519041,3340991
2023-04-24,147.4154510498047,148.44292310024565,140.16703331655478,142.57694407554308,4374973
2023-05-01,148.18138122558594,148.62973239907794,144.78135513321575,147.41544856473823,2766184
2023-05-08,150.72280883789062,152.28569015286786,146.05321395856828,151.75202549037877,2917332
2023-05-15,156.85997009277344,157.60329075289516,150.05571706001032,150.79903772013205,2733383
2023-05-22,156.28817749023438,157.66046625333723,149.6554533156606,156.95525826638985,4455282
2023-05-29,157.83200073242188,159.1090005968341,153.0861807077307,156.76467145233605,4188136
2023-06-05,156.2310028076172,158.09882899988932,154.6871852040271,157.8701238978881,2921436
2023-06-12,155.316162109375,160.0810463338483,155.2399222168307,157.1840031235285,6017229
2023-06-19,150.66561889648438,156.09758306322001,149.15991399741202,155.48767856978426,3223987
2023-06-26,158.6325225830078,159.18523632391808,149.40769971054485,150.87529210768005,4462786
2023-07-03,149.54112243652344,159.05182712950406,148.26413697407617,158.72781849717072,3546138
2023-07-10,154.61094665527344,158.3275500075252,148.68343035615456,149.17896777560773,3924177
2023-07-17,154.93496704101562,155.08744681611807,148.7596815620828,154.3441260890832,3301570
2023-07-24,154.51565551757812,157.54612925885658,148.72155491310096,154.4965919102999,3876101
2023-07-31,153.39112854003906,155.6401540238695,151.02773596972926,155.1446020925117,3856402
2023-08-07,151.84730529785156,155.33520354213826,149.5982796833207,153.16241780926765,3317341
2023-08-14,147.06336975097656,153.2958309041618,145.55766483612751,151.6757734397423,2916255
2023-08-21,149.15992736816406,153.06712338091776,146.28193346555926,146.28193346555926,3272038
2023-08-28,150.0366668701172,153.86763760494134,149.94136337541775,151.12305981984085,4058182
2023-09-04,149.73170471191406,151.84731429419853,146.83466174353856,151.04681730124534,2775787
2023-09-11,150.0366668701172,151.00870725921888,144.28067896428385,150.5703315413819,5682977
2023-09-18,146.89183044433594,150.98963323199675,145.5576688582467,149.94135302773327,3689624
2023-09-25,149.59828186035156,151.71389134808203,145.04305428907227,146.70123902145505,3765589
2023-10-02,148.26412963867188,150.9134039320133,145.34802300940197,149.9032508686737,3064620
2023-10-09,145.9197998046875,151.2374119785524,145.0621265197587,147.40644125390898,3523629
2023-10-16,134.78903198242188,146.54876142487544,134.5031360531217,146.45345793468505,4208558
2023-10-23,136.33285522460938,137.19054304762545,128.0610237901563,134.69373400686834,5003222
2023-10-30,143.6136016845703,144.6999946612195,135.703891290447,137.74326107262254,4301508
2023-11-06,153.23866271972656,155.96417677812374,140.12569346924678,144.22349636002173,4806988
2023-11-13,158.2132110595703,159.0327716822385,152.32380692428694,153.25773465004565,4678876
2023-11-20,158.4609832763672,158.6325266641406,155.60205283783574,156.89810188495423,3663429
2023-11-27,161.81544494628906,162.52063839080745,156.4787696632733,157.908234698945,4431743
2023-12-04,166.7137451171875,167.3427132249144,160.15726081153318,161.43424609114575,3352429
2023-12-11,172.6221923828125,173.28927313954208,166.46595673351962,166.71373997264055,5281231
2023-12-18,172.45066833496094,173.47987036452585,170.88778714397495,171.21179572888502,3327992
2023-12-25,173.23211669921875,174.3375732462288,172.4506833065196,172.4506833065196,1079182
2024-01-01,164.96026611328125,173.42268898914233,163.05431278807302,173.23209656487546,2706723
2024-01-08,170.03012084960938,170.220713303528,163.54987562747186,164.36943626646678,3212059
2024-01-15,169.15338134765625,172.24103140260655,165.13181810386374,169.05807785151498,3226016
2024-01-22,174.50909423828125,175.8432703857616,170.46848220732073,172.2600685726204,2851561
2024-01-29,179.82672119140625,180.74158532743388,172.41256277073686,174.2041638272686,3365559
2024-02-05,186.74533081054688,187.98418895573005,178.3019562020857,179.0452769057041,3874514
2024-02-12,192.40599060058594,193.16837487156255,180.41755646809247,187.278985824341,3940103
2024-02-19,199.9345245361328,200.45866465551828,189.81390158949802,191.21477857164138,3717406
2024-02-26,200.02981567382812,201.79282849251447,195.64613131209475,199.36273485152861,3913347
2024-03-04,202.07872009277344,203.07934857539098,195.88437129909565,201.12574335528456,2921749
2024-03-11,204.8900146484375,207.41539738457217,196.55146754065225,199.98218988150705,5075016
2024-03-18,207.79656982421875,208.1301029404132,202.98403463930512,206.08120887675932,2963191
2024-03-25,199.79156494140625,208.22541478943162,195.93202083118632,207.74892642606906,3583963
2024-04-01,197.88560485839844,199.7439210462718,194.21665330818647,198.17150077509206,3655222
2024-04-08,199.55331420898438,202.3646070935537,195.07432664866243,198.21915265187414,3301098
2024-04-15,198.600341796875,206.60535493599642,196.59909941804764,200.744539407864,4462660
2024-04-22,207.12950134277344,207.84423390152523,194.93139609848888,199.83922051874265,4364842
2024-04-29,206.12887573242188,208.55896937438683,202.50756114255947,207.74893331330807,2481678
2024-05-06,222.99655151367188,222.99655151367188,205.89062237205246,206.17651829506772,3510809
2024-05-13,218.37461853027344,227.7614454238747,216.84986444048312,221.94828137688233,3509186
2024-05-20,226.99905395507812,226.99905395507812,218.708159320465,218.708159320465,2532950
2024-05-27,219.99453735351562,231.06922108675352,218.44699173743203,230.44053298625542,4454775
2024-06-03,219.41421508789062,224.15359479168475,215.40023678984124,222.36422901610942,3219090
2024-06-10,213.9493865966797,229.4249301444848,212.30511304645108,217.14122040514016,4486213
2024-06-17,219.07568359375,222.31588172695496,213.56252364709022,214.86826389942476,4057718
2024-06-24,216.94778442382812,222.0256972759393,215.40022412735226,219.07566876251084,3632886
2024-07-01,220.2847137451172,224.39540543959248,214.38465623312416,221.9289874711813,3121920
2024-07-08,227.20033264160156,227.78067146598576,216.4641824595289,219.75272977469436,2842781
2024-07-15,215.5936737060547,227.8773989765774,209.50018985777695,225.50769441488123,3592576
2024-07-22,212.35350036621094,222.60604023612305,204.56736371288346,216.27075070818364,3749996
2024-07-29,196.82958984375,218.83388060023802,195.282029425556,213.65923928811745,5351878
2024-08-05,203.55177307128906,205.67965753819288,183.77209524529746,187.9118023153959,5003253
2024-08-12,214.62644958496094,215.2551524287255,202.00422054407795,204.76079302347446,3117723
2024-08-19,219.46255493164062,220.23633509212834,213.70758989319984,214.23956467594945,2365843
2024-08-26,222.17079162597656,223.47654664862705,216.51255429796095,219.65602439973514,2497105
2024-09-02,207.90426635742188,224.9757353349836,207.2755782620323,221.78390131221707,2890259
2024-09-09,219.7527313232422,220.52651150833066,209.6452691641696,209.9838026072175,2930868
2024-09-16,226.52328491210938,231.60119806874957,218.06009631770903,218.73714845353513,3559164
2024-09-23,232.47169494628906,239.43568684003208,225.31424694437985,226.52327382727375,3576571
2024-09-30,227.0552520751953,232.27824238561396,223.8150540761019,230.15035799094818,3258782
2024-10-07,233.6323699951172,234.84139694110866,225.3626227328096,229.7151197383789,2936034
2024-10-14,237.98486328125,240.83816387747004,228.070842479065,234.45449579895276,3425451
2024-10-21,234.40614318847656,237.45288509788983,229.42494346464673,236.48566356999618,2514486
2024-10-28,232.03643798828125,239.87093824572642,227.6355918555957,235.95368811700385,4008424
2024-11-04,232.85858154296875,239.58076817264947,224.15358784042786,227.29705778856763,4237791
2024-11-11,234.30941772460938,240.98324043746226,229.3282327042975,234.2126896672981,4602231
2024-11-18,233.8258056640625,235.08319660901807,226.18476145481065,233.4389229542128,3765987
2024-11-25,235.51844787597656,237.01764423307318,227.8290394904786,236.34059209850267,3835229
2024-12-02,243.4496612548828,244.70705222197859,229.8118462510491,230.10200090923078,4020351
2024-12-09,236.67910766601562,245.48082957527635,233.87417110607774,244.75541342095144,3715299
2024-12-16,231.891357421875,240.88652043209274,228.5544461583538,235.95368481914556,5116150
2024-12-23,233.14874267578125,233.14874267578125,230.1019861328597,232.03642910920533,1080617
2024-12-30,232.3266143798828,233.68073341101504,229.23150835799865,232.1815370501967,1957533
2025-01-06,242.3373565673828,247.36690555659257,234.6479483786398,236.0020526131323,4015422
2025-01-13,250.46202087402344,251.18743700377954,236.38893024640052,240.98323240152243,3702856
2025-01-20,261.77850341796875,264.05147993625644,250.2685730165068,250.36530107378138,3457129
2025-01-27,237.3078155517578,248.81774620756752,219.26912461000606,244.70705457925982,9176494
2025-02-03,229.32823181152344,232.7618564532646,224.78227879092134,227.58723009710448,4989875
2025-02-10,238.46847534179688,241.6119453692466,228.8929731722338,228.8929731722338,6104978
2025-02-17,248.9628143310547,259.02191227546183,237.79141753769176,239.0971577396882,5605687
2025-02-24,226.28146362304688,243.01439827703192,222.0256949895075,234.0675995344944,7410574
2025-03-03,216.56089782714844,228.0224790285351,206.79196908661797,225.5560611392789,7632225
2025-03-10,220.52650451660156,224.6855599657896,209.4518211669454,218.30189208948897,6910132
2025-03-17,224.15359497070312,234.3577853094449,218.6404350687807,220.91339686379126,6645423
2025-03-24,210.0321502685547,227.44213788585202,208.726410052435,226.18476169817293,5675496
2025-03-31,183.28848266601562,208.8231255350325,179.16812419992846,207.130487832312,8039481
2025-04-07,190.5426483154297,202.97145132981194,165.87849840657964,168.62540410925885,9953409
2025-04-14,198.57058715820312,204.61572184544366,193.78284343763454,196.10416925408305,4091987
2025-04-21,210.70921325683594,212.93381093771225,190.0977103445514,198.57058027396496,5141742
2025-04-28,208.72640991210938,212.4985679898694,192.76725460698276,210.80593030599232,6171020
2025-05-05,207.75918579101562,210.41904497541063,203.06815550781278,207.1304829467993,4053941
2025-05-12,215.77349853515625,222.7641131792076,210.75208444566414,215.03505396108153,5162624
2025-05-19,213.8043212890625,219.31804699861755,208.83213964991202,213.50895546694204,4250229
2025-05-26,217.9396209716797,225.6194327462877,216.36426649172773,218.28421943537973,4327047
2025-06-02,224.14254760742188,224.7333093040075,213.85355572836275,215.42891023679508,3569438
2025-06-09,217.05348205566406,227.14555836262312,212.77051234448805,223.65025088083996,5048136
2025-06-16,210.75209045410156,219.95802405914037,210.60439252085985,217.00424567863072,5262615
2025-06-23,226.4563446044922,226.4563446044922,208.09369484495332,210.06288045020978,4864149
2025-06-30,218.48114013671875,226.99787702008618,217.25039911516515,226.65326352457353,3510330
2025-07-07,221.7303009033203,228.52400040139835,218.13654310611764,219.07190328393946,4325161
2025-07-14,233.4961700439453,238.17298571442288,218.03806651678968,220.8933945719289,4245484
2025-07-21,232.61004638671875,238.76375131758434,227.19478604755705,233.9392526612632,3606501
2025-07-28,210.60438537597656,241.1267609390858,209.32442680680074,236.9914743514032,6395139
2025-08-04,218.57960510253906,219.5149652727886,208.43829609529507,212.03206888709832,5106401
2025-08-11,217.201171875,220.20416781565467,214.64122465405225,219.31804032885387,3793579
2025-08-18,212.08128356933594,220.1057239209122,209.9151824093886,217.59500927074177,3370351
2025-08-25,206.813720703125,211.73668470451483,205.58297970277755,211.63821941500947,4022117
2025-09-01,214.93661499023438,216.9550332701462,205.68143349473684,206.419878107605,4023935
2025-09-08,228.42552185058594,230.24702447826837,216.01964698198196,216.61040865141769,5306964
2025-09-15,227.53939819335938,231.1823884862423,223.25641357721864,228.72090652838983,5257673
2025-09-22,231.62545776367188,235.95766010344045,223.5517997539065,226.55481081891818,4684381
2025-09-29,245.85281372070312,249.44658637547934,229.8531810743738,234.28384857643422,5088611
2025-10-06,241.4713897705078,250.7265562945379,241.07755865090007,244.42516823864858,3667368
2025-10-13,242.30828857421875,248.46199343415225,235.90843551988792,242.70211967577708,3435611
2025-10-20,249.74195861816406,254.17262623426652,240.4867922740054,244.4251634883187,3220091
2025-10-27,242.30828857421875,255.6002910716751,240.73293412059837,254.6649159140104,3629138
2025-11-03,227.2932586669922,243.14519406597034,224.33948020490624,242.20983389104862,4377294
2025-11-10,232.019287109375,239.25605019257867,226.9486402032485,231.62545599919397,4274539
2025-11-17,218.87498474121094,231.7731415423242,217.00424938736657,230.69009846517704,4667805
2025-11-24,227.44093322753906,227.44093322753906,217.84115357832476,221.77952471646395,4599943
2025-12-01,231.87159729003906,235.51458753359398,223.35487584066786,225.96404067118456,3606888
2025-12-08,231.77313232421875,241.126763650345,228.1793747189213,231.87159761081324,3757452
2025-12-15,232.21621704101562,239.84681121313528,226.16096232892374,233.8407891456023,5147622
2025-12-22,231.62545776367188,234.431553272093,230.54239966688277,231.92083861040473,1130679
2025-12-29,233.39772033691406,234.3823131119918,229.55779949989486,232.56081046862062,2366066
2026-01-05,231.82237243652344,243.48980316028835,230.34548323218328,235.12076433569405,3868866
2026-01-12,231.52699279785156,235.95766043396887,227.3424733637408,230.8870134821122,4505627
2026-01-19,228.27784729003906,228.47476284581833,220.30263957958005,225.47175179317912,3998217
2026-01-26,238.56683349609375,241.17599835249374,226.35787401513062,228.32705957428337,4486238
2026-02-02,249.00350952148438,250.5788639882554,233.98846953790522,234.13616746999267,5213208
2026-02-09,258.84942626953125,270.41839100623093,249.79117603361988,251.56344597674652,4804496
2026-02-16,257.8648376464844,260.72015063892496,242.01290323625975,260.2771019256799,4132188
2026-02-23,272.43682861328125,275.73519032018953,253.28648741919238,255.50182112839815,4844352
2026-03-02,245.5082244873047,267.070801131384,241.6683034936877,266.38157414176703,5520059
2026-03-09,244.17901611328125,253.92647889219674,232.36390243038053,234.7269191574831,4468387
2026-03-16,233.4961700439453,255.9449032906698,233.4961700439453,244.76976931068285,6910330
2026-03-23,225.66867065429688,246.39435245712778,221.8779973230191,230.88701558919666,5580337
2026-03-30,232.51158142089844,237.38532775186002,221.8287586603123,224.14254270331134,4691653
2026-04-06,256.1910705566406,258.06179095462477,227.51478889224632,232.5115945811229,4646774
2026-04-13,274.3567810058594,277.16287652904134,252.5972738550254,254.8126076816341,4627715
2026-04-20,271.74761962890625,277.16288016498953,265.2000833538469,268.8923064466309,4265794
2026-04-27,264.4616394042969,276.473653868108,257.0279455302536,272.1906991075547,3690294
2026-05-04,268.3999938964844,283.46425119033677,256.5356330432599,264.8554539310524,5729811
2026-05-11,263.75,274.6499938964844,261.1000061035156,270.0,4357878
2026-05-18,269.04998779296875,271.8500061035156,253.0500030517578,260.6499938964844,3860918
2026-05-25,269.95001220703125,278.54998779296875,264.45001220703125,274.0,4456413
2026-06-01,269.04998779296875,288.04998779296875,268.54998779296875,275.5,5740774
2026-06-08,265.29998779296875,273.7749938964844,257.3999938964844,262.70001220703125,4993458
2026-06-15,289.25,291.8500061035156,269.45001220703125,272.3999938964844,7145369
2026-06-22,276.04998779296875,293.70001220703125,272.54998779296875,289.6000061035156,4677124
2026-06-29,280.1000061035156,287.70001220703125,270.6000061035156,278.75,3983716
2026-07-06,269.6499938964844,279.25,261.45001220703125,278.1499938964844,3923394
2026-07-13,262.45001220703125,276.29998779296875,257.1499938964844,264.25,3756182
2026-07-20,268.04998779296875,271.1000061035156,261.6000061035156,261.8999938964844,3554185
2026-07-27,289.6000061035156,294.8500061035156,255.6999969482422,271.1000061035156,6012356
2026-08-03,303.70001220703125,306.25,283.8999938964844,291.29998779296875,4352898
2026-08-10,306.3999938964844,312.29998779296875,301.0,303.70001220703125,3111383
2026-08-17,296.79998779296875,310.29998779296875,291.3500061035156,307.5,3184910
2026-08-24,301.75,303.79998779296875,290.20001220703125,295.8500061035156,2952401
2026-08-31,288.0,301.8999938964844,283.25,301.3500061035156,3583318
2026-09-07,291.1000061035156,299.6000061035156,284.95001220703125,290.0,3097958
2026-09-14,285.75,289.45001220703125,268.5,278.8500061035156,6192293
2026-09-21,291.0,298.25,288.79998779296875,290.8500061035156,3175816
