Price,Close,High,Low,Open,Volume
Ticker,VIE.PA,VIE.PA,VIE.PA,VIE.PA,VIE.PA
Date,,,,,
2000-07-17,11.649497985839844,11.857215118631073,11.389850873355684,11.770665848971314,53611814
2000-07-24,11.684118270874023,11.78797754260984,11.445243408521522,11.597569690338553,3831049
2000-07-31,12.428443908691406,12.722710436201067,11.493714324400058,11.493714324400058,6176162
2000-08-07,13.44972038269043,13.501649675937218,12.116865272378337,12.116865272378337,6441233
2000-08-14,13.155451774597168,13.64012747204279,13.003125485026084,13.051593194069689,2023345
2000-08-21,14.038253784179688,14.124803073563793,13.15545298264858,13.15545298264858,3571194
2000-08-28,13.917083740234375,14.02094371761637,13.016973687190454,13.986323725155705,2122919
2000-09-04,14.782576560974121,14.782576560974121,13.363172061708584,13.986325018680422,1889281
2000-09-11,14.194040298461914,14.831042282454243,13.917083156376629,14.540236029573311,1452102
2000-09-18,15.23262882232666,15.23262882232666,13.432408799144342,14.194040240260675,3674719
2000-09-25,14.540237426757812,15.925023270249563,13.98632448235167,14.71333600544192,5174548
2000-10-02,14.245970726013184,14.727183485388137,13.951704261421936,14.194041431849465,2860468
2000-10-09,14.644097328186035,15.405728841368465,13.674747243141681,13.674747243141681,3476836
2000-10-16,14.92451286315918,15.253399254213356,14.055559973145332,14.540234214807198,2662977
2000-10-23,15.229172706604004,15.232634289035808,14.194045334239563,14.886438435100699,1496274
2000-10-30,15.578824996948242,15.890402137662818,14.592167069498078,14.592167069498078,880810
2000-11-06,15.23262882232666,15.786543104225963,14.88989467382431,15.284558112130917,1678038
2000-11-13,16.070423126220703,16.136200132621887,14.540235715406554,14.886432832028191,1171929
2000-11-20,15.751922607421875,16.96360971191068,15.654987193305852,15.831547330165538,4816152
2000-11-27,16.21929168701172,16.835520138012836,15.751926582842236,15.751926582842236,1666949
2000-12-04,15.336488723754883,16.755893148714517,15.336488723754885,16.098120230514635,2010248
2000-12-11,15.23262882232666,16.447777546923287,14.020943071909956,15.267248813192971,2429649
2000-12-18,16.617412567138672,16.617412567138672,14.921051181440607,14.938361872778373,1705159
2000-12-25,16.09812355041504,16.617417993298506,15.613449108521355,16.617417993298506,350099
2001-01-01,14.799885749816895,16.444318118903485,14.574857869207024,16.09812095089119,1784455
2001-01-08,14.21135425567627,15.474969591408085,14.055564956839975,14.851816575035139,2928002
2001-01-15,13.53626823425293,14.713335461185078,13.53626823425293,14.36367812820517,3942348
2001-01-22,14.713335990905762,14.92105317072903,13.328551541772677,13.536268721595945,2252460
2001-01-29,14.730642318725586,14.99029013409492,14.221735609460685,14.436375909032561,1884420
2001-02-05,15.09415340423584,15.921562025707521,14.19404320465845,14.747957602241678,12477309
2001-02-12,15.95964527130127,16.333537946587448,14.921056363938588,14.921056363938588,6020080
2001-02-19,15.876555442810059,16.25044664277549,15.630756688674765,15.630756688674765,2652289
2001-02-26,15.751922607421875,16.12581376060156,15.751922607421875,15.751922607421875,1957462
2001-03-05,15.976953506469727,16.201981393417498,15.236094220599096,15.682687019763751,3173500
2001-03-12,17.136707305908203,17.202484313003332,15.976950853363453,15.990798571015564,6172877
2001-03-19,16.95668601989746,17.396355593887698,16.409696283093393,16.79051201080448,4750688
2001-03-26,17.188636779785156,17.30634307758629,16.44777760899097,16.707424058992064,4590147
2001-04-02,17.309810638427734,17.638697157569087,17.140173612686567,17.309810638427734,3105509
2001-04-09,16.738582611083984,17.448284771107506,16.70396261979272,17.05362132795649,1686800
2001-04-16,16.444316864013672,17.015540476054326,16.357767578615302,16.73858331997574,3225594
2001-04-23,16.856292724609375,17.039777466285855,16.240064262315435,16.444319889074954,2237803
2001-04-30,17.08131980895996,17.302884728144505,16.444319099189872,16.96361348917413,2311472
2001-05-07,17.40179443359375,17.57332639139968,17.09373612010537,17.27227004347366,937531
2001-05-14,17.853376388549805,17.993402997075442,17.223257354465694,17.258264358737733,1366126
2001-05-21,17.643339157104492,17.83587558933201,17.25826629264946,17.660841956920567,1401277
2001-05-28,17.275766372680664,17.888382581111703,16.873190771788455,17.643336379451778,2106409
2001-06-04,17.188251495361328,17.275768307590976,16.9081982596515,17.275768307590976,1832432
2001-06-11,17.00621223449707,17.24775811335449,16.62814146522273,16.92219572545711,2142256
2001-06-18,17.251264572143555,17.485808572392205,16.831184693538543,16.876693945693233,1317077
2001-06-25,17.40179443359375,17.608333402085936,16.981714531047018,16.981714531047018,1912711
2001-07-02,17.468303680419922,17.590827491884617,17.093733098826114,17.39829107998476,1633809
2001-07-09,17.60832977294922,17.94089278451933,17.1952519211016,17.32827656230465,2211712
2001-07-16,17.415794372558594,17.83587421278735,17.100734140246384,17.76586020180127,2680611
2001-07-23,16.978214263916016,17.391292201176988,16.92570445213286,17.156748187403856,2177662
2001-07-30,17.205753326416016,17.55581911841948,16.925700129388275,16.925700129388275,2483855
2001-08-06,16.449613571166992,17.538319854405582,16.439111327664655,17.17425006151318,6433688
2001-08-13,16.66315269470215,16.803179318138213,16.106547887751734,16.45311346382939,1427016
2001-08-20,16.77167320251465,16.89069533380069,16.278079061355818,16.708661154524957,1705864
2001-08-27,16.372596740722656,16.873191404474372,16.278077970789198,16.803177396481995,1752877
2001-09-03,16.66315269470215,16.775174275163533,16.278079832393644,16.278079832393644,1393033
2001-09-10,15.665464401245117,16.70516109375521,15.402913963112454,16.551131954124084,2786048
2001-09-17,15.052846908569336,16.131050799155407,14.527747483154853,15.64795893337658,4482076
2001-09-24,14.702779769897461,15.196373880545144,14.002648137720804,15.192873602696139,6781525
2001-10-01,14.94782829284668,15.507933350684105,14.695780101254146,14.77279466995602,3632997
2001-10-08,14.685282707214355,15.227886553904229,14.59776586687321,14.7727995475555,2768490
2001-10-15,14.790298461914062,15.381911696268304,14.632769035872723,14.818304913964637,1625538
2001-10-22,14.58026123046875,14.965334152741484,14.58026123046875,14.73779067815408,3286382
2001-10-29,14.895317077636719,15.19287451823354,14.387721825004835,14.783296911218018,2768736
2001-11-05,14.275700569152832,15.12286084372658,14.268700012876469,14.99683815368834,4503107
2001-11-12,14.8078031539917,15.052849405355458,14.058660469136564,14.282703641480007,2987119
2001-11-19,15.063352584838867,15.227883991625701,14.555755841407452,15.03534753869703,1441331
2001-11-26,14.352713584899902,15.577946022560553,14.090164581722608,15.094854166439356,4831659
2001-12-03,13.127484321594238,14.457735130896843,12.847431074826531,14.42272953147288,17385494
2001-12-10,13.28851318359375,13.372529715742495,12.92094455291976,13.372529715742495,5280496
2001-12-17,12.878936767578125,13.274511884407659,12.637392208621016,13.274511884407659,3885438
2001-12-24,13.113482475280762,13.197497608499125,12.742412115492797,12.77741912528182,1910416
2001-12-31,12.497367858886719,13.186997469574308,12.434355794633783,13.11348456841502,2542142
2002-01-07,13.022462844848633,13.292013809836176,12.346834589233765,12.595381070719045,7148419
2002-01-14,13.635079383850098,13.635079383850098,12.864933671665046,13.186994477800372,5406950
2002-01-21,13.477548599243164,13.65258221013918,13.165990067725758,13.582568202355771,3737316
2002-01-28,13.3375244140625,13.72259730110515,13.134485726610418,13.509056369722314,3199346
2002-02-04,13.299016952514648,13.617577501939282,13.162490600314735,13.456547792303082,3750388
2002-02-11,13.236004829406738,13.439043513162988,12.917444281640492,13.369030902503626,3044597
2002-02-18,12.91744327545166,13.278012770090125,12.857932913167375,13.109979700470927,3003392
2002-02-25,12.941946983337402,13.232502440497791,12.689900216601142,12.952449225401937,2624110
2002-03-04,12.374839782714844,13.257006972388199,12.112290778470532,12.98745600403488,8894746
2002-03-11,12.073783874511719,12.490362016544964,11.744721130919261,12.490362016544964,7426346
2002-03-18,12.735410690307617,12.829929479890904,12.010774149170675,12.010774149170675,4974267
2002-03-25,12.50086498260498,12.9839568837562,12.301326594740857,12.724906725628847,4168140
2002-04-01,12.25231647491455,12.584879461334989,12.133292953826004,12.500862941070272,2936393
2002-04-08,12.952452659606934,13.011964441376534,12.147299804869268,12.252320844797307,4683118
2002-04-15,13.299016952514648,13.687590112963122,12.679400062843392,12.952451358680477,6627657
2002-04-22,13.232502937316895,13.512556162927448,12.976954474589455,13.302515539438252,3663601
2002-04-29,12.934948921203613,13.337524615158847,12.689902662896586,13.302517604382762,3897732
2002-05-06,13.229893684387207,13.283196909656999,12.739502296090043,13.126838971060804,3289577
2002-05-13,13.084197044372559,13.503516524192165,12.99535785647862,13.20146442922953,4131703
2002-05-20,12.437448501586914,13.20146224542975,12.33084063584181,13.013124399320237,4429269
2002-05-27,12.057218551635742,12.686199189422178,12.057218551635742,12.366378404967557,3945523
2002-06-03,11.748059272766113,12.181592811375712,11.620130253375903,12.018129978880893,2298251
2002-06-10,11.353616714477539,11.918632567234418,11.254116581843052,11.726740067087675,4199737
2002-06-17,11.403363227844238,12.039450139208874,11.318078646679533,11.382042082553061,5733447
2002-06-24,11.104866027832031,11.605916918415437,9.59460416225612,11.549060525960721,21217289
2002-07-01,10.216475486755371,11.229239546546804,9.68699572803192,11.104865125770768,11524701
2002-07-08,9.683442115783691,10.614474071583283,9.523532448160358,10.127637305113081,8174328
2002-07-15,9.367178916931152,9.750963241783829,8.97984070915175,9.559070721895921,10837408
2002-07-22,7.640146732330322,9.399157214185635,7.213719558892327,9.313871922482607,9627951
2002-07-29,8.027483940124512,9.02603311376045,7.561968367265414,7.640146609648075,7947665
2002-08-05,8.151860237121582,8.866125513158195,7.569077165894564,8.148307069785732,8441951
2002-08-12,7.0964531898498535,8.599608007654378,6.556312456607492,8.173181489264595,8413149
2002-08-19,8.972733497619629,9.310321627921246,6.925884278323739,7.03249075529346,15105708
2002-08-26,8.940750122070312,9.381390747692784,8.393501613531933,8.93719624000393,6964161
2002-09-02,8.36862850189209,9.026036010234428,7.750309412361798,8.90876932395215,3736696
2002-09-09,7.636594772338867,8.453913369618764,7.43404206421297,8.315324825095368,3886680
2002-09-16,7.249257564544678,7.99550425674782,6.680687839144508,7.728988091620308,4377590
2002-09-23,7.270577430725098,7.498005137734907,6.10501070039592,7.0076137646922,8023303
2002-09-30,8.137646675109863,8.741751649921842,6.972079740792081,7.107115121851405,6176108
2002-10-07,7.640146732330322,8.3330899955135,7.139095196748246,7.9102167035694375,4545798
2002-10-14,8.787947654724121,8.848357936504282,7.366524802141407,7.561970462244606,5870726
2002-10-21,8.315322875976562,9.061569369956837,7.942198914063562,8.670678145036828,4612464
2002-10-28,8.663570404052734,8.795051857389359,8.080786779908232,8.706213404689837,3181400
2002-11-04,8.2620210647583,8.930090200309099,8.055914469605565,8.812822802706275,5844271
2002-11-11,7.892449378967285,8.446803413227707,7.7467531074700595,8.29044764210084,3949666
2002-11-18,8.883893966674805,8.990500431183222,7.839147611815529,8.066575355700124,5124402
2002-11-25,8.901660919189453,9.235695088936378,8.39705542507105,9.04735649915111,7114946
2002-12-02,8.347305297851562,9.054463474273877,8.198055837073602,9.026034562982913,3973528
2002-12-09,8.045254707336426,8.61382374503185,7.917327084935732,8.61382374503185,3638303
2002-12-16,7.9955034255981445,8.564073091894281,7.839146910351303,7.896004019965512,4457159
2002-12-23,7.700558185577393,8.059467385348272,7.558415772516598,7.956414100133047,1533427
2002-12-30,8.208718299865723,8.340199804985781,7.501560706415424,7.760969833984931,2580145
2003-01-06,8.077235221862793,8.375734140989854,7.924432595243651,8.212269868435028,4481722
2003-01-13,8.528535842895508,8.859016804305153,8.048805438104827,8.17318057002475,4957403
2003-01-20,8.18384075164795,8.766624426272818,8.173180536757396,8.528535808181749,14896137
2003-01-27,8.158966064453125,8.272680270779363,7.569076032000545,8.04880573985335,6962522
2003-02-03,7.544200897216797,8.35085840057452,7.405611665548217,8.35085840057452,4538200
2003-02-10,7.249257564544678,7.7574162919210945,6.9507586016942,7.597505877921534,4980476
2003-02-17,6.495901107788086,7.330986741261389,6.343098505822164,7.327433574779046,5463773
2003-02-24,6.254260540008545,6.467474162487828,5.337442964239786,6.421277269932792,11036013
2003-03-03,6.055259704589844,6.304009234402769,5.6856903635749685,6.200955970111,6396803
2003-03-10,5.930887699127197,6.07658365741188,5.11712294822944,6.005512440811472,8965010
2003-03-17,6.282688617706299,6.556312511134595,5.5151205207595515,5.61106639882984,5799231
2003-03-24,5.5719780921936035,6.218724978023128,5.426282143225686,6.218724978023128,5743471
2003-03-31,6.136993408203125,6.151207507303872,5.181086664601873,5.479585247948065,7481710
2003-04-07,5.746100902557373,6.488794620157307,5.678583584334927,6.364420199002704,10648249
2003-04-14,5.9131178855896,6.232938261277456,5.721225803161454,5.8527072629434675,6427751
2003-04-21,6.016171455383301,6.296903098017015,5.913118533638397,5.913118533638397,5498985
2003-04-28,7.007614612579346,7.0893467562832955,6.041047277029922,6.041047277029922,10126134
2003-05-05,7.033101558685303,7.413269429145695,6.875917183302789,7.347471044874321,8829084
2003-05-12,6.747974395751953,7.018477974662199,6.572512575084562,6.927092008085819,10570936
2003-05-19,6.620033264160156,6.737007562772426,6.305663871395985,6.737007562772426,7707646
2003-05-26,6.978268146514893,6.978268146514893,6.433605181178439,6.5871344625859996,17769636
2003-06-02,6.923436164855957,7.025788770245683,6.740663497640635,6.981923683117423,7159685
2003-06-09,7.022134304046631,7.193940346203546,6.853983318412284,6.883226712288223,4205403
2003-06-16,6.817429542541504,7.025790599200793,6.685833511475835,6.934404609515407,10113200
2003-06-23,6.535959720611572,6.832051730978494,6.4372621386812545,6.733354884472206,8182925
2003-06-30,6.28007698059082,6.616378993772123,6.159446862682922,6.546925556949009,5995318
2003-07-07,6.294698238372803,6.605411889244513,6.188689826651618,6.283732332782813,7171054
2003-07-14,6.075370788574219,6.389739856366545,6.075370788574219,6.323942218127498,5197954
2003-07-21,6.086337566375732,6.265455212774345,6.0315058289172,6.14116967154623,5321835
2003-07-28,6.086337566375732,6.214278532253618,5.958396600497846,6.111925906636095,6742149
2003-08-04,5.903563499450684,6.152134907687177,5.903563499450684,6.075370267567538,5023801
2003-08-11,6.492093086242676,6.517681423897382,5.848732530004858,5.965706842309981,7995481
2003-08-18,6.506714344024658,6.5578902804548544,6.243521607540803,6.524991831890203,6859846
2003-08-25,6.488436698913574,6.543268425757569,6.29469739142068,6.459193307376454,6939610
2003-09-01,6.766252517700195,7.142764529734014,6.4884373294066,6.506714818605251,9162647
2003-09-08,6.696797847747803,7.029444743120564,6.667554455574999,6.835705431416229,4611588
2003-09-15,6.777219295501709,6.85398431876584,6.620034927341371,6.729698405805609,4409851
2003-09-22,7.197594165802002,7.2341483981300145,6.334906193200798,6.806459835062213,20084390
2003-09-29,7.00751256942749,7.230496043917608,6.777218981164363,7.029445852442204,9012200
2003-10-06,7.146419048309326,7.270704935910024,6.872259672664784,7.007511464620029,6247313
2003-10-13,7.131795883178711,7.347467694619924,7.084275012967442,7.150073367236476,5941689
2003-10-20,7.08793306350708,7.248773209472799,6.897848786641483,7.142764797736504,7029337
2003-10-27,7.018479347229004,7.146420313795705,6.970958458814168,7.091588576041967,6455599
2003-11-03,6.6858320236206055,7.124486588595255,6.609067015110158,7.022133979338473,12538388
2003-11-10,6.912471294403076,6.9307480490608695,6.678521921798703,6.7077653175902885,8021108
2003-11-17,7.1610426902771,7.201251993605559,6.700454773088672,6.824739946273911,9859875
2003-11-24,7.175660610198975,7.394987443953607,7.0038539040292065,7.146416493054426,13075885
2003-12-01,7.168353080749512,7.299949094792075,7.102554706016289,7.175663929561661,7450432
2003-12-08,7.208561897277832,7.310915244620217,7.091587588717176,7.106210020783112,5406554
2003-12-15,7.6252827644348145,7.694736173893799,7.256081706793493,7.274358455330921,11906694
2003-12-22,7.8080573081970215,7.866544829928608,7.639906326714561,7.676460568156909,2695981
2003-12-29,7.965240955352783,8.042005216315937,7.687425828558035,7.811710962579082,3594554
2004-01-05,7.957930088043213,8.257677019577327,7.83364421891603,7.968895990767818,9556177
2004-01-12,8.052971839904785,8.133392634690255,7.9323424862859895,7.9688967244396,5247321
2004-01-19,8.173603057861328,8.235745633425989,7.983518804040307,8.042006323325529,7165025
2004-01-26,8.279611587524414,8.517216745802688,8.133393877149949,8.133393877149949,8136435
2004-02-02,8.316166877746582,8.407553593644773,8.177259275500024,8.297889387482163,7593577
2004-02-09,8.509905815124512,8.604947583351239,8.261334753830045,8.290578148538616,6895380
2004-02-16,8.743855476379395,8.944905660396747,8.517216953410035,8.553771933462587,7540565
2004-02-23,8.791376113891602,8.853518695717725,8.55742674860187,8.751166078223427,9087705
2004-03-01,8.846207618713379,8.977804363112831,8.699989177252622,8.849862675266778,5820185
2004-03-08,8.396586418151855,8.897384324480567,8.24305712763193,8.791375917285398,10760103
2004-03-15,8.246713638305664,8.444108790390207,8.155327647532289,8.352722799616831,5889506
2004-03-22,8.20284652709961,8.239400767357504,8.016418063224835,8.151670590738558,5641761
2004-03-29,8.495285034179688,8.572049321282394,8.169948923544526,8.195537264386745,6863577
2004-04-05,8.564739227294922,8.659781014157508,8.44410909733302,8.50990748375297,4673916
2004-04-12,8.400242805480957,8.58667131174793,8.14070580207397,8.564738762605925,7647182
2004-04-19,8.29788875579834,8.53914896139648,8.20650204685704,8.38927546473964,5982907
2004-04-26,8.11146068572998,8.407553372706634,8.023729764359674,8.345410789949309,6736837
2004-05-03,7.946965217590332,8.272300553554482,7.840956809988941,8.04566204118403,5714018
2004-05-10,8.13704776763916,8.283266192482,7.698393228534413,7.851921765653247,10113709
2004-05-17,8.067596435546875,8.264990845395113,8.016419752974684,8.082218134732084,6537304
2004-05-24,8.314144134521484,8.617857455224032,8.17747375123092,8.428037011675928,9378068
2004-05-31,8.538134574890137,8.583691122443133,8.18506789433493,8.291367269074028,6795643
2004-06-07,8.576098442077637,8.701380094654553,8.492577340359693,8.56850568408347,5185982
2004-06-14,8.902588844299316,8.932959872023037,8.397666307591425,8.579894001497761,8284608
2004-06-21,8.81147575378418,8.989906702651794,8.758325686922893,8.95194291473807,5888720
2004-06-28,8.73554801940918,8.967129051182964,8.682398712647563,8.834254638605735,6154668
2004-07-05,8.853235244750977,8.929163575289913,8.62165425668731,8.686193070321712,4915207
2004-07-12,8.557117462158203,8.913980960882506,8.522949664114764,8.803884807607231,4429865
2004-07-19,8.390071868896484,8.557114030664396,8.359700844495746,8.503964737963102,4673339
2004-07-26,8.412854194641113,8.458411512859996,8.24581196747558,8.390075153640561,6255552
2004-08-02,8.295165061950684,8.534338875815415,8.268590024014113,8.35211113536779,5814022
2004-08-09,8.154695510864258,8.352109494039219,8.067378419125877,8.257199644922805,5220533
2004-08-16,8.17367935180664,8.279979503024165,8.086362243343329,8.124326037505162,4492995
2004-08-23,8.2002534866333,8.329331900134347,8.13951065888092,8.249607559282316,4213482
2004-08-30,8.42424201965332,8.458410577375169,7.9800622260013565,8.162289951158389,7745319
2004-09-06,8.625452995300293,8.636842515825732,8.405261454138833,8.42803973140749,8147878
2004-09-13,8.849440574645996,8.93675767139445,8.466002868035345,8.655823340941724,11153026
2004-09-20,8.81147575378418,8.845643544797568,8.625451283551746,8.769715205188046,8208758
2004-09-27,8.974722862243652,9.024076177632267,8.720363526300964,8.76971684168958,8327578
2004-10-04,9.031668663024902,9.130375282464561,8.944350798885434,8.98990734765045,8149221
2004-10-11,8.99370288848877,9.039260194855451,8.807678430146357,8.97472061385415,6336965
2004-10-18,8.932960510253906,9.111392220334144,8.902589480360275,8.997500094450965,7541888
2004-10-25,9.016481399536133,9.069631464413558,8.773510874611116,8.826660939488542,6218141
2004-11-01,9.248064041137695,9.479645070026768,8.974721697497227,8.993703974423841,10083747
2004-11-08,9.229083061218262,9.358161493164284,9.172136986217632,9.2442685793808,6107833
2004-11-15,9.0354642868042,9.289824346801465,8.98611097912391,9.270842070376094,7154642
2004-11-22,9.137968063354492,9.225285163929337,9.016482405447581,9.016482405447581,4971506
2004-11-29,9.301212310791016,9.369547119692971,8.997498993876675,9.141762895789183,6810610
2004-12-06,9.464460372924805,9.699838183078459,9.073429864338337,9.369549743861567,18844922
2004-12-13,9.468257904052734,9.635300149441202,9.392329541259585,9.456869146092261,9969078
2004-12-20,9.828913688659668,9.98077035634379,9.33917666097129,9.3429734213653,7356153
2004-12-27,10.109848022460938,10.109848022460938,9.620110266379546,9.87067352081776,6514688
2005-01-03,10.083271980285645,10.261702884785976,9.836504746968462,10.174385812404978,9946656
2005-01-10,9.817524909973145,10.125035028873802,9.570758379255166,10.098459995462157,9101090
2005-01-17,10.094661712646484,10.125033502158177,9.650481260548347,9.870673488434797,8340423
2005-01-24,10.125036239624023,10.37939632211773,9.95040126689877,10.090868444549283,9008248
2005-01-31,10.5881986618042,10.641347969052013,10.144018107574315,10.193371417624064,10981868
2005-02-07,10.345227241516113,10.789407791304065,10.212352829052163,10.6299583435909,7414344
2005-02-14,10.242722511291504,10.470506734914212,10.19716520829778,10.322446836803058,6999464
2005-02-21,9.923824310302734,10.284482941811815,9.68844655145284,10.250315917129683,15022271
2005-02-28,10.007349014282227,10.132630695954692,9.745396129409874,9.9466061724398,11318057
2005-03-07,9.756783485412598,10.193371275371467,9.582148522185475,9.980771758000726,8477021
2005-03-14,10.109848022460938,10.181979590696681,9.745391893598653,9.787152436005021,11267072
2005-03-21,10.409765243530273,10.43254351436349,9.961788764900339,10.064291365540809,6394118
2005-03-28,10.519861221313477,10.554029011468664,10.238926906461987,10.409765857237929,7574446
2005-04-04,10.975431442260742,11.039970263129161,10.314855427176848,10.421154796333433,9956921
2005-04-11,10.778016090393066,11.093118138759289,10.766626574461283,10.979226034569114,6771954
2005-04-18,10.8919095993042,10.971633929762922,10.47810014165164,10.667921358158912,7281558
2005-04-25,11.070343017578125,11.19942067051487,10.834965222479196,10.891911290762003,9920893
2005-05-02,11.313313484191895,11.355074038602975,11.089325194856492,11.180439062318653,5412971
2005-05-09,11.69675064086914,11.833421044333631,11.20321680376793,11.370259002055043,13980542
2005-05-16,11.86379337310791,11.951110473170354,11.54869047486119,11.711936683506474,6054161
2005-05-23,12.030876159667969,12.353097684398877,11.949350730458512,12.209457158959273,12044127
2005-05-30,12.112401008605957,12.20169071717931,11.856177144120204,12.046403384575163,4133308
2005-06-06,12.065816879272461,12.275455054000323,11.933823167217547,12.15122563200528,4676623
2005-06-13,11.669832229614258,12.092989453463233,11.456312350370066,11.995935459921197,8846990
2005-06-20,12.054169654846191,12.089109347214292,11.54948616413002,11.685362398433945,7562355
2005-06-27,12.186161994934082,12.209455641273053,11.80959049121863,12.030874664180107,5911965
2005-07-04,11.976526260375977,12.186163638441059,11.56889676691193,12.186163638441059,7504316
2005-07-11,11.599954605102539,12.256042918337833,11.599954605102539,12.065815875109623,9280176
2005-07-18,11.9415864944458,12.023111924019728,11.475725223229654,11.65042290704681,10225911
2005-07-25,12.426856994628906,12.613201474847179,11.817354508754574,12.030874388387373,8779708
2005-08-01,12.380270004272461,12.551085890582621,12.12404617480722,12.485088275572341,8908740
2005-08-08,12.601553916931152,12.811191236696713,12.294861053049459,12.454030895740958,9467041
2005-08-15,12.70637035369873,12.752956851948092,12.446264813336402,12.60543385203464,4068271
2005-08-22,12.64037799835205,12.888837587750542,12.597674018627888,12.737432781738606,4551902
2005-08-29,13.10235595703125,13.152824219811112,12.48120666551863,12.554968573456062,5204565
2005-09-05,13.409049987792969,13.506104773744717,13.152826102675906,13.160591172864635,7104434
2005-09-12,13.552688598632812,13.626449725697057,13.172234578633104,13.50998462379837,8377759
2005-09-19,13.502223014831543,13.626451641213999,13.28481979451411,13.393521404672827,6808974
2005-09-26,13.630332946777344,13.742916294385186,13.443986910542831,13.502221023162264,6978080
2005-10-03,13.909849166870117,14.084546822147699,13.634214984405007,13.684682466961837,7711634
2005-10-10,13.529397964477539,14.030198893521296,13.327523329215623,13.917615533075349,6818858
2005-10-17,13.443989753723145,13.649746162962302,13.199412677292885,13.58763184579721,8644832
2005-10-24,13.296463966369629,13.583744950683183,13.121766323812537,13.471161608926723,9983902
2005-10-31,13.572102546691895,13.684684350064162,13.300348518322028,13.370227902463697,9386426
2005-11-07,13.610921859741211,13.820559991341167,13.443987705203808,13.669154413728878,7634480
2005-11-14,13.61868667602539,13.968081993455,13.517750146851911,13.680800982570949,7464476
2005-11-21,13.816679000854492,13.839971086491843,13.59927734981979,13.680801992661543,6638788
2005-11-28,14.282537460327148,14.290302529169256,13.707975476520227,13.890438192534905,10805456
2005-12-05,14.364067077636719,14.461121869891038,14.076786017257334,14.28254086469419,5994777
2005-12-12,14.91533374786377,14.919215501298048,14.406767813315684,14.430061458068998,8646989
2005-12-19,15.055092811584473,15.163792844566775,14.678520544478413,14.888158665483626,6038864
2005-12-26,14.845455169677734,15.194850487221732,14.79498612403752,15.055093297448472,2055913
2006-01-02,15.051209449768066,15.354020588759097,14.82992606889261,14.985213391892822,5200676
2006-01-09,15.012392044067383,15.167679400721559,14.771696719357122,14.98521663949734,6140241
2006-01-16,15.505427360534668,15.761651254854302,14.68240643259891,14.989097817698648,9334131
2006-01-23,16.060577392578125,16.060577392578125,15.214262906949562,15.280260531518918,7850892
2006-01-30,16.499265670776367,16.57302681039651,15.823767027533759,16.033403621806986,7729245
2006-02-06,16.013992309570312,16.635141670210864,16.013992309570312,16.576909112910066,6646750
2006-02-13,16.545848846435547,16.545848846435547,15.901407460442377,16.0139908105719,6213112
2006-02-20,17.67556381225586,17.691092388356974,16.38667949927253,16.38667949927253,8976152
2006-02-27,16.91853904724121,17.93178761729185,16.8331310978565,17.89684714959419,7485338
2006-03-06,17.663915634155273,17.729913249075825,16.77489730073779,17.081588607792025,7386408
2006-03-13,17.36887550354004,18.013318611148335,16.903014973410222,17.85803124708031,8826972
2006-03-20,17.54357147216797,17.80755884809148,17.240760309920336,17.62509611239713,7036075
2006-03-27,17.792028427124023,17.993901472987563,17.135940247030618,17.547451407632664,8470764
2006-04-03,17.93955421447754,18.417063087415624,17.442635008635328,17.896850232429177,8807592
2006-04-10,17.858028411865234,18.207423753991133,17.710504580281267,17.908495898982213,5642334
2006-04-17,18.591754913330078,18.607283487176662,17.745440609359907,17.85802394130286,6853861
2006-04-24,18.386005401611328,18.917863503812658,18.29283236978585,18.49858876578317,9739674
2006-05-01,18.836339950561523,18.85963203831298,18.21519053457058,18.386006467760673,5335514
2006-05-08,18.358827590942383,19.19737851908215,18.2928299703032,18.832453071904794,7047152
2006-05-15,17.376636505126953,18.308358909254586,17.163116624798338,18.17248347381305,11533746
2006-05-22,17.349462509155273,17.69109434531828,16.899129066186212,17.36887284091035,8491977
2006-05-29,17.44443702697754,17.681885009215538,16.7597985561178,17.571075844680454,10410361
2006-06-05,17.08431625366211,17.65023336769931,16.890401723876316,17.448403211712026,7867838
2006-06-12,14.571331024169922,17.171377050827367,14.440735170462217,16.94975868645514,26044058
2006-06-19,15.38656997680664,15.66359139260316,14.717759333005,15.236185830612554,15816338
2006-06-26,15.992053031921387,16.090989557377345,15.29554193093254,15.552776578645982,9199305
2006-07-03,16.035587310791016,16.284906372134635,15.592353777815797,16.12660822682621,11610938
2006-07-10,15.489458084106445,16.182012246384424,15.489458084106445,15.924779162636936,10569765
2006-07-17,16.087038040161133,16.36801646720685,15.279717499972353,15.485504651529283,11560256
2006-07-24,16.86269187927246,16.91413944567111,15.988095989377168,16.213669738364537,11162973
2006-07-31,16.356138229370117,16.957671412198643,16.32447892340235,16.9141394684029,8062515
2006-08-07,16.3601016998291,16.40363206420376,15.873334550715276,16.24929250364431,8257140
2006-08-14,16.35218620300293,16.67273956035266,16.201803657596617,16.37988850226631,5406811
2006-08-21,16.878524780273438,17.06848224473967,16.30469537096267,16.352184338989094,7118309
2006-08-28,17.377161026000977,17.41277734677383,16.799373124519807,16.88247999613674,5964505
2006-09-04,17.199079513549805,17.51567422277509,16.985376771125313,17.412780663613784,6440552
2006-09-11,17.290096282958984,17.610649523479786,16.902265826981175,17.13575518508003,10994205
2006-09-18,18.03014373779297,18.39422900947,17.337589522246645,17.381121474211948,12108137
2006-09-25,18.841419219970703,19.268823071249795,17.935162354251716,17.935162354251716,12674776
2006-10-02,18.461502075195312,19.185715501677524,18.251757968769898,18.801843611668634,11929138
2006-10-09,18.69499397277832,18.91661072853413,18.25175886890632,18.40214138310484,7555766
2006-10-16,19.22133445739746,19.288610091376384,18.7187377485341,18.72269476409512,7092989
2006-10-23,19.146142959594727,19.573546813271147,18.960142529876514,19.344014435846987,7924178
2006-10-30,18.991804122924805,19.288612169181928,18.63167585906842,19.288612169181928,7573585
2006-11-06,19.47065544128418,19.510230377905312,18.884953385677814,18.97597430678193,5983330
2006-11-13,19.86639976501465,19.985122980931454,19.391506901347427,19.46273955700909,6911173
2006-11-20,20.262142181396484,20.420438711671874,19.632906706020844,19.86639607862733,8158703
2006-11-27,19.589374542236328,20.420438482475387,19.454821696832337,20.202778765339428,8013952
2006-12-04,20.24236297607422,20.281937922526662,19.45087360119097,19.54585156184371,6767436
2006-12-11,20.479806900024414,20.63810346893944,20.18299725049735,20.30172047336393,8018042
2006-12-18,20.5589542388916,20.87555054688133,20.281932867490728,20.400656084896738,8059625
2006-12-25,23.111507415771484,23.111507415771484,20.558952133500842,20.558952133500842,4610533
2007-01-01,20.994274139404297,23.11151019550988,20.994274139404297,23.11151019550988,8735109
2007-01-08,21.251506805419922,21.469166551134833,20.79639905105938,20.974485455633705,8535462
2007-01-15,21.093210220336914,21.390018262596193,20.737038977265243,21.231720109271066,7103976
2007-01-22,20.816186904907227,21.271293057963533,20.4995906278418,21.211931455058814,7498559
2007-01-29,21.310869216918945,21.667038854841337,20.85576144531525,20.85576144531525,8814350
2007-02-05,21.7857608795166,22.023208884210767,21.053633379913876,21.251506451765614,6730502
2007-02-12,22.221080780029297,22.33980558078097,21.508739937321394,21.74618794646431,6839881
2007-02-19,21.900535583496094,22.426876146429485,21.587896222253,22.32002395322344,5084089
2007-02-26,20.832015991210938,22.252740591322283,20.460015136953476,22.0429948867353,9497256
2007-03-05,21.231718063354492,21.56810100962088,20.0246961538761,20.416483687321502,9433709
2007-03-12,20.76078224182129,21.362313892162604,20.471888259480142,21.31482492848417,8510509
2007-03-19,21.900535583496094,22.007386184341243,20.733086638409123,20.962619092127714,6437538
2007-03-26,22.02717399597168,22.18547219316419,21.583940317721428,22.01530135251907,6524821
2007-04-02,22.399168014526367,22.755337652890795,21.884698635963773,21.888657244121063,6777756
2007-04-09,22.565380096435547,22.94925362080008,22.14193322955298,22.399167917722572,6296190
2007-04-16,22.893848419189453,23.02048725200321,22.236912161076322,22.63661373788788,9251810
2007-04-23,23.91090965270996,23.97422826430395,22.573292040085313,22.818654048552347,9651402
2007-04-30,24.536191940307617,24.872574925403892,23.728871502188102,23.728871502188102,9057248
2007-05-07,24.140445709228516,24.967552763689067,23.82780643374226,24.702404046539254,8678418
2007-05-14,24.648752212524414,24.850064082789558,23.976366386118197,24.701092683175585,6967127
2007-05-21,24.862146377563477,24.962803135780796,24.439390261116507,24.648755410982222,5808018
2007-05-28,25.389585494995117,25.44192759002354,24.310548402545145,24.745385188783622,6091344
2007-06-04,23.78713607788086,25.627136902179856,23.561666031373367,25.486218730630313,8624687
2007-06-11,23.667346954345703,24.00455160451855,23.118774792543693,23.88376415198504,18717076
2007-06-18,23.114561080932617,23.749238688796318,22.95077273630605,23.749238688796318,17961092
2007-06-25,23.761524200439453,23.761524200439453,22.655955676849246,23.06133026215006,19031924
2007-07-02,23.478992462158203,23.990830102645816,23.38072041280713,23.831135592379862,7714188
2007-07-09,23.548599243164062,23.851606304995975,22.93439416318903,23.393000234092504,12258096
2007-07-16,22.856599807739258,23.650972084533734,22.799274440973875,23.62230859112749,8434708
2007-07-23,22.02946662902832,23.126845778399954,21.84929961285446,22.725565065114246,12587796
2007-07-30,22.254676818847656,22.68052559111059,21.79197683940124,21.996711888375607,10601065
2007-08-06,22.799270629882812,23.135035056287023,21.90662644498928,22.008993964267994,11996287
2007-08-13,21.136823654174805,23.004005366889974,20.727353582427526,22.975341878650813,14076336
2007-08-20,21.804256439208984,21.947570625846637,21.14501085666646,21.271946371691048,7356000
2007-08-27,23.044954299926758,23.319299533989163,21.55448516691256,21.832924259667777,13335415
2007-09-03,22.151260375976562,23.279200802946782,22.011297975838396,23.217451870888386,10695714
2007-09-10,23.937849044799805,24.06546261851079,21.953661805467085,22.110091977900115,13688359
2007-09-17,24.291872024536133,24.56356532167597,23.443859809669423,23.937847918778303,11241687
2007-09-24,24.85995864868164,25.094602259651307,24.127209590681034,24.127209590681034,8046757
2007-10-01,24.85995864868164,25.111068420817585,24.365970556292478,24.85995864868164,7125581
2007-10-08,25.76972007751465,25.76972007751465,24.74881155757018,24.78174388031672,6516776
2007-10-15,25.11107063293457,25.913801760957295,24.999923220920646,25.66680769300419,8096222
2007-10-22,25.76972007751465,25.93438331994778,24.61708063788359,24.61708063788359,7458206
2007-10-29,25.621530532836914,25.934389299766853,25.05756030401396,25.934389299766853,7022265
2007-11-05,25.666807174682617,26.440721688146986,25.074022075046233,25.55977711983457,9839494
2007-11-12,26.621850967407227,26.782396863218032,25.522727311332687,25.522727311332687,9645093
2007-11-19,24.958757400512695,27.27226949682115,24.748813016279048,26.75769785182624,16942311
2007-11-26,26.004371643066406,26.181383735219555,24.650018954252896,25.213989190167165,9851887
2007-12-03,27.025272369384766,27.107603171770737,25.987896115819797,26.082577352913837,8986424
2007-12-10,25.316898345947266,27.025274868700592,24.851726826396625,26.889428217850377,12502132
2007-12-17,25.621530532836914,25.670929028346777,24.72823374321326,25.078142196126,11731333
2007-12-24,26.057884216308594,26.070234653909775,25.568013384308337,25.93027062836643,2855700
2007-12-31,25.436277389526367,26.30075736020902,25.31689690745926,25.584474467806377,4774133
2008-01-07,25.193401336669922,26.346040783832645,25.04932160936214,25.46097727508419,9195601
2008-01-14,23.851402282714844,25.20575318584272,23.72378870148457,24.806446278683516,10977587
2008-01-21,22.57115364074707,23.629112184865825,20.09297925487137,23.258620175141726,22449801
2008-01-28,22.879894256591797,23.45621328912222,22.15537811032745,22.42707146158898,14202784
2008-02-04,22.26652717590332,23.31625260123696,21.937200594209877,23.262736746689118,11330226
2008-02-11,22.863428115844727,23.542661494719177,21.994832210526248,22.11832844818488,10259994
2008-02-18,24.25894546508789,24.25894546508789,22.953992880579474,23.00750873324693,9222121
2008-02-25,24.234241485595703,24.63354836736703,23.86375120241221,24.37420549487869,9346855
2008-03-03,20.377017974853516,23.99548275100639,20.282336717704855,23.785538346103255,19978733
2008-03-10,20.002408981323242,20.488164043627194,19.183211677687694,20.459349072940878,20971916
2008-03-17,17.52423667907715,19.969478362485305,17.28959139495729,19.553705271224633,38140250
2008-03-24,18.52456283569336,19.129698476815037,17.52423760220089,17.52423760220089,17600082
2008-03-31,19.265544891357422,19.471371935565802,17.927658517448744,18.3393158632668,13004999
2008-04-07,18.52456283569336,19.42609270696914,18.1623055736284,19.368459500233126,12014765
2008-04-14,18.236404418945312,18.491631622941135,17.660085346361427,18.392834626052778,13629778
2008-04-21,19.195566177368164,19.627805487461263,17.57775311689797,18.207589680754843,15608849
2008-04-28,18.97739028930664,19.63604194307048,18.81684432533886,19.302599573890685,7576625
2008-05-05,18.224050521850586,19.059713921061103,17.660080416946872,18.866234079775598,19672111
2008-05-12,18.862119674682617,19.072064063522316,17.91942453066583,18.13760362955862,10636178
2008-05-19,18.577192306518555,20.073511962369995,18.518016219782503,19.507108930340216,10634907
2008-05-26,19.363386154174805,19.756486795819026,18.49687366342917,18.58563859417929,10040973
2008-06-02,19.16050148010254,20.246811042079106,18.851937995940325,19.28730736050187,11950017
2008-06-09,16.7131290435791,19.650817594710194,16.349615538529807,19.14781846895653,29776952
2008-06-16,15.187217712402344,16.90333516762896,15.111134206298557,16.90333516762896,22148006
2008-06-23,14.958970069885254,15.440835766413743,14.667314032622176,14.963197768795231,15080430
2008-06-30,14.274209976196289,15.246394869047824,14.253076503599935,15.090000147969588,11801004
2008-07-07,13.293575286865234,14.722264089869698,13.230171509636603,14.333389373373297,14051411
2008-07-14,13.978328704833984,14.058639918495794,12.955421417967914,13.441513889562843,12293399
2008-07-21,14.675769805908203,14.89979607066566,13.640181601847221,14.067098142386874,12748911
2008-07-28,14.007919311523438,14.74339928313774,13.538734201643882,14.734945557638982,10278394
2008-08-04,15.50423812866211,15.677540321170113,13.834615794127819,14.092456069802301,17863834
2008-08-11,15.833935737609863,16.06218798654348,15.440835013857335,15.601457462321488,8652711
2008-08-18,15.766304016113281,16.036824857379017,15.288666099971161,15.850841256399772,6836692
2008-08-25,15.491557121276855,15.787440838389179,15.11959155217864,15.702901916778881,6373595
2008-09-01,13.805024147033691,15.576091550917495,13.773322269615939,15.508460098663578,12075999
2008-09-08,13.671876907348633,14.540503173448151,13.323158760609438,14.054409944396031,10440576
2008-09-15,13.06109619140625,13.545071588698166,11.98323859664887,13.462651522664185,19879086
2008-09-22,12.725056648254395,13.314708552608195,12.126951855266642,13.225943605944257,11119238
2008-09-29,12.04875373840332,12.771552181928461,11.70848840926923,12.638404770157576,14035646
2008-10-06,9.413288116455078,11.82261670643843,8.76023403196257,11.54575593067626,28012586
2008-10-13,9.899378776550293,12.424946861148088,9.30761473736117,10.567228005951561,22996896
2008-10-20,7.45623779296875,8.804617206222517,6.995506771284737,8.669355909631602,32085151
2008-10-27,8.119856834411621,8.23398292924798,7.016638475109743,7.232209244312313,19513101
2008-11-03,8.179034233093262,8.868017776306923,7.967689454558168,8.32697607977253,17782245
2008-11-10,8.18748950958252,8.631313461414578,7.650674573398699,8.45378354621189,14775936
2008-11-17,7.4879374504089355,8.369244447855808,7.337882595293936,8.208622855838382,16286075
2008-11-24,8.272026062011719,8.601723817222684,7.574588792356621,7.627424987156606,11171104
2008-12-01,7.354791164398193,8.409400380708766,7.232210489419953,8.320635439182062,9845903
2008-12-08,7.728870868682861,8.348109962908998,7.498505617400449,7.777480203572645,12199144
2008-12-15,8.98003101348877,9.108950728311195,7.705622447788292,7.845110572342589,12411972
2008-12-22,8.713736534118652,9.172354862569303,8.504505593216955,8.874358976009473,4636019
2008-12-29,9.518959999084473,9.561228625982627,8.800388324768148,8.870131977237412,3869960
2009-01-05,9.185036659240723,9.75989336010846,8.884926883893169,9.620406047804535,11023906
2009-01-12,8.05856990814209,9.235759196282775,7.982485538033256,9.121633059206863,11312467
2009-01-19,7.103292465209961,8.337544871173016,6.484052830645872,8.23609931903535,23133754
2009-01-26,7.462576866149902,8.11140399639911,6.982824647138131,7.1265392205775875,12481712
2009-02-02,7.781707763671875,7.817636514791351,7.151901039058453,7.409741336697355,8924750
2009-02-09,7.714076519012451,8.124085514385468,7.585156798393409,7.790160877992639,11045869
2009-02-16,6.938441276550293,7.688714259842916,6.910966674969454,7.659126227371243,9350836
2009-02-23,7.251232624053955,7.27448078670212,6.374152771490142,7.022980368743562,16101066
2009-03-02,6.980712413787842,7.430876255654266,6.3403380621403445,7.1180867173061,15713962
2009-03-09,6.67214822769165,7.2322108353275185,6.395286652557786,7.054681779957632,13509226
2009-03-16,7.346336841583252,7.367471989239698,6.771479806489953,6.771479806489953,10420295
2009-03-23,6.782046318054199,7.566134634692673,6.735550837210267,7.397059322722098,10590911
2009-03-30,7.008186340332031,7.101177736541426,6.496732615962103,6.7207580083327185,11116193
2009-04-06,7.4435553550720215,7.595723230737368,6.965916580861067,7.037774074572923,8493114
2009-04-13,8.538320541381836,8.538320541381836,7.111744871863311,7.443555659190438,15872627
2009-04-20,8.320636749267578,8.534094576199534,8.075477033059688,8.453783346347072,11223199
2009-04-27,8.861679077148438,8.918741305303552,8.03532115099483,8.077590614015685,9712841
2009-05-04,9.67535400390625,9.785252415814789,8.73275708929487,8.876471233349747,12730629
2009-05-11,9.202654838562012,10.182990933964975,8.898951914837713,10.162893505062028,16009637
2009-05-18,9.365671157836914,9.959679240623625,9.06643446171783,9.117795239128226,8509158
2009-05-25,9.231684684753418,9.513056615070045,8.916815864667697,9.35673897417413,9405325
2009-06-01,9.606847763061523,9.894919431038382,9.269647970263769,9.42373207623472,8187965
2009-06-08,9.919483184814453,10.296879604686838,9.249549783393562,9.470627673334466,9315860
2009-06-15,9.526453971862793,9.870353444521395,8.979341415411318,9.827924174060948,11542409
2009-06-22,9.204887390136719,9.580050252847379,9.070899833043022,9.468394544282551,6409898
2009-06-29,9.3880033493042,9.7765648391382,9.162459249503083,9.162459249503083,6617743
2009-07-06,9.064201354980469,9.620246382221858,8.939147062309955,9.296445167585698,7539085
2009-07-13,9.825693130493164,9.845791443581975,8.954780071791456,9.06866845108137,6336611
2009-07-20,10.607282638549805,10.69884004484918,9.885986662835334,9.950746908781714,9904091
2009-07-27,10.776998519897461,10.940015898680942,10.479994460193844,10.607282293003935,7771316
2009-08-03,9.995409965515137,11.161094420456662,9.888220438017068,10.80826248346885,15819722
2009-08-10,10.156192779541016,10.468828943162638,9.848023692483025,9.944047284683426,8646544
2009-08-17,10.656411170959473,10.687674525893087,9.78996343530225,10.138329183693916,7962422
2009-08-24,10.993609428405762,11.21915349645078,10.598349145651206,10.705538659396128,7887278
2009-08-31,10.555920600891113,11.060603970505484,10.415234188714392,10.826126616877616,7555804
2009-09-07,11.5853853225708,11.777433407902283,10.674275674408346,10.692141331722878,12074395
2009-09-14,11.913650512695312,12.058803097799268,11.299545052984367,11.513924065302868,10481816
2009-09-21,11.578685760498047,12.103466550688,11.54295533159122,11.9851119898339,7702694
2009-09-28,10.919916152954102,11.998509190269425,10.875254226353816,11.618880163607553,12864613
2009-10-05,10.750201225280762,11.07846863358457,10.618447200880224,10.899819138923501,12966522
2009-10-12,10.41300106048584,10.761366797083063,10.33930842744873,10.752434410261595,11423105
2009-10-19,10.212020874023438,10.580484901099616,10.194156101429183,10.491159271088524,9305294
2009-10-26,9.948513984680176,10.341541643116928,9.83462561450132,10.256683087441743,12089835
2009-11-02,9.941814422607422,10.078033749360957,9.669374002060609,9.99540873801474,9308383
2009-11-09,10.24105167388916,10.459896023882035,9.879287374670028,9.937347886183261,9872388
2009-11-16,10.305810928344727,10.493391907990203,10.185222840172694,10.334840739556634,7901710
2009-11-23,10.182991027832031,10.477761567312225,9.964145778222804,10.361640535744863,8591111
2009-11-30,10.118228912353516,10.270081231106076,9.923948204735197,10.25668176949394,13681320
2009-12-07,10.037839889526367,10.118231377667707,9.796663658062272,10.115998722534911,9304543
2009-12-14,9.910550117492676,10.200854424244033,9.841323685493817,10.149492763919735,12857069
2009-12-21,10.13832950592041,10.256684080833605,9.897153278870107,9.955214680540745,5874462
2009-12-28,10.328143119812012,10.404069289359958,10.191923782531205,10.258916681967682,3754177
2010-01-04,11.210222244262695,11.567520365038547,10.343775427869195,10.386203823197366,21862307
2010-01-11,11.225855827331543,11.473731800930828,11.06283842249887,11.3151805900585,11061852
2010-01-18,11.076234817504883,11.420134335112605,11.040505272876516,11.30624508632984,10323823
2010-01-25,10.647477149963379,11.147694286222047,10.540287637405113,10.989143113822948,9857178
2010-02-01,10.442032814025879,11.154394650549841,10.383971415215038,10.672043103727345,10774230
2010-02-08,10.538054466247559,10.651943713847418,10.185223449667303,10.49339253592598,10185752
2010-02-15,10.80156135559082,10.83282470348711,10.46212807072886,10.589415000352226,6144482
2010-02-22,10.634078979492188,10.975744956465626,10.46212922186349,10.803795198836928,10961385
2010-03-01,10.692140579223633,11.274981875571486,10.526889666214142,10.739035165373991,16374496
2010-03-08,10.852923393249512,10.875255242155372,10.41523382112494,10.669808593564715,15263257
2010-03-15,10.94448184967041,11.096333300215994,10.839524985416917,10.886420455228919,11519437
2010-03-22,11.484895706176758,11.674710255965143,10.788164216273048,10.942249217918674,16720943
2010-03-29,11.59878158569336,11.701504006665312,11.373236669977366,11.49605828120168,8130590
2010-04-05,11.692574501037598,11.730537585981734,11.455864488261154,11.598784441406131,6702010
2010-04-12,11.371007919311523,11.831028526062097,11.310713861934309,11.694808291424676,10268278
2010-04-19,10.922150611877441,11.321877097449997,10.86185656412383,11.165559457650229,10384444
2010-04-26,10.605048179626465,11.011474393597563,10.450963195690653,10.922150533507136,14500423
2010-05-03,10.160659790039062,10.788163939008857,9.528689447666208,10.517957912843768,20655244
2010-05-10,10.034797668457031,11.275317385346849,9.997134139772937,10.56913902817573,20746156
2010-05-17,9.599321365356445,10.213696723061288,9.479270430042787,9.954764483623794,16176597
2010-05-24,9.888853073120117,10.034796553001913,9.361573043358677,9.688769149886005,15209569
2010-05-31,9.764098167419434,10.157203966251318,9.66052506422254,9.914749530560064,9095992
2010-06-07,9.853545188903809,9.952410439981888,9.491039889164472,9.601674236458248,11805931
2010-06-14,10.230175971984863,10.23959162333472,9.891209729428219,9.919456683477787,10335255
2010-06-21,9.556950569152832,10.352577625396835,9.531057066817876,10.352577625396835,8318472
2010-06-28,8.96375846862793,9.63698196515212,8.822522815645526,9.62050504661835,13794269
2010-07-05,9.385113716125488,9.472208942910894,8.876664898869642,8.968467950580735,6618540
2010-07-12,9.208569526672363,9.709956175848069,9.196800429197559,9.422776972711375,9096011
2010-07-19,9.455730438232422,9.467500465395563,9.013192131760553,9.142658705273528,7340277
2010-07-26,9.592262268066406,9.820593230894753,9.356869100427796,9.516936119146601,7330769
2010-08-02,9.97359561920166,10.347870962745038,9.575782082203796,9.634630359801411,11560656
2010-08-09,9.436902046203613,10.074816667069804,9.31449763755451,10.04421626339804,8160596
2010-08-16,9.057918548583984,9.594614374236357,9.036732868435408,9.43925520333497,8041399
2010-08-23,8.704830169677734,9.130890719646297,8.457666994552795,9.086165910275088,10923650
2010-08-30,9.083809852600098,9.149720330889734,8.535345005699138,8.737783334031128,9483793
2010-09-06,9.3239107131958,9.618152088383594,9.177967214619558,9.255646788657867,12717318
2010-09-13,9.208569526672363,9.429838244932153,9.086165138747138,9.392175642899938,14544527
2010-09-20,9.434545516967773,9.571073359172232,9.156782008045612,9.180321130611832,10251153
2010-09-27,8.984945297241211,9.42042233795258,8.949636146627768,9.396882283330013,9365407
2010-10-04,9.316848754882812,9.375697025582015,8.839001318344694,8.951990035339975,9143431
2010-10-11,9.46514892578125,9.552245104001454,9.265064923250742,9.302728462674851,7835226
2010-10-18,9.742911338806152,9.775866116890569,9.43690082252401,9.448670851785868,7822756
2010-10-25,9.935933113098145,9.975950091252516,9.712310028650219,9.792343053638485,6825806
2010-11-01,10.055983543395996,10.06539919379457,9.77821999399701,9.997135262744646,6243799
2010-11-08,10.230175971984863,10.340810341005977,9.714664869637506,10.048923286519221,10760456
2010-11-15,10.578554153442383,10.578554153442383,10.110122362316805,10.143077133377409,9121198
2010-11-22,9.893561363220215,10.635048893377904,9.837067465475812,10.60209411969367,10431483
2010-11-29,9.73349380493164,9.942993393491818,9.406298603124494,9.834713429304607,12430439
2010-12-06,10.136015892028809,10.1830941365388,9.665229721647421,9.77351061534077,8893713
2010-12-13,10.194864273071289,10.409071684878185,10.126600352136776,10.197217719661941,9127088
2010-12-20,10.606802940368652,10.675066872212595,10.23017505740385,10.249006358420036,5404281
2010-12-27,10.2960844039917,10.658589735227913,10.2960844039917,10.625634959112032,3411957
2011-01-03,10.456151962280273,10.609157685305421,10.319624093874024,10.3831802026604,7073756
2011-01-10,10.745684623718262,10.823364202032044,10.147787122254526,10.46792108552827,8724202
2011-01-17,10.910457611083984,11.103480266920624,10.762160682358607,10.778637601483469,8587448
2011-01-24,10.675065040588379,10.964598572335507,10.602093296010857,10.910458125543105,7855982
2011-01-31,10.75274658203125,11.056403642818239,10.486753055043636,10.64211222158939,7765670
2011-02-07,11.32004165649414,11.327103858830084,10.846902039596927,10.875149917620334,9798130
2011-02-14,11.38830852508545,11.440094607448284,11.129376250630058,11.331814617053265,7730959
2011-02-21,11.124667167663574,11.430678595547999,10.804533195687824,11.378891587717463,7165921
2011-02-28,10.425549507141113,11.320041747880836,10.394948182305592,11.110542161161444,12220242
2011-03-07,10.208989143371582,10.646819675892761,10.208989143371582,10.451443535361186,9867230
2011-03-14,10.239590644836426,10.371410682458258,9.488687399178593,10.140725383789922,19105271
2011-03-21,10.411429405212402,10.465569870022815,10.272547140846415,10.39024372249334,7926439
2011-03-28,10.345518112182617,10.430259905205526,10.084232391619604,10.347872490667983,8045732
2011-04-04,10.446734428405762,10.451442252973916,10.126600495130448,10.329037882881499,7491604
2011-04-11,10.38082504272461,10.517352888603087,10.249005021486067,10.406717612584043,7453739
2011-04-18,10.223112106323242,10.343162107183348,9.985365551397702,10.19251077874932,7224418
2011-04-25,10.618570327758789,10.731559037070118,10.055981158903776,10.22311031082929,7850992
2011-05-02,10.627986907958984,10.736267802683178,10.369054698048235,10.639756934858719,9764337
2011-05-09,10.425549507141113,10.642110364933089,10.366701235374514,10.460857725144775,9098934
2011-05-16,10.479691505432129,10.625635017496306,10.263129684268248,10.336101440300336,9185673
2011-05-23,10.27059555053711,10.472223905163066,10.014203355481458,10.345272171775495,10991089
2011-05-30,10.081412315368652,10.544411283886413,9.971885624705587,10.253170013122899,7896376
2011-06-06,9.84991455078125,10.09386016836714,9.844936108987863,10.014204114817987,10326782
2011-06-13,9.685623168945312,9.996778184771788,9.563650875471623,9.862359296723133,9634370
2011-06-20,9.357044219970703,9.698069885231256,9.302280384979285,9.528801909045054,9107922
2011-06-27,9.797637939453125,9.825019854813066,9.274898728903246,9.362021930661559,9399056
2011-07-04,9.297301292419434,9.899697525975004,9.165372124818745,9.847423407535572,13439194
2011-07-11,8.869153022766113,9.282365540865008,8.592847121646065,9.242538018128664,15687250
2011-07-18,9.08322811126709,9.14545911597859,8.670014555136264,8.836793805339852,10651247
2011-07-25,7.8684797286987305,9.105630696893897,7.736550548872426,8.998593722237196,15469809
2011-08-01,5.551001071929932,7.94813707274116,5.461388133777609,7.9107982664397785,42598731
2011-08-08,5.884557247161865,5.887046467495248,4.829120439396903,5.493747192683874,42822447
2011-08-15,5.292119026184082,5.949278199212454,4.93366928442668,5.941810537294794,23861959
2011-08-22,5.324480056762695,5.732714717334475,5.172636115428486,5.224909750593889,18029034
2011-08-29,5.533576011657715,5.8746012164180765,5.401645837603998,5.463877339803875,13427118
2011-09-05,5.080533981323242,5.546021167415747,5.080533981323243,5.466365619325783,18527943
2011-09-12,5.677950382232666,5.677950382232667,4.670307115038424,5.008345692496571,23387458
2011-09-19,5.0556416511535645,5.610741800033893,4.836589247318626,5.426538485582148,15569707
2011-09-26,5.511171817779541,5.717778585835084,4.942132101603873,4.963539396792444,16372979
2011-10-03,5.336925983428955,5.491258647941019,4.988432631743279,5.349371594199691,17511890
2011-10-10,5.583359718322754,5.794944435350459,5.292118471900753,5.356839186596641,12978777
2011-10-17,5.483790874481201,5.702844275693309,5.2000182245708855,5.633145600515127,12733336
2011-10-24,5.324480056762695,5.613231137815815,5.207485205538754,5.513661816501892,15773575
2011-10-31,4.8699445724487305,5.321989979205528,4.724573107373467,5.282162450378008,21505620
2011-11-07,4.654874324798584,5.003367655589306,4.281488296676627,4.819164354446109,25882896
2011-11-14,4.3686113357543945,4.699182266111704,4.198845520081622,4.672796529943507,20007703
2011-11-21,4.1679792404174805,4.362637262507678,3.9902474247899353,4.362637262507678,22868968
2011-11-28,4.686736583709717,4.858991635196263,4.214279063788616,4.2356868535141965,20217966
2011-12-05,4.376079559326172,4.953582639206753,4.22473397214356,4.803232740197351,27211792
2011-12-12,4.026093006134033,4.394002007140262,4.002693595099306,4.366122737905288,17661476
2011-12-19,4.189386367797852,4.189386367797852,3.8832100518971018,4.018127024581663,14690617
2011-12-26,4.21627140045166,4.259085999797725,4.030076200431691,4.189387322388282,7384780
2012-01-02,4.046504974365234,4.455735071578167,4.019123054357603,4.250622301940738,16653293
2012-01-09,4.166983604431152,4.281488237842746,3.9469347926091225,4.077868773458883,13948596
2012-01-16,4.04451322555542,4.354173974275276,3.920548815578948,4.134623744848502,21688740
2012-01-23,4.281487464904785,4.351186117522454,3.9434491720586466,4.057954523439647,22020263
2012-01-30,4.7205915451049805,4.724076454756342,4.097286129899292,4.272528285794276,27469263
2012-02-06,4.686238765716553,4.871936101992703,4.63048022360579,4.719096970459248,19915925
2012-02-13,4.772365570068359,4.824141843766915,4.498052020859055,4.729550981709477,16126808
2012-02-20,4.510498523712158,4.810701007914062,4.40296369502274,4.808709631316618,23078632
2012-02-27,5.501214981079102,5.610741672943076,4.3551704240540365,4.438310392556424,41574421
2012-03-05,5.628165245056152,5.685417801712436,5.150232015189617,5.463876220493575,23756503
2012-03-12,6.3500447273254395,6.499398928204239,5.648079687738673,5.655547348539877,29391544
2012-03-19,6.073739051818848,6.4720177570346875,6.011508542721311,6.3824048390794905,16882705
2012-03-26,6.190733909606934,6.459571187206684,6.018976226566326,6.143437737659269,15423288
2012-04-02,5.58087158203125,6.280347568538553,5.389200098371935,6.25047642576663,20030507
2012-04-09,5.361816883087158,5.6779503184457445,5.284651054977893,5.580870235816414,18504190
2012-04-16,5.326968193054199,5.546021069542728,5.217442001023629,5.341904008154748,16974314
2012-04-23,5.523617744445801,5.560956541250396,4.990921155005716,5.257269203512079,17247256
2012-04-30,5.2149529457092285,5.648080271510178,5.177614145416607,5.570913450400587,21367151
2012-05-07,5.237356185913086,5.341904437890497,4.983453710334312,5.1377863752272255,17976710
2012-05-14,5.0207929611206055,5.177614860673342,4.804727112476787,5.127830443308963,24838311
2012-05-21,5.1252288818359375,5.467267411843658,4.948866099023296,5.352363673846782,23068662
2012-05-28,4.851598739624023,5.226772577517128,4.799225015694666,5.185621379088343,19764771
2012-06-04,5.312816143035889,5.3657248229657135,4.820601390041073,4.820601390041073,22494228
2012-06-11,5.337934494018555,5.437873641942548,5.025824605886514,5.424512863960241,23465644
2012-06-18,5.416496753692627,5.584843608153602,5.123091435441639,5.448562619831357,16390839
2012-06-25,5.335797309875488,5.665008465931511,5.157295201174512,5.355036830212262,23955970
2012-07-02,4.831290245056152,5.499333321086837,4.831290245056152,5.335796882700386,24665089
2012-07-09,4.826479434967041,4.909317302344349,4.65546044711301,4.852132653176524,20628004
2012-07-16,4.7644853591918945,5.119884673113822,4.730816729518056,4.800827201518195,19847197
2012-07-23,4.781587600708008,4.793879515429081,4.46840887639286,4.714783716354345,20458233
2012-07-30,4.462530612945557,5.029031313306604,4.318232885732433,4.826480328384288,36059844
2012-08-06,4.375417709350586,4.509026546545988,4.325715086588113,4.470546977300383,16677869
2012-08-13,4.684854984283447,4.729212762895273,4.341213429035409,4.387709196225828,15437212
2012-08-20,4.536282062530518,4.715318075798515,4.452375847034242,4.701422866506297,10021824
2012-08-27,4.497802734375,4.646376163943855,4.464133575546385,4.542694946146486,8377827
2012-09-03,4.949934482574463,4.956347655519138,4.479097530521811,4.494596031804774,20366747
2012-09-10,5.102782726287842,5.116677934056791,4.836099508872459,4.902370018541566,16403855
2012-09-17,4.865494251251221,5.09850833556631,4.837703832828777,5.081940442121202,18464581
2012-09-24,4.4871134757995605,4.871372019874739,4.4871134757995605,4.848390957541197,15262847
2012-10-01,4.451841354370117,4.617516058566064,4.410155991377852,4.462530505371184,12994793
2012-10-08,4.390916347503662,4.45077316339285,4.168591144618751,4.435808562958286,22285175
2012-10-15,4.549108028411865,4.684855109049453,4.310750708676302,4.3834336001154,21447990
2012-10-22,4.225241661071777,4.499941381128717,4.1755393008102715,4.486045642890997,23151278
2012-10-29,4.152558326721191,4.221500473857659,4.001313517973478,4.217759455798429,23037892
2012-11-05,4.222034454345703,4.4090866705918925,4.062772921049621,4.1402662274949185,25720552
2012-11-12,3.9425253868103027,4.259444895559672,3.942525386810303,4.241274501533726,19768631
2012-11-19,4.335334777832031,4.3818305459934805,3.9617645463796665,3.999709417280739,21679709
2012-11-26,4.467874526977539,4.56674534655851,4.221500446287774,4.3182330126610635,23606545
2012-12-03,4.553384780883789,4.692337414436135,4.442756470875072,4.4694785581329946,19690816
2012-12-10,4.756470203399658,4.889544622415213,4.529869272083109,4.5517814787440525,21951983
2012-12-17,4.917333602905273,5.00230920070003,4.7495217174555115,4.751124482057373,14068020
2012-12-24,4.836635112762451,4.9066461206164975,4.793345661869354,4.890612657823569,4103928
2012-12-31,4.873509883880615,5.009790854280075,4.796551286652435,4.812584217613254,9207147
2013-01-07,4.6527886390686035,4.895421375905846,4.604688790725057,4.85266689491822,18407963
2013-01-14,4.7997589111328125,4.878320818451658,4.537351631794483,4.702491913646711,23123120
2013-01-21,5.0562872886657715,5.175466488069329,4.827549707445958,4.837169467800556,24326152
2013-01-28,5.054149627685547,5.2374610937074495,5.018342741471029,5.0771306952157,17773474
2013-02-04,5.184017181396484,5.29090393195307,4.94726261394983,5.087284621924224,24886268
2013-02-11,5.010326385498047,5.244408814775433,4.866563349082187,5.192034562136229,19459455
2013-02-18,4.887404441833496,5.150346589146219,4.8259443526939005,5.003377017618736,15942390
2013-02-25,5.151951313018799,5.507350643927929,4.809912759847543,4.909318003449995,40210695
2013-03-04,5.678369045257568,5.766550697456223,5.094231676475607,5.1198843669723,24762374
2013-03-11,5.334193706512451,5.622254206714708,5.334193706512451,5.55544978530224,20987631
2013-03-18,5.360381603240967,5.488645611819721,5.264183464652806,5.280750302198225,16683264
2013-03-25,5.25777006149292,5.424513106792829,5.082474532052458,5.400463705348087,15547664
2013-04-01,5.132711410522461,5.384430030191804,5.102782742003949,5.257769338060754,15345300
2013-04-08,5.4913177490234375,5.55544948261348,5.079802620122661,5.159433384613298,18428204
2013-04-15,5.017808437347412,5.566139027263859,4.973985082960659,5.510023227786402,26403596
2013-04-22,5.416496753692627,5.493989263527889,5.007653260109567,5.007653260109567,20738921
2013-04-29,5.691729545593262,5.929552938057588,5.419167607816029,5.421839762946542,19887693
2013-05-06,5.469939708709717,5.798616941770492,5.416496599994994,5.67035295223885,16186515
2013-05-13,5.678369045257568,5.75051776589579,5.427184336345692,5.4779558149033365,19705900
2013-05-20,5.505588054656982,5.838566539924463,5.505588054656982,5.721279969221441,17061506
2013-05-27,5.49700403213501,5.650906500077215,5.446657126630609,5.490138545020773,20400449
2013-06-03,5.400315284729004,5.60685374892327,5.3242222259099705,5.48098533560337,16346572
2013-06-10,5.31220817565918,5.41233101910746,5.217807704674961,5.355690170617753,11358310
2013-06-17,4.984378814697266,5.459816688846355,4.979229132791077,5.34138645478445,19572930
2013-06-24,5.000970363616943,5.133131572452923,4.892265672693164,4.983233953860508,18623946
2013-07-01,4.91343355178833,5.111390123339162,4.869951568511024,5.081067555956938,17720689
2013-07-08,5.428349494934082,5.542202729148234,4.913433968396502,4.939751670620089,20437050
2013-07-15,5.665211200714111,5.688668285979776,5.440936317016561,5.453523611594839,14307750
2013-07-22,5.614862442016602,5.747023628963521,5.55421674264972,5.659488672165557,11595583
2013-07-29,5.875753402709961,5.901498981587699,5.618295916235324,5.620012288160506,13165808
2013-08-05,6.173261642456055,6.210449709926021,5.80995999998412,5.950131539938591,18859461
2013-08-12,6.236193656921387,6.310570331473385,6.1189076889157485,6.170398841060116,9882044
2013-08-19,6.565167427062988,6.865534782471403,5.99590066718656,6.236194438333474,24978508
2013-08-26,6.668149948120117,6.776854621827799,6.379225678505317,6.608076372218401,11635617
2013-09-02,6.897002696990967,7.1601808818189525,6.71106069008778,6.71106069008778,17299847
2013-09-09,7.357566833496094,7.371869935950541,6.825487460896222,6.8998635936593455,13298871
2013-09-16,7.317515850067139,7.612161954539159,7.314655230252812,7.426219968910655,13208096
2013-09-23,7.317515850067139,7.391892531138725,7.2030899256958945,7.2946308915525195,9277124
2013-09-30,7.494876861572266,7.549229214467704,7.165903255629786,7.237419330734566,8714382
2013-10-07,7.712285041809082,7.820988606422228,7.394753944737308,7.494876214885391,13339841
2013-10-14,7.706563472747803,7.978324656237519,7.615023626046966,7.6979821780187505,14115226
2013-10-21,7.426219940185547,7.637907503324176,7.243139140978612,7.61788316470134,14983977
2013-10-28,7.105827808380127,7.434801328506968,7.048614850040971,7.386170229033829,15845247
2013-11-04,7.111549377441406,7.534924496527679,6.951353539381482,7.131574281623193,21776227
2013-11-11,7.1544599533081055,7.246000360487797,6.959936092889532,7.100107606648647,9382300
2013-11-18,7.060058116912842,7.2717456902771636,6.891280974468412,7.12299232152376,10262262
2013-11-25,6.819764137268066,7.145877064297255,6.74824864090121,7.094385906913119,17671416
2013-12-02,6.4650444984436035,6.828346020640769,6.34203672265982,6.756829964052366,14880421
2013-12-09,6.430718421936035,6.568029324876024,6.367784210930277,6.465045864721454,11388687
2013-12-16,6.487930774688721,6.553725599661532,6.359202310601927,6.442160289433995,10273437
2013-12-23,6.722502708435059,6.739666428104696,6.465045215693198,6.476488261372055,3103567
2013-12-30,6.650986671447754,6.814043126908912,6.608076809847899,6.722502164282426,4821057
2014-01-06,6.811182498931885,6.8626736537103765,6.636683564828889,6.665289761928052,9459057
2014-01-13,6.974239349365234,7.197369397078713,6.845510323326935,6.865534662430955,12413132
2014-01-20,6.86553430557251,7.208810935966277,6.822624443823761,6.9828202801273935,9376348
2014-01-27,6.671011447906494,6.888419692211576,6.573749805359579,6.845510393690477,11999195
2014-02-03,6.80259895324707,6.959934143171264,6.630960667129579,6.705337333233686,13009243
2014-02-10,6.942771911621094,7.002845494371458,6.7797154483694495,6.822624746120367,9654742
2014-02-17,7.374728679656982,7.42049859586329,6.951353559354259,6.968517277931624,13510469
2014-02-24,7.843873023986816,7.926831561674245,7.260302640457973,7.403334192199053,23761975
2014-03-03,8.155682563781738,8.167125042266168,7.652210115072622,7.7780785101994185,14647507
2014-03-10,7.966881275177002,8.261526821149111,7.798103570095177,8.135658980258826,13385177
2014-03-17,8.14138126373291,8.210037286372726,7.952579748019814,7.952579748019814,10652194
2014-03-24,8.318739891052246,8.395977194864539,8.081306739769946,8.115634744741573,11414681
2014-03-31,8.235782623291016,8.490379533552014,8.152824066781271,8.347347383459576,11253689
2014-04-07,8.155682563781738,8.395976309651868,8.018372256069547,8.169985661887276,9091774
2014-04-14,8.207175254821777,8.24436331430029,7.8724804559187636,8.087028084708383,9521983
2014-04-21,8.089888572692871,8.31015800370797,8.03839741425494,8.207175120933014,7449230
2014-04-28,8.047966003417969,8.628622567320477,7.990803273546414,8.55340844906843,8322758
2014-05-05,7.873468399047852,8.147249586817018,7.683927027361986,8.047966351266982,15047883
2014-05-12,8.044957160949707,8.21343797035002,7.849398674747348,7.8945277393066915,14194046
2014-05-19,8.31873893737793,8.333781761611977,7.930631096308792,8.072034834441123,9208701
2014-05-26,8.436073303222656,8.493236628727605,8.23750683908186,8.339798635906932,10591963
2014-06-02,8.502262115478516,8.571459698313271,8.366876109656358,8.47217646866606,9057409
2014-06-09,8.767017364501953,8.815153799713743,8.469167108374842,8.493235623563763,9783792
2014-06-16,8.818163871765137,8.887361455259772,8.622605975287088,8.70082925291153,9365427
2014-06-23,8.571459770202637,8.932489915644517,8.529339269145822,8.821172426338697,12598514
2014-06-30,8.22848129272461,8.57146006158709,8.165300836574644,8.541373818333415,12977588
2014-07-07,7.747108459472656,8.25856812105073,7.683927994293519,8.234499599141047,12273390
2014-07-14,7.972751140594482,7.975759705268185,7.735072745873634,7.7832097806528795,8226035
2014-07-21,8.008854866027832,8.189369349599167,7.876476824198417,7.987794317214425,7884113
2014-07-28,7.6959614753723145,8.213438174969923,7.680918056700361,8.029914537866437,9180340
2014-08-04,7.437222480773926,7.795244029837292,7.3198872772689825,7.714012194782355,9545902
2014-08-11,7.653842449188232,7.789228471466408,7.467309630779829,7.512438106483827,6505639
2014-08-18,8.008854866027832,8.0690261621629,7.596677916505821,7.753125071955397,7761588
2014-08-25,8.408994674682617,8.48420937488959,8.020886916841196,8.111145033222375,11655629
2014-09-01,8.679769515991211,8.715872295884623,8.366876971416474,8.424039706247708,9405293
2014-09-08,8.568449974060059,8.721887942370973,8.496244431481774,8.664724625997135,5947603
2014-09-15,8.535357475280762,8.601546497723719,8.309712728899777,8.529339750362176,9472898
2014-09-22,8.174324989318848,8.586501266212135,8.011861925120625,8.532347109868068,9870876
2014-09-29,8.192378044128418,8.54137332738231,8.056990850018035,8.177335220949299,13782465
2014-10-06,7.873468399047852,8.318738974176032,7.756133774337107,8.24051569264682,13969251
2014-10-13,7.711004734039307,7.933639724822113,7.2145879593352,7.795245145592133,14673577
2014-10-20,7.915587425231934,8.05097401918642,7.599685769448854,7.707995282678874,9807988
2014-10-27,8.023898124694824,8.060000904331456,7.617738877951888,8.002837574740623,11945759
2014-11-03,8.472176551818848,8.544382104877423,7.921605638750516,7.999828321230639,13936268
2014-11-10,8.258566856384277,8.54137373101439,8.19237843126834,8.475185305898455,9517254
2014-11-17,8.571459770202637,8.71286290657324,8.189369076649292,8.213438189467235,11662176
2014-11-24,8.82418155670166,8.857275770594361,8.544382640398752,8.595528838853625,10952736
2014-12-01,8.8512601852417,8.872320141795694,8.598538921095123,8.779053429581287,10510020
2014-12-08,8.442089080810547,8.926471499740655,8.427046259446138,8.812145462205127,12947049
2014-12-15,8.88435173034668,8.96257500299619,8.147248661962637,8.427046947690071,20992210
2014-12-22,8.971601486206055,9.025755648714703,8.827189195850814,8.914438163947503,3203628
2014-12-29,8.836215019226074,9.022747811657162,8.727906097453838,8.965583893393948,4934703
2015-01-05,8.845239639282227,9.010711864062959,8.448106775941293,8.79108548255357,14180115
2015-01-12,9.389795303344727,9.4379329367699,8.715872006389215,8.893379120467811,19144948
2015-01-19,9.78091049194336,9.970451853418425,9.386786135835237,9.407846088721541,16122861
2015-01-26,9.78091049194336,9.934349077041906,9.573318337446148,9.747816875430996,13531544
2015-02-02,9.795955657958984,10.03965063230195,9.561285784153894,9.792947092724287,14731111
2015-02-09,9.886210441589355,9.919305245069241,9.56730083052154,9.729763902864589,12738527
2015-02-16,9.982486724853516,10.021598068328412,9.702688405265432,9.883204083724936,8885617
2015-02-23,10.469878196716309,10.469878196716309,9.868160470648844,10.024607031813094,18833457
2015-03-02,10.241225242614746,10.623315964230503,10.06672728649087,10.515006436510323,19132191
2015-03-09,10.40970516204834,10.48191071401677,10.111855474680238,10.205121574472237,15198160
2015-03-16,10.536067962646484,10.599248427144433,10.358560829977732,10.439792685713318,18757321
2015-03-23,10.873027801513672,10.909130577863147,10.478902850534677,10.524031916137632,17605099
2015-03-30,10.602254867553711,10.933199373161886,10.518015053931686,10.891079466350874,10145112
2015-04-06,11.327323913574219,11.327323913574219,10.602254473896728,10.602254473896728,11045336
2015-04-13,11.42660903930664,11.577038487634937,11.19795689682048,11.312283563229764,10361109
2015-04-20,11.77259635925293,11.787638589056714,11.351393689097137,11.435634699261232,11479061
2015-04-27,11.38448715209961,11.838783388267407,11.197954954211697,11.787637194255385,10981376
2015-05-04,11.566988945007324,12.30962253638841,11.064618182236053,11.879020259977098,15995306
2015-05-11,11.838458061218262,11.950789700853345,11.476502064604427,11.591953376002188,10763109
2015-05-18,12.006952285766602,12.103681841893119,11.607551673323945,11.841576385933843,7306286
2015-05-25,11.804134368896484,12.100564915755658,11.769811806525208,12.044398478174061,9588735
2015-06-01,11.588831901550293,12.091202731712706,11.576351980575701,11.875900947357385,11875057
2015-06-08,11.548269271850586,11.791653049551705,11.173832120986225,11.595074224342559,12959574
2015-06-15,11.323604583740234,11.47962024959665,10.964769539898924,11.429695631573976,12089440
2015-06-22,11.97262954711914,12.053758285880166,11.520184610292063,11.607552691765642,11852851
2015-06-29,11.582592964172363,11.8103746774835,11.35168911007078,11.426577280291944,12276743
2015-07-06,11.900861740112305,11.944547013360644,11.098942045473999,11.367289323781014,12377369
2015-07-13,12.390750885009766,12.48123987378608,11.981991217081676,12.010073197868257,10444358
2015-07-20,12.749588012695312,12.893122535677012,12.178570826915605,12.450037811214866,10227541
2015-07-27,12.684059143066406,12.836955123604522,12.493720936965383,12.705901778724837,12497341
2015-08-03,12.9461669921875,13.245715934335138,12.368909276435602,12.743346380021817,14248463
2015-08-10,12.752708435058594,13.13650580445163,12.540527564782382,12.999213098972417,9893820
2015-08-17,11.985109329223633,13.155225453738183,11.985109329223633,12.849434734525042,10764519
2015-08-24,12.278421401977539,12.318985774994216,11.123907100373396,11.701163633907633,17210644
2015-08-31,11.997591018676758,12.328344058811211,11.704282673952891,12.231614500949432,12001516
2015-09-07,12.38451099395752,12.659097619535874,12.003832089132477,12.072479671428708,8394081
2015-09-14,12.749588012695312,12.97737095268491,12.3845123620182,12.406353766905202,15614974
2015-09-21,12.802632331848145,12.974248821268153,12.250336931502002,12.749586808642409,11543398
2015-09-28,12.73710823059082,13.036658464371067,12.328347256992645,12.73086765215939,14107552
2015-10-05,12.459397315979004,13.033534082170076,12.400111219422637,12.952406584196154,14080735
2015-10-12,12.76830768585205,12.799510569610199,12.119284000076181,12.503081322104597,12981518
2015-10-19,13.329963684082031,13.367408380214313,12.680939979464611,12.765187150789629,10271017
2015-10-26,13.214513778686523,13.498461910695143,13.089700992412357,13.292521615790925,7913157
2015-11-02,13.816732406616211,14.153726030501423,13.133383676166531,13.170828372348053,11675716
2015-11-09,13.38300895690918,13.851055921789197,13.320603188739366,13.788648919083911,7163000
2015-11-16,13.932182312011719,13.963385193614227,13.177067639089506,13.270676283897032,8315275
2015-11-23,14.28477954864502,14.340944741773999,13.514062731965314,13.913462129953533,8637063
2015-11-30,13.65759563446045,14.266057432335538,13.535903768699622,14.16308606257663,10324702
2015-12-07,13.18331241607666,13.847938326857081,13.183312416076658,13.654479164743263,8917798
2015-12-14,13.445414543151855,14.135003827507228,13.248835758809074,13.52966294630889,16021785
2015-12-21,13.342445373535156,13.579589775571815,13.042896434201001,13.457897903229608,5470617
2015-12-28,13.769930839538574,13.891623971538161,13.261320607764988,13.34556903439927,5514423
2016-01-04,13.202032089233398,13.592071258970723,12.9929708967285,13.45789822901389,11379655
2016-01-11,12.84943675994873,13.735606174605179,12.758949003217097,13.180189837431696,13000874
2016-01-18,13.26131820678711,13.289400187557058,12.687181387742163,12.811992934576557,11869608
2016-01-25,13.851056098937988,13.85105609893799,13.064738471799801,13.305001299594172,9369319
2016-02-01,13.348687171936035,14.147485988744219,13.295641648663098,13.885379278235845,10439525
2016-02-08,12.612293243408203,13.42045356574376,12.4125935336478,13.36428836958678,13417942
2016-02-15,13.301881790161133,13.367408465642018,12.8244745654124,12.861918027248477,7553946
2016-02-22,12.908723831176758,13.607673436789653,12.830714762021755,13.417333974648312,11599460
2016-02-29,12.830714225769043,13.127144725655029,12.709022354518762,12.918083540086895,11219381
2016-03-07,12.927443504333496,12.971127539092668,12.565486369865619,12.821352471097262,13357057
2016-03-14,12.949285507202148,13.074098275430606,12.75270672436793,12.99609044960475,10747400
2016-03-21,12.699663162231445,13.033535918111445,12.6840611008479,12.921204285942578,5251986
2016-03-28,12.93056583404541,13.3330861805739,12.699663225447638,12.699663225447638,9978678
2016-04-04,13.083459854125977,13.148985292529884,12.721502700142954,12.927444201324722,8208823
2016-04-11,13.414212226867676,13.429814286626677,12.968007885279304,13.099061236741269,8365336
2016-04-18,13.142746925354004,13.560869340207331,12.97113041914178,13.28004087104518,9019295
2016-04-25,13.389250755310059,13.520304114958945,13.086580900268817,13.114662881239589,8759369
2016-05-02,12.940252304077148,13.544304657905727,12.655993801239076,13.437706281568866,11866263
2016-05-09,12.911179542541504,13.111452930806543,12.74320810754181,12.962862667766053,8309197
2016-05-16,12.675370216369629,13.066226948787499,12.332967040817202,12.856262387716972,11420863
2016-05-23,13.04361629486084,13.04361629486084,12.523551727798083,12.630148797096414,8210854
2016-05-30,13.124372482299805,13.340797465927475,12.888566328529032,13.017775407502844,8149665
2016-06-06,12.914410591125488,13.379561281903008,12.869186577783838,13.124373929843424,7494453
2016-06-13,12.471870422363281,12.833653576962876,12.33620094062599,12.778740895420558,11153235
2016-06-20,11.925962448120117,13.159905958222394,11.770911800806443,12.64630044936713,17800914
2016-06-27,12.520322799682617,12.688294235845493,11.635242883983599,11.88396984287901,11698832
2016-07-04,12.33942985534668,12.610768804712837,12.058402237534347,12.559084404154618,8344248
2016-07-11,12.500941276550293,12.630150364898013,12.245753934122993,12.378192578718965,8402989
2016-07-18,12.52678394317627,12.655991751714952,12.384654075763851,12.488020322594798,7026983
2016-07-25,12.830422401428223,12.966091866043833,12.510631187422646,12.539702302683313,8019235
2016-08-01,12.920867919921875,13.311724702002165,12.655990657302665,12.982243540700162,8251868
2016-08-08,12.930560111999512,13.114683154062597,12.775509465530558,12.985474069001826,6199877
2016-08-15,12.36527156829834,13.004853985511483,12.316818006322265,12.95317086768086,4914927
2016-08-22,12.497712135314941,12.58492804919236,12.34266147975287,12.365273486321064,5256318
2016-08-29,13.011314392089844,13.027466005442694,12.316818022272432,12.449256650894775,11302951
2016-09-05,13.314957618713379,13.550762524800794,13.024237473125945,13.069460209277782,12244496
2016-09-12,12.895027160644531,13.314956362200498,12.823962867683592,13.117912541960868,9912934
2016-09-19,13.114683151245117,13.405401995044576,12.940250055737648,12.97255328551079,12669585
2016-09-26,13.243890762329102,13.450624528511602,12.988703430223557,13.082379727932183,9973816
2016-10-03,12.62369155883789,13.243892960315417,12.581698376200649,13.211591003679095,10181504
2016-10-10,12.704445838928223,12.801352977318576,12.423416926824089,12.655992269733048,7477732
2016-10-17,12.846575736999512,12.93056081614962,12.639841956456241,12.681833857021335,6329390
2016-10-24,12.8562650680542,12.99516410054187,12.604308564656113,12.862725458448514,8419388
2016-10-31,11.418818473815918,12.9176392502452,11.334833399766277,12.81427172724118,18319347
2016-11-07,10.982738494873047,11.493113143194023,10.659716436136247,11.444659578779543,22509981
2016-11-14,10.595113754272461,11.082876454498384,10.48851666711143,11.018272546528044,22273213
2016-11-21,10.527277946472168,10.86322078995846,10.385148724311748,10.620954242558549,14485988
2016-11-28,10.094429016113281,10.724322192382472,10.042745892897713,10.582192325519797,18202728
2016-12-05,10.262399673461914,10.343155186428161,9.945838650523317,10.091198701664538,19664322
2016-12-12,10.08150863647461,10.368997937830828,9.829551483742994,10.272092077945542,21917479
2016-12-19,10.301162719726562,10.417451024222066,10.068588027765337,10.087969198844611,13663529
2016-12-26,10.449753761291504,10.465904737416958,10.278551497331884,10.30116286390752,5513993
2017-01-02,10.1008882522583,10.68555798989208,10.08473791710891,10.456212239801186,12683092
2017-01-09,9.919998168945312,10.191336509435542,9.70680462578798,10.191336509435542,16477331
2017-01-16,9.997523307800293,10.165494099742638,9.82309148635061,9.932918763816351,11765372
2017-01-23,10.31408405303955,10.433601912703628,9.98137139625992,10.033055157714882,15453049
2017-01-30,10.14934253692627,10.333464933480853,9.93614774580366,10.30439317792273,14973706
2017-02-06,10.5240478515625,10.56927058299534,9.99106182561598,10.239788765526338,13644859
2017-02-13,10.336695671081543,10.611264821803532,10.310854109229096,10.53373885822632,12309844
2017-02-20,9.771406173706055,10.501434657206032,9.693880861022118,10.398068425640567,23462452
2017-02-27,10.504666328430176,10.595112427270555,9.748795587767676,9.819860516644379,20494398
2017-03-06,10.37222671508789,10.559579935614714,10.155802379579988,10.465903644856237,14817635
2017-03-13,10.465904235839844,10.530508137245526,10.27855100473365,10.394839305283687,12043488
2017-03-20,10.847068786621094,10.866449956355712,10.4271408863315,10.430371720297153,13099224
2017-03-27,11.344522476196289,11.344522476196289,10.740471555326078,10.79215595187426,15109608
2017-04-03,11.23792552947998,11.405896944574415,11.102256063822983,11.370364161183353,10333563
2017-04-10,11.040884017944336,11.25730773816035,10.93105610170048,11.231466176225295,10701999
2017-04-17,11.40589714050293,11.412357530501394,10.837378986578845,11.040883188560102,16620109
2017-04-24,11.801770210266113,11.967562949270546,11.60214101632437,11.842372349775871,17820519
2017-05-01,12.708556175231934,12.711940356062735,11.6968802152958,11.801769740863731,16710121
2017-05-08,12.925104141235352,12.925104141235352,12.549532302715738,12.789763661775664,16428455
2017-05-15,13.087515830993652,13.114583930558217,12.745779065971771,12.925105894926762,13849407
2017-05-22,13.432633399963379,13.63226125339237,13.128114679078829,13.128114679078829,14020055
2017-05-29,13.10443115234375,13.540907507588928,12.958939480155093,13.436016637051033,15609389
2017-06-05,13.036760330200195,13.348046101339857,13.002925211310945,13.087513677873712,11657080
2017-06-12,13.019844055175781,13.371731985606354,12.799913763986837,13.013077031078245,13591500
2017-06-19,12.921721458435059,13.148418772353349,12.715325216686855,13.128116361503924,9993747
2017-06-26,12.519081115722656,13.172103671361784,12.4852459929112,12.945406340505874,12946916
2017-07-03,12.793147087097168,12.810065317139845,12.431109280034207,12.583367995700767,9151220
2017-07-10,13.128116607666016,13.229623309099106,12.820216337973362,12.823599180725472,8482767
2017-07-17,12.938637733459473,13.185636107792662,12.898035591051647,13.128115736708603,7027870
2017-07-24,12.63750171661377,13.080745066981496,12.549530418175463,12.965704338036899,10506148
2017-07-31,12.898036003112793,13.084131169779534,12.5292311897737,12.576600357429495,11732963
2017-08-07,12.789764404296875,12.925104891613874,12.728859846324825,12.925104891613874,9177310
2017-08-14,13.18225383758545,13.38188171576394,12.810064838662875,12.810064838662875,8476478
2017-08-21,13.212705612182617,13.253307758921634,13.043528662090628,13.134884161593126,5747844
2017-08-28,13.371731758117676,13.45293604590661,12.992775737744006,13.165335518635152,8582446
2017-09-04,13.510456085205078,13.584893347171988,13.20932151741091,13.276991755562648,8989976
2017-09-11,13.351428985595703,13.635645295335593,13.24653811920932,13.540906971648681,11124845
2017-09-18,13.114583969116211,13.490157198377519,12.854051502022035,13.419102767471879,11013238
2017-09-25,13.229622840881348,13.246539731401905,13.019843759935371,13.094281023320315,7346059
2017-10-02,13.334513664245605,13.446170239404973,13.12135172015929,13.216090064491109,7493912
2017-10-09,13.439400672912598,13.513837929380136,13.348045188817386,13.36834625876308,6304534
2017-10-16,13.584893226623535,13.72361788294324,13.28375866150155,13.486770712834582,8954655
2017-10-23,13.716853141784668,13.821741347867288,13.361581023494558,13.584894161460129,9479209
2017-10-30,13.855578422546387,13.913097461636083,13.591661788864343,13.716853750523972,7420748
2017-11-06,14.23453426361084,14.298820326275605,13.83189296383168,13.858961061517771,11776609
2017-11-13,14.187164306640625,14.346190041075534,14.028137233526381,14.234533474966867,9861196
2017-11-20,14.237915992736816,14.339422689798829,14.045055142470023,14.18039562031363,8490079
2017-11-27,14.264986038208008,14.535669708253993,14.139795409750521,14.224383889304956,9957699
2017-12-04,14.434161186218262,14.630406219972363,14.217615080559872,14.359723922569207,9811682
2017-12-11,14.160094261169434,14.434160731257805,14.007835557346766,14.434160731257805,13070053
2017-12-18,14.53905200958252,14.576271314029897,14.231150383854551,14.23791740841958,10008093
2017-12-25,14.396943092346191,14.60672217212203,14.366490815428008,14.539050594379326,2654842
2018-01-01,14.813117027282715,14.846952146715457,14.217614909228496,14.396943050241,7422742
2018-01-08,13.933398246765137,15.083801762294964,13.831892881049784,14.813118109695216,12831928
2018-01-15,14.251450538635254,14.359724263373808,13.804824268782339,13.87249451006934,10501180
2018-01-22,13.845425605773926,14.528900357614235,13.750687273499421,14.23791565969828,15482847
2018-01-29,13.486771583557129,13.886028688244597,13.364963809421537,13.83865951890051,11477075
2018-02-05,12.986006736755371,13.510455754990582,12.745776727848616,13.41571608521443,14866278
2018-02-12,13.263458251953125,13.395415891101102,12.989391768178402,13.070597395970548,9997289
2018-02-19,13.615345001220703,13.723617377313543,12.989390641556668,13.189019842996686,11565130
2018-02-26,12.867587089538574,13.80482607827064,12.816833732581076,13.662717214261452,10620681
2018-03-05,13.385266304016113,13.463087752048471,12.793146998150595,12.847283192023758,9898281
2018-03-12,13.185636520385742,13.676249103196973,13.02999496961888,13.567976720054807,14862520
2018-03-19,12.725476264953613,13.178869548511507,12.59013444681183,13.16195265791836,10259276
2018-03-26,13.023224830627441,13.097663422563587,12.566447429852502,12.755925413185842,6843091
2018-04-02,13.080747604370117,13.16872025855238,12.830366367720996,13.023227228740081,6836750
2018-04-09,12.95217227935791,13.189019433384448,12.688255693469626,13.07059585637118,8849888
2018-04-16,13.063830375671387,13.226238953944152,12.884502229142857,12.958940832863886,7542309
2018-04-23,13.327746391296387,13.341280440234447,12.942023319202791,13.026611794405387,7741613
2018-04-30,13.777754783630371,13.845425018097,13.08074601390721,13.337895582238838,13308362
2018-05-07,14.014602661132812,14.061971827686927,13.777755489682958,13.777755489682958,9288354
2018-05-14,14.071028709411621,14.127453501133553,13.63726103014155,14.056922511481137,11133983
2018-05-21,14.042818069458008,14.247359360297567,13.947600523885386,14.092191163660091,8053091
2018-05-28,13.693685531616211,14.113348399332551,13.65842003753748,14.0957149546573,14539430
2018-06-04,13.464457511901855,14.018130643535986,13.400979623575141,13.76421629968563,8026129
2018-06-11,13.795957565307617,13.961706101972313,13.429193599040627,13.482092543175117,11054811
2018-06-18,13.016582489013672,13.852379494132347,12.889625328425389,13.806533659021074,12005306
2018-06-25,12.928418159484863,13.087113564920601,12.720349671906403,12.907258865111542,10456873
2018-07-02,13.55614948272705,13.559675334518714,12.794409225288254,12.836727818418902,11619098
2018-07-09,13.612574577331543,13.753637952853305,13.295182331225533,13.471511201809783,9035771
2018-07-16,13.630208015441895,13.651367312468434,13.36571470970246,13.580836322379975,8857095
2018-07-23,13.820640563964844,13.887644294695841,13.224648922936215,13.577306599620263,11001253
2018-07-30,13.372767448425293,13.901754045652332,13.228178225003536,13.806535118690562,12387266
2018-08-06,12.928418159484863,13.393925426241234,12.847306833417976,13.393925426241234,8457860
2018-08-13,12.752090454101562,13.009530651626068,12.621607429468092,12.903732775004912,7710911
2018-08-20,12.76266860961914,13.04479533285416,12.706243823080806,12.801461348000082,8018551
2018-08-27,12.808516502380371,12.98837263124989,12.762670658322818,12.88962784368531,7908825
2018-09-03,12.505228042602539,12.861412984824014,12.427643963504195,12.75561511805464,9701156
2018-09-10,12.417064666748047,12.685083782318824,12.417064666748047,12.480542547871538,11259792
2018-09-17,12.346532821655273,12.55812716307466,12.120832283826038,12.43117139538602,14735200
2018-09-24,12.124360084533691,12.381798878411795,12.007981865927567,12.353586484303056,10032980
2018-10-01,12.10672664642334,12.350060638636238,11.930397787886895,12.13141318891626,10652338
2018-10-08,11.701170921325684,12.304215043408929,11.690591273320981,12.06440829336394,12107660
2018-10-15,11.888079643249512,12.071461607204833,11.581267752736686,11.708224926327837,11982844
2018-10-22,12.025617599487305,12.198420639211577,11.729386009673098,11.95156074848774,9183854
2018-10-29,12.388853073120117,12.833201060148784,11.933924740920244,11.933924740920244,11210561
2018-11-05,13.323395729064941,13.39392671710691,12.402958661122497,12.40648590816048,12329834
2018-11-12,13.044795036315918,13.323394506423247,12.826147598178558,13.312814161551987,11985101
2018-11-19,13.125907897949219,13.263444025731815,12.963685226094134,13.07653480980424,8350671
2018-11-26,13.242284774780273,13.485617388136257,13.087115201368125,13.164700685710105,7831623
2018-12-03,12.699193000793457,13.520885380749407,12.63571510456092,13.33045029677987,10779250
2018-12-10,13.0589017868042,13.147066215143395,12.388853247643674,12.628659990428472,10808556
2018-12-17,12.76266860961914,13.266968627484689,12.72035001971539,12.956630906252176,15786517
2018-12-24,12.533441543579102,12.85788544402236,12.272475524582473,12.776774120093645,4287037
2018-12-31,12.607500076293945,12.674503810704149,12.350059902367578,12.586340781963624,5399262
2019-01-07,12.498177528381348,12.886100751308769,12.459384787507076,12.674504997646753,9796991
2019-01-14,12.931943893432617,12.97778972846082,12.34300671721284,12.385325305575046,7382738
2019-01-21,12.741510391235352,12.998950594475902,12.695665945935259,12.910786160424642,7437508
2019-01-28,13.143538475036621,13.178803965994538,12.603972975201385,12.625132269776135,8092795
2019-02-04,13.094168663024902,13.37982127360228,12.85436189489462,13.129434159033496,10925463
2019-02-11,13.464457511901855,13.534988498931536,13.132960477590599,13.143539428009175,8367362
2019-02-18,13.827693939208984,14.162718180674132,13.379818736642267,13.464455911014756,10470801
2019-02-25,13.65489387512207,14.085134288366572,13.513829111472765,13.834748588467864,11353089
2019-03-04,13.88764476776123,13.982862287898529,13.542041572299016,13.542041572299016,8347178
2019-03-11,14.141563415527344,14.183882016264954,13.838277319697065,13.933494868992707,8071647
2019-03-18,14.081607818603516,14.353154197821098,14.028708883374806,14.113347458795078,8429507
2019-03-25,14.056923866271973,14.141562457284051,13.905281526268253,13.98286562236338,7231308
2019-04-01,14.423686027526855,14.451898422564962,14.042815903968899,14.127453089083218,7940283
2019-04-08,14.430737495422363,14.522427768933996,14.141559083690995,14.388418907647763,7761956
2019-04-15,14.84687328338623,15.030255228369255,14.423684608893595,14.423684608893595,10157117
2019-04-22,14.966779708862305,15.058469998194866,14.818663230822477,14.846875627540188,6336631
2019-04-29,15.1219482421875,15.220691623883063,14.81866220786477,14.952672478294785,7764136
2019-05-06,14.600014686584473,15.255957047816498,14.522429206048379,15.016150298091302,11081826
2019-05-13,14.824859619140625,15.57016041505195,14.570275980247219,15.488989518196648,11331069
2019-05-20,15.046236991882324,15.090512028707378,14.673586575605928,14.839618693588388,8225948
2019-05-27,15.282367706298828,15.407815068654147,15.060991124324493,15.060991124324493,7692776
2019-06-03,15.747261047363281,15.83581257100448,15.171681252914476,15.25285360456698,9442742
2019-06-10,15.680848121643066,15.776777355184743,15.481609022971998,15.717743980697557,6326956
2019-06-17,15.880086898803711,16.06456765011796,15.5849171127902,15.71036449081246,11230944
2019-06-24,15.806295394897461,16.071947038063126,15.651331328143822,15.924362143070287,7979148
2019-07-01,16.367116928100586,16.536839354550814,15.791537096573396,16.02029290273607,7803718
2019-07-08,16.669662475585938,16.7582139943959,16.263806578573718,16.308081608090312,8012758
2019-07-15,16.898420333862305,16.972213518580233,16.470426869427705,16.6327701240748,6681641
2019-07-22,16.957454681396484,17.00172971507597,16.38925403651233,16.85414480970077,8967370
2019-07-29,16.389253616333008,17.134555836604342,16.15311864965274,16.99435010710358,12716703
2019-08-05,16.167877197265625,16.381874650366314,15.747261463247833,16.3154621007141,9786404
2019-08-12,16.182636260986328,16.36711703355327,15.850572038187394,16.26380861839088,8681362
2019-08-19,15.909603118896484,16.352356325156116,15.909603118896484,16.322839639375704,6870713
2019-08-26,16.049808502197266,16.057187673488837,15.717742874523141,15.872706931422847,7237382
2019-09-02,16.43352699279785,16.88366082430108,16.042429451624866,16.071946137013263,10139860
2019-09-09,15.976017951965332,16.485185233993594,15.636574557056777,16.41139204918803,13676926
2019-09-16,16.64752769470215,16.787733437639535,15.894847689983829,15.94650189956923,12161698
2019-09-23,16.972211837768555,16.972211837768555,16.52207944065274,16.640146188865774,7550899
2019-09-30,16.529460906982422,17.23048670114188,16.271188399637044,16.94269750264583,8733897
2019-10-07,17.112417221069336,17.112417221069336,16.52945828401892,16.581112485335886,8102803
2019-10-14,17.031246185302734,17.370691025369933,16.94269611908184,17.060762874043032,8235041
2019-10-21,16.97959327697754,17.07552252271097,16.787733325733672,17.07552252271097,6558411
2019-10-28,17.28213882446289,17.466619581662222,16.71393966884794,16.972212145016265,6901509
2019-11-04,16.824628829956055,17.311657140518754,16.662287032953135,17.28214045015459,9101647
2019-11-11,16.898420333862305,17.00910938105072,16.6327701240748,16.75083688398036,6424531
2019-11-18,16.86152458190918,17.1788304335415,16.750835543578106,16.86152458190918,7339801
2019-11-25,17.149311065673828,17.26737779767912,16.8098662916054,16.868901117384652,6546354
2019-12-02,16.94269561767578,17.260001472020445,16.654906451197892,17.164072236453432,8009576
2019-12-09,17.200965881347656,17.378067445520077,16.854141924019306,16.942693435993846,8568997
2019-12-16,17.584686279296875,17.643719649394498,17.156691426535676,17.25999982420652,9464326
2019-12-23,17.614206314086914,17.761791227174307,17.459243688110988,17.614206314086914,2302911
2019-12-30,17.74703025817871,17.783927578863494,17.45924254309714,17.5773092980024,3889980
2020-01-06,17.968406677246094,18.049577563717733,17.14193363042784,17.673236897795714,7958585
2020-01-13,18.927705764770508,18.986739139724527,17.887235232321757,18.07909516069915,8612913
2020-01-20,19.916521072387695,19.916521072387695,18.839154735863158,18.98673816567696,9087043
2020-01-27,19.68776512145996,19.842727721387504,19.5401802331808,19.739419321435808,10268650
2020-02-03,20.034589767456055,20.167414857546625,19.5180433711068,19.680386607660953,8822002
2020-02-10,20.69871711730957,20.757750483610323,19.879623320780173,20.049344248894833,9797605
2020-02-17,21.15622901916504,21.466155657784736,20.661820187871193,20.757750869670684,11374732
2020-02-24,19.134321212768555,20.883197825648544,18.88342794646757,20.787267145730258,22451413
2020-03-02,19.894386291503906,21.163612720961208,18.94984491202708,19.14908402942892,19660804
2020-03-09,13.485529899597168,19.097429045224025,13.08705168099918,18.514470061736088,35320749
2020-03-16,13.45232105255127,14.389483093069783,11.817823684760222,12.810328779345214,24132868
2020-03-23,13.965178489685059,14.511241591709556,12.219992650428102,13.216187429743975,15180967
2020-03-30,13.07229232788086,15.26761121698421,12.932086607036865,14.094314168340006,12776170
2020-04-06,14.190245628356934,14.312002696822884,13.30842800117842,13.356393349294358,7888561
2020-04-13,14.669894218444824,15.230715652871941,13.614665355365691,14.190245133347984,10942007
2020-04-20,13.802833557128906,14.82485677280912,12.913638339445006,14.758442773810964,12083173
2020-04-27,14.37841510772705,14.928167068522951,13.843421490860111,14.131212117028538,7456515
2020-05-04,14.489103317260742,14.533378346512238,13.721663637794403,14.138589019577815,7445741
2020-05-11,13.781414985656738,15.228502017764617,13.501089759106131,15.228502017764617,8763290
2020-05-18,13.72838306427002,14.527689883752833,13.51245574641485,14.016284655966482,8957475
2020-05-25,14.914085388183594,15.205775893801706,13.637467498656594,13.89127491362064,12883697
2020-06-01,16.652862548828125,16.728625729642474,14.951966399940913,15.07318898802094,11891070
2020-06-08,15.49367618560791,16.804388146794253,15.198198295082648,16.554368162691798,11560657
2020-06-15,15.683086395263672,16.130092161182816,14.959542770241246,15.152739631380756,10742593
2020-06-22,15.175469398498535,15.94825988200118,14.963330981338705,15.53155936619519,7719723
2020-06-29,15.273961067199707,15.501252092060186,14.652698532907207,15.160316304157949,8723896
2020-07-06,14.815591812133789,15.599746012967076,14.451927029825839,15.569442238116642,7682967
2020-07-13,14.660276412963867,15.03151900935529,14.47086695559635,14.948179507575514,8836036
2020-07-20,14.887564659118652,15.425487656570208,14.486016864953493,14.637544702074287,9039325
2020-07-27,14.62997055053711,15.501253120080627,14.62997055053711,14.849685272432632,10938354
2020-08-03,14.705733299255371,14.811803247458833,14.266305367140216,14.648911665022567,7399675
2020-08-10,15.14895248413086,15.607323484540428,14.720888255454872,14.736040891933115,7705876
2020-08-17,14.262516021728516,15.228503258181966,14.114777079452475,15.107280678061361,8961622
2020-08-24,14.474655151367188,14.978484043349912,14.277669385356416,14.414044607602964,6717701
2020-08-31,14.808016777038574,15.569443587416083,14.402681458976454,14.739829905467248,15034983
2020-09-07,14.622394561767578,15.205775560205117,14.527689834764379,14.895143516074869,8071517
2020-09-14,14.213269233703613,14.823168046034228,14.103411879149132,14.79665018505395,10738369
2020-09-21,13.891273498535156,14.171598748645264,13.561701434613173,14.160235021628354,9922281
2020-09-28,14.114778518676758,14.213270657311288,13.546550145607718,14.076896926894246,9790415
2020-10-05,14.205694198608398,14.421621517801125,13.895063650283582,14.213270516890049,9238684
2020-10-12,13.417753219604492,14.326917450427679,13.095757429623182,14.205694853555238,11863619
2020-10-19,13.145002365112305,13.686712878252042,12.724514445283274,13.448058099000503,10258548
2020-10-26,12.114614486694336,13.148789287067066,11.87595899411246,12.963167265942285,13321200
2020-11-02,12.686630249023438,13.523820104695051,12.122191579229204,12.175226552855042,12575234
2020-11-09,14.061742782592773,14.52011224218411,12.819217712677338,12.879828253031175,15915345
2020-11-16,14.19054126739502,14.701946487730524,13.90642708956673,14.17917753959705,12387198
2020-11-23,14.997424125671387,15.148951984230639,14.054167290307504,14.289034646746966,11462800
2020-11-30,15.319418907165527,15.622474604873318,14.592087930465349,14.99363575572315,13723929
2020-12-07,14.762557029724121,15.296691204324055,14.63754703130942,15.273962249955662,7702244
2020-12-14,14.936811447143555,15.213349262391718,14.629968364269867,14.849683053331754,9081253
2020-12-21,15.04288101196289,15.266384625627877,14.17159850728052,14.656487321983303,5280710
2020-12-28,15.160319328308105,15.59217251156592,15.06940200096173,15.213353561640089,3687508
2021-01-04,16.668012619018555,16.690743070584578,15.039093844364631,15.21335064785764,10107483
2021-01-11,17.524145126342773,17.827199348429833,16.342230512771398,16.614979462527458,12470542
2021-01-18,16.93318748474121,17.796892225428063,16.743778037640546,17.410498512070827,13113081
2021-01-25,16.71347427368164,17.152903750988788,16.183127474200187,17.05441160897523,9766458
2021-02-01,17.357463836669922,17.630212773963883,16.683167061783102,16.77408287462209,7572336
2021-02-08,17.039255142211914,17.433226653930205,16.796811480872265,17.365039795709453,8218043
2021-02-15,16.955915451049805,17.365039593156062,16.721048110029837,17.04683126095033,7391245
2021-02-22,16.93318748474121,18.137831028741708,16.766506991439382,16.925611166808267,10046051
2021-03-01,17.198360443115234,17.4408041204259,16.630133589622986,17.04683258275467,8945448
2021-03-08,17.75901222229004,17.75901222229004,17.115019199699496,17.31200646448349,8366358
2021-03-15,17.031679153442383,17.87265641617531,16.781659169695807,17.766587968006398,9137780
2021-03-22,16.289194107055664,17.039253993237555,16.137666266894698,17.039253993237555,10080174
2021-03-29,16.918031692504883,17.001371174218765,16.281616608541338,16.327074507658,7030416
2021-04-05,17.09986686706543,17.168053724031836,16.721047997475946,16.918033749711398,6741459
2021-04-12,18.834854125976562,19.016687244040646,17.054409029018068,17.115018070003497,16503825
2021-04-19,19.493999481201172,19.493999481201172,18.49391951645217,18.933348955212075,9248792
2021-04-26,20.069805145263672,20.334979284389032,19.387931999177997,19.448542545822825,8935563
2021-05-03,19.933429718017578,20.221331288843338,19.243978813529672,20.122839158931917,9483568
2021-05-10,20.3148193359375,20.32260273793723,19.271835769257105,20.081315736202274,9711895
2021-05-17,20.089096069335938,20.47826918935789,19.567603595788764,20.392650240696984,6984763
2021-05-24,20.14358139038086,20.221415404343386,19.917861210146434,20.174714995965868,4839117
2021-05-31,20.00347900390625,20.299251342045107,19.840027571492975,20.205848983780104,4109544
2021-06-07,20.19806671142578,20.322602682827025,19.85559548462299,19.933429504409258,4563115
2021-06-14,19.536474227905273,20.439355076658405,19.536474227905273,20.19806805947392,6976704
2021-06-21,19.590957641601562,19.824462791218483,19.326320422377226,19.481990008874075,5756741
2021-06-28,20.377086639404297,20.478272405578398,19.443072236454125,19.61430862092652,7487663
2021-07-05,20.19806671142578,20.532756075993163,19.941212906387882,20.40043670261329,7938485
2021-07-12,20.299253463745117,20.470488315599532,19.941213875835658,20.21363603781791,5512050
2021-07-19,20.41600227355957,20.548321638948103,19.55203854713766,20.1902820900684,8212825
2021-07-26,21.544607162475586,21.848159855570835,20.338170554021858,20.36152076118303,7843674
2021-08-02,21.373371124267578,21.879295367293572,21.163217716592523,21.684708764650498,6163464
2021-08-09,21.98826026916504,22.011610473810354,21.295532912124635,21.326668058061525,4212206
2021-08-16,22.424135208129883,22.572021386346673,21.614656778308067,21.94934460512304,5154675
2021-08-23,22.245119094848633,22.782176965558357,22.16728352739178,22.556456745445907,4857258
2021-08-30,23.0312442779541,23.30366487783727,22.190630733406557,22.245116085177727,6544082
2021-09-06,22.37743377685547,23.09351134976621,22.31516656349188,23.023460734732172,4942422
2021-09-13,22.086877822875977,23.295882681849605,22.06265920132043,22.463054035658605,10811132
2021-09-20,21.89313316345215,22.434003386015206,21.368407148623742,21.71553302068196,16660872
2021-09-27,21.46527862548828,22.11916595618308,21.0051356320459,21.81240447380253,16175708
2021-10-04,21.03742790222168,22.054586939639407,20.980919323433465,21.521789568574402,9843956
2021-10-11,21.885059356689453,21.99000363133512,20.9809175531365,21.2150262623553,9353751
2021-10-18,22.99909019470215,23.14439883938696,21.763968254624466,21.957714140699675,8540914
2021-10-25,22.78919792175293,23.217050941323773,22.660035036550983,23.007160867934854,8035082
2021-11-01,23.895158767700195,24.66206326739362,22.837636983210903,22.845708316905746,8319885
2021-11-08,24.06468391418457,24.427955511477016,23.68526811014601,23.9113039417661,6375600
2021-11-15,23.426942825317383,24.36337458527727,23.378505584815787,24.06468442782342,5434867
2021-11-22,22.49051284790039,23.685270492923028,22.40171277301922,23.53996183938776,8421930
2021-11-29,23.30585289001465,23.612614382280356,22.401711080624953,22.442073908116196,11386596
2021-12-06,24.815444946289062,24.92846209567756,23.3381429717748,23.44308878741542,8978981
2021-12-13,25.461261749267578,25.9859846846012,24.75086425768455,24.984972976880364,10409456
2021-12-20,25.703439712524414,25.94561974602427,24.76700799136843,24.904243754283176,5408263
2021-12-27,26.04249382019043,26.325039787885675,25.57427945123218,25.671150858691384,4256757
2022-01-03,26.777109146118164,26.777109146118164,25.68729731361474,26.058640285335816,8290765
2022-01-10,26.074785232543945,27.035437208357884,25.897188166017155,26.962782883123946,7531184
2022-01-17,25.751876831054688,26.728672971476442,25.671149635522966,26.17165547628189,7657037
2022-01-24,25.550060272216797,26.115147576052248,24.686282799119883,25.671150298771305,8440794
2022-01-31,26.12322235107422,26.70445695016925,25.646933572257236,25.881042294613458,7173526
2022-02-07,26.179731369018555,26.906274630119178,25.61464250810547,26.23623994716121,5895659
2022-02-14,26.284677505493164,26.63180339222855,25.348244128844,25.83260579545749,6584541
2022-02-21,25.622713088989258,26.478417638018204,23.709486778630183,26.365400491847346,12136990
2022-02-28,20.39968490600586,25.509696839502762,20.318957710299138,25.02533520500563,17234394
2022-03-07,22.01422119140625,23.281632998231537,18.47031000840735,19.374451768420602,19914969
2022-03-14,24.024320602416992,24.44410076419918,22.280620050122,22.58738152850554,13810464
2022-03-21,22.377492904663086,23.927449223151214,22.304838581941517,23.887086394858432,8571123
2022-03-28,23.830575942993164,23.951665958080397,22.361346936517105,22.377491142717144,7600172
2022-04-04,22.143386840820312,24.137340529615887,21.780115208973033,24.024323372927082,11062166
2022-04-11,22.58738136291504,23.071742966055652,21.860839728075664,22.522799918479162,6495672
2022-04-18,23.11210823059082,23.862868563729776,22.014223559314246,22.587383746703964,6845641
2022-04-25,22.52280044555664,23.483450801296588,21.731677347767565,22.86185342171526,9520987
2022-05-02,21.198881149291992,22.474365928675077,20.52884803492765,22.31291153543946,7583535
2022-05-09,20.97284507751465,21.51371528727703,19.802306128449597,21.102007974794336,12309529
2022-05-16,20.88404655456543,21.594442489827905,20.06063192934017,20.859827933914147,10665495
2022-05-23,21.44106101989746,21.59444253821286,20.55306494402231,21.158516603972206,7462237
2022-05-30,21.44106101989746,21.941568402943044,20.92440942945804,21.602515411781376,10635031
2022-06-06,20.3835391998291,21.796259738431118,20.238230555213985,21.602515392192025,7607148
2022-06-13,18.760929107666016,20.13328685769153,18.171623178431684,20.13328685769153,13286351
2022-06-20,19.30179786682129,19.30179786682129,18.518747645290222,18.914309192645696,8958582
2022-06-27,19.067691802978516,20.02026779698118,18.35729431962018,19.309871853366054,11506223
2022-07-04,19.703243255615234,20.38615365104784,18.725245997154666,20.318705730611104,10480992
2022-07-11,19.231103897094727,19.80441195606321,18.834847613083017,19.425018052158826,6434760
2022-07-18,20.04047966003418,20.773975476732556,19.28169027417603,19.38286133464511,8019524
2022-07-25,20.546342849731445,20.63908273430648,19.09621016341535,19.964603537009634,9227968
2022-08-01,20.225963592529297,20.917305156999298,19.92244715619214,20.62221991145875,11324057
2022-08-08,21.558061599731445,21.99647388108266,20.29341190143119,20.681238645114263,9812026
2022-08-15,20.343996047973633,21.709818336300277,20.276548132999796,21.667663992473557,7491105
2022-08-22,19.062484741210938,20.268117570113212,18.986605639525823,20.268117570113212,7374062
2022-08-29,18.716814041137695,19.349138818093902,18.354280911722526,18.80112272493047,9659695
2022-09-05,19.129932403564453,19.2395346556337,17.91586840051294,18.236245574941165,7779327
2022-09-12,18.227815628051758,19.8465670636679,18.008609520218997,19.306982179739183,12421725
2022-09-19,17.460594177246094,18.328987455220012,17.28354401048296,18.20252282066276,10029729
2022-09-26,16.617494583129883,17.51118143736471,15.871352751710791,17.216096215988497,13392564
2022-10-03,16.727100372314453,17.764112753496526,16.36035240493743,16.58377334017736,10145457
2022-10-10,17.098064422607422,17.469027174609842,15.968310568588135,16.642789761397303,11348042
2022-10-17,18.210954666137695,18.303694543838752,17.072769697988125,17.249819871123435,10762893
2022-10-24,19.113069534301758,19.45030907982156,18.286832245756987,18.43015925361353,10381084
2022-10-31,19.627363204956055,19.854998920484515,18.691521946601167,19.180519748390573,8881308
2022-11-07,19.888721466064453,20.65594204182842,19.45030924903218,19.69480892671422,12937441
2022-11-14,20.925735473632812,21.04376892368415,19.888723170248532,20.141652451240013,11795684
2022-11-21,21.12807846069336,21.313561427633605,20.757115742983054,20.824563656029028,8181068
2022-11-28,21.060630798339844,21.1533722829139,20.436737193216885,21.077493178823328,10541319
2022-12-05,21.271406173706055,21.271406173706055,20.58006464031755,21.077493618357597,7121250
2022-12-12,20.428306579589844,21.52433722067657,20.192239678498208,21.161804070474236,15508173
2022-12-19,20.175376892089844,20.605357949403814,19.79598136855248,20.49575408345519,7518874
2022-12-26,20.23439598083496,20.5294812438392,20.04891459658802,20.175379249851176,3804517
2023-01-02,22.367435455322266,22.51919204941413,20.512615485736735,20.546340245369404,9424511
2023-01-09,22.645660400390625,23.041916714492896,22.20724813281884,22.342143967750896,9386477
2023-01-16,22.46860694885254,23.21896678421598,22.32527993383571,22.780554549095665,8956315
2023-01-23,23.362293243408203,23.556207407578054,22.519193495472834,22.595072601433827,7769365
2023-01-30,23.657377243041992,23.682670813071617,22.80584634906541,23.36229202503663,9737170
2023-02-06,23.353862762451172,23.9103084460312,23.05034635028567,23.55620650119981,8210649
2023-02-13,23.986188888549805,24.390876388646323,23.328570494829076,23.379156030319848,7506524
2023-02-20,23.893447875976562,24.42460002942181,23.53934590431799,24.07892924852716,7503847
2023-02-27,23.901878356933594,24.348720197555128,22.831141282991318,23.944032701416134,11017904
2023-03-06,23.17681312561035,24.23068786727007,22.99976294089243,24.078929647177432,7840502
2023-03-13,22.257831573486328,23.261120658415784,22.055487840137413,23.20210393719965,15627928
2023-03-20,22.03862762451172,23.075641570875746,21.718250417269758,22.173523459990985,8779853
2023-03-27,23.944032669067383,24.13794522636136,22.240970781676857,22.3084186976089,8596927
2023-04-03,24.163238525390625,24.340290307768935,23.733257463140607,24.019911504640618,6521515
2023-04-10,24.47518539428711,24.94732078613871,24.163237791046264,24.163237791046264,6400748
2023-04-17,24.78713035583496,24.95575093565028,24.28127022447404,24.449890804289353,8228486
2023-04-24,24.18853187561035,24.829287867927494,23.817567541514084,24.711252811392015,8682310
2023-05-01,23.893447875976562,24.44146241094965,23.2189686957151,24.188533120372906,7556973
2023-05-08,24.32604217529297,24.905444234208,23.685190488569667,24.879107244213827,7899702
2023-05-15,24.808876037597656,24.870327337579916,24.211917681617415,24.422608570594733,6736217
2023-05-22,23.667631149291992,24.975673112768487,23.448161268422048,24.79131754213813,7585888
2023-05-29,24.54551124572754,24.65085752774998,23.737863672718976,23.87832426580067,8618909
2023-06-05,25.282930374145508,25.282930374145508,24.52795509963582,24.756203983601843,6743569
2023-06-12,25.748207092285156,25.818437389193054,25.177585720605688,25.423390922572153,10180984
2023-06-19,24.738643646240234,25.72186771153515,24.668413355862025,25.669195412357045,6165109
2023-06-26,25.414613723754883,25.511179335957294,24.554290489435466,24.79131837055681,6077600
2023-07-03,25.037124633789062,25.80965788456415,24.70352947422853,25.50239971373387,6521248
2023-07-10,25.871109008789062,26.1169158786745,24.8703268857239,25.019566472007504,5588208
2023-07-17,26.073020935058594,26.099356247534736,25.326823050494145,25.7306468030689,5553232
2023-07-24,26.090579986572266,26.45051047313124,25.78332347933098,25.915005078780446,5650090
2023-07-31,24.431386947631836,26.169587993450154,24.10657078884487,26.055464392722048,9274152
2023-08-07,24.642078399658203,24.940557576966903,23.939775438003817,24.352378218672975,7857406
2023-08-14,24.2206974029541,24.73864648176872,23.974890521245037,24.615743878125382,5578525
2023-08-21,24.633298873901367,24.96689402933413,24.115349822904946,24.141686811309313,5337663
2023-08-28,25.133689880371094,25.370717752250663,24.773759411704624,24.870326694564216,8749873
2023-09-04,25.239036560058594,25.34438284070727,24.18558045126113,25.168806264433584,6377626
2023-09-11,25.958898544311523,26.037907839344104,24.756204474455423,25.37071916708144,8628655
2023-09-18,25.037124633789062,26.037906763626008,24.86154805776538,25.844773869537814,6171798
2023-09-25,24.080236434936523,25.14246989158947,23.88710186141972,24.949336992495034,7943446
2023-10-02,23.246248245239258,24.31726228323892,22.772194196398246,24.19435801734351,9342429
2023-10-09,23.08823013305664,24.05389791596802,23.01799984017703,23.21113440141266,8400904
2023-10-16,22.227909088134766,23.193576891093734,22.03477619731189,22.56150424205517,12557629
2023-10-23,22.464937210083008,22.710744080218387,21.824085557799215,22.21035134375469,7549183
2023-10-30,23.57106590270996,23.878324075536288,22.280581911723857,22.579061088249738,8075574
2023-11-06,23.729084014892578,23.729084014892578,22.88631880547243,23.597400747429653,9217914
2023-11-13,24.642078399658203,24.738645684794058,23.483277675717297,23.693968564213613,7596617
2023-11-20,24.773759841918945,24.89666411526247,24.36115706381041,24.64207824672876,5166651
2023-11-27,25.423391342163086,25.572630934858232,24.76498166987668,24.817655649243708,6364409
2023-12-04,25.94133949279785,26.02912778085513,25.318045828993583,25.4585064201163,7646065
2023-12-11,26.09935760498047,26.459288072533752,25.56385223890638,25.93256170254905,9644765
2023-12-18,25.511178970336914,26.029128033028258,25.388276370519424,25.915004429543778,5268445
2023-12-25,25.07223892211914,25.607745971536666,24.993229630420743,25.511178687366996,3152118
2024-01-01,25.326824188232422,25.34438218028673,24.74742384581845,25.072238326711773,5722285
2024-01-08,25.677976608276367,25.721869915615592,25.054682937063152,25.326825126295518,5454738
2024-01-15,25.09857749938965,25.66919889544372,24.756204996641692,25.46728699251146,6744500
2024-01-22,26.11691665649414,26.178367957190076,25.221479112124403,25.247816101460817,8518869
2024-01-29,26.35394287109375,26.74020864373965,26.081799021756826,26.47684546471542,8203000
2024-02-05,25.75698471069336,26.582191911029046,25.70431240943601,26.274933750587028,7881937
2024-02-12,25.66919708251953,26.178367139496167,25.58140879522929,25.941339266139202,9602064
2024-02-19,26.50318145751953,26.95090018459221,25.41461112430098,25.68675328900007,7206615
2024-02-26,25.467287063598633,26.3890599617649,25.08979857263185,26.362724645739966,11149509
2024-03-04,25.651639938354492,25.879888823087303,25.124913546041327,25.58140964108458,8341505
2024-03-11,25.677976608276367,25.915004486521816,25.107355240754693,25.5199580227794,11404822
2024-03-18,26.020349502563477,26.020349502563477,25.20392124762175,25.66919801506767,5576563
2024-03-25,26.45050811767578,26.827996563724767,25.8447724792654,26.02034737142203,5693467
2024-04-01,25.598966598510742,26.6348646971559,25.598966598510742,26.353943519439717,7746851
2024-04-08,24.97567367553711,25.76576492958731,24.8615483972367,25.66041864765019,9377676
2024-04-15,25.282930374145508,25.36193966761153,24.07145733170378,24.975673871135825,10703798
2024-04-22,25.493621826171875,25.78332199808645,25.098575376096413,25.370717555913796,6726165
2024-04-29,25.800878524780273,26.318827574887557,25.45850604822276,25.634082621772528,6780823
2024-05-06,26.81273078918457,27.48144554477382,26.473792192020795,27.04174283539102,7931647
2024-05-13,28.049396514892578,28.22344441403623,26.528754902922355,26.8768541956562,9986920
2024-05-20,28.08603858947754,28.49826099182953,27.8020641274258,28.049397568836994,7549297
2024-05-27,28.1226806640625,28.9013202425183,27.902827556745688,28.168482375539913,10802035
2024-06-03,28.342531204223633,28.947122863796153,28.021913991487118,28.370011531425774,6682991
2024-06-10,25.576066970825195,28.1135210189408,25.099721465944064,28.021915845352375,17389889
2024-06-17,26.336387634277344,26.794411767047386,25.063081104288123,25.585228336090225,15553872
2024-06-24,25.576066970825195,26.867694851474266,25.493622489317946,26.29058522814689,10503776
2024-07-01,27.00510025024414,27.224951606408375,25.685992113258735,26.711965108691828,9474673
2024-07-08,26.41883087158203,27.435644957472366,26.125695719994305,26.85853359896362,8208034
2024-07-15,26.492115020751953,26.776089484322206,25.942485730418007,26.281424346078,7186993
2024-07-22,26.473793029785156,26.80357094586972,25.8050782530344,26.611199912412623,6918904
2024-07-29,25.933324813842773,26.959299596730297,25.685993120474023,26.56539857961476,10267845
2024-08-05,25.466140747070312,25.7501169636412,24.247796639868373,25.557745921860167,10357126
2024-08-12,26.01576805114746,26.0798911444101,25.347053296803846,25.47529948332913,5609784
2024-08-19,27.032583236694336,27.032583236694336,26.079892247294893,26.079892247294893,5064918
2024-08-26,27.426483154296875,27.591372107189716,26.876853893728487,26.93181629561835,5519251
2024-09-02,27.115026473999023,27.76541984304922,26.821891335991992,27.389840229074807,5670146
2024-09-09,27.279916763305664,27.646335703777794,26.72112678707109,27.115027803287376,6467054
2024-09-16,27.64633560180664,27.9944331571654,27.270755970805087,27.28907735456695,9167055
2024-09-23,27.536407470703125,27.682975037964127,26.968458584372552,27.646334019760488,7104754
2024-09-30,26.92265510559082,27.37151849836378,26.26310105345523,27.115026129478217,8618599
2024-10-07,27.298236846923828,27.353200999312186,26.40967068332562,27.03258376594018,5865366
2024-10-14,28.00359344482422,28.42497652914791,27.096705928382537,27.444803478716633,14209075
2024-10-21,26.66616439819336,28.09519914047092,26.611200246673327,28.0035939684942,7740680
2024-10-28,26.831052780151367,27.499767550892322,26.50127486703055,26.9318168946535,7527177
2024-11-04,26.03409194946289,27.38068227975077,25.805079881556715,26.721128153181414,9365760
2024-11-11,26.1806583404541,26.602041434761038,25.557745264571103,26.22646005305942,9685419
2024-11-18,25.502782821655273,26.519596914419182,25.26461007257439,26.336386569826704,8375289
2024-11-25,25.255449295043945,25.869201675958696,24.31192074109286,25.667671695368526,12216767
2024-12-02,25.87836265563965,26.07989263847077,24.76994512923344,24.779104074032873,9157366
2024-12-09,25.521102905273438,26.125694565512337,25.521102905273438,25.979126996195223,7337209
2024-12-16,24.550090789794922,25.521103129064524,24.110388077987892,25.42033726906669,12600653
2024-12-23,24.6783390045166,24.70581933230182,24.412684187770907,24.495128665573137,2601756
2024-12-30,24.476806640625,25.090558988607082,24.421844239272,24.660016974765984,3999705
2025-01-06,24.24779510498047,25.145523664426683,24.183672010853584,24.57757301445962,8398193
2025-01-13,25.118043899536133,25.23712940712012,23.98214424236259,24.05542803485045,10643384
2025-01-20,24.6783390045166,25.47529996030712,24.614215910053375,25.191325507445704,8936672
2025-01-27,25.23712921142578,25.59438922585433,24.55925369936362,24.55925369936362,10750163
2025-02-03,25.44782066345215,25.731795127817804,24.687500696314626,24.724141717253733,10663667
2025-02-10,25.31041145324707,25.612707294804693,24.53177186699671,25.47530041177365,12283072
2025-02-17,25.163843154907227,25.45698004342844,24.83406699455866,25.2004859211811,9498356
2025-02-24,26.345548629760742,26.345548629760742,25.255450692001613,25.264611384429237,15808633
2025-03-03,28.186803817749023,28.186803817749023,26.09821327167398,26.3913484190761,18201740
2025-03-10,28.021915435791016,28.44329678202627,27.55473062981932,28.3700129936713,16431457
2025-03-17,28.736433029174805,29.249419535993788,28.305889253559915,28.333371328776813,14644462
2025-03-24,29.450950622558594,29.570034370918577,28.77307342632912,29.01124616471886,11648934
2025-03-31,28.186803817749023,29.954777141144262,28.040236244047964,29.35018546282157,16106339
2025-04-07,27.234111785888672,28.17764203383888,24.91651102455512,25.28292994460556,23868795
2025-04-14,28.388334274291992,28.479939446208288,26.922656765301213,27.334879165312888,8555568
2025-04-21,28.91048240661621,29.084532064096344,28.223446216125748,28.3883351813992,6823238
2025-04-28,29.533395767211914,29.899812953790303,28.947123725905918,28.98376474567444,6663087
2025-05-05,29.203617095947266,29.86317119914894,28.77307505253798,29.533396768383138,10574453
2025-05-12,29.117385864257812,29.71142350936128,28.45628166342861,29.49105544241821,12165097
2025-05-19,29.098224639892578,30.037185655334696,28.71497360483538,29.280266871320737,9127474
2025-05-26,29.011993408203125,29.414405533981533,28.609581282424713,29.32817423363785,14415614
2025-06-02,28.791624069213867,29.280267504754107,28.638324382865136,29.050317975231007,8545477
2025-06-09,28.93534278869629,29.423984374206853,28.628741602673596,28.810785657114124,8970269
2025-06-16,28.188005447387695,29.280266117751253,28.025124309923275,28.916179836788842,12308336
2025-06-23,29.299428939819336,29.481472993450392,27.890987457456067,27.9388929217123,9260485
2025-06-30,29.203617095947266,29.567705214580947,28.887436270542427,29.47189245559964,8422678
2025-07-07,29.510215759277344,29.778491112534898,28.6862304376226,29.251523691913505,8576735
2025-07-14,29.002410888671875,29.759327819307924,28.619161694205754,29.328173160837153,8798991
2025-07-21,29.42398452758789,29.86472247840301,29.0503167858462,29.088642619602442,8516438
2025-07-28,28.06344985961914,29.76890922908266,27.948474187728554,29.730585223436666,8698968
2025-08-04,28.695812225341797,29.03115413641657,28.015543289712213,28.082611671927165,6289839
2025-08-11,29.558122634887695,29.65393539023512,28.552091444954193,28.829948252714097,5797972
2025-08-18,29.098224639892578,29.682678996149697,28.820367822223744,29.586866237385397,5208956
2025-08-25,27.028675079345703,29.040735689744277,26.846632849161242,29.040735689744277,11909009
2025-09-01,27.229881286621094,27.364018047708093,26.28133884577093,27.019094686702047,9171465
2025-09-08,27.91973114013672,28.053869734965144,27.22988255842805,27.22988255842805,6814028
2025-09-15,27.59396743774414,28.216749431311207,27.18197569808271,28.05386829610504,8562766
2025-09-22,27.80475616455078,28.168842444398607,27.41192550965853,27.54606227157989,5615868
2025-09-29,27.938894271850586,28.073031040231207,27.42150828847075,27.84308151123168,6735180
2025-10-06,27.60354995727539,27.996380623027203,26.53045217728677,27.402344808831163,8765418
2025-10-13,28.71497344970703,28.71497344970703,27.4598316163569,27.67061822251852,10422177
2025-10-20,28.3604679107666,28.839529862544836,27.919729964842944,28.724554190028478,6715291
2025-10-27,27.45025062561035,28.360469103251884,27.411926618144353,28.350887644516284,7082329
2025-11-03,27.632293701171875,28.64790453373205,27.05741898987272,27.440668188246715,7618064
2025-11-10,27.852663040161133,28.446700695512725,27.574808043890847,27.795176114635627,7064513
2025-11-17,27.30653190612793,27.938893551440152,26.68375171937818,27.776012410830862,9300321
2025-11-24,28.06344985961914,28.283817917643432,27.335275477582236,27.546062077325956,8555954
2025-12-01,28.092193603515625,28.51376864843552,27.862244077416513,28.034706678859944,7230161
2025-12-08,27.91973114013672,28.302982179673485,27.58438922175664,28.02512535875697,7683889
2025-12-15,28.245492935180664,28.485023916979976,27.680199671936176,27.996380494812215,10034716
2025-12-22,28.053869247436523,28.283818770676614,27.689781131699107,28.092193254238357,2668532
2025-12-29,28.87785530090332,28.925762594943404,28.073031035793978,28.255075098193483,3647550
2026-01-05,29.1844539642334,29.596447545592568,28.523349769820015,29.002411733730426,7836309
2026-01-12,28.57125473022461,29.18445344839923,28.207168448177512,29.11738506703342,7664823
2026-01-19,28.983247756958008,28.983247756958008,27.574806292445235,28.456280346912926,8076199
2026-01-26,30.305458068847656,30.592896334536135,29.184453035858105,29.184453035858105,7819743
2026-02-02,30.679128646850586,30.985728011751117,30.018022624111083,30.31504053042393,8963838
2026-02-09,32.04924774169922,32.26961581767775,30.573735940848596,30.8036873033648,8964831
2026-02-16,33.00736999511719,33.09360129469037,32.030083151605325,32.15464028542275,8880437
2026-02-23,34.45413589477539,34.45413589477539,32.95946489233604,33.11276457604656,11126974
2026-03-02,31.35939598083496,33.96549425585362,30.97614859947812,33.725963271898316,12215678
2026-03-09,31.54143714904785,32.04924530327395,30.20964733544293,30.59289653135016,11514941
2026-03-16,29.79765510559082,32.09715221200002,29.673097969142546,31.455210922137365,13063615
2026-03-23,30.54499053955078,31.19651694153367,28.86827363706111,29.19403592431436,11217697
2026-03-30,32.0588264465332,32.08757265036231,30.51624813179958,30.554572139460113,8711790
2026-04-06,33.630149841308594,33.64931275927803,31.98217910041848,32.058827117343355,7906193
2026-04-13,34.06130599975586,34.1667002200021,32.988208189431376,33.28522793240234,10084590
2026-04-20,34.07088851928711,34.281673300082645,33.486432332859756,33.917588835548194,5625998
2026-04-27,34.43497085571289,34.59785381553012,33.218153092193724,34.05172349752697,7598962
2026-05-04,34.31999969482422,35.07691849467912,33.65889548321522,34.36790516147076,9854743
2026-05-11,33.619998931884766,34.91999816894531,33.619998931884766,34.08000183105469,7420597
2026-05-18,34.689998626708984,34.810001373291016,33.15999984741211,33.599998474121094,7576452
2026-05-25,34.72999954223633,35.439998626708984,34.470001220703125,34.900001525878906,9551320
2026-06-01,34.880001068115234,35.209999084472656,34.04999923706055,34.540000915527344,8587747
2026-06-08,35.459999084472656,35.650001525878906,34.130001068115234,34.70000076293945,7765961
2026-06-15,36.08000183105469,36.119998931884766,35.5,35.709999084472656,10966383
2026-06-22,36.22999954223633,36.380001068115234,34.90999984741211,36.04999923706055,9411125
2026-06-29,37.5099983215332,37.619998931884766,35.63999938964844,36.2400016784668,10196722
2026-07-06,36.279998779296875,37.619998931884766,36.220001220703125,37.5099983215332,8928101
2026-07-13,37.5099983215332,37.65999984741211,36.22999954223633,36.22999954223633,7408747
2026-07-20,36.59000015258789,37.56999969482422,36.40999984741211,37.36000061035156,7026183
2026-07-27,34.470001220703125,37.060001373291016,34.470001220703125,36.95000076293945,10267204
2026-08-03,35.189998626708984,35.630001068115234,34.15999984741211,34.560001373291016,7893182
2026-08-10,34.029998779296875,35.220001220703125,33.75,35.220001220703125,5656551
2026-08-17,34.09000015258789,34.59000015258789,33.709999084472656,34.15999984741211,6319591
2026-08-24,32.849998474121094,34.25,32.459999084472656,34.11000061035156,6535875
2026-08-31,31.899999618530273,33.029998779296875,31.540000915527344,32.84000015258789,8479087
2026-09-07,31.440000534057617,32.61000061035156,31.25,31.8700008392334,8053180
2026-09-14,31.739999771118164,32.290000915527344,31.06999969482422,31.399999618530273,9534631
2026-09-21,31.360000610351562,31.81999969482422,31.030000686645508,31.739999771118164,5529640
2026-09-28,30.729999542236328,31.579999923706055,30.059999465942383,31.459999084472656,9181756
